bootstrap_seed,replicate,replicate_global,target_id,official_label,bootstrap_label,same_official,top_score,margin
20260919,0,0,A,OR,OR,True,0.6462599639164145,0.3634088167217179
20260919,0,0,B,B,B,True,0.5268937728937729,0.11956532356532357
20260919,0,0,C,OR,OR,True,0.5802222222222222,0.19755555555555554
20260919,0,0,D,OR,B,False,0.47374143571489113,0.02335324180015258
20260919,0,0,E,B,OR,False,0.5559999999999999,0.15799999999999997
20260919,0,0,F,OR,OR,True,0.5783201569439987,0.22330698055466425
20260919,0,0,G,B,B,True,0.5244444444444445,0.11377777777777781
20260919,0,0,H,OR,OR,True,0.7295086696241636,0.5333981224691364
20260919,0,0,I,B,OR,False,0.5004444444444445,0.043777777777777804
20260919,0,0,J,B,OR,False,0.5502222222222223,0.13177777777777783
20260919,0,0,K,OR,OR,True,0.6795221207999347,0.48297515697119936
20260919,0,0,L,B,B,True,0.5136456429143528,0.0892912858287056
20260919,0,0,M,OR,OR,True,0.6823656097409846,0.48843991263107694
20260919,0,0,N,OR,OR,True,0.6005343383711804,0.24840201007569424
20260919,0,0,O,B,B,True,0.5473333333333333,0.16666666666666669
20260919,0,0,P,B,B,True,0.5976233833375709,0.27245047037884557
20260919,1,1,A,OR,OR,True,0.49535235048914744,0.10070470097829493
20260919,1,1,B,B,B,True,0.6253714772243508,0.41918246062154113
20260919,1,1,C,OR,B,False,0.6920000000000001,0.4884444444444445
20260919,1,1,D,OR,B,False,0.6336481481481482,0.38062962962962965
20260919,1,1,E,B,B,True,0.6571111111111112,0.4271111111111112
20260919,1,1,F,OR,B,False,0.4659497440021291,0.02989948800425818
20260919,1,1,G,B,B,True,0.579353086419753,0.4029086419753086
20260919,1,1,H,OR,OR,True,0.632316880296921,0.38433252602594087
20260919,1,1,I,B,B,True,0.7415555555555555,0.5677777777777777
20260919,1,1,J,B,B,True,0.7017777777777778,0.4973333333333334
20260919,1,1,K,OR,OR,True,0.6699811202442781,0.500628907155223
20260919,1,1,L,B,B,True,0.6152658501871232,0.37752923123844384
20260919,1,1,M,OR,OR,True,0.5657688218214535,0.3390931991984625
20260919,1,1,N,OR,B,False,0.5833145680246453,0.2576612348147227
20260919,1,1,O,B,B,True,0.5711392212725546,0.35136144349477677
20260919,1,1,P,B,B,True,0.6861111111111112,0.4877777777777779
20260919,2,2,A,OR,OR,True,0.5021558265582656,0.23759611176325673
20260919,2,2,B,B,OR,False,0.3493944595001505,0.0026819671286433255
20260919,2,2,C,OR,B,False,0.44222222222222224,0.05688888888888888
20260919,2,2,D,OR,B,False,0.4519717516307665,0.1462809958343197
20260919,2,2,E,B,B,True,0.49133333333333334,0.13555555555555554
20260919,2,2,F,OR,OR,True,0.4840206263173743,0.19904541187420188
20260919,2,2,G,B,B,True,0.3333044827358553,0.05361312471116392
20260919,2,2,H,OR,OR,True,0.5147499326455253,0.2166346622949608
20260919,2,2,I,B,B,True,0.5208888888888888,0.1771111111111111
20260919,2,2,J,B,B,True,0.4742222222222222,0.11133333333333334
20260919,2,2,K,OR,OR,True,0.5026858677105289,0.1983823972763395
20260919,2,2,L,B,OR,False,0.38214754591990363,0.051299251079260644
20260919,2,2,M,OR,OR,True,0.44933166664025315,0.10304360079663172
20260919,2,2,N,OR,OR,True,0.4171421860885276,0.10113048031728095
20260919,2,2,O,B,B,True,0.3569740099866834,0.11539662365726452
20260919,2,2,P,B,B,True,0.5235536546720191,0.260555913027936
20260919,3,3,A,OR,OR,True,0.6609587542087542,0.4123619528619528
20260919,3,3,B,B,B,True,0.5625242532855436,0.24645017921146944
20260919,3,3,C,OR,OR,True,0.5108888888888888,0.18844444444444436
20260919,3,3,D,OR,B,False,0.4086666666666667,0.10355555555555562
20260919,3,3,E,B,OR,False,0.4988888888888889,0.12311111111111112
20260919,3,3,F,OR,OR,True,0.6074651274651275,0.3513746993746994
20260919,3,3,G,B,B,True,0.5607636798088411,0.26409701314217443
20260919,3,3,H,OR,OR,True,0.7083261784511784,0.53288449549256
20260919,3,3,I,B,B,True,0.3848888888888889,0.010888888888888892
20260919,3,3,J,B,OR,False,0.4613333333333333,0.08888888888888885
20260919,3,3,K,OR,OR,True,0.6930976430976431,0.5374730639730639
20260919,3,3,L,B,B,True,0.5362722276528729,0.17980084718149236
20260919,3,3,M,OR,OR,True,0.6663754208754208,0.4893619528619527
20260919,3,3,N,OR,OR,True,0.5442087542087541,0.18870806994677958
20260919,3,3,O,B,B,True,0.5703732377538829,0.2766695340501792
20260919,3,3,P,B,B,True,0.5144444444444445,0.24755555555555564
20260919,4,4,A,OR,OR,True,0.8604444444444445,0.7782222222222223
20260919,4,4,B,B,OR,False,0.6517777777777778,0.3808888888888889
20260919,4,4,C,OR,B,False,0.4953333333333333,0.04333333333333328
20260919,4,4,D,OR,B,False,0.5738458049886621,0.21940136054421766
20260919,4,4,E,B,OR,False,0.506,0.13177777777777777
20260919,4,4,F,OR,OR,True,0.6124377104377104,0.29369628255342545
20260919,4,4,G,B,OR,False,0.6202222222222222,0.33044444444444443
20260919,4,4,H,OR,OR,True,0.8546666666666667,0.768
20260919,4,4,I,B,B,True,0.5966666666666666,0.2244444444444444
20260919,4,4,J,B,B,True,0.5473333333333333,0.13999999999999996
20260919,4,4,K,OR,OR,True,0.8004444444444444,0.7028888888888889
20260919,4,4,L,B,OR,False,0.6531111111111111,0.38288888888888883
20260919,4,4,M,OR,OR,True,0.7946666666666666,0.6948888888888889
20260919,4,4,N,OR,OR,True,0.5495555555555556,0.1737777777777778
20260919,4,4,O,B,OR,False,0.7177777777777778,0.5235555555555557
20260919,4,4,P,B,B,True,0.5962902494331066,0.2714013605442177
20260919,5,5,A,OR,OR,True,0.716111111111111,0.4802222222222221
20260919,5,5,B,B,B,True,0.5925308439918369,0.2609335030611626
20260919,5,5,C,OR,B,False,0.5062222222222222,0.07600000000000001
20260919,5,5,D,OR,B,False,0.5862222222222222,0.23533333333333328
20260919,5,5,E,B,B,True,0.5208888888888888,0.0948888888888888
20260919,5,5,F,OR,OR,True,0.6698888888888888,0.38466666666666655
20260919,5,5,G,B,B,True,0.5796561395001111,0.2476143541249924
20260919,5,5,H,OR,OR,True,0.8048592592592592,0.6596397163120566
20260919,5,5,I,B,B,True,0.5664531590413944,0.2264531590413944
20260919,5,5,J,B,B,True,0.5602222222222222,0.17533333333333329
20260919,5,5,K,OR,OR,True,0.785283950617284,0.6637037037037037
20260919,5,5,L,B,B,True,0.5798667515305813,0.22602743529126507
20260919,5,5,M,OR,OR,True,0.7340148148148148,0.5878666666666666
20260919,5,5,N,OR,OR,True,0.5369851851851852,0.12473331900565948
20260919,5,5,O,B,B,True,0.5875408256046554,0.2675237315875614
20260919,5,5,P,B,B,True,0.6302222222222222,0.3211111111111111
20260919,6,6,A,OR,OR,True,0.6706666666666667,0.45155555555555565
20260919,6,6,B,B,B,True,0.487962962962963,0.12448148148148153
20260919,6,6,C,OR,OR,True,0.4617777777777778,0.010888888888888892
20260919,6,6,D,OR,B,False,0.4551851851851852,0.05392592592592599
20260919,6,6,E,B,B,True,0.44666666666666666,0.064
20260919,6,6,F,OR,OR,True,0.6554131054131054,0.4288262108262108
20260919,6,6,G,B,B,True,0.4823185185185185,0.13767407407407406
20260919,6,6,H,OR,OR,True,0.7186666666666667,0.5653333333333334
20260919,6,6,I,B,B,True,0.5631111111111111,0.20244444444444443
20260919,6,6,J,B,B,True,0.4895555555555556,0.06488888888888888
20260919,6,6,K,OR,OR,True,0.7077777777777778,0.5655555555555556
20260919,6,6,L,B,B,True,0.44544159544159545,0.03666096866096863
20260919,6,6,M,OR,OR,True,0.7306666666666667,0.604
20260919,6,6,N,OR,OR,True,0.4981481481481482,0.13471786492374732
20260919,6,6,O,B,B,True,0.4986851851851852,0.1589814814814815
20260919,6,6,P,B,B,True,0.5563703703703703,0.26762962962962955
20260919,7,7,A,OR,OR,True,0.6294009562481323,0.28791302360737575
20260919,7,7,B,B,B,True,0.6507901234567901,0.34358024691358025
20260919,7,7,C,OR,B,False,0.4917777777777778,0.026666666666666727
20260919,7,7,D,OR,B,False,0.5519,0.17779999999999996
20260919,7,7,E,B,OR,False,0.5004444444444445,0.038000000000000034
20260919,7,7,F,OR,OR,True,0.5397572948343851,0.11795903411321457
20260919,7,7,G,B,B,True,0.6202222222222222,0.28977777777777775
20260919,7,7,H,OR,OR,True,0.8431364154318058,0.7178283864191672
20260919,7,7,I,B,B,True,0.6086666666666666,0.2744444444444443
20260919,7,7,J,B,B,True,0.5711111111111111,0.18288888888888893
20260919,7,7,K,OR,OR,True,0.8358505148183305,0.7261454740811054
20260919,7,7,L,B,B,True,0.6457382716049384,0.3334765432098766
20260919,7,7,M,OR,OR,True,0.8394285186942995,0.7330792596108211
20260919,7,7,N,OR,OR,True,0.4983512219702696,0.050035777273872484
20260919,7,7,O,B,B,True,0.6408888888888888,0.32599999999999996
20260919,7,7,P,B,B,True,0.5834944444444444,0.23876666666666663
20260919,8,8,A,OR,OR,True,0.7507264550264551,0.5516751322751323
20260919,8,8,B,B,OR,False,0.596078055570269,0.2974192220894729
20260919,8,8,C,OR,OR,True,0.551111111111111,0.16311111111111098
20260919,8,8,D,OR,OR,True,0.7662756613756614,0.5667735449735449
20260919,8,8,E,B,OR,False,0.48288888888888887,0.029333333333333267
20260919,8,8,F,OR,OR,True,0.8035116402116402,0.632578835978836
20260919,8,8,G,B,OR,False,0.5045976658368204,0.1495130757998141
20260919,8,8,H,OR,OR,True,0.7207244845831052,0.509086302175191
20260919,8,8,I,B,OR,False,0.4868888888888889,0.02133333333333337
20260919,8,8,J,B,OR,False,0.5102222222222222,0.07577777777777778
20260919,8,8,K,OR,OR,True,0.6628730158730158,0.44496825396825396
20260919,8,8,L,B,OR,False,0.6485938920964505,0.3835971174451461
20260919,8,8,M,OR,OR,True,0.6633333333333333,0.4438888888888889
20260919,8,8,N,OR,OR,True,0.5722488232074439,0.2063572016460905
20260919,8,8,O,B,OR,False,0.42983512544802865,0.08630399575202441
20260919,8,8,P,B,OR,False,0.732726984126984,0.4972317460317459
20260919,9,9,A,OR,OR,True,0.6049571647954575,0.36235877403535943
20260919,9,9,B,B,B,True,0.5071815718157181,0.20725203252032515
20260919,9,9,C,OR,OR,True,0.5128888888888888,0.10399999999999998
20260919,9,9,D,OR,B,False,0.5491111111111111,0.21666666666666667
20260919,9,9,E,B,B,True,0.4835555555555555,0.08377777777777773
20260919,9,9,F,OR,OR,True,0.481466082968522,0.06315438815926622
20260919,9,9,G,B,B,True,0.4440725100012905,0.17503390889146986
20260919,9,9,H,OR,OR,True,0.6842893212027358,0.5236897535165828
20260919,9,9,I,B,B,True,0.5408888888888889,0.13311111111111107
20260919,9,9,J,B,B,True,0.48333333333333334,0.03555555555555556
20260919,9,9,K,OR,OR,True,0.6128242547425474,0.42704647696476966
20260919,9,9,L,B,B,True,0.4845647696476965,0.14179620596205966
20260919,9,9,M,OR,OR,True,0.6143075880758808,0.42964092140921417
20260919,9,9,N,OR,OR,True,0.45652249322493227,0.025044986449864526
20260919,9,9,O,B,B,True,0.42641666666666667,0.1632777777777778
20260919,9,9,P,B,B,True,0.5886666666666667,0.29
20260919,10,10,A,OR,OR,True,0.8058819982773471,0.643541774332472
20260919,10,10,B,B,B,True,0.5310581120457419,0.14720842267304413
20260919,10,10,C,OR,OR,True,0.5291111111111111,0.1373333333333333
20260919,10,10,D,OR,OR,True,0.620925925925926,0.2862962962962963
20260919,10,10,E,B,OR,False,0.558,0.1826666666666667
20260919,10,10,F,OR,OR,True,0.7518423157376646,0.5327957425864402
20260919,10,10,G,B,B,True,0.5298448512837429,0.1467251635603936
20260919,10,10,H,OR,OR,True,0.8018467084385529,0.640893842673902
20260919,10,10,I,B,OR,False,0.46844444444444444,0.013777777777777778
20260919,10,10,J,B,OR,False,0.5111111111111112,0.10066666666666674
20260919,10,10,K,OR,OR,True,0.7540811965811965,0.6169145299145299
20260919,10,10,L,B,B,True,0.5078168928630334,0.09206877390573581
20260919,10,10,M,OR,OR,True,0.7143547008547008,0.5487435897435896
20260919,10,10,N,OR,OR,True,0.6221632881972405,0.3034866554615689
20260919,10,10,O,B,B,True,0.5384515366430259,0.16867139479905424
20260919,10,10,P,B,OR,False,0.5609444444444445,0.16855555555555557
20260919,11,11,A,OR,OR,True,0.6845317583364096,0.4386190722283746
20260919,11,11,B,B,OR,False,0.44997777777777775,0.04862222222222218
20260919,11,11,C,OR,B,False,0.5062222222222222,0.03533333333333333
20260919,11,11,D,OR,OR,True,0.5215261487050961,0.10683007518796994
20260919,11,11,E,B,OR,False,0.4791111111111111,0.017111111111111132
20260919,11,11,F,OR,OR,True,0.6613594477148944,0.37316333987423334
20260919,11,11,G,B,OR,False,0.40044444444444444,0.019546883468834653
20260919,11,11,H,OR,OR,True,0.7568515086515087,0.5942366938366939
20260919,11,11,I,B,B,True,0.5931111111111111,0.19888888888888895
20260919,11,11,J,B,B,True,0.5286666666666666,0.09911111111111104
20260919,11,11,K,OR,OR,True,0.7124705738705739,0.5144967032967034
20260919,11,11,L,B,OR,False,0.5147356453148375,0.13613795729634165
20260919,11,11,M,OR,OR,True,0.7371629629629629,0.5598814814814814
20260919,11,11,N,OR,OR,True,0.5368342069644395,0.14770545096591603
20260919,11,11,O,B,OR,False,0.3908888888888889,0.04022222222222227
20260919,11,11,P,B,B,True,0.4967817878028404,0.056008020050125285
20260919,12,12,A,OR,OR,True,0.7713333333333333,0.6317777777777778
20260919,12,12,B,B,OR,False,0.5709404853128992,0.23588097062579827
20260919,12,12,C,OR,OR,True,0.5057777777777778,0.05199999999999999
20260919,12,12,D,OR,B,False,0.48075555555555555,0.10439999999999999
20260919,12,12,E,B,OR,False,0.48666666666666664,0.0208888888888889
20260919,12,12,F,OR,OR,True,0.6398145593869732,0.38162911877394634
20260919,12,12,G,B,OR,False,0.5808786092214664,0.26440753618319757
20260919,12,12,H,OR,OR,True,0.7886590038314176,0.6839846743295019
20260919,12,12,I,B,B,True,0.5486666666666667,0.16177777777777785
20260919,12,12,J,B,B,True,0.498,0.03688888888888886
20260919,12,12,K,OR,OR,True,0.7667841634738186,0.6230063856960408
20260919,12,12,L,B,OR,False,0.5742518518518519,0.23917037037037042
20260919,12,12,M,OR,OR,True,0.768955300127714,0.6242886334610473
20260919,12,12,N,OR,OR,True,0.5463259259259259,0.18576296296296296
20260919,12,12,O,B,OR,False,0.6224752078609221,0.34581532711850166
20260919,12,12,P,B,B,True,0.4956888888888889,0.13115555555555558
20260919,13,13,A,OR,B,False,0.46779928315412184,0.0802437275985663
20260919,13,13,B,B,B,True,0.6152245476266416,0.34930683964510384
20260919,13,13,C,OR,OR,True,0.4831111111111111,0.09800000000000003
20260919,13,13,D,OR,B,False,0.6375770609318996,0.3695135688684075
20260919,13,13,E,B,B,True,0.4517777777777778,0.03222222222222226
20260919,13,13,F,OR,B,False,0.601958013312852,0.3116722990271378
20260919,13,13,G,B,B,True,0.6022060287971435,0.327009023280989
20260919,13,13,H,OR,OR,True,0.4315714669491265,0.04573060107403826
20260919,13,13,I,B,B,True,0.4988888888888889,0.09422222222222221
20260919,13,13,J,B,OR,False,0.44022222222222224,0.014888888888888896
20260919,13,13,K,OR,OR,True,0.5180227272727272,0.24822344411860536
20260919,13,13,L,B,B,True,0.6123955132739796,0.340764701611253
20260919,13,13,M,OR,OR,True,0.4514095262974573,0.13827690981000212
20260919,13,13,N,OR,B,False,0.47108849169147543,0.07703622382537778
20260919,13,13,O,B,B,True,0.6122449096316632,0.3502437275985663
20260919,13,13,P,B,B,True,0.645926267281106,0.38319610855094727
20260919,14,14,A,OR,OR,True,0.693265306122449,0.4311972789115646
20260919,14,14,B,B,B,True,0.512,0.12044444444444447
20260919,14,14,C,OR,B,False,0.5444444444444444,0.1419999999999999
20260919,14,14,D,OR,B,False,0.5186666666666667,0.10888888888888898
20260919,14,14,E,B,B,True,0.584,0.2846666666666666
20260919,14,14,F,OR,OR,True,0.6994875283446712,0.4276417233560091
20260919,14,14,G,B,B,True,0.5157908496732025,0.21112418300653585
20260919,14,14,H,OR,OR,True,0.7609370813459484,0.5810912763572863
20260919,14,14,I,B,B,True,0.654888888888889,0.34088888888888896
20260919,14,14,J,B,B,True,0.5928888888888889,0.23022222222222227
20260919,14,14,K,OR,OR,True,0.6930430839002267,0.4843083900226757
20260919,14,14,L,B,B,True,0.46068027210884355,2.7210884353701115e-05
20260919,14,14,M,OR,OR,True,0.6810430839002267,0.45764172335600906
20260919,14,14,N,OR,B,False,0.4849307244120718,0.018506401426172436
20260919,14,14,O,B,B,True,0.4602222222222222,0.16288888888888886
20260919,14,14,P,B,B,True,0.5246666666666667,0.12377777777777782
20260919,15,15,A,OR,OR,True,0.754825396825397,0.5625396825396827
20260919,15,15,B,B,OR,False,0.4385762740183793,0.0126261947203124
20260919,15,15,C,OR,B,False,0.5886666666666667,0.18622222222222218
20260919,15,15,D,OR,OR,True,0.494,0.118
20260919,15,15,E,B,B,True,0.5928888888888889,0.21844444444444444
20260919,15,15,F,OR,OR,True,0.6935873015873016,0.43050793650793656
20260919,15,15,G,B,OR,False,0.39151629072681704,0.025444486885663364
20260919,15,15,H,OR,OR,True,0.7832211194653299,0.6400381114692735
20260919,15,15,I,B,B,True,0.6586666666666667,0.3302222222222223
20260919,15,15,J,B,B,True,0.6233333333333333,0.26088888888888884
20260919,15,15,K,OR,OR,True,0.6748888888888889,0.5024333333333333
20260919,15,15,L,B,OR,False,0.518789724310777,0.14578293862999753
20260919,15,15,M,OR,OR,True,0.626,0.42353703703703705
20260919,15,15,N,OR,OR,True,0.5033724644945697,0.04843175414733514
20260919,15,15,O,B,B,True,0.3967210713950652,0.05097896613190728
20260919,15,15,P,B,OR,False,0.4902222222222222,0.11288888888888887
20260919,16,16,A,OR,OR,True,0.7361339869281046,0.5169346405228759
20260919,16,16,B,B,B,True,0.46641830065359474,0.04428104575163394
20260919,16,16,C,OR,B,False,0.4744444444444444,0.016666666666666607
20260919,16,16,D,OR,OR,True,0.5771111111111111,0.1916666666666667
20260919,16,16,E,B,B,True,0.5117777777777778,0.09133333333333332
20260919,16,16,F,OR,OR,True,0.7268165266106443,0.4827997198879553
20260919,16,16,G,B,B,True,0.43241666666666667,0.05908333333333338
20260919,16,16,H,OR,OR,True,0.7956377543265367,0.64600796729965
20260919,16,16,I,B,B,True,0.5615555555555556,0.16911111111111116
20260919,16,16,J,B,B,True,0.5213333333333333,0.10288888888888886
20260919,16,16,K,OR,OR,True,0.7317777777777777,0.5993888888888889
20260919,16,16,L,B,OR,False,0.46344164332399623,0.01799439775910361
20260919,16,16,M,OR,OR,True,0.7028148148148148,0.5594814814814815
20260919,16,16,N,OR,OR,True,0.5258300349597202,0.10929175337221864
20260919,16,16,O,B,B,True,0.39805555555555555,0.04227777777777775
20260919,16,16,P,B,OR,False,0.5602222222222223,0.1579444444444445
20260919,17,17,A,OR,OR,True,0.5483895108722695,0.1800893665721252
20260919,17,17,B,B,B,True,0.5217724266747438,0.12132263112726538
20260919,17,17,C,OR,B,False,0.5308888888888889,0.13044444444444442
20260919,17,17,D,OR,OR,True,0.4941755827248597,0.06668066736542816
20260919,17,17,E,B,B,True,0.5637777777777778,0.1842222222222223
20260919,17,17,F,OR,OR,True,0.6310458905134471,0.32997683849815845
20260919,17,17,G,B,B,True,0.5880943115960721,0.2692997343032553
20260919,17,17,H,OR,OR,True,0.5912469531107462,0.28304563035942343
20260919,17,17,I,B,B,True,0.6191111111111112,0.2768888888888889
20260919,17,17,J,B,B,True,0.5546666666666666,0.16999999999999998
20260919,17,17,K,OR,OR,True,0.4616256132756133,0.11414011544011543
20260919,17,17,L,B,OR,False,0.4732456266776592,0.019602364466429434
20260919,17,17,M,OR,OR,True,0.438702861952862,0.08140572390572393
20260919,17,17,N,OR,OR,True,0.503621962429585,0.08497572562545347
20260919,17,17,O,B,B,True,0.6348222669349429,0.3694223116476637
20260919,17,17,P,B,B,True,0.5189072724169499,0.11569960230516413
20260919,18,18,A,OR,OR,True,0.6005623825598432,0.27153947588031146
20260919,18,18,B,B,B,True,0.5896503890445067,0.2635705344764169
20260919,18,18,C,OR,B,False,0.511763440860215,0.14998566308243716
20260919,18,18,D,OR,B,False,0.5085973984645499,0.11119625232910102
20260919,18,18,E,B,B,True,0.5455555555555556,0.21466666666666667
20260919,18,18,F,OR,OR,True,0.5229644989619596,0.11767704201787765
20260919,18,18,G,B,B,True,0.6164951701892878,0.3243409048467872
20260919,18,18,H,OR,OR,True,0.7137721284706819,0.49899658982485706
20260919,18,18,I,B,B,True,0.5776845878136201,0.28346236559139787
20260919,18,18,J,B,B,True,0.5548387096774193,0.22617204301075267
20260919,18,18,K,OR,OR,True,0.6971984185958793,0.5487755119163475
20260919,18,18,L,B,B,True,0.5649960119401296,0.2087112752171576
20260919,18,18,M,OR,OR,True,0.6360947148921755,0.46190143784227344
20260919,18,18,N,OR,B,False,0.471568684102596,0.04253104186542306
20260919,18,18,O,B,B,True,0.5851515674956852,0.2564668307727132
20260919,18,18,P,B,B,True,0.5473381392052905,0.18989995603280457
20260919,19,19,A,OR,OR,True,0.544,0.3072657004830918
20260919,19,19,B,B,OR,False,0.42667455621301775,0.10193762684732588
20260919,19,19,C,OR,B,False,0.6461777777777779,0.3601777777777779
20260919,19,19,D,OR,B,False,0.4871111111111111,0.07133333333333336
20260919,19,19,E,B,B,True,0.5995555555555556,0.3331111111111112
20260919,19,19,F,OR,OR,True,0.6696114214773433,0.4647225325884544
20260919,19,19,G,B,OR,False,0.3573648915187377,0.028094820081442207
20260919,19,19,H,OR,OR,True,0.6053491124260355,0.3894707058772462
20260919,19,19,I,B,B,True,0.7484394444444444,0.52487
20260919,19,19,J,B,B,True,0.6557511111111112,0.39019555555555563
20260919,19,19,K,OR,OR,True,0.4533333333333333,0.15704347826086962
20260919,19,19,L,B,OR,False,0.5160039447731756,0.26371277477632
20260919,19,19,M,OR,OR,True,0.4968888888888889,0.23282125603864734
20260919,19,19,N,OR,B,False,0.46319058833867455,0.08423825434787902
20260919,19,19,O,B,B,True,0.40406894777463337,0.1323030982395531
20260919,19,19,P,B,B,True,0.4968888888888889,0.09155555555555556
20260919,20,20,A,OR,OR,True,0.5634001134354075,0.21968911575970396
20260919,20,20,B,B,B,True,0.5650000699658688,0.3040001399317376
20260919,20,20,C,OR,OR,True,0.5608888888888889,0.19111111111111106
20260919,20,20,D,OR,B,False,0.5535693573340633,0.19536093689034872
20260919,20,20,E,B,B,True,0.49977777777777777,0.07466666666666666
20260919,20,20,F,OR,OR,True,0.525323571958866,0.12153603280662101
20260919,20,20,G,B,B,True,0.5309150326797386,0.2911633986928105
20260919,20,20,H,OR,OR,True,0.6865389759098257,0.4783720694667102
20260919,20,20,I,B,B,True,0.4602222222222222,0.022888888888888903
20260919,20,20,J,B,OR,False,0.4906666666666667,0.06888888888888894
20260919,20,20,K,OR,OR,True,0.6838826705828072,0.5177653411656143
20260919,20,20,L,B,B,True,0.5528251051276128,0.25587243247744784
20260919,20,20,M,OR,OR,True,0.6881531359199392,0.5294173829509895
20260919,20,20,N,OR,OR,True,0.5024927229366296,0.11254100142881474
20260919,20,20,O,B,B,True,0.5111372549019608,0.2946928104575164
20260919,20,20,P,B,B,True,0.6319503097150156,0.3474561749855868
20260919,21,21,A,OR,OR,True,0.6068292682926829,0.2596585365853658
20260919,21,21,B,B,B,True,0.518119862240289,0.0855730578139115
20260919,21,21,C,OR,OR,True,0.4891190476190476,0.021785714285714297
20260919,21,21,D,OR,B,False,0.506,0.07755555555555554
20260919,21,21,E,B,B,True,0.48444444444444446,0.03284920634920635
20260919,21,21,F,OR,OR,True,0.4927882307394503,0.044465350367789425
20260919,21,21,G,B,B,True,0.522305753674961,0.10057918411759875
20260919,21,21,H,OR,OR,True,0.6706395663956639,0.3950245873367825
20260919,21,21,I,B,B,True,0.5651111111111111,0.14977777777777784
20260919,21,21,J,B,B,True,0.5077777777777778,0.055320105820105825
20260919,21,21,K,OR,OR,True,0.6581041666666666,0.46109722222222216
20260919,21,21,L,B,B,True,0.48186073202993934,0.007943686282100959
20260919,21,21,M,OR,OR,True,0.610326388888889,0.36087500000000017
20260919,21,21,N,OR,OR,True,0.5220357336430507,0.08758705170168585
20260919,21,21,O,B,B,True,0.5468081105773179,0.1587111706495853
20260919,21,21,P,B,B,True,0.532,0.12688888888888894
20260919,22,22,A,OR,OR,True,0.8364444444444444,0.7484444444444445
20260919,22,22,B,B,OR,False,0.5517777777777778,0.30733333333333335
20260919,22,22,C,OR,OR,True,0.5497777777777777,0.17022222222222216
20260919,22,22,D,OR,B,False,0.4826666666666667,0.2033333333333333
20260919,22,22,E,B,OR,False,0.6188888888888889,0.3373333333333334
20260919,22,22,F,OR,OR,True,0.7431111111111111,0.5733333333333333
20260919,22,22,G,B,OR,False,0.45866666666666667,0.22777777777777777
20260919,22,22,H,OR,OR,True,0.8044444444444444,0.6908888888888889
20260919,22,22,I,B,B,True,0.4597777777777778,0.06488888888888888
20260919,22,22,J,B,OR,False,0.5193333333333333,0.12066666666666664
20260919,22,22,K,OR,OR,True,0.8,0.6771111111111112
20260919,22,22,L,B,OR,False,0.5857777777777778,0.3331111111111112
20260919,22,22,M,OR,OR,True,0.8104444444444444,0.6977777777777777
20260919,22,22,N,OR,OR,True,0.608111111111111,0.3412222222222222
20260919,22,22,O,B,OR,False,0.5853333333333333,0.32933333333333326
20260919,22,22,P,B,B,True,0.5524444444444445,0.3175555555555556
20260919,23,23,A,OR,OR,True,0.7202222222222222,0.5277777777777778
20260919,23,23,B,B,B,True,0.55,0.19177777777777782
20260919,23,23,C,OR,B,False,0.5780653594771241,0.23568627450980384
20260919,23,23,D,OR,OR,True,0.6107222222222222,0.29611904761904756
20260919,23,23,E,B,B,True,0.5351111111111112,0.20088888888888895
20260919,23,23,F,OR,OR,True,0.7254187675070028,0.5011311858076565
20260919,23,23,G,B,B,True,0.5564444444444445,0.21155555555555566
20260919,23,23,H,OR,OR,True,0.7208888888888888,0.5517777777777777
20260919,23,23,I,B,B,True,0.67,0.3615555555555556
20260919,23,23,J,B,B,True,0.5907320261437908,0.25324183006535944
20260919,23,23,K,OR,OR,True,0.6431111111111111,0.4308888888888889
20260919,23,23,L,B,B,True,0.5311111111111111,0.1462222222222222
20260919,23,23,M,OR,OR,True,0.6464444444444445,0.4522222222222223
20260919,23,23,N,OR,OR,True,0.505962962962963,0.08840740740740738
20260919,23,23,O,B,B,True,0.528,0.16000000000000003
20260919,23,23,P,B,OR,False,0.5760238095238095,0.22942063492063486
20260919,24,24,A,OR,OR,True,0.6186666666666666,0.30488888888888876
20260919,24,24,B,B,B,True,0.5482592592592592,0.23807407407407405
20260919,24,24,C,OR,OR,True,0.5297777777777778,0.15244444444444444
20260919,24,24,D,OR,B,False,0.6628888888888889,0.4031111111111111
20260919,24,24,E,B,OR,False,0.494,0.08244444444444443
20260919,24,24,F,OR,OR,True,0.5506296296296296,0.13881481481481478
20260919,24,24,G,B,B,True,0.48044444444444445,0.17888888888888888
20260919,24,24,H,OR,OR,True,0.7712962962962963,0.6003703703703703
20260919,24,24,I,B,B,True,0.5146666666666666,0.11266666666666658
20260919,24,24,J,B,OR,False,0.4568888888888889,0.01777777777777778
20260919,24,24,K,OR,OR,True,0.7133333333333333,0.5428888888888888
20260919,24,24,L,B,B,True,0.5579999999999999,0.2191111111111111
20260919,24,24,M,OR,OR,True,0.7195555555555555,0.5575555555555555
20260919,24,24,N,OR,OR,True,0.5100808080808081,0.10682828282828288
20260919,24,24,O,B,B,True,0.45511111111111113,0.16333333333333333
20260919,24,24,P,B,B,True,0.7493333333333333,0.578
20260919,25,25,A,OR,OR,True,0.417985878445718,0.055305090224769315
20260919,25,25,B,B,B,True,0.5791643252728621,0.34010169684438
20260919,25,25,C,OR,B,False,0.4964444444444444,0.09999999999999998
20260919,25,25,D,OR,B,False,0.5185686745353413,0.18585957129290476
20260919,25,25,E,B,B,True,0.5722222222222223,0.25155555555555564
20260919,25,25,F,OR,B,False,0.43585603946856877,0.04882319004824859
20260919,25,25,G,B,B,True,0.6007699943349898,0.3624076488214248
20260919,25,25,H,OR,OR,True,0.49152181042837567,0.2103612478032862
20260919,25,25,I,B,B,True,0.6264444444444445,0.3226666666666667
20260919,25,25,J,B,B,True,0.5644444444444444,0.22777777777777775
20260919,25,25,K,OR,OR,True,0.5633755335472095,0.2954828708310174
20260919,25,25,L,B,B,True,0.5699569352880164,0.3283559492809161
20260919,25,25,M,OR,OR,True,0.5122580732297491,0.23569874384689032
20260919,25,25,N,OR,B,False,0.4888902177466999,0.12821581241536179
20260919,25,25,O,B,B,True,0.5903364316736269,0.34844827538547063
20260919,25,25,P,B,B,True,0.5269958350291684,0.2072694478361145
20260919,26,26,A,OR,OR,True,0.5728888888888889,0.3048888888888889
20260919,26,26,B,B,B,True,0.5077777777777778,0.20866666666666667
20260919,26,26,C,OR,B,False,0.4551111111111111,0.03199999999999997
20260919,26,26,D,OR,B,False,0.4662222222222222,0.07244444444444448
20260919,26,26,E,B,B,True,0.5,0.15399999999999997
20260919,26,26,F,OR,OR,True,0.5888888888888889,0.31422222222222224
20260919,26,26,G,B,B,True,0.5037777777777778,0.2417777777777778
20260919,26,26,H,OR,OR,True,0.6142222222222222,0.41355555555555557
20260919,26,26,I,B,B,True,0.6437777777777778,0.3695555555555556
20260919,26,26,J,B,B,True,0.4886666666666667,0.09666666666666668
20260919,26,26,K,OR,OR,True,0.615111111111111,0.40933333333333327
20260919,26,26,L,B,B,True,0.46112037037037035,0.11512962962962964
20260919,26,26,M,OR,OR,True,0.6004444444444446,0.40288888888888896
20260919,26,26,N,OR,OR,True,0.4275555555555555,0.040222222222222215
20260919,26,26,O,B,B,True,0.5128888888888888,0.21666666666666662
20260919,26,26,P,B,B,True,0.47533333333333333,0.0882222222222222
20260919,27,27,A,OR,OR,True,0.7518622482131254,0.5523066926575699
20260919,27,27,B,B,B,True,0.49269841269841275,0.03953457718370007
20260919,27,27,C,OR,B,False,0.49066666666666664,0.07066666666666666
20260919,27,27,D,OR,OR,True,0.4602222222222222,0.04377777777777775
20260919,27,27,E,B,B,True,0.508,0.0957777777777778
20260919,27,27,F,OR,OR,True,0.7120844704353477,0.47164002599090327
20260919,27,27,G,B,B,True,0.4742222222222222,0.010991660945474768
20260919,27,27,H,OR,OR,True,0.8200358697627149,0.7195203574972027
20260919,27,27,I,B,B,True,0.6648888888888889,0.40644444444444444
20260919,27,27,J,B,B,True,0.5251111111111111,0.1306666666666666
20260919,27,27,K,OR,OR,True,0.7836236517218974,0.6673913284895742
20260919,27,27,L,B,OR,False,0.5378463751972524,0.12649716884804607
20260919,27,27,M,OR,OR,True,0.734293620762145,0.5849413480348723
20260919,27,27,N,OR,OR,True,0.5480047034863718,0.16130629078795905
20260919,27,27,O,B,B,True,0.5627777777777777,0.18124484204913976
20260919,27,27,P,B,OR,False,0.456,0.0357777777777778
20260919,28,28,A,OR,OR,True,0.4653333333333334,0.06844444444444447
20260919,28,28,B,B,B,True,0.48466666666666663,0.19266666666666665
20260919,28,28,C,OR,OR,True,0.36933333333333335,0.0451111111111111
20260919,28,28,D,OR,B,False,0.46711111111111114,0.18355555555555564
20260919,28,28,E,B,OR,False,0.39355555555555555,0.0755555555555556
20260919,28,28,F,OR,B,False,0.4151111111111111,0.08466666666666661
20260919,28,28,G,B,B,True,0.49822222222222223,0.22533333333333333
20260919,28,28,H,OR,OR,True,0.47355555555555556,0.1111111111111111
20260919,28,28,I,B,B,True,0.3604444444444444,0.03511111111111109
20260919,28,28,J,B,B,True,0.35844444444444445,0.017333333333333367
20260919,28,28,K,OR,OR,True,0.5766666666666667,0.329995115995116
20260919,28,28,L,B,B,True,0.45777777777777773,0.14999999999999997
20260919,28,28,M,OR,OR,True,0.4744444444444444,0.16264957264957258
20260919,28,28,N,OR,B,False,0.40977777777777774,0.049333333333333285
20260919,28,28,O,B,B,True,0.4855555555555556,0.18888888888888888
20260919,28,28,P,B,B,True,0.4726666666666667,0.1751111111111111
20260919,29,29,A,OR,OR,True,0.6012050944224858,0.3383935002195873
20260919,29,29,B,B,B,True,0.5035152979066022,0.17895330112721414
20260919,29,29,C,OR,OR,True,0.5537777777777778,0.14333333333333337
20260919,29,29,D,OR,OR,True,0.44411024531024534,0.020380086580086554
20260919,29,29,E,B,OR,False,0.5049743589743589,0.06661538461538463
20260919,29,29,F,OR,OR,True,0.5688645147123409,0.25824374176548104
20260919,29,29,G,B,B,True,0.5036037839666025,0.18420273701533063
20260919,29,29,H,OR,OR,True,0.6768401618891321,0.49722294251218735
20260919,29,29,I,B,B,True,0.4984444444444444,0.05422222222222223
20260919,29,29,J,B,OR,False,0.5115555555555555,0.0713333333333333
20260919,29,29,K,OR,OR,True,0.6478509316770186,0.43494616977225664
20260919,29,29,L,B,B,True,0.4929412238325282,0.15092838530229835
20260919,29,29,M,OR,OR,True,0.6046569044482089,0.3933117385030429
20260919,29,29,N,OR,OR,True,0.5697401262960483,0.2335500064597516
20260919,29,29,O,B,B,True,0.5140233948682225,0.22626901195866717
20260919,29,29,P,B,B,True,0.4771904761904763,0.09115873015873027
20260919,30,30,A,OR,OR,True,0.6649110462151763,0.40471098131924155
20260919,30,30,B,B,B,True,0.5730950444837912,0.2159437121559883
20260919,30,30,C,OR,B,False,0.47644444444444445,0.08511111111111108
20260919,30,30,D,OR,B,False,0.49313949088407294,0.07701972250888656
20260919,30,30,E,B,B,True,0.5688888888888889,0.25222222222222224
20260919,30,30,F,OR,OR,True,0.6116204029403226,0.29368525032508963
20260919,30,30,G,B,B,True,0.6025149190110827,0.28937766410912186
20260919,30,30,H,OR,OR,True,0.6976814747504206,0.4948649671194829
20260919,30,30,I,B,B,True,0.615111111111111,0.32222222222222213
20260919,30,30,J,B,B,True,0.5531111111111111,0.21133333333333332
20260919,30,30,K,OR,OR,True,0.6715244502659363,0.4877155671985393
20260919,30,30,L,B,B,True,0.5205044520223548,0.10677460452780141
20260919,30,30,M,OR,OR,True,0.6736124518183342,0.48433601474777943
20260919,30,30,N,OR,B,False,0.47036383423943967,0.04258230176829514
20260919,30,30,O,B,B,True,0.6143529411764705,0.31759477124183
20260919,30,30,P,B,B,True,0.5413980513313125,0.17220420888205207
20260919,31,31,A,OR,OR,True,0.6706130268199234,0.4430574712643679
20260919,31,31,B,B,OR,False,0.474,0.03266666666666662
20260919,31,31,C,OR,OR,True,0.48133333333333334,0.06555555555555559
20260919,31,31,D,OR,B,False,0.49133333333333334,0.07577777777777778
20260919,31,31,E,B,OR,False,0.4726844444444444,0.048462222222222184
20260919,31,31,F,OR,OR,True,0.6322222222222221,0.35511111111111104
20260919,31,31,G,B,B,True,0.47866666666666663,0.04799999999999999
20260919,31,31,H,OR,OR,True,0.7676227414525888,0.6455116303414777
20260919,31,31,I,B,B,True,0.6197777777777778,0.2673333333333333
20260919,31,31,J,B,B,True,0.4686666666666667,0.026444444444444437
20260919,31,31,K,OR,OR,True,0.7446666666666667,0.6171111111111112
20260919,31,31,L,B,OR,False,0.5214444444444445,0.12977777777777783
20260919,31,31,M,OR,OR,True,0.7382222222222222,0.6024444444444444
20260919,31,31,N,OR,OR,True,0.5298507108012478,0.15190626635680338
20260919,31,31,O,B,B,True,0.46144444444444443,0.014222222222222247
20260919,31,31,P,B,B,True,0.5051111111111111,0.10688888888888881
20260919,32,32,A,OR,OR,True,0.5382222222222223,0.29600000000000004
20260919,32,32,B,B,OR,False,0.3962459639126306,0.04693637226970565
20260919,32,32,C,OR,OR,True,0.6097777777777778,0.314
20260919,32,32,D,OR,OR,True,0.46044444444444443,0.15444444444444444
20260919,32,32,E,B,OR,False,0.5488888888888889,0.1811111111111111
20260919,32,32,F,OR,OR,True,0.5668888888888889,0.3262222222222222
20260919,32,32,G,B,B,True,0.3765802469135802,0.0164938271604938
20260919,32,32,H,OR,OR,True,0.5743095238095237,0.3674206349206348
20260919,32,32,I,B,B,True,0.45644444444444443,0.040222222222222215
20260919,32,32,J,B,OR,False,0.5415555555555556,0.19555555555555554
20260919,32,32,K,OR,OR,True,0.5193867724867725,0.23427566137566136
20260919,32,32,L,B,OR,False,0.4258517161850495,0.10059232125898793
20260919,32,32,M,OR,OR,True,0.49841040564373895,0.2139659611992945
20260919,32,32,N,OR,OR,True,0.486,0.17133333333333334
20260919,32,32,O,B,B,True,0.37693827160493826,0.01943209876543206
20260919,32,32,P,B,OR,False,0.42400000000000004,0.07311111111111113
20260919,33,33,A,OR,OR,True,0.6173503448074199,0.31910189040523357
20260919,33,33,B,B,B,True,0.5475227091447338,0.20355773019097234
20260919,33,33,C,OR,B,False,0.4948888888888889,0.03400000000000003
20260919,33,33,D,OR,B,False,0.550510606060606,0.20746565656565646
20260919,33,33,E,B,B,True,0.5582222222222222,0.14355555555555555
20260919,33,33,F,OR,OR,True,0.5640413677477614,0.20732053759310598
20260919,33,33,G,B,B,True,0.5381241544925206,0.2050939542198793
20260919,33,33,H,OR,OR,True,0.7195917028321114,0.5357789109480436
20260919,33,33,I,B,B,True,0.586,0.2508888888888889
20260919,33,33,J,B,B,True,0.542984126984127,0.12507936507936512
20260919,33,33,K,OR,OR,True,0.7091089277762742,0.5504302266291963
20260919,33,33,L,B,B,True,0.527086325702468,0.1552437868358526
20260919,33,33,M,OR,OR,True,0.6700530982418808,0.5072483528025437
20260919,33,33,N,OR,OR,True,0.5074073143328274,0.07943230396356854
20260919,33,33,O,B,B,True,0.5176800713850228,0.17092801022710602
20260919,33,33,P,B,B,True,0.6064672727272726,0.31893454545454536
20260919,34,34,A,OR,OR,True,0.6162270483035982,0.3297874299405297
20260919,34,34,B,B,B,True,0.6304423838933272,0.3626529359548226
20260919,34,34,C,OR,B,False,0.4713333333333333,0.06977777777777777
20260919,34,34,D,OR,OR,True,0.445655795148248,0.02842270140760711
20260919,34,34,E,B,B,True,0.5851111111111111,0.2668888888888889
20260919,34,34,F,OR,OR,True,0.6175110674547369,0.334133246020585
20260919,34,34,G,B,B,True,0.6968088088088088,0.5031347347347347
20260919,34,34,H,OR,OR,True,0.6523332791397481,0.40821250422544225
20260919,34,34,I,B,B,True,0.5591111111111111,0.25177777777777777
20260919,34,34,J,B,B,True,0.5031111111111112,0.1286666666666667
20260919,34,34,K,OR,OR,True,0.5884869614512472,0.3698628117913833
20260919,34,34,L,B,B,True,0.548603357416762,0.1995193703461795
20260919,34,34,M,OR,OR,True,0.5418402116402117,0.2988100529100529
20260919,34,34,N,OR,OR,True,0.4363227684365151,0.007747038374531612
20260919,34,34,O,B,B,True,0.6981168942527433,0.508451205922904
20260919,34,34,P,B,B,True,0.48068978736148543,0.09004624138963757
20260919,35,35,A,OR,OR,True,0.583632070491594,0.2622879920593953
20260919,35,35,B,B,B,True,0.6151417402199186,0.3148628870715998
20260919,35,35,C,OR,OR,True,0.5024444444444445,0.04735353535353537
20260919,35,35,D,OR,B,False,0.6180226286401608,0.33601860330602357
20260919,35,35,E,B,OR,False,0.49599999999999994,0.045111111111111046
20260919,35,35,F,OR,B,False,0.5605636449897935,0.21192891883357184
20260919,35,35,G,B,B,True,0.6353950509338755,0.372252806892246
20260919,35,35,H,OR,OR,True,0.6758109678185071,0.47483360257489216
20260919,35,35,I,B,B,True,0.5517575757575758,0.145979797979798
20260919,35,35,J,B,B,True,0.51,0.06711111111111112
20260919,35,35,K,OR,OR,True,0.6348272678193515,0.4202339422704657
20260919,35,35,L,B,B,True,0.5873346887608373,0.2523598952645483
20260919,35,35,M,OR,OR,True,0.5860058819880237,0.32059117060781006
20260919,35,35,N,OR,OR,True,0.5017491533698994,0.07376580171573627
20260919,35,35,O,B,B,True,0.6851536022417226,0.4764407690467243
20260919,35,35,P,B,B,True,0.6391750922433287,0.3764851466739755
20260919,36,36,A,OR,OR,True,0.544,0.29555555555555557
20260919,36,36,B,B,B,True,0.41342666666666666,0.0786311111111111
20260919,36,36,C,OR,OR,True,0.5282222222222223,0.1288888888888889
20260919,36,36,D,OR,B,False,0.4131111111111111,0.052888888888888874
20260919,36,36,E,B,B,True,0.43555555555555553,0.013999999999999957
20260919,36,36,F,OR,OR,True,0.542,0.27577777777777784
20260919,36,36,G,B,B,True,0.37929999999999997,0.08082222222222224
20260919,36,36,H,OR,OR,True,0.6201688888888889,0.4226133333333333
20260919,36,36,I,B,B,True,0.5002222222222222,0.1144444444444444
20260919,36,36,J,B,OR,False,0.4757777777777778,0.03555555555555556
20260919,36,36,K,OR,OR,True,0.6326666666666667,0.4277777777777778
20260919,36,36,L,B,OR,False,0.4316231746031746,0.09575428571428574
20260919,36,36,M,OR,OR,True,0.6193888888888889,0.4145
20260919,36,36,N,OR,OR,True,0.4282222222222222,0.07377777777777778
20260919,36,36,O,B,B,True,0.3889888888888889,0.11819999999999997
20260919,36,36,P,B,B,True,0.4315555555555556,0.0768888888888889
20260919,37,37,A,OR,OR,True,0.5233333333333333,0.1373333333333333
20260919,37,37,B,B,B,True,0.4820048573163327,0.12911596842744383
20260919,37,37,C,OR,B,False,0.5217407407407407,0.08214814814814814
20260919,37,37,D,OR,B,False,0.5401904761904762,0.19860317460317467
20260919,37,37,E,B,B,True,0.5359999999999999,0.13822222222222214
20260919,37,37,F,OR,OR,True,0.4908888888888889,0.06644444444444447
20260919,37,37,G,B,B,True,0.46602428658166356,0.1705798421372191
20260919,37,37,H,OR,OR,True,0.5890740740740742,0.3473976927747421
20260919,37,37,I,B,B,True,0.6261481481481482,0.2720740740740742
20260919,37,37,J,B,B,True,0.5352444444444444,0.12493333333333329
20260919,37,37,K,OR,OR,True,0.5642222222222222,0.3184444444444444
20260919,37,37,L,B,B,True,0.45844687310261084,0.06533576199149976
20260919,37,37,M,OR,OR,True,0.5252407407407408,0.24412962962962964
20260919,37,37,N,OR,OR,True,0.46095185185185183,0.013713661202185756
20260919,37,37,O,B,B,True,0.4808913175470552,0.23022465088038857
20260919,37,37,P,B,B,True,0.5588888888888889,0.23244444444444445
20260919,38,38,A,OR,OR,True,0.6758592592592593,0.4532740740740741
20260919,38,38,B,B,B,True,0.46940000000000004,0.03080000000000005
20260919,38,38,C,OR,B,False,0.522888888888889,0.11022222222222228
20260919,38,38,D,OR,B,False,0.452,0.0040000000000000036
20260919,38,38,E,B,B,True,0.48133333333333334,0.07111111111111112
20260919,38,38,F,OR,OR,True,0.6384190347923683,0.35968251402918083
20260919,38,38,G,B,B,True,0.46739111111111115,0.03944888888888898
20260919,38,38,H,OR,OR,True,0.6883481806367773,0.4871408057179989
20260919,38,38,I,B,B,True,0.589111111111111,0.23599999999999993
20260919,38,38,J,B,B,True,0.5477777777777778,0.15800000000000003
20260919,38,38,K,OR,OR,True,0.6277623781676414,0.4457469785575049
20260919,38,38,L,B,OR,False,0.4652666666666666,0.015866666666666585
20260919,38,38,M,OR,OR,True,0.612833983105913,0.4232235217673814
20260919,38,38,N,OR,OR,True,0.485083950617284,0.047056790123456815
20260919,38,38,O,B,B,True,0.4545066666666667,0.007013333333333427
20260919,38,38,P,B,B,True,0.49800000000000005,0.09022222222222231
20260919,39,39,A,OR,OR,True,0.6129782697771997,0.34595653955439937
20260919,39,39,B,B,OR,False,0.4873766596785465,0.14853109713487073
20260919,39,39,C,OR,OR,True,0.6055555555555556,0.22755555555555562
20260919,39,39,D,OR,OR,True,0.5997183787561146,0.2769923130677847
20260919,39,39,E,B,OR,False,0.5855555555555555,0.23822222222222217
20260919,39,39,F,OR,OR,True,0.6259035639412999,0.3380293501048219
20260919,39,39,G,B,OR,False,0.43476166879940464,0.11774555982103152
20260919,39,39,H,OR,OR,True,0.6397925169003739,0.41069614491185885
20260919,39,39,I,B,OR,False,0.5399999999999999,0.09822222222222216
20260919,39,39,J,B,OR,False,0.5615555555555556,0.14688888888888896
20260919,39,39,K,OR,OR,True,0.5917835820895523,0.3293449419568823
20260919,39,39,L,B,OR,False,0.5173233170277196,0.18953552294432802
20260919,39,39,M,OR,OR,True,0.5803391376451078,0.30712271973466
20260919,39,39,N,OR,OR,True,0.5525667973897112,0.1846891503349778
20260919,39,39,O,B,OR,False,0.39504161107934693,0.08097211104758273
20260919,39,39,P,B,OR,False,0.5769035639412998,0.23158490566037743
20260920,0,40,A,OR,OR,True,0.742909090909091,0.5618922558922559
20260920,0,40,B,B,OR,False,0.5586280193236716,0.21170048309178752
20260920,0,40,C,OR,OR,True,0.6473333333333334,0.41444444444444456
20260920,0,40,D,OR,OR,True,0.6069494949494949,0.3179360269360269
20260920,0,40,E,B,OR,False,0.6297777777777778,0.36044444444444446
20260920,0,40,F,OR,OR,True,0.7151609427609427,0.5230255892255892
20260920,0,40,G,B,OR,False,0.5577681159420289,0.2155362318840579
20260920,0,40,H,OR,OR,True,0.7985571658615137,0.6764476650563608
20260920,0,40,I,B,OR,False,0.6075555555555555,0.3431111111111111
20260920,0,40,J,B,OR,False,0.628,0.3806666666666667
20260920,0,40,K,OR,OR,True,0.7487681159420291,0.6279533011272143
20260920,0,40,L,B,OR,False,0.6075054896794027,0.3065665349143609
20260920,0,40,M,OR,OR,True,0.7458212560386474,0.6208582930756844
20260920,0,40,N,OR,OR,True,0.6739111111111111,0.46456296296296296
20260920,0,40,O,B,OR,False,0.51787922705314,0.12775845410628012
20260920,0,40,P,B,OR,False,0.5664646464646464,0.2362996632996633
20260920,1,41,A,OR,OR,True,0.5907854477214083,0.20712645099837212
20260920,1,41,B,B,B,True,0.6723866213151928,0.4143287981859411
20260920,1,41,C,OR,OR,True,0.4651111111111111,0.0020000000000000018
20260920,1,41,D,OR,B,False,0.5875656565656565,0.22307070707070703
20260920,1,41,E,B,B,True,0.4922222222222222,0.040222222222222215
20260920,1,41,F,OR,OR,True,0.55493197492163,0.13475283873214905
20260920,1,41,G,B,B,True,0.6848390022675737,0.4465668934240362
20260920,1,41,H,OR,OR,True,0.7307613263730608,0.48484911322722124
20260920,1,41,I,B,B,True,0.5564469696969697,0.17977777777777776
20260920,1,41,J,B,B,True,0.5044444444444445,0.06400000000000006
20260920,1,41,K,OR,OR,True,0.6547590187590188,0.3841847041847042
20260920,1,41,L,B,B,True,0.6287942692228407,0.318255205112348
20260920,1,41,M,OR,OR,True,0.629660606060606,0.33443232323232325
20260920,1,41,N,OR,B,False,0.4850302408606763,0.007831386646896754
20260920,1,41,O,B,B,True,0.6943945578231293,0.47367800453514747
20260920,1,41,P,B,B,True,0.607729797979798,0.27117171717171723
20260920,2,42,A,OR,OR,True,0.47598692810457516,0.12339096850861553
20260920,2,42,B,B,B,True,0.6187134126984126,0.37228204014939303
20260920,2,42,C,OR,B,False,0.5915555555555555,0.2311111111111111
20260920,2,42,D,OR,B,False,0.6637978826728826,0.47567892842451664
20260920,2,42,E,B,B,True,0.5751111111111111,0.2637777777777778
20260920,2,42,F,OR,B,False,0.578554292929293,0.29510331253713606
20260920,2,42,G,B,B,True,0.6138031746031746,0.37514957983193276
20260920,2,42,H,OR,OR,True,0.5433202614379085,0.2471585875562346
20260920,2,42,I,B,B,True,0.6644444444444445,0.3702222222222223
20260920,2,42,J,B,B,True,0.6368888888888888,0.3235555555555555
20260920,2,42,K,OR,OR,True,0.5123333333333333,0.2621818181818181
20260920,2,42,L,B,B,True,0.5742964972999508,0.2825317914175979
20260920,2,42,M,OR,OR,True,0.4630239651416122,0.1858964151317093
20260920,2,42,N,OR,B,False,0.5064934632034632,0.13178758085052206
20260920,2,42,O,B,B,True,0.6456692063492062,0.4392378338001866
20260920,2,42,P,B,B,True,0.6550478252333091,0.4709171062790607
20260920,3,43,A,OR,OR,True,0.5077037037037037,0.2422962962962963
20260920,3,43,B,B,B,True,0.5051111111111111,0.22999999999999993
20260920,3,43,C,OR,OR,True,0.5531111111111111,0.16422222222222221
20260920,3,43,D,OR,B,False,0.5242222222222223,0.2766666666666667
20260920,3,43,E,B,OR,False,0.48311111111111116,0.11422222222222228
20260920,3,43,F,OR,B,False,0.3969365079365079,0.01098412698412693
20260920,3,43,G,B,B,True,0.5119814814814815,0.2675185185185185
20260920,3,43,H,OR,OR,True,0.5223333333333333,0.2583333333333333
20260920,3,43,I,B,B,True,0.508888888888889,0.12000000000000005
20260920,3,43,J,B,OR,False,0.5097777777777778,0.09955555555555556
20260920,3,43,K,OR,OR,True,0.4943148148148148,0.23009259259259257
20260920,3,43,L,B,B,True,0.448,0.11599999999999999
20260920,3,43,M,OR,OR,True,0.47992592592592587,0.22103703703703698
20260920,3,43,N,OR,OR,True,0.4117777777777778,0.0411111111111111
20260920,3,43,O,B,B,True,0.5001296296296297,0.24225925925925934
20260920,3,43,P,B,B,True,0.5526666666666666,0.3068888888888889
20260920,4,44,A,OR,OR,True,0.5237777777777778,0.18733333333333335
20260920,4,44,B,B,B,True,0.5320202020202021,0.16915151515151516
20260920,4,44,C,OR,B,False,0.49955555555555553,0.1408888888888889
20260920,4,44,D,OR,OR,True,0.45133333333333336,0.006643678160919597
20260920,4,44,E,B,B,True,0.5375555555555555,0.19911111111111096
20260920,4,44,F,OR,OR,True,0.5430505050505051,0.20121212121212123
20260920,4,44,G,B,B,True,0.5662222222222223,0.2373333333333334
20260920,4,44,H,OR,OR,True,0.5193333333333333,0.19333333333333336
20260920,4,44,I,B,B,True,0.6146666666666667,0.29911111111111116
20260920,4,44,J,B,B,True,0.5251111111111111,0.1784444444444444
20260920,4,44,K,OR,OR,True,0.5237777777777778,0.26555555555555554
20260920,4,44,L,B,B,True,0.49652525252525254,0.0963838383838384
20260920,4,44,M,OR,OR,True,0.5035581245985871,0.24578805394990372
20260920,4,44,N,OR,B,False,0.4576565656565657,0.020202020202020277
20260920,4,44,O,B,B,True,0.5462222222222223,0.20666666666666672
20260920,4,44,P,B,B,True,0.4550038314176245,0.012114942528735628
20260920,5,45,A,OR,OR,True,0.7764444444444444,0.5899999999999999
20260920,5,45,B,B,B,True,0.6375555555555555,0.30977777777777776
20260920,5,45,C,OR,B,False,0.486,0.014666666666666661
20260920,5,45,D,OR,B,False,0.5175555555555555,0.07511111111111107
20260920,5,45,E,B,B,True,0.5104444444444444,0.06933333333333325
20260920,5,45,F,OR,OR,True,0.7362222222222222,0.504
20260920,5,45,G,B,B,True,0.5968888888888889,0.238
20260920,5,45,H,OR,OR,True,0.8751111111111112,0.7835555555555556
20260920,5,45,I,B,B,True,0.6431111111111111,0.31555555555555553
20260920,5,45,J,B,B,True,0.5277777777777778,0.09711111111111115
20260920,5,45,K,OR,OR,True,0.7786666666666666,0.6466666666666666
20260920,5,45,L,B,B,True,0.6053333333333334,0.24222222222222228
20260920,5,45,M,OR,OR,True,0.7375555555555555,0.5882222222222222
20260920,5,45,N,OR,OR,True,0.5786666666666667,0.19466666666666665
20260920,5,45,O,B,B,True,0.6397777777777777,0.3217777777777777
20260920,5,45,P,B,B,True,0.5217777777777778,0.08333333333333331
20260920,6,46,A,OR,OR,True,0.466,0.02555555555555561
20260920,6,46,B,B,B,True,0.6952592592592592,0.46829629629629627
20260920,6,46,C,OR,B,False,0.538,0.12911111111111118
20260920,6,46,D,OR,B,False,0.47241695341695344,0.06781168461168463
20260920,6,46,E,B,B,True,0.6166666666666667,0.28577777777777785
20260920,6,46,F,OR,B,False,0.4912125282125282,0.0693139453139453
20260920,6,46,G,B,B,True,0.7046666666666667,0.4922222222222222
20260920,6,46,H,OR,OR,True,0.5809629629629629,0.2883703703703703
20260920,6,46,I,B,B,True,0.6579999999999999,0.3508888888888888
20260920,6,46,J,B,B,True,0.6168888888888889,0.27177777777777784
20260920,6,46,K,OR,OR,True,0.5494545454545455,0.2862424242424243
20260920,6,46,L,B,B,True,0.6345811965811966,0.34494017094017093
20260920,6,46,M,OR,OR,True,0.5242222222222223,0.25000000000000006
20260920,6,46,N,OR,B,False,0.5402222222222223,0.1488888888888889
20260920,6,46,O,B,B,True,0.7113333333333334,0.5086666666666667
20260920,6,46,P,B,B,True,0.48954360454360457,0.10077609797609799
20260920,7,47,A,OR,OR,True,0.6837013888888889,0.4027361111111111
20260920,7,47,B,B,B,True,0.5316111111111111,0.1803310305123777
20260920,7,47,C,OR,B,False,0.4971111111111111,0.12311111111111112
20260920,7,47,D,OR,B,False,0.4869652777777778,0.061486111111111186
20260920,7,47,E,B,B,True,0.5582222222222222,0.24177777777777776
20260920,7,47,F,OR,OR,True,0.646798611111111,0.3353749999999999
20260920,7,47,G,B,B,True,0.5270347222222223,0.2198380109383996
20260920,7,47,H,OR,OR,True,0.7805786917098446,0.6158217472654002
20260920,7,47,I,B,B,True,0.6766666666666666,0.44066666666666665
20260920,7,47,J,B,B,True,0.5528888888888889,0.22333333333333333
20260920,7,47,K,OR,OR,True,0.7541180555555556,0.6083402777777778
20260920,7,47,L,B,B,True,0.4911865079365079,0.07437186446253802
20260920,7,47,M,OR,OR,True,0.6133333333333333,0.40688888888888886
20260920,7,47,N,OR,OR,True,0.4944467472654001,0.0666689694876223
20260920,7,47,O,B,B,True,0.5143333333333333,0.248650700441374
20260920,7,47,P,B,B,True,0.5047569444444444,0.0948472222222222
20260920,8,48,A,OR,OR,True,0.5365923232323233,0.14679676767676775
20260920,8,48,B,B,B,True,0.55,0.2553818181818182
20260920,8,48,C,OR,B,False,0.48488888888888887,0.05399999999999999
20260920,8,48,D,OR,B,False,0.6284444444444444,0.33355555555555544
20260920,8,48,E,B,B,True,0.6155555555555555,0.31711111111111107
20260920,8,48,F,OR,OR,True,0.4826332757026256,0.027327157465857232
20260920,8,48,G,B,B,True,0.5328253968253969,0.2970556998556999
20260920,8,48,H,OR,OR,True,0.6804219688196458,0.4405588005541544
20260920,8,48,I,B,B,True,0.632888888888889,0.350888888888889
20260920,8,48,J,B,B,True,0.5666666666666667,0.22533333333333333
20260920,8,48,K,OR,OR,True,0.6468595134649582,0.378385693596583
20260920,8,48,L,B,B,True,0.5448444444444445,0.21841212121212122
20260920,8,48,M,OR,OR,True,0.6411266805990944,0.36692002786485545
20260920,8,48,N,OR,B,False,0.5264444444444444,0.15356767676767674
20260920,8,48,O,B,B,True,0.5211111111111111,0.2971111111111111
20260920,8,48,P,B,B,True,0.6651111111111111,0.39599999999999996
20260920,9,49,A,OR,OR,True,0.6564490299823633,0.4106758377425044
20260920,9,49,B,B,OR,False,0.5153777777777778,0.21561034685479136
20260920,9,49,C,OR,OR,True,0.5519999999999999,0.23111111111111104
20260920,9,49,D,OR,OR,True,0.6115817245817247,0.3247190047190048
20260920,9,49,E,B,OR,False,0.49577777777777776,0.09577777777777774
20260920,9,49,F,OR,OR,True,0.7062742742742744,0.5012152152152153
20260920,9,49,G,B,OR,False,0.4297283950617284,0.11869543866929488
20260920,9,49,H,OR,OR,True,0.7130371184371184,0.5491488988377877
20260920,9,49,I,B,OR,False,0.5082222222222222,0.11822222222222228
20260920,9,49,J,B,OR,False,0.5257777777777778,0.1706666666666667
20260920,9,49,K,OR,OR,True,0.5823650793650794,0.371920634920635
20260920,9,49,L,B,OR,False,0.5558267696267696,0.27298569680791895
20260920,9,49,M,OR,OR,True,0.5535128205128206,0.33040170940170943
20260920,9,49,N,OR,OR,True,0.5679947089947089,0.24465373309817745
20260920,9,49,O,B,OR,False,0.3697777777777778,0.04206854099664564
20260920,9,49,P,B,OR,False,0.6006981266981267,0.3047851422851423
20260920,10,50,A,OR,OR,True,0.6687546296296296,0.4103981481481481
20260920,10,50,B,B,B,True,0.5270767841011743,0.12080668473351397
20260920,10,50,C,OR,B,False,0.5966666666666666,0.28155555555555545
20260920,10,50,D,OR,B,False,0.5142559523809525,0.1280674603174604
20260920,10,50,E,B,B,True,0.5508888888888889,0.22422222222222216
20260920,10,50,F,OR,OR,True,0.5395218253968254,0.14904365079365073
20260920,10,50,G,B,B,True,0.551680216802168,0.1815149051490515
20260920,10,50,H,OR,OR,True,0.6490540876242096,0.41763663053297195
20260920,10,50,I,B,B,True,0.6833333333333333,0.4146666666666667
20260920,10,50,J,B,B,True,0.6357777777777778,0.3422222222222222
20260920,10,50,K,OR,OR,True,0.5980694444444444,0.35762499999999997
20260920,10,50,L,B,B,True,0.502972915860111,0.06816127887469348
20260920,10,50,M,OR,OR,True,0.5220138888888888,0.2815694444444443
20260920,10,50,N,OR,B,False,0.5007990063233966,0.0695844625112918
20260920,10,50,O,B,B,True,0.5284272809394761,0.13995889792231264
20260920,10,50,P,B,B,True,0.5519642857142858,0.20859523809523822
20260920,11,51,A,OR,OR,True,0.9055555555555556,0.8437777777777777
20260920,11,51,B,B,OR,False,0.7884444444444444,0.6184444444444444
20260920,11,51,C,OR,B,False,0.43333333333333335,0.07900000000000001
20260920,11,51,D,OR,B,False,0.5162222222222222,0.11888888888888893
20260920,11,51,E,B,OR,False,0.4285555555555556,0.12622222222222224
20260920,11,51,F,OR,OR,True,0.6977777777777778,0.43822222222222224
20260920,11,51,G,B,OR,False,0.7655555555555557,0.587957922419461
20260920,11,51,H,OR,OR,True,0.8950555555555556,0.8380882016036656
20260920,11,51,I,B,B,True,0.6504444444444444,0.4113333333333333
20260920,11,51,J,B,B,True,0.45555555555555555,0.10966666666666663
20260920,11,51,K,OR,OR,True,0.7864444444444445,0.656888888888889
20260920,11,51,L,B,OR,False,0.7904444444444445,0.6215555555555556
20260920,11,51,M,OR,OR,True,0.7899999999999999,0.6573333333333332
20260920,11,51,N,OR,OR,True,0.6322222222222222,0.3980996563573883
20260920,11,51,O,B,OR,False,0.81,0.6768836291913216
20260920,11,51,P,B,B,True,0.6213333333333334,0.33844444444444455
20260920,12,52,A,OR,OR,True,0.6476439393939394,0.4448434343434343
20260920,12,52,B,B,OR,False,0.465585636154289,0.1224884858952216
20260920,12,52,C,OR,OR,True,0.43377777777777776,0.017111111111111077
20260920,12,52,D,OR,OR,True,0.5394592592592592,0.24691851851851843
20260920,12,52,E,B,B,True,0.44488888888888894,0.05355555555555558
20260920,12,52,F,OR,OR,True,0.6295426487093153,0.40088159371492693
20260920,12,52,G,B,OR,False,0.42526151410477836,0.12066465169833052
20260920,12,52,H,OR,OR,True,0.6749015753388811,0.5247349246644755
20260920,12,52,I,B,B,True,0.4464444444444444,0.06690740740740736
20260920,12,52,J,B,OR,False,0.4291111111111111,0.0024444444444444158
20260920,12,52,K,OR,OR,True,0.5795050505050505,0.3041717171717172
20260920,12,52,L,B,OR,False,0.48124105040037685,0.13802959648296437
20260920,12,52,M,OR,OR,True,0.5813997873471558,0.31228867623604467
20260920,12,52,N,OR,OR,True,0.48920999284729855,0.16592666986984017
20260920,12,52,O,B,OR,False,0.4045289291882556,0.11504979850316638
20260920,12,52,P,B,OR,False,0.5361259259259259,0.22958518518518517
20260920,13,53,A,OR,OR,True,0.7354009139009139,0.5464669071669072
20260920,13,53,B,B,OR,False,0.6356814814814815,0.3340296296296297
20260920,13,53,C,OR,OR,True,0.47,0.014444444444444426
20260920,13,53,D,OR,OR,True,0.5691780952380953,0.19106698412698414
20260920,13,53,E,B,B,True,0.47400000000000003,0.019111111111111134
20260920,13,53,F,OR,OR,True,0.6910571428571429,0.42872380952380956
20260920,13,53,G,B,OR,False,0.5716111111111111,0.20238888888888884
20260920,13,53,H,OR,OR,True,0.7335027471257863,0.5800343408407134
20260920,13,53,I,B,B,True,0.49866666666666665,0.0444444444444444
20260920,13,53,J,B,B,True,0.48333333333333334,0.03311111111111115
20260920,13,53,K,OR,OR,True,0.742340885040885,0.6083230399230399
20260920,13,53,L,B,OR,False,0.6615306550239883,0.385938770365437
20260920,13,53,M,OR,OR,True,0.7409954503013326,0.6100742381801205
20260920,13,53,N,OR,OR,True,0.5512071789938456,0.1731322415855749
20260920,13,53,O,B,OR,False,0.6243888888888889,0.3146111111111111
20260920,13,53,P,B,OR,False,0.5411804585537918,0.1323532980599647
20260920,14,54,A,OR,OR,True,0.6193333333333333,0.31911111111111107
20260920,14,54,B,B,B,True,0.6330336186976372,0.3759436115069426
20260920,14,54,C,OR,OR,True,0.46355555555555555,0.008666666666666711
20260920,14,54,D,OR,B,False,0.4602222222222222,0.018888888888888844
20260920,14,54,E,B,OR,False,0.466,0.028444444444444494
20260920,14,54,F,OR,OR,True,0.5909838383838384,0.25263434343434343
20260920,14,54,G,B,B,True,0.6375768234691509,0.39799247671830795
20260920,14,54,H,OR,OR,True,0.7472251754762784,0.5683140988015988
20260920,14,54,I,B,B,True,0.5414814814814815,0.18214814814814811
20260920,14,54,J,B,B,True,0.49599999999999994,0.09177777777777774
20260920,14,54,K,OR,OR,True,0.7201971920289855,0.5821971920289855
20260920,14,54,L,B,B,True,0.5845519040134961,0.2721531061939374
20260920,14,54,M,OR,OR,True,0.6895169987922706,0.5270339975845411
20260920,14,54,N,OR,OR,True,0.47826774281634576,0.045290647623147606
20260920,14,54,O,B,B,True,0.6187538484579405,0.34833477286060394
20260920,14,54,P,B,B,True,0.492,0.08399999999999996
20260920,15,55,A,OR,OR,True,0.7176773504273505,0.5189102564102565
20260920,15,55,B,B,OR,False,0.5374380341880342,0.17264046997780153
20260920,15,55,C,OR,OR,True,0.5035555555555555,0.10133333333333333
20260920,15,55,D,OR,OR,True,0.621881808278867,0.31443028322440075
20260920,15,55,E,B,OR,False,0.466,0.017111111111111132
20260920,15,55,F,OR,OR,True,0.7015985838779956,0.46430827886710235
20260920,15,55,G,B,OR,False,0.49920424637091304,0.09660087112086235
20260920,15,55,H,OR,OR,True,0.7001758784640638,0.5055761747858349
20260920,15,55,I,B,OR,False,0.4755555555555555,0.04599999999999993
20260920,15,55,J,B,OR,False,0.4771111111111111,0.047111111111111104
20260920,15,55,K,OR,OR,True,0.7002055555555556,0.5570944444444446
20260920,15,55,L,B,OR,False,0.5698432629462041,0.23034650447105265
20260920,15,55,M,OR,OR,True,0.6869389474851569,0.5300831165853714
20260920,15,55,N,OR,OR,True,0.575110326857597,0.2392750976037183
20260920,15,55,O,B,OR,False,0.5072500000000001,0.11360442302308893
20260920,15,55,P,B,OR,False,0.5935724400871458,0.2560337690631807
20260920,16,56,A,OR,OR,True,0.7024444444444444,0.4251111111111111
20260920,16,56,B,B,B,True,0.6008888888888889,0.2406666666666667
20260920,16,56,C,OR,OR,True,0.46577777777777774,0.002222222222222181
20260920,16,56,D,OR,B,False,0.6176666666666667,0.30888888888888894
20260920,16,56,E,B,OR,False,0.4922222222222222,0.05244444444444446
20260920,16,56,F,OR,B,False,0.5592222222222223,0.17200000000000004
20260920,16,56,G,B,B,True,0.5624444444444445,0.16933333333333345
20260920,16,56,H,OR,OR,True,0.7615555555555555,0.5584444444444444
20260920,16,56,I,B,B,True,0.5591111111111111,0.16466666666666663
20260920,16,56,J,B,B,True,0.5162222222222222,0.08666666666666667
20260920,16,56,K,OR,OR,True,0.7464444444444445,0.5640000000000001
20260920,16,56,L,B,B,True,0.522888888888889,0.08200000000000007
20260920,16,56,M,OR,OR,True,0.6991111111111111,0.454
20260920,16,56,N,OR,OR,True,0.5531111111111111,0.1528888888888889
20260920,16,56,O,B,B,True,0.6366666666666667,0.31111111111111117
20260920,16,56,P,B,B,True,0.6292222222222221,0.33422222222222214
20260920,17,57,A,OR,OR,True,0.6701532567049809,0.4702528735632185
20260920,17,57,B,B,OR,False,0.4862222222222222,0.09777777777777774
20260920,17,57,C,OR,B,False,0.47355555555555556,0.012666666666666715
20260920,17,57,D,OR,OR,True,0.48426143790849674,0.14052287581699346
20260920,17,57,E,B,B,True,0.45888888888888885,0.0011111111111110628
20260920,17,57,F,OR,OR,True,0.6241271129141311,0.3753116970926301
20260920,17,57,G,B,OR,False,0.45733333333333337,0.05044444444444446
20260920,17,57,H,OR,OR,True,0.6978502264019505,0.5167927551375826
20260920,17,57,I,B,B,True,0.5284444444444445,0.13177777777777783
20260920,17,57,J,B,B,True,0.49111111111111116,0.04800000000000004
20260920,17,57,K,OR,OR,True,0.6605774991292233,0.44996447230929987
20260920,17,57,L,B,OR,False,0.5106666666666667,0.14311111111111113
20260920,17,57,M,OR,OR,True,0.6510421455938697,0.44887356321839084
20260920,17,57,N,OR,OR,True,0.5180919540229885,0.16966283524904208
20260920,17,57,O,B,OR,False,0.46555555555555556,0.06088888888888888
20260920,17,57,P,B,OR,False,0.4711503267973856,0.10052287581699343
20260920,18,58,A,OR,OR,True,0.6837707079637808,0.46976363814978384
20260920,18,58,B,B,OR,False,0.5364768129474011,0.17672280152204245
20260920,18,58,C,OR,OR,True,0.6337777777777779,0.3313333333333334
20260920,18,58,D,OR,OR,True,0.5551696234049176,0.1918948023653907
20260920,18,58,E,B,OR,False,0.5673333333333334,0.21800000000000003
20260920,18,58,F,OR,OR,True,0.6437172654616041,0.3678789753676527
20260920,18,58,G,B,OR,False,0.512868806001933,0.1421390456956222
20260920,18,58,H,OR,OR,True,0.7167694020451064,0.5495215997891376
20260920,18,58,I,B,OR,False,0.5617777777777777,0.1917777777777777
20260920,18,58,J,B,OR,False,0.5984444444444444,0.26222222222222225
20260920,18,58,K,OR,OR,True,0.7209013491091277,0.5751360315515889
20260920,18,58,L,B,OR,False,0.5627078742608155,0.22607811411302875
20260920,18,58,M,OR,OR,True,0.7212968517546304,0.577704814620372
20260920,18,58,N,OR,OR,True,0.611432275634268,0.33263372689577625
20260920,18,58,O,B,OR,False,0.5285798483135945,0.1638220622185868
20260920,18,58,P,B,OR,False,0.5374976657329599,0.14610644257703087
20260920,19,59,A,OR,OR,True,0.6800553577247127,0.44144404878275856
20260920,19,59,B,B,B,True,0.4550444444444445,0.04853333333333337
20260920,19,59,C,OR,B,False,0.49,0.05622222222222223
20260920,19,59,D,OR,B,False,0.5201775335775335,0.17724395604395599
20260920,19,59,E,B,B,True,0.5591111111111111,0.18777777777777777
20260920,19,59,F,OR,OR,True,0.5946212867379533,0.2623536845870179
20260920,19,59,G,B,B,True,0.38758483245149916,0.01539188712522055
20260920,19,59,H,OR,OR,True,0.6974412517053705,0.49435432305647364
20260920,19,59,I,B,B,True,0.5680740740740741,0.20629629629629626
20260920,19,59,J,B,B,True,0.5334074074074074,0.1316296296296297
20260920,19,59,K,OR,OR,True,0.5643367490534158,0.3474478601645269
20260920,19,59,L,B,OR,False,0.4704474747474748,0.05511717171717173
20260920,19,59,M,OR,OR,True,0.5504760381593716,0.3340315937149272
20260920,19,59,N,OR,OR,True,0.49218134763786936,0.049024531024531026
20260920,19,59,O,B,B,True,0.43416049382716054,0.13098765432098775
20260920,19,59,P,B,B,True,0.6086664224664224,0.3455550671550672
20260920,20,60,A,OR,OR,True,0.5908888888888889,0.22400000000000003
20260920,20,60,B,B,B,True,0.5969343074581431,0.2656375038051751
20260920,20,60,C,OR,B,False,0.513888888888889,0.10333333333333339
20260920,20,60,D,OR,OR,True,0.52952,0.11370666666666668
20260920,20,60,E,B,B,True,0.5623333333333334,0.1831111111111111
20260920,20,60,F,OR,OR,True,0.589890898021309,0.21644846270928464
20260920,20,60,G,B,B,True,0.6229637747336377,0.33766088280060885
20260920,20,60,H,OR,OR,True,0.6630957487922705,0.38839111111111113
20260920,20,60,I,B,B,True,0.6175555555555555,0.29533333333333334
20260920,20,60,J,B,B,True,0.5648888888888889,0.19444444444444442
20260920,20,60,K,OR,OR,True,0.5862032288698955,0.3221500474833808
20260920,20,60,L,B,B,True,0.5645402130898022,0.18952042617960435
20260920,20,60,M,OR,OR,True,0.568977207977208,0.301980056980057
20260920,20,60,N,OR,B,False,0.5033076006441224,0.07437925925925926
20260920,20,60,O,B,B,True,0.6360044444444444,0.3773377777777777
20260920,20,60,P,B,B,True,0.4778488888888888,0.011253333333333282
20260920,21,61,A,OR,OR,True,0.6090022446689113,0.3347800224466891
20260920,21,61,B,B,B,True,0.6175726495726496,0.34320590520590516
20260920,21,61,C,OR,B,False,0.5513333333333333,0.17688888888888887
20260920,21,61,D,OR,B,False,0.5186666666666667,0.17894949494949502
20260920,21,61,E,B,B,True,0.5602222222222222,0.23022222222222216
20260920,21,61,F,OR,OR,True,0.5123905723905724,0.12172390572390573
20260920,21,61,G,B,B,True,0.5884501424501424,0.29248277648277643
20260920,21,61,H,OR,OR,True,0.6755093671760338,0.478683156349823
20260920,21,61,I,B,B,True,0.6955555555555556,0.45022222222222225
20260920,21,61,J,B,B,True,0.6117777777777778,0.2893333333333333
20260920,21,61,K,OR,OR,True,0.6412255028921695,0.45277536044202704
20260920,21,61,L,B,B,True,0.5683874643874645,0.24577259777259786
20260920,21,61,M,OR,OR,True,0.5924723301389967,0.36994241560908214
20260920,21,61,N,OR,B,False,0.46395441595441594,0.03216921350254681
20260920,21,61,O,B,B,True,0.6250849673202615,0.36265478312537147
20260920,21,61,P,B,B,True,0.5424444444444444,0.22981818181818175
20260920,22,62,A,OR,OR,True,0.8612314814814815,0.7873518518518519
20260920,22,62,B,B,OR,False,0.6392235449735449,0.38296560846560845
20260920,22,62,C,OR,OR,True,0.5573333333333333,0.13933333333333336
20260920,22,62,D,OR,B,False,0.4953333333333333,0.11222222222222217
20260920,22,62,E,B,OR,False,0.5673333333333334,0.18888888888888888
20260920,22,62,F,OR,OR,True,0.6891904761904761,0.46260317460317457
20260920,22,62,G,B,OR,False,0.6374497354497355,0.3777142857142858
20260920,22,62,H,OR,OR,True,0.8625515873015873,0.787468253968254
20260920,22,62,I,B,B,True,0.5004444444444445,0.030000000000000027
20260920,22,62,J,B,OR,False,0.5035555555555555,0.03711111111111104
20260920,22,62,K,OR,OR,True,0.8330873015873016,0.7486428571428572
20260920,22,62,L,B,OR,False,0.6439722222222223,0.38120370370370377
20260920,22,62,M,OR,OR,True,0.8490092592592593,0.7670092592592593
20260920,22,62,N,OR,OR,True,0.6050555555555556,0.2708492063492064
20260920,22,62,O,B,OR,False,0.6930714285714286,0.4945132275132275
20260920,22,62,P,B,B,True,0.528,0.17755555555555558
20260920,23,63,A,OR,OR,True,0.7744444444444445,0.6031111111111112
20260920,23,63,B,B,B,True,0.5029291166166167,0.0773712462462463
20260920,23,63,C,OR,B,False,0.5828888888888888,0.19844444444444437
20260920,23,63,D,OR,OR,True,0.5487619047619048,0.14396825396825402
20260920,23,63,E,B,B,True,0.5786666666666667,0.2082222222222222
20260920,23,63,F,OR,OR,True,0.7095555555555555,0.4531111111111111
20260920,23,63,G,B,B,True,0.5456388983495691,0.17025695390512469
20260920,23,63,H,OR,OR,True,0.7775601851851852,0.6209361888261888
20260920,23,63,I,B,B,True,0.6433333333333333,0.3144444444444444
20260920,23,63,J,B,B,True,0.617111111111111,0.2666666666666666
20260920,23,63,K,OR,OR,True,0.7406666666666666,0.6102222222222221
20260920,23,63,L,B,OR,False,0.519630787037037,0.09962919169169165
20260920,23,63,M,OR,OR,True,0.73,0.6
20260920,23,63,N,OR,B,False,0.5005372240647241,0.04697935369435374
20260920,23,63,O,B,B,True,0.47717585008789276,0.029433951939744574
20260920,23,63,P,B,OR,False,0.5167301587301588,0.08079365079365092
20260920,24,64,A,OR,OR,True,0.7977777777777778,0.6588888888888889
20260920,24,64,B,B,OR,False,0.605111111111111,0.27799999999999997
20260920,24,64,C,OR,B,False,0.5044444444444445,0.026444444444444493
20260920,24,64,D,OR,B,False,0.5222222222222223,0.1186666666666667
20260920,24,64,E,B,OR,False,0.4862222222222222,0.03111111111111109
20260920,24,64,F,OR,OR,True,0.5911111111111111,0.25022222222222223
20260920,24,64,G,B,OR,False,0.5926666666666667,0.25822222222222224
20260920,24,64,H,OR,OR,True,0.7738146031746032,0.6322907936507937
20260920,24,64,I,B,B,True,0.6082222222222222,0.2271111111111111
20260920,24,64,J,B,B,True,0.5544444444444444,0.12488888888888883
20260920,24,64,K,OR,OR,True,0.7135555555555555,0.5617777777777777
20260920,24,64,L,B,OR,False,0.6124444444444445,0.2864444444444445
20260920,24,64,M,OR,OR,True,0.7008888888888889,0.5286666666666666
20260920,24,64,N,OR,OR,True,0.5628438095238095,0.18546285714285715
20260920,24,64,O,B,OR,False,0.6306666666666667,0.3342222222222223
20260920,24,64,P,B,B,True,0.5691111111111111,0.2135555555555556
20260920,25,65,A,OR,OR,True,0.6757419069606051,0.3950393694767658
20260920,25,65,B,B,B,True,0.6311752012882448,0.3472392914653784
20260920,25,65,C,OR,OR,True,0.5126666666666666,0.12177777777777771
20260920,25,65,D,OR,B,False,0.5507638647342995,0.16830550724637683
20260920,25,65,E,B,B,True,0.5,0.08911111111111114
20260920,25,65,F,OR,OR,True,0.588837638842708,0.21345305546319376
20260920,25,65,G,B,B,True,0.6231851108633717,0.34103688839341006
20260920,25,65,H,OR,OR,True,0.7741567420036525,0.6006468173406383
20260920,25,65,I,B,B,True,0.512,0.12911111111111112
20260920,25,65,J,B,OR,False,0.4573333333333333,0.0011111111111110628
20260920,25,65,K,OR,OR,True,0.6545496899614546,0.4807719121836768
20260920,25,65,L,B,B,True,0.5912895330112721,0.258356843800322
20260920,25,65,M,OR,OR,True,0.6200030668677726,0.4268919557566615
20260920,25,65,N,OR,OR,True,0.4830884452305279,0.04439911268327812
20260920,25,65,O,B,B,True,0.6195989347206738,0.33830898055245884
20260920,25,65,P,B,B,True,0.6310994202898551,0.3230877294685991
20260920,26,66,A,OR,OR,True,0.6551154205271852,0.3602308410543705
20260920,26,66,B,B,B,True,0.6764444444444444,0.4253333333333333
20260920,26,66,C,OR,B,False,0.5126666666666667,0.11600000000000005
20260920,26,66,D,OR,B,False,0.6031937441643325,0.3048866064944497
20260920,26,66,E,B,OR,False,0.4802222222222222,0.048222222222222166
20260920,26,66,F,OR,B,False,0.4843287289274685,0.036375270906083335
20260920,26,66,G,B,B,True,0.6475555555555556,0.3811111111111111
20260920,26,66,H,OR,OR,True,0.7840583579883951,0.6214500493101235
20260920,26,66,I,B,B,True,0.6208888888888888,0.33711111111111103
20260920,26,66,J,B,B,True,0.5564444444444445,0.19533333333333341
20260920,26,66,K,OR,OR,True,0.7838878829607772,0.6462202103659989
20260920,26,66,L,B,B,True,0.6496581196581197,0.3684273504273505
20260920,26,66,M,OR,OR,True,0.6894372753673125,0.5033189951790694
20260920,26,66,N,OR,OR,True,0.49213086260145084,0.052293471234647726
20260920,26,66,O,B,B,True,0.6793333333333333,0.44266666666666665
20260920,26,66,P,B,B,True,0.6691661998132586,0.4294964207905384
20260920,27,67,A,OR,OR,True,0.7032116161616161,0.48220101010101
20260920,27,67,B,B,B,True,0.49540690235690227,0.13748047138047126
20260920,27,67,C,OR,B,False,0.5493333333333333,0.14511111111111114
20260920,27,67,D,OR,OR,True,0.4696606060606061,0.02198787878787889
20260920,27,67,E,B,B,True,0.538888888888889,0.13688888888888895
20260920,27,67,F,OR,OR,True,0.5935777777777779,0.25626666666666675
20260920,27,67,G,B,B,True,0.45402845117845114,0.14516801346801345
20260920,27,67,H,OR,OR,True,0.7302394595693678,0.5479567996367078
20260920,27,67,I,B,B,True,0.6017777777777779,0.23577777777777786
20260920,27,67,J,B,B,True,0.5806111111111111,0.20899999999999996
20260920,27,67,K,OR,OR,True,0.6592727272727272,0.4478787878787879
20260920,27,67,L,B,B,True,0.4502698653198653,0.02720639730639729
20260920,27,67,M,OR,OR,True,0.6686464646464646,0.4659595959595959
20260920,27,67,N,OR,OR,True,0.47995016835016835,0.03012255892255894
20260920,27,67,O,B,B,True,0.4582397643097643,0.1662573063973064
20260920,27,67,P,B,B,True,0.46367272727272724,0.008012121212121137
20260920,28,68,A,OR,OR,True,0.5837777777777777,0.33999999999999997
20260920,28,68,B,B,OR,False,0.44022222222222224,0.14555555555555555
20260920,28,68,C,OR,OR,True,0.538888888888889,0.1862222222222223
20260920,28,68,D,OR,OR,True,0.3910864197530864,0.06241975308641973
20260920,28,68,E,B,B,True,0.48044444444444445,0.0451111111111111
20260920,28,68,F,OR,OR,True,0.5194074074074074,0.2602962962962963
20260920,28,68,G,B,OR,False,0.4324444444444444,0.1395555555555555
20260920,28,68,H,OR,OR,True,0.6020555555555556,0.3425
20260920,28,68,I,B,B,True,0.43177777777777776,0.014888888888888896
20260920,28,68,J,B,OR,False,0.47244444444444444,0.08111111111111108
20260920,28,68,K,OR,OR,True,0.5719166666666666,0.2930277777777777
20260920,28,68,L,B,OR,False,0.4602222222222222,0.18511111111111106
20260920,28,68,M,OR,OR,True,0.5864444444444444,0.32466666666666666
20260920,28,68,N,OR,OR,True,0.48288888888888887,0.2142222222222222
20260920,28,68,O,B,OR,False,0.41155555555555556,0.09555555555555556
20260920,28,68,P,B,OR,False,0.3664197530864197,0.053975308641975306
20260920,29,69,A,OR,OR,True,0.6832222222222222,0.41977777777777775
20260920,29,69,B,B,B,True,0.538,0.14822222222222226
20260920,29,69,C,OR,B,False,0.6571111111111112,0.36022222222222233
20260920,29,69,D,OR,B,False,0.5624444444444445,0.19244444444444453
20260920,29,69,E,B,B,True,0.6531111111111111,0.3668888888888889
20260920,29,69,F,OR,OR,True,0.651037037037037,0.34851851851851845
20260920,29,69,G,B,B,True,0.56,0.18333333333333335
20260920,29,69,H,OR,OR,True,0.7378888888888889,0.5388837209302326
20260920,29,69,I,B,B,True,0.7611111111111111,0.5326666666666666
20260920,29,69,J,B,B,True,0.7022222222222222,0.4346666666666666
20260920,29,69,K,OR,OR,True,0.6071111111111112,0.34466666666666673
20260920,29,69,L,B,B,True,0.4964444444444445,0.05622222222222234
20260920,29,69,M,OR,OR,True,0.5973333333333334,0.31733333333333336
20260920,29,69,N,OR,B,False,0.517891472868217,0.07889147286821702
20260920,29,69,O,B,B,True,0.5888888888888889,0.26422222222222225
20260920,29,69,P,B,B,True,0.5717777777777778,0.2104444444444445
20260920,30,70,A,OR,OR,True,0.7837777777777777,0.6315555555555554
20260920,30,70,B,B,OR,False,0.5103333333333333,0.15955067155067149
20260920,30,70,C,OR,B,False,0.49955555555555553,0.055555555555555525
20260920,30,70,D,OR,OR,True,0.6188888888888889,0.27822222222222226
20260920,30,70,E,B,B,True,0.46844444444444444,0.01222222222222219
20260920,30,70,F,OR,OR,True,0.7140000000000001,0.47377777777777785
20260920,30,70,G,B,OR,False,0.4311111111111111,0.08864224664224662
20260920,30,70,H,OR,OR,True,0.7720637944066515,0.6186476603936921
20260920,30,70,I,B,B,True,0.5495555555555555,0.14288888888888884
20260920,30,70,J,B,B,True,0.5348888888888889,0.11844444444444446
20260920,30,70,K,OR,OR,True,0.7046666666666667,0.5617777777777777
20260920,30,70,L,B,OR,False,0.5752222222222223,0.26177533577533585
20260920,30,70,M,OR,OR,True,0.7035555555555555,0.5593333333333332
20260920,30,70,N,OR,OR,True,0.5380170823885109,0.13110160797462372
20260920,30,70,O,B,OR,False,0.4245555555555555,0.09133089133089128
20260920,30,70,P,B,OR,False,0.5957777777777779,0.23155555555555568
20260920,31,71,A,OR,OR,True,0.7036226220979889,0.48280079975153345
20260920,31,71,B,B,B,True,0.6106666666666667,0.3257777777777778
20260920,31,71,C,OR,OR,True,0.5258543543543543,0.11207657657657655
20260920,31,71,D,OR,B,False,0.5974034474726299,0.31547356161192636
20260920,31,71,E,B,OR,False,0.49457657657657655,0.04213213213213213
20260920,31,71,F,OR,OR,True,0.544041812252504,0.18386140228278586
20260920,31,71,G,B,B,True,0.5703333333333334,0.2443333333333334
20260920,31,71,H,OR,OR,True,0.7855929924683593,0.6554067734671847
20260920,31,71,I,B,B,True,0.5244444444444444,0.10866666666666663
20260920,31,71,J,B,B,True,0.4731111111111111,0.003978978978978975
20260920,31,71,K,OR,OR,True,0.7286866177498253,0.5865732354996507
20260920,31,71,L,B,B,True,0.5755807127882601,0.2513836477987423
20260920,31,71,M,OR,OR,True,0.7249893431167016,0.576867575122292
20260920,31,71,N,OR,OR,True,0.5200067425916483,0.10873420590401722
20260920,31,71,O,B,B,True,0.6058111111111111,0.3172333333333333
20260920,31,71,P,B,B,True,0.6307698579082227,0.3944286047053343
20260920,32,72,A,OR,OR,True,0.4764967320261438,0.09731938997821343
20260920,32,72,B,B,B,True,0.5729777777777778,0.2807555555555556
20260920,32,72,C,OR,OR,True,0.5191111111111112,0.09955555555555567
20260920,32,72,D,OR,B,False,0.5105333333333334,0.22008888888888894
20260920,32,72,E,B,B,True,0.4871111111111111,0.035999999999999976
20260920,32,72,F,OR,OR,True,0.4764967320261438,0.09622309368191723
20260920,32,72,G,B,B,True,0.5832148148148149,0.3161037037037037
20260920,32,72,H,OR,OR,True,0.5668235294117647,0.30466928104575164
20260920,32,72,I,B,B,True,0.5246666666666667,0.1495555555555556
20260920,32,72,J,B,B,True,0.4717777777777778,0.004444444444444473
20260920,32,72,K,OR,OR,True,0.550323892519971,0.32162556281771976
20260920,32,72,L,B,B,True,0.495281917211329,0.12244531590413948
20260920,32,72,M,OR,OR,True,0.5471633986928104,0.3230971677559912
20260920,32,72,N,OR,OR,True,0.4883398692810458,0.09642788671023966
20260920,32,72,O,B,B,True,0.6105185185185185,0.36585185185185176
20260920,32,72,P,B,B,True,0.5790222222222222,0.34857777777777776
20260920,33,73,A,OR,OR,True,0.7521754802803345,0.5414620716717803
20260920,33,73,B,B,B,True,0.498314708994709,0.06729354497354495
20260920,33,73,C,OR,OR,True,0.541624774275937,0.1203606596629852
20260920,33,73,D,OR,B,False,0.4830434124527004,0.050086824905400784
20260920,33,73,E,B,OR,False,0.4901587301587301,0.016539682539682465
20260920,33,73,F,OR,OR,True,0.6371013789270374,0.3039805356318526
20260920,33,73,G,B,B,True,0.4752186406186406,0.02064680504680505
20260920,33,73,H,OR,OR,True,0.8088955941350763,0.6571194422384066
20260920,33,73,I,B,B,True,0.5165062138550511,0.08723464993232438
20260920,33,73,J,B,OR,False,0.497967336106871,0.03371244999151979
20260920,33,73,K,OR,OR,True,0.7519444476839298,0.5876666731456375
20260920,33,73,L,B,OR,False,0.47279934577434574,0.005375199485199433
20260920,33,73,M,OR,OR,True,0.7328382453277275,0.5572320462110105
20260920,33,73,N,OR,OR,True,0.5714405174131553,0.18665627292154868
20260920,33,73,O,B,B,True,0.5186270514670515,0.11858616642616643
20260920,33,73,P,B,B,True,0.5046355693154455,0.08993780529755768
20260920,34,74,A,OR,OR,True,0.6933405017921147,0.5080143369175627
20260920,34,74,B,B,OR,False,0.47832727427888716,0.1475434374466632
20260920,34,74,C,OR,OR,True,0.5526666666666666,0.22688888888888886
20260920,34,74,D,OR,OR,True,0.5764444444444444,0.2568888888888889
20260920,34,74,E,B,OR,False,0.49488888888888893,0.11266666666666669
20260920,34,74,F,OR,OR,True,0.7255913978494625,0.5316272401433693
20260920,34,74,G,B,OR,False,0.3965484724355692,0.07131916709336061
20260920,34,74,H,OR,OR,True,0.718673835125448,0.5640143369175628
20260920,34,74,I,B,OR,False,0.4895555555555556,0.09333333333333338
20260920,34,74,J,B,OR,False,0.5157777777777778,0.14644444444444443
20260920,34,74,K,OR,OR,True,0.6233333333333333,0.3933333333333333
20260920,34,74,L,B,OR,False,0.5184278033794163,0.20663338453661034
20260920,34,74,M,OR,OR,True,0.6086851851851852,0.3809074074074075
20260920,34,74,N,OR,OR,True,0.5494695340501792,0.22338351254480288
20260920,34,74,O,B,OR,False,0.3983333333333333,0.09311111111111109
20260920,34,74,P,B,OR,False,0.5414497354497354,0.17912169312169307
20260920,35,75,A,OR,OR,True,0.5908660130718955,0.2855326797385621
20260920,35,75,B,B,B,True,0.5084444444444445,0.18108333333333337
20260920,35,75,C,OR,OR,True,0.5084444444444445,0.09400000000000003
20260920,35,75,D,OR,B,False,0.5256000000000001,0.1693777777777778
20260920,35,75,E,B,B,True,0.5382222222222223,0.15422222222222226
20260920,35,75,F,OR,OR,True,0.5988643790849673,0.28019771241830055
20260920,35,75,G,B,B,True,0.5162222222222222,0.22833333333333333
20260920,35,75,H,OR,OR,True,0.6515882352941176,0.4069007352941176
20260920,35,75,I,B,B,True,0.573111111111111,0.2033333333333332
20260920,35,75,J,B,B,True,0.47955555555555557,0.034222222222222265
20260920,35,75,K,OR,OR,True,0.6362222222222222,0.38
20260920,35,75,L,B,B,True,0.46955592592592593,0.0817553703703704
20260920,35,75,M,OR,OR,True,0.6037777777777777,0.3337777777777778
20260920,35,75,N,OR,OR,True,0.4824640522875817,0.049980255991285416
20260920,35,75,O,B,B,True,0.4906666666666667,0.23531944444444447
20260920,35,75,P,B,B,True,0.5477333333333334,0.2177333333333334
20260920,36,76,A,OR,OR,True,0.5344901960784314,0.20809150326797388
20260920,36,76,B,B,B,True,0.5808061002178649,0.33961220043572987
20260920,36,76,C,OR,OR,True,0.5257777777777778,0.17600000000000005
20260920,36,76,D,OR,B,False,0.5091238095238094,0.1560253968253968
20260920,36,76,E,B,B,True,0.4533333333333333,0.03177777777777774
20260920,36,76,F,OR,OR,True,0.46014897369027186,0.04740905849165472
20260920,36,76,G,B,B,True,0.5416949891067537,0.2849455337690631
20260920,36,76,H,OR,OR,True,0.6424180846579939,0.4348361693159878
20260920,36,76,I,B,B,True,0.4826666666666667,0.08622222222222226
20260920,36,76,J,B,OR,False,0.4557777777777777,0.030444444444444385
20260920,36,76,K,OR,OR,True,0.6737246258503402,0.5152801814058957
20260920,36,76,L,B,B,True,0.5508912854030501,0.271560348583878
20260920,36,76,M,OR,OR,True,0.6383112925170067,0.4532864208443461
20260920,36,76,N,OR,OR,True,0.47897594593392917,0.10972966964563607
20260920,36,76,O,B,B,True,0.5682135076252722,0.3237603485838779
20260920,36,76,P,B,B,True,0.5633894179894179,0.2514455026455025
20260920,37,77,A,OR,OR,True,0.6784483987747145,0.42934124199387347
20260920,37,77,B,B,B,True,0.5145229044834309,0.10260136452241725
20260920,37,77,C,OR,OR,True,0.4211111111111111,0.0011111111111111183
20260920,37,77,D,OR,B,False,0.4454425925925926,0.0035518518518518616
20260920,37,77,E,B,B,True,0.48088888888888887,0.0922222222222222
20260920,37,77,F,OR,OR,True,0.6211032929546086,0.3235399192425507
20260920,37,77,G,B,B,True,0.5634407894736843,0.20732602339181289
20260920,37,77,H,OR,OR,True,0.6978848472190577,0.49043636110478217
20260920,37,77,I,B,B,True,0.5764444444444444,0.24577777777777776
20260920,37,77,J,B,B,True,0.49222222222222217,0.11066666666666658
20260920,37,77,K,OR,OR,True,0.6899131313131314,0.5242707070707071
20260920,37,77,L,B,B,True,0.48291066555277085,0.03648799777220835
20260920,37,77,M,OR,OR,True,0.6948363636363637,0.5341171717171718
20260920,37,77,N,OR,OR,True,0.46347606516290724,0.01828546365914785
20260920,37,77,O,B,B,True,0.5313009259259259,0.1434907407407407
20260920,37,77,P,B,B,True,0.4964972222222222,0.10099444444444444
20260920,38,78,A,OR,OR,True,0.6491111111111111,0.3675555555555556
20260920,38,78,B,B,B,True,0.5224814814814815,0.13014814814814823
20260920,38,78,C,OR,OR,True,0.5482222222222222,0.1575555555555555
20260920,38,78,D,OR,B,False,0.46622222222222226,0.006222222222222296
20260920,38,78,E,B,OR,False,0.5306666666666666,0.13111111111111107
20260920,38,78,F,OR,OR,True,0.5133333333333333,0.08466666666666661
20260920,38,78,G,B,B,True,0.4948518518518518,0.10118518518518516
20260920,38,78,H,OR,OR,True,0.6855555555555556,0.4422222222222223
20260920,38,78,I,B,B,True,0.4822222222222222,0.018000000000000016
20260920,38,78,J,B,OR,False,0.5071111111111111,0.06955555555555548
20260920,38,78,K,OR,OR,True,0.7257777777777777,0.594
20260920,38,78,L,B,B,True,0.5111296296296296,0.10007407407407404
20260920,38,78,M,OR,OR,True,0.6771111111111111,0.5086666666666666
20260920,38,78,N,OR,OR,True,0.5378222222222221,0.13890370370370353
20260920,38,78,O,B,B,True,0.5099296296296296,0.12745185185185182
20260920,38,78,P,B,B,True,0.4966666666666667,0.06555555555555564
20260920,39,79,A,OR,OR,True,0.5708888888888889,0.21311111111111114
20260920,39,79,B,B,B,True,0.6560823045267489,0.40586008230452664
20260920,39,79,C,OR,B,False,0.5559999999999999,0.15466666666666656
20260920,39,79,D,OR,B,False,0.6517777777777778,0.382
20260920,39,79,E,B,B,True,0.5626666666666666,0.1726666666666667
20260920,39,79,F,OR,B,False,0.514888888888889,0.0957777777777778
20260920,39,79,G,B,B,True,0.6572181069958848,0.4196625514403292
20260920,39,79,H,OR,OR,True,0.6425671957671958,0.37399618015227776
20260920,39,79,I,B,B,True,0.6457777777777778,0.3308888888888889
20260920,39,79,J,B,B,True,0.5964444444444444,0.22933333333333333
20260920,39,79,K,OR,OR,True,0.6667619047619048,0.5015555555555555
20260920,39,79,L,B,B,True,0.6311522633744856,0.3504855967078189
20260920,39,79,M,OR,OR,True,0.5277460317460317,0.26704761904761903
20260920,39,79,N,OR,B,False,0.5011842656538871,0.05123611750573892
20260920,39,79,O,B,B,True,0.6711522633744856,0.46093004115226344
20260920,39,79,P,B,B,True,0.672,0.42000000000000004
20260921,0,80,A,OR,OR,True,0.7110952380952381,0.46685714285714286
20260921,0,80,B,B,B,True,0.5033366013071896,0.05236383442265796
20260921,0,80,C,OR,OR,True,0.5653333333333334,0.15711111111111115
20260921,0,80,D,OR,OR,True,0.4915555555555555,0.06777777777777777
20260921,0,80,E,B,OR,False,0.6048888888888889,0.2426666666666667
20260921,0,80,F,OR,OR,True,0.635452380952381,0.3240158730158731
20260921,0,80,G,B,B,True,0.4873363155826994,0.029287295974856242
20260921,0,80,H,OR,OR,True,0.8094721444133207,0.6714366635543104
20260921,0,80,I,B,B,True,0.48800000000000004,0.0188888888888889
20260921,0,80,J,B,OR,False,0.5464444444444445,0.12155555555555564
20260921,0,80,K,OR,OR,True,0.726859943977591,0.5601643323996265
20260921,0,80,L,B,OR,False,0.49454987550575785,0.03027840024898848
20260921,0,80,M,OR,OR,True,0.7230952380952381,0.5528571428571429
20260921,0,80,N,OR,OR,True,0.6197664176781823,0.2767790227201991
20260921,0,80,O,B,B,True,0.5339336315582699,0.12592872959748558
20260921,0,80,P,B,B,True,0.46888888888888886,0.02644444444444438
20260921,1,81,A,OR,OR,True,0.6351111111111112,0.3591111111111112
20260921,1,81,B,B,B,True,0.5232592592592593,0.20103703703703713
20260921,1,81,C,OR,OR,True,0.5377777777777778,0.16666666666666669
20260921,1,81,D,OR,B,False,0.49244444444444446,0.16822222222222222
20260921,1,81,E,B,OR,False,0.4826666666666667,0.06244444444444447
20260921,1,81,F,OR,OR,True,0.6344444444444445,0.34755555555555556
20260921,1,81,G,B,B,True,0.4996296296296297,0.2251851851851852
20260921,1,81,H,OR,OR,True,0.7397777777777779,0.571698505523067
20260921,1,81,I,B,B,True,0.48088888888888887,0.0875555555555555
20260921,1,81,J,B,OR,False,0.5031111111111112,0.10555555555555562
20260921,1,81,K,OR,OR,True,0.7029629629629629,0.518148148148148
20260921,1,81,L,B,B,True,0.48918518518518517,0.11162962962962963
20260921,1,81,M,OR,OR,True,0.6653333333333333,0.4417777777777777
20260921,1,81,N,OR,OR,True,0.5335555555555556,0.1654788823911631
20260921,1,81,O,B,B,True,0.4885185185185185,0.23629629629629628
20260921,1,81,P,B,B,True,0.5035555555555555,0.18755555555555553
20260921,2,82,A,OR,OR,True,0.560661112170117,0.23751025852826846
20260921,2,82,B,B,B,True,0.527677258915262,0.16868785116385732
20260921,2,82,C,OR,OR,True,0.45133333333333336,0.05600000000000005
20260921,2,82,D,OR,B,False,0.5028820923959576,0.1628752959030263
20260921,2,82,E,B,OR,False,0.43822222222222224,0.018722222222222196
20260921,2,82,F,OR,OR,True,0.5171006811413258,0.15257743065871998
20260921,2,82,G,B,B,True,0.5335538929021901,0.18755223024882467
20260921,2,82,H,OR,OR,True,0.6174467890693381,0.351748278993377
20260921,2,82,I,B,B,True,0.4533333333333333,0.06688888888888883
20260921,2,82,J,B,OR,False,0.4375555555555556,0.024888888888888905
20260921,2,82,K,OR,OR,True,0.6191032751859222,0.40906125122654535
20260921,2,82,L,B,B,True,0.5237729995036496,0.15887933234063267
20260921,2,82,M,OR,OR,True,0.6178085885762356,0.40869410022939423
20260921,2,82,N,OR,OR,True,0.4958778556387801,0.11348648050832955
20260921,2,82,O,B,B,True,0.5362848297213622,0.19790299277605772
20260921,2,82,P,B,B,True,0.5620005564482452,0.2784455573409348
20260921,3,83,A,OR,OR,True,0.6248055555555555,0.29627777777777775
20260921,3,83,B,B,B,True,0.6015555555555555,0.2762222222222222
20260921,3,83,C,OR,OR,True,0.5446666666666666,0.12155555555555553
20260921,3,83,D,OR,B,False,0.6044444444444445,0.23888888888888887
20260921,3,83,E,B,OR,False,0.5811494252873562,0.20870498084291178
20260921,3,83,F,OR,OR,True,0.5582222222222222,0.15622222222222215
20260921,3,83,G,B,B,True,0.6140000000000001,0.30066666666666675
20260921,3,83,H,OR,OR,True,0.7782669458921332,0.6145236746706011
20260921,3,83,I,B,B,True,0.682888888888889,0.36822222222222234
20260921,3,83,J,B,OR,False,0.5251111111111111,0.08933333333333326
20260921,3,83,K,OR,OR,True,0.7451685453569511,0.5770037573805689
20260921,3,83,L,B,B,True,0.5663126102292769,0.1988474426807761
20260921,3,83,M,OR,OR,True,0.7370327428878153,0.5576210413311862
20260921,3,83,N,OR,OR,True,0.573060443984357,0.18056533241315842
20260921,3,83,O,B,B,True,0.6322222222222221,0.344441890166028
20260921,3,83,P,B,B,True,0.624,0.28044444444444444
20260921,4,84,A,OR,OR,True,0.7062222222222222,0.47577777777777774
20260921,4,84,B,B,OR,False,0.44277777777777777,0.012210454296661177
20260921,4,84,C,OR,OR,True,0.4851111111111111,0.03422222222222221
20260921,4,84,D,OR,OR,True,0.5197142857142857,0.11898412698412691
20260921,4,84,E,B,B,True,0.4762222222222222,0.040666666666666684
20260921,4,84,F,OR,OR,True,0.6171111111111112,0.2964444444444445
20260921,4,84,G,B,OR,False,0.42377777777777775,0.030833880678708236
20260921,4,84,H,OR,OR,True,0.7329777777777778,0.5601542419266557
20260921,4,84,I,B,B,True,0.49622222222222223,0.059111111111111114
20260921,4,84,J,B,B,True,0.4802222222222222,0.03222222222222221
20260921,4,84,K,OR,OR,True,0.5974458874458874,0.39444733044733044
20260921,4,84,L,B,OR,False,0.47570202020202024,0.05428512962133658
20260921,4,84,M,OR,OR,True,0.5966176046176046,0.39532748116081445
20260921,4,84,N,OR,OR,True,0.5411777777777778,0.16178823207443893
20260921,4,84,O,B,B,True,0.38506335522714835,0.011007799671592766
20260921,4,84,P,B,OR,False,0.4756825396825397,0.034031746031746024
20260921,5,85,A,OR,OR,True,0.7328888888888889,0.5246666666666667
20260921,5,85,B,B,B,True,0.5313414141414141,0.11734675146526996
20260921,5,85,C,OR,B,False,0.5032735042735043,0.053658119658119674
20260921,5,85,D,OR,B,False,0.5056080808080808,0.09899393939393941
20260921,5,85,E,B,B,True,0.4954871794871795,0.05830769230769234
20260921,5,85,F,OR,OR,True,0.7029950216450216,0.4579900432900433
20260921,5,85,G,B,B,True,0.5594285714285714,0.17941485400744656
20260921,5,85,H,OR,OR,True,0.7608943758573388,0.5963864393494023
20260921,5,85,I,B,B,True,0.6128888888888889,0.248
20260921,5,85,J,B,B,True,0.5419484126984127,0.11500793650793645
20260921,5,85,K,OR,OR,True,0.7311111111111112,0.5931111111111111
20260921,5,85,L,B,B,True,0.5056267732267733,0.062331539790799084
20260921,5,85,M,OR,OR,True,0.7373333333333334,0.6066666666666667
20260921,5,85,N,OR,OR,True,0.5244269859084674,0.09792507236307552
20260921,5,85,O,B,B,True,0.5411428571428571,0.13180815206741137
20260921,5,85,P,B,B,True,0.5216040404040404,0.13076363636363636
20260921,6,86,A,OR,OR,True,0.7897396825396825,0.6234793650793651
20260921,6,86,B,B,B,True,0.4835978835978836,0.04186243386243388
20260921,6,86,C,OR,B,False,0.486,0.012888888888888894
20260921,6,86,D,OR,B,False,0.4809629629629629,0.04648148148148146
20260921,6,86,E,B,B,True,0.5348888888888889,0.11688888888888882
20260921,6,86,F,OR,OR,True,0.6611111111111111,0.36666666666666664
20260921,6,86,G,B,OR,False,0.45372275132275136,0.003001058201058282
20260921,6,86,H,OR,OR,True,0.8679661375661375,0.7757100529100528
20260921,6,86,I,B,B,True,0.5477777777777778,0.1455555555555556
20260921,6,86,J,B,B,True,0.5268888888888889,0.09999999999999998
20260921,6,86,K,OR,OR,True,0.8391031746031745,0.7475396825396825
20260921,6,86,L,B,OR,False,0.4747269841269841,0.013120634920634922
20260921,6,86,M,OR,OR,True,0.8254641025641025,0.7202615384615384
20260921,6,86,N,OR,OR,True,0.5595513227513228,0.17365820105820112
20260921,6,86,O,B,B,True,0.49002962962962965,0.08472592592592587
20260921,6,86,P,B,B,True,0.5171111111111111,0.11555555555555552
20260921,7,87,A,OR,OR,True,0.5051953722429913,0.16537054246578053
20260921,7,87,B,B,B,True,0.5796851693994551,0.35719862162719307
20260921,7,87,C,OR,B,False,0.6464444444444445,0.4017777777777778
20260921,7,87,D,OR,B,False,0.49253453453453455,0.08240240240240243
20260921,7,87,E,B,B,True,0.66,0.47111111111111115
20260921,7,87,F,OR,OR,True,0.5224913913913913,0.14342722722722712
20260921,7,87,G,B,B,True,0.5851719186719186,0.39280848380848377
20260921,7,87,H,OR,OR,True,0.521526546630519,0.2414624330744024
20260921,7,87,I,B,B,True,0.7502222222222222,0.5473333333333333
20260921,7,87,J,B,B,True,0.6615555555555556,0.43133333333333335
20260921,7,87,K,OR,OR,True,0.40599999999999997,0.11444444444444446
20260921,7,87,L,B,B,True,0.516877549348978,0.23767025021310745
20260921,7,87,M,OR,OR,True,0.3868888888888889,0.0557698882314267
20260921,7,87,N,OR,B,False,0.545046207111466,0.2172543380156245
20260921,7,87,O,B,B,True,0.5552449666735381,0.3474596303167731
20260921,7,87,P,B,B,True,0.5114234234234234,0.12929129129129124
20260921,8,88,A,OR,OR,True,0.5495819019019019,0.23694158158158157
20260921,8,88,B,B,B,True,0.5390045819014891,0.20466895761741127
20260921,8,88,C,OR,B,False,0.638,0.3017777777777778
20260921,8,88,D,OR,B,False,0.4756714714714715,0.06845405405405408
20260921,8,88,E,B,B,True,0.6182222222222222,0.31533333333333335
20260921,8,88,F,OR,OR,True,0.5063335068401734,0.11155590256923575
20260921,8,88,G,B,B,True,0.5733208094692631,0.29352707140129825
20260921,8,88,H,OR,OR,True,0.5136846219415291,0.19068883151192417
20260921,8,88,I,B,B,True,0.752,0.5204444444444445
20260921,8,88,J,B,B,True,0.6942222222222223,0.41266666666666674
20260921,8,88,K,OR,OR,True,0.3868789558789559,0.08599006699006695
20260921,8,88,L,B,B,True,0.512328463276917,0.14132015679438364
20260921,8,88,M,OR,OR,True,0.39397112497112496,0.10149780549780552
20260921,8,88,N,OR,B,False,0.5621058031227104,0.19887140005985376
20260921,8,88,O,B,B,True,0.5457777777777778,0.24444444444444452
20260921,8,88,P,B,B,True,0.48298690690690693,0.08908492492492498
20260921,9,89,A,OR,OR,True,0.726985526983364,0.4848657908088333
20260921,9,89,B,B,OR,False,0.5553898635477582,0.17492787524366465
20260921,9,89,C,OR,OR,True,0.486,0.021999999999999964
20260921,9,89,D,OR,OR,True,0.5882222222222223,0.2168496732026145
20260921,9,89,E,B,B,True,0.4895555555555556,0.09200000000000003
20260921,9,89,F,OR,OR,True,0.709617346257577,0.4382639322812359
20260921,9,89,G,B,OR,False,0.5207602339181286,0.1209253783647633
20260921,9,89,H,OR,OR,True,0.7482830382653742,0.5393360570375711
20260921,9,89,I,B,B,True,0.5786666666666667,0.16888888888888892
20260921,9,89,J,B,B,True,0.5048888888888888,0.05222222222222217
20260921,9,89,K,OR,OR,True,0.6806297764960347,0.5218618921733559
20260921,9,89,L,B,OR,False,0.5791150097465887,0.21717153996101363
20260921,9,89,M,OR,OR,True,0.6359280221100698,0.4429379155651688
20260921,9,89,N,OR,OR,True,0.5517587786055703,0.14225315087695306
20260921,9,89,O,B,OR,False,0.5114269005847953,0.10818588606347329
20260921,9,89,P,B,OR,False,0.5484444444444444,0.1401960784313725
20260921,10,90,A,OR,OR,True,0.6270476190476191,0.3707619047619048
20260921,10,90,B,B,OR,False,0.5183560499320232,0.1348454331973798
20260921,10,90,C,OR,OR,True,0.5558333333333334,0.15922222222222226
20260921,10,90,D,OR,OR,True,0.565347670250896,0.24512066905615293
20260921,10,90,E,B,OR,False,0.49577777777777776,0.04422222222222222
20260921,10,90,F,OR,OR,True,0.5984126984126984,0.3146031746031746
20260921,10,90,G,B,OR,False,0.5072619923755878,0.13381235117208423
20260921,10,90,H,OR,OR,True,0.6711966307851365,0.504473173995013
20260921,10,90,I,B,OR,False,0.5027203065134099,0.038107279693486595
20260921,10,90,J,B,OR,False,0.5265114942528736,0.09568965517241379
20260921,10,90,K,OR,OR,True,0.6768518518518518,0.4868148148148148
20260921,10,90,L,B,OR,False,0.5446982502604304,0.1902409449653053
20260921,10,90,M,OR,OR,True,0.661947442680776,0.4534980599647266
20260921,10,90,N,OR,OR,True,0.5671958401751506,0.2091027914614122
20260921,10,90,O,B,OR,False,0.5054515778101811,0.1316736126560375
20260921,10,90,P,B,OR,False,0.5527045570916538,0.23089298515104956
20260921,11,91,A,OR,OR,True,0.7128395061728395,0.5543456790123458
20260921,11,91,B,B,OR,False,0.4857222222222222,0.09916666666666668
20260921,11,91,C,OR,OR,True,0.497978835978836,0.1741798941798942
20260921,11,91,D,OR,B,False,0.4316234567901234,0.005441358024691312
20260921,11,91,E,B,OR,False,0.4388888888888889,0.034444444444444444
20260921,11,91,F,OR,OR,True,0.642879188712522,0.3942028218694885
20260921,11,91,G,B,OR,False,0.4395555555555556,0.024055555555555608
20260921,11,91,H,OR,OR,True,0.7119064942654686,0.5745784206297027
20260921,11,91,I,B,OR,False,0.41563386243386247,0.029934391534391536
20260921,11,91,J,B,OR,False,0.47333333333333333,0.12311111111111112
20260921,11,91,K,OR,OR,True,0.6557407407407408,0.46218518518518525
20260921,11,91,L,B,OR,False,0.5133333333333333,0.16027777777777774
20260921,11,91,M,OR,OR,True,0.6610246913580247,0.46102469135802465
20260921,11,91,N,OR,OR,True,0.5123580246913579,0.21567901234567888
20260921,11,91,O,B,OR,False,0.48844444444444446,0.11222222222222222
20260921,11,91,P,B,B,True,0.47535529245092084,0.09131410645618293
20260921,12,92,A,OR,OR,True,0.7486666666666667,0.5495555555555556
20260921,12,92,B,B,B,True,0.4964841428254602,0.07069672736511878
20260921,12,92,C,OR,OR,True,0.5039555555555555,0.04733333333333328
20260921,12,92,D,OR,OR,True,0.5017777777777778,0.12066666666666664
20260921,12,92,E,B,B,True,0.5206666666666667,0.07688888888888895
20260921,12,92,F,OR,OR,True,0.7048888888888888,0.4582222222222221
20260921,12,92,G,B,B,True,0.452494788201375,0.001779933121889954
20260921,12,92,H,OR,OR,True,0.8315470531429052,0.7243287674919848
20260921,12,92,I,B,B,True,0.5433777777777778,0.11542222222222231
20260921,12,92,J,B,B,True,0.4990222222222222,0.02835555555555558
20260921,12,92,K,OR,OR,True,0.8449223897264098,0.7640670016750418
20260921,12,92,L,B,B,True,0.48479762696828566,0.03757058590478157
20260921,12,92,M,OR,OR,True,0.8169223897264097,0.7267336683417085
20260921,12,92,N,OR,OR,True,0.5701596376825636,0.18349216152377007
20260921,12,92,O,B,B,True,0.47079762696828564,0.03157058590478157
20260921,12,92,P,B,OR,False,0.4868888888888889,0.09222222222222226
20260921,13,93,A,OR,OR,True,0.5336996281438812,0.21034394275640916
20260921,13,93,B,B,B,True,0.5309066666666666,0.2739377777777777
20260921,13,93,C,OR,B,False,0.7464444444444445,0.558
20260921,13,93,D,OR,B,False,0.5501194815777875,0.23783412267152643
20260921,13,93,E,B,B,True,0.6924444444444444,0.4557777777777777
20260921,13,93,F,OR,OR,True,0.5191581057116145,0.15281645344743128
20260921,13,93,G,B,B,True,0.5193422222222223,0.3000355555555556
20260921,13,93,H,OR,OR,True,0.62189379834496,0.39671801415271873
20260921,13,93,I,B,B,True,0.8386584362139918,0.7035390946502058
20260921,13,93,J,B,B,True,0.7606666666666667,0.5780000000000001
20260921,13,93,K,OR,OR,True,0.5411709527109158,0.3002767673290748
20260921,13,93,L,B,B,True,0.5288444444444445,0.24559999999999998
20260921,13,93,M,OR,OR,True,0.5281420407086044,0.2777987013002497
20260921,13,93,N,OR,B,False,0.5571194031238289,0.20627610940654506
20260921,13,93,O,B,B,True,0.5051111111111111,0.2895555555555555
20260921,13,93,P,B,B,True,0.6276302601358402,0.4030313031303131
20260921,14,94,A,OR,OR,True,0.6065286114445779,0.275279445111378
20260921,14,94,B,B,B,True,0.5742696397857389,0.28653927957147773
20260921,14,94,C,OR,B,False,0.7184444444444444,0.46755555555555556
20260921,14,94,D,OR,B,False,0.5491179138321995,0.21134693877551014
20260921,14,94,E,B,B,True,0.7282222222222222,0.5275555555555556
20260921,14,94,F,OR,OR,True,0.6480953714819261,0.3410796318527411
20260921,14,94,G,B,B,True,0.5495978835978835,0.2827513227513227
20260921,14,94,H,OR,OR,True,0.6208533317420536,0.33370666348410716
20260921,14,94,I,B,B,True,0.8233333333333334,0.6646666666666667
20260921,14,94,J,B,B,True,0.7488888888888889,0.5282222222222223
20260921,14,94,K,OR,OR,True,0.6057097505668935,0.37148752834467125
20260921,14,94,L,B,B,True,0.5466053073861123,0.20809950366111357
20260921,14,94,M,OR,OR,True,0.5624699844850221,0.3347177467478219
20260921,14,94,N,OR,B,False,0.5578931202890514,0.16600846280032483
20260921,14,94,O,B,B,True,0.528015873015873,0.29669841269841274
20260921,14,94,P,B,B,True,0.5860680272108845,0.2859138321995466
20260921,15,95,A,OR,OR,True,0.7268888888888888,0.5062222222222221
20260921,15,95,B,B,OR,False,0.4504444444444445,0.03307022607022614
20260921,15,95,C,OR,OR,True,0.5364444444444445,0.12200000000000005
20260921,15,95,D,OR,OR,True,0.5002222222222222,0.04598484848484857
20260921,15,95,E,B,B,True,0.48155555555555557,0.012666666666666715
20260921,15,95,F,OR,OR,True,0.6684444444444445,0.3746308080808081
20260921,15,95,G,B,B,True,0.40188528138528135,0.04988528138528131
20260921,15,95,H,OR,OR,True,0.7146666666666667,0.5024171957671958
20260921,15,95,I,B,OR,False,0.48155555555555557,0.00311111111111112
20260921,15,95,J,B,OR,False,0.5033333333333333,0.0451111111111111
20260921,15,95,K,OR,OR,True,0.7246666666666667,0.5675555555555556
20260921,15,95,L,B,OR,False,0.48044444444444445,0.07016161616161615
20260921,15,95,M,OR,OR,True,0.6656363636363636,0.468080808080808
20260921,15,95,N,OR,OR,True,0.5497481481481482,0.16295424779192902
20260921,15,95,O,B,OR,False,0.3748888888888889,0.006666666666666654
20260921,15,95,P,B,B,True,0.4846666666666666,0.015777777777777724
20260921,16,96,A,OR,OR,True,0.667888888888889,0.4711111111111112
20260921,16,96,B,B,B,True,0.4234037037037037,0.011029629629629667
20260921,16,96,C,OR,OR,True,0.5377777777777778,0.0904444444444445
20260921,16,96,D,OR,OR,True,0.4772098765432099,0.0877530864197531
20260921,16,96,E,B,OR,False,0.5146666666666666,0.06644444444444436
20260921,16,96,F,OR,OR,True,0.6267826617826618,0.38623199023199023
20260921,16,96,G,B,B,True,0.44503631082062456,0.05851706608569357
20260921,16,96,H,OR,OR,True,0.6900546737213403,0.5407308983330488
20260921,16,96,I,B,B,True,0.5093333333333333,0.05777777777777776
20260921,16,96,J,B,OR,False,0.5104444444444445,0.04511111111111116
20260921,16,96,K,OR,OR,True,0.6790989417989418,0.48643227513227516
20260921,16,96,L,B,OR,False,0.43320968660968656,0.02597492877492874
20260921,16,96,M,OR,OR,True,0.6201497354497355,0.3859275132275133
20260921,16,96,N,OR,OR,True,0.5292888888888889,0.15101744324970134
20260921,16,96,O,B,B,True,0.43987363207473235,0.04663615303835361
20260921,16,96,P,B,OR,False,0.4508518518518518,0.03214814814814804
20260921,17,97,A,OR,OR,True,0.6545396825396826,0.4395238095238096
20260921,17,97,B,B,B,True,0.52,0.1591111111111111
20260921,17,97,C,OR,OR,True,0.43922751322751324,0.006451874366768029
20260921,17,97,D,OR,OR,True,0.5968994708994709,0.31686560846560846
20260921,17,97,E,B,OR,False,0.4406666666666667,0.0024444444444444713
20260921,17,97,F,OR,OR,True,0.664984126984127,0.4481071428571429
20260921,17,97,G,B,B,True,0.5355555555555556,0.20733333333333331
20260921,17,97,H,OR,OR,True,0.6755343915343915,0.48861902891015796
20260921,17,97,I,B,B,True,0.5064338624338625,0.11375661375661378
20260921,17,97,J,B,B,True,0.46066238883260163,0.041540695710908515
20260921,17,97,K,OR,OR,True,0.5876825396825397,0.3663913528196301
20260921,17,97,L,B,B,True,0.4726666666666667,0.06066666666666665
20260921,17,97,M,OR,OR,True,0.5882539682539683,0.3648648696495299
20260921,17,97,N,OR,OR,True,0.538021164021164,0.20574603174603168
20260921,17,97,O,B,B,True,0.5595555555555555,0.25844444444444437
20260921,17,97,P,B,OR,False,0.5542539682539683,0.23606349206349214
20260921,18,98,A,OR,OR,True,0.6093904761904763,0.2512253968253969
20260921,18,98,B,B,B,True,0.6356222222222222,0.3234666666666666
20260921,18,98,C,OR,OR,True,0.4626666666666666,0.048222222222222166
20260921,18,98,D,OR,OR,True,0.48719047619047623,0.032380952380952455
20260921,18,98,E,B,B,True,0.5004444444444445,0.13066666666666665
20260921,18,98,F,OR,OR,True,0.529616402116402,0.0987883597883597
20260921,18,98,G,B,B,True,0.6527222222222222,0.36566027178257393
20260921,18,98,H,OR,OR,True,0.7144285714285715,0.48307936507936516
20260921,18,98,I,B,B,True,0.5653333333333334,0.19911111111111113
20260921,18,98,J,B,B,True,0.5022222222222222,0.09888888888888892
20260921,18,98,K,OR,OR,True,0.6832380952380953,0.4838039682539683
20260921,18,98,L,B,B,True,0.5785396825396826,0.20330158730158732
20260921,18,98,M,OR,OR,True,0.6546349206349207,0.4434920634920635
20260921,18,98,N,OR,OR,True,0.4755396825396826,0.017301587301587373
20260921,18,98,O,B,B,True,0.6780333333333334,0.4060650679456435
20260921,18,98,P,B,B,True,0.49086507936507934,0.03684126984126984
20260921,19,99,A,OR,OR,True,0.6551111111111111,0.3813333333333333
20260921,19,99,B,B,B,True,0.5268544509421702,0.12269655620532804
20260921,19,99,C,OR,OR,True,0.4875555555555556,0.045777777777777806
20260921,19,99,D,OR,B,False,0.5327777777777778,0.19888888888888895
20260921,19,99,E,B,B,True,0.4691111111111111,0.026444444444444437
20260921,19,99,F,OR,OR,True,0.6375555555555555,0.35155555555555557
20260921,19,99,G,B,B,True,0.5240376868096166,0.12002599090318383
20260921,19,99,H,OR,OR,True,0.7390950966245085,0.5638837676484736
20260921,19,99,I,B,B,True,0.642,0.3328888888888889
20260921,19,99,J,B,B,True,0.4691111111111111,0.003333333333333355
20260921,19,99,K,OR,OR,True,0.7030359937402191,0.5620719874804382
20260921,19,99,L,B,B,True,0.4793864091445545,0.022488867671825064
20260921,19,99,M,OR,OR,True,0.6978458049886621,0.5502902494331066
20260921,19,99,N,OR,OR,True,0.5334705882352941,0.1501118373275236
20260921,19,99,O,B,B,True,0.5549827810266407,0.17679272254710848
20260921,19,99,P,B,B,True,0.5597777777777778,0.26266666666666666
20260921,20,100,A,OR,OR,True,0.6474707532406178,0.4242748398145688
20260921,20,100,B,B,OR,False,0.5488,0.28442952986656683
20260921,20,100,C,OR,OR,True,0.5473333333333333,0.128
20260921,20,100,D,OR,OR,True,0.6070222222222221,0.3180444444444444
20260921,20,100,E,B,B,True,0.49599999999999994,0.04733333333333328
20260921,20,100,F,OR,OR,True,0.6771436796881919,0.4605095815986061
20260921,20,100,G,B,OR,False,0.48733333333333334,0.2273126324978177
20260921,20,100,H,OR,OR,True,0.63868542159261,0.4404538863423372
20260921,20,100,I,B,B,True,0.5108888888888888,0.0497777777777777
20260921,20,100,J,B,OR,False,0.48133333333333334,0.0008888888888888835
20260921,20,100,K,OR,OR,True,0.58144821802935,0.37756310272536675
20260921,20,100,L,B,OR,False,0.5861249475890985,0.3395535490003694
20260921,20,100,M,OR,OR,True,0.5699150943396226,0.35560796645702303
20260921,20,100,N,OR,OR,True,0.5405826398967908,0.15612607482845076
20260921,20,100,O,B,OR,False,0.4505386931647094,0.1826032623738134
20260921,20,100,P,B,OR,False,0.5689869918699186,0.24419620596205954
20260921,21,101,A,OR,OR,True,0.683346405228758,0.42913725490196064
20260921,21,101,B,B,OR,False,0.4861212475633528,0.03135360623781669
20260921,21,101,C,OR,OR,True,0.56,0.13733333333333342
20260921,21,101,D,OR,OR,True,0.5053703703703704,0.09429629629629627
20260921,21,101,E,B,OR,False,0.5386666666666666,0.12199999999999994
20260921,21,101,F,OR,OR,True,0.6585054466230936,0.3747886710239651
20260921,21,101,G,B,OR,False,0.48680662768031185,0.034724366471734824
20260921,21,101,H,OR,OR,True,0.7368929557007988,0.550551343500363
20260921,21,101,I,B,B,True,0.5237777777777778,0.05355555555555552
20260921,21,101,J,B,OR,False,0.5353333333333333,0.08355555555555555
20260921,21,101,K,OR,OR,True,0.6952037786774629,0.5319631129104813
20260921,21,101,L,B,OR,False,0.5060732943469786,0.06947992202729042
20260921,21,101,M,OR,OR,True,0.7047593342330185,0.5597408906882592
20260921,21,101,N,OR,OR,True,0.5818993464052287,0.21068758169934632
20260921,21,101,O,B,OR,False,0.4844288499025341,0.03641325536062373
20260921,21,101,P,B,B,True,0.4651111111111111,0.013777777777777778
20260921,22,102,A,OR,OR,True,0.7825421505178538,0.6279731899245966
20260921,22,102,B,B,OR,False,0.4898823529411765,0.05620915032679741
20260921,22,102,C,OR,B,False,0.4953333333333333,0.009999999999999953
20260921,22,102,D,OR,OR,True,0.5512395851094062,0.17692361466325673
20260921,22,102,E,B,B,True,0.5297777777777778,0.09244444444444444
20260921,22,102,F,OR,OR,True,0.7194276966166353,0.4857442821221595
20260921,22,102,G,B,OR,False,0.4946617826617826,0.07932356532356533
20260921,22,102,H,OR,OR,True,0.8210892964381455,0.7147267410244392
20260921,22,102,I,B,B,True,0.5475555555555556,0.12711111111111112
20260921,22,102,J,B,B,True,0.5315555555555556,0.08800000000000002
20260921,22,102,K,OR,OR,True,0.7821695385224797,0.657502871855813
20260921,22,102,L,B,OR,False,0.5251299019607844,0.11981535947712418
20260921,22,102,M,OR,OR,True,0.7715584274113686,0.6426695385224797
20260921,22,102,N,OR,OR,True,0.5449687897235851,0.141715357224948
20260921,22,102,O,B,OR,False,0.4989542483660131,0.07590849673202615
20260921,22,102,P,B,OR,False,0.48475853935777213,0.039517078715544274
20260921,23,103,A,OR,OR,True,0.47626666666666667,0.04456507936507936
20260921,23,103,B,B,B,True,0.5983301587301587,0.27580317460317455
20260921,23,103,C,OR,OR,True,0.4902222222222222,0.039111111111111097
20260921,23,103,D,OR,B,False,0.5172897959183673,0.1439945578231292
20260921,23,103,E,B,B,True,0.4951111111111111,0.052888888888888874
20260921,23,103,F,OR,B,False,0.497534693877551,0.0876997732426304
20260921,23,103,G,B,B,True,0.595047619047619,0.2752380952380952
20260921,23,103,H,OR,OR,True,0.496699582289056,0.10052488406645355
20260921,23,103,I,B,B,True,0.5157777777777778,0.13133333333333336
20260921,23,103,J,B,B,True,0.48000000000000004,0.02488888888888896
20260921,23,103,K,OR,OR,True,0.514888888888889,0.26629410160511147
20260921,23,103,L,B,B,True,0.5945650793650793,0.26405079365079354
20260921,23,103,M,OR,OR,True,0.48666666666666664,0.22496076827177808
20260921,23,103,N,OR,B,False,0.4907415916466387,0.055630480535527604
20260921,23,103,O,B,B,True,0.5862031746031746,0.26199365079365083
20260921,23,103,P,B,B,True,0.5328598639455782,0.1733297052154194
20260921,24,104,A,OR,OR,True,0.6993929539295393,0.4627859078590786
20260921,24,104,B,B,OR,False,0.508,0.09888888888888892
20260921,24,104,C,OR,OR,True,0.4755555555555555,0.06933333333333325
20260921,24,104,D,OR,B,False,0.49266666666666664,0.07800000000000001
20260921,24,104,E,B,OR,False,0.4548888888888889,0.0377777777777778
20260921,24,104,F,OR,OR,True,0.4931924119241192,0.054607046070460685
20260921,24,104,G,B,OR,False,0.49867521367521367,0.0889059829059829
20260921,24,104,H,OR,OR,True,0.715170731707317,0.5125636856368563
20260921,24,104,I,B,B,True,0.4508888888888889,0.016888888888888898
20260921,24,104,J,B,OR,False,0.4484444444444444,0.014444444444444426
20260921,24,104,K,OR,OR,True,0.6728780487804878,0.5015447154471545
20260921,24,104,L,B,OR,False,0.5555230352303523,0.1870460704607046
20260921,24,104,M,OR,OR,True,0.6368888888888888,0.45199999999999996
20260921,24,104,N,OR,OR,True,0.5288346883468835,0.14633604336043365
20260921,24,104,O,B,OR,False,0.47556410256410253,0.04135042735042732
20260921,24,104,P,B,B,True,0.49444444444444446,0.08133333333333337
20260921,25,105,A,OR,OR,True,0.622032759371948,0.3182321854105627
20260921,25,105,B,B,OR,False,0.4889212306437459,0.04162023906526946
20260921,25,105,C,OR,B,False,0.4628888888888889,0.002666666666666706
20260921,25,105,D,OR,OR,True,0.5849051382393476,0.24714360981202865
20260921,25,105,E,B,B,True,0.494,0.07755555555555554
20260921,25,105,F,OR,OR,True,0.6387629832511986,0.34328354225997293
20260921,25,105,G,B,B,True,0.49160941004754394,0.05255215342842123
20260921,25,105,H,OR,OR,True,0.6652830022430429,0.4213993378194191
20260921,25,105,I,B,B,True,0.5624444444444445,0.16355555555555562
20260921,25,105,J,B,B,True,0.5115555555555555,0.0875555555555555
20260921,25,105,K,OR,OR,True,0.5660555555555556,0.3267222222222223
20260921,25,105,L,B,OR,False,0.5358965747142018,0.13179314942840353
20260921,25,105,M,OR,OR,True,0.5526025641025641,0.3047051282051282
20260921,25,105,N,OR,OR,True,0.523114362986574,0.11489539263981463
20260921,25,105,O,B,B,True,0.5151611492106422,0.10365563175461762
20260921,25,105,P,B,OR,False,0.5108472484167519,0.0996944968335039
20260921,26,106,A,OR,OR,True,0.47637037037037033,0.1485185185185185
20260921,26,106,B,B,B,True,0.4474962962962963,0.13610370370370367
20260921,26,106,C,OR,B,False,0.45888888888888885,0.055111111111111055
20260921,26,106,D,OR,OR,True,0.4765140211640212,0.1294724867724868
20260921,26,106,E,B,B,True,0.5893333333333334,0.29933333333333334
20260921,26,106,F,OR,OR,True,0.548842328042328,0.23012910052910052
20260921,26,106,G,B,B,True,0.39599999999999996,0.13222222222222219
20260921,26,106,H,OR,OR,True,0.5721333333333334,0.3609333333333334
20260921,26,106,I,B,B,True,0.5748888888888889,0.27311111111111114
20260921,26,106,J,B,B,True,0.5315555555555556,0.19222222222222224
20260921,26,106,K,OR,OR,True,0.5646666666666665,0.3486666666666665
20260921,26,106,L,B,B,True,0.4135674603174603,0.043357142857142816
20260921,26,106,M,OR,OR,True,0.5422222222222222,0.31466666666666665
20260921,26,106,N,OR,B,False,0.4117777777777778,0.013555555555555543
20260921,26,106,O,B,B,True,0.4228888888888889,0.1824444444444445
20260921,26,106,P,B,OR,False,0.46305873015873017,0.08478412698412702
20260921,27,107,A,OR,OR,True,0.5887895094647716,0.23753761106204835
20260921,27,107,B,B,B,True,0.5175408682360793,0.09858834925747328
20260921,27,107,C,OR,OR,True,0.5197777777777778,0.08600000000000002
20260921,27,107,D,OR,OR,True,0.5229859125425504,0.10619404730732307
20260921,27,107,E,B,OR,False,0.5122222222222222,0.04444444444444445
20260921,27,107,F,OR,OR,True,0.5741228427981049,0.20864872217315944
20260921,27,107,G,B,B,True,0.5287043411803963,0.1235518222017904
20260921,27,107,H,OR,OR,True,0.614151698519498,0.3366965018965166
20260921,27,107,I,B,B,True,0.5182222222222223,0.0573333333333334
20260921,27,107,J,B,OR,False,0.4917777777777778,0.010888888888888892
20260921,27,107,K,OR,OR,True,0.5890784449045319,0.3881154819415689
20260921,27,107,L,B,B,True,0.5015973892546374,0.06426071430151803
20260921,27,107,M,OR,OR,True,0.5558191856452727,0.3382636300897171
20260921,27,107,N,OR,OR,True,0.5104293195404692,0.061948221185337105
20260921,27,107,O,B,B,True,0.5228024829298572,0.11067218617347346
20260921,27,107,P,B,OR,False,0.48861393729334834,0.03952775511238371
20260921,28,108,A,OR,OR,True,0.6026858237547893,0.3586858237547893
20260921,28,108,B,B,B,True,0.48475555555555555,0.09726973180076626
20260921,28,108,C,OR,B,False,0.5195555555555555,0.21022222222222225
20260921,28,108,D,OR,B,False,0.45666666666666667,0.08844061302681988
20260921,28,108,E,B,B,True,0.512,0.2377777777777778
20260921,28,108,F,OR,OR,True,0.5277969348659004,0.20890804597701151
20260921,28,108,G,B,B,True,0.5705961939840393,0.27671037022925
20260921,28,108,H,OR,OR,True,0.5774121110176619,0.36096637458355335
20260921,28,108,I,B,B,True,0.6606666666666666,0.4433333333333333
20260921,28,108,J,B,B,True,0.5575555555555556,0.27133333333333337
20260921,28,108,K,OR,OR,True,0.6148888888888888,0.4104444444444444
20260921,28,108,L,B,OR,False,0.43661174968071514,0.001871008939974439
20260921,28,108,M,OR,OR,True,0.5742427099823342,0.35870764218689055
20260921,28,108,N,OR,B,False,0.4824,0.1356812260536398
20260921,28,108,O,B,B,True,0.47392960916717825,0.06828082244942602
20260921,28,108,P,B,B,True,0.46955555555555556,0.11044189016602812
20260921,29,109,A,OR,OR,True,0.6715984126984128,0.4265857142857144
20260921,29,109,B,B,B,True,0.48013082103082105,0.030688194768194788
20260921,29,109,C,OR,B,False,0.5093333333333333,0.04422222222222222
20260921,29,109,D,OR,OR,True,0.5290737704918033,0.13318579234972672
20260921,29,109,E,B,B,True,0.5311111111111111,0.1031111111111111
20260921,29,109,F,OR,OR,True,0.6760737704918032,0.42985245901639335
20260921,29,109,G,B,B,True,0.5290379435379435,0.12743087283087284
20260921,29,109,H,OR,OR,True,0.6279513413413412,0.38924778008778
20260921,29,109,I,B,B,True,0.5846111111111111,0.19522222222222219
20260921,29,109,J,B,B,True,0.5487777777777778,0.12533333333333335
20260921,29,109,K,OR,OR,True,0.6885212712712713,0.522236986986987
20260921,29,109,L,B,OR,False,0.5076824242424242,0.08241145817145812
20260921,29,109,M,OR,OR,True,0.5510341687841688,0.3177841687841688
20260921,29,109,N,OR,OR,True,0.4919872859744991,0.032260869646443424
20260921,29,109,O,B,B,True,0.5177907855677086,0.10649340107186261
20260921,29,109,P,B,OR,False,0.4964071038251366,0.07029690346083783
20260921,30,110,A,OR,OR,True,0.7443967275643747,0.5836823440176382
20260921,30,110,B,B,OR,False,0.49735912975912977,0.10249603729603729
20260921,30,110,C,OR,OR,True,0.589111111111111,0.25288888888888883
20260921,30,110,D,OR,OR,True,0.5466262626262626,0.26680808080808077
20260921,30,110,E,B,OR,False,0.58,0.23222222222222216
20260921,30,110,F,OR,OR,True,0.6938392255892256,0.49501178451178457
20260921,30,110,G,B,OR,False,0.5041616161616161,0.12410101010101005
20260921,30,110,H,OR,OR,True,0.7554942888266418,0.6220996887643947
20260921,30,110,I,B,OR,False,0.516888888888889,0.13800000000000007
20260921,30,110,J,B,OR,False,0.5944444444444444,0.2622222222222222
20260921,30,110,K,OR,OR,True,0.7529556649095175,0.6365080905746192
20260921,30,110,L,B,OR,False,0.5317342438469199,0.16813828425096033
20260921,30,110,M,OR,OR,True,0.7548944233863041,0.637104126046711
20260921,30,110,N,OR,OR,True,0.6360757020757021,0.3741514041514042
20260921,30,110,O,B,OR,False,0.5092780108780108,0.12855602175602165
20260921,30,110,P,B,OR,False,0.4990707070707071,0.15680808080808079
20260921,31,111,A,OR,B,False,0.4929152426757036,0.1371280372884982
20260921,31,111,B,B,B,True,0.5801573198043787,0.30525630970336864
20260921,31,111,C,OR,B,False,0.5422564102564102,0.13603418803418799
20260921,31,111,D,OR,B,False,0.6305583071267432,0.3648266162340767
20260921,31,111,E,B,B,True,0.48601709401709403,0.04646153846153844
20260921,31,111,F,OR,B,False,0.5695020181013343,0.26730154179354093
20260921,31,111,G,B,B,True,0.592564727211786,0.3289243231713819
20260921,31,111,H,OR,B,False,0.48684116860162946,0.13015999123658117
20260921,31,111,I,B,B,True,0.6388034188034187,0.3196923076923076
20260921,31,111,J,B,B,True,0.571076923076923,0.19329914529914521
20260921,31,111,K,OR,OR,True,0.4881101417101417,0.1746854054599355
20260921,31,111,L,B,B,True,0.5680471120356343,0.2800756248056105
20260921,31,111,M,OR,OR,True,0.3796150442150442,0.016570985910525027
20260921,31,111,N,OR,B,False,0.5228891739933583,0.1511060090101934
20260921,31,111,O,B,B,True,0.5952313938784528,0.33010681475387366
20260921,31,111,P,B,B,True,0.631866031911656,0.3678972054355125
20260921,32,112,A,OR,B,False,0.48009012644605864,0.05109012644605859
20260921,32,112,B,B,B,True,0.525242735042735,0.20402051282051276
20260921,32,112,C,OR,OR,True,0.5168888888888888,0.10466666666666663
20260921,32,112,D,OR,OR,True,0.5675213675213675,0.2082065768506446
20260921,32,112,E,B,B,True,0.5037777777777778,0.08311111111111114
20260921,32,112,F,OR,OR,True,0.6160769230769231,0.32604052068458844
20260921,32,112,G,B,B,True,0.500791452991453,0.23623589743589746
20260921,32,112,H,OR,B,False,0.48456656887488203,0.06467767998599311
20260921,32,112,I,B,B,True,0.48155555555555557,0.039111111111111097
20260921,32,112,J,B,OR,False,0.4806666666666667,0.030444444444444496
20260921,32,112,K,OR,B,False,0.3912329835889158,0.011788539144471366
20260921,32,112,L,B,OR,False,0.4592051282051282,0.061355311355311304
20260921,32,112,M,OR,B,False,0.39831234866828086,0.017312348668280853
20260921,32,112,N,OR,B,False,0.45655510207366545,0.023334589253152627
20260921,32,112,O,B,B,True,0.5014444444444445,0.26688888888888895
20260921,32,112,P,B,OR,False,0.5153846153846154,0.10348862813269594
20260921,33,113,A,OR,OR,True,0.4862222222222222,0.18222222222222223
20260921,33,113,B,B,OR,False,0.38102222222222226,0.07368888888888897
20260921,33,113,C,OR,OR,True,0.46066666666666667,0.037777777777777743
20260921,33,113,D,OR,OR,True,0.34155555555555556,0.006666666666666654
20260921,33,113,E,B,B,True,0.44622222222222224,0.033333333333333326
20260921,33,113,F,OR,OR,True,0.4162222222222222,0.128
20260921,33,113,G,B,OR,False,0.3751111111111111,0.05622222222222223
20260921,33,113,H,OR,OR,True,0.48444444444444446,0.1528888888888889
20260921,33,113,I,B,B,True,0.47511111111111115,0.07822222222222225
20260921,33,113,J,B,B,True,0.4522222222222222,0.02333333333333326
20260921,33,113,K,OR,OR,True,0.535111111111111,0.21511111111111098
20260921,33,113,L,B,OR,False,0.3841777777777778,0.08017777777777779
20260921,33,113,M,OR,OR,True,0.4664444444444444,0.09199999999999997
20260921,33,113,N,OR,OR,True,0.45191111111111115,0.15293333333333337
20260921,33,113,O,B,OR,False,0.3832888888888889,0.07240000000000002
20260921,33,113,P,B,B,True,0.3695555555555555,0.03844444444444439
20260921,34,114,A,OR,OR,True,0.7206304347826087,0.4912608695652174
20260921,34,114,B,B,B,True,0.5004613526570049,0.05557246376811592
20260921,34,114,C,OR,OR,True,0.5057777777777778,0.04866666666666669
20260921,34,114,D,OR,B,False,0.4658333333333333,0.012888888888888894
20260921,34,114,E,B,OR,False,0.51,0.05933333333333335
20260921,34,114,F,OR,OR,True,0.6162392140870402,0.27703398372963595
20260921,34,114,G,B,B,True,0.4772003803063008,0.026089269195189668
20260921,34,114,H,OR,OR,True,0.7508940648723258,0.5668654244306419
20260921,34,114,I,B,B,True,0.5308888888888889,0.09199999999999997
20260921,34,114,J,B,B,True,0.4875555555555556,0.008888888888888946
20260921,34,114,K,OR,OR,True,0.6849097998619738,0.46893071083505866
20260921,34,114,L,B,B,True,0.4810084541062802,0.011119565217391325
20260921,34,114,M,OR,OR,True,0.7053415458937199,0.5142386473429952
20260921,34,114,N,OR,OR,True,0.5248148148148148,0.09602541982976764
20260921,34,114,O,B,B,True,0.48273185836159926,0.043620747250488145
20260921,34,114,P,B,B,True,0.4751014859844647,0.033299898682877416
20260921,35,115,A,OR,OR,True,0.5813333333333334,0.2397777777777778
20260921,35,115,B,B,B,True,0.5990822510822511,0.28416450216450223
20260921,35,115,C,OR,B,False,0.5117777777777778,0.13888888888888884
20260921,35,115,D,OR,B,False,0.6417301587301587,0.3439047619047619
20260921,35,115,E,B,B,True,0.5455555555555556,0.18044444444444446
20260921,35,115,F,OR,B,False,0.5977301587301587,0.2621269841269841
20260921,35,115,G,B,B,True,0.6158383838383839,0.31567676767676767
20260921,35,115,H,OR,OR,True,0.6758095238095237,0.4323597883597883
20260921,35,115,I,B,B,True,0.6082222222222222,0.29977777777777775
20260921,35,115,J,B,B,True,0.5586666666666666,0.21777777777777774
20260921,35,115,K,OR,OR,True,0.6822857142857143,0.5194603174603174
20260921,35,115,L,B,B,True,0.5612164502164503,0.20265512265512275
20260921,35,115,M,OR,OR,True,0.5022539682539683,0.24780952380952387
20260921,35,115,N,OR,B,False,0.49803415103415105,0.0845868205868206
20260921,35,115,O,B,B,True,0.6485310245310245,0.3832842712842712
20260921,35,115,P,B,B,True,0.6537301587301587,0.36923809523809525
20260921,36,116,A,OR,OR,True,0.65117252362219,0.36078949168882457
20260921,36,116,B,B,B,True,0.5399306288032454,0.14074230335812477
20260921,36,116,C,OR,OR,True,0.5604444444444444,0.1615555555555555
20260921,36,116,D,OR,B,False,0.48633333333333334,0.04199999999999998
20260921,36,116,E,B,OR,False,0.5257777777777778,0.10133333333333333
20260921,36,116,F,OR,OR,True,0.5449994048020124,0.14466547627069143
20260921,36,116,G,B,B,True,0.5441909398242056,0.15212828487716928
20260921,36,116,H,OR,OR,True,0.7878877492234622,0.6377249202669344
20260921,36,116,I,B,B,True,0.5111111111111112,0.045777777777777806
20260921,36,116,J,B,OR,False,0.5242222222222223,0.09111111111111114
20260921,36,116,K,OR,OR,True,0.7148772694262889,0.5495323166303557
20260921,36,116,L,B,B,True,0.5127885600688846,0.08557319856914175
20260921,36,116,M,OR,OR,True,0.6969433551198256,0.5187755991285402
20260921,36,116,N,OR,OR,True,0.5740054802492587,0.19129371565186076
20260921,36,116,O,B,B,True,0.5617408308917436,0.20881107354819323
20260921,36,116,P,B,B,True,0.5162777777777777,0.09877777777777769
20260921,37,117,A,OR,OR,True,0.47741176470588237,0.05764404223227754
20260921,37,117,B,B,B,True,0.6411794871794873,0.3947350427350428
20260921,37,117,C,OR,OR,True,0.4766666666666667,0.004888888888888887
20260921,37,117,D,OR,B,False,0.5139267638679403,0.11400737388972682
20260921,37,117,E,B,B,True,0.5524444444444445,0.15088888888888896
20260921,37,117,F,OR,OR,True,0.45900435729847494,0.007495894084129318
20260921,37,117,G,B,B,True,0.6551794871794872,0.4358461538461538
20260921,37,117,H,OR,OR,True,0.5525450980392157,0.22035515334338868
20260921,37,117,I,B,B,True,0.6106666666666667,0.2664444444444445
20260921,37,117,J,B,B,True,0.5295555555555556,0.1071111111111111
20260921,37,117,K,OR,OR,True,0.5094117647058823,0.25964404223227755
20260921,37,117,L,B,B,True,0.6171934305346071,0.3420962627786158
20260921,37,117,M,OR,OR,True,0.4729228758169935,0.19533293112116645
20260921,37,117,N,OR,B,False,0.5129614099770963,0.09082880286017542
20260921,37,117,O,B,B,True,0.6540683760683762,0.439846153846154
20260921,37,117,P,B,B,True,0.5643319926261103,0.219040053628289
20260921,38,118,A,OR,OR,True,0.4534444444444444,0.08733333333333321
20260921,38,118,B,B,B,True,0.5819307568438004,0.34141223832528184
20260921,38,118,C,OR,B,False,0.5486666666666667,0.2800000000000001
20260921,38,118,D,OR,B,False,0.6299934640522875,0.44566013071895416
20260921,38,118,E,B,B,True,0.524,0.28
20260921,38,118,F,OR,B,False,0.4992222222222223,0.16644444444444456
20260921,38,118,G,B,B,True,0.5745426731078904,0.34395008051529785
20260921,38,118,H,OR,OR,True,0.47648148148148145,0.16828663446054748
20260921,38,118,I,B,B,True,0.6944444444444444,0.5193333333333333
20260921,38,118,J,B,B,True,0.5853333333333333,0.35444444444444434
20260921,38,118,K,OR,OR,True,0.5301666666666667,0.2523888888888889
20260921,38,118,L,B,B,True,0.5478542673107891,0.2723727858293077
20260921,38,118,M,OR,OR,True,0.41916666666666663,0.10249999999999998
20260921,38,118,N,OR,B,False,0.5068196457326892,0.16763446054750408
20260921,38,118,O,B,B,True,0.5802987117552335,0.3485950080515298
20260921,38,118,P,B,B,True,0.6491960784313726,0.4645032679738563
20260921,39,119,A,OR,OR,True,0.6495555555555554,0.377111111111111
20260921,39,119,B,B,B,True,0.5595364334347385,0.18950224540055044
20260921,39,119,C,OR,B,False,0.5445555555555556,0.12788888888888889
20260921,39,119,D,OR,OR,True,0.6802222222222222,0.42066666666666663
20260921,39,119,E,B,B,True,0.5588888888888889,0.1468888888888889
20260921,39,119,F,OR,OR,True,0.6906666666666667,0.4424444444444444
20260921,39,119,G,B,B,True,0.582026075619296,0.24132522091844127
20260921,39,119,H,OR,OR,True,0.7120854700854701,0.5088074750108649
20260921,39,119,I,B,B,True,0.6145555555555556,0.2507777777777778
20260921,39,119,J,B,B,True,0.5744444444444444,0.17755555555555552
20260921,39,119,K,OR,OR,True,0.7068888888888889,0.5433333333333333
20260921,39,119,L,B,B,True,0.525563088512241,0.11645197740112989
20260921,39,119,M,OR,OR,True,0.6942222222222223,0.524
20260921,39,119,N,OR,OR,True,0.5042222222222222,0.06109604519774009
20260921,39,119,O,B,B,True,0.5833408662900188,0.24422975517890766
20260921,39,119,P,B,OR,False,0.6635555555555556,0.3857777777777778
