window_id,domain,original_file_id,acquisition_id,independent_object_id,window_start_s,window_end_s,fs_hz,class_label,truth_status,load_hp,rpm_value,rpm_source,channel,sensor_position,td_rms,td_std,td_peak_abs,td_ptp,td_skewness,td_kurtosis,td_crest_factor,td_impulse_factor,td_shape_factor,td_clearance_factor,td_zero_cross_rate,fd_dominant_hz_0_6k,fd_centroid_hz_0_6k,fd_f95_hz_0_6k,fd_entropy_0_6k,fd_energy_ratio_0_500,fd_energy_ratio_500_1500,fd_energy_ratio_1500_3000,fd_energy_ratio_3000_6000,env_rms,env_kurtosis,env_dominant_hz_0_500,env_centroid_hz_0_500,env_entropy_0_500,env_energy_ratio_0_50,env_energy_ratio_50_150,env_energy_ratio_150_300,env_energy_ratio_300_500
source::data/raw/source_domain/cwru_48khz_de/B007_0.mat::w0000,source,data/raw/source_domain/cwru_48khz_de/B007_0.mat,data/raw/source_domain/cwru_48khz_de/B007_0.mat,data/raw/source_domain/cwru_48khz_de/B007_0.mat,0.0,1.0,48000,B,known_source_label,0.0,1796.0,mat_variable,DE_time,drive_end,0.14710492669108596,0.14710492669108596,0.5725445536538462,1.128817846153846,-0.023309840264517007,3.0962127074649337,3.892082791028971,4.906646532562044,1.2606737307434028,5.809775086414361,0.12429425613033605,3363.28125,2878.4911602385237,3457.03125,0.7453770857062025,0.018631415725702517,0.05894365875608467,0.4499658983338056,0.46417526089795796,0.09832435950967773,3.2723774982642886,108.0,194.5779154826861,0.8926574097269835,0.17726812281657425,0.2668813992299902,0.28843935428961553,0.26220769831628526
source::data/raw/source_domain/cwru_48khz_de/B007_0.mat::w0001,source,data/raw/source_domain/cwru_48khz_de/B007_0.mat,data/raw/source_domain/cwru_48khz_de/B007_0.mat,data/raw/source_domain/cwru_48khz_de/B007_0.mat,0.5,1.5,48000,B,known_source_label,0.0,1796.0,mat_variable,DE_time,drive_end,0.1464522483861895,0.1464522483861895,0.7003005891153846,1.270884923076923,-0.03799073435656473,3.187405620882985,4.781767414481302,6.050188461344847,1.2652619704967027,7.1791374568287365,0.12335673659867914,2859.375,2866.2842729137483,3457.03125,0.7467315089273268,0.01901583774020836,0.06258344067587188,0.4508074910170808,0.4589896050756913,0.09920844483752451,3.454858360302383,108.0,206.181166076293,0.8898803589905178,0.15065439806630704,0.2549850415599738,0.3243329945149643,0.26642139804104814
source::data/raw/source_domain/cwru_48khz_de/B007_0.mat::w0002,source,data/raw/source_domain/cwru_48khz_de/B007_0.mat,data/raw/source_domain/cwru_48khz_de/B007_0.mat,data/raw/source_domain/cwru_48khz_de/B007_0.mat,1.0,2.0,48000,B,known_source_label,0.0,1796.0,mat_variable,DE_time,drive_end,0.14663731490769277,0.14663731490769277,0.7000262946538461,1.3330523076923075,-0.017596291637931097,3.1691042923439663,4.773861926548056,6.030688191160193,1.263272437265443,7.147889906220395,0.12291922748390592,2859.375,2848.890222028597,3457.03125,0.7461742264051923,0.020646899113091748,0.06670624272313848,0.4542098827416494,0.44927578855374223,0.09876495319421946,3.466544458922388,108.0,203.64626057296417,0.8898984895780044,0.13809329639220294,0.29444862763127144,0.29226415012394524,0.2710957125550327
source::data/raw/source_domain/cwru_48khz_de/B007_0.mat::w0003,source,data/raw/source_domain/cwru_48khz_de/B007_0.mat,data/raw/source_domain/cwru_48khz_de/B007_0.mat,data/raw/source_domain/cwru_48khz_de/B007_0.mat,1.5,2.5,48000,B,known_source_label,0.0,1796.0,mat_variable,DE_time,drive_end,0.1467376072424809,0.1467376072424809,0.6736010925384615,1.3069753846153844,0.0006200065775715303,3.0105950537307953,4.590514355469617,5.761908290333217,1.2551770551438561,6.808469974345404,0.12354424050501052,2859.375,2854.159004239023,3445.3125,0.7461123514519089,0.019210626786540067,0.06895834454651276,0.43087533846859954,0.47217059844034687,0.09646087911601726,3.1812973894945737,108.0,191.68617544354416,0.8913177962772849,0.15479113785300092,0.31200381176243885,0.2877969989226712,0.241690142784564
source::data/raw/source_domain/cwru_48khz_de/B007_0.mat::w0004,source,data/raw/source_domain/cwru_48khz_de/B007_0.mat,data/raw/source_domain/cwru_48khz_de/B007_0.mat,data/raw/source_domain/cwru_48khz_de/B007_0.mat,2.0,3.0,48000,B,known_source_label,0.0,1796.0,mat_variable,DE_time,drive_end,0.14469080290070546,0.14469080290070546,0.6580836456923077,1.2352116923076923,-0.018722140833090536,3.0457171986612344,4.548206468515981,5.705262137718722,1.2543982286584368,6.7354522671426595,0.12375257817871206,2859.375,2878.869903710699,3457.03125,0.7457433360450143,0.019586447192192914,0.06387383101172556,0.3997145530214761,0.5086500179806502,0.0950889343551537,3.4368003599469015,108.0,196.1966690660954,0.8826748872102452,0.14342477563787698,0.2985489472202281,0.3236176448225517,0.23114833785337366
source::data/raw/source_domain/cwru_48khz_de/B007_0.mat::w0005,source,data/raw/source_domain/cwru_48khz_de/B007_0.mat,data/raw/source_domain/cwru_48khz_de/B007_0.mat,data/raw/source_domain/cwru_48khz_de/B007_0.mat,2.5,3.5,48000,B,known_source_label,0.0,1796.0,mat_variable,DE_time,drive_end,0.14417922558280735,0.14417922558280735,0.6576350226538461,1.2352116923076923,-0.024515193289966684,3.1366562689088626,4.561232868264931,5.74627762966241,1.2598079939313445,6.799319471307787,0.12369007687660159,2859.375,2885.2418957094537,3457.03125,0.7443111564336243,0.01842915633307797,0.061265329211151236,0.4147581731832458,0.4982427194172565,0.09630018497890605,3.5405508791236278,215.0,211.98939251952376,0.8907213229606219,0.14457614653526346,0.21608200800793684,0.3714227496769156,0.2669167249651612
source::data/raw/source_domain/cwru_48khz_de/B007_0.mat::w0006,source,data/raw/source_domain/cwru_48khz_de/B007_0.mat,data/raw/source_domain/cwru_48khz_de/B007_0.mat,data/raw/source_domain/cwru_48khz_de/B007_0.mat,3.0,4.0,48000,B,known_source_label,0.0,1796.0,mat_variable,DE_time,drive_end,0.14343679996488617,0.14343679996488617,0.6058066078076924,1.1469673846153845,-0.024770340132322367,3.1730095821213453,4.223508945764074,5.339951447072719,1.264340034698196,6.330629559288612,0.12304423008812683,2859.375,2878.0149695891027,3457.03125,0.7462276023662346,0.01864688995925477,0.05994408556188095,0.4280488535316626,0.4847824999921472,0.09710524172570334,3.3982137564038783,108.0,214.42644264624653,0.8980592603247617,0.13298556916817947,0.23759373798503539,0.35309959288859155,0.27401791116477964
source::data/raw/source_domain/cwru_48khz_de/B007_1.mat::w0000,source,data/raw/source_domain/cwru_48khz_de/B007_1.mat,data/raw/source_domain/cwru_48khz_de/B007_1.mat,data/raw/source_domain/cwru_48khz_de/B007_1.mat,0.0,1.0,48000,B,known_source_label,1.0,1772.0,mat_variable,DE_time,drive_end,0.13879752927766065,0.13879752927766065,0.5680345758846154,1.1079563076923078,-0.019405474205763256,3.031437874519831,4.0925409755975215,5.142793166048101,1.2566259438026,6.078491349500071,0.12285672618179545,2812.5,2801.494790553223,3421.875,0.7444884613071909,0.02106001981214807,0.057679706129779226,0.5154672200895544,0.3909234094540648,0.09196703111772946,3.1952846567678073,242.0,218.04303597502226,0.9085874429806245,0.13167227974686677,0.23661840809235388,0.33034011311093087,0.29654921290759123
source::data/raw/source_domain/cwru_48khz_de/B007_1.mat::w0001,source,data/raw/source_domain/cwru_48khz_de/B007_1.mat,data/raw/source_domain/cwru_48khz_de/B007_1.mat,data/raw/source_domain/cwru_48khz_de/B007_1.mat,0.5,1.5,48000,B,known_source_label,1.0,1772.0,mat_variable,DE_time,drive_end,0.1405216591010032,0.1405216591010032,0.569698201,1.1304867692307692,-0.014147167890829019,2.98151320188932,4.054166486793769,5.0775744580047855,1.2524336320446086,5.989709871206795,0.12237754953228193,2824.21875,2801.7560871929677,3421.875,0.74400285620112,0.0207207355526553,0.057425127018626336,0.5189643480271944,0.3884748447163356,0.09178541364249378,3.1591446106194954,59.0,212.1198264194175,0.9044817691906736,0.12300831086398455,0.2739728647871774,0.31391382596741546,0.28395244173773315
source::data/raw/source_domain/cwru_48khz_de/B007_1.mat::w0002,source,data/raw/source_domain/cwru_48khz_de/B007_1.mat,data/raw/source_domain/cwru_48khz_de/B007_1.mat,data/raw/source_domain/cwru_48khz_de/B007_1.mat,1.0,2.0,48000,B,known_source_label,1.0,1772.0,mat_variable,DE_time,drive_end,0.14142516218685983,0.14142516218685983,0.6571496441923077,1.209552,-0.0017400051286427204,3.0104587978697097,4.646624646039957,5.823304682850588,1.2532332879033534,6.874466102773116,0.12227338069543116,2824.21875,2807.760110328341,3421.875,0.7458580264792714,0.01958076999721237,0.05768096261970802,0.5054472110132164,0.4031136180067305,0.09264843232507064,3.3160909404579035,59.0,216.57143430754462,0.9048541608983219,0.15976845362081826,0.21055079652945147,0.35101305617261236,0.27645882698092206
source::data/raw/source_domain/cwru_48khz_de/B007_1.mat::w0003,source,data/raw/source_domain/cwru_48khz_de/B007_1.mat,data/raw/source_domain/cwru_48khz_de/B007_1.mat,data/raw/source_domain/cwru_48khz_de/B007_1.mat,1.5,2.5,48000,B,known_source_label,1.0,1772.0,mat_variable,DE_time,drive_end,0.14206679460967725,0.14206679460967725,0.6558820623461539,1.2105950769230769,0.011809593900019422,3.1060814228113354,4.61671613091255,5.8139231848267645,1.2593200491269207,6.8839298988488835,0.12271088981020438,2824.21875,2805.9421258105845,3421.875,0.7453483637243651,0.019775958448656098,0.05691299464176291,0.519878272968937,0.388003277497541,0.09465016756220125,3.4522013249333474,59.0,196.46083105060362,0.8885315266075845,0.14462298988068156,0.27388225450789067,0.3332690102936964,0.2441145373542387
source::data/raw/source_domain/cwru_48khz_de/B007_1.mat::w0004,source,data/raw/source_domain/cwru_48khz_de/B007_1.mat,data/raw/source_domain/cwru_48khz_de/B007_1.mat,data/raw/source_domain/cwru_48khz_de/B007_1.mat,2.0,3.0,48000,B,known_source_label,1.0,1772.0,mat_variable,DE_time,drive_end,0.14048418425825684,0.14048418425825684,0.6141590810384616,1.2076744615384616,0.0069484556325348935,3.126628580514645,4.371731126011028,5.512131067897509,1.260857749247676,6.530907719234792,0.12210671055646993,2824.21875,2804.58641300764,3433.59375,0.7487465263951123,0.020801944713078543,0.05930675461397088,0.5185139498864577,0.39084265447740546,0.09389885184225269,3.431068606064749,59.0,193.72444223938814,0.8993796466618752,0.16613845189446982,0.2703162979969888,0.29933886645070434,0.25982797550866044
source::data/raw/source_domain/cwru_48khz_de/B007_1.mat::w0005,source,data/raw/source_domain/cwru_48khz_de/B007_1.mat,data/raw/source_domain/cwru_48khz_de/B007_1.mat,data/raw/source_domain/cwru_48khz_de/B007_1.mat,2.5,3.5,48000,B,known_source_label,1.0,1772.0,mat_variable,DE_time,drive_end,0.13954557483273722,0.13954557483273722,0.6149109048076924,1.2076744615384616,0.009175504773117186,3.0867281928711594,4.406523858175605,5.552498488893964,1.2600631853047601,6.578953789929869,0.12146086376799517,2824.21875,2808.3891377696505,3433.59375,0.7485222515610142,0.021139955740772598,0.06105234320945709,0.5117806899221725,0.3981224264051404,0.09321413068467344,3.333652375664033,77.0,192.86863400157938,0.8841843724632614,0.15923985102223248,0.30674742766697805,0.28493216223678725,0.24634928400313363
source::data/raw/source_domain/cwru_48khz_de/B007_1.mat::w0006,source,data/raw/source_domain/cwru_48khz_de/B007_1.mat,data/raw/source_domain/cwru_48khz_de/B007_1.mat,data/raw/source_domain/cwru_48khz_de/B007_1.mat,3.0,4.0,48000,B,known_source_label,1.0,1772.0,mat_variable,DE_time,drive_end,0.14139269069948238,0.14139269069948238,0.6100341073076923,1.195992,0.032069069541201804,3.049870109794467,4.314467065344638,5.41993827306767,1.2562242777478232,6.40888252513596,0.12269005604283423,2894.53125,2822.7276392845297,3421.875,0.7419284743037277,0.02035601046897649,0.056198350130038516,0.5091887587209044,0.4036423848810826,0.09331341244520694,3.389078264786025,76.0,210.1397607650137,0.9033542989780337,0.13182901108973819,0.2861107486957661,0.3049918589627928,0.27365360867305816
source::data/raw/source_domain/cwru_48khz_de/B007_2.mat::w0000,source,data/raw/source_domain/cwru_48khz_de/B007_2.mat,data/raw/source_domain/cwru_48khz_de/B007_2.mat,data/raw/source_domain/cwru_48khz_de/B007_2.mat,0.0,1.0,48000,B,known_source_label,2.0,1747.0,mat_variable,DE_time,drive_end,0.13632368511513143,0.13632368511513143,0.6179892334230768,1.1828492307692307,0.03399279665341262,3.1210284047884356,4.533249177475096,5.695933790333586,1.2564793081734575,6.727662315317287,0.12137752869851455,2929.6875,2755.1182167251086,3433.59375,0.7493053944835889,0.020041716430058112,0.07204698455130396,0.5638998120975904,0.32757568134447346,0.09005917045514925,3.6757505868964744,151.0,227.4239516153114,0.9187416137747846,0.07665664049051825,0.273151694983489,0.3296513437263051,0.31532618377665494
source::data/raw/source_domain/cwru_48khz_de/B007_2.mat::w0001,source,data/raw/source_domain/cwru_48khz_de/B007_2.mat,data/raw/source_domain/cwru_48khz_de/B007_2.mat,data/raw/source_domain/cwru_48khz_de/B007_2.mat,0.5,1.5,48000,B,known_source_label,2.0,1747.0,mat_variable,DE_time,drive_end,0.1359078416187164,0.1359078416187164,0.6191081333461537,1.1826406153846154,0.012803504503372806,3.0756266681458806,4.555352553375687,5.732469490743428,1.258403037642668,6.784178653642363,0.12121085855955332,2929.6875,2754.837828778761,3433.59375,0.7494296531536345,0.021060733999006123,0.07093247815390963,0.561582293370607,0.3283773470227134,0.09002874955272248,3.3787924103358384,163.0,218.096331199147,0.9187649325114223,0.09891584451542122,0.261403426491923,0.3394073402335898,0.29366682796515525
source::data/raw/source_domain/cwru_48khz_de/B007_2.mat::w0002,source,data/raw/source_domain/cwru_48khz_de/B007_2.mat,data/raw/source_domain/cwru_48khz_de/B007_2.mat,data/raw/source_domain/cwru_48khz_de/B007_2.mat,1.0,2.0,48000,B,known_source_label,2.0,1747.0,mat_variable,DE_time,drive_end,0.13578359024436293,0.13578359024436293,0.5628004115384615,1.1246455384615386,-0.008068412188594703,3.066097635504911,4.144833779409375,5.217291321504193,1.2587456093858647,6.174481591006843,0.12133586116377425,2929.6875,2752.7308903242288,3433.59375,0.7488497677310183,0.020571904935244405,0.0745563861357887,0.5562989686759899,0.33242242723452886,0.09021696547691145,3.2445519494298938,289.0,235.64496413997935,0.9144738238346345,0.09749138501094981,0.240626684405768,0.31045316229371406,0.34490928105793794
source::data/raw/source_domain/cwru_48khz_de/B007_2.mat::w0003,source,data/raw/source_domain/cwru_48khz_de/B007_2.mat,data/raw/source_domain/cwru_48khz_de/B007_2.mat,data/raw/source_domain/cwru_48khz_de/B007_2.mat,1.5,2.5,48000,B,known_source_label,2.0,1747.0,mat_variable,DE_time,drive_end,0.1399635262126275,0.1399635262126275,0.5451928210769231,1.0507956923076924,0.006243683166797527,3.0284720614198974,3.895249254043448,4.887160587797168,1.254646434419865,5.767973208126895,0.1213150273964041,2859.375,2770.6388028277443,3433.59375,0.7397669669267821,0.018661200692903893,0.06824804124503996,0.5508570833682975,0.34740858816179987,0.09206922296471887,3.2283378410245,105.0,227.14806667836967,0.9129101405082003,0.10807382367447856,0.23979157720708297,0.3138896409703676,0.3326142916131148
source::data/raw/source_domain/cwru_48khz_de/B007_2.mat::w0004,source,data/raw/source_domain/cwru_48khz_de/B007_2.mat,data/raw/source_domain/cwru_48khz_de/B007_2.mat,data/raw/source_domain/cwru_48khz_de/B007_2.mat,2.0,3.0,48000,B,known_source_label,2.0,1747.0,mat_variable,DE_time,drive_end,0.14358073645036196,0.14358073645036196,0.5917138823461539,1.1711667692307692,-0.0068215182286482145,3.0073852622786856,4.121123048749629,5.163388879558761,1.252908204497655,6.0911388513503155,0.12066918060792933,2859.375,2770.339087375352,3433.59375,0.7356376761080452,0.017804007834276755,0.0674051358994318,0.5531991580699959,0.34322317305382954,0.09400176079608279,3.2664207308320816,61.0,206.4909455407285,0.918789906022487,0.1303586229701651,0.30144734374831267,0.2804838202574749,0.2794659369623529
source::data/raw/source_domain/cwru_48khz_de/B007_2.mat::w0005,source,data/raw/source_domain/cwru_48khz_de/B007_2.mat,data/raw/source_domain/cwru_48khz_de/B007_2.mat,data/raw/source_domain/cwru_48khz_de/B007_2.mat,2.5,3.5,48000,B,known_source_label,2.0,1747.0,mat_variable,DE_time,drive_end,0.14385734489153484,0.14385734489153484,0.756582490423077,1.4317273846153848,-0.03304119937662485,3.185164926727061,5.259255208611445,6.609369181213234,1.2567120094010997,7.803323285103378,0.12102335465322195,2859.375,2780.6671403532564,3433.59375,0.7358652617919698,0.017687150460977515,0.06343639527379472,0.5490153612217563,0.3462932258796596,0.0951155385517558,4.077270738572482,105.0,228.9767122446486,0.9216290499422943,0.08910445065602977,0.28075781176257053,0.2840605501660343,0.34157794536997427
source::data/raw/source_domain/cwru_48khz_de/B007_2.mat::w0006,source,data/raw/source_domain/cwru_48khz_de/B007_2.mat,data/raw/source_domain/cwru_48khz_de/B007_2.mat,data/raw/source_domain/cwru_48khz_de/B007_2.mat,3.0,4.0,48000,B,known_source_label,2.0,1747.0,mat_variable,DE_time,drive_end,0.1415701730838672,0.1415701730838672,0.7576097082307693,1.4317273846153848,-0.01070438569052301,3.190085058113809,5.351478293217911,6.719008990435528,1.2555426037891755,7.927460679609288,0.12075251567740995,2859.375,2771.5082625344426,3433.59375,0.7373541692606276,0.017766758820920135,0.06718835915742598,0.5527965916079773,0.34512147360187806,0.09338519816790863,4.2125775414698765,105.0,208.23496128400123,0.9254132655489717,0.1016439365669132,0.29717995953871285,0.33624451773513514,0.26170155348778623
source::data/raw/source_domain/cwru_48khz_de/B007_3.mat::w0000,source,data/raw/source_domain/cwru_48khz_de/B007_3.mat,data/raw/source_domain/cwru_48khz_de/B007_3.mat,data/raw/source_domain/cwru_48khz_de/B007_3.mat,0.0,1.0,48000,B,known_source_label,3.0,1721.0,mat_variable,DE_time,drive_end,0.14379774242749488,0.14379774242749488,0.5908090783076922,1.129860923076923,0.03361344608749285,3.0263050217241627,4.108611639723613,5.168728321571151,1.2580230926578657,6.122472602805933,0.11983582991312319,2894.53125,2704.2417996386016,3421.875,0.7415156449893444,0.015717916448035607,0.11618078765250774,0.5346507406533823,0.3143541819286753,0.09525917487566118,3.2012198701815775,103.0,226.8319701461944,0.8994588772426038,0.11045009511693796,0.2990069567413021,0.2302419780433058,0.3558013250479834
source::data/raw/source_domain/cwru_48khz_de/B007_3.mat::w0001,source,data/raw/source_domain/cwru_48khz_de/B007_3.mat,data/raw/source_domain/cwru_48khz_de/B007_3.mat,data/raw/source_domain/cwru_48khz_de/B007_3.mat,0.5,1.5,48000,B,known_source_label,3.0,1721.0,mat_variable,DE_time,drive_end,0.14220319370223497,0.14220319370223497,0.6218052303846152,1.238966769230769,0.026358876064640917,3.0412112958557076,4.372653062084286,5.487781705831234,1.2550233526134853,6.48011325570766,0.11883580907935581,2894.53125,2692.751538863147,3421.875,0.7489330453145628,0.015995589850331008,0.11771476048537405,0.545510494409876,0.3075711525938585,0.09360137930039819,3.3724823592452498,103.0,224.49367106677164,0.8951107672193098,0.1320583926369081,0.24681395802469486,0.23461991132227192,0.3707598732540661
source::data/raw/source_domain/cwru_48khz_de/B007_3.mat::w0002,source,data/raw/source_domain/cwru_48khz_de/B007_3.mat,data/raw/source_domain/cwru_48khz_de/B007_3.mat,data/raw/source_domain/cwru_48khz_de/B007_3.mat,1.0,2.0,48000,B,known_source_label,3.0,1721.0,mat_variable,DE_time,drive_end,0.14171471175645142,0.14171471175645142,0.6212771857307691,1.238966769230769,0.023699114262227046,3.007076223645386,4.383999219460728,5.489758323484442,1.252226117896297,6.470133261804447,0.11983582991312319,2882.8125,2694.7686378562876,3421.875,0.7483740736333235,0.016433797432207735,0.12175761497330649,0.5322532310703832,0.320954537696815,0.0926852213053481,3.2453239951032957,103.0,239.94218927521206,0.9253700872036809,0.11684667442689611,0.2306509953592014,0.23069907980485813,0.4114121895813631
source::data/raw/source_domain/cwru_48khz_de/B007_3.mat::w0003,source,data/raw/source_domain/cwru_48khz_de/B007_3.mat,data/raw/source_domain/cwru_48khz_de/B007_3.mat,data/raw/source_domain/cwru_48khz_de/B007_3.mat,1.5,2.5,48000,B,known_source_label,3.0,1721.0,mat_variable,DE_time,drive_end,0.13969988382309245,0.13969988382309245,0.5960960962307692,1.1094166153846152,0.03557419088146019,3.0661608117977877,4.266976320333685,5.360151421914877,1.2561943211012092,6.330856054243403,0.12006500135419487,2882.8125,2690.110326664068,3421.875,0.7493935996623167,0.01672261560058392,0.12466400190048882,0.5301356674873001,0.3189891778918571,0.0923743917356832,3.351389977833425,161.0,232.0527067365307,0.9234179809100953,0.1402293086720253,0.2181211844493412,0.23868586774754671,0.3934754760178651
source::data/raw/source_domain/cwru_48khz_de/B007_3.mat::w0004,source,data/raw/source_domain/cwru_48khz_de/B007_3.mat,data/raw/source_domain/cwru_48khz_de/B007_3.mat,data/raw/source_domain/cwru_48khz_de/B007_3.mat,2.0,3.0,48000,B,known_source_label,3.0,1721.0,mat_variable,DE_time,drive_end,0.13800167273548894,0.13800167273548894,0.5962000779615385,1.1448812307692307,0.02152485755742446,3.093078289217985,4.320238053200768,5.4394067856637935,1.2590525611417276,6.4360030636929935,0.11989833121523365,2882.8125,2692.476363452882,3421.875,0.7526814797986391,0.017248740676063884,0.12112979483871898,0.5274438368087275,0.3243562861301718,0.09189300286719605,3.4048032934081105,17.0,230.81893517726175,0.9195033900235271,0.1360388976712443,0.21297890755747226,0.2652998209171378,0.3778891920999301
source::data/raw/source_domain/cwru_48khz_de/B007_3.mat::w0005,source,data/raw/source_domain/cwru_48khz_de/B007_3.mat,data/raw/source_domain/cwru_48khz_de/B007_3.mat,data/raw/source_domain/cwru_48khz_de/B007_3.mat,2.5,3.5,48000,B,known_source_label,3.0,1721.0,mat_variable,DE_time,drive_end,0.13860750979479144,0.13860750979479144,0.6489427497307692,1.2087175384615385,-0.012244814938338263,3.039971723079911,4.681872942431818,5.8891140215206805,1.257854301876744,6.969525454997737,0.11989833121523365,2882.8125,2681.1864508319804,3421.875,0.7552145153699286,0.017138965534754986,0.12594198219860325,0.5323173987307976,0.3157809582784217,0.09179908454997851,3.263788361053331,206.0,213.75064790429553,0.9142284650566812,0.14429547342156174,0.23670076128520692,0.3016839901567007,0.3120138228976271
source::data/raw/source_domain/cwru_48khz_de/B007_3.mat::w0006,source,data/raw/source_domain/cwru_48khz_de/B007_3.mat,data/raw/source_domain/cwru_48khz_de/B007_3.mat,data/raw/source_domain/cwru_48khz_de/B007_3.mat,3.0,4.0,48000,B,known_source_label,3.0,1721.0,mat_variable,DE_time,drive_end,0.13947038369551837,0.13947038369551837,0.6483119359230769,1.2087175384615385,-0.014112384337384725,2.9965476232205903,4.648384257218193,5.834435234503948,1.2551533848352092,6.893824651182062,0.11918998312464843,2917.96875,2685.338508295067,3421.875,0.7527624286448197,0.016645832806181638,0.1261977311021582,0.5274987998479304,0.31886305029728385,0.09173003344042151,3.1988644947070703,17.0,208.6975173760886,0.9124541498430022,0.14432092343376265,0.2784411340328516,0.2575243455035818,0.3111707204468835
source::data/raw/source_domain/cwru_48khz_de/B014_0.mat::w0000,source,data/raw/source_domain/cwru_48khz_de/B014_0.mat,data/raw/source_domain/cwru_48khz_de/B014_0.mat,data/raw/source_domain/cwru_48khz_de/B014_0.mat,0.0,1.0,48000,B,known_source_label,0.0,1797.0,mat_variable,DE_time,drive_end,0.12607040278818754,0.12607040278818754,1.1094135730769228,2.1733550769230767,-0.05189810220962529,8.374098036619163,8.799952633863338,12.316093106275297,1.3995635679655491,15.195752961593389,0.10854392799849998,2800.78125,2559.4987462528375,3292.96875,0.7834538029874267,0.050925961132412136,0.10139020317694873,0.5317527975914412,0.3030178560143001,0.10851115013124031,14.316450058043666,12.0,160.1930821405388,0.879665528607189,0.2443492719125905,0.3319396510060273,0.2677071310078622,0.1465153739584775
source::data/raw/source_domain/cwru_48khz_de/B014_0.mat::w0001,source,data/raw/source_domain/cwru_48khz_de/B014_0.mat,data/raw/source_domain/cwru_48khz_de/B014_0.mat,data/raw/source_domain/cwru_48khz_de/B014_0.mat,0.5,1.5,48000,B,known_source_label,0.0,1797.0,mat_variable,DE_time,drive_end,0.15188204422359466,0.15188204422359466,1.2859039051923078,2.5515747692307693,-0.06290701316014118,11.195703849439031,8.466464299695525,12.605206261930348,1.4888394748561884,15.977670677835079,0.11098147878080793,2800.78125,2720.28762479422,3304.6875,0.7569602829775146,0.02866929302169243,0.062332939225080666,0.541007951406426,0.3507958980282843,0.14299585261208816,15.682335852361922,18.0,167.2029900498416,0.8534629612446551,0.2399124751917703,0.31583067189670544,0.27205588591560725,0.158139448823514
source::data/raw/source_domain/cwru_48khz_de/B014_0.mat::w0002,source,data/raw/source_domain/cwru_48khz_de/B014_0.mat,data/raw/source_domain/cwru_48khz_de/B014_0.mat,data/raw/source_domain/cwru_48khz_de/B014_0.mat,1.0,2.0,48000,B,known_source_label,0.0,1797.0,mat_variable,DE_time,drive_end,0.14545862609519766,0.14545862609519766,1.2886116416153846,2.5515747692307693,-0.024812880301042305,12.721422602457176,8.858956503295815,13.28838173060209,1.4999940145960795,16.80458952089047,0.1101897956207421,2812.5,2729.2797763463464,3328.125,0.7606274223058574,0.02773052761470718,0.06125339484149843,0.5311045936021135,0.36482188622476114,0.1382858460993589,18.39711005602835,18.0,159.9680695391135,0.8659822316194065,0.23842991111180395,0.33309923655379853,0.28005801023978205,0.1410625495696946
source::data/raw/source_domain/cwru_48khz_de/B014_0.mat::w0003,source,data/raw/source_domain/cwru_48khz_de/B014_0.mat,data/raw/source_domain/cwru_48khz_de/B014_0.mat,data/raw/source_domain/cwru_48khz_de/B014_0.mat,1.5,2.5,48000,B,known_source_label,0.0,1797.0,mat_variable,DE_time,drive_end,0.12361114194176859,0.12361114194176859,1.1785264418461536,2.2486652307692303,0.014200321641903556,11.091434971947285,9.534144117783542,13.560311302749536,1.4222893146062783,16.725085770357285,0.10864809683535073,2812.5,2592.808177347696,3328.125,0.7839526012429958,0.0399260657465291,0.10284084271014528,0.5298932165597355,0.3141030575894118,0.10906342449683215,20.589759314678673,1.0,143.3760444139376,0.8557762596134482,0.31774150750625013,0.3234196276196666,0.19572035942398344,0.15480276508278804
source::data/raw/source_domain/cwru_48khz_de/B014_0.mat::w0004,source,data/raw/source_domain/cwru_48khz_de/B014_0.mat,data/raw/source_domain/cwru_48khz_de/B014_0.mat,data/raw/source_domain/cwru_48khz_de/B014_0.mat,2.0,3.0,48000,B,known_source_label,0.0,1797.0,mat_variable,DE_time,drive_end,0.1312391284177514,0.1312391284177514,1.1286746403846153,2.221962461538461,0.06722760380305605,9.984187385953774,8.600138190367247,12.28487429452814,1.4284508018946078,15.231814905315296,0.10918977478697472,2812.5,2606.9495164445443,3328.125,0.7784925411219996,0.03821802770791362,0.10228418126153638,0.5271299172475921,0.3181427733953608,0.11665116897694999,16.670816457582475,150.0,171.42977388066544,0.8809130600200793,0.21920145309596678,0.30380897074250407,0.28436358610775303,0.17604912751839077
source::data/raw/source_domain/cwru_48khz_de/B014_0.mat::w0005,source,data/raw/source_domain/cwru_48khz_de/B014_0.mat,data/raw/source_domain/cwru_48khz_de/B014_0.mat,data/raw/source_domain/cwru_48khz_de/B014_0.mat,2.5,3.5,48000,B,known_source_label,0.0,1797.0,mat_variable,DE_time,drive_end,0.1393348925013583,0.1393348925013583,1.1279027895384615,2.221962461538461,0.0455802924840545,9.358036721721575,8.094905513487019,11.628343913896007,1.4365015001643227,14.50331660035616,0.11002312548178086,3140.625,2648.661105509831,3304.6875,0.768435175993365,0.0312175359212881,0.09422490336512353,0.537021865732068,0.32272001743018897,0.1250240420493306,14.174575267375234,18.0,160.6610705742665,0.8573001932316925,0.25252849685713163,0.31657807677063715,0.28262213203162107,0.12902505324215283
source::data/raw/source_domain/cwru_48khz_de/B014_0.mat::w0006,source,data/raw/source_domain/cwru_48khz_de/B014_0.mat,data/raw/source_domain/cwru_48khz_de/B014_0.mat,data/raw/source_domain/cwru_48khz_de/B014_0.mat,3.0,4.0,48000,B,known_source_label,0.0,1797.0,mat_variable,DE_time,drive_end,0.14970399858545386,0.14970399858545386,1.1602734475384615,2.3139618461538465,-0.008376369362913255,9.671043840988467,7.750450612502545,11.27818900307925,1.4551655854448824,14.158095323170857,0.10848142669638951,2800.78125,2651.7498735359068,3304.6875,0.7643452097951292,0.035046923698760474,0.08163135573145947,0.5690935004963852,0.2974124818993301,0.13679611468039812,13.844622346609054,18.0,169.1327517075059,0.8658731613104802,0.246758614759563,0.31749786890071113,0.26626210579207943,0.1656299487161232
source::data/raw/source_domain/cwru_48khz_de/B014_1.mat::w0000,source,data/raw/source_domain/cwru_48khz_de/B014_1.mat,data/raw/source_domain/cwru_48khz_de/B014_1.mat,data/raw/source_domain/cwru_48khz_de/B014_1.mat,0.0,1.0,48000,B,known_source_label,1.0,1772.0,mat_variable,DE_time,drive_end,0.1678009236247157,0.1678009236247157,2.3041577879615383,4.155618461538461,0.17680889333258984,15.802766164490778,13.731496455293785,20.26711254945734,1.475958036716614,25.47250120561211,0.10300214587803913,363.28125,2458.1371889958077,3234.375,0.7485670009739896,0.0995051771063149,0.055080378029834634,0.6562732598244961,0.18388460430934941,0.1563763431053845,29.494870941335122,35.0,115.71843086837961,0.846889102586173,0.41561190203228604,0.2792004734112544,0.223487092584336,0.07854082022572263
source::data/raw/source_domain/cwru_48khz_de/B014_1.mat::w0001,source,data/raw/source_domain/cwru_48khz_de/B014_1.mat,data/raw/source_domain/cwru_48khz_de/B014_1.mat,data/raw/source_domain/cwru_48khz_de/B014_1.mat,0.5,1.5,48000,B,known_source_label,1.0,1772.0,mat_variable,DE_time,drive_end,0.17919591718058556,0.17919591718058556,2.3042078034999998,4.173350769230769,0.13454171014251806,16.221109727663922,12.858595439789314,19.2660347246889,1.498300091545384,24.383734654029503,0.10312714848226005,363.28125,2503.7634783090275,3234.375,0.7401644246592916,0.08262371418334606,0.046955404478176116,0.6998420891850458,0.16386615217748382,0.170113015953509,27.91036232527754,35.0,124.81420483738262,0.8621065508342084,0.3708781355911878,0.32738462957018355,0.184784889809062,0.11111309595786652
source::data/raw/source_domain/cwru_48khz_de/B014_1.mat::w0002,source,data/raw/source_domain/cwru_48khz_de/B014_1.mat,data/raw/source_domain/cwru_48khz_de/B014_1.mat,data/raw/source_domain/cwru_48khz_de/B014_1.mat,1.0,2.0,48000,B,known_source_label,1.0,1772.0,mat_variable,DE_time,drive_end,0.13819738248835023,0.13819738248835023,1.8680150953461536,3.466561846153846,-0.05187180028500939,16.744516492152385,13.517007787684449,19.540925149696317,1.4456546490532434,24.210234094119514,0.09985624700514593,363.28125,2380.932268589507,3246.09375,0.7493877006484317,0.1215574063322013,0.06341362061066794,0.644457892644653,0.1622428424201689,0.12516000943831782,35.68122987372285,35.0,134.34318434981782,0.8797188319708152,0.3426826902414905,0.2989424314021343,0.2377924565058049,0.11723002531936529
source::data/raw/source_domain/cwru_48khz_de/B014_1.mat::w0003,source,data/raw/source_domain/cwru_48khz_de/B014_1.mat,data/raw/source_domain/cwru_48khz_de/B014_1.mat,data/raw/source_domain/cwru_48khz_de/B014_1.mat,1.5,2.5,48000,B,known_source_label,1.0,1772.0,mat_variable,DE_time,drive_end,0.12200902003977677,0.12200902003977677,1.1474478084615385,2.145817846153846,0.07145395464847491,9.357723624652131,9.40461457749639,13.13315018786266,1.396458098259589,16.13210709724742,0.09998124960936686,363.28125,2318.8800150464913,3269.53125,0.7525516325604693,0.1540601502869746,0.07521598187450158,0.5504831866845563,0.2142858475808625,0.10451862888849148,17.782061590980906,12.0,157.58366436518088,0.8916667474914034,0.23614957829514968,0.3492245337504365,0.2645598394710794,0.14502771369141457
source::data/raw/source_domain/cwru_48khz_de/B014_1.mat::w0004,source,data/raw/source_domain/cwru_48khz_de/B014_1.mat,data/raw/source_domain/cwru_48khz_de/B014_1.mat,data/raw/source_domain/cwru_48khz_de/B014_1.mat,2.0,3.0,48000,B,known_source_label,1.0,1772.0,mat_variable,DE_time,drive_end,0.13701147474184766,0.13701147474184766,1.144822970576923,2.145817846153846,0.049239967069591176,8.89459369557441,8.35567219990591,11.887268776272537,1.4226585835092516,14.769210816979216,0.10275214066959729,363.28125,2461.571656111134,3292.96875,0.7458272722012175,0.11555088361268077,0.05057305384786898,0.6078852675202768,0.21960329336036385,0.12108249048903907,14.016612145319728,140.0,151.164066041078,0.8691093959206702,0.22374373942380762,0.40729723382379696,0.25174220795937824,0.11391104258964975
source::data/raw/source_domain/cwru_48khz_de/B014_1.mat::w0005,source,data/raw/source_domain/cwru_48khz_de/B014_1.mat,data/raw/source_domain/cwru_48khz_de/B014_1.mat,data/raw/source_domain/cwru_48khz_de/B014_1.mat,2.5,3.5,48000,B,known_source_label,1.0,1772.0,mat_variable,DE_time,drive_end,0.14487260883105227,0.14487260883105227,1.1950630487307692,2.167096615384615,0.09885915777464585,7.094002026384842,8.24906142275784,11.473218462361615,1.3908513798466386,14.17112751126552,0.1036896602012542,363.28125,2470.6355804825425,3281.25,0.7503635400310215,0.10534002776296922,0.05041064910304915,0.6292304228585766,0.20913315772718183,0.12321579906775597,10.803088555467955,36.0,147.5923879060337,0.8759346212474032,0.2067675168329764,0.41453732824641804,0.2584569180022837,0.11391364268151165
source::data/raw/source_domain/cwru_48khz_de/B014_1.mat::w0006,source,data/raw/source_domain/cwru_48khz_de/B014_1.mat,data/raw/source_domain/cwru_48khz_de/B014_1.mat,data/raw/source_domain/cwru_48khz_de/B014_1.mat,3.0,4.0,48000,B,known_source_label,1.0,1772.0,mat_variable,DE_time,drive_end,0.15376446333302698,0.15376446333302698,1.817804027769231,3.123180923076923,0.2963502893938675,10.330767805040601,11.82200352639584,16.669546108874812,1.4100440819144662,20.642357727185388,0.10398133294443634,363.28125,2429.0400447421166,3269.53125,0.7628835737098923,0.11640645637362493,0.06220341680649836,0.5779857152055851,0.23670314217051439,0.13397180836334632,20.05310372958113,12.0,145.44434224547166,0.881054489344169,0.33991025088488036,0.2777018900432081,0.22189061848246044,0.15452114420858656
source::data/raw/source_domain/cwru_48khz_de/B014_2.mat::w0000,source,data/raw/source_domain/cwru_48khz_de/B014_2.mat,data/raw/source_domain/cwru_48khz_de/B014_2.mat,data/raw/source_domain/cwru_48khz_de/B014_2.mat,0.0,1.0,48000,B,known_source_label,2.0,1748.0,mat_variable,DE_time,drive_end,0.1366739236886779,0.1366739236886779,1.9505956996153846,3.7273310769230767,0.23918156710043115,19.29372821542626,14.27189362064609,21.02611437137554,1.4732532998147339,26.149741138038493,0.10285630950644806,363.28125,2372.434369617165,3246.09375,0.7457738976086885,0.11843086740914663,0.0722579972290138,0.6477280985326159,0.15422845434708815,0.12708662074178934,38.6797032334531,11.0,118.04925234554196,0.8483535582704739,0.40500388692333,0.32412757087335164,0.1746581282253388,0.09191026970336476
source::data/raw/source_domain/cwru_48khz_de/B014_2.mat::w0001,source,data/raw/source_domain/cwru_48khz_de/B014_2.mat,data/raw/source_domain/cwru_48khz_de/B014_2.mat,data/raw/source_domain/cwru_48khz_de/B014_2.mat,0.5,1.5,48000,B,known_source_label,2.0,1748.0,mat_variable,DE_time,drive_end,0.12735772761132436,0.12735772761132436,1.2576175191923076,2.305825846153846,0.019825197616140804,8.021825113472698,9.874685602278353,13.599640366757338,1.3772226189675099,16.644327963769395,0.10312714848226005,363.28125,2292.3615821174885,3269.53125,0.760538439104016,0.14966706098144103,0.08717476455482676,0.5444954393472324,0.20748144478748617,0.10665302111195901,15.01980305884704,5.0,153.80498868855778,0.8692452734638394,0.24009087241176424,0.36340106643912634,0.2491606927812914,0.14007862081860364
source::data/raw/source_domain/cwru_48khz_de/B014_2.mat::w0002,source,data/raw/source_domain/cwru_48khz_de/B014_2.mat,data/raw/source_domain/cwru_48khz_de/B014_2.mat,data/raw/source_domain/cwru_48khz_de/B014_2.mat,1.0,2.0,48000,B,known_source_label,2.0,1748.0,mat_variable,DE_time,drive_end,0.17675063682250028,0.17675063682250028,2.909674485576923,5.279638153846154,0.3788462178449236,24.784387059348216,16.462031129666972,25.039635522862543,1.5210538314191264,31.70664004018313,0.1051688576845351,363.28125,2523.194763318426,3246.09375,0.741528237045031,0.078503197518518,0.054156191464040764,0.6679898121878692,0.19104411454433384,0.17102293043974162,46.993098869521035,12.0,101.69849648745097,0.8328825425260971,0.46304632245629246,0.27880793257963193,0.19313276020801706,0.06104937963359654
source::data/raw/source_domain/cwru_48khz_de/B014_2.mat::w0003,source,data/raw/source_domain/cwru_48khz_de/B014_2.mat,data/raw/source_domain/cwru_48khz_de/B014_2.mat,data/raw/source_domain/cwru_48khz_de/B014_2.mat,1.5,2.5,48000,B,known_source_label,2.0,1748.0,mat_variable,DE_time,drive_end,0.1995527066162025,0.1995527066162025,2.9118599838076924,5.279638153846154,0.4094650387805479,23.286035010924643,14.591934297305464,22.676508483899347,1.554044037052246,28.978097619372306,0.1075022396299923,2601.5625,2545.5994903693404,3257.8125,0.7366983731035709,0.07145282305513828,0.047282261539919664,0.6895180467295573,0.185385500081056,0.19746257681544216,38.50119047951564,11.0,125.43049767336855,0.8676814398296103,0.3759952018157637,0.29599165019448453,0.21362304227738488,0.10859837821166335
source::data/raw/source_domain/cwru_48khz_de/B014_2.mat::w0004,source,data/raw/source_domain/cwru_48khz_de/B014_2.mat,data/raw/source_domain/cwru_48khz_de/B014_2.mat,data/raw/source_domain/cwru_48khz_de/B014_2.mat,2.0,3.0,48000,B,known_source_label,2.0,1748.0,mat_variable,DE_time,drive_end,0.17926797809259298,0.17926797809259298,2.3163353155384616,4.492949538461538,0.10424232266413856,26.71671652439902,12.921076815677251,20.557717717052494,1.5910220185360222,26.231811349899264,0.10625221358778308,2882.8125,2534.2735235464065,3234.375,0.7309428087743097,0.06829909047978953,0.04567891377955344,0.7490535326658465,0.13028571022175736,0.18137530098485596,41.124620958069855,35.0,118.16739077698328,0.8556082025137414,0.32928008058559904,0.3782246623902077,0.20985497409732962,0.07896436645391555
source::data/raw/source_domain/cwru_48khz_de/B014_2.mat::w0005,source,data/raw/source_domain/cwru_48khz_de/B014_2.mat,data/raw/source_domain/cwru_48khz_de/B014_2.mat,data/raw/source_domain/cwru_48khz_de/B014_2.mat,2.5,3.5,48000,B,known_source_label,2.0,1748.0,mat_variable,DE_time,drive_end,0.1557999725687347,0.1557999725687347,2.1779294081923077,4.074467076923077,-0.11681343383729482,25.37506906181615,13.979010215919553,21.439302821984104,1.5336781711076384,26.990516346764743,0.10564803433404862,363.28125,2478.766603569974,3234.375,0.7402232671605328,0.08918938516397508,0.056735567254279216,0.6947531196653092,0.15269571869016255,0.1520338839112817,45.32514390813601,35.0,129.36030223463572,0.8411005592695247,0.32867613060321055,0.3547424277458282,0.22677854338829362,0.08398055057321299
source::data/raw/source_domain/cwru_48khz_de/B014_2.mat::w0006,source,data/raw/source_domain/cwru_48khz_de/B014_2.mat,data/raw/source_domain/cwru_48khz_de/B014_2.mat,data/raw/source_domain/cwru_48khz_de/B014_2.mat,3.0,4.0,48000,B,known_source_label,2.0,1748.0,mat_variable,DE_time,drive_end,0.13112437783823408,0.13112437783823408,1.0728719242692308,2.1101446153846153,0.016670077109861643,8.384073780137125,8.182093535533358,11.488124930491065,1.4040569055477785,14.180751706364687,0.10681472530677723,363.28125,2447.893939407003,3292.96875,0.7502905755623674,0.11030090288514902,0.06576583374561067,0.6250127480150824,0.19266961931464188,0.1136327019917219,13.672849255892643,35.0,149.60686939726182,0.8604383334448014,0.26050440366522665,0.3495231320146145,0.261087081925267,0.12250519866623968
source::data/raw/source_domain/cwru_48khz_de/B014_3.mat::w0000,source,data/raw/source_domain/cwru_48khz_de/B014_3.mat,data/raw/source_domain/cwru_48khz_de/B014_3.mat,data/raw/source_domain/cwru_48khz_de/B014_3.mat,0.0,1.0,48000,B,known_source_label,3.0,1725.0,mat_variable,DE_time,drive_end,0.1697070528285506,0.1697070528285506,1.9675862970384612,3.602161846153846,0.218384674359526,10.157078605867394,11.594016066112788,16.5901024020673,1.430919390431018,20.69279962723167,0.10456467843080064,2765.625,2436.265342059088,3222.65625,0.7568053289345757,0.08072520695613265,0.09760048310227318,0.6494141484362751,0.16162888097872222,0.1511216844753795,17.354485591251976,11.0,124.62172609332008,0.8239103286655383,0.42032315813971705,0.2798692226245098,0.1732158965809437,0.12328584216053401
source::data/raw/source_domain/cwru_48khz_de/B014_3.mat::w0001,source,data/raw/source_domain/cwru_48khz_de/B014_3.mat,data/raw/source_domain/cwru_48khz_de/B014_3.mat,data/raw/source_domain/cwru_48khz_de/B014_3.mat,0.5,1.5,48000,B,known_source_label,3.0,1725.0,mat_variable,DE_time,drive_end,0.20033333404557435,0.20033333404557435,2.3158708507692305,4.1253692307692305,0.3087043479878639,13.953413368147592,11.5600874002867,17.14089743117452,1.482765383820874,21.672102266761485,0.10743973832788183,2765.625,2513.661113290397,3222.65625,0.7425877379050313,0.060975798587360984,0.07366620023212071,0.7033296409077622,0.15231272446168978,0.18753935423718526,23.368292044256652,11.0,111.86582124073449,0.8265007272081336,0.393651916295749,0.3258719946155486,0.20522179078759298,0.07130878708528522
source::data/raw/source_domain/cwru_48khz_de/B014_3.mat::w0002,source,data/raw/source_domain/cwru_48khz_de/B014_3.mat,data/raw/source_domain/cwru_48khz_de/B014_3.mat,data/raw/source_domain/cwru_48khz_de/B014_3.mat,1.0,2.0,48000,B,known_source_label,3.0,1725.0,mat_variable,DE_time,drive_end,0.17528688997275713,0.17528688997275713,2.314971136076923,4.1253692307692305,0.2568053214787314,18.966358528778727,13.206755715863897,19.650601643689104,1.4879204299942326,24.57787064276001,0.10679389153940708,2765.625,2468.9282911486216,3187.5,0.748152299724021,0.07008949470175267,0.09186319713324174,0.6759502951071943,0.1527261774802735,0.16478509266315847,35.67205964218286,12.0,114.22041306284213,0.8412454445541373,0.3357478198534543,0.37382212313942,0.20882083771332408,0.07798239731364842
source::data/raw/source_domain/cwru_48khz_de/B014_3.mat::w0003,source,data/raw/source_domain/cwru_48khz_de/B014_3.mat,data/raw/source_domain/cwru_48khz_de/B014_3.mat,data/raw/source_domain/cwru_48khz_de/B014_3.mat,1.5,2.5,48000,B,known_source_label,3.0,1725.0,mat_variable,DE_time,drive_end,0.14197546920179435,0.14197546920179435,1.5096603032307696,2.9512818461538464,0.13892930790031108,11.169463502506446,10.633247501893493,14.773072650476061,1.389328391701719,18.057594208650997,0.10425217192024834,363.28125,2305.335787621556,3257.8125,0.7669147531950514,0.10876609573884949,0.1365962742410793,0.5824304638366212,0.16333012753200388,0.12038881844867519,25.194603741224473,1.0,146.56128328582668,0.8754291588474876,0.2968020369939018,0.3006407484059056,0.23516264547377982,0.15654116368243354
source::data/raw/source_domain/cwru_48khz_de/B014_3.mat::w0004,source,data/raw/source_domain/cwru_48khz_de/B014_3.mat,data/raw/source_domain/cwru_48khz_de/B014_3.mat,data/raw/source_domain/cwru_48khz_de/B014_3.mat,2.0,3.0,48000,B,known_source_label,3.0,1725.0,mat_variable,DE_time,drive_end,0.1822628951658397,0.1822628951658397,2.2491870126153843,3.9000646153846152,0.4635957702622419,18.301116862566225,12.34034503049304,18.758144532346517,1.5200664556697687,23.706119865444926,0.10502302131294403,2566.40625,2490.0077018325874,3246.09375,0.7471576967984742,0.06445583396779804,0.08041085469414413,0.6878945817712647,0.15523783046500242,0.17577040386257914,30.21261720503771,11.0,119.32622044774665,0.8046352574924366,0.34947069114799295,0.3585311860963533,0.2064516958783113,0.08149527461963992
source::data/raw/source_domain/cwru_48khz_de/B014_3.mat::w0005,source,data/raw/source_domain/cwru_48khz_de/B014_3.mat,data/raw/source_domain/cwru_48khz_de/B014_3.mat,data/raw/source_domain/cwru_48khz_de/B014_3.mat,2.5,3.5,48000,B,known_source_label,3.0,1725.0,mat_variable,DE_time,drive_end,0.18681210667278203,0.18681210667278203,2.248624728961538,3.9000646153846152,0.360857228415545,17.2653936638891,12.036825498082772,18.232814738426708,1.5147527677653243,23.032660128140424,0.10562720056667847,2765.625,2503.734259284983,3246.09375,0.7481548791181083,0.0602974527163015,0.08455462673235502,0.6806971291065251,0.16147635776022914,0.17931405800731345,28.326248546130444,57.0,121.72970362692516,0.8495511405504077,0.3242707313215317,0.3592084214440406,0.2295746421357373,0.08323780194111235
source::data/raw/source_domain/cwru_48khz_de/B014_3.mat::w0006,source,data/raw/source_domain/cwru_48khz_de/B014_3.mat,data/raw/source_domain/cwru_48khz_de/B014_3.mat,data/raw/source_domain/cwru_48khz_de/B014_3.mat,3.0,4.0,48000,B,known_source_label,3.0,1725.0,mat_variable,DE_time,drive_end,0.1526889930343868,0.1526889930343868,1.2706594533076923,2.521742769230769,0.0022133885218871825,7.869994880803707,8.321879842466494,11.48132877371076,1.3796556776807118,14.0844152715062,0.10477301610450218,363.28125,2372.1366391075003,3234.375,0.7628243907066954,0.08930908215197983,0.12400069256108799,0.6058804978537938,0.16863510644727442,0.12770537661798004,14.53576063680058,11.0,157.00241680449037,0.8878836221114004,0.2672588215825553,0.3098655497102777,0.24189822948568138,0.17355268224956885
source::data/raw/source_domain/cwru_48khz_de/B021_0.mat::w0000,source,data/raw/source_domain/cwru_48khz_de/B021_0.mat,data/raw/source_domain/cwru_48khz_de/B021_0.mat,data/raw/source_domain/cwru_48khz_de/B021_0.mat,0.0,1.0,48000,B,known_source_label,0.0,1797.0,mat_variable,DE_time,drive_end,0.3422720775113648,0.3422720775113648,1.4159644935555558,2.809488,0.021666771625293235,3.021107465724912,4.136955909014819,5.178122908829811,1.251674666759455,6.096441156118464,0.11271068147253067,2578.125,2647.5465754826114,3210.9375,0.6540133025391482,0.009132371492336451,0.05141034380159612,0.8530261503064507,0.08406978286777451,0.22332133730097373,3.3290362697488227,48.0,171.1499485547448,0.8787854302322415,0.20830826841749173,0.2673181174799249,0.3513366982220076,0.16384839412375185
source::data/raw/source_domain/cwru_48khz_de/B021_0.mat::w0001,source,data/raw/source_domain/cwru_48khz_de/B021_0.mat,data/raw/source_domain/cwru_48khz_de/B021_0.mat,data/raw/source_domain/cwru_48khz_de/B021_0.mat,0.5,1.5,48000,B,known_source_label,0.0,1797.0,mat_variable,DE_time,drive_end,0.3347083915844887,0.3347083915844887,1.430031443888889,2.809488,0.01316355076254483,2.9982851536511204,4.272469647728093,5.341978857843915,1.2503257596384754,6.291352199621961,0.1131481905873039,2578.125,2645.2362875516756,3210.9375,0.6618218906751717,0.009633588745283438,0.0560584954278508,0.8442659839429135,0.08774944947243568,0.21740425859202198,3.384267088819693,215.0,180.32722929383337,0.887231059991352,0.17657256801745633,0.25607987146532735,0.3793451312825356,0.1792892269531593
source::data/raw/source_domain/cwru_48khz_de/B021_0.mat::w0002,source,data/raw/source_domain/cwru_48khz_de/B021_0.mat,data/raw/source_domain/cwru_48khz_de/B021_0.mat,data/raw/source_domain/cwru_48khz_de/B021_0.mat,1.0,2.0,48000,B,known_source_label,0.0,1797.0,mat_variable,DE_time,drive_end,0.3723646089294776,0.3723646089294776,2.137889855694444,4.135773333333333,-0.009995228002771459,3.844161430707209,5.741388425272175,7.37093445042066,1.2838243826102813,8.783416035990545,0.11352319839996666,2578.125,2673.146783679698,3199.21875,0.6585384126738962,0.008852301132187126,0.04322854103420386,0.8664829636763101,0.07819104313164947,0.26394214673026345,5.558802827576969,2.0,125.3061021369378,0.8244333096789257,0.42753943207965234,0.21034433358988214,0.22442091220563978,0.13235183942490794
source::data/raw/source_domain/cwru_48khz_de/B021_0.mat::w0003,source,data/raw/source_domain/cwru_48khz_de/B021_0.mat,data/raw/source_domain/cwru_48khz_de/B021_0.mat,data/raw/source_domain/cwru_48khz_de/B021_0.mat,1.5,2.5,48000,B,known_source_label,0.0,1797.0,mat_variable,DE_time,drive_end,0.3843285788805317,0.3843285788805317,2.148273882833333,4.135773333333333,-0.0038246914595190676,3.686655600858037,5.589680291497483,7.163845721854594,1.28161994036277,8.538234422859157,0.11333569449363529,2578.125,2674.8659797445084,3187.5,0.6537101322570414,0.00866288610598077,0.03762415015586216,0.8771585421960517,0.07345969233217282,0.27098103856611605,4.991865996905412,215.0,156.4636504354767,0.8661072961713145,0.2584302149375431,0.22787684774376085,0.3519261622309669,0.15343207519026883
source::data/raw/source_domain/cwru_48khz_de/B021_0.mat::w0004,source,data/raw/source_domain/cwru_48khz_de/B021_0.mat,data/raw/source_domain/cwru_48khz_de/B021_0.mat,data/raw/source_domain/cwru_48khz_de/B021_0.mat,2.0,3.0,48000,B,known_source_label,0.0,1797.0,mat_variable,DE_time,drive_end,0.34739607356412616,0.34739607356412616,1.5017762953333333,2.845796,-0.015994650693465336,2.944003488886558,4.322951264018234,5.414093734469207,1.2524068405576145,6.387754232427419,0.11341902956311589,2578.125,2650.909928550842,3199.21875,0.6529102766516963,0.009813540526767006,0.04594138921852367,0.8627477639987058,0.0794459010975113,0.2266538994579409,2.9748573474855617,215.0,175.6099660543283,0.8743861589765676,0.18769124592357178,0.24649612521543515,0.3851577779178928,0.1772786050829605
source::data/raw/source_domain/cwru_48khz_de/B021_0.mat::w0005,source,data/raw/source_domain/cwru_48khz_de/B021_0.mat,data/raw/source_domain/cwru_48khz_de/B021_0.mat,data/raw/source_domain/cwru_48khz_de/B021_0.mat,2.5,3.5,48000,B,known_source_label,0.0,1797.0,mat_variable,DE_time,drive_end,0.3398151893045129,0.3398151893045129,1.3217896795555557,2.642972,-0.016819020027347423,2.940340923377924,3.8897310101320777,4.857080286763262,1.2486931034812212,5.717325798143218,0.11333569449363529,2578.125,2642.786176781299,3210.9375,0.6494657071433578,0.01100903811405419,0.04936606740936496,0.8553837881067634,0.08219797976963823,0.21940114449978027,3.133714287184524,215.0,176.80181235918016,0.8508485571379782,0.2260102702503016,0.22309287070594752,0.3487006645343638,0.1951313205671472
source::data/raw/source_domain/cwru_48khz_de/B021_0.mat::w0006,source,data/raw/source_domain/cwru_48khz_de/B021_0.mat,data/raw/source_domain/cwru_48khz_de/B021_0.mat,data/raw/source_domain/cwru_48khz_de/B021_0.mat,3.0,4.0,48000,B,known_source_label,0.0,1797.0,mat_variable,DE_time,drive_end,0.3497444005444622,0.3497444005444622,1.4792814809166666,2.7886213333333334,-0.005713762812750192,2.9564244727130053,4.229607332124762,5.30495659032193,1.2542432840075945,6.268703377078604,0.11243984249671868,2578.125,2649.4513458096867,3210.9375,0.6435461675190383,0.009575077643165482,0.050734859054996084,0.8576847369148524,0.08003160167221518,0.22972278232103666,2.984146085311624,30.0,164.58064890153557,0.8682710680002991,0.2501763355771023,0.21679423530923023,0.36449818304619835,0.1538050201555569
source::data/raw/source_domain/cwru_48khz_de/B021_1.mat::w0000,source,data/raw/source_domain/cwru_48khz_de/B021_1.mat,data/raw/source_domain/cwru_48khz_de/B021_1.mat,data/raw/source_domain/cwru_48khz_de/B021_1.mat,0.0,1.0,48000,B,known_source_label,1.0,1774.0,mat_variable,DE_time,drive_end,0.22281198190307977,0.22281198190307977,1.7832972742692306,3.5464615384615383,-0.02144089514600963,8.251581374243623,8.00359683994435,11.07808674927186,1.3841385280594878,13.542976065793473,0.1140440425842205,2824.21875,2695.779308060543,3210.9375,0.6606732209422559,0.010221061216275074,0.02527948966045437,0.8871902136942252,0.07474445137713491,0.18795438291021668,14.523429953454075,2.0,94.50838964595222,0.7873097761225638,0.5438295471286531,0.20681933902192023,0.1687121694938717,0.07805753119164784
source::data/raw/source_domain/cwru_48khz_de/B021_1.mat::w0001,source,data/raw/source_domain/cwru_48khz_de/B021_1.mat,data/raw/source_domain/cwru_48khz_de/B021_1.mat,data/raw/source_domain/cwru_48khz_de/B021_1.mat,0.5,1.5,48000,B,known_source_label,1.0,1774.0,mat_variable,DE_time,drive_end,0.22517462737084562,0.22517462737084562,1.7841052155769228,3.5464615384615383,-0.026964614912105882,8.006444512590411,7.923207141054631,10.922153067918433,1.3785015175579667,13.326549497334868,0.11371070230629805,2824.21875,2691.635350991907,3187.5,0.6588268517848394,0.009917638582631672,0.02471599114579155,0.8921630633484459,0.07063347905519334,0.18852110381006018,14.18099450394831,1.0,138.60789250863436,0.8351627061115089,0.3417324316213693,0.20714190515085185,0.31904639733074597,0.12444701328000425
source::data/raw/source_domain/cwru_48khz_de/B021_1.mat::w0002,source,data/raw/source_domain/cwru_48khz_de/B021_1.mat,data/raw/source_domain/cwru_48khz_de/B021_1.mat,data/raw/source_domain/cwru_48khz_de/B021_1.mat,1.0,2.0,48000,B,known_source_label,1.0,1774.0,mat_variable,DE_time,drive_end,0.2496968051969811,0.2496968051969811,2.501620181230769,4.957327384615384,0.011357962954331011,13.177073645403128,10.01863111242961,14.540143983836048,1.4513104455696142,17.994852388759032,0.11298152044834267,2812.5,2692.7777646125273,3058.59375,0.648242534875048,0.00791101126426682,0.020312021278451935,0.9111015366768987,0.058652017941217285,0.22725490102049525,23.51171623231414,1.0,95.5150286904202,0.7928934703626608,0.5210895756213507,0.2157136451756665,0.18684888320382392,0.07004562968218588
source::data/raw/source_domain/cwru_48khz_de/B021_1.mat::w0003,source,data/raw/source_domain/cwru_48khz_de/B021_1.mat,data/raw/source_domain/cwru_48khz_de/B021_1.mat,data/raw/source_domain/cwru_48khz_de/B021_1.mat,1.5,2.5,48000,B,known_source_label,1.0,1774.0,mat_variable,DE_time,drive_end,0.2741955564144779,0.2741955564144779,2.501121994653846,4.957327384615384,0.008711897732038728,10.708710652952522,9.121672237692987,13.251701103854725,1.452771022515709,16.528375493523995,0.11379403737577866,2824.21875,2705.76311189022,3058.59375,0.6451433192624308,0.0058709522240236,0.01622264860262789,0.9180686764120626,0.057763599540515485,0.24985998935307704,16.74498554148378,1.0,90.60742980859737,0.7856995749083777,0.5133839025757148,0.24007157637590837,0.1816567332022114,0.05978789593346354
source::data/raw/source_domain/cwru_48khz_de/B021_1.mat::w0004,source,data/raw/source_domain/cwru_48khz_de/B021_1.mat,data/raw/source_domain/cwru_48khz_de/B021_1.mat,data/raw/source_domain/cwru_48khz_de/B021_1.mat,2.0,3.0,48000,B,known_source_label,1.0,1774.0,mat_variable,DE_time,drive_end,0.21146679349917533,0.21146679349917533,1.4425392246153848,2.8795181538461536,0.00421114214742825,6.204561413195043,6.821587449918886,9.077053357509012,1.3306365159291509,10.939602677553943,0.11377320360840851,2554.6875,2681.3881765170795,3128.90625,0.6505096335603533,0.009385050031266075,0.024782260894833544,0.8991797619260914,0.0651988856393418,0.1645131403649814,12.384031335137673,2.0,107.28724223849483,0.8169418191970998,0.40073252657641417,0.32047971754848,0.2077851982224239,0.06802731571223626
source::data/raw/source_domain/cwru_48khz_de/B021_1.mat::w0005,source,data/raw/source_domain/cwru_48khz_de/B021_1.mat,data/raw/source_domain/cwru_48khz_de/B021_1.mat,data/raw/source_domain/cwru_48khz_de/B021_1.mat,2.5,3.5,48000,B,known_source_label,1.0,1774.0,mat_variable,DE_time,drive_end,0.23025164523149655,0.23025164523149655,2.0881489393846153,4.010004923076923,0.02503006784090114,8.405595660643563,9.068985966532866,12.469712543047233,1.3749842142230517,15.18226156456128,0.11337736202837559,2554.6875,2693.690439454335,3222.65625,0.6617079608935311,0.007937351654170055,0.021416226760534524,0.8922043637746242,0.07660732671828208,0.1918778919423787,16.25934485301251,1.0,118.44488195679696,0.8196141146139715,0.4215813720327906,0.25335668975293163,0.2194751183767384,0.09917989426308876
source::data/raw/source_domain/cwru_48khz_de/B021_1.mat::w0006,source,data/raw/source_domain/cwru_48khz_de/B021_1.mat,data/raw/source_domain/cwru_48khz_de/B021_1.mat,data/raw/source_domain/cwru_48khz_de/B021_1.mat,3.0,4.0,48000,B,known_source_label,1.0,1774.0,mat_variable,DE_time,drive_end,0.23167034173547738,0.23167034173547738,2.089234904153846,4.010004923076923,0.036584974221929134,8.260443706344185,9.018137101598999,12.368074530840229,1.371466677812413,15.028621842151203,0.11375236984103836,2554.6875,2689.863551358201,3234.375,0.6627867229933763,0.00793132686962007,0.02281789568640858,0.8868223682319861,0.08075552870657626,0.19227548335600964,16.033853706986072,1.0,126.8255510493228,0.8291407623911555,0.36667142633280164,0.28348036793542225,0.2575007124872272,0.08518992658605441
source::data/raw/source_domain/cwru_48khz_de/B021_2.mat::w0000,source,data/raw/source_domain/cwru_48khz_de/B021_2.mat,data/raw/source_domain/cwru_48khz_de/B021_2.mat,data/raw/source_domain/cwru_48khz_de/B021_2.mat,0.0,1.0,48000,B,known_source_label,2.0,1754.0,mat_variable,DE_time,drive_end,0.3285897464965948,0.3285897464965948,3.406029154307692,6.626041846153846,0.0678300946235314,18.047779102439836,10.365597802768395,16.04693939961598,1.5480958942166756,20.447461605751055,0.11187733077772453,2789.0625,2676.7592559257178,3046.875,0.6681868916712755,0.003944770770878967,0.026653374888196097,0.9044359446491325,0.0637366875459135,0.32380337633041045,27.093546166439545,1.0,113.57006523749152,0.8061299018585713,0.38109956288524993,0.336537930870408,0.19901374771114191,0.07920028167410041
source::data/raw/source_domain/cwru_48khz_de/B021_2.mat::w0001,source,data/raw/source_domain/cwru_48khz_de/B021_2.mat,data/raw/source_domain/cwru_48khz_de/B021_2.mat,data/raw/source_domain/cwru_48khz_de/B021_2.mat,0.5,1.5,48000,B,known_source_label,2.0,1754.0,mat_variable,DE_time,drive_end,0.34160391409821034,0.34160391409821034,3.4058835494615383,6.626041846153846,0.060896186120841536,16.315262300747797,9.970270857237264,15.36538839402135,1.5411204584099012,19.614891567360115,0.1113564865934707,2800.78125,2677.518939682349,3164.0625,0.6714564752748102,0.0037891020766948067,0.025820672907321263,0.8966321066152084,0.07236169962022368,0.3350661284987987,23.906480065027733,1.0,94.06925248308197,0.7895567443639686,0.45702552709512295,0.3095123662067842,0.17943687631829033,0.04489007782967386
source::data/raw/source_domain/cwru_48khz_de/B021_2.mat::w0002,source,data/raw/source_domain/cwru_48khz_de/B021_2.mat,data/raw/source_domain/cwru_48khz_de/B021_2.mat,data/raw/source_domain/cwru_48khz_de/B021_2.mat,1.0,2.0,48000,B,known_source_label,2.0,1754.0,mat_variable,DE_time,drive_end,0.33098669307638856,0.33098669307638856,3.4201507295384617,6.826729846153846,0.04529330072509312,17.38124385298611,10.333197077318122,16.196569421298218,1.567430612235351,20.804008775944205,0.11150232296506177,2789.0625,2701.620482597401,3046.875,0.6587750418402807,0.003573993958057702,0.022799751198281235,0.9050614311919573,0.0661572651174747,0.3303472472115842,24.392212600575284,1.0,88.09614523149338,0.7770535773970701,0.44860026316695095,0.3757912888207452,0.13242937480115632,0.04043865571269326
source::data/raw/source_domain/cwru_48khz_de/B021_2.mat::w0003,source,data/raw/source_domain/cwru_48khz_de/B021_2.mat,data/raw/source_domain/cwru_48khz_de/B021_2.mat,data/raw/source_domain/cwru_48khz_de/B021_2.mat,1.5,2.5,48000,B,known_source_label,2.0,1754.0,mat_variable,DE_time,drive_end,0.31783620087755377,0.31783620087755377,3.4204740268846154,6.826729846153846,0.04758862338768602,19.170906088408284,10.761750918963413,16.84706734950248,1.5654578401143864,21.53685746381527,0.11173149440613346,2777.34375,2699.3892118497624,3035.15625,0.6561072791494302,0.004247346332223107,0.026088256553097156,0.9039158781958195,0.06345262658070841,0.3167579488683863,28.1910132937698,1.0,94.22855514953538,0.6840807701123729,0.5057724348456805,0.17885408517149673,0.2508626746811703,0.062247663274848736
source::data/raw/source_domain/cwru_48khz_de/B021_2.mat::w0004,source,data/raw/source_domain/cwru_48khz_de/B021_2.mat,data/raw/source_domain/cwru_48khz_de/B021_2.mat,data/raw/source_domain/cwru_48khz_de/B021_2.mat,2.0,3.0,48000,B,known_source_label,2.0,1754.0,mat_variable,DE_time,drive_end,0.38786407938745865,0.38786407938745865,3.4061030997692305,6.8044080000000005,0.037794821241045835,11.31212722572774,8.78169255874274,13.666556510919829,1.5562554051472295,17.804121087165615,0.11212733598616638,2812.5,2718.3830353135945,3210.9375,0.6699709867819944,0.0030371501533739834,0.018247738969383087,0.8943028326311451,0.0825049571819034,0.38409948416181455,12.887623871170673,1.0,86.34652941216699,0.7827905665420145,0.5538607836470476,0.24350139516590769,0.12932464875987637,0.07138903081334468
source::data/raw/source_domain/cwru_48khz_de/B021_2.mat::w0005,source,data/raw/source_domain/cwru_48khz_de/B021_2.mat,data/raw/source_domain/cwru_48khz_de/B021_2.mat,data/raw/source_domain/cwru_48khz_de/B021_2.mat,2.5,3.5,48000,B,known_source_label,2.0,1754.0,mat_variable,DE_time,drive_end,0.38521883862765977,0.38521883862765977,3.4053103613076923,6.8044080000000005,0.03145163915647257,11.597169443487935,8.839937250811134,13.847135128678207,1.566429119999882,18.06645823818346,0.11200233338194546,2800.78125,2689.4019875147783,3035.15625,0.664649332236367,0.0032699866789373624,0.01928213865407703,0.917389686226542,0.058289401052819885,0.3840094665984006,13.045646913167268,1.0,102.35182684849333,0.7515373168037361,0.43465428017842245,0.3147437913374536,0.18143790352096675,0.06527294834527579
source::data/raw/source_domain/cwru_48khz_de/B021_2.mat::w0006,source,data/raw/source_domain/cwru_48khz_de/B021_2.mat,data/raw/source_domain/cwru_48khz_de/B021_2.mat,data/raw/source_domain/cwru_48khz_de/B021_2.mat,3.0,4.0,48000,B,known_source_label,2.0,1754.0,mat_variable,DE_time,drive_end,0.285370274544097,0.285370274544097,3.4036292776923074,6.660254769230769,0.05854851474594514,19.81736019555835,11.927063122176843,18.399594606586028,1.5426760484154618,23.24193412560789,0.11043980082918393,2519.53125,2646.461874270736,3023.4375,0.6681088527373534,0.005526653547221819,0.03254287802648823,0.9066745360156977,0.05370363556107106,0.28002976344442576,31.396767712618598,1.0,97.65610691446061,0.7896908995884409,0.3989735407290046,0.3459793243972166,0.19224770015377252,0.055506787416836775
source::data/raw/source_domain/cwru_48khz_de/B021_3.mat::w0000,source,data/raw/source_domain/cwru_48khz_de/B021_3.mat,data/raw/source_domain/cwru_48khz_de/B021_3.mat,data/raw/source_domain/cwru_48khz_de/B021_3.mat,0.0,1.0,48000,B,known_source_label,3.0,1729.0,mat_variable,DE_time,drive_end,0.3243014686600467,0.3243014686600467,3.4301865159615383,6.835700307692307,0.0438828144514446,16.85120380290502,10.577153813468232,16.229561249739383,1.5343977723973075,20.564503414686808,0.10621054605304277,2835.9375,2621.4354961323843,3011.71875,0.6551240742247045,0.0033446023329119718,0.060491499514141886,0.8791363738080074,0.051944480849998455,0.31619994690545017,25.983878173505307,2.0,92.52030925059664,0.7810382610265527,0.4680081508337053,0.31268592252547434,0.1530359370797338,0.0604143061882983
source::data/raw/source_domain/cwru_48khz_de/B021_3.mat::w0001,source,data/raw/source_domain/cwru_48khz_de/B021_3.mat,data/raw/source_domain/cwru_48khz_de/B021_3.mat,data/raw/source_domain/cwru_48khz_de/B021_3.mat,0.5,1.5,48000,B,known_source_label,3.0,1729.0,mat_variable,DE_time,drive_end,0.3906256844979324,0.3906256844979324,3.431181998153846,6.835700307692307,0.05890093842912204,14.171197406215242,8.783810523250997,13.97016689281479,1.5904449277223818,18.134033251548335,0.1075855746994729,2589.84375,2663.708296810858,3128.90625,0.6498972387443838,0.002637193175590487,0.04663996215432793,0.8801746495379468,0.06463197258340797,0.3953016180306327,16.66488015657103,1.0,74.06422907643785,0.6409905947754458,0.5925025636928223,0.18580126777387473,0.16361305189997963,0.056693562601727844
source::data/raw/source_domain/cwru_48khz_de/B021_3.mat::w0002,source,data/raw/source_domain/cwru_48khz_de/B021_3.mat,data/raw/source_domain/cwru_48khz_de/B021_3.mat,data/raw/source_domain/cwru_48khz_de/B021_3.mat,1.0,2.0,48000,B,known_source_label,3.0,1729.0,mat_variable,DE_time,drive_end,0.3912296978184671,0.3912296978184671,3.4288274475769227,6.835700307692307,0.07050821831822296,13.961811677354962,8.764231004669679,13.806915028417222,1.5753709619275733,17.825585693796057,0.10681472530677723,2847.65625,2671.6975131642057,3046.875,0.6507284469314076,0.002362614486366475,0.04319011991376212,0.8875655329322709,0.05977348188441302,0.3923805374607064,16.886341587926506,1.0,85.83444458511015,0.7500481886646916,0.5521454394521019,0.264340353969564,0.12184355669074311,0.058919206089446646
source::data/raw/source_domain/cwru_48khz_de/B021_3.mat::w0003,source,data/raw/source_domain/cwru_48khz_de/B021_3.mat,data/raw/source_domain/cwru_48khz_de/B021_3.mat,data/raw/source_domain/cwru_48khz_de/B021_3.mat,1.5,2.5,48000,B,known_source_label,3.0,1729.0,mat_variable,DE_time,drive_end,0.40169850893201137,0.40169850893201137,3.4262747558461535,6.835700307692307,0.04318043486203366,17.8301891918016,8.529468443751508,13.683869343959582,1.6043050553695413,17.635810292492987,0.10652305256359508,2578.125,2615.609411965168,3011.71875,0.6600287855659398,0.0030049988337769937,0.054244331985224346,0.8855756736285112,0.05263069368249544,0.40987172099057,23.175850498863532,1.0,82.48562679079667,0.6934394454296247,0.5430196092246041,0.24191625421750876,0.14459840015399236,0.06823942634514721
source::data/raw/source_domain/cwru_48khz_de/B021_3.mat::w0004,source,data/raw/source_domain/cwru_48khz_de/B021_3.mat,data/raw/source_domain/cwru_48khz_de/B021_3.mat,data/raw/source_domain/cwru_48khz_de/B021_3.mat,2.0,3.0,48000,B,known_source_label,3.0,1729.0,mat_variable,DE_time,drive_end,0.41639319758167537,0.41639319758167537,3.4254861027692303,6.835700307692307,0.04595483886124363,16.362273331078132,8.226565954140248,13.2082213630517,1.6055570983871559,17.12669694046038,0.10746057209525199,2578.125,2626.0779700768717,2976.5625,0.661444339804113,0.00220651299757744,0.038350912698809844,0.9116284173578334,0.043621443184101424,0.425158228968056,20.395836325345666,1.0,96.16256410075788,0.8137861427197913,0.42191368122601725,0.36391110584788233,0.16687660221046274,0.042701392690501515
source::data/raw/source_domain/cwru_48khz_de/B021_3.mat::w0005,source,data/raw/source_domain/cwru_48khz_de/B021_3.mat,data/raw/source_domain/cwru_48khz_de/B021_3.mat,data/raw/source_domain/cwru_48khz_de/B021_3.mat,2.5,3.5,48000,B,known_source_label,3.0,1729.0,mat_variable,DE_time,drive_end,0.25463729136578106,0.25463729136578106,2.197340339576923,4.340451692307692,0.024619742452175814,10.322605964280093,8.62929513498422,11.9481704525416,1.3846056097971815,14.545975858540114,0.10531469405612617,2484.375,2494.037274538883,3011.71875,0.6732733124889375,0.007268072507711969,0.1223286989096412,0.809008874588024,0.05404530296236795,0.2153379529097211,22.029620343967004,0.0,149.7977181854064,0.8519273527837107,0.23905564576959676,0.31892626459080314,0.28022567394445574,0.158214180744872
source::data/raw/source_domain/cwru_48khz_de/B021_3.mat::w0006,source,data/raw/source_domain/cwru_48khz_de/B021_3.mat,data/raw/source_domain/cwru_48khz_de/B021_3.mat,data/raw/source_domain/cwru_48khz_de/B021_3.mat,3.0,4.0,48000,B,known_source_label,3.0,1729.0,mat_variable,DE_time,drive_end,0.36301975833380845,0.36301975833380845,3.4279596206153844,6.835700307692307,0.06439267308231629,19.26027455319974,9.442900949357753,15.335478086600855,1.6240219153841315,19.837904138496512,0.10577303693826955,2765.625,2648.4666077648462,3011.71875,0.6530147549417414,0.0030837171731706737,0.05101926710982786,0.8841805884859348,0.055010246496717694,0.37491760581585076,24.82008545487863,2.0,83.07029354960285,0.7580810239986187,0.48765167442110274,0.3363029156522224,0.1312489329134946,0.03982810363109193
source::data/raw/source_domain/cwru_48khz_de/IR007_0.mat::w0000,source,data/raw/source_domain/cwru_48khz_de/IR007_0.mat,data/raw/source_domain/cwru_48khz_de/IR007_0.mat,data/raw/source_domain/cwru_48khz_de/IR007_0.mat,0.0,1.0,48000,IR,known_source_label,0.0,1796.0,mat_variable,DE_time,drive_end,0.5805873751719882,0.5805873751719882,3.1866377934166668,6.036726666666667,0.018308639709087283,5.983528972798167,5.488644654850092,7.694473112836515,1.4018894639178305,9.585219940176495,0.1310027292235255,2613.28125,2803.1818656150235,4265.625,0.7965713654937069,0.006331272180672125,0.1369813807978625,0.5027473282347764,0.3439015078129488,0.49797886697480565,6.417275137604148,162.0,211.08315337375376,0.4750557373011375,0.0064202688038902615,0.1311136126129385,0.6345282466177186,0.2273157712955035
source::data/raw/source_domain/cwru_48khz_de/IR007_0.mat::w0001,source,data/raw/source_domain/cwru_48khz_de/IR007_0.mat,data/raw/source_domain/cwru_48khz_de/IR007_0.mat,data/raw/source_domain/cwru_48khz_de/IR007_0.mat,0.5,1.5,48000,IR,known_source_label,0.0,1796.0,mat_variable,DE_time,drive_end,0.5823393373746784,0.5823393373746784,3.178025485388889,6.029632,0.00935196899003096,5.998997553793849,5.457342963830526,7.64624455511662,1.4010929138557506,9.510970592535505,0.13098189545615532,2613.28125,2805.1675061013675,4265.625,0.799598308774422,0.006350108746655159,0.13506186270433918,0.5055211224361991,0.34330425049687735,0.4999664207256041,6.437448237573906,162.0,210.97650394446052,0.48190008373851584,0.010073299968392397,0.1298380494134929,0.628294071484948,0.2308242372279552
source::data/raw/source_domain/cwru_48khz_de/IR007_0.mat::w0002,source,data/raw/source_domain/cwru_48khz_de/IR007_0.mat,data/raw/source_domain/cwru_48khz_de/IR007_0.mat,data/raw/source_domain/cwru_48khz_de/IR007_0.mat,1.0,2.0,48000,IR,known_source_label,0.0,1796.0,mat_variable,DE_time,drive_end,0.5840426415820695,0.5840426415820695,3.1766314268611113,6.073452,-0.001848552087087011,6.075008773524881,5.43904023557378,7.630343668355227,1.4028842107907693,9.494642183980105,0.13106523052563596,2613.28125,2804.9182362508686,4265.625,0.8052250748799906,0.006543764467780154,0.13358329518215536,0.5084445249600847,0.34183893507907437,0.5023022194230264,6.538663404211597,162.0,210.8968704754992,0.489629780071505,0.010497783764971572,0.13758753536093687,0.6234212995927032,0.22759333860882588
source::data/raw/source_domain/cwru_48khz_de/IR007_0.mat::w0003,source,data/raw/source_domain/cwru_48khz_de/IR007_0.mat,data/raw/source_domain/cwru_48khz_de/IR007_0.mat,data/raw/source_domain/cwru_48khz_de/IR007_0.mat,1.5,2.5,48000,IR,known_source_label,0.0,1796.0,mat_variable,DE_time,drive_end,0.583717375683812,0.583717375683812,3.1590045884166664,6.08472,-0.0005798985976321405,6.09088753898212,5.4118734853670425,7.609519229401097,1.4060785511640561,9.486095473200674,0.12985687201816704,2613.28125,2806.683070020833,4265.625,0.8089308066926623,0.007354228527012314,0.13462724512659044,0.5030835711001261,0.34535661731994877,0.5034864016263904,6.476625409250057,162.0,212.69503500582022,0.4874213942338568,0.009492246502080888,0.13647794156778065,0.6098680355856877,0.24372516882652145
source::data/raw/source_domain/cwru_48khz_de/IR007_0.mat::w0004,source,data/raw/source_domain/cwru_48khz_de/IR007_0.mat,data/raw/source_domain/cwru_48khz_de/IR007_0.mat,data/raw/source_domain/cwru_48khz_de/IR007_0.mat,2.0,3.0,48000,IR,known_source_label,0.0,1796.0,mat_variable,DE_time,drive_end,0.5835869744544525,0.5835869744544525,3.496507176111111,6.417752,-0.001978065200704372,6.068958575166121,5.9914071580739385,8.418467260868708,1.4050901630862578,10.491040395728662,0.12946103043813412,2613.28125,2804.4728725999407,4265.625,0.8088708801428418,0.007580487332366542,0.13589199276187033,0.5000341109469044,0.34679522212117686,0.5031919593355738,6.459176635169441,162.0,210.27474249888854,0.4856294283159153,0.01032113314774564,0.14517574373150813,0.6090524120300815,0.23518095693243124
source::data/raw/source_domain/cwru_48khz_de/IR007_0.mat::w0005,source,data/raw/source_domain/cwru_48khz_de/IR007_0.mat,data/raw/source_domain/cwru_48khz_de/IR007_0.mat,data/raw/source_domain/cwru_48khz_de/IR007_0.mat,2.5,3.5,48000,IR,known_source_label,0.0,1796.0,mat_variable,DE_time,drive_end,0.5827293733433326,0.5827293733433326,3.4983174985555556,6.340545333333333,0.0130562528959222,6.030014195992787,6.003331320812642,8.406077003658254,1.4002353950549475,10.457960219723343,0.13125273443196733,2613.28125,2799.3862521950973,4265.625,0.8082021972918485,0.008035384486696627,0.13631866249952207,0.500945898516684,0.34483045313007993,0.49992398108659303,6.514943298897862,162.0,208.04723320211812,0.47866867189635126,0.011012191822471238,0.14156232446267863,0.6173323871116576,0.22985193794915584
source::data/raw/source_domain/cwru_48khz_de/IR007_0.mat::w0006,source,data/raw/source_domain/cwru_48khz_de/IR007_0.mat,data/raw/source_domain/cwru_48khz_de/IR007_0.mat,data/raw/source_domain/cwru_48khz_de/IR007_0.mat,3.0,4.0,48000,IR,known_source_label,0.0,1796.0,mat_variable,DE_time,drive_end,0.5827510580660263,0.5827510580660263,3.3619101509999996,6.214510666666666,0.022759732300111694,6.002601115733409,5.769033113644424,8.079545121620399,1.4005024693821715,10.059696871311642,0.13039854996979103,2613.28125,2806.4831159689074,4265.625,0.8108560436204499,0.007537757882138196,0.13500137544422472,0.4992613723356854,0.3485211810829365,0.5000781667624702,6.423547067755592,162.0,210.02325565099184,0.47276843750595765,0.010099921782557055,0.12428568861514959,0.6337076427812406,0.23129889205433973
source::data/raw/source_domain/cwru_48khz_de/IR007_1.mat::w0000,source,data/raw/source_domain/cwru_48khz_de/IR007_1.mat,data/raw/source_domain/cwru_48khz_de/IR007_1.mat,data/raw/source_domain/cwru_48khz_de/IR007_1.mat,0.0,1.0,48000,IR,known_source_label,1.0,1772.0,mat_variable,DE_time,drive_end,0.2797413465325423,0.2797413465325423,1.5789522943846155,3.125892923076923,-0.06429360634811265,7.397142712775699,5.644329356208671,8.299686651247395,1.470446908291807,10.570481636222489,0.12766932644430093,2578.125,2766.5209207667494,4171.875,0.7710748323875756,0.0060941568763919676,0.14307218288104082,0.49751930278322726,0.3510457016294701,0.259385218233264,7.371509237505596,159.0,213.42399403934743,0.4436165149717335,0.005281624761979432,0.11236856851412111,0.6174511969619376,0.26485874668226816
source::data/raw/source_domain/cwru_48khz_de/IR007_1.mat::w0001,source,data/raw/source_domain/cwru_48khz_de/IR007_1.mat,data/raw/source_domain/cwru_48khz_de/IR007_1.mat,data/raw/source_domain/cwru_48khz_de/IR007_1.mat,0.5,1.5,48000,IR,known_source_label,1.0,1772.0,mat_variable,DE_time,drive_end,0.27834095723645724,0.27834095723645724,1.5799088915384616,3.1158793846153845,-0.07109366838015643,7.3187466451807675,5.676163893446035,8.331808678036591,1.4678590742643909,10.610372196258373,0.12950269797287445,2578.125,2770.1939316355506,4171.875,0.7749285953125854,0.005655070762908241,0.14442834974766006,0.4925452149322336,0.3551591840961633,0.25712440188408003,7.329768959658081,159.0,212.3758156239452,0.4457474273251324,0.004773924390288987,0.11678612405652275,0.6149651948333185,0.26336400802277
source::data/raw/source_domain/cwru_48khz_de/IR007_1.mat::w0002,source,data/raw/source_domain/cwru_48khz_de/IR007_1.mat,data/raw/source_domain/cwru_48khz_de/IR007_1.mat,data/raw/source_domain/cwru_48khz_de/IR007_1.mat,1.0,2.0,48000,IR,known_source_label,1.0,1772.0,mat_variable,DE_time,drive_end,0.2763046641022676,0.2763046641022676,1.5173665729230768,3.0172043076923076,-0.08928341448587741,7.283881661409219,5.491642994328782,8.048920066393032,1.4656670280052835,10.247585938763951,0.12833600700014583,2578.125,2771.5010855156993,4171.875,0.7792000463908496,0.005572048819657349,0.1448543637434471,0.4916716266879071,0.3557687789826929,0.2545382370929533,7.310579670696873,159.0,213.21192366037977,0.44914698635743944,0.00563920772732173,0.11517673701164277,0.6081439568223764,0.2709347715027344
source::data/raw/source_domain/cwru_48khz_de/IR007_1.mat::w0003,source,data/raw/source_domain/cwru_48khz_de/IR007_1.mat,data/raw/source_domain/cwru_48khz_de/IR007_1.mat,data/raw/source_domain/cwru_48khz_de/IR007_1.mat,1.5,2.5,48000,IR,known_source_label,1.0,1772.0,mat_variable,DE_time,drive_end,0.27473620600453025,0.27473620600453025,1.5944150926923075,3.128187692307692,-0.12455640819918373,7.361895244359549,5.803440019333357,8.511066444065099,1.4665554250032187,10.832820205938283,0.12756515760745016,2578.125,2759.2444643021004,4171.875,0.7763105632727039,0.005776980181718125,0.1474914060053868,0.4957919581824938,0.3488068519478374,0.25339652675176494,7.4557198592521114,159.0,212.52404097621996,0.4514291672507987,0.005051359036148216,0.12000883675274433,0.6066340795169965,0.2682417988396639
source::data/raw/source_domain/cwru_48khz_de/IR007_1.mat::w0004,source,data/raw/source_domain/cwru_48khz_de/IR007_1.mat,data/raw/source_domain/cwru_48khz_de/IR007_1.mat,data/raw/source_domain/cwru_48khz_de/IR007_1.mat,2.0,3.0,48000,IR,known_source_label,1.0,1772.0,mat_variable,DE_time,drive_end,0.2759001301032243,0.2759001301032243,1.5957931754999999,3.136115076923077,-0.14980062986713338,7.379613559372707,5.783952239881771,8.486637713238078,1.4672731311109155,10.79930331193923,0.12808600179170399,2578.125,2751.7281806817255,4171.875,0.7764898929001706,0.005748772902981069,0.148675251296335,0.5004033612912625,0.34297875376297055,0.25451575975736546,7.526607027664187,159.0,211.72887686203902,0.45087919286441897,0.005382208407245217,0.12544452131989803,0.6007442929469234,0.26835216844649007
source::data/raw/source_domain/cwru_48khz_de/IR007_1.mat::w0005,source,data/raw/source_domain/cwru_48khz_de/IR007_1.mat,data/raw/source_domain/cwru_48khz_de/IR007_1.mat,data/raw/source_domain/cwru_48khz_de/IR007_1.mat,2.5,3.5,48000,IR,known_source_label,1.0,1772.0,mat_variable,DE_time,drive_end,0.27751306240053547,0.27751306240053547,1.6299998835769234,3.2103821538461537,-0.12118631964008654,7.412710207755337,5.873596974035284,8.634210522481762,1.470003910826515,10.991572097997535,0.1284401758369966,2578.125,2754.868976422933,4171.875,0.7724705093748238,0.006276289466662038,0.14639503472272503,0.49990956628183975,0.34522708004060404,0.2567476610996242,7.471969819591379,159.0,213.69978618572136,0.4484103649357237,0.006657309517058907,0.11674663804085472,0.6012171252668241,0.27521122172034373
source::data/raw/source_domain/cwru_48khz_de/IR007_1.mat::w0006,source,data/raw/source_domain/cwru_48khz_de/IR007_1.mat,data/raw/source_domain/cwru_48khz_de/IR007_1.mat,data/raw/source_domain/cwru_48khz_de/IR007_1.mat,3.0,4.0,48000,IR,known_source_label,1.0,1772.0,mat_variable,DE_time,drive_end,0.2787186783285516,0.2787186783285516,1.630970701346154,3.2093390769230767,-0.11548906517261492,7.436766966653269,5.851673490707809,8.605664934056168,1.4706331355791975,10.958404714902255,0.12887768495176982,2578.125,2761.9903758206474,4171.875,0.7708236422793018,0.006855052600843479,0.14371080446808832,0.4979943956190633,0.3489494586201723,0.2581289478982174,7.4899461942361105,159.0,212.52947325757665,0.4429133789667636,0.006089173997943013,0.11534533619996822,0.6164171832522419,0.2620673441725404
source::data/raw/source_domain/cwru_48khz_de/IR007_2.mat::w0000,source,data/raw/source_domain/cwru_48khz_de/IR007_2.mat,data/raw/source_domain/cwru_48khz_de/IR007_2.mat,data/raw/source_domain/cwru_48khz_de/IR007_2.mat,0.0,1.0,48000,IR,known_source_label,2.0,1748.0,mat_variable,DE_time,drive_end,0.28000738515335166,0.28000738515335166,1.5943681803076923,3.1457113846153844,-0.09051920635450109,7.439259290316571,5.694021889561273,8.259488627206645,1.4505544213518198,10.42400765229092,0.12577345361361694,2859.375,2723.878131797059,4136.71875,0.7911126039833343,0.006037763109641442,0.17245231025231011,0.4619573019179929,0.35797659678309846,0.25415199529758237,8.085058100745293,157.0,212.50576718582298,0.4617466369492813,0.012031968292094497,0.14345112407193822,0.5460772054332245,0.2983592111226463
source::data/raw/source_domain/cwru_48khz_de/IR007_2.mat::w0001,source,data/raw/source_domain/cwru_48khz_de/IR007_2.mat,data/raw/source_domain/cwru_48khz_de/IR007_2.mat,data/raw/source_domain/cwru_48khz_de/IR007_2.mat,0.5,1.5,48000,IR,known_source_label,2.0,1748.0,mat_variable,DE_time,drive_end,0.2806128135330937,0.2806128135330937,1.5815349571923076,3.141747692307692,-0.08976854168295934,7.536084263096709,5.636004062944031,8.175249685658367,1.4505400624851217,10.295913209083038,0.12514844059251234,2542.96875,2727.9855574185913,4136.71875,0.7797097716934888,0.0056225396638358485,0.17058439034172113,0.46679439464993805,0.35558026354423355,0.25516514777615423,8.21026135067448,157.0,214.88578623868182,0.45605887111604093,0.013917996315813714,0.13059160446248808,0.5494249273947994,0.30597723476747485
source::data/raw/source_domain/cwru_48khz_de/IR007_2.mat::w0002,source,data/raw/source_domain/cwru_48khz_de/IR007_2.mat,data/raw/source_domain/cwru_48khz_de/IR007_2.mat,data/raw/source_domain/cwru_48khz_de/IR007_2.mat,1.0,2.0,48000,IR,known_source_label,2.0,1748.0,mat_variable,DE_time,drive_end,0.2812721007969486,0.2812721007969486,1.6542013630384615,3.2143458461538463,-0.0750101325898065,7.512355663307963,5.881142702548927,8.518080024072171,1.4483715928794068,10.714579289694662,0.12460676264088835,2542.96875,2723.4560036157864,4148.4375,0.7826483343896639,0.005555615816874175,0.17250293964524924,0.4666638388673111,0.35384719840274015,0.25510428714789624,8.239130772461127,157.0,213.59514135783638,0.4609196542015069,0.013183559532319061,0.14538429886054408,0.5376826148210144,0.30367233498603
source::data/raw/source_domain/cwru_48khz_de/IR007_2.mat::w0003,source,data/raw/source_domain/cwru_48khz_de/IR007_2.mat,data/raw/source_domain/cwru_48khz_de/IR007_2.mat,data/raw/source_domain/cwru_48khz_de/IR007_2.mat,1.5,2.5,48000,IR,known_source_label,2.0,1748.0,mat_variable,DE_time,drive_end,0.2810330603148193,0.2810330603148193,1.6791105528076924,3.332213538461539,-0.06457295251142903,7.507479454844693,5.974779447374419,8.65159051312938,1.4480183895156975,10.894731999947306,0.12487760161670035,2859.375,2718.3711464880826,4148.4375,0.7878672164809637,0.00562160298991478,0.1754693200353152,0.46411103996403175,0.35344595006737484,0.25436332641292614,8.263687073580414,157.0,215.0727848084127,0.4667152950754972,0.014006276987628566,0.1368884538588617,0.5432901675614225,0.3056621789404315
source::data/raw/source_domain/cwru_48khz_de/IR007_2.mat::w0004,source,data/raw/source_domain/cwru_48khz_de/IR007_2.mat,data/raw/source_domain/cwru_48khz_de/IR007_2.mat,data/raw/source_domain/cwru_48khz_de/IR007_2.mat,2.0,3.0,48000,IR,known_source_label,2.0,1748.0,mat_variable,DE_time,drive_end,0.2804711088005026,0.2804711088005026,1.6804203097307693,3.2685858461538464,-0.08146474523360106,7.4456245612682235,5.991420353103289,8.674965832342073,1.447898047717166,10.938388803846227,0.1252109418946228,2542.96875,2707.636397569628,4136.71875,0.7817422083698816,0.005464699144257135,0.1770176473561382,0.46726115231786586,0.3491153599687715,0.2538224465378457,8.122197647773085,157.0,212.44658584685118,0.4575383810588101,0.013386015492741425,0.136957107703371,0.5547256954215461,0.2948429892877852
source::data/raw/source_domain/cwru_48khz_de/IR007_2.mat::w0005,source,data/raw/source_domain/cwru_48khz_de/IR007_2.mat,data/raw/source_domain/cwru_48khz_de/IR007_2.mat,data/raw/source_domain/cwru_48khz_de/IR007_2.mat,2.5,3.5,48000,IR,known_source_label,2.0,1748.0,mat_variable,DE_time,drive_end,0.28134809382757536,0.28134809382757536,1.612665818307692,3.2014116923076923,-0.08551139215000268,7.349537696148523,5.731923740312544,8.292678871393441,1.44675317521091,10.449139991382102,0.12446092626929728,2859.375,2705.994089330757,4136.71875,0.7832761199096033,0.005508164277918152,0.177211969599471,0.4695692801251107,0.346600638246124,0.2546002607586407,7.940807834671264,157.0,211.5736110698274,0.45402717513439755,0.013414729345309634,0.1304510078151878,0.5632741190127377,0.2927873690785366
source::data/raw/source_domain/cwru_48khz_de/IR007_2.mat::w0006,source,data/raw/source_domain/cwru_48khz_de/IR007_2.mat,data/raw/source_domain/cwru_48khz_de/IR007_2.mat,data/raw/source_domain/cwru_48khz_de/IR007_2.mat,3.0,4.0,48000,IR,known_source_label,2.0,1748.0,mat_variable,DE_time,drive_end,0.2811000708773489,0.2811000708773489,1.6132126905,3.1651126153846154,-0.09322794157207073,7.420168094003253,5.738926658606738,8.312695921110837,1.4484757195171005,10.476796654850133,0.12375257817871206,2859.375,2708.7167659426154,4136.71875,0.785231716004056,0.005453491007604768,0.17749652782930034,0.46820624197705935,0.3474817563936561,0.2549237297068707,8.024957521793784,157.0,209.56247958382863,0.4529859036396226,0.015067453157259159,0.13343255701218015,0.5652120025639272,0.28621161943902124
source::data/raw/source_domain/cwru_48khz_de/IR007_3.mat::w0000,source,data/raw/source_domain/cwru_48khz_de/IR007_3.mat,data/raw/source_domain/cwru_48khz_de/IR007_3.mat,data/raw/source_domain/cwru_48khz_de/IR007_3.mat,0.0,1.0,48000,IR,known_source_label,3.0,1721.0,mat_variable,DE_time,drive_end,0.2789918146716325,0.2789918146716325,1.490590518846154,2.9483612307692306,-0.1588057361881577,6.7884222278216715,5.342775093940319,7.609460955758086,1.4242525320523651,9.509352951471982,0.1245859288735182,2507.8125,2752.8116898648614,4160.15625,0.7941735458013679,0.005238273664275073,0.2089487440943749,0.3548610211861513,0.4297286241040071,0.24518280389183658,7.157885144562861,155.0,239.9352481172524,0.4746667443883477,0.012536371195423923,0.10708465689986264,0.44836108162640703,0.4318546280891707
source::data/raw/source_domain/cwru_48khz_de/IR007_3.mat::w0001,source,data/raw/source_domain/cwru_48khz_de/IR007_3.mat,data/raw/source_domain/cwru_48khz_de/IR007_3.mat,data/raw/source_domain/cwru_48khz_de/IR007_3.mat,0.5,1.5,48000,IR,known_source_label,3.0,1721.0,mat_variable,DE_time,drive_end,0.2791144163578545,0.2791144163578545,1.5211586443076923,3.023462769230769,-0.1472850336633387,6.799122887869593,5.449946527849549,7.768130626159229,1.4253590537881042,9.713191208804494,0.12333590283130899,2507.8125,2745.2353201785204,4160.15625,0.7931486934499916,0.0051502406799768955,0.2120783092099218,0.3555507213865096,0.4261406847169826,0.2453545739895038,7.216022512039543,155.0,240.17747182454136,0.46671334349598925,0.00970849857830619,0.10446142233377564,0.44717294579175537,0.438598411000573
source::data/raw/source_domain/cwru_48khz_de/IR007_3.mat::w0002,source,data/raw/source_domain/cwru_48khz_de/IR007_3.mat,data/raw/source_domain/cwru_48khz_de/IR007_3.mat,data/raw/source_domain/cwru_48khz_de/IR007_3.mat,1.0,2.0,48000,IR,known_source_label,3.0,1721.0,mat_variable,DE_time,drive_end,0.27911977264873233,0.27911977264873233,1.5286532432692308,3.0309729230769227,-0.16512550157554487,6.793450235453637,5.476692778721697,7.8100517352628485,1.4260525559474226,9.763597749137807,0.12248171836913269,2507.8125,2751.89276178326,4160.15625,0.7923359744098635,0.005123881886624056,0.21112538817336718,0.3529811409993803,0.4294823513797507,0.2456002014682905,7.2285359668915445,155.0,238.3536406682901,0.47437019488353405,0.01373644957116242,0.1078250507180312,0.4509633967953992,0.42721200309326196
source::data/raw/source_domain/cwru_48khz_de/IR007_3.mat::w0003,source,data/raw/source_domain/cwru_48khz_de/IR007_3.mat,data/raw/source_domain/cwru_48khz_de/IR007_3.mat,data/raw/source_domain/cwru_48khz_de/IR007_3.mat,1.5,2.5,48000,IR,known_source_label,3.0,1721.0,mat_variable,DE_time,drive_end,0.2796725031173763,0.2796725031173763,1.528091203,3.023254153846154,-0.1633932977218413,6.808184362068035,5.463859285276997,7.8062033829773085,1.4286977345818768,9.76743440139918,0.12319006645971792,2507.8125,2749.700887706093,4160.15625,0.8057985818093303,0.005415825815696759,0.2114527837552062,0.34943647602364786,0.43236037068865574,0.24707577393990746,7.118664326123631,155.0,239.16437647268057,0.4680843722161297,0.00906590351006522,0.1050026329210079,0.46119234267358433,0.4245872208067746
source::data/raw/source_domain/cwru_48khz_de/IR007_3.mat::w0004,source,data/raw/source_domain/cwru_48khz_de/IR007_3.mat,data/raw/source_domain/cwru_48khz_de/IR007_3.mat,data/raw/source_domain/cwru_48khz_de/IR007_3.mat,2.0,3.0,48000,IR,known_source_label,3.0,1721.0,mat_variable,DE_time,drive_end,0.27963503776825127,0.27963503776825127,1.534121839153846,2.9758984615384616,-0.1470860227113495,6.75504054399559,5.486157426451581,7.814226818336917,1.4243533699256559,9.764945687644198,0.12364840934186129,2507.8125,2744.9812442574657,4160.15625,0.8048150015988966,0.00541766943183777,0.2145146589777282,0.35087480521631964,0.4278423213472845,0.24602445248019786,7.127161215631158,155.0,237.52444021285308,0.4693460142306948,0.010718015493542949,0.10539616699318236,0.4614244249331713,0.42227870295680153
source::data/raw/source_domain/cwru_48khz_de/IR007_3.mat::w0005,source,data/raw/source_domain/cwru_48khz_de/IR007_3.mat,data/raw/source_domain/cwru_48khz_de/IR007_3.mat,data/raw/source_domain/cwru_48khz_de/IR007_3.mat,2.5,3.5,48000,IR,known_source_label,3.0,1721.0,mat_variable,DE_time,drive_end,0.2790704445798176,0.2790704445798176,1.5352147838461536,2.991544615384615,-0.15982134589080915,6.756902806519452,5.501172960655682,7.8263490096872514,1.4226691408601684,9.775867723696512,0.12429425613033605,2507.8125,2744.0260863918907,4160.15625,0.7908298030580239,0.005311001040092634,0.21507380767070078,0.34969632026955094,0.42867701132008845,0.24487530586014838,7.205806038888238,155.0,239.17512851002905,0.47010408629849726,0.010422378905054765,0.10622777086839992,0.4509266686741397,0.43227935823899993
source::data/raw/source_domain/cwru_48khz_de/IR007_3.mat::w0006,source,data/raw/source_domain/cwru_48khz_de/IR007_3.mat,data/raw/source_domain/cwru_48khz_de/IR007_3.mat,data/raw/source_domain/cwru_48khz_de/IR007_3.mat,3.0,4.0,48000,IR,known_source_label,3.0,1721.0,mat_variable,DE_time,drive_end,0.2797644038325839,0.2797644038325839,1.5164909706923075,2.9717261538461535,-0.13470026011137548,6.769722171197733,5.42060015467294,7.703129205904519,1.4210841947521888,9.610923952051161,0.12312756515760745,2507.8125,2743.6215819549666,4160.15625,0.784791979290866,0.005160606030644982,0.21373658307627383,0.3552801968453565,0.4247420940407108,0.24512969718867114,7.279119137580608,155.0,240.45607066447334,0.4673604415734568,0.00910587252319488,0.10458460156180922,0.45010958460705186,0.4360059269534454
source::data/raw/source_domain/cwru_48khz_de/IR014_0.mat::w0000,source,data/raw/source_domain/cwru_48khz_de/IR014_0.mat,data/raw/source_domain/cwru_48khz_de/IR014_0.mat,data/raw/source_domain/cwru_48khz_de/IR014_0.mat,0.0,1.0,48000,IR,known_source_label,0.0,1796.0,mat_variable,DE_time,drive_end,0.18031326058282143,0.18031326058282143,1.411891763638889,2.7514786666666664,-0.0967175071697599,11.834843860530775,7.8302159201571815,12.005865282526976,1.5332738464534437,15.431543901439623,0.11360653346944728,2601.5625,2700.2695586749496,3339.84375,0.7393454258790819,0.0121633452966169,0.0268094034347536,0.7553627543751005,0.20064102289681163,0.17576466940487306,14.589251917912167,65.0,132.33840134315113,0.8247576131005228,0.18775463425520628,0.48754406047143617,0.23795539718148837,0.07107105387080428
source::data/raw/source_domain/cwru_48khz_de/IR014_1.mat::w0000,source,data/raw/source_domain/cwru_48khz_de/IR014_1.mat,data/raw/source_domain/cwru_48khz_de/IR014_1.mat,data/raw/source_domain/cwru_48khz_de/IR014_1.mat,0.0,1.0,48000,IR,known_source_label,1.0,1772.0,mat_variable,DE_time,drive_end,0.25356544135047465,0.25356544135047465,2.9057615311666662,5.453294666666666,0.0697778684746312,20.947987059494064,11.459611829117136,20.00113281809798,1.7453586662681937,26.98058514444326,0.1075439071647326,2589.84375,2604.568378305938,3023.4375,0.6707983380025291,0.008825721984356636,0.019343607740276183,0.9176252183800016,0.05209614867814985,0.27646410364163937,21.913502413529027,30.0,112.41730216011455,0.6878451543649592,0.2890915816110759,0.4281623428093331,0.23586631804555006,0.04576763225348988
source::data/raw/source_domain/cwru_48khz_de/IR014_1.mat::w0001,source,data/raw/source_domain/cwru_48khz_de/IR014_1.mat,data/raw/source_domain/cwru_48khz_de/IR014_1.mat,data/raw/source_domain/cwru_48khz_de/IR014_1.mat,0.5,1.5,48000,IR,known_source_label,1.0,1772.0,mat_variable,DE_time,drive_end,0.2419209313325352,0.2419209313325352,2.3753515920555555,4.543090666666666,0.07840741332397685,18.638791036229993,9.818710514059116,16.822360993049827,1.7132963609521696,22.4780715121455,0.10764807600158337,2589.84375,2592.074646301596,2976.5625,0.6662387154842005,0.010082959355078948,0.02130862292576291,0.9189738825620692,0.047669454221960915,0.2603308268478413,19.351656920802586,71.0,106.48800263665541,0.6844148466506036,0.28369162636016965,0.4627592193011763,0.21137520454399703,0.041051656180366006
source::data/raw/source_domain/cwru_48khz_de/IR014_1.mat::w0002,source,data/raw/source_domain/cwru_48khz_de/IR014_1.mat,data/raw/source_domain/cwru_48khz_de/IR014_1.mat,data/raw/source_domain/cwru_48khz_de/IR014_1.mat,1.0,2.0,48000,IR,known_source_label,1.0,1772.0,mat_variable,DE_time,drive_end,0.2539929694876619,0.2539929694876619,2.289191708194444,4.355290666666667,0.1636005777666376,18.343492354746875,9.012815247615082,15.595147225187546,1.7303302904442477,20.95285546997324,0.10771057730369382,2589.84375,2588.5502837281792,2964.84375,0.6689131978064836,0.010212043802669006,0.020845482297043774,0.9209501298215929,0.04655101722545128,0.27535821753755524,18.323568159338066,30.0,107.4254759930738,0.6783093362290639,0.30272395824250514,0.4278382655120977,0.23094329783884518,0.03769578463313512
source::data/raw/source_domain/cwru_48khz_de/IR014_1.mat::w0003,source,data/raw/source_domain/cwru_48khz_de/IR014_1.mat,data/raw/source_domain/cwru_48khz_de/IR014_1.mat,data/raw/source_domain/cwru_48khz_de/IR014_1.mat,1.5,2.5,48000,IR,known_source_label,1.0,1772.0,mat_variable,DE_time,drive_end,0.2663756899453539,0.2663756899453539,2.2895115855,4.355290666666667,0.20036640416980622,18.068030673700356,8.59504704037028,15.062659049120033,1.7524812811745332,20.44239496043588,0.10814808641846706,2589.84375,2576.3486676912703,2953.125,0.6640197239250449,0.00902008669715132,0.018305494121210197,0.9276104935990722,0.04322923568050144,0.2913795856079216,17.38390500273862,30.0,109.89891221503505,0.6730507328569411,0.28494699753675584,0.4456672590986658,0.22719441509451538,0.04133644403512088
source::data/raw/source_domain/cwru_48khz_de/IR014_1.mat::w0004,source,data/raw/source_domain/cwru_48khz_de/IR014_1.mat,data/raw/source_domain/cwru_48khz_de/IR014_1.mat,data/raw/source_domain/cwru_48khz_de/IR014_1.mat,2.0,3.0,48000,IR,known_source_label,1.0,1772.0,mat_variable,DE_time,drive_end,0.2717992248576286,0.2717992248576286,2.7385636693611106,5.212076,0.1724413208459732,18.21282894405912,10.075686090663153,17.712745085372692,1.7579691274543987,24.159522828219945,0.10708556428258922,2589.84375,2577.7745448711976,2953.125,0.6540508224419534,0.008217470065424977,0.015512896206786255,0.9322119367622134,0.04216375661032086,0.2980116747475684,17.599709675189338,30.0,110.23131953940612,0.6595002881165447,0.2896432574064184,0.4433273510251678,0.21836627129163796,0.048127466131837215
source::data/raw/source_domain/cwru_48khz_de/IR014_1.mat::w0005,source,data/raw/source_domain/cwru_48khz_de/IR014_1.mat,data/raw/source_domain/cwru_48khz_de/IR014_1.mat,data/raw/source_domain/cwru_48khz_de/IR014_1.mat,2.5,3.5,48000,IR,known_source_label,1.0,1772.0,mat_variable,DE_time,drive_end,0.2766935531148942,0.2766935531148942,2.754761149833333,5.2271,0.11910212493786895,19.57527749515754,9.956000487945921,17.58635624155305,1.7664077319785099,23.98197664554957,0.10658555386570553,2589.84375,2584.544948817939,2929.6875,0.6542476969898458,0.007543600936140416,0.016873961906947805,0.9335547890003203,0.04060565033456474,0.3042972417793209,19.26890620638489,30.0,110.2882633533054,0.6443764936819228,0.29402975875634174,0.42154897927090434,0.23817336391224708,0.04598991371805018
source::data/raw/source_domain/cwru_48khz_de/IR014_1.mat::w0006,source,data/raw/source_domain/cwru_48khz_de/IR014_1.mat,data/raw/source_domain/cwru_48khz_de/IR014_1.mat,data/raw/source_domain/cwru_48khz_de/IR014_1.mat,3.0,4.0,48000,IR,known_source_label,1.0,1772.0,mat_variable,DE_time,drive_end,0.2669465743656994,0.2669465743656994,2.7557682273333333,5.188288,0.07645484788296723,19.48453968611566,10.323294965934972,18.03676769140568,1.7471909647894615,24.393522882282657,0.10652305256359508,2589.84375,2589.3751329549737,2953.125,0.6593538621750581,0.007366664377384598,0.018621542245445304,0.928544479346639,0.04428942826287642,0.2913226598348455,19.647674261927484,30.0,106.62393641056634,0.661280225276482,0.30006497834851936,0.4399568709526493,0.21614854126446295,0.04294508126263902
source::data/raw/source_domain/cwru_48khz_de/IR014_2.mat::w0000,source,data/raw/source_domain/cwru_48khz_de/IR014_2.mat,data/raw/source_domain/cwru_48khz_de/IR014_2.mat,data/raw/source_domain/cwru_48khz_de/IR014_2.mat,0.0,1.0,48000,IR,known_source_label,2.0,1751.0,mat_variable,DE_time,drive_end,0.23564156220595345,0.23564156220595345,2.356314123472222,4.478404,0.0674032379363341,19.042140805742314,9.999569266998733,17.459591465643193,1.7460343540186718,23.57220824981139,0.10660638763307569,2566.40625,2584.948643153887,3011.71875,0.6741405561502035,0.009221131225532775,0.033311417544326545,0.9039484196890636,0.051345902336733584,0.25710814396831977,19.05828597409021,29.0,103.22359528291354,0.660895419218087,0.30915255834634925,0.44936714287451696,0.20488532935288886,0.03581088867346372
source::data/raw/source_domain/cwru_48khz_de/IR014_2.mat::w0001,source,data/raw/source_domain/cwru_48khz_de/IR014_2.mat,data/raw/source_domain/cwru_48khz_de/IR014_2.mat,data/raw/source_domain/cwru_48khz_de/IR014_2.mat,0.5,1.5,48000,IR,known_source_label,2.0,1751.0,mat_variable,DE_time,drive_end,0.2423708308501773,0.2423708308501773,2.356193227222222,4.48842,0.10826067364351982,19.302334120087256,9.721438916339702,17.14425412723111,1.7635510827871865,23.236365311804562,0.1075855746994729,2578.125,2581.1431916814313,3011.71875,0.6667601443180254,0.008728909435434548,0.029746915993102956,0.9074290493138741,0.05196858395941728,0.2661487401817032,18.93233420367993,29.0,103.77936320778555,0.6706338391289145,0.3059995661848849,0.44448244088420097,0.20950751760635106,0.03829763548643336
source::data/raw/source_domain/cwru_48khz_de/IR014_2.mat::w0002,source,data/raw/source_domain/cwru_48khz_de/IR014_2.mat,data/raw/source_domain/cwru_48khz_de/IR014_2.mat,data/raw/source_domain/cwru_48khz_de/IR014_2.mat,1.0,2.0,48000,IR,known_source_label,2.0,1751.0,mat_variable,DE_time,drive_end,0.23943666749434508,0.23943666749434508,2.649489599,5.178689333333333,0.1836315451094231,20.97831957903849,11.065513176053157,19.334554007024114,1.7472803745591494,26.01194415239391,0.106918894143628,2578.125,2595.832989350107,3164.0625,0.6761555835215142,0.009836778021061574,0.03180149932249828,0.8981614942913095,0.058456771097953955,0.2613731609385118,21.89467234125473,29.0,108.10576152024623,0.68238925993193,0.2904154489739068,0.4403551353535485,0.22477641607520674,0.04331906937123359
source::data/raw/source_domain/cwru_48khz_de/IR014_2.mat::w0003,source,data/raw/source_domain/cwru_48khz_de/IR014_2.mat,data/raw/source_domain/cwru_48khz_de/IR014_2.mat,data/raw/source_domain/cwru_48khz_de/IR014_2.mat,1.5,2.5,48000,IR,known_source_label,2.0,1751.0,mat_variable,DE_time,drive_end,0.24196582355524318,0.24196582355524318,2.6496428820555553,5.178689333333333,0.19537234937435158,21.72724571118534,10.950484010977133,19.29532384469832,1.7620521453915914,26.065615082817704,0.10671055646992646,2554.6875,2593.3690359569864,3046.875,0.6729399096233555,0.008676035832737116,0.028385008030664165,0.9064012311321903,0.05447639622144552,0.26567519777115944,22.499920141551367,29.0,105.53979785801032,0.6824948619010681,0.2967819934562397,0.44840638032056795,0.2120181768410607,0.0419056660387081
source::data/raw/source_domain/cwru_48khz_de/IR014_2.mat::w0004,source,data/raw/source_domain/cwru_48khz_de/IR014_2.mat,data/raw/source_domain/cwru_48khz_de/IR014_2.mat,data/raw/source_domain/cwru_48khz_de/IR014_2.mat,2.0,3.0,48000,IR,known_source_label,2.0,1751.0,mat_variable,DE_time,drive_end,0.2362217586355886,0.2362217586355886,2.478966599083333,4.900745333333333,0.13979683303353937,20.663481650994516,10.494234796114007,18.475216651944653,1.760511081637679,24.933871343037453,0.10710639804995938,2554.6875,2586.124603627233,3164.0625,0.6782845024916809,0.009026707715032741,0.0331418069797391,0.8960724952384436,0.05959177641284295,0.2592158078129594,20.962732429673142,29.0,104.92943563110421,0.6586821276195198,0.2937057713801173,0.45123767477785537,0.21740566696127975,0.037060964535344736
source::data/raw/source_domain/cwru_48khz_de/IR014_2.mat::w0005,source,data/raw/source_domain/cwru_48khz_de/IR014_2.mat,data/raw/source_domain/cwru_48khz_de/IR014_2.mat,data/raw/source_domain/cwru_48khz_de/IR014_2.mat,2.5,3.5,48000,IR,known_source_label,2.0,1751.0,mat_variable,DE_time,drive_end,0.234659182475097,0.234659182475097,2.171466982861111,4.1929479999999995,0.055104912926648555,18.958491003341656,9.253705565441923,16.00677683766964,1.7297694123075336,21.419680479057917,0.10681472530677723,2566.40625,2585.094243855593,3210.9375,0.6813781863218321,0.010079582804832662,0.036444088757151834,0.8845460007108116,0.06694723755325327,0.25438252488329655,19.391648591308986,29.0,105.55680624044153,0.6697092271150767,0.30005020739237664,0.43982824970897805,0.2234871342748307,0.03554711088232259
source::data/raw/source_domain/cwru_48khz_de/IR014_2.mat::w0006,source,data/raw/source_domain/cwru_48khz_de/IR014_2.mat,data/raw/source_domain/cwru_48khz_de/IR014_2.mat,data/raw/source_domain/cwru_48khz_de/IR014_2.mat,3.0,4.0,48000,IR,known_source_label,2.0,1751.0,mat_variable,DE_time,drive_end,0.24346412983018348,0.24346412983018348,2.563440464972222,4.972109333333333,0.05095486280403522,20.799459411928662,10.529027281142794,18.34116966295528,1.7419624029019745,24.562705216490173,0.106918894143628,2578.125,2591.3881809568657,3175.78125,0.6716997594270724,0.00881673865641618,0.03153046692738691,0.8979682391847746,0.06005242771658818,0.26522690105053054,21.742782316334296,29.0,104.81504186825032,0.6897244939234064,0.29920167811762155,0.45362599487716426,0.20838562847858666,0.03784913453129678
source::data/raw/source_domain/cwru_48khz_de/IR014_3.mat::w0000,source,data/raw/source_domain/cwru_48khz_de/IR014_3.mat,data/raw/source_domain/cwru_48khz_de/IR014_3.mat,data/raw/source_domain/cwru_48khz_de/IR014_3.mat,0.0,1.0,48000,IR,known_source_label,3.0,1726.0,mat_variable,DE_time,drive_end,0.36085792431262204,0.36085792431262204,2.481217821152778,4.940391999999999,0.5259705572165513,8.77288863118191,6.875885643559676,11.973599608989177,1.741390161159983,17.339211037437593,0.21344194670722308,6000.0,4191.926473227763,6000.0,0.5293428839643395,0.013959838716846766,0.0438453865807221,0.5263130804879907,0.4148748518676817,0.3858131465496575,7.996748659427041,2.0,27.842420173063932,0.5227335938030666,0.8160867214622642,0.1283648678079546,0.04781277391820908,0.0070615287969009915
source::data/raw/source_domain/cwru_48khz_de/IR014_3.mat::w0001,source,data/raw/source_domain/cwru_48khz_de/IR014_3.mat,data/raw/source_domain/cwru_48khz_de/IR014_3.mat,data/raw/source_domain/cwru_48khz_de/IR014_3.mat,0.5,1.5,48000,IR,known_source_label,3.0,1726.0,mat_variable,DE_time,drive_end,0.2624937632112652,0.2624937632112652,2.5031037201527777,4.940391999999999,0.06013797877531017,16.671302194674375,9.53585978394712,15.653083707974496,1.6414968406168908,20.45853148096709,0.10806475134898644,2578.125,2524.0034912011342,3046.875,0.6735327310860159,0.008507545934387,0.07985407311825216,0.8579624180268525,0.05259547424025448,0.27321611673268026,18.87690845643949,29.0,99.01865044115455,0.6608286896132504,0.31738135558908126,0.45592055488293554,0.1954599642733152,0.030446014188420054
source::data/raw/source_domain/cwru_48khz_de/IR014_3.mat::w0002,source,data/raw/source_domain/cwru_48khz_de/IR014_3.mat,data/raw/source_domain/cwru_48khz_de/IR014_3.mat,data/raw/source_domain/cwru_48khz_de/IR014_3.mat,1.0,2.0,48000,IR,known_source_label,3.0,1726.0,mat_variable,DE_time,drive_end,0.2654342761673108,0.2654342761673108,2.6501276321111114,4.975448,0.1829501256458154,17.534699912051842,9.984119874671636,16.600732604867023,1.662713670627924,21.84940586160071,0.0990228963103398,2589.84375,2521.5203966161475,3023.4375,0.6700621071818699,0.0074391592152932735,0.07996574725047148,0.8595555030684637,0.05169367137421184,0.27914028868182567,19.43022694568192,29.0,96.12721115112932,0.6670516428547767,0.31591528970213023,0.4749393216233471,0.18248211806724185,0.023433886441441693
source::data/raw/source_domain/cwru_48khz_de/IR014_3.mat::w0003,source,data/raw/source_domain/cwru_48khz_de/IR014_3.mat,data/raw/source_domain/cwru_48khz_de/IR014_3.mat,data/raw/source_domain/cwru_48khz_de/IR014_3.mat,1.5,2.5,48000,IR,known_source_label,3.0,1726.0,mat_variable,DE_time,drive_end,0.2565363416076022,0.2565363416076022,2.649702534638889,4.911178666666666,0.16716778948523983,16.885679481711026,10.328760900011366,16.968491276627482,1.6428390046808679,22.300771740770497,0.09916873268193087,2589.84375,2519.9979634029855,3011.71875,0.672010907716843,0.007635945806305959,0.08617008735070897,0.8540226294665928,0.050764958058156874,0.2671104391140025,19.266584696245893,29.0,96.71716322476082,0.6570236493307554,0.32780738487969874,0.46102044757580113,0.18123925080127234,0.028353965784224916
source::data/raw/source_domain/cwru_48khz_de/IR014_3.mat::w0004,source,data/raw/source_domain/cwru_48khz_de/IR014_3.mat,data/raw/source_domain/cwru_48khz_de/IR014_3.mat,data/raw/source_domain/cwru_48khz_de/IR014_3.mat,2.0,3.0,48000,IR,known_source_label,3.0,1726.0,mat_variable,DE_time,drive_end,0.2510812672061405,0.2510812672061405,2.369810674777778,4.570634666666667,0.06338673691235844,14.527330963103772,9.438420879175741,15.04970418690528,1.59451505495479,19.551358699260437,0.09825204691764412,2589.84375,2500.833533907563,3105.46875,0.678961724073921,0.007540939450670166,0.09575684483345372,0.8395812028530385,0.05557354952326452,0.25482528424158063,17.109648155333076,29.0,97.100721815148,0.6581432294592787,0.3188991149832803,0.46259622840513825,0.18933492879885652,0.027253995813852624
source::data/raw/source_domain/cwru_48khz_de/IR014_3.mat::w0005,source,data/raw/source_domain/cwru_48khz_de/IR014_3.mat,data/raw/source_domain/cwru_48khz_de/IR014_3.mat,data/raw/source_domain/cwru_48khz_de/IR014_3.mat,2.5,3.5,48000,IR,known_source_label,3.0,1726.0,mat_variable,DE_time,drive_end,0.24602453324916593,0.24602453324916593,2.368187300277778,4.550602666666666,0.02907510930695998,14.497795069256625,9.625817673515211,15.264841373131553,1.5858228247008759,19.736881917237206,0.09929373528615179,2531.25,2519.8758351169317,3199.21875,0.6864770920761959,0.007543484801474695,0.09523265837836552,0.8323899130529077,0.06302911024640084,0.24841516917045414,17.305654549244487,29.0,100.65603295869003,0.6763655084223484,0.3249329416527214,0.42841686625852976,0.2109443207306967,0.03487530962672146
source::data/raw/source_domain/cwru_48khz_de/IR014_3.mat::w0006,source,data/raw/source_domain/cwru_48khz_de/IR014_3.mat,data/raw/source_domain/cwru_48khz_de/IR014_3.mat,data/raw/source_domain/cwru_48khz_de/IR014_3.mat,3.0,4.0,48000,IR,known_source_label,3.0,1726.0,mat_variable,DE_time,drive_end,0.26018717697152727,0.26018717697152727,2.5562984135833333,5.085206666666666,0.07645465994817495,16.958333748299374,9.824843957829824,16.149552430762498,1.6437464554162395,21.179122694836387,0.09946040542511303,2519.53125,2537.7879908897626,3199.21875,0.6802676282917709,0.007670042684773566,0.08198488722552492,0.847091973073053,0.061768734976878306,0.27126249138282615,19.27605463804403,29.0,101.15905631743621,0.6806141853521155,0.3047311236466813,0.45146808421690954,0.21170293212743455,0.030064589381135775
source::data/raw/source_domain/cwru_48khz_de/IR021_0.mat::w0000,source,data/raw/source_domain/cwru_48khz_de/IR021_0.mat,data/raw/source_domain/cwru_48khz_de/IR021_0.mat,data/raw/source_domain/cwru_48khz_de/IR021_0.mat,0.0,1.0,48000,IR,known_source_label,0.0,1796.0,mat_variable,DE_time,drive_end,0.5819424914140361,0.5819424914140361,2.7281924088846154,5.193271384615384,-0.0004685218820966529,4.211590629642828,4.68807906130177,6.242216302742658,1.3315083259279792,7.624692582686782,0.10798141627950582,2882.8125,2554.873725418753,3187.5,0.6909075766338679,0.02088663529686522,0.03494840116587279,0.8629343570710596,0.0783425995736079,0.4536819990500026,4.256327130136245,162.0,162.058800984811,0.6522782520531659,0.13646535396568144,0.2678820409538034,0.4681946002566663,0.12203800961071538
source::data/raw/source_domain/cwru_48khz_de/IR021_0.mat::w0001,source,data/raw/source_domain/cwru_48khz_de/IR021_0.mat,data/raw/source_domain/cwru_48khz_de/IR021_0.mat,data/raw/source_domain/cwru_48khz_de/IR021_0.mat,0.5,1.5,48000,IR,known_source_label,0.0,1796.0,mat_variable,DE_time,drive_end,0.5741633328634013,0.5741633328634013,2.669394766846154,5.136319384615385,-0.01708667511033411,4.150458026085341,4.649190594475978,6.183910488977334,1.3301047490533282,7.553413246049197,0.10760640846684306,2882.8125,2556.5638502130223,3187.5,0.6889677679912689,0.021336006223746144,0.03487703973947763,0.8626453780053782,0.07864424346747201,0.4465859925391982,4.140957920028766,162.0,164.45604132760212,0.6539393134243929,0.14336990340588426,0.25243384366679605,0.46423291910808717,0.13232018468399437
source::data/raw/source_domain/cwru_48khz_de/IR021_0.mat::w0002,source,data/raw/source_domain/cwru_48khz_de/IR021_0.mat,data/raw/source_domain/cwru_48khz_de/IR021_0.mat,data/raw/source_domain/cwru_48khz_de/IR021_0.mat,1.0,2.0,48000,IR,known_source_label,0.0,1796.0,mat_variable,DE_time,drive_end,0.5715848685518359,0.5715848685518359,2.6124668923461543,5.048075076923077,-0.03501831520589018,3.9692689258637115,4.570566920290446,6.060854693330625,1.3260619085159073,7.413597339889399,0.10775224483843414,2882.8125,2564.666123423793,3199.21875,0.6880473587348763,0.020418319770769532,0.03246465286642979,0.8638364134230323,0.08128435552708604,0.4413546435770074,3.797163151608375,162.0,162.7814351260768,0.6731350461185874,0.1456765176440335,0.26645235120534244,0.4486208854998454,0.13365888723247754
source::data/raw/source_domain/cwru_48khz_de/IR021_0.mat::w0003,source,data/raw/source_domain/cwru_48khz_de/IR021_0.mat,data/raw/source_domain/cwru_48khz_de/IR021_0.mat,data/raw/source_domain/cwru_48khz_de/IR021_0.mat,1.5,2.5,48000,IR,known_source_label,0.0,1796.0,mat_variable,DE_time,drive_end,0.5840249674854805,0.5840249674854805,3.064497350192308,6.102625846153846,-0.041491825183601797,4.298327572555847,5.24720263823866,6.993070812112077,1.3327236042188533,8.573898987696676,0.10777307860580429,2882.8125,2567.6822768093275,3199.21875,0.6859685693122561,0.019290780933445453,0.03209526960188297,0.8661501799118159,0.0805943387438547,0.4558338550420007,4.769113102248184,162.0,161.84849309867707,0.6515221694838973,0.14331375922499773,0.24187468855868807,0.4934769809970343,0.11481439462287486
source::data/raw/source_domain/cwru_48khz_de/IR021_0.mat::w0004,source,data/raw/source_domain/cwru_48khz_de/IR021_0.mat,data/raw/source_domain/cwru_48khz_de/IR021_0.mat,data/raw/source_domain/cwru_48khz_de/IR021_0.mat,2.0,3.0,48000,IR,known_source_label,0.0,1796.0,mat_variable,DE_time,drive_end,0.5894375031192398,0.5894375031192398,3.064141782653846,6.102625846153846,-0.05471878265698295,4.472196841850632,5.198416738727243,6.954915651284993,1.3378911312477815,8.531421090014977,0.1075439071647326,2460.9375,2560.661464806432,3199.21875,0.684279421012218,0.01926101194932964,0.03232998951213533,0.8694687062305335,0.07713086781517699,0.46469265565653506,5.05898534055367,162.0,158.68413160366927,0.6666459161890763,0.15953398398076502,0.24953458874349352,0.4667817827075345,0.11436256081263942
source::data/raw/source_domain/cwru_48khz_de/IR021_0.mat::w0005,source,data/raw/source_domain/cwru_48khz_de/IR021_0.mat,data/raw/source_domain/cwru_48khz_de/IR021_0.mat,data/raw/source_domain/cwru_48khz_de/IR021_0.mat,2.5,3.5,48000,IR,known_source_label,0.0,1796.0,mat_variable,DE_time,drive_end,0.5875946362304338,0.5875946362304338,2.843400237653846,5.615091692307692,-0.05429684854859968,4.319405013590427,4.839050703202685,6.482496657921987,1.3396215612331919,7.974199115770601,0.10771057730369382,2882.8125,2565.197616002769,3199.21875,0.6826096772968702,0.01853997009074108,0.03234247510033655,0.8689532632534867,0.07807659672831149,0.46458586397716645,4.435611100828101,162.0,161.17569597129454,0.6764180808010088,0.15593413852529941,0.2649238057577716,0.4490585462975621,0.11954043674086967
source::data/raw/source_domain/cwru_48khz_de/IR021_0.mat::w0006,source,data/raw/source_domain/cwru_48khz_de/IR021_0.mat,data/raw/source_domain/cwru_48khz_de/IR021_0.mat,data/raw/source_domain/cwru_48khz_de/IR021_0.mat,3.0,4.0,48000,IR,known_source_label,0.0,1796.0,mat_variable,DE_time,drive_end,0.592347880645747,0.592347880645747,2.843691573384615,5.475945230769231,-0.04449563738317467,4.221222835895258,4.800711990865518,6.4189300771251325,1.3370787685926209,7.886583524330105,0.10766890976895352,2882.8125,2564.2253868296298,3199.21875,0.6839246589817035,0.019635814898485548,0.03485632859427033,0.8613151999272386,0.08182660016842781,0.46647408914772565,4.146647336544472,162.0,159.92797719145426,0.6558984807582858,0.1297283860288424,0.2886316233706915,0.4573388826775553,0.11608978518481507
source::data/raw/source_domain/cwru_48khz_de/IR021_1.mat::w0000,source,data/raw/source_domain/cwru_48khz_de/IR021_1.mat,data/raw/source_domain/cwru_48khz_de/IR021_1.mat,data/raw/source_domain/cwru_48khz_de/IR021_1.mat,0.0,1.0,48000,IR,known_source_label,1.0,1774.0,mat_variable,DE_time,drive_end,0.5858092554595491,0.5858092554595491,2.7304137802692305,5.3532793846153846,0.012305781971301177,3.7957685361143803,4.6609263251101165,6.0637520194535055,1.3009757281026955,7.33674151980433,0.10810641888372674,2589.84375,2576.541591292876,2941.40625,0.6330637429498064,0.011184469347719089,0.016635059779094404,0.9242292119589802,0.04607602082444537,0.43098418936600874,4.368544348414868,59.0,144.88572495306354,0.709567798475327,0.17969522642627073,0.4036739152997588,0.25865609406666423,0.15709832718436761
source::data/raw/source_domain/cwru_48khz_de/IR021_1.mat::w0001,source,data/raw/source_domain/cwru_48khz_de/IR021_1.mat,data/raw/source_domain/cwru_48khz_de/IR021_1.mat,data/raw/source_domain/cwru_48khz_de/IR021_1.mat,0.5,1.5,48000,IR,known_source_label,1.0,1774.0,mat_variable,DE_time,drive_end,0.582222958840506,0.582222958840506,3.1752766785384616,5.9059015384615385,0.018587988525961968,3.79357590125125,5.453712586079661,7.057498238400218,1.2940722722356182,8.488640296506377,0.1078564136752849,2589.84375,2570.6030243376113,2929.6875,0.6386612661841288,0.011595068802801086,0.017442880317585698,0.9241568160802578,0.044706946527298626,0.42229951741206023,4.6855874685433765,59.0,155.6768885408503,0.6964854242472309,0.15654769424889933,0.3851200520477389,0.2806827776822708,0.17689959324421523
source::data/raw/source_domain/cwru_48khz_de/IR021_1.mat::w0002,source,data/raw/source_domain/cwru_48khz_de/IR021_1.mat,data/raw/source_domain/cwru_48khz_de/IR021_1.mat,data/raw/source_domain/cwru_48khz_de/IR021_1.mat,1.0,2.0,48000,IR,known_source_label,1.0,1774.0,mat_variable,DE_time,drive_end,0.5922846205070754,0.5922846205070754,3.175504986346154,6.042336,0.018051113141740287,3.782505817947178,5.361451026066037,6.917223112694789,1.290177431268755,8.301256857562834,0.10775224483843414,2589.84375,2572.35838966691,2929.6875,0.6351531110026158,0.010686244096860673,0.01658136927080014,0.9273701443037019,0.04353722075571194,0.42608484768520416,4.861195093859292,160.0,150.83716638841466,0.7003313292172519,0.14384849716077847,0.4172430189445965,0.2734517593261783,0.16371325446665214
source::data/raw/source_domain/cwru_48khz_de/IR021_1.mat::w0003,source,data/raw/source_domain/cwru_48khz_de/IR021_1.mat,data/raw/source_domain/cwru_48khz_de/IR021_1.mat,data/raw/source_domain/cwru_48khz_de/IR021_1.mat,1.5,2.5,48000,IR,known_source_label,1.0,1774.0,mat_variable,DE_time,drive_end,0.6016697990223049,0.6016697990223049,3.1256472697692304,6.00749723076923,0.01665892990693142,3.8479213514483184,5.194954566180847,6.722078963292082,1.2939629938328319,8.083661134123599,0.10766890976895352,2589.84375,2578.518933209356,2929.6875,0.6315992952523058,0.010107376031846048,0.015773362550575588,0.9284963288896353,0.0437280897090653,0.43642709415544945,4.938118123355574,160.0,151.127168223127,0.6911496803740929,0.15414015492729832,0.3950433712045107,0.280241169186691,0.16983736607836003
source::data/raw/source_domain/cwru_48khz_de/IR021_1.mat::w0004,source,data/raw/source_domain/cwru_48khz_de/IR021_1.mat,data/raw/source_domain/cwru_48khz_de/IR021_1.mat,data/raw/source_domain/cwru_48khz_de/IR021_1.mat,2.0,3.0,48000,IR,known_source_label,1.0,1774.0,mat_variable,DE_time,drive_end,0.6117709461929122,0.6117709461929122,3.1253980134999995,6.00749723076923,0.02630583235852508,4.003888746627879,5.108771563841717,6.6504190299520545,1.301764807221126,8.01704805948525,0.10783557990791474,2589.84375,2581.066508739512,2929.6875,0.6312407695954853,0.010190419167003374,0.01610915185178025,0.926939066259792,0.04433466742321941,0.4512296592936716,5.117654172481815,160.0,149.72485889083515,0.6876525032911862,0.1368685191802823,0.4199883490000805,0.28287146565403054,0.15850590384046032
source::data/raw/source_domain/cwru_48khz_de/IR021_1.mat::w0005,source,data/raw/source_domain/cwru_48khz_de/IR021_1.mat,data/raw/source_domain/cwru_48khz_de/IR021_1.mat,data/raw/source_domain/cwru_48khz_de/IR021_1.mat,2.5,3.5,48000,IR,known_source_label,1.0,1774.0,mat_variable,DE_time,drive_end,0.6281706167313329,0.6281706167313329,3.0899693842692306,6.105129230769231,0.030245212006831133,4.006764988368492,4.918997008078594,6.425411920224771,1.3062443237232966,7.777330377098861,0.10789808121002521,2589.84375,2586.8301639153615,2941.40625,0.6293831386941975,0.00904448693673054,0.015245266486510273,0.9288040187966814,0.04421616191127424,0.4673829172400139,4.9555595501664325,59.0,148.0493704953539,0.673388729432937,0.12666092853780792,0.4340597709413779,0.283523831372132,0.15516233619752196
source::data/raw/source_domain/cwru_48khz_de/IR021_1.mat::w0006,source,data/raw/source_domain/cwru_48khz_de/IR021_1.mat,data/raw/source_domain/cwru_48khz_de/IR021_1.mat,data/raw/source_domain/cwru_48khz_de/IR021_1.mat,3.0,4.0,48000,IR,known_source_label,1.0,1774.0,mat_variable,DE_time,drive_end,0.6264223205068709,0.6264223205068709,3.0142979433461536,6.028150153846154,0.03405697349909658,3.837671100563192,4.811926147367029,6.262852808103497,1.301527208916201,7.573619727814459,0.10773141107106399,2589.84375,2582.459327889259,2929.6875,0.6237750864222903,0.009174135704145832,0.015350955378397145,0.9299710155355227,0.04283041135296882,0.4613789328915185,4.54723451084945,59.0,151.32021416619327,0.6754746319161783,0.12074334284427389,0.4331629197079155,0.2790150139024914,0.1663200178526158
source::data/raw/source_domain/cwru_48khz_de/IR021_2.mat::w0000,source,data/raw/source_domain/cwru_48khz_de/IR021_2.mat,data/raw/source_domain/cwru_48khz_de/IR021_2.mat,data/raw/source_domain/cwru_48khz_de/IR021_2.mat,0.0,1.0,48000,IR,known_source_label,2.0,1752.0,mat_variable,DE_time,drive_end,0.7681574233078808,0.7681574233078808,3.429099234307692,6.835700307692307,0.053553137419995796,3.799352215230723,4.464057926481601,5.877399084557645,1.3166045739873125,7.22984389416058,0.10679389153940708,2554.6875,2587.6272160760655,2882.8125,0.5606931386132584,0.0045280619307602405,0.009760259812359956,0.9560886272421271,0.028147924805976866,0.5827596594028798,4.102379198846267,58.0,125.87932982969748,0.6416997933512028,0.19935194129876824,0.46299195160732654,0.20548974181160837,0.13187056210663223
source::data/raw/source_domain/cwru_48khz_de/IR021_2.mat::w0001,source,data/raw/source_domain/cwru_48khz_de/IR021_2.mat,data/raw/source_domain/cwru_48khz_de/IR021_2.mat,data/raw/source_domain/cwru_48khz_de/IR021_2.mat,0.5,1.5,48000,IR,known_source_label,2.0,1752.0,mat_variable,DE_time,drive_end,0.77533141008385,0.77533141008385,3.4302394781923073,6.728680615384615,0.058953831622518084,3.677716045866929,4.424223543087094,5.7978523553468175,1.310479070253708,7.104259181377885,0.10739807079314152,2554.6875,2587.4452434796117,2882.8125,0.5556544232924955,0.004583862998764877,0.009883377583433774,0.9551617143068738,0.028812303478599095,0.5815397619535323,3.846154547450682,58.0,127.85070114996945,0.6474604890447477,0.21760773880132883,0.43536655730282353,0.20403849350771375,0.141842360612728
source::data/raw/source_domain/cwru_48khz_de/IR021_2.mat::w0002,source,data/raw/source_domain/cwru_48khz_de/IR021_2.mat,data/raw/source_domain/cwru_48khz_de/IR021_2.mat,data/raw/source_domain/cwru_48khz_de/IR021_2.mat,1.0,2.0,48000,IR,known_source_label,2.0,1752.0,mat_variable,DE_time,drive_end,0.7772150483952294,0.7772150483952294,3.264254204115384,6.4591495384615385,0.06532345010036981,3.6220844918689936,4.199936955481137,5.506194728701632,1.3110184241000753,6.759787317171853,0.10733556949103107,2554.6875,2588.324296782308,2882.8125,0.5577906630220617,0.0043565175615104396,0.00950762366009411,0.9565268351473416,0.027934312653342404,0.5835698711345323,3.64827922734071,58.0,129.22805774227615,0.6451229143771349,0.21743413747073995,0.42861424195615444,0.20339477426068958,0.14923920601306853
source::data/raw/source_domain/cwru_48khz_de/IR021_2.mat::w0003,source,data/raw/source_domain/cwru_48khz_de/IR021_2.mat,data/raw/source_domain/cwru_48khz_de/IR021_2.mat,data/raw/source_domain/cwru_48khz_de/IR021_2.mat,1.5,2.5,48000,IR,known_source_label,2.0,1752.0,mat_variable,DE_time,drive_end,0.7575315436073183,0.7575315436073183,3.208543009307692,6.356719384615385,0.0639947088301899,3.6736214616220915,4.235523967786969,5.585514850604589,1.318730549768464,6.8959735069516,0.1070022292131086,2554.6875,2584.698918034867,2882.8125,0.5610768386815701,0.0047735284080331316,0.01031700348233889,0.9553448224265497,0.027959394293757586,0.5771111292148149,3.612114308363945,58.0,124.58678705653942,0.641567175957248,0.21313967778082718,0.4636634595898126,0.19012996513878266,0.13236450665323723
source::data/raw/source_domain/cwru_48khz_de/IR021_2.mat::w0004,source,data/raw/source_domain/cwru_48khz_de/IR021_2.mat,data/raw/source_domain/cwru_48khz_de/IR021_2.mat,data/raw/source_domain/cwru_48khz_de/IR021_2.mat,2.0,3.0,48000,IR,known_source_label,2.0,1752.0,mat_variable,DE_time,drive_end,0.7689389718022577,0.7689389718022577,3.3875834167692305,6.551357538461538,0.060069862993395354,3.6347702727957896,4.40552962067318,5.79248204916411,1.3148208156347538,7.135932415479734,0.10683555907414738,2554.6875,2581.371473592252,2882.8125,0.5642347875061823,0.004718525706739257,0.010225530762653699,0.9571323331473587,0.026470871576290134,0.5816262410631912,3.6547125156155866,58.0,122.76163570293765,0.6563561900567549,0.23279602715272749,0.45055748835445725,0.18856165630695973,0.12718052153080361
source::data/raw/source_domain/cwru_48khz_de/IR021_2.mat::w0005,source,data/raw/source_domain/cwru_48khz_de/IR021_2.mat,data/raw/source_domain/cwru_48khz_de/IR021_2.mat,data/raw/source_domain/cwru_48khz_de/IR021_2.mat,2.5,3.5,48000,IR,known_source_label,2.0,1752.0,mat_variable,DE_time,drive_end,0.7622945953823931,0.7622945953823931,3.386273020961538,6.551357538461538,0.05678868483105554,3.494838798679735,4.442210454422054,5.8046602955895805,1.3067053790312084,7.131536702034705,0.10671055646992646,2554.6875,2579.8175090853147,2871.09375,0.5557131684418607,0.004715163250752641,0.010030925806471122,0.9587845704719812,0.02493773944468146,0.5674420320567202,3.5469245955942332,58.0,125.6959554693467,0.6407875786204482,0.24784325420044895,0.42090193935848313,0.1893884354314143,0.14064870201562368
source::data/raw/source_domain/cwru_48khz_de/IR021_2.mat::w0006,source,data/raw/source_domain/cwru_48khz_de/IR021_2.mat,data/raw/source_domain/cwru_48khz_de/IR021_2.mat,data/raw/source_domain/cwru_48khz_de/IR021_2.mat,3.0,4.0,48000,IR,known_source_label,2.0,1752.0,mat_variable,DE_time,drive_end,0.7591796943201978,0.7591796943201978,3.3920513194230764,6.684662769230769,0.04972974915520474,3.4770002734032426,4.468048006020495,5.833227378651862,1.3055426823490182,7.174622867446567,0.10714806558469968,2554.6875,2580.5335155231387,2871.09375,0.5503745136450039,0.004887466357501739,0.010257969899368684,0.9577719133144474,0.02560955176130863,0.5635605401455568,3.6048132748097217,58.0,129.09502716967603,0.6417233200370314,0.23038094781993743,0.42379994279541483,0.1968652720201315,0.14783293867012665
source::data/raw/source_domain/cwru_48khz_de/IR021_3.mat::w0000,source,data/raw/source_domain/cwru_48khz_de/IR021_3.mat,data/raw/source_domain/cwru_48khz_de/IR021_3.mat,data/raw/source_domain/cwru_48khz_de/IR021_3.mat,0.0,1.0,48000,IR,known_source_label,3.0,1727.0,mat_variable,DE_time,drive_end,0.4001118635085007,0.4001118635085007,1.8313874448461538,3.6251095384615386,0.050886896465129366,3.605384225893276,4.577188561175136,5.992567492655101,1.3092245190575253,7.326415590261085,0.10533552782349632,2519.53125,2558.528466711159,2859.375,0.5587015794114218,0.003328048661617001,0.010709623286428582,0.9653532131736794,0.01913551556858958,0.2992934016416447,3.573314853093396,58.0,133.95085539047122,0.6692091614214869,0.18100076638466808,0.47291990071423073,0.1899234973900189,0.15441337578045433
source::data/raw/source_domain/cwru_48khz_de/IR021_3.mat::w0001,source,data/raw/source_domain/cwru_48khz_de/IR021_3.mat,data/raw/source_domain/cwru_48khz_de/IR021_3.mat,data/raw/source_domain/cwru_48khz_de/IR021_3.mat,0.5,1.5,48000,IR,known_source_label,3.0,1727.0,mat_variable,DE_time,drive_end,0.40585161352176424,0.40585161352176424,1.7760215476153847,3.488257846153846,0.04807315980334849,3.598589925350522,4.376036680499159,5.7146512674481915,1.3058965645558211,6.964087879048177,0.10518969145190525,2519.53125,2556.566020227674,2859.375,0.556661610693029,0.0033666250419244047,0.01065545878652263,0.9661202308977994,0.018266435348617837,0.301720417827856,3.622540800258989,58.0,129.67953982792724,0.6594634701139382,0.17709113004935934,0.5092703025186154,0.16318351817709303,0.14906170655421408
source::data/raw/source_domain/cwru_48khz_de/IR021_3.mat::w0002,source,data/raw/source_domain/cwru_48khz_de/IR021_3.mat,data/raw/source_domain/cwru_48khz_de/IR021_3.mat,data/raw/source_domain/cwru_48khz_de/IR021_3.mat,1.0,2.0,48000,IR,known_source_label,3.0,1727.0,mat_variable,DE_time,drive_end,0.40183710237651865,0.40183710237651865,1.775789289153846,3.488257846153846,0.045198229272772505,3.6473025916693063,4.419177021353106,5.776797876175519,1.3072112405201517,7.041564467401023,0.10523135898664555,2519.53125,2555.111175095551,2859.375,0.5549442241138111,0.0032801095318018398,0.01051190180808045,0.9676016922336294,0.01711381090171595,0.29952757779075706,3.7395665169962156,58.0,129.05357357610123,0.6608791795150551,0.18913725854622512,0.48017260743082474,0.19190725476423914,0.13787415538011785
source::data/raw/source_domain/cwru_48khz_de/IR021_3.mat::w0003,source,data/raw/source_domain/cwru_48khz_de/IR021_3.mat,data/raw/source_domain/cwru_48khz_de/IR021_3.mat,data/raw/source_domain/cwru_48khz_de/IR021_3.mat,1.5,2.5,48000,IR,known_source_label,3.0,1727.0,mat_variable,DE_time,drive_end,0.4026639530260282,0.4026639530260282,1.8108286377307694,3.548339076923077,0.04510820070560098,3.633403291225008,4.497121294612683,5.861215344117852,1.303326052407065,7.115919865837777,0.10523135898664555,2519.53125,2554.7723283585237,2859.375,0.5485033282636231,0.003217344978820873,0.010771184673078749,0.9668500455207855,0.017767949663760503,0.2978529815611512,3.7704043115044166,58.0,130.78232556763228,0.6847975902179907,0.17554668547442584,0.4866660403137599,0.19481827858541867,0.14146761048249606
source::data/raw/source_domain/cwru_48khz_de/IR021_3.mat::w0004,source,data/raw/source_domain/cwru_48khz_de/IR021_3.mat,data/raw/source_domain/cwru_48khz_de/IR021_3.mat,data/raw/source_domain/cwru_48khz_de/IR021_3.mat,2.0,3.0,48000,IR,known_source_label,3.0,1727.0,mat_variable,DE_time,drive_end,0.4071890460261487,0.4071890460261487,1.8112006293846157,3.548339076923077,0.04303482440725612,3.5904847571280367,4.4480583332388,5.784969686307012,1.3005606610560232,7.0179757890370995,0.10558553303193817,2519.53125,2555.577456193516,2859.375,0.5453333169130216,0.003101046568893622,0.010065233346273452,0.9669792458791338,0.018405216204470137,0.29952521826723866,3.7527671121240926,58.0,136.06134217962145,0.662149424791274,0.1594703656901867,0.4756079617205301,0.2107392021388098,0.15273090485774893
source::data/raw/source_domain/cwru_48khz_de/IR021_3.mat::w0005,source,data/raw/source_domain/cwru_48khz_de/IR021_3.mat,data/raw/source_domain/cwru_48khz_de/IR021_3.mat,data/raw/source_domain/cwru_48khz_de/IR021_3.mat,2.5,3.5,48000,IR,known_source_label,3.0,1727.0,mat_variable,DE_time,drive_end,0.4043342220851989,0.4043342220851989,1.7897910583076921,3.538534153846154,0.03830726805557344,3.54380295992389,4.426513909886489,5.748494264642188,1.2986504463001638,6.978312433599733,0.10564803433404862,2519.53125,2557.5855682971965,2859.375,0.5486861870141783,0.0031286892866130987,0.010146091774627787,0.9660705391344253,0.01917114557561487,0.29622441012148026,3.7013179618768266,58.0,137.88663507345467,0.6616847431298475,0.11883848082271967,0.5352741812369366,0.17920538379987289,0.16493449884853068
source::data/raw/source_domain/cwru_48khz_de/IR021_3.mat::w0006,source,data/raw/source_domain/cwru_48khz_de/IR021_3.mat,data/raw/source_domain/cwru_48khz_de/IR021_3.mat,data/raw/source_domain/cwru_48khz_de/IR021_3.mat,3.0,4.0,48000,IR,known_source_label,3.0,1727.0,mat_variable,DE_time,drive_end,0.4091747751410942,0.4091747751410942,1.7541655569999999,3.5032781538461535,0.03436242686574962,3.5305265359331734,4.287081373456687,5.5584676437445415,1.2965621968703496,6.734482540277997,0.1055230317298277,2519.53125,2558.3733303606864,2847.65625,0.5510065117745242,0.003141831198232904,0.009803700955069253,0.9664059908565077,0.01917770881462448,0.2984880758012461,3.6979868807672047,58.0,129.6629798172624,0.6573974697971888,0.17121898546075853,0.504722221476415,0.1829059259049873,0.1394955212988315
source::data/raw/source_domain/cwru_48khz_de/OR007@12_0.mat::w0000,source,data/raw/source_domain/cwru_48khz_de/OR007@12_0.mat,data/raw/source_domain/cwru_48khz_de/OR007@12_0.mat,data/raw/source_domain/cwru_48khz_de/OR007@12_0.mat,0.0,1.0,48000,OR,known_source_label,0.0,1796.0,mat_variable,DE_time,drive_end,0.22117714591722754,0.22117714591722754,1.4008237578076925,2.7501766153846154,0.019214902844926048,5.778923355928844,6.333492332546862,8.553326693439814,1.3504913631057682,10.42522148944114,0.11768995187399738,2589.84375,2746.9790667444427,3398.4375,0.68713836718203,0.009614480313891095,0.023227494602145748,0.7554833776852298,0.20840891497969236,0.17776911981713933,8.929121270263785,108.0,145.61469234346328,0.701015466344525,0.1846379009309639,0.4565622714686015,0.24090853812789106,0.1101815815156991
source::data/raw/source_domain/cwru_48khz_de/OR007@12_0.mat::w0001,source,data/raw/source_domain/cwru_48khz_de/OR007@12_0.mat,data/raw/source_domain/cwru_48khz_de/OR007@12_0.mat,data/raw/source_domain/cwru_48khz_de/OR007@12_0.mat,0.5,1.5,48000,OR,known_source_label,0.0,1796.0,mat_variable,DE_time,drive_end,0.2084508662157488,0.2084508662157488,1.3339261888461535,2.5605452307692307,0.05229294946373054,5.075226829701128,6.399235527566131,8.539652535063588,1.3344801106688708,10.369675022859864,0.11752328173503615,2589.84375,2746.8145384889735,3410.15625,0.6893538982668924,0.009682470404219391,0.027571525034252607,0.734121281943752,0.22510356128385062,0.16324549510297146,7.370188369314427,108.0,150.31167742661052,0.7217673201973361,0.1807343637688774,0.442683769056274,0.24138680837165621,0.12941585740054495
source::data/raw/source_domain/cwru_48khz_de/OR007@12_0.mat::w0002,source,data/raw/source_domain/cwru_48khz_de/OR007@12_0.mat,data/raw/source_domain/cwru_48khz_de/OR007@12_0.mat,data/raw/source_domain/cwru_48khz_de/OR007@12_0.mat,1.0,2.0,48000,OR,known_source_label,0.0,1796.0,mat_variable,DE_time,drive_end,0.20062780791508056,0.20062780791508056,1.108581184653846,2.1604209230769227,0.04508274183787637,4.815886272427791,5.525560968684601,7.368115296716888,1.3334601388778442,8.965857139754139,0.11746078043292568,2589.84375,2736.6249164040564,3410.15625,0.6960089925746586,0.011142266677237616,0.031058933243892955,0.7323361965235539,0.22135663682289328,0.15676850832864522,6.41972021340765,108.0,150.71568972415832,0.6951572013131458,0.13893984381845256,0.5079266516827403,0.22105757082575492,0.12874692721552639
source::data/raw/source_domain/cwru_48khz_de/OR007@12_0.mat::w0003,source,data/raw/source_domain/cwru_48khz_de/OR007@12_0.mat,data/raw/source_domain/cwru_48khz_de/OR007@12_0.mat,data/raw/source_domain/cwru_48khz_de/OR007@12_0.mat,1.5,2.5,48000,OR,known_source_label,0.0,1796.0,mat_variable,DE_time,drive_end,0.20569620608496228,0.20569620608496228,1.2766894679615384,2.503384615384615,-0.0013926414633448438,5.385706811625674,6.206674844688183,8.352972362475926,1.3458047298198625,10.197176613306551,0.11700243755078231,2589.84375,2726.7118512664856,3398.4375,0.6946922963644785,0.008768103788884447,0.0316789208527055,0.7557356428705889,0.19984689849923257,0.16406734141710622,7.813629103345848,108.0,142.1222571891864,0.7214216952654002,0.15485177820325133,0.5050961874435799,0.2361730103840623,0.1005305552576334
source::data/raw/source_domain/cwru_48khz_de/OR007@12_1.mat::w0000,source,data/raw/source_domain/cwru_48khz_de/OR007@12_1.mat,data/raw/source_domain/cwru_48khz_de/OR007@12_1.mat,data/raw/source_domain/cwru_48khz_de/OR007@12_1.mat,0.0,1.0,48000,OR,known_source_label,1.0,1772.0,mat_variable,DE_time,drive_end,0.27846221720652053,0.27846221720652053,2.2414656009230765,4.440378461538462,0.039517760542097276,12.711622917598742,8.049442482362524,12.153173967871558,1.509815616976859,15.358652681477464,0.11793995708243922,2554.6875,2733.7896650958282,3375.0,0.6801842072226437,0.00719461874501212,0.017714945931670677,0.8082648583316626,0.16490853152334467,0.2667964278546183,17.414255574501055,106.0,116.26772150909609,0.6979796862188994,0.30138583709288863,0.44247488185548606,0.18820639560873534,0.06725858803675469
source::data/raw/source_domain/cwru_48khz_de/OR007@12_1.mat::w0001,source,data/raw/source_domain/cwru_48khz_de/OR007@12_1.mat,data/raw/source_domain/cwru_48khz_de/OR007@12_1.mat,data/raw/source_domain/cwru_48khz_de/OR007@12_1.mat,0.5,1.5,48000,OR,known_source_label,1.0,1772.0,mat_variable,DE_time,drive_end,0.2683068644804563,0.2683068644804563,2.128139017884615,4.251998769230769,0.027636629692763422,11.852020733934678,7.931735261405132,11.876594499452612,1.497351349735338,14.992144339723042,0.11739827913081523,2554.6875,2735.5472329701056,3386.71875,0.6859341207138313,0.007762142375313798,0.02016645521317065,0.7997991084450636,0.1699960811182896,0.2544471991226028,16.289130521468095,106.0,121.57905137993122,0.6972090917804775,0.2732011430239496,0.453408924677855,0.19586000707350082,0.07721853805687143
source::data/raw/source_domain/cwru_48khz_de/OR007@12_1.mat::w0002,source,data/raw/source_domain/cwru_48khz_de/OR007@12_1.mat,data/raw/source_domain/cwru_48khz_de/OR007@12_1.mat,data/raw/source_domain/cwru_48khz_de/OR007@12_1.mat,1.0,2.0,48000,OR,known_source_label,1.0,1772.0,mat_variable,DE_time,drive_end,0.2632341929300106,0.2632341929300106,1.8981782853076923,3.7381790769230765,0.0007329194717433157,10.014561748166384,7.210986780145139,10.644998041443404,1.4762193255870466,13.431636564618481,0.11650242713389862,2554.6875,2735.8117569358233,3386.71875,0.6898558338890434,0.008532054534492402,0.02168617143043347,0.7898466243048403,0.17724267673857097,0.24514180663813012,13.301295894266405,106.0,122.57316782785294,0.6824702831098347,0.2624682429450373,0.4573951559595678,0.2088748746023211,0.07047468016972382
source::data/raw/source_domain/cwru_48khz_de/OR007@12_1.mat::w0003,source,data/raw/source_domain/cwru_48khz_de/OR007@12_1.mat,data/raw/source_domain/cwru_48khz_de/OR007@12_1.mat,data/raw/source_domain/cwru_48khz_de/OR007@12_1.mat,1.5,2.5,48000,OR,known_source_label,1.0,1772.0,mat_variable,DE_time,drive_end,0.2593211408996135,0.2593211408996135,1.7252147831538462,3.431931692307692,0.0016689305132778765,8.914781734286157,6.652811942606122,9.726289972185741,1.461981798983203,12.26572500174772,0.11704410508552261,2554.6875,2737.1256979223976,3386.71875,0.6921132193092886,0.009034902304899858,0.021066619968972498,0.7878772501844954,0.17916869344183528,0.23832175332343966,11.459183418341603,106.0,123.41749019345976,0.6796090366121936,0.25315932309766764,0.4619345515915164,0.2180178034315203,0.0662782572629552
source::data/raw/source_domain/cwru_48khz_de/OR007@12_1.mat::w0004,source,data/raw/source_domain/cwru_48khz_de/OR007@12_1.mat,data/raw/source_domain/cwru_48khz_de/OR007@12_1.mat,data/raw/source_domain/cwru_48khz_de/OR007@12_1.mat,2.0,3.0,48000,OR,known_source_label,1.0,1772.0,mat_variable,DE_time,drive_end,0.2570874740732431,0.2570874740732431,1.7151965943076923,3.426090461538461,0.02167122226912977,8.74653530456257,6.671645907619633,9.733754937969326,1.4589735535596429,12.271968630747573,0.11768995187399738,2554.6875,2736.0993729604766,3386.71875,0.6905600208938354,0.008667450108737205,0.01910416806956017,0.7997428677458965,0.16999280250405582,0.2354510599728399,11.221384877269443,106.0,129.18319926789525,0.6816606970096536,0.23501553023428282,0.45608560233155326,0.22777771662638804,0.07970054018966177
source::data/raw/source_domain/cwru_48khz_de/OR007@12_1.mat::w0005,source,data/raw/source_domain/cwru_48khz_de/OR007@12_1.mat,data/raw/source_domain/cwru_48khz_de/OR007@12_1.mat,data/raw/source_domain/cwru_48khz_de/OR007@12_1.mat,2.5,3.5,48000,OR,known_source_label,1.0,1772.0,mat_variable,DE_time,drive_end,0.26125252890450457,0.26125252890450457,1.8222997849230769,3.6372092307692308,0.05066829445518423,9.701928997686938,6.975242661027812,10.243957278659064,1.4686166168605226,12.893312022053031,0.11739827913081523,2554.6875,2735.980722261967,3386.71875,0.6856514803598228,0.007980995486262951,0.01917936291007212,0.8005472558549421,0.169915651377373,0.24153807591476673,12.966764030171598,106.0,127.13984331095865,0.693301888911236,0.2476330115176299,0.4431792081044253,0.23403934248428132,0.07455020988216104
source::data/raw/source_domain/cwru_48khz_de/OR007@12_1.mat::w0006,source,data/raw/source_domain/cwru_48khz_de/OR007@12_1.mat,data/raw/source_domain/cwru_48khz_de/OR007@12_1.mat,data/raw/source_domain/cwru_48khz_de/OR007@12_1.mat,3.0,4.0,48000,OR,known_source_label,1.0,1772.0,mat_variable,DE_time,drive_end,0.2661122949699349,0.2661122949699349,1.9801792473846154,3.9319827692307694,0.07004323988941241,11.233209499955896,7.441141521104439,11.070244434035427,1.487707820446176,13.94655795516005,0.11775245317610783,2554.6875,2739.045147050044,3375.0,0.6837218952696488,0.008263082078259503,0.020147662821412293,0.791680654034381,0.17768598494440146,0.25020737392742043,15.498470671914086,106.0,123.0736908972082,0.6795057944411644,0.2594830810253159,0.4485834755375893,0.22560595893435736,0.0660373697439578
source::data/raw/source_domain/cwru_48khz_de/OR007@12_2.mat::w0000,source,data/raw/source_domain/cwru_48khz_de/OR007@12_2.mat,data/raw/source_domain/cwru_48khz_de/OR007@12_2.mat,data/raw/source_domain/cwru_48khz_de/OR007@12_2.mat,0.0,1.0,48000,OR,known_source_label,2.0,1749.0,mat_variable,DE_time,drive_end,0.2668020493489266,0.2668020493489266,2.1431883622307693,4.210275692307692,0.04588931423187773,11.15734817894061,8.03287818610363,12.020507160191267,1.4964134749286913,15.191965855719717,0.11698160378341216,2519.53125,2732.3367930758313,3375.0,0.705137272114481,0.006799052585663094,0.028980016275990138,0.7783145509408481,0.18304411941139462,0.25273506802066015,14.802364072170715,105.0,117.8399962885566,0.6971355084106726,0.2592890353583884,0.4723910173482466,0.20354942326895797,0.06363052125329995
source::data/raw/source_domain/cwru_48khz_de/OR007@12_2.mat::w0001,source,data/raw/source_domain/cwru_48khz_de/OR007@12_2.mat,data/raw/source_domain/cwru_48khz_de/OR007@12_2.mat,data/raw/source_domain/cwru_48khz_de/OR007@12_2.mat,0.5,1.5,48000,OR,known_source_label,2.0,1749.0,mat_variable,DE_time,drive_end,0.26643976138250464,0.26643976138250464,2.0004146615384615,3.8854615384615387,0.04940107237670705,11.093423629420723,7.5079434508993215,11.218645747739641,1.4942368467564493,14.178889520746717,0.11700243755078231,2519.53125,2733.82910763981,3375.0,0.7041704898871554,0.006685126830803405,0.028658721632086923,0.7728661718246986,0.18844120064993633,0.25191945140861477,14.734095092973474,105.0,117.86528159014348,0.7113378541708707,0.24922196896022494,0.4787526475659753,0.2111265078428439,0.05965687540004695
source::data/raw/source_domain/cwru_48khz_de/OR007@12_2.mat::w0002,source,data/raw/source_domain/cwru_48khz_de/OR007@12_2.mat,data/raw/source_domain/cwru_48khz_de/OR007@12_2.mat,data/raw/source_domain/cwru_48khz_de/OR007@12_2.mat,1.0,2.0,48000,OR,known_source_label,2.0,1749.0,mat_variable,DE_time,drive_end,0.2614637843798427,0.2614637843798427,2.0014790737307693,3.9793384615384615,0.048779902666371236,12.092895414381177,7.654899811346174,11.482009410881089,1.4999555440057384,14.489522861305563,0.11743994666555553,2519.53125,2723.9239337052627,3386.71875,0.706856116236419,0.007125343568080734,0.03227278434403733,0.775463804584332,0.1818950467293419,0.24846933521240008,16.639544487391962,105.0,114.5470391156252,0.7092366790353013,0.2594673767305165,0.47144968025586403,0.21198311331518224,0.055103029480585056
source::data/raw/source_domain/cwru_48khz_de/OR007@12_2.mat::w0003,source,data/raw/source_domain/cwru_48khz_de/OR007@12_2.mat,data/raw/source_domain/cwru_48khz_de/OR007@12_2.mat,data/raw/source_domain/cwru_48khz_de/OR007@12_2.mat,1.5,2.5,48000,OR,known_source_label,2.0,1749.0,mat_variable,DE_time,drive_end,0.26178613024358904,0.26178613024358904,1.9766042272692308,3.9175883076923075,0.027776179822339264,11.985145044848107,7.5504543553261305,11.390608980115223,1.50859914437291,14.41848784869343,0.11710660638763308,2507.8125,2732.4673403949696,3375.0,0.7090812417686143,0.007292493482620315,0.031235443097202848,0.767335529352766,0.19108797089732907,0.250546153509006,15.9046158091848,105.0,118.87559810463796,0.7041525649739094,0.2577755270319138,0.45577226250198893,0.22380318410926614,0.06183440940211705
source::data/raw/source_domain/cwru_48khz_de/OR007@12_2.mat::w0004,source,data/raw/source_domain/cwru_48khz_de/OR007@12_2.mat,data/raw/source_domain/cwru_48khz_de/OR007@12_2.mat,data/raw/source_domain/cwru_48khz_de/OR007@12_2.mat,2.0,3.0,48000,OR,known_source_label,2.0,1749.0,mat_variable,DE_time,drive_end,0.2582370334160067,0.2582370334160067,2.0738054712692304,3.9534701538461534,0.0282664866307922,10.753039322603165,8.030627690492421,12.013598923016836,1.495972592178989,15.21767133033435,0.11729411029396446,2519.53125,2730.1818618268708,3375.0,0.7097888418070595,0.007725330943373785,0.03125050728494733,0.7716129701984604,0.18674734881594504,0.2445151759586748,13.948029154054739,105.0,117.14951490826537,0.6865355853075867,0.2622219232880388,0.45858478532196484,0.22016108891596511,0.057286230078175224
source::data/raw/source_domain/cwru_48khz_de/OR007@12_2.mat::w0005,source,data/raw/source_domain/cwru_48khz_de/OR007@12_2.mat,data/raw/source_domain/cwru_48khz_de/OR007@12_2.mat,data/raw/source_domain/cwru_48khz_de/OR007@12_2.mat,2.5,3.5,48000,OR,known_source_label,2.0,1749.0,mat_variable,DE_time,drive_end,0.25562511534524335,0.25562511534524335,2.0727667274615382,3.9534701538461534,0.024142520163037622,10.311993565181776,8.10861923584458,11.99736455776618,1.47958169063905,15.130509756763903,0.11760661680451676,2519.53125,2724.2927156650685,3375.0,0.7054528288955519,0.00745293836700722,0.030120616575534637,0.789391342012443,0.17062460572459115,0.23863073488850825,13.861323739073287,105.0,123.54611631787259,0.6767431780650525,0.2433945554058485,0.4433942420843951,0.2508059551057233,0.060800383364600696
source::data/raw/source_domain/cwru_48khz_de/OR007@12_2.mat::w0006,source,data/raw/source_domain/cwru_48khz_de/OR007@12_2.mat,data/raw/source_domain/cwru_48khz_de/OR007@12_2.mat,data/raw/source_domain/cwru_48khz_de/OR007@12_2.mat,3.0,4.0,48000,OR,known_source_label,2.0,1749.0,mat_variable,DE_time,drive_end,0.25881491774921234,0.25881491774921234,1.931194799153846,3.7500701538461536,0.031163674549162853,11.08587778174439,7.461682718836487,11.1307236385241,1.4917176269613255,14.062991156552417,0.11641909206441801,2507.8125,2731.4787927028838,3375.0,0.7073237264928617,0.007191487879403225,0.02897425331208763,0.7826228079256445,0.1786631283434668,0.24418200324106712,14.966489618123854,105.0,121.73410932470163,0.6895620375239024,0.2483416125864592,0.4495225340727504,0.23846374392266248,0.061655599264364945
source::data/raw/source_domain/cwru_48khz_de/OR007@12_3.mat::w0000,source,data/raw/source_domain/cwru_48khz_de/OR007@12_3.mat,data/raw/source_domain/cwru_48khz_de/OR007@12_3.mat,data/raw/source_domain/cwru_48khz_de/OR007@12_3.mat,0.0,1.0,48000,OR,known_source_label,3.0,1723.0,mat_variable,DE_time,drive_end,0.24319310124689558,0.24319310124689558,2.060432251576923,4.08468923076923,0.021345903169836426,10.836613645073118,8.4724124204356,12.26967398819861,1.4481913036425729,15.279901070550343,0.11304402175045314,2671.875,2665.3548293683602,3386.71875,0.7206962428144212,0.009483663602407997,0.0634981354623194,0.7550733117342942,0.1689271540471292,0.22063213551737612,17.37278928838723,103.0,120.67455464521555,0.7171688945857378,0.22622073752610247,0.5031490941290799,0.19215634893507766,0.065398492248198
source::data/raw/source_domain/cwru_48khz_de/OR007@12_3.mat::w0001,source,data/raw/source_domain/cwru_48khz_de/OR007@12_3.mat,data/raw/source_domain/cwru_48khz_de/OR007@12_3.mat,data/raw/source_domain/cwru_48khz_de/OR007@12_3.mat,0.5,1.5,48000,OR,known_source_label,3.0,1723.0,mat_variable,DE_time,drive_end,0.24181584099832892,0.24181584099832892,2.0621452663846154,4.08468923076923,0.033874493107317945,10.555809215974836,8.527750944117587,12.394416505524324,1.453421492570992,15.477050408571387,0.11271068147253067,2578.125,2653.401876120814,3386.71875,0.7177062465995101,0.00966433329263448,0.06515171938120451,0.7596511637675974,0.16313759674130468,0.2204308040634554,16.19021376914507,103.0,112.59994215775575,0.7265656773458501,0.27025755206771407,0.4873649548440078,0.17919311589019185,0.05173968677238699
source::data/raw/source_domain/cwru_48khz_de/OR007@12_3.mat::w0002,source,data/raw/source_domain/cwru_48khz_de/OR007@12_3.mat,data/raw/source_domain/cwru_48khz_de/OR007@12_3.mat,data/raw/source_domain/cwru_48khz_de/OR007@12_3.mat,1.0,2.0,48000,OR,known_source_label,3.0,1723.0,mat_variable,DE_time,drive_end,0.24038286757140837,0.24038286757140837,1.860728055653846,3.6701704615384614,0.0352487141135326,10.066176494440107,7.740684993257082,11.223449757902928,1.449929788853699,14.00664730926845,0.11281485030938145,2578.125,2652.223973639049,3386.71875,0.7196835492154544,0.009606916419193635,0.07018770703139023,0.7541943485012345,0.1632027777920532,0.21817742218598218,15.015849321713386,103.0,116.55468342600265,0.7288909255490251,0.2708674008089455,0.4734195656320406,0.18151043818161644,0.06213479070766303
source::data/raw/source_domain/cwru_48khz_de/OR007@12_3.mat::w0003,source,data/raw/source_domain/cwru_48khz_de/OR007@12_3.mat,data/raw/source_domain/cwru_48khz_de/OR007@12_3.mat,data/raw/source_domain/cwru_48khz_de/OR007@12_3.mat,1.5,2.5,48000,OR,known_source_label,3.0,1723.0,mat_variable,DE_time,drive_end,0.24627494660364674,0.24627494660364674,1.8616669335384612,3.6701704615384614,0.040340021829916556,10.209172947213762,7.559302962826569,10.999000638261371,1.4550284189303047,13.765788819271059,0.1131481905873039,2683.59375,2659.8805862331037,3398.4375,0.7190877815479616,0.009103348888176759,0.06563297890925184,0.7605847699244914,0.16190660713046048,0.22465561459666622,15.074449527942074,103.0,118.88418992754134,0.7321138522532404,0.24557051832986596,0.4864080133586545,0.20086508650226576,0.05676072223420537
source::data/raw/source_domain/cwru_48khz_de/OR007@12_3.mat::w0004,source,data/raw/source_domain/cwru_48khz_de/OR007@12_3.mat,data/raw/source_domain/cwru_48khz_de/OR007@12_3.mat,data/raw/source_domain/cwru_48khz_de/OR007@12_3.mat,2.0,3.0,48000,OR,known_source_label,3.0,1723.0,mat_variable,DE_time,drive_end,0.24312217253486512,0.24312217253486512,1.8370661338076923,3.609254769230769,0.01510520935003904,10.072108709537888,7.55614395283791,10.927706997072981,1.4462015368200924,13.641536095415196,0.11241900872934853,2578.125,2667.4142117508914,3386.71875,0.721150754154971,0.008814947263498903,0.06496970811425973,0.7565767766321155,0.16688764579902635,0.22006839944039847,15.308478084750277,103.0,117.0290476877382,0.7432054756590627,0.2690658590433123,0.4687915636969004,0.19457256347406565,0.060204326483142334
source::data/raw/source_domain/cwru_48khz_de/OR007@12_3.mat::w0005,source,data/raw/source_domain/cwru_48khz_de/OR007@12_3.mat,data/raw/source_domain/cwru_48khz_de/OR007@12_3.mat,data/raw/source_domain/cwru_48khz_de/OR007@12_3.mat,2.5,3.5,48000,OR,known_source_label,3.0,1723.0,mat_variable,DE_time,drive_end,0.24125031397986252,0.24125031397986252,1.8951381246153847,3.783448615384615,0.00842737653829618,10.241603020920309,7.855484593341167,11.341151758496787,1.443724015201213,14.12669728484439,0.11212733598616638,2660.15625,2663.733404675812,3398.4375,0.7228171906442066,0.009229410862004817,0.067328715698542,0.7523324515093439,0.16859321066850289,0.21764839275564957,15.98975735119534,103.0,116.95523975585078,0.716749705381949,0.263016434312867,0.4780039741085474,0.1840718953979916,0.06471519156158809
source::data/raw/source_domain/cwru_48khz_de/OR007@12_3.mat::w0006,source,data/raw/source_domain/cwru_48khz_de/OR007@12_3.mat,data/raw/source_domain/cwru_48khz_de/OR007@12_3.mat,data/raw/source_domain/cwru_48khz_de/OR007@12_3.mat,3.0,4.0,48000,OR,known_source_label,3.0,1723.0,mat_variable,DE_time,drive_end,0.24026744488097185,0.24026744488097185,1.8939284770000002,3.783448615384615,0.01698551667275007,10.407285782740166,7.88258466697545,11.401821922052804,1.4464572730533363,14.202381272592216,0.11216900352090668,2578.125,2665.9962663516435,3386.71875,0.7285522601023249,0.009797523445960892,0.06612189281455529,0.7505810220783984,0.1710250174038815,0.2172451029146839,16.226860082923466,103.0,123.47867266270583,0.7245888147734025,0.2572506641563198,0.45300411907173216,0.20168576707313876,0.07691502682993502
source::data/raw/source_domain/cwru_48khz_de/OR007@3_0.mat::w0000,source,data/raw/source_domain/cwru_48khz_de/OR007@3_0.mat,data/raw/source_domain/cwru_48khz_de/OR007@3_0.mat,data/raw/source_domain/cwru_48khz_de/OR007@3_0.mat,0.0,1.0,48000,OR,known_source_label,0.0,1797.0,mat_variable,DE_time,drive_end,0.40619977617014147,0.40619977617014147,1.9608079746538463,3.843112615384615,0.07380751053940736,4.2169771506046665,4.82720102196145,6.39372175190429,1.3245194726302432,7.7523041126375505,0.12356507427238067,2871.09375,2903.8374711738234,3503.90625,0.7129605121664769,0.003943209624569052,0.02146622679744918,0.6605333928513851,0.3084275830709534,0.3131543338411933,4.468135825563092,108.0,165.6985617974194,0.5683522749541728,0.12206661185679764,0.5000345569754157,0.2461719316445156,0.12804748357122456
source::data/raw/source_domain/cwru_48khz_de/OR007@3_0.mat::w0001,source,data/raw/source_domain/cwru_48khz_de/OR007@3_0.mat,data/raw/source_domain/cwru_48khz_de/OR007@3_0.mat,data/raw/source_domain/cwru_48khz_de/OR007@3_0.mat,0.5,1.5,48000,OR,known_source_label,0.0,1797.0,mat_variable,DE_time,drive_end,0.39760084943015633,0.39760084943015633,1.851085800423077,3.6107150769230767,0.07358535653672144,4.158832131053757,4.655638445117528,6.152457763697591,1.321506778545988,7.448598219202736,0.12335673659867914,2636.71875,2895.0186816687315,3515.625,0.711229083185026,0.0037077924665434273,0.023178886673195242,0.6690153344575819,0.2986073398223195,0.3050105898539994,4.369452321584369,108.0,164.07105254087838,0.5525210758377346,0.10951242525877927,0.5119372126393485,0.2538818180192643,0.12116841972998706
source::data/raw/source_domain/cwru_48khz_de/OR007@3_0.mat::w0002,source,data/raw/source_domain/cwru_48khz_de/OR007@3_0.mat,data/raw/source_domain/cwru_48khz_de/OR007@3_0.mat,data/raw/source_domain/cwru_48khz_de/OR007@3_0.mat,1.0,2.0,48000,OR,known_source_label,0.0,1797.0,mat_variable,DE_time,drive_end,0.3945851995408894,0.3945851995408894,1.8447084802692308,3.6107150769230767,0.07859796069572655,4.063725424588441,4.675057458847733,6.164106691236956,1.3185092900955724,7.4677317764276525,0.12387758078293298,2800.78125,2904.3007597897945,3515.625,0.7108620772915806,0.003766818180695708,0.021905528453636282,0.6614855051083594,0.30668954319361835,0.3009374969767518,4.236629289860258,108.0,163.9438574437302,0.5530784364165527,0.10080930340836425,0.5230517813097764,0.25369940210674813,0.11899391797656746
source::data/raw/source_domain/cwru_48khz_de/OR007@3_0.mat::w0003,source,data/raw/source_domain/cwru_48khz_de/OR007@3_0.mat,data/raw/source_domain/cwru_48khz_de/OR007@3_0.mat,data/raw/source_domain/cwru_48khz_de/OR007@3_0.mat,1.5,2.5,48000,OR,known_source_label,0.0,1797.0,mat_variable,DE_time,drive_end,0.3923844637579462,0.3923844637579462,1.8612572607307694,3.609046153846154,0.08371446136833798,4.097378464155301,4.74345299734955,6.2556241364314005,1.3187912138922528,7.581984342122814,0.12391924831767329,2753.90625,2909.9290030889397,3515.625,0.7133330051994436,0.004048222979066681,0.02151711494761231,0.6519994958582743,0.31642587935047345,0.29955156924575416,4.3685235149600015,108.0,165.24451868222914,0.5529521007863617,0.10533967651165264,0.5228028345598521,0.24546175745638416,0.12339365071673603
source::data/raw/source_domain/cwru_48khz_de/OR007@3_1.mat::w0000,source,data/raw/source_domain/cwru_48khz_de/OR007@3_1.mat,data/raw/source_domain/cwru_48khz_de/OR007@3_1.mat,data/raw/source_domain/cwru_48khz_de/OR007@3_1.mat,0.0,1.0,48000,OR,known_source_label,1.0,1773.0,mat_variable,DE_time,drive_end,0.4562521945721226,0.4562521945721226,2.1516207699230767,4.161668307692308,0.04755713375955325,3.977437029627446,4.715858456168458,6.174965363363808,1.3094043048033532,7.458955768832714,0.12658597054105294,2871.09375,2942.895884718663,3457.03125,0.6697422151924948,0.0037132428693642263,0.019921281903368483,0.6019701794714115,0.3696673053396986,0.3422224452327696,4.435802114485534,106.0,185.38579984294324,0.5456103003722754,0.10795967239967712,0.4832272531382217,0.21656995701154796,0.19207253783102612
source::data/raw/source_domain/cwru_48khz_de/OR007@3_1.mat::w0001,source,data/raw/source_domain/cwru_48khz_de/OR007@3_1.mat,data/raw/source_domain/cwru_48khz_de/OR007@3_1.mat,data/raw/source_domain/cwru_48khz_de/OR007@3_1.mat,0.5,1.5,48000,OR,known_source_label,1.0,1773.0,mat_variable,DE_time,drive_end,0.45617080701131013,0.45617080701131013,2.151612390538461,4.246574769230769,0.05060819738780303,4.0829111178928965,4.716681465502895,6.210707785784884,1.316753703042162,7.526316111846137,0.1262942977978708,2871.09375,2946.8476766701,3457.03125,0.6680422045341529,0.003724630279856101,0.020311715561240742,0.5933844868468624,0.3775507429035274,0.34683100627123853,4.493853992425111,106.0,184.81578585108988,0.532796729558265,0.09556858084900402,0.4858857764661612,0.23394036339839908,0.18451987790610194
source::data/raw/source_domain/cwru_48khz_de/OR007@3_1.mat::w0002,source,data/raw/source_domain/cwru_48khz_de/OR007@3_1.mat,data/raw/source_domain/cwru_48khz_de/OR007@3_1.mat,data/raw/source_domain/cwru_48khz_de/OR007@3_1.mat,1.0,2.0,48000,OR,known_source_label,1.0,1773.0,mat_variable,DE_time,drive_end,0.4557112503137722,0.4557112503137722,2.101750766769231,4.198801846153846,0.057081611740874526,4.11630480460149,4.612022997715098,6.075855586962262,1.3173949024016245,7.356847794084843,0.12652346923894248,2871.09375,2941.1563718067405,3457.03125,0.6756635222424152,0.003657858809631917,0.02074185523886014,0.6006699036931912,0.37029364255053987,0.3468771269459059,4.556499613816587,106.0,187.31525567213964,0.5301289446350245,0.084503538279605,0.4964791854877864,0.22754290871925006,0.19119396609303693
source::data/raw/source_domain/cwru_48khz_de/OR007@3_1.mat::w0003,source,data/raw/source_domain/cwru_48khz_de/OR007@3_1.mat,data/raw/source_domain/cwru_48khz_de/OR007@3_1.mat,data/raw/source_domain/cwru_48khz_de/OR007@3_1.mat,1.5,2.5,48000,OR,known_source_label,1.0,1773.0,mat_variable,DE_time,drive_end,0.4550291125371025,0.4550291125371025,2.1720295912692307,4.260343384615384,0.06092401840094315,4.086142124378052,4.773385990961958,6.275843807145283,1.3147572433937507,7.596380942338927,0.12733598616637848,2871.09375,2945.5809702663414,3457.03125,0.6765605442934823,0.0035981192904778166,0.019876419051124507,0.5983430627375375,0.37309651869283045,0.34459861466896985,4.581470082602271,106.0,186.15562900587543,0.5398073164604759,0.10063806673583385,0.49013995999817944,0.21442561161259743,0.19461209270694188
source::data/raw/source_domain/cwru_48khz_de/OR007@3_1.mat::w0004,source,data/raw/source_domain/cwru_48khz_de/OR007@3_1.mat,data/raw/source_domain/cwru_48khz_de/OR007@3_1.mat,data/raw/source_domain/cwru_48khz_de/OR007@3_1.mat,2.0,3.0,48000,OR,known_source_label,1.0,1773.0,mat_variable,DE_time,drive_end,0.45513015279054825,0.45513015279054825,2.169992531576923,4.233223384615384,0.06069882653816463,4.171872013278621,4.767850511040058,6.285275859591832,1.3182619390067565,7.615686874012748,0.12656513677368278,2871.09375,2938.614038940161,3457.03125,0.6706055915365573,0.003788931278425374,0.01990423148257711,0.6113804032758847,0.35863329262555516,0.346928984411815,4.701832686978016,106.0,183.23825754717026,0.5478023573887779,0.10485347606896184,0.48907477636903474,0.2201461288557701,0.185739931585197
source::data/raw/source_domain/cwru_48khz_de/OR007@3_1.mat::w0005,source,data/raw/source_domain/cwru_48khz_de/OR007@3_1.mat,data/raw/source_domain/cwru_48khz_de/OR007@3_1.mat,data/raw/source_domain/cwru_48khz_de/OR007@3_1.mat,2.5,3.5,48000,OR,known_source_label,1.0,1773.0,mat_variable,DE_time,drive_end,0.45454002403747046,0.45454002403747046,2.1184143552307693,4.215491076923077,0.06106960219075422,4.217904560959339,4.660567261842436,6.153933821847655,1.3204259215864886,7.457118857114238,0.12589845621783788,2871.09375,2935.665046878992,3468.75,0.6702851423664503,0.003887091655301799,0.01989994521802662,0.615149754032864,0.353187442011188,0.3477658352121717,4.769640403074908,106.0,185.0152309218391,0.5413311205984129,0.09021510915300837,0.49111951848125446,0.2349137651292815,0.18355630652345706
source::data/raw/source_domain/cwru_48khz_de/OR007@3_1.mat::w0006,source,data/raw/source_domain/cwru_48khz_de/OR007@3_1.mat,data/raw/source_domain/cwru_48khz_de/OR007@3_1.mat,data/raw/source_domain/cwru_48khz_de/OR007@3_1.mat,3.0,4.0,48000,OR,known_source_label,1.0,1773.0,mat_variable,DE_time,drive_end,0.45573879172721427,0.45573879172721427,2.119188057538462,4.215491076923077,0.0576479625113406,4.1391248904638696,4.65000587178953,6.125861340884037,1.3173878721389851,7.420527394356742,0.12716931602741724,2871.09375,2943.4807973188585,3457.03125,0.6779355278058099,0.00386737874502916,0.02021270588888493,0.5968046617852303,0.3714019113149505,0.3465865451108646,4.665422923621346,106.0,188.20522324931235,0.5380073502809228,0.09261544584294187,0.4934540088830825,0.21347067382874158,0.2001529454328041
source::data/raw/source_domain/cwru_48khz_de/OR007@3_2.mat::w0000,source,data/raw/source_domain/cwru_48khz_de/OR007@3_2.mat,data/raw/source_domain/cwru_48khz_de/OR007@3_2.mat,data/raw/source_domain/cwru_48khz_de/OR007@3_2.mat,0.0,1.0,48000,OR,known_source_label,2.0,1750.0,mat_variable,DE_time,drive_end,0.4442494161285068,0.4442494161285068,2.030945436153846,3.9755833846153843,0.06152832820021536,4.370020378042653,4.571633326720655,6.152696725359727,1.3458421281042146,7.571501072651666,0.12358590803975082,2835.9375,2877.917802524976,3433.59375,0.6935857583352479,0.003270975418160085,0.0267624905797605,0.6590420227709601,0.3082039403700982,0.3551636902820758,4.2822717933391585,105.0,161.07262373341462,0.5175109606478848,0.09184727408089088,0.5410743071828908,0.24254840667632427,0.12435281588289218
source::data/raw/source_domain/cwru_48khz_de/OR007@3_2.mat::w0001,source,data/raw/source_domain/cwru_48khz_de/OR007@3_2.mat,data/raw/source_domain/cwru_48khz_de/OR007@3_2.mat,data/raw/source_domain/cwru_48khz_de/OR007@3_2.mat,0.5,1.5,48000,OR,known_source_label,2.0,1750.0,mat_variable,DE_time,drive_end,0.44994703169786665,0.44994703169786665,2.0370978558846153,3.994776,0.05205919584842709,4.318454697340166,4.527417034385442,6.088627144887377,1.3448346151085957,7.49240147552369,0.1242734223629659,2566.40625,2885.5088529753816,3433.59375,0.7043491277823645,0.0032169566852975856,0.02595042191349935,0.6504351146702658,0.31781039804081146,0.35905230149126105,4.171803940463455,105.0,162.0692351347335,0.5223079721218098,0.09561002500803993,0.5466047102316712,0.22503665996798908,0.13259280910941948
source::data/raw/source_domain/cwru_48khz_de/OR007@3_2.mat::w0002,source,data/raw/source_domain/cwru_48khz_de/OR007@3_2.mat,data/raw/source_domain/cwru_48khz_de/OR007@3_2.mat,data/raw/source_domain/cwru_48khz_de/OR007@3_2.mat,1.0,2.0,48000,OR,known_source_label,2.0,1750.0,mat_variable,DE_time,drive_end,0.4499118297159023,0.4499118297159023,2.0501183547692303,4.008336,0.055443696686789556,4.316435703162904,4.556711380670352,6.1245757446024855,1.3440780494831048,7.5273881496546595,0.12429425613033605,2566.40625,2887.525067246229,3433.59375,0.699933569341045,0.003358735704582172,0.025453203957197027,0.6488167529477713,0.31909690398306806,0.35862744669587254,4.167468996427207,105.0,164.68976516817688,0.5281916770507444,0.10195045096669116,0.5339794319916382,0.21993518253288463,0.14401456422452508
source::data/raw/source_domain/cwru_48khz_de/OR007@3_2.mat::w0003,source,data/raw/source_domain/cwru_48khz_de/OR007@3_2.mat,data/raw/source_domain/cwru_48khz_de/OR007@3_2.mat,data/raw/source_domain/cwru_48khz_de/OR007@3_2.mat,1.5,2.5,48000,OR,known_source_label,2.0,1750.0,mat_variable,DE_time,drive_end,0.44758709629233556,0.44758709629233556,2.049545071,4.064870769230769,0.06030142788405916,4.301327417684087,4.579097762140997,6.138717814679599,1.3405954914130667,7.526528094390431,0.12435675743244651,2835.9375,2894.5472575099593,3433.59375,0.6993493600907092,0.0034186155194700627,0.025632916960920252,0.6348281164069899,0.3330713645745937,0.3551248729356121,4.239210364978671,105.0,163.2398800416466,0.5231736996706262,0.10795427092757783,0.5303283428036599,0.22243205032719562,0.13908014326494716
source::data/raw/source_domain/cwru_48khz_de/OR007@3_2.mat::w0004,source,data/raw/source_domain/cwru_48khz_de/OR007@3_2.mat,data/raw/source_domain/cwru_48khz_de/OR007@3_2.mat,data/raw/source_domain/cwru_48khz_de/OR007@3_2.mat,2.0,3.0,48000,OR,known_source_label,2.0,1750.0,mat_variable,DE_time,drive_end,0.4426790947049935,0.4426790947049935,2.0159803419999998,4.008961846153846,0.06843769030374225,4.330513422544369,4.554044602758842,6.114190904058812,1.3425847652745915,7.505477006981086,0.12366924310923144,2566.40625,2883.456912487993,3433.59375,0.706815858048861,0.00342085765004347,0.0265484657494847,0.652771793555209,0.3143223525913434,0.35221327325811713,4.261836754014048,105.0,163.2424242755479,0.5185678582184989,0.11361701449959233,0.5217189641610838,0.22560973517335506,0.13889764527206352
source::data/raw/source_domain/cwru_48khz_de/OR007@3_2.mat::w0005,source,data/raw/source_domain/cwru_48khz_de/OR007@3_2.mat,data/raw/source_domain/cwru_48khz_de/OR007@3_2.mat,data/raw/source_domain/cwru_48khz_de/OR007@3_2.mat,2.5,3.5,48000,OR,known_source_label,2.0,1750.0,mat_variable,DE_time,drive_end,0.4399771738300379,0.4399771738300379,1.9707918245384617,3.8362283076923074,0.06684768757232208,4.383435851851978,4.479304704328353,6.028986119136861,1.345964723787901,7.416411889558201,0.1233775703660493,2566.40625,2883.7608459386483,3445.3125,0.7011254786747999,0.00336887917612199,0.026614852929469402,0.6548415886293184,0.3119774885476566,0.35168888179726465,4.316203184205323,105.0,160.1416758653772,0.5074741664454706,0.10400336532138563,0.5369136827518325,0.23186482470280376,0.12699629858629763
source::data/raw/source_domain/cwru_48khz_de/OR007@3_2.mat::w0006,source,data/raw/source_domain/cwru_48khz_de/OR007@3_2.mat,data/raw/source_domain/cwru_48khz_de/OR007@3_2.mat,data/raw/source_domain/cwru_48khz_de/OR007@3_2.mat,3.0,4.0,48000,OR,known_source_label,2.0,1750.0,mat_variable,DE_time,drive_end,0.4405256192005191,0.4405256192005191,1.970692914769231,3.8362283076923074,0.06563360638254373,4.3905363799802295,4.4735035350298995,6.030875561861344,1.3481325128331088,7.435180255314291,0.12371091064397174,2835.9375,2882.92181428939,3445.3125,0.699843683863166,0.0035705816769565097,0.02700725668165398,0.6528997288968877,0.3138602849009619,0.35339233875058906,4.310849756260783,105.0,160.44569289774745,0.5208042688485475,0.11066434663061732,0.5241531668811285,0.2348748401128141,0.13005252269942358
source::data/raw/source_domain/cwru_48khz_de/OR007@3_3.mat::w0000,source,data/raw/source_domain/cwru_48khz_de/OR007@3_3.mat,data/raw/source_domain/cwru_48khz_de/OR007@3_3.mat,data/raw/source_domain/cwru_48khz_de/OR007@3_3.mat,0.0,1.0,48000,OR,known_source_label,3.0,1724.0,mat_variable,DE_time,drive_end,0.4439134125078381,0.4439134125078381,1.858585462653846,3.7087643076923076,0.05236762351083449,4.026184370320315,4.1868197947653645,5.510483420384072,1.3161501307654142,6.6784311341812606,0.12319006645971792,3363.28125,2921.20681725296,3445.3125,0.7024572268152005,0.0032245424079018355,0.026625443685963132,0.5992667664393165,0.36384285827026414,0.3369310372573892,4.255380222860832,103.0,186.74594910253228,0.5443040544626885,0.08295513066532556,0.5093092338887683,0.17945811508670168,0.21022748386290038
source::data/raw/source_domain/cwru_48khz_de/OR007@3_3.mat::w0001,source,data/raw/source_domain/cwru_48khz_de/OR007@3_3.mat,data/raw/source_domain/cwru_48khz_de/OR007@3_3.mat,data/raw/source_domain/cwru_48khz_de/OR007@3_3.mat,0.5,1.5,48000,OR,known_source_label,3.0,1724.0,mat_variable,DE_time,drive_end,0.44460770382148307,0.44460770382148307,1.9290742846153845,3.810985846153846,0.04694500122190545,4.009788890161728,4.338823344783066,5.6991882805367835,1.3135331465791484,6.895967790195086,0.12348173920290006,2859.375,2918.8592907563443,3457.03125,0.7003123301912682,0.0032352987960734404,0.026757571410944397,0.5998486971483636,0.36403950599305895,0.3357131860700327,4.32898675595359,103.0,181.75120844001145,0.5456394663234486,0.08473492466860737,0.5246865653297824,0.17920113857878334,0.19504675584090272
source::data/raw/source_domain/cwru_48khz_de/OR007@3_3.mat::w0002,source,data/raw/source_domain/cwru_48khz_de/OR007@3_3.mat,data/raw/source_domain/cwru_48khz_de/OR007@3_3.mat,data/raw/source_domain/cwru_48khz_de/OR007@3_3.mat,1.0,2.0,48000,OR,known_source_label,3.0,1724.0,mat_variable,DE_time,drive_end,0.4454416377168403,0.4454416377168403,2.0274995750384615,3.9853883076923076,0.04085619683124384,4.067182020327503,4.551661549706219,5.9915806177149795,1.3163502058030319,7.2568310176043225,0.12350257297027022,3363.28125,2917.934558048121,3445.3125,0.7055891719317436,0.003216388288279282,0.0265354776098354,0.5985738637277515,0.3641171278319742,0.3377638986208243,4.424398784036896,103.0,174.36626003450198,0.5483455345791765,0.0935769164842553,0.5367920485941987,0.17777150027133812,0.17470279337885852
source::data/raw/source_domain/cwru_48khz_de/OR007@3_3.mat::w0003,source,data/raw/source_domain/cwru_48khz_de/OR007@3_3.mat,data/raw/source_domain/cwru_48khz_de/OR007@3_3.mat,data/raw/source_domain/cwru_48khz_de/OR007@3_3.mat,1.5,2.5,48000,OR,known_source_label,3.0,1724.0,mat_variable,DE_time,drive_end,0.442227649224172,0.442227649224172,2.029410474576923,4.0004086153846155,0.04211336927856796,4.116191246367938,4.589062846098966,6.043321250304098,1.3168965980554594,7.312149911595448,0.12277339111231483,2859.375,2910.928507384925,3457.03125,0.7048935843324424,0.003208013749597793,0.02720469727965632,0.6081510935803873,0.3549002561067818,0.3356520957267976,4.5268690358435215,103.0,178.41979298969838,0.5561512244621181,0.09974209888363819,0.5240045039960233,0.17243859450678267,0.18769141847822454
source::data/raw/source_domain/cwru_48khz_de/OR007@3_3.mat::w0004,source,data/raw/source_domain/cwru_48khz_de/OR007@3_3.mat,data/raw/source_domain/cwru_48khz_de/OR007@3_3.mat,data/raw/source_domain/cwru_48khz_de/OR007@3_3.mat,2.0,3.0,48000,OR,known_source_label,3.0,1724.0,mat_variable,DE_time,drive_end,0.44124391792914686,0.44124391792914686,1.9712305383461537,3.918214153846154,0.04948139819640257,4.180605468820045,4.467439568556769,5.898008357283845,1.3202211841392322,7.144641917365308,0.12266922227546408,3363.28125,2913.436940907475,3445.3125,0.7081423381549238,0.003219382173492102,0.026805732491994,0.6084060953447761,0.3530170288400803,0.3374303200237991,4.580686860444983,103.0,183.11192049888982,0.5421471060434203,0.087344798154913,0.5265490005516997,0.16893219337250495,0.19880198583379724
source::data/raw/source_domain/cwru_48khz_de/OR007@3_3.mat::w0005,source,data/raw/source_domain/cwru_48khz_de/OR007@3_3.mat,data/raw/source_domain/cwru_48khz_de/OR007@3_3.mat,data/raw/source_domain/cwru_48khz_de/OR007@3_3.mat,2.5,3.5,48000,OR,known_source_label,3.0,1724.0,mat_variable,DE_time,drive_end,0.44210721386674656,0.44210721386674656,1.9036858227307691,3.7440203076923075,0.05109469984741781,4.2305670601442085,4.30593702843366,5.703700845990047,1.3246131581380653,6.92942897714438,0.12350257297027022,3375.0,2912.223354274643,3445.3125,0.7062154078135893,0.0032469866648522144,0.0262954555664207,0.6099806218475041,0.35435796841667494,0.3409007355802325,4.5679625989474175,103.0,188.44515061409663,0.5484017357520904,0.08279967095026615,0.506669616172972,0.1752838981367998,0.21463015591799872
source::data/raw/source_domain/cwru_48khz_de/OR007@3_3.mat::w0006,source,data/raw/source_domain/cwru_48khz_de/OR007@3_3.mat,data/raw/source_domain/cwru_48khz_de/OR007@3_3.mat,data/raw/source_domain/cwru_48khz_de/OR007@3_3.mat,3.0,4.0,48000,OR,known_source_label,3.0,1724.0,mat_variable,DE_time,drive_end,0.4471465666085175,0.4471465666085175,2.1542136635769227,4.117441846153845,0.04744139334987022,4.190978865925567,4.817690270801401,6.362960859845394,1.3207492599503943,7.7156373733257855,0.12406508468926436,3363.28125,2917.4899393701903,3445.3125,0.706708016967279,0.003115381020302884,0.026822878582521435,0.6013477663626065,0.3602392082885202,0.34190926070086725,4.612537671541662,103.0,180.2450536451647,0.5502878139863215,0.08670583414393102,0.5276286835199276,0.17387644441239342,0.19637223107317078
source::data/raw/source_domain/cwru_48khz_de/OR007@6_0.mat::w0000,source,data/raw/source_domain/cwru_48khz_de/OR007@6_0.mat,data/raw/source_domain/cwru_48khz_de/OR007@6_0.mat,data/raw/source_domain/cwru_48khz_de/OR007@6_0.mat,0.0,1.0,48000,OR,known_source_label,0.0,1796.0,mat_variable,DE_time,drive_end,1.2880644167731106,1.2880644167731106,6.529941642027777,12.690271999999998,0.08275526761461391,6.784210116493833,5.069576922543727,8.06241397049177,1.5903524285494195,11.310240203940491,0.13564865934706974,3445.3125,3243.9496694682866,3550.78125,0.6273038398451929,0.0004100365511333007,0.0014200488926872452,0.23634517486511247,0.7595440990380191,1.3020954983339772,4.664534654468448,108.0,149.0649617691896,0.3898090002074208,0.060113526845239684,0.7050872392427544,0.10863624870503745,0.12539600105232135
source::data/raw/source_domain/cwru_48khz_de/OR007@6_0.mat::w0001,source,data/raw/source_domain/cwru_48khz_de/OR007@6_0.mat,data/raw/source_domain/cwru_48khz_de/OR007@6_0.mat,data/raw/source_domain/cwru_48khz_de/OR007@6_0.mat,0.5,1.5,48000,OR,known_source_label,0.0,1796.0,mat_variable,DE_time,drive_end,1.276765213928146,1.276765213928146,6.208404793083332,12.260001333333332,0.08435545316111785,6.667414341813217,4.862604906016704,7.708303442709423,1.5852210063716219,10.795491146165556,0.13525281776703682,3445.3125,3243.0965733642083,3550.78125,0.6351651693194278,0.0004600810093369368,0.0014705249086534194,0.2367500518677135,0.7590874124752565,1.2867831018828177,4.551611154665039,108.0,152.19872057754486,0.36841659629141643,0.04382180080165773,0.715702530982519,0.10899031362973238,0.13107556120707312
source::data/raw/source_domain/cwru_48khz_de/OR007@6_0.mat::w0002,source,data/raw/source_domain/cwru_48khz_de/OR007@6_0.mat,data/raw/source_domain/cwru_48khz_de/OR007@6_0.mat,data/raw/source_domain/cwru_48khz_de/OR007@6_0.mat,1.0,2.0,48000,OR,known_source_label,0.0,1796.0,mat_variable,DE_time,drive_end,1.2547830033414802,1.2547830033414802,6.02328099525,11.771304,0.0735305648318271,6.541026180851027,4.800257079674522,7.5912151017305325,1.5814184481634468,10.62432969093874,0.13479447488489343,3445.3125,3244.6327883381327,3550.78125,0.6385118647384599,0.00035968497068571945,0.0014872891672264316,0.2353547917660938,0.7607382804771016,1.2616710633809527,4.4085215391119155,108.0,150.28193114061787,0.3669337035115736,0.041862583256253895,0.7254317823670084,0.10717639086133045,0.12488848198779505
source::data/raw/source_domain/cwru_48khz_de/OR007@6_0.mat::w0003,source,data/raw/source_domain/cwru_48khz_de/OR007@6_0.mat,data/raw/source_domain/cwru_48khz_de/OR007@6_0.mat,data/raw/source_domain/cwru_48khz_de/OR007@6_0.mat,1.5,2.5,48000,OR,known_source_label,0.0,1796.0,mat_variable,DE_time,drive_end,1.2185171794198402,1.2185171794198402,5.8014588168611105,11.547196,0.06411717526594483,6.619612848475752,4.761080856995826,7.545445676987225,1.584817797390255,10.566770315207705,0.13419029563115897,3445.3125,3245.154612237131,3550.78125,0.637906449781794,0.0005214078866158372,0.0015284040728064418,0.2331171634532389,0.762710478097544,1.227534128379334,4.491632539189994,108.0,151.16144591547865,0.3703319701118042,0.040864358478141044,0.7202399157753355,0.11103599221427239,0.1272746339559831
source::data/raw/source_domain/cwru_48khz_de/OR007@6_0.mat::w0004,source,data/raw/source_domain/cwru_48khz_de/OR007@6_0.mat,data/raw/source_domain/cwru_48khz_de/OR007@6_0.mat,data/raw/source_domain/cwru_48khz_de/OR007@6_0.mat,2.0,3.0,48000,OR,known_source_label,0.0,1796.0,mat_variable,DE_time,drive_end,1.1942616064235316,1.1942616064235316,5.8034069636388885,11.547196,0.07268408010332761,6.7538709830116055,4.859410142986641,7.731260072072435,1.5909873512578738,10.841778570235572,0.13491947748911437,3445.3125,3245.670592804513,3550.78125,0.6388362473249792,0.0004998551728870663,0.0015361842472030607,0.2319443354626598,0.7635218360959962,1.2075689279163806,4.623695188560364,108.0,151.79911586884396,0.3780215813202441,0.047318632599369276,0.7084645157491941,0.11329332748361033,0.13042022402160341
source::data/raw/source_domain/cwru_48khz_de/OR007@6_0.mat::w0005,source,data/raw/source_domain/cwru_48khz_de/OR007@6_0.mat,data/raw/source_domain/cwru_48khz_de/OR007@6_0.mat,data/raw/source_domain/cwru_48khz_de/OR007@6_0.mat,2.5,3.5,48000,OR,known_source_label,0.0,1796.0,mat_variable,DE_time,drive_end,1.2162319819745306,1.2162319819745306,5.94047395,11.824722666666666,0.08137434919195644,6.799499899641839,4.884326376906208,7.802652136284667,1.5974878691911958,10.996550233161015,0.13525281776703682,3445.3125,3246.8857170323104,3550.78125,0.6421610324611314,0.0003424600281356492,0.0015206259137300875,0.23099888201767446,0.7642420851477367,1.2345800420353312,4.624372749383456,108.0,148.43653378746995,0.389748220677588,0.057368737423427685,0.7055554081668192,0.11529462228123531,0.12120896183861003
source::data/raw/source_domain/cwru_48khz_de/OR007@6_0.mat::w0006,source,data/raw/source_domain/cwru_48khz_de/OR007@6_0.mat,data/raw/source_domain/cwru_48khz_de/OR007@6_0.mat,data/raw/source_domain/cwru_48khz_de/OR007@6_0.mat,3.0,4.0,48000,OR,known_source_label,0.0,1796.0,mat_variable,DE_time,drive_end,1.2610386746151736,1.2610386746151736,6.160672371333333,12.055090666666667,0.07742965272802435,6.787947545184407,4.885395266095607,7.808082264471917,1.59824985270965,11.025943504980473,0.13475280735015313,3445.3125,3245.2775884160515,3550.78125,0.639442498531129,0.0004241608862653253,0.0015604227943432172,0.23205842478287272,0.7628773549567373,1.280625715558442,4.603432625333494,108.0,150.40965537089627,0.38007526147656107,0.050459944190148494,0.7113157990967767,0.11043360235223193,0.12736437360606742
source::data/raw/source_domain/cwru_48khz_de/OR007@6_1.mat::w0000,source,data/raw/source_domain/cwru_48khz_de/OR007@6_1.mat,data/raw/source_domain/cwru_48khz_de/OR007@6_1.mat,data/raw/source_domain/cwru_48khz_de/OR007@6_1.mat,0.0,1.0,48000,OR,known_source_label,1.0,1774.0,mat_variable,DE_time,drive_end,1.051201868772314,1.051201868772314,5.2664665664444446,10.438341333333334,0.07065194529223882,6.897399812896262,5.009947872895315,7.885212264235067,1.5739110394517133,10.8004187622901,0.13191941498781223,3398.4375,3210.080247120849,3515.625,0.6184818814842912,0.0005403049034365735,0.0017470454636702942,0.2923835079885323,0.7025719856420216,1.0517084078553298,4.930887924920929,106.0,151.04524650322261,0.4080649416887314,0.06782052454534844,0.6622008262222828,0.13607736421980035,0.13379999235794401
source::data/raw/source_domain/cwru_48khz_de/OR007@6_1.mat::w0001,source,data/raw/source_domain/cwru_48khz_de/OR007@6_1.mat,data/raw/source_domain/cwru_48khz_de/OR007@6_1.mat,data/raw/source_domain/cwru_48khz_de/OR007@6_1.mat,0.5,1.5,48000,OR,known_source_label,1.0,1774.0,mat_variable,DE_time,drive_end,1.0517742565972392,1.0517742565972392,5.265912373861111,10.428742666666665,0.06569684772410982,6.912340584553856,5.006694488694454,7.885257361439713,1.5749427849527873,10.813735582774289,0.13171107731411072,3398.4375,3208.7404346224334,3515.625,0.610377684888895,0.0005523693416430253,0.0017524749933592477,0.2940468265562521,0.7011835309438054,1.0529196278521153,4.9487750186527775,106.0,151.47818742490313,0.4096279610168254,0.06583144414564703,0.6623720283060481,0.13705698547134706,0.13467390594242448
source::data/raw/source_domain/cwru_48khz_de/OR007@6_1.mat::w0002,source,data/raw/source_domain/cwru_48khz_de/OR007@6_1.mat,data/raw/source_domain/cwru_48khz_de/OR007@6_1.mat,data/raw/source_domain/cwru_48khz_de/OR007@6_1.mat,1.0,2.0,48000,OR,known_source_label,1.0,1774.0,mat_variable,DE_time,drive_end,1.0628163108378403,1.0628163108378403,5.190918808472223,10.317314666666666,0.07164409673197976,6.849364681539915,4.884116620655952,7.673320668431147,1.5710764636478676,10.501371805328365,0.13169024354674055,3398.4375,3207.4387067801754,3515.625,0.612914198219485,0.0005695951817053257,0.0017425983612039658,0.2957968543456964,0.6995166727747654,1.0614766722398818,4.890835392406117,106.0,152.48849880281094,0.40848202807161693,0.06289743241760315,0.6612532861425405,0.139373870382782,0.13638242932748523
source::data/raw/source_domain/cwru_48khz_de/OR007@6_1.mat::w0003,source,data/raw/source_domain/cwru_48khz_de/OR007@6_1.mat,data/raw/source_domain/cwru_48khz_de/OR007@6_1.mat,data/raw/source_domain/cwru_48khz_de/OR007@6_1.mat,1.5,2.5,48000,OR,known_source_label,1.0,1774.0,mat_variable,DE_time,drive_end,1.0669430335765369,1.0669430335765369,5.227541608222222,10.408710666666668,0.07588637228273187,6.859719964615287,4.899550813593017,7.685631314481249,1.5686399849454558,10.481641056974796,0.1320652513594033,3398.4375,3207.637104651765,3515.625,0.6154366664157346,0.0005495129802605177,0.0017972036151567266,0.29744340856949336,0.6973874656406983,1.0639024584555263,4.921883930696746,106.0,151.27710049902416,0.40484014479628955,0.06024924713485287,0.6676841138717267,0.14098991336955202,0.13101961010689966
source::data/raw/source_domain/cwru_48khz_de/OR007@6_1.mat::w0004,source,data/raw/source_domain/cwru_48khz_de/OR007@6_1.mat,data/raw/source_domain/cwru_48khz_de/OR007@6_1.mat,data/raw/source_domain/cwru_48khz_de/OR007@6_1.mat,2.0,3.0,48000,OR,known_source_label,1.0,1774.0,mat_variable,DE_time,drive_end,1.0636511276906095,1.0636511276906095,5.2632880514444444,10.500524,0.07746396554229339,6.9169011949504755,4.948321789370076,7.753456341254643,1.566886041627938,10.551751804400968,0.1322527552657347,3398.4375,3207.6767830388976,3515.625,0.5975787216005274,0.0005355885111072333,0.0017782950098799257,0.29957684306444293,0.6946101570014636,1.059470477238909,5.030685848293901,106.0,149.67779667783864,0.40330844234039404,0.06154704220484897,0.6720561566592477,0.1401068768527243,0.1262126467987146
source::data/raw/source_domain/cwru_48khz_de/OR007@6_1.mat::w0005,source,data/raw/source_domain/cwru_48khz_de/OR007@6_1.mat,data/raw/source_domain/cwru_48khz_de/OR007@6_1.mat,data/raw/source_domain/cwru_48khz_de/OR007@6_1.mat,2.5,3.5,48000,OR,known_source_label,1.0,1774.0,mat_variable,DE_time,drive_end,1.0578649877989512,1.0578649877989512,5.263627160861111,10.500524,0.07553346417464238,6.930736211000468,4.975707884810434,7.791116651825624,1.5658307987899671,10.600534163858491,0.132023583824663,3398.4375,3209.707947680237,3515.625,0.5995764617233873,0.0005137768341394302,0.001768261395982185,0.2977214315564849,0.6968274841608809,1.0529775846258818,5.065469857469505,106.0,149.19342019918463,0.4014237879682569,0.06011581633186418,0.6746297281970198,0.1408033687625707,0.12437388789996265
source::data/raw/source_domain/cwru_48khz_de/OR007@6_1.mat::w0006,source,data/raw/source_domain/cwru_48khz_de/OR007@6_1.mat,data/raw/source_domain/cwru_48khz_de/OR007@6_1.mat,data/raw/source_domain/cwru_48khz_de/OR007@6_1.mat,3.0,4.0,48000,OR,known_source_label,1.0,1774.0,mat_variable,DE_time,drive_end,1.0579310945776177,1.0579310945776177,5.1783728120833326,10.289353333333333,0.07124975963273453,6.935536142664811,4.894811050190295,7.682994453300215,1.5696202314069427,10.478446125967665,0.132023583824663,3398.4375,3210.0485484889355,3515.625,0.5986775337647883,0.000546365044988717,0.0017019448274853276,0.29692487711018994,0.6985847713927807,1.0554640444906906,5.022326284960567,106.0,149.22329908110567,0.40986023673036065,0.06499495315507894,0.6684200787963567,0.139743877691645,0.1267028848675836
source::data/raw/source_domain/cwru_48khz_de/OR007@6_2.mat::w0000,source,data/raw/source_domain/cwru_48khz_de/OR007@6_2.mat,data/raw/source_domain/cwru_48khz_de/OR007@6_2.mat,data/raw/source_domain/cwru_48khz_de/OR007@6_2.mat,0.0,1.0,48000,OR,known_source_label,2.0,1750.0,mat_variable,DE_time,drive_end,1.024893302948073,1.024893302948073,4.966641179861111,9.83446,0.07538744444944531,6.953253332780232,4.846008033782521,7.701296128485411,1.589204160370881,10.754404560046241,0.13316944103002146,3363.28125,3192.3763163834597,3503.90625,0.6389354963205393,0.0006413037478074701,0.0022382794018021325,0.29374188363946857,0.7014524742164046,1.035084036483817,4.9085056904170905,105.0,162.9355368119203,0.41210319945111107,0.05281532127565682,0.6322325258856761,0.1265246172271467,0.18832438294921747
source::data/raw/source_domain/cwru_48khz_de/OR007@6_2.mat::w0001,source,data/raw/source_domain/cwru_48khz_de/OR007@6_2.mat,data/raw/source_domain/cwru_48khz_de/OR007@6_2.mat,data/raw/source_domain/cwru_48khz_de/OR007@6_2.mat,0.5,1.5,48000,OR,known_source_label,2.0,1750.0,mat_variable,DE_time,drive_end,1.0160404751343053,1.0160404751343053,5.093869498111111,10.004314666666666,0.08296266251521443,6.994623255602084,5.013451356288503,7.966415403407411,1.5890082175440055,11.110181888564055,0.1328777682868393,3375.0,3192.8069923082967,3503.90625,0.6552459630679313,0.00067900653353059,0.002356599272408152,0.29365423134155366,0.7010602040586014,1.026160425247664,4.973146909822325,105.0,163.50908201417403,0.4062696545258747,0.049356624715734446,0.6329731663817841,0.13115992536764404,0.1864209278434925
source::data/raw/source_domain/cwru_48khz_de/OR007@6_2.mat::w0002,source,data/raw/source_domain/cwru_48khz_de/OR007@6_2.mat,data/raw/source_domain/cwru_48khz_de/OR007@6_2.mat,data/raw/source_domain/cwru_48khz_de/OR007@6_2.mat,1.0,2.0,48000,OR,known_source_label,2.0,1750.0,mat_variable,DE_time,drive_end,1.0235025588525448,1.0235025588525448,5.456745413416668,10.56062,0.09352437890357489,7.038344400128244,5.331442863737368,8.495507511815912,1.5934724855800515,11.878289280079473,0.1331486072626513,3363.28125,3192.925379327204,3503.90625,0.6508231510464279,0.0006444386045367318,0.002221107849773678,0.2931577139333921,0.7017849310029783,1.0365786781777169,4.984827412638516,105.0,164.34703434146226,0.40286021422661433,0.04753779588703458,0.6344236109998109,0.12951929689396524,0.18845234902531746
source::data/raw/source_domain/cwru_48khz_de/OR007@6_2.mat::w0003,source,data/raw/source_domain/cwru_48khz_de/OR007@6_2.mat,data/raw/source_domain/cwru_48khz_de/OR007@6_2.mat,data/raw/source_domain/cwru_48khz_de/OR007@6_2.mat,1.5,2.5,48000,OR,known_source_label,2.0,1750.0,mat_variable,DE_time,drive_end,1.0259426533797729,1.0259426533797729,5.458167928861112,10.56062,0.08161731535241937,6.97976400855875,5.320149143692287,8.476283149433149,1.5932416405044956,11.872555022292847,0.133919456655347,3363.28125,3191.876690583555,3503.90625,0.6534664225394086,0.0005937915672927017,0.0022040331166949026,0.29536368519436007,0.6988274823172681,1.0386224157399797,4.908747462613833,105.0,162.72996901196424,0.4072015666153732,0.0542022416359442,0.630196169153816,0.1315407728130457,0.18398655786547957
source::data/raw/source_domain/cwru_48khz_de/OR007@6_2.mat::w0004,source,data/raw/source_domain/cwru_48khz_de/OR007@6_2.mat,data/raw/source_domain/cwru_48khz_de/OR007@6_2.mat,data/raw/source_domain/cwru_48khz_de/OR007@6_2.mat,2.0,3.0,48000,OR,known_source_label,2.0,1750.0,mat_variable,DE_time,drive_end,1.0203502463168272,1.0203502463168272,4.970436209222223,9.871185333333333,0.07855161573478509,6.918835657631506,4.871303973473036,7.757468067064459,1.5924828566027889,10.882256410055591,0.133919456655347,3375.0,3195.4110889665976,3503.90625,0.658268717169842,0.0006059264070105482,0.0021449147454298875,0.29229220986091425,0.702626540751702,1.0324287442853357,4.829964267291399,105.0,162.58269807563278,0.4110252342940837,0.05650930211735912,0.6288005443114238,0.13052963778608917,0.18404079149051528
source::data/raw/source_domain/cwru_48khz_de/OR007@6_2.mat::w0005,source,data/raw/source_domain/cwru_48khz_de/OR007@6_2.mat,data/raw/source_domain/cwru_48khz_de/OR007@6_2.mat,data/raw/source_domain/cwru_48khz_de/OR007@6_2.mat,2.5,3.5,48000,OR,known_source_label,2.0,1750.0,mat_variable,DE_time,drive_end,1.0192605172348868,1.0192605172348868,4.969031613027778,9.871185333333333,0.0774440620028078,6.993550535274215,4.875134010393339,7.767427333454953,1.5932746293512934,10.872310318624852,0.13375278651638575,3363.28125,3195.665014218596,3503.90625,0.6505194295815047,0.0006682144536900037,0.002181459086999067,0.29087228613538535,0.703708028769359,1.0319914208985472,4.90941938684902,105.0,163.0756030064249,0.4075814187274834,0.05209581344321334,0.6314375722986537,0.13115177173889847,0.18515805549587291
source::data/raw/source_domain/cwru_48khz_de/OR007@6_2.mat::w0006,source,data/raw/source_domain/cwru_48khz_de/OR007@6_2.mat,data/raw/source_domain/cwru_48khz_de/OR007@6_2.mat,data/raw/source_domain/cwru_48khz_de/OR007@6_2.mat,3.0,4.0,48000,OR,known_source_label,2.0,1750.0,mat_variable,DE_time,drive_end,1.0170638315326386,1.0170638315326386,4.875387820916666,9.733465333333333,0.07193912774217123,6.914238160324997,4.793590795147075,7.589533672016372,1.5832669070735834,10.549034042600873,0.13375278651638575,3363.28125,3191.285246312481,3503.90625,0.6551783995204046,0.0006677852045731519,0.002301485136917189,0.29878770149017303,0.6951438383112821,1.0236541032006807,4.896918095724649,105.0,163.23259304854923,0.4179579222243935,0.05744186282687718,0.6219192120770797,0.13185468908108644,0.18857466718532787
source::data/raw/source_domain/cwru_48khz_de/OR007@6_3.mat::w0000,source,data/raw/source_domain/cwru_48khz_de/OR007@6_3.mat,data/raw/source_domain/cwru_48khz_de/OR007@6_3.mat,data/raw/source_domain/cwru_48khz_de/OR007@6_3.mat,0.0,1.0,48000,OR,known_source_label,3.0,1725.0,mat_variable,DE_time,drive_end,1.001938331739747,1.001938331739747,5.262506064416666,10.424986666666666,0.07281297002548852,7.308860497547391,5.252325315544816,8.371006862220732,1.5937715886404618,11.602159976380547,0.13512781516281588,3410.15625,3177.055025933891,3515.625,0.6461510551420655,0.0005483714373757594,0.00343077979600999,0.3053177761400104,0.6775369511803693,1.0147932084761506,5.3171100721423,103.0,166.314907838977,0.41201838347207864,0.051251904636066575,0.6062418345070891,0.1387908747194171,0.20326210609303752
source::data/raw/source_domain/cwru_48khz_de/OR007@6_3.mat::w0001,source,data/raw/source_domain/cwru_48khz_de/OR007@6_3.mat,data/raw/source_domain/cwru_48khz_de/OR007@6_3.mat,data/raw/source_domain/cwru_48khz_de/OR007@6_3.mat,0.5,1.5,48000,OR,known_source_label,3.0,1725.0,mat_variable,DE_time,drive_end,0.9915550133384794,0.9915550133384794,5.0868142868333335,10.057316,0.07601556185618825,7.404406456434244,5.130138235801303,8.212989366234893,1.6009294464837713,11.424163332487666,0.13473197358278297,3410.15625,3177.979134626775,3515.625,0.6429748000232044,0.0005931297473511925,0.003450399170052717,0.30368075069250944,0.679207035932234,1.0086303156445096,5.370836085448866,103.0,164.50565259232954,0.4104598988042592,0.05272201758450298,0.6092112116847549,0.14234312825889678,0.19524347106847928
source::data/raw/source_domain/cwru_48khz_de/OR007@6_3.mat::w0002,source,data/raw/source_domain/cwru_48khz_de/OR007@6_3.mat,data/raw/source_domain/cwru_48khz_de/OR007@6_3.mat,data/raw/source_domain/cwru_48khz_de/OR007@6_3.mat,1.0,2.0,48000,OR,known_source_label,3.0,1725.0,mat_variable,DE_time,drive_end,0.9907159735864831,0.9907159735864831,5.088183322750001,10.057316,0.08892689664783607,7.483562355428791,5.135864827459249,8.240695195943825,1.604538957465561,11.474145062090685,0.1348569761870039,3410.15625,3175.240373458938,3515.625,0.6490552699884317,0.0006323333569071806,0.0036263216563270934,0.3083828130262859,0.6746873146158872,1.0098386630021559,5.438130597614169,103.0,165.24338568986485,0.4154995409769619,0.05308885235313443,0.6042737487308318,0.14488981732460476,0.1973286861100894
source::data/raw/source_domain/cwru_48khz_de/OR007@6_3.mat::w0003,source,data/raw/source_domain/cwru_48khz_de/OR007@6_3.mat,data/raw/source_domain/cwru_48khz_de/OR007@6_3.mat,data/raw/source_domain/cwru_48khz_de/OR007@6_3.mat,1.5,2.5,48000,OR,known_source_label,3.0,1725.0,mat_variable,DE_time,drive_end,0.9986143044325152,0.9986143044325152,5.003210587027778,9.988456,0.08651729663828081,7.434764928981397,5.01015313401299,8.020242804547081,1.6007979377099526,11.145988858222642,0.1350236463259651,3410.15625,3177.757232506067,3515.625,0.6346863054696068,0.0006550757699468806,0.0035866251956390934,0.3033900195669663,0.6789044157807425,1.0155859247799228,5.413205552352938,103.0,164.58488804625603,0.4225129111926175,0.05593170553359148,0.6035127592634956,0.1438509218514776,0.19608571869253485
source::data/raw/source_domain/cwru_48khz_de/OR007@6_3.mat::w0004,source,data/raw/source_domain/cwru_48khz_de/OR007@6_3.mat,data/raw/source_domain/cwru_48khz_de/OR007@6_3.mat,data/raw/source_domain/cwru_48khz_de/OR007@6_3.mat,2.0,3.0,48000,OR,known_source_label,3.0,1725.0,mat_variable,DE_time,drive_end,0.9994071530729378,0.9994071530729378,5.035692431555556,10.033110666666666,0.08405269325327075,7.394733531963355,5.038679597266207,8.057385961935319,1.5991066322809815,11.191034744178793,0.13521115023229652,3410.15625,3178.136167662605,3515.625,0.64499888987506,0.0005989286734801553,0.0034987477820815115,0.3043199664831587,0.6782615608176864,1.0151581271390202,5.383134080510308,103.0,164.1520283642652,0.4124901326495481,0.05005730420739266,0.6139123030288985,0.14188080393556463,0.1934466112279257
source::data/raw/source_domain/cwru_48khz_de/OR007@6_3.mat::w0005,source,data/raw/source_domain/cwru_48khz_de/OR007@6_3.mat,data/raw/source_domain/cwru_48khz_de/OR007@6_3.mat,data/raw/source_domain/cwru_48khz_de/OR007@6_3.mat,2.5,3.5,48000,OR,known_source_label,3.0,1725.0,mat_variable,DE_time,drive_end,0.9987631938842906,0.9987631938842906,5.061562759694445,10.097380000000001,0.07619709308243032,7.404792165512696,5.067830683672323,8.115707726686805,1.6014165099923507,11.281376178677931,0.13541948790599803,3410.15625,3179.907857165171,3515.625,0.6313695371257118,0.0005740103703127554,0.003587485200365495,0.2999716296013154,0.6812992302768435,1.0158775883252544,5.373062981589348,103.0,164.23989345602936,0.41305894672937227,0.05164943909288931,0.6120763680461907,0.14169682256761762,0.19398212774753984
source::data/raw/source_domain/cwru_48khz_de/OR007@6_3.mat::w0006,source,data/raw/source_domain/cwru_48khz_de/OR007@6_3.mat,data/raw/source_domain/cwru_48khz_de/OR007@6_3.mat,data/raw/source_domain/cwru_48khz_de/OR007@6_3.mat,3.0,4.0,48000,OR,known_source_label,3.0,1725.0,mat_variable,DE_time,drive_end,1.0016203934264445,1.0016203934264445,5.062045657833333,10.079434666666668,0.07065662180911482,7.375396397615393,5.053856422103707,8.077667264957961,1.5983175203832767,11.207028772914084,0.1350236463259651,3410.15625,3177.4584129326076,3515.625,0.6445133630573158,0.000594915070522978,0.0035906720412703158,0.3048991227437523,0.6776483026867083,1.0171253001317424,5.360499857057429,103.0,165.0371544311794,0.41502879156993133,0.05044221808224234,0.6072849449732649,0.14534353245317433,0.19614793241571804
source::data/raw/source_domain/cwru_48khz_de/OR014@6_0.mat::w0000,source,data/raw/source_domain/cwru_48khz_de/OR014@6_0.mat,data/raw/source_domain/cwru_48khz_de/OR014@6_0.mat,data/raw/source_domain/cwru_48khz_de/OR014@6_0.mat,0.0,1.0,48000,OR,known_source_label,0.0,1796.0,mat_variable,DE_time,drive_end,0.13834631793117616,0.13834631793117616,0.581763780346154,1.1513483076923077,-0.0004382987658623749,3.225264913367196,4.205126591308066,5.330793962939022,1.2676892947572995,6.335752702636977,0.11504406341798787,2648.4375,2641.815443926586,3421.875,0.7359556209570332,0.022916267112644953,0.07207040015570992,0.7139821108435399,0.18468531740026647,0.09427430730946183,3.5213382993029714,60.0,186.3924126575643,0.8745191228963318,0.12158672424288233,0.3312630108482519,0.35786819011459753,0.18361962938649018
source::data/raw/source_domain/cwru_48khz_de/OR014@6_0.mat::w0001,source,data/raw/source_domain/cwru_48khz_de/OR014@6_0.mat,data/raw/source_domain/cwru_48khz_de/OR014@6_0.mat,data/raw/source_domain/cwru_48khz_de/OR014@6_0.mat,0.5,1.5,48000,OR,known_source_label,0.0,1796.0,mat_variable,DE_time,drive_end,0.13896401179079232,0.13896401179079232,0.577560827923077,1.1415433846153846,-0.011253957209724384,3.284845356163978,4.156189940661958,5.270112511754152,1.2680153185869207,6.257084269295015,0.11558574136961186,2765.625,2643.3568094975276,3433.59375,0.7383193012664601,0.024622408342680115,0.07193420973424301,0.7000477571824859,0.19681144398026926,0.0948389541566893,3.698802079618223,60.0,176.83228470518534,0.8795333352824888,0.11311648118627343,0.33646106612342286,0.37725462039034746,0.16532406841648656
source::data/raw/source_domain/cwru_48khz_de/OR014@6_0.mat::w0002,source,data/raw/source_domain/cwru_48khz_de/OR014@6_0.mat,data/raw/source_domain/cwru_48khz_de/OR014@6_0.mat,data/raw/source_domain/cwru_48khz_de/OR014@6_0.mat,1.0,2.0,48000,OR,known_source_label,0.0,1796.0,mat_variable,DE_time,drive_end,0.13539590586055936,0.13539590586055936,0.5760167263846153,1.1342418461538462,-0.012703647578868441,3.166055010666608,4.2543142107530585,5.356645421230205,1.259109025762923,6.3326702150948515,0.11593991541490448,2765.625,2667.0391239247274,3445.3125,0.7383716185121509,0.02371849692264196,0.06933249279736797,0.6904215003657417,0.21149080055635605,0.0902770144242527,3.66550639917153,108.0,179.67736092497324,0.8979478291734801,0.15982682596176362,0.33599601671028595,0.2991733058383507,0.19223031910376615
source::data/raw/source_domain/cwru_48khz_de/OR014@6_0.mat::w0003,source,data/raw/source_domain/cwru_48khz_de/OR014@6_0.mat,data/raw/source_domain/cwru_48khz_de/OR014@6_0.mat,data/raw/source_domain/cwru_48khz_de/OR014@6_0.mat,1.5,2.5,48000,OR,known_source_label,0.0,1796.0,mat_variable,DE_time,drive_end,0.14891992092391781,0.14891992092391781,1.1104791152692308,2.2111144615384615,-0.046170452974968794,4.818267380193302,7.456887623712278,9.637122243310529,1.2923786342978503,11.49799092542764,0.11629408946019709,2765.625,2719.0224904883194,3421.875,0.7222196731557204,0.01828346294089339,0.053544731891568206,0.7265165345667446,0.19717292763676625,0.10762410848169629,10.498167408454236,108.0,184.348832310088,0.9075486069197372,0.1769059384149804,0.28730566343460656,0.3152926684307774,0.21603719891707163
source::data/raw/source_domain/cwru_48khz_de/OR014@6_0.mat::w0004,source,data/raw/source_domain/cwru_48khz_de/OR014@6_0.mat,data/raw/source_domain/cwru_48khz_de/OR014@6_0.mat,data/raw/source_domain/cwru_48khz_de/OR014@6_0.mat,2.0,3.0,48000,OR,known_source_label,0.0,1796.0,mat_variable,DE_time,drive_end,0.15794134149331138,0.15794134149331138,1.1197470797307691,2.2221710769230767,0.01649691403592499,5.872876399098192,7.089638907309771,9.36481512422719,1.3209156695572049,11.267792652089149,0.11568991020646263,2917.96875,2725.3094415412693,3421.875,0.7161751002635662,0.01526475920255632,0.04704710283610509,0.7525594391373053,0.18000563174183556,0.12092040770224809,12.15608438442142,4.0,130.8323532520349,0.8589918138067564,0.3544331277651389,0.31069319384270677,0.20222805139741915,0.1265640048287462
source::data/raw/source_domain/cwru_48khz_de/OR014@6_0.mat::w0005,source,data/raw/source_domain/cwru_48khz_de/OR014@6_0.mat,data/raw/source_domain/cwru_48khz_de/OR014@6_0.mat,data/raw/source_domain/cwru_48khz_de/OR014@6_0.mat,2.5,3.5,48000,OR,known_source_label,0.0,1796.0,mat_variable,DE_time,drive_end,0.14593729555001123,0.14593729555001123,1.0914408578846153,2.1771101538461535,0.02205036262922262,5.14695999373285,7.478834342953209,9.686234455249103,1.2951529624812994,11.559679845765537,0.11573157774120295,2917.96875,2689.645366039079,3421.875,0.7282610622788607,0.017913467241353388,0.05498375198377051,0.7411810474549558,0.18075327078109793,0.10592332000521201,12.14206514056338,108.0,182.46738528884165,0.8908250973598781,0.18087349216825152,0.28073478527766704,0.3138730693232294,0.21972654813930984
source::data/raw/source_domain/cwru_48khz_de/OR014@6_0.mat::w0006,source,data/raw/source_domain/cwru_48khz_de/OR014@6_0.mat,data/raw/source_domain/cwru_48khz_de/OR014@6_0.mat,data/raw/source_domain/cwru_48khz_de/OR014@6_0.mat,3.0,4.0,48000,OR,known_source_label,0.0,1796.0,mat_variable,DE_time,drive_end,0.13941211636782225,0.13941211636782225,0.8884017146923078,1.7494486153846154,-0.002256882125055856,3.560738815126158,6.372485676510306,8.065274183424213,1.2656402215380198,9.552013501151489,0.11533573616117003,2765.625,2679.2492589560043,3433.59375,0.7367722188707128,0.02175553658265792,0.062088869071800064,0.7022058744540689,0.20938727878705352,0.094444909804301,5.96518390090014,108.0,194.85211888676184,0.9013931937989667,0.13681112033378987,0.30904967123733684,0.30033330139177733,0.24619653793945015
source::data/raw/source_domain/cwru_48khz_de/OR014@6_1.mat::w0000,source,data/raw/source_domain/cwru_48khz_de/OR014@6_1.mat,data/raw/source_domain/cwru_48khz_de/OR014@6_1.mat,data/raw/source_domain/cwru_48khz_de/OR014@6_1.mat,0.0,1.0,48000,OR,known_source_label,1.0,1772.0,mat_variable,DE_time,drive_end,0.1328660196714379,0.1328660196714379,0.6139230805384616,1.2060055384615382,-0.03372712215535918,3.1302990935244694,4.6206176872913085,5.820058568976679,1.2595845323755188,6.886808188878575,0.12198170795224901,2871.09375,2791.666390666531,3468.75,0.7324698079458202,0.025419467815903048,0.03813700360378894,0.5865785538834041,0.33335882563587954,0.08843932224825615,3.553202179863383,18.0,208.39350009873124,0.9129368870055944,0.18235395843493668,0.2241046594463585,0.28087010192459916,0.3011135065379431
source::data/raw/source_domain/cwru_48khz_de/OR014@6_1.mat::w0001,source,data/raw/source_domain/cwru_48khz_de/OR014@6_1.mat,data/raw/source_domain/cwru_48khz_de/OR014@6_1.mat,data/raw/source_domain/cwru_48khz_de/OR014@6_1.mat,0.5,1.5,48000,OR,known_source_label,1.0,1772.0,mat_variable,DE_time,drive_end,0.1343294899309104,0.1343294899309104,0.6222219091923076,1.1920283076923077,-0.010311076695142538,3.1587810387320348,4.632057409789187,5.841731746123028,1.2611527080242744,6.920110874955637,0.12275255734494468,2871.09375,2806.310296581423,3457.03125,0.7307185503043198,0.02410793417105666,0.03710860412097311,0.5920716161306072,0.3322658430380845,0.08984394608267617,3.62453897994376,177.0,209.80843888639532,0.9211404262871666,0.1343816856463068,0.2620514115818966,0.31064238893229823,0.2802563337435883
source::data/raw/source_domain/cwru_48khz_de/OR014@6_1.mat::w0002,source,data/raw/source_domain/cwru_48khz_de/OR014@6_1.mat,data/raw/source_domain/cwru_48khz_de/OR014@6_1.mat,data/raw/source_domain/cwru_48khz_de/OR014@6_1.mat,1.0,2.0,48000,OR,known_source_label,1.0,1772.0,mat_variable,DE_time,drive_end,0.1376302270716212,0.1376302270716212,0.6218304815384614,1.1920283076923077,0.010048199214514397,3.071054894637699,4.518124359486451,5.674891056558785,1.2560280782449698,6.708313752782922,0.12231504823017146,2871.09375,2805.9304433806246,3445.3125,0.7281176626272878,0.023631884149053206,0.035335875477881154,0.6080805177292702,0.3172526949732174,0.09082613748228859,3.4752348011986047,41.0,212.41070312509137,0.9194253896592922,0.1763731928285771,0.23807113412334177,0.2700964902848816,0.31307712574454
source::data/raw/source_domain/cwru_48khz_de/OR014@6_1.mat::w0003,source,data/raw/source_domain/cwru_48khz_de/OR014@6_1.mat,data/raw/source_domain/cwru_48khz_de/OR014@6_1.mat,data/raw/source_domain/cwru_48khz_de/OR014@6_1.mat,1.5,2.5,48000,OR,known_source_label,1.0,1772.0,mat_variable,DE_time,drive_end,0.13853377067711642,0.13853377067711642,0.5895437043076923,1.1628221538461538,0.020346464672900015,3.051905452450425,4.255595595369296,5.34333417058677,1.2556019600082584,6.313207831611846,0.12250255213650284,2871.09375,2800.911910235182,3457.03125,0.728888460198022,0.023284040200984,0.03687865614259823,0.5901378106266172,0.332074768635048,0.091200538540213,3.3501849496078995,59.0,222.20945117687776,0.9055440223812291,0.1580836180480686,0.21414464880514808,0.26409928849965475,0.36048918610134983
source::data/raw/source_domain/cwru_48khz_de/OR014@6_1.mat::w0004,source,data/raw/source_domain/cwru_48khz_de/OR014@6_1.mat,data/raw/source_domain/cwru_48khz_de/OR014@6_1.mat,data/raw/source_domain/cwru_48khz_de/OR014@6_1.mat,2.0,3.0,48000,OR,known_source_label,1.0,1772.0,mat_variable,DE_time,drive_end,0.13591249146861337,0.13591249146861337,0.6010110616538462,1.1909852307692308,0.002496037808324289,3.1797450566947245,4.422044325397546,5.580517470814405,1.261976827939564,6.606420854286424,0.12239838329965208,3035.15625,2798.1979964723587,3457.03125,0.7308262413742647,0.024743903749728458,0.03887887866162132,0.5607798337452027,0.355370800021519,0.09095999048431537,3.6126233937622083,12.0,209.63643296655525,0.9102176217241339,0.18607840173390217,0.22549737966294106,0.28932560068729996,0.2938466294893532
source::data/raw/source_domain/cwru_48khz_de/OR014@6_1.mat::w0005,source,data/raw/source_domain/cwru_48khz_de/OR014@6_1.mat,data/raw/source_domain/cwru_48khz_de/OR014@6_1.mat,data/raw/source_domain/cwru_48khz_de/OR014@6_1.mat,2.5,3.5,48000,OR,known_source_label,1.0,1772.0,mat_variable,DE_time,drive_end,0.13124501198562488,0.13124501198562488,0.5977163336923077,1.0933532307692309,-0.016525170767342803,3.0892327097597057,4.55420228658458,5.729076087265642,1.2579757610017155,6.771992500969858,0.1213150273964041,2871.09375,2790.7948367076033,3457.03125,0.7342635189124099,0.026023748799945536,0.03946467035372705,0.5817961738600137,0.33418231315513475,0.08686860511803308,3.415472722676651,41.0,214.3296694399089,0.9101790994100052,0.154357629775882,0.24317486482392764,0.2789633574593226,0.31907673020320004
source::data/raw/source_domain/cwru_48khz_de/OR014@6_1.mat::w0006,source,data/raw/source_domain/cwru_48khz_de/OR014@6_1.mat,data/raw/source_domain/cwru_48khz_de/OR014@6_1.mat,data/raw/source_domain/cwru_48khz_de/OR014@6_1.mat,3.0,4.0,48000,OR,known_source_label,1.0,1772.0,mat_variable,DE_time,drive_end,0.1336654789166311,0.1336654789166311,0.5662670081538461,1.1012806153846153,-0.020193599618079188,3.0560638206499404,4.236449176999528,5.327988686985072,1.257654338419036,6.298785566360022,0.12098168711848163,2871.09375,2801.5662217931667,3457.03125,0.7320678407039546,0.025066908179228797,0.03699943197681804,0.5860897088550621,0.33216767912416373,0.08860034410353618,3.2502978599231658,59.0,212.57509598826263,0.92304927374373,0.1618972109480535,0.23938108837795632,0.2778887338343655,0.31365902791888906
source::data/raw/source_domain/cwru_48khz_de/OR014@6_2.mat::w0000,source,data/raw/source_domain/cwru_48khz_de/OR014@6_2.mat,data/raw/source_domain/cwru_48khz_de/OR014@6_2.mat,data/raw/source_domain/cwru_48khz_de/OR014@6_2.mat,0.0,1.0,48000,OR,known_source_label,2.0,1749.0,mat_variable,DE_time,drive_end,0.18153668044943574,0.18153668044943574,1.889494661230769,3.763838769230769,-0.02274756829750881,14.92958883068046,10.408335420381615,14.704279994642041,1.412740789057115,17.945854342910543,0.12266922227546408,2882.8125,2831.527659821906,3457.03125,0.706699940934132,0.01220906029018139,0.026147367604030757,0.6892292413429159,0.2597276080857574,0.15850329187584952,33.734597825671486,2.0,117.3186485288521,0.8225916256570992,0.36748722389802785,0.3467745738839564,0.18046017298449837,0.10083230484747445
source::data/raw/source_domain/cwru_48khz_de/OR014@6_2.mat::w0001,source,data/raw/source_domain/cwru_48khz_de/OR014@6_2.mat,data/raw/source_domain/cwru_48khz_de/OR014@6_2.mat,data/raw/source_domain/cwru_48khz_de/OR014@6_2.mat,0.5,1.5,48000,OR,known_source_label,2.0,1749.0,mat_variable,DE_time,drive_end,0.18007881443333631,0.18007881443333631,1.8893797532692305,3.763838769230769,-0.02702706325393389,15.377373855976813,10.491960196451489,14.912666932223873,1.4213423090553383,18.250112018267338,0.12164836767432655,2941.40625,2833.0015437100838,3457.03125,0.7070528726890251,0.01179968927231846,0.025423990053935967,0.6906134236299522,0.25775249929829647,0.15878545545821074,33.80266271658978,1.0,181.0554099906117,0.8983967476570556,0.20818706258761188,0.2950362106997693,0.2400218476347977,0.2451339977002486
source::data/raw/source_domain/cwru_48khz_de/OR014@6_2.mat::w0002,source,data/raw/source_domain/cwru_48khz_de/OR014@6_2.mat,data/raw/source_domain/cwru_48khz_de/OR014@6_2.mat,data/raw/source_domain/cwru_48khz_de/OR014@6_2.mat,1.0,2.0,48000,OR,known_source_label,2.0,1749.0,mat_variable,DE_time,drive_end,0.14499587085780374,0.14499587085780374,0.6334730931923077,1.2445993846153844,-0.010075783258557586,3.2144238297485583,4.368904365622802,5.516305531428066,1.262629041458465,6.531884200574334,0.12110668972270255,2941.40625,2793.409261952598,3457.03125,0.7140764384179826,0.020111247129314964,0.03930531544873465,0.624208911172818,0.29523494687984075,0.09748707658930145,3.7721192691426486,58.0,204.94262682433867,0.903066701686436,0.20102060200629698,0.25159565368301084,0.23320653381601675,0.3090772853917664
source::data/raw/source_domain/cwru_48khz_de/OR014@6_2.mat::w0003,source,data/raw/source_domain/cwru_48khz_de/OR014@6_2.mat,data/raw/source_domain/cwru_48khz_de/OR014@6_2.mat,data/raw/source_domain/cwru_48khz_de/OR014@6_2.mat,1.5,2.5,48000,OR,known_source_label,2.0,1749.0,mat_variable,DE_time,drive_end,0.14424602866934458,0.14424602866934458,0.6325091293076923,1.2445993846153844,-0.0017089111901000612,3.2028669852740475,4.384932709331008,5.533013835117478,1.2618241149527856,6.549930623045594,0.12200254171961916,2941.40625,2798.724540891017,3457.03125,0.7153081725458356,0.02013418213486142,0.04026560046311091,0.6178306521949203,0.30641809716393875,0.09677491524051972,3.784446812625216,58.0,172.241295341362,0.8939587098695961,0.2295514551346145,0.3037713192798228,0.2213800130140744,0.2308096991782081
source::data/raw/source_domain/cwru_48khz_de/OR014@6_2.mat::w0004,source,data/raw/source_domain/cwru_48khz_de/OR014@6_2.mat,data/raw/source_domain/cwru_48khz_de/OR014@6_2.mat,data/raw/source_domain/cwru_48khz_de/OR014@6_2.mat,2.0,3.0,48000,OR,known_source_label,2.0,1749.0,mat_variable,DE_time,drive_end,0.1402608186837835,0.1402608186837835,0.6146243802692308,1.2201913846153847,0.012714831682633947,3.0971777461556544,4.382010500384379,5.50604978967911,1.2565122308942156,6.503416218318323,0.12123169232692348,2941.40625,2788.9064265534275,3445.3125,0.7152013775239007,0.020784066221655424,0.0442490864276525,0.6141216147914954,0.30692929672682323,0.09297927141514915,3.5254168166627022,105.0,199.75914451197244,0.9013915868405593,0.10940749187608163,0.3569939435082344,0.25493148280387734,0.2711136392715683
source::data/raw/source_domain/cwru_48khz_de/OR014@6_2.mat::w0005,source,data/raw/source_domain/cwru_48khz_de/OR014@6_2.mat,data/raw/source_domain/cwru_48khz_de/OR014@6_2.mat,data/raw/source_domain/cwru_48khz_de/OR014@6_2.mat,2.5,3.5,48000,OR,known_source_label,2.0,1749.0,mat_variable,DE_time,drive_end,0.14206703579402896,0.14206703579402896,0.6141650526538461,1.2201913846153847,0.00273137906906963,3.168426091232401,4.323065158760328,5.4543088010431955,1.2616762877034375,6.459042737014562,0.12106502218796225,2941.40625,2796.4627750472446,3457.03125,0.7126764631733845,0.018874982732633758,0.0427817281005866,0.6184821795587483,0.2992715373364081,0.09537132726002917,3.5134819580976377,105.0,204.08548763761146,0.8968932580826713,0.142870815950138,0.3265589793123572,0.21807464928361014,0.3044465580755606
source::data/raw/source_domain/cwru_48khz_de/OR014@6_2.mat::w0006,source,data/raw/source_domain/cwru_48khz_de/OR014@6_2.mat,data/raw/source_domain/cwru_48khz_de/OR014@6_2.mat,data/raw/source_domain/cwru_48khz_de/OR014@6_2.mat,3.0,4.0,48000,OR,known_source_label,2.0,1749.0,mat_variable,DE_time,drive_end,0.14347580748721483,0.14347580748721483,0.5848343771538461,1.132990153846154,-0.011769108917056171,3.053505973313731,4.0761880862868445,5.124683546834297,1.2572245044430346,6.058587477507603,0.12164836767432655,2941.40625,2791.2116406670193,3457.03125,0.7129558440969851,0.019702771311486133,0.0422853118687447,0.6125505833602708,0.3032876151324342,0.09522544957548258,3.1969146390995395,105.0,207.75830476723647,0.8949801810439915,0.11227337377215096,0.31754779902768654,0.2939833193206014,0.2667436691045812
source::data/raw/source_domain/cwru_48khz_de/OR014@6_3.mat::w0000,source,data/raw/source_domain/cwru_48khz_de/OR014@6_3.mat,data/raw/source_domain/cwru_48khz_de/OR014@6_3.mat,data/raw/source_domain/cwru_48khz_de/OR014@6_3.mat,0.0,1.0,48000,OR,known_source_label,3.0,1723.0,mat_variable,DE_time,drive_end,0.15181131785552288,0.15181131785552288,0.6854552141153846,1.3660135384615384,0.01110103564141815,2.959833679934773,4.515178603239644,5.642593587560745,1.2496944381059503,6.654418552730099,0.11993999874997396,2906.25,2739.0537451903165,3421.875,0.7060573239913391,0.01623685256335231,0.07236875232243803,0.6612061125015586,0.23507194182829563,0.09825076142891001,3.3406241155484158,104.0,201.23033220080444,0.8997435850400943,0.1882839134059043,0.25357406080206807,0.26518396009233325,0.28572701658471455
source::data/raw/source_domain/cwru_48khz_de/OR014@6_3.mat::w0001,source,data/raw/source_domain/cwru_48khz_de/OR014@6_3.mat,data/raw/source_domain/cwru_48khz_de/OR014@6_3.mat,data/raw/source_domain/cwru_48khz_de/OR014@6_3.mat,0.5,1.5,48000,OR,known_source_label,3.0,1723.0,mat_variable,DE_time,drive_end,0.15350677179194136,0.15350677179194136,0.6640640489999999,1.2911206153846153,0.016811184545971577,2.937355504558001,4.325959312698773,5.408749591096547,1.2503006154459264,6.379667819826675,0.11927331819412905,2906.25,2742.506712902224,3421.875,0.6948883567770322,0.015369922224617357,0.06898635641306948,0.6871600595004228,0.21497158306550979,0.09960653517680697,3.181826874369902,25.0,181.22053899956944,0.9049867508639694,0.202104169853721,0.30151251020308967,0.2278299815926038,0.24436894898289233
source::data/raw/source_domain/cwru_48khz_de/OR014@6_3.mat::w0002,source,data/raw/source_domain/cwru_48khz_de/OR014@6_3.mat,data/raw/source_domain/cwru_48khz_de/OR014@6_3.mat,data/raw/source_domain/cwru_48khz_de/OR014@6_3.mat,1.0,2.0,48000,OR,known_source_label,3.0,1723.0,mat_variable,DE_time,drive_end,0.154431125208697,0.154431125208697,0.6622487561538462,1.2531526153846153,0.01384246894297346,3.0565605651834598,4.288311409080262,5.387609363650054,1.2563475106325541,6.368807796352808,0.1192941519614992,2906.25,2738.6762950827256,3421.875,0.6930287613791247,0.014923006325825397,0.07167348287868909,0.6824959964608773,0.21808890056567962,0.1020917079489603,3.3781923775675984,103.0,186.75139567781358,0.8879656288282344,0.23144227624321645,0.2665400732729735,0.21944063338619604,0.2701488475378436
source::data/raw/source_domain/cwru_48khz_de/OR014@6_3.mat::w0003,source,data/raw/source_domain/cwru_48khz_de/OR014@6_3.mat,data/raw/source_domain/cwru_48khz_de/OR014@6_3.mat,data/raw/source_domain/cwru_48khz_de/OR014@6_3.mat,1.5,2.5,48000,OR,known_source_label,3.0,1723.0,mat_variable,DE_time,drive_end,0.15250863611857027,0.15250863611857027,0.6185129623461538,1.208926153846154,0.01661679505311662,3.0004660274071844,4.055593034490358,5.080944258528072,1.2528239927636742,5.99581669846648,0.11939832079834997,2906.25,2746.8891264929266,3421.875,0.6925036017096076,0.015076201136949869,0.07053378377969578,0.6757782522405326,0.22320743707663832,0.09985297153830794,3.2653252147723304,47.0,188.45359316497542,0.8907778841911779,0.23887461037657445,0.2771788686089393,0.2044610913709864,0.27303886923135073
source::data/raw/source_domain/cwru_48khz_de/OR014@6_3.mat::w0004,source,data/raw/source_domain/cwru_48khz_de/OR014@6_3.mat,data/raw/source_domain/cwru_48khz_de/OR014@6_3.mat,data/raw/source_domain/cwru_48khz_de/OR014@6_3.mat,2.0,3.0,48000,OR,known_source_label,3.0,1723.0,mat_variable,DE_time,drive_end,0.15181287787930892,0.15181287787930892,0.6830625390769232,1.3324264615384616,0.003604298591137197,3.052127993670621,4.4993715198223025,5.65678452257242,1.2572388160465946,6.690675170649458,0.11977332861101272,2906.25,2744.3792431139755,3421.875,0.6980944641422293,0.01579577346645746,0.07216546458736768,0.6562825785085956,0.23551741221971131,0.1007403187390331,3.3014516617641787,47.0,187.07096839026175,0.8984596840421473,0.24585041482526387,0.2536744942024687,0.22171192467514655,0.2728066408448605
source::data/raw/source_domain/cwru_48khz_de/OR014@6_3.mat::w0005,source,data/raw/source_domain/cwru_48khz_de/OR014@6_3.mat,data/raw/source_domain/cwru_48khz_de/OR014@6_3.mat,data/raw/source_domain/cwru_48khz_de/OR014@6_3.mat,2.5,3.5,48000,OR,known_source_label,3.0,1723.0,mat_variable,DE_time,drive_end,0.15277197337776657,0.15277197337776657,0.6836504128846154,1.3324264615384616,-0.009202151152949459,3.0933407485147257,4.4749727176047225,5.63148087553845,1.2584391527901646,6.662952760412621,0.11939832079834997,2906.25,2742.1051403586234,3410.15625,0.6888613620913178,0.015189738030118515,0.07200593704883461,0.6799243845919607,0.21685001280618518,0.1018630701371004,3.375097861926421,104.0,176.02842868780164,0.8997999897942363,0.22657763248036583,0.29915087331690043,0.22924168592382713,0.23652558888503392
source::data/raw/source_domain/cwru_48khz_de/OR014@6_3.mat::w0006,source,data/raw/source_domain/cwru_48khz_de/OR014@6_3.mat,data/raw/source_domain/cwru_48khz_de/OR014@6_3.mat,data/raw/source_domain/cwru_48khz_de/OR014@6_3.mat,3.0,4.0,48000,OR,known_source_label,3.0,1723.0,mat_variable,DE_time,drive_end,0.15058896514061798,0.15058896514061798,0.6399980000384614,1.2504406153846153,0.01100201946398237,2.9583744959439042,4.2499661209344906,5.31184343374233,1.2498554770923862,6.261416204218947,0.11975249484364257,2906.25,2729.754677666946,3421.875,0.6990216246207146,0.016669133222519852,0.07679714106786288,0.6671469174364689,0.22284237720495645,0.0978150377732787,3.19741441081469,103.0,192.81361967187786,0.9090805864306114,0.19555009679476243,0.288503861555306,0.22960351524435244,0.27424405588066714
source::data/raw/source_domain/cwru_48khz_de/OR021@12_0.mat::w0000,source,data/raw/source_domain/cwru_48khz_de/OR021@12_0.mat,data/raw/source_domain/cwru_48khz_de/OR021@12_0.mat,data/raw/source_domain/cwru_48khz_de/OR021@12_0.mat,0.0,1.0,48000,OR,known_source_label,0.0,1796.0,mat_variable,DE_time,drive_end,0.6296316453012193,0.6296316453012193,5.669961804611111,11.000906666666666,0.13210936127098133,24.99672726099476,9.005204625459326,20.021800231089813,2.223358720184192,31.911337463674023,0.11239817496197838,2765.625,2721.215888363249,2929.6875,0.6107400455930458,0.0033712847718830726,0.018935036361570984,0.9364376846297586,0.039831797827441916,0.771357867494966,18.716478490534527,30.0,76.7268745638262,0.5997249574870317,0.4194948274363358,0.47882324227874695,0.0850080681507436,0.010659578318769458
source::data/raw/source_domain/cwru_48khz_de/OR021@12_0.mat::w0001,source,data/raw/source_domain/cwru_48khz_de/OR021@12_0.mat,data/raw/source_domain/cwru_48khz_de/OR021@12_0.mat,data/raw/source_domain/cwru_48khz_de/OR021@12_0.mat,0.5,1.5,48000,OR,known_source_label,0.0,1796.0,mat_variable,DE_time,drive_end,0.6095550816970742,0.6095550816970742,5.646858926833334,10.874872,0.14081682001951118,23.99890717967545,9.26390263387279,20.19488133579779,2.1799539712262876,31.7417863261678,0.11196066584720515,2765.625,2720.980992482659,2941.40625,0.6134863477004561,0.0036934950989274723,0.020199415534356478,0.9320752014857854,0.04276947347193451,0.7417375846677858,18.11442670573109,30.0,76.7570922133573,0.5779053659134616,0.4069835597949471,0.4914102096845938,0.08824810868548193,0.007415940284837066
source::data/raw/source_domain/cwru_48khz_de/OR021@12_0.mat::w0002,source,data/raw/source_domain/cwru_48khz_de/OR021@12_0.mat,data/raw/source_domain/cwru_48khz_de/OR021@12_0.mat,data/raw/source_domain/cwru_48khz_de/OR021@12_0.mat,1.0,2.0,48000,OR,known_source_label,0.0,1796.0,mat_variable,DE_time,drive_end,0.588406375002167,0.588406375002167,5.355402664666666,10.525981333333334,0.15745608419438029,25.260209571615253,9.101537461482877,19.97977591055063,2.1952088858689867,31.25862893637032,0.11214816975353653,2765.625,2724.033665967738,2941.40625,0.6137259724039036,0.003336197285025136,0.01996026777962645,0.9308936732024045,0.04434048724416828,0.7178026642153824,19.174563239459385,30.0,77.53245848188543,0.6176054311406686,0.41081918513252746,0.48027195922210136,0.09155317570498099,0.009252655965465621
source::data/raw/source_domain/cwru_48khz_de/OR021@12_0.mat::w0003,source,data/raw/source_domain/cwru_48khz_de/OR021@12_0.mat,data/raw/source_domain/cwru_48khz_de/OR021@12_0.mat,data/raw/source_domain/cwru_48khz_de/OR021@12_0.mat,1.5,2.5,48000,OR,known_source_label,0.0,1796.0,mat_variable,DE_time,drive_end,0.5913820911461867,0.5913820911461867,5.611038424333333,10.997568,0.15333381865823684,26.426953683244733,9.488008697471402,20.97387273705074,2.2105663480899747,32.8977870997108,0.11243984249671868,2765.625,2724.4275425922906,2929.6875,0.6090954814943679,0.0034412657993762264,0.019224030312455016,0.9359559614105804,0.03967473989748585,0.7232062813359984,20.2198360420841,30.0,77.92626956619732,0.612547867713698,0.4025666695021791,0.4901106766444792,0.0897475627365948,0.011604691318193068
source::data/raw/source_domain/cwru_48khz_de/OR021@12_1.mat::w0000,source,data/raw/source_domain/cwru_48khz_de/OR021@12_1.mat,data/raw/source_domain/cwru_48khz_de/OR021@12_1.mat,data/raw/source_domain/cwru_48khz_de/OR021@12_1.mat,0.0,1.0,48000,OR,known_source_label,1.0,1771.0,mat_variable,DE_time,drive_end,0.5222881798399824,0.5222881798399824,4.948363605722223,9.371637333333334,0.16780066309032146,22.290731019701873,9.474393250157066,19.320484953792572,2.039231900516193,29.105542910738485,0.10800225004687598,2765.625,2708.816371698913,3035.15625,0.6215292076796354,0.00564274212570972,0.029551813301632215,0.9075419906548305,0.05548406885354439,0.6195610348269698,17.878713535203893,59.0,74.80621887514324,0.5914235537633008,0.4036817977125606,0.5121247674345355,0.07372237848573188,0.01017532452333302
source::data/raw/source_domain/cwru_48khz_de/OR021@12_1.mat::w0001,source,data/raw/source_domain/cwru_48khz_de/OR021@12_1.mat,data/raw/source_domain/cwru_48khz_de/OR021@12_1.mat,data/raw/source_domain/cwru_48khz_de/OR021@12_1.mat,0.5,1.5,48000,OR,known_source_label,1.0,1771.0,mat_variable,DE_time,drive_end,0.5567131995597806,0.5567131995597806,4.948509794111112,9.371637333333334,0.16387876861597175,22.55505867351862,8.888795519874943,18.63874423757499,2.0968807523883437,28.617577976962096,0.10877309943957165,2753.90625,2707.422979895729,3035.15625,0.6230707077353366,0.00532484834648658,0.029249331587286355,0.9082441454127204,0.055383264635004335,0.6678579032272333,17.48029939217333,59.0,73.54636678239812,0.5976532399048593,0.4202857075080943,0.4961261504951172,0.07454778719529828,0.008685625040281687
source::data/raw/source_domain/cwru_48khz_de/OR021@12_1.mat::w0002,source,data/raw/source_domain/cwru_48khz_de/OR021@12_1.mat,data/raw/source_domain/cwru_48khz_de/OR021@12_1.mat,data/raw/source_domain/cwru_48khz_de/OR021@12_1.mat,1.0,2.0,48000,OR,known_source_label,1.0,1771.0,mat_variable,DE_time,drive_end,0.5762831529917969,0.5762831529917969,5.046590222111112,9.801490666666666,0.1418496721708124,22.55488588579297,8.757136480396452,18.622217103130154,2.126518999079797,28.900611130407345,0.11000229171441071,2765.625,2713.732452163124,3023.4375,0.622160464370396,0.005150455212695288,0.026712655532112134,0.912400690629401,0.05387632735621623,0.6949341550473649,17.189833609801795,59.0,74.87908577733523,0.5898362119656418,0.41512155251651395,0.49851362481800854,0.07396022646806347,0.012106882615339175
source::data/raw/source_domain/cwru_48khz_de/OR021@12_1.mat::w0003,source,data/raw/source_domain/cwru_48khz_de/OR021@12_1.mat,data/raw/source_domain/cwru_48khz_de/OR021@12_1.mat,data/raw/source_domain/cwru_48khz_de/OR021@12_1.mat,1.5,2.5,48000,OR,known_source_label,1.0,1771.0,mat_variable,DE_time,drive_end,0.5321181588449883,0.5321181588449883,5.045748495555556,9.801490666666666,0.15654103970846855,25.389263068006485,9.482383586567199,20.099237937687473,2.1196398304454167,30.72227047329173,0.10864809683535073,2765.625,2715.5884806226145,2976.5625,0.615041217970162,0.005104429673021669,0.02698018337092075,0.9186354080399433,0.04742288543314281,0.6408992049740485,20.157089707720676,59.0,75.31392032992689,0.6064141182265952,0.39992647897688594,0.5092750412618149,0.08236968983433482,0.007958784211277912
source::data/raw/source_domain/cwru_48khz_de/OR021@12_1.mat::w0004,source,data/raw/source_domain/cwru_48khz_de/OR021@12_1.mat,data/raw/source_domain/cwru_48khz_de/OR021@12_1.mat,data/raw/source_domain/cwru_48khz_de/OR021@12_1.mat,2.0,3.0,48000,OR,known_source_label,1.0,1771.0,mat_variable,DE_time,drive_end,0.5184668271055464,0.5184668271055464,5.024854389222223,9.588650666666666,0.1524056521329319,23.215175807184334,9.691756784643044,20.029533306945364,2.0666566188128335,30.21596190780645,0.10912727348486427,2753.90625,2713.1909902352468,3011.71875,0.6210028642512261,0.005869245996752315,0.029687696668830386,0.9096648924619049,0.05252895664632014,0.6183875673988042,18.42924651021205,59.0,76.31219512078796,0.6114488806395373,0.4063475997229161,0.4958916735337986,0.08342828704144419,0.013478094445232767
source::data/raw/source_domain/cwru_48khz_de/OR021@12_1.mat::w0005,source,data/raw/source_domain/cwru_48khz_de/OR021@12_1.mat,data/raw/source_domain/cwru_48khz_de/OR021@12_1.mat,data/raw/source_domain/cwru_48khz_de/OR021@12_1.mat,2.5,3.5,48000,OR,known_source_label,1.0,1771.0,mat_variable,DE_time,drive_end,0.5421595757744467,0.5421595757744467,4.844856209833334,9.254784,0.13671430942817814,20.687342569159263,8.936218092069614,18.05825807158158,2.020794242653271,27.146851685916705,0.11041896706181378,2753.90625,2716.4930476658765,3000.0,0.6172175975001302,0.005537076615480022,0.027937413033173448,0.9138960037844234,0.049631793809209096,0.6405698453247625,16.31267308817568,59.0,76.03497759026143,0.58071785702438,0.38958270021627806,0.5188710225624336,0.08296129906669567,0.00843617866858571
source::data/raw/source_domain/cwru_48khz_de/OR021@12_1.mat::w0006,source,data/raw/source_domain/cwru_48khz_de/OR021@12_1.mat,data/raw/source_domain/cwru_48khz_de/OR021@12_1.mat,data/raw/source_domain/cwru_48khz_de/OR021@12_1.mat,3.0,4.0,48000,OR,known_source_label,1.0,1771.0,mat_variable,DE_time,drive_end,0.5511230096537371,0.5511230096537371,5.145238414722223,9.850736000000001,0.16227199329422332,22.159546939050383,9.335916527864748,19.182968153415477,2.0547493217324297,28.98750256053841,0.1101897956207421,2753.90625,2710.926592794369,2988.28125,0.6157912114192428,0.0054008740190188325,0.028061119640941497,0.9167751324297855,0.047591816411568455,0.6557989723750824,17.491968401191357,59.0,74.72049313930064,0.6078445492039231,0.4068254983008494,0.509059278938854,0.07403146199758333,0.009700649885115636
source::data/raw/source_domain/cwru_48khz_de/OR021@12_2.mat::w0000,source,data/raw/source_domain/cwru_48khz_de/OR021@12_2.mat,data/raw/source_domain/cwru_48khz_de/OR021@12_2.mat,data/raw/source_domain/cwru_48khz_de/OR021@12_2.mat,0.0,1.0,48000,OR,known_source_label,2.0,1746.0,mat_variable,DE_time,drive_end,0.47950448115161404,0.47950448115161404,4.664267277722222,9.081173333333332,0.14945798064446977,21.261024830295064,9.727265252058624,18.93710660836672,1.9468068483399774,27.537811175642414,0.10862726306798058,2777.34375,2697.566565057634,3269.53125,0.642221593412606,0.008393668639630697,0.037138431351531415,0.8739847036135044,0.07827956244564825,0.557058475312125,17.968702342046125,58.0,74.2895413748587,0.5885542090024365,0.40683803738329827,0.5110997072616619,0.06702451921228458,0.012329449898993565
source::data/raw/source_domain/cwru_48khz_de/OR021@12_2.mat::w0001,source,data/raw/source_domain/cwru_48khz_de/OR021@12_2.mat,data/raw/source_domain/cwru_48khz_de/OR021@12_2.mat,data/raw/source_domain/cwru_48khz_de/OR021@12_2.mat,0.5,1.5,48000,OR,known_source_label,2.0,1746.0,mat_variable,DE_time,drive_end,0.46993792957465624,0.46993792957465624,4.663728987277778,9.081173333333332,0.15480050913054827,19.88841369005758,9.924138261172116,18.95700179906849,1.9101912226673454,27.38748432588393,0.10883560074168212,2765.625,2695.739749143438,3292.96875,0.6477859998910849,0.008806188159742667,0.039617522583117216,0.8635041464241968,0.08526573605010329,0.540728361879897,16.982488309551876,58.0,75.82991864464688,0.6266527438099194,0.40199345266724834,0.5028905022817733,0.0774663806766351,0.014998012928952144
source::data/raw/source_domain/cwru_48khz_de/OR021@12_2.mat::w0002,source,data/raw/source_domain/cwru_48khz_de/OR021@12_2.mat,data/raw/source_domain/cwru_48khz_de/OR021@12_2.mat,data/raw/source_domain/cwru_48khz_de/OR021@12_2.mat,1.0,2.0,48000,OR,known_source_label,2.0,1746.0,mat_variable,DE_time,drive_end,0.4773157573814671,0.4773157573814671,4.514039867277777,8.804064,0.17275158472377533,21.907996145124592,9.457135653832468,18.440906512723814,1.9499462826476508,26.82569085539416,0.10943977999541657,2765.625,2694.6661482128034,3246.09375,0.6377299102606581,0.008136246770447554,0.03800285721587507,0.8801094578863969,0.07127242924552812,0.5548268122335186,18.74156570363068,58.0,75.22576617009666,0.604412604173498,0.40403481161444627,0.5042943262142766,0.0745151267796381,0.013594311457542703
source::data/raw/source_domain/cwru_48khz_de/OR021@12_2.mat::w0003,source,data/raw/source_domain/cwru_48khz_de/OR021@12_2.mat,data/raw/source_domain/cwru_48khz_de/OR021@12_2.mat,data/raw/source_domain/cwru_48khz_de/OR021@12_2.mat,1.5,2.5,48000,OR,known_source_label,2.0,1746.0,mat_variable,DE_time,drive_end,0.4606353873838997,0.4606353873838997,4.512917431888888,8.804064,0.19062322242368604,23.895872430661953,9.797157481776287,19.336582470868706,1.9736931356666205,28.10999066911734,0.10835642409216859,2765.625,2696.851264861587,3234.375,0.6351056147460895,0.006962448470875881,0.03757175260121179,0.8839972045658601,0.06951949488733303,0.5385358291481601,20.622073873556833,58.0,78.31163678510501,0.6557594357463667,0.39523058657852295,0.5029775355651747,0.07931043326474774,0.01939234440575597
source::data/raw/source_domain/cwru_48khz_de/OR021@12_2.mat::w0004,source,data/raw/source_domain/cwru_48khz_de/OR021@12_2.mat,data/raw/source_domain/cwru_48khz_de/OR021@12_2.mat,data/raw/source_domain/cwru_48khz_de/OR021@12_2.mat,2.0,3.0,48000,OR,known_source_label,2.0,1746.0,mat_variable,DE_time,drive_end,0.48363477732983606,0.48363477732983606,5.181348946499999,9.822357333333333,0.1826967312964864,25.452042945537883,10.713350630191833,21.323430545554316,1.9903605586675743,31.21619167514134,0.10891893581116273,2765.625,2701.15284945541,3257.8125,0.6367525694516827,0.006940182455028708,0.03809986255088599,0.8788920916692866,0.07336147419669843,0.5675033342621796,22.1661264889239,58.0,75.96813329901404,0.6350155484847434,0.39871646109049896,0.5064195174259555,0.07568925856835099,0.015128291299484922
source::data/raw/source_domain/cwru_48khz_de/OR021@12_2.mat::w0005,source,data/raw/source_domain/cwru_48khz_de/OR021@12_2.mat,data/raw/source_domain/cwru_48khz_de/OR021@12_2.mat,data/raw/source_domain/cwru_48khz_de/OR021@12_2.mat,2.5,3.5,48000,OR,known_source_label,2.0,1746.0,mat_variable,DE_time,drive_end,0.5014608930893658,0.5014608930893658,5.181737396888888,9.822357333333333,0.1801309653870668,24.451321653361493,10.333283149868903,20.65794953171814,1.9991661151701847,30.44295735545289,0.10956478259963749,2765.625,2709.8805056876085,3058.59375,0.6244109782680685,0.005863614559583572,0.03210389795248368,0.8989519192447999,0.06113602817478396,0.5896604600283251,20.85225881933343,58.0,75.50443017547683,0.6224603627508752,0.39857724767113667,0.5033265997147568,0.08352820764780783,0.011648079575217813
source::data/raw/source_domain/cwru_48khz_de/OR021@12_2.mat::w0006,source,data/raw/source_domain/cwru_48khz_de/OR021@12_2.mat,data/raw/source_domain/cwru_48khz_de/OR021@12_2.mat,data/raw/source_domain/cwru_48khz_de/OR021@12_2.mat,3.0,4.0,48000,OR,known_source_label,2.0,1746.0,mat_variable,DE_time,drive_end,0.46623302605442907,0.46623302605442907,4.505948121722222,8.591224,0.19303379790376304,21.348770125773648,9.664583737975102,18.84867807946439,1.950283487674875,27.528313132300866,0.11014812808600179,2765.625,2697.3959524796373,3117.1875,0.6336568417431017,0.006790630749692188,0.03870045724162847,0.8850590894344851,0.06689295458985851,0.5420013236637056,18.04348486088756,58.0,77.3158093377376,0.6050298161237998,0.3822758081396287,0.5204850873104442,0.08111115350112195,0.013781337495030712
source::data/raw/source_domain/cwru_48khz_de/OR021@12_3.mat::w0000,source,data/raw/source_domain/cwru_48khz_de/OR021@12_3.mat,data/raw/source_domain/cwru_48khz_de/OR021@12_3.mat,data/raw/source_domain/cwru_48khz_de/OR021@12_3.mat,0.0,1.0,48000,OR,known_source_label,3.0,1718.0,mat_variable,DE_time,drive_end,0.4355570670419258,0.4355570670419258,3.9365438774999992,7.77492,0.12882116425980047,21.34225940698533,9.03795202825176,17.03335371938086,1.8846475026750686,24.14522938527701,0.10729390195629075,2765.625,2662.537886117274,3269.53125,0.6479470870376066,0.007751246307596088,0.050880203220148176,0.8685948863281048,0.07029742711107861,0.49764367495120215,19.114050367904255,57.0,74.02876816827509,0.6269090289127914,0.40896416982835276,0.5134739203060799,0.05800409415259136,0.014589581682250849
source::data/raw/source_domain/cwru_48khz_de/OR021@12_3.mat::w0001,source,data/raw/source_domain/cwru_48khz_de/OR021@12_3.mat,data/raw/source_domain/cwru_48khz_de/OR021@12_3.mat,data/raw/source_domain/cwru_48khz_de/OR021@12_3.mat,0.5,1.5,48000,OR,known_source_label,3.0,1718.0,mat_variable,DE_time,drive_end,0.4209290848740074,0.4209290848740074,3.8641900671666667,7.610490666666667,0.13156127993728625,20.654090658865936,9.180145079103092,17.16243931154067,1.8695172204377277,24.292715221032687,0.10643971749411446,2765.625,2668.943838575037,3234.375,0.6451998136906927,0.006950188168550279,0.048409793195496674,0.8726422047127246,0.06968162858594362,0.47870377978982914,18.605894383755636,57.0,76.09392250798462,0.6182065897003217,0.3928998884540882,0.5230457335463559,0.06313766257320272,0.01623476253694003
source::data/raw/source_domain/cwru_48khz_de/OR021@12_3.mat::w0002,source,data/raw/source_domain/cwru_48khz_de/OR021@12_3.mat,data/raw/source_domain/cwru_48khz_de/OR021@12_3.mat,data/raw/source_domain/cwru_48khz_de/OR021@12_3.mat,1.0,2.0,48000,OR,known_source_label,3.0,1718.0,mat_variable,DE_time,drive_end,0.43497968355970856,0.43497968355970856,4.103187442388889,8.170552,0.158609801829707,21.792334589241655,9.433055375829346,18.209927537372685,1.930437892264554,26.24280033242062,0.10646055126148461,2765.625,2665.482838391961,3292.96875,0.6597333641542493,0.008468063130880457,0.05255210527214946,0.8517312485954239,0.08422259375143619,0.503129967637745,18.867230450856546,57.0,75.67642384601619,0.6356181068462208,0.3935420037949928,0.524233826316978,0.06145873098914838,0.015341980742923965
source::data/raw/source_domain/cwru_48khz_de/OR021@12_3.mat::w0003,source,data/raw/source_domain/cwru_48khz_de/OR021@12_3.mat,data/raw/source_domain/cwru_48khz_de/OR021@12_3.mat,data/raw/source_domain/cwru_48khz_de/OR021@12_3.mat,1.5,2.5,48000,OR,known_source_label,3.0,1718.0,mat_variable,DE_time,drive_end,0.4190220225846346,0.4190220225846346,4.1053369698888895,8.170552,0.17444236748735978,21.128355739365595,9.797425310861534,18.711023149604085,1.9097898229258443,26.814416603950313,0.10708556428258922,2765.625,2665.9022297858646,3210.9375,0.6454971164830164,0.0077063976286700165,0.049931821657615456,0.8707196547518681,0.06876992709892263,0.48217716306030556,18.471217114457325,57.0,74.46643155507607,0.607741924170676,0.4068049206756807,0.5114613027868795,0.06141701693686191,0.014751903692750612
source::data/raw/source_domain/cwru_48khz_de/OR021@12_3.mat::w0004,source,data/raw/source_domain/cwru_48khz_de/OR021@12_3.mat,data/raw/source_domain/cwru_48khz_de/OR021@12_3.mat,data/raw/source_domain/cwru_48khz_de/OR021@12_3.mat,2.0,3.0,48000,OR,known_source_label,3.0,1718.0,mat_variable,DE_time,drive_end,0.3987525664286218,0.3987525664286218,3.986027247333333,7.623845333333333,0.17823382168987373,21.35450087605532,9.996242238698796,18.736696879325496,1.8743740329483503,26.451846776478753,0.10571053563615909,2753.90625,2653.8096915552437,3246.09375,0.6492079317230857,0.008344603189926213,0.054246891509145266,0.8653761175672139,0.06908761675250322,0.4544247846196557,19.413701082028457,57.0,75.14373698150479,0.611610543572771,0.3961719859532258,0.5255859838327535,0.05806028143315344,0.014463115722833174
source::data/raw/source_domain/cwru_48khz_de/OR021@12_3.mat::w0005,source,data/raw/source_domain/cwru_48khz_de/OR021@12_3.mat,data/raw/source_domain/cwru_48khz_de/OR021@12_3.mat,data/raw/source_domain/cwru_48khz_de/OR021@12_3.mat,2.5,3.5,48000,OR,known_source_label,3.0,1718.0,mat_variable,DE_time,drive_end,0.42115083963607824,0.42115083963607824,3.987038550333333,7.623845333333333,0.15984060389763924,20.90739266163026,9.467008432819739,18.024688160276494,1.9039476185261048,25.735275361107693,0.10562720056667847,2777.34375,2654.572257462783,3292.96875,0.6598351634334638,0.008875892432385462,0.05664798784911671,0.8485186942897373,0.08256024467178982,0.4840047287373544,18.260103739077,57.0,76.72934564608322,0.6184973029976971,0.4040591699180603,0.5111739547815527,0.0583270177087228,0.020027110496495467
source::data/raw/source_domain/cwru_48khz_de/OR021@12_3.mat::w0006,source,data/raw/source_domain/cwru_48khz_de/OR021@12_3.mat,data/raw/source_domain/cwru_48khz_de/OR021@12_3.mat,data/raw/source_domain/cwru_48khz_de/OR021@12_3.mat,3.0,4.0,48000,OR,known_source_label,3.0,1718.0,mat_variable,DE_time,drive_end,0.40185442645900704,0.40185442645900704,3.6143451205,7.162274666666667,0.17604086796141732,19.06189379209237,8.99416525615826,16.685045082007903,1.8550965661368313,23.683015149705557,0.10610637721619201,2777.34375,2651.9366684841348,3281.25,0.6572151801497059,0.008867204417312893,0.05773149729179798,0.8517451553196349,0.0783419467035901,0.45540943975241244,16.956522463730288,57.0,80.12221439850968,0.589944081713725,0.3666549605134299,0.5392148700830323,0.06704682401873177,0.022270755836393902
source::data/raw/source_domain/cwru_48khz_de/OR021@3_0.mat::w0000,source,data/raw/source_domain/cwru_48khz_de/OR021@3_0.mat,data/raw/source_domain/cwru_48khz_de/OR021@3_0.mat,data/raw/source_domain/cwru_48khz_de/OR021@3_0.mat,0.0,1.0,48000,OR,known_source_label,0.0,1796.0,mat_variable,DE_time,drive_end,0.4138843337536745,0.4138843337536745,2.978044229638889,5.445782666666666,-0.2510124152314168,8.112743753447385,7.195353838650227,10.375241389328,1.4419362302339838,13.074656633521737,0.11187733077772453,3058.59375,2598.5216282102742,3398.4375,0.8187913936005609,0.01769494976650981,0.09398408701113595,0.5440387848867966,0.33465512230733957,0.37204303747351436,10.73069772691956,30.0,146.78476476804028,0.6885415831597627,0.401284059081061,0.2827686482837674,0.1331261824284049,0.18009933347360188
source::data/raw/source_domain/cwru_48khz_de/OR021@3_0.mat::w0001,source,data/raw/source_domain/cwru_48khz_de/OR021@3_0.mat,data/raw/source_domain/cwru_48khz_de/OR021@3_0.mat,data/raw/source_domain/cwru_48khz_de/OR021@3_0.mat,0.5,1.5,48000,OR,known_source_label,0.0,1796.0,mat_variable,DE_time,drive_end,0.41587930704939136,0.41587930704939136,2.9784054925,5.507130666666667,-0.26766024120645765,8.120344470215684,7.16170639415611,10.292444859140026,1.4371497926128085,12.941916735950208,0.1127940165420113,3082.03125,2605.0129720017767,3386.71875,0.8185115500013969,0.016963945338401995,0.0934867026261297,0.5366055862070472,0.3420822288375994,0.37203487837065236,10.95406312752159,30.0,148.2238265363725,0.6837289446281388,0.3722105104633283,0.28471898396941014,0.16592516208921843,0.17286553282415723
source::data/raw/source_domain/cwru_48khz_de/OR021@3_0.mat::w0002,source,data/raw/source_domain/cwru_48khz_de/OR021@3_0.mat,data/raw/source_domain/cwru_48khz_de/OR021@3_0.mat,data/raw/source_domain/cwru_48khz_de/OR021@3_0.mat,1.0,2.0,48000,OR,known_source_label,0.0,1796.0,mat_variable,DE_time,drive_end,0.41342994417841983,0.41342994417841983,3.2555317278333336,5.935732,-0.2265776155585826,8.45629666546573,7.874445897466251,11.357498729335841,1.4423235459605932,14.304931847078503,0.11291901914623222,3058.59375,2603.648070254385,3363.28125,0.8165937123032216,0.018554710272944062,0.09196305056776768,0.5331975156907134,0.3461258519612297,0.37161835417836325,11.607498231342435,30.0,147.8370224765767,0.6785984898425044,0.3808380115097781,0.29225747396266377,0.15145985263269854,0.17311017806922832
source::data/raw/source_domain/cwru_48khz_de/OR021@3_0.mat::w0003,source,data/raw/source_domain/cwru_48khz_de/OR021@3_0.mat,data/raw/source_domain/cwru_48khz_de/OR021@3_0.mat,data/raw/source_domain/cwru_48khz_de/OR021@3_0.mat,1.5,2.5,48000,OR,known_source_label,0.0,1796.0,mat_variable,DE_time,drive_end,0.41430817202600007,0.41430817202600007,3.256141286638889,5.935732,-0.24026533576866507,8.535942245832608,7.859225345974323,11.374075209367364,1.447225993483693,14.346589620850843,0.11246067626408883,3046.875,2601.1387510947116,3375.0,0.8155387704518934,0.017413901449191516,0.09297049022094174,0.5389795375808651,0.33843084909688914,0.37407054378575505,11.532983500715911,30.0,145.00872559834633,0.6892806188642571,0.3746312851020657,0.2965174785158691,0.16344589207761415,0.15908150202257063
source::data/raw/source_domain/cwru_48khz_de/OR021@3_1.mat::w0000,source,data/raw/source_domain/cwru_48khz_de/OR021@3_1.mat,data/raw/source_domain/cwru_48khz_de/OR021@3_1.mat,data/raw/source_domain/cwru_48khz_de/OR021@3_1.mat,0.0,1.0,48000,OR,known_source_label,1.0,1770.0,mat_variable,DE_time,drive_end,0.7720223238701294,0.7720223238701294,5.026450184944444,9.778954666666667,0.10641948271952409,7.083439813547799,6.510757564289669,9.496405100056334,1.4585714498309847,12.163031379164119,0.11143982166295131,2964.84375,2621.563147603847,3316.40625,0.7892775107516239,0.018686670275955514,0.07926407873930792,0.6421466436656798,0.24812916882783506,0.7058539624555518,7.411585060240543,30.0,124.92085335299281,0.6510292652717102,0.3623412384647079,0.326688150019626,0.21649404903311004,0.09427278139652011
source::data/raw/source_domain/cwru_48khz_de/OR021@3_1.mat::w0001,source,data/raw/source_domain/cwru_48khz_de/OR021@3_1.mat,data/raw/source_domain/cwru_48khz_de/OR021@3_1.mat,data/raw/source_domain/cwru_48khz_de/OR021@3_1.mat,0.5,1.5,48000,OR,known_source_label,1.0,1770.0,mat_variable,DE_time,drive_end,0.7625229898449546,0.7625229898449546,5.053940209833334,9.531893333333333,0.10765245726315043,7.246519287095045,6.627918472142505,9.714561828847351,1.465703277682946,12.473595683615622,0.11181482947561408,2906.25,2619.7200483043475,3304.6875,0.7871948716113392,0.018463671106163707,0.07948961500155322,0.6420659425369024,0.24973916772561533,0.7013968620149618,7.590786256124782,30.0,119.07236235479701,0.6387646373711379,0.38356101068335424,0.32334673102212685,0.1998073262621778,0.09249041410220175
source::data/raw/source_domain/cwru_48khz_de/OR021@3_1.mat::w0002,source,data/raw/source_domain/cwru_48khz_de/OR021@3_1.mat,data/raw/source_domain/cwru_48khz_de/OR021@3_1.mat,data/raw/source_domain/cwru_48khz_de/OR021@3_1.mat,1.0,2.0,48000,OR,known_source_label,1.0,1770.0,mat_variable,DE_time,drive_end,0.7532214185907213,0.7532214185907213,5.820493051111111,10.808098666666666,0.059724264493673906,7.542244117341257,7.727466197115765,11.337336822616143,1.4671480318908015,14.538204085827614,0.1122523385903873,2707.03125,2612.148549343279,3304.6875,0.7870900278617385,0.019407760093179353,0.0805992437424939,0.6473785253891792,0.24417491118505488,0.6936743285341873,8.228911352040207,30.0,127.16917316808563,0.6352687302754577,0.3612280770928279,0.3177892864989923,0.21687715145394523,0.1037807633817601
source::data/raw/source_domain/cwru_48khz_de/OR021@3_1.mat::w0003,source,data/raw/source_domain/cwru_48khz_de/OR021@3_1.mat,data/raw/source_domain/cwru_48khz_de/OR021@3_1.mat,data/raw/source_domain/cwru_48khz_de/OR021@3_1.mat,1.5,2.5,48000,OR,known_source_label,1.0,1770.0,mat_variable,DE_time,drive_end,0.7526686793698434,0.7526686793698434,5.820265134944444,10.808098666666666,-0.018375872021352085,7.834183088603186,7.732838225458791,11.344935681219146,1.4671114732302546,14.520763900382333,0.11204400091668576,2707.03125,2609.5293669761118,3304.6875,0.7889757817554589,0.019485740051828074,0.08115901360853525,0.6475718834432114,0.24307312908473394,0.6937253448804916,8.865528628535767,30.0,132.18785991252594,0.6500235028578845,0.34250224618661135,0.34399964474527917,0.19202462021838357,0.12082247870908025
source::data/raw/source_domain/cwru_48khz_de/OR021@3_1.mat::w0004,source,data/raw/source_domain/cwru_48khz_de/OR021@3_1.mat,data/raw/source_domain/cwru_48khz_de/OR021@3_1.mat,data/raw/source_domain/cwru_48khz_de/OR021@3_1.mat,2.0,3.0,48000,OR,known_source_label,1.0,1770.0,mat_variable,DE_time,drive_end,0.768970246655251,0.768970246655251,5.233771664555555,9.713850666666666,-0.009436975952565978,7.517063334189659,6.8062082860992446,9.997547601672643,1.4688865196908938,12.829709763654016,0.11121065022187962,2859.375,2625.9222690761494,3292.96875,0.7867725195072374,0.01838277334670609,0.07876926833656453,0.6370564148274676,0.25701851072376064,0.7108026282850949,8.028272970839199,29.0,126.37213868418877,0.6267176452120614,0.3533371757657764,0.33161748254112416,0.21856457971869314,0.09608761372543237
source::data/raw/source_domain/cwru_48khz_de/OR021@3_1.mat::w0005,source,data/raw/source_domain/cwru_48khz_de/OR021@3_1.mat,data/raw/source_domain/cwru_48khz_de/OR021@3_1.mat,data/raw/source_domain/cwru_48khz_de/OR021@3_1.mat,2.5,3.5,48000,OR,known_source_label,1.0,1770.0,mat_variable,DE_time,drive_end,0.7727184291206235,0.7727184291206235,5.457917033277778,10.329,0.02230160583437467,7.345453474337856,7.063267585687048,10.367431700879191,1.4677954041942654,13.302288905246675,0.1122523385903873,2894.53125,2626.9311357949155,3304.6875,0.786115284679886,0.019563134858146477,0.07907185770601652,0.6283574617264105,0.2638800317865792,0.7135684675168315,7.683389498386348,30.0,132.05627121630042,0.6521202644676085,0.33339914563683987,0.33703079620519477,0.22153454167161804,0.10755118036034073
source::data/raw/source_domain/cwru_48khz_de/OR021@3_1.mat::w0006,source,data/raw/source_domain/cwru_48khz_de/OR021@3_1.mat,data/raw/source_domain/cwru_48khz_de/OR021@3_1.mat,data/raw/source_domain/cwru_48khz_de/OR021@3_1.mat,3.0,4.0,48000,OR,known_source_label,1.0,1770.0,mat_variable,DE_time,drive_end,0.7536169531397778,0.7536169531397778,5.4590866794999995,10.329,0.05561011377674262,7.37042844851048,7.2438480275008175,10.621463454911899,1.466273645522943,13.627310099844996,0.11273151523990083,2859.375,2628.6127603691234,3304.6875,0.7872217722767259,0.019736515934715305,0.07939232274389109,0.6262080623117826,0.26518728034905586,0.6943961237868552,7.814090255055492,29.0,130.45496983293984,0.6593142138837252,0.3383724375480102,0.33991362331513686,0.20811283283389254,0.11260648751917608
source::data/raw/source_domain/cwru_48khz_de/OR021@3_2.mat::w0000,source,data/raw/source_domain/cwru_48khz_de/OR021@3_2.mat,data/raw/source_domain/cwru_48khz_de/OR021@3_2.mat,data/raw/source_domain/cwru_48khz_de/OR021@3_2.mat,0.0,1.0,48000,OR,known_source_label,2.0,1746.0,mat_variable,DE_time,drive_end,0.7138635602540332,0.7138635602540332,4.527989425222222,8.702234666666666,0.09018657865661811,6.689337586390164,6.342933968508721,9.250957919178665,1.4584666914545679,11.937734627073706,0.1107731411071064,2929.6875,2615.2592317197095,3339.84375,0.7868160392106609,0.021684522177033157,0.07917303443533195,0.6304877312328768,0.2512848027202284,0.6517078696604502,6.768632634772924,29.0,119.18863194804473,0.6316589454641821,0.38870239534836243,0.3150777366754099,0.20705725959056745,0.0867290167862014
source::data/raw/source_domain/cwru_48khz_de/OR021@3_2.mat::w0001,source,data/raw/source_domain/cwru_48khz_de/OR021@3_2.mat,data/raw/source_domain/cwru_48khz_de/OR021@3_2.mat,data/raw/source_domain/cwru_48khz_de/OR021@3_2.mat,0.5,1.5,48000,OR,known_source_label,2.0,1746.0,mat_variable,DE_time,drive_end,0.7278037847970223,0.7278037847970223,4.774901614055556,9.027754666666667,0.0711000358357082,6.963959337891875,6.5606990699844605,9.654363866372734,1.4715449929000228,12.540336716417631,0.10943977999541657,2894.53125,2624.1000164449333,3328.125,0.7862162534775253,0.021013744482427658,0.07838801810345507,0.6241956708292563,0.2617376514073856,0.673644046357405,7.048418464351411,29.0,122.66825518605924,0.6411354649291207,0.4048553623735181,0.29677661631931224,0.18840906047436703,0.10705659868904037
source::data/raw/source_domain/cwru_48khz_de/OR021@3_2.mat::w0002,source,data/raw/source_domain/cwru_48khz_de/OR021@3_2.mat,data/raw/source_domain/cwru_48khz_de/OR021@3_2.mat,data/raw/source_domain/cwru_48khz_de/OR021@3_2.mat,1.0,2.0,48000,OR,known_source_label,2.0,1746.0,mat_variable,DE_time,drive_end,0.7309842651654506,0.7309842651654506,4.776586232222223,9.383322666666666,0.06098462122363037,7.476006955633081,6.534458345877744,9.657253906572969,1.4778966205595334,12.540730255823837,0.11000229171441071,2882.8125,2624.094849325207,3339.84375,0.7869766538415927,0.01888695123835678,0.07893699746082188,0.6357654666688006,0.2479247386677307,0.6803143842096575,7.93339449965772,29.0,119.72616724321234,0.6412314373767918,0.39564395099254157,0.3191767046676825,0.18506220563618397,0.09781129401174299
source::data/raw/source_domain/cwru_48khz_de/OR021@3_2.mat::w0003,source,data/raw/source_domain/cwru_48khz_de/OR021@3_2.mat,data/raw/source_domain/cwru_48khz_de/OR021@3_2.mat,data/raw/source_domain/cwru_48khz_de/OR021@3_2.mat,1.5,2.5,48000,OR,known_source_label,2.0,1746.0,mat_variable,DE_time,drive_end,0.7226779739692831,0.7226779739692831,4.714503447333334,9.320722666666667,0.052548718278355354,7.409317098188996,6.5236573095379775,9.618147914844819,1.4743490435601518,12.470417760815792,0.11027313069022271,2929.6875,2620.8621714478663,3339.84375,0.7861280104579372,0.018876164022136984,0.07887125989599307,0.6394396517478922,0.24546361885131415,0.6699828603904586,7.864811182970839,29.0,120.8650575216178,0.6320516513587592,0.37869371629224535,0.3310227539280583,0.18637589862468096,0.10103271861142836
source::data/raw/source_domain/cwru_48khz_de/OR021@3_2.mat::w0004,source,data/raw/source_domain/cwru_48khz_de/OR021@3_2.mat,data/raw/source_domain/cwru_48khz_de/OR021@3_2.mat,data/raw/source_domain/cwru_48khz_de/OR021@3_2.mat,2.0,3.0,48000,OR,known_source_label,2.0,1746.0,mat_variable,DE_time,drive_end,0.7127179780199561,0.7127179780199561,4.676268080277778,8.987690666666666,0.03123412439092178,7.516904340146763,6.561175983328824,9.693550165772447,1.4774104810462356,12.559093665316892,0.1090231046480135,2718.75,2619.7458336551763,3339.84375,0.786578987992852,0.02046132038568005,0.07782215189731179,0.6255566434094799,0.26172369378958393,0.663017489739783,7.973533350225469,29.0,128.26276195439968,0.6488799728559547,0.3710681373968934,0.30218694207790336,0.21381904726034096,0.10886092807475947
source::data/raw/source_domain/cwru_48khz_de/OR021@3_2.mat::w0005,source,data/raw/source_domain/cwru_48khz_de/OR021@3_2.mat,data/raw/source_domain/cwru_48khz_de/OR021@3_2.mat,data/raw/source_domain/cwru_48khz_de/OR021@3_2.mat,2.5,3.5,48000,OR,known_source_label,2.0,1746.0,mat_variable,DE_time,drive_end,0.7029002654419387,0.7029002654419387,4.731128338,9.406693333333333,0.029167908323831655,7.831625789585855,6.730867194962061,9.904333567910518,1.4714795703159398,12.744131042770356,0.10985645534281964,2718.75,2615.732821643585,3316.40625,0.7835163982589843,0.02203704541552007,0.07714017463767046,0.6379203601113336,0.25022369511136805,0.6504540197275278,8.790187737199663,29.0,124.86031467691956,0.6496412361814061,0.36484268825709454,0.3176923603614586,0.21034323000646524,0.10346350260980836
source::data/raw/source_domain/cwru_48khz_de/OR021@3_2.mat::w0006,source,data/raw/source_domain/cwru_48khz_de/OR021@3_2.mat,data/raw/source_domain/cwru_48khz_de/OR021@3_2.mat,data/raw/source_domain/cwru_48khz_de/OR021@3_2.mat,3.0,4.0,48000,OR,known_source_label,2.0,1746.0,mat_variable,DE_time,drive_end,0.7038242799014517,0.7038242799014517,5.060661815277778,9.791474666666666,0.0077062794652198105,7.544393535063065,7.190234778458017,10.452154412561534,1.4536596835281923,13.355034965941536,0.11048146836392425,2871.09375,2606.189977910009,3339.84375,0.7917575771296945,0.0221778619894127,0.08245375819786972,0.6308023850140307,0.25118487126634464,0.6401209399210531,8.850494771032725,29.0,123.39840924243437,0.6443791376900182,0.3511537205009563,0.33999569541016345,0.20687683277741883,0.09806051428858971
source::data/raw/source_domain/cwru_48khz_de/OR021@3_3.mat::w0000,source,data/raw/source_domain/cwru_48khz_de/OR021@3_3.mat,data/raw/source_domain/cwru_48khz_de/OR021@3_3.mat,data/raw/source_domain/cwru_48khz_de/OR021@3_3.mat,0.0,1.0,48000,OR,known_source_label,3.0,1719.0,mat_variable,DE_time,drive_end,0.6683005622542216,0.6683005622542216,4.699349656666667,9.263965333333335,-0.09119585640534544,7.764484192958206,7.031790667373405,10.236227694895318,1.4557071134632558,13.061114169151809,0.10737723702577137,2894.53125,2565.704730683179,3339.84375,0.8009787566851472,0.021534857946015836,0.09890469236047056,0.6464220016286281,0.21781141423931905,0.6105235412992969,9.237991451217049,29.0,127.9313308038014,0.6501818023512487,0.3452249729621135,0.37392775135066253,0.1525206212114313,0.11786036499444574
source::data/raw/source_domain/cwru_48khz_de/OR021@3_3.mat::w0001,source,data/raw/source_domain/cwru_48khz_de/OR021@3_3.mat,data/raw/source_domain/cwru_48khz_de/OR021@3_3.mat,data/raw/source_domain/cwru_48khz_de/OR021@3_3.mat,0.5,1.5,48000,OR,known_source_label,3.0,1719.0,mat_variable,DE_time,drive_end,0.6722340531094912,0.6722340531094912,4.633811612611111,9.199696,-0.08833648634002289,7.819570018447468,6.893152156112921,10.029804092276535,1.4550388363859164,12.804335598075902,0.10846059292901936,2894.53125,2560.7385261276004,3339.84375,0.801379159219684,0.02181931278083001,0.1030522056761863,0.6333700986858884,0.2246693278758586,0.6132355184635717,9.484309758615936,29.0,132.89805583916933,0.6537030360409681,0.34386906219633134,0.3604725190937829,0.1525908286044177,0.13302725169678709
source::data/raw/source_domain/cwru_48khz_de/OR021@3_3.mat::w0002,source,data/raw/source_domain/cwru_48khz_de/OR021@3_3.mat,data/raw/source_domain/cwru_48khz_de/OR021@3_3.mat,data/raw/source_domain/cwru_48khz_de/OR021@3_3.mat,1.0,2.0,48000,OR,known_source_label,3.0,1719.0,mat_variable,DE_time,drive_end,0.6784576838720103,0.6784576838720103,4.868734440777778,9.253949333333333,-0.11317796459618788,7.611793088854275,7.1761799689324155,10.409101235966624,1.4505072728129784,13.2621363485719,0.10846059292901936,2894.53125,2572.7598129496937,3363.28125,0.8003613439982155,0.02073287316087212,0.09868971502036458,0.6410972334466633,0.21871010219901732,0.6164370994028158,9.09241303204998,29.0,130.99369607879063,0.6532266773415405,0.3278576494020585,0.3847083174817165,0.1494485536985216,0.1256894589778102
source::data/raw/source_domain/cwru_48khz_de/OR021@3_3.mat::w0003,source,data/raw/source_domain/cwru_48khz_de/OR021@3_3.mat,data/raw/source_domain/cwru_48khz_de/OR021@3_3.mat,data/raw/source_domain/cwru_48khz_de/OR021@3_3.mat,1.5,2.5,48000,OR,known_source_label,3.0,1719.0,mat_variable,DE_time,drive_end,0.6749762567113379,0.6749762567113379,4.868621047833333,9.253949333333333,-0.09481178558292983,7.355651571539288,7.21302564263123,10.465819157181826,1.4509610357282063,13.352387427848463,0.10791891497739536,2894.53125,2564.081852528505,3351.5625,0.8055737911604883,0.02250715889083749,0.10022387538271514,0.6339734204396222,0.2260221100757585,0.6136448260939185,8.437726353125246,29.0,136.31342949288174,0.6441666384823844,0.32728709835519576,0.37174028276297894,0.15123583850919572,0.1402361847100582
source::data/raw/source_domain/cwru_48khz_de/OR021@3_3.mat::w0004,source,data/raw/source_domain/cwru_48khz_de/OR021@3_3.mat,data/raw/source_domain/cwru_48khz_de/OR021@3_3.mat,data/raw/source_domain/cwru_48khz_de/OR021@3_3.mat,2.0,3.0,48000,OR,known_source_label,3.0,1719.0,mat_variable,DE_time,drive_end,0.6748201209121754,0.6748201209121754,4.666896356,8.898381333333333,-0.09266978616507945,7.282805671083709,6.9157634921802495,10.043939561066997,1.4523254840060589,12.845783637201043,0.10789808121002521,2894.53125,2557.902570093718,3363.28125,0.8060741165918633,0.020574461831421698,0.10585000079754399,0.6290100513160536,0.22403436189697173,0.6141497178647793,8.291225796276752,29.0,135.78376169618045,0.6451932508963972,0.3469413966931058,0.3585080088847977,0.13984879595264382,0.14423254685238984
source::data/raw/source_domain/cwru_48khz_de/OR021@3_3.mat::w0005,source,data/raw/source_domain/cwru_48khz_de/OR021@3_3.mat,data/raw/source_domain/cwru_48khz_de/OR021@3_3.mat,data/raw/source_domain/cwru_48khz_de/OR021@3_3.mat,2.5,3.5,48000,OR,known_source_label,3.0,1719.0,mat_variable,DE_time,drive_end,0.6795673925129814,0.6795673925129814,4.6679732325,8.898381333333333,-0.08524928827749516,7.272916563589964,6.869036513407993,9.961803632627094,1.4502475875863412,12.718765848591097,0.10789808121002521,2917.96875,2563.9723752660143,3339.84375,0.7994672186365926,0.021003600212929192,0.1026944758478164,0.6334641539751379,0.22011021403907707,0.6173572747572401,8.325146619512328,29.0,129.86064945014596,0.6443258443044081,0.3483579979203691,0.37532628471510987,0.1389180031941073,0.12522687609207814
source::data/raw/source_domain/cwru_48khz_de/OR021@3_3.mat::w0006,source,data/raw/source_domain/cwru_48khz_de/OR021@3_3.mat,data/raw/source_domain/cwru_48khz_de/OR021@3_3.mat,data/raw/source_domain/cwru_48khz_de/OR021@3_3.mat,3.0,4.0,48000,OR,known_source_label,3.0,1719.0,mat_variable,DE_time,drive_end,0.6756266620216785,0.6756266620216785,4.282122065166667,8.245672,-0.034177992806052375,6.835836342150546,6.338000416305256,9.174839707859705,1.447592159230972,11.72453571897262,0.10904393841538365,2917.96875,2576.7304448253517,3339.84375,0.7970498944519137,0.02030996875098486,0.09824511275655473,0.6448839383406998,0.21623956953923643,0.6116709791550424,7.346852489971278,29.0,132.2841010990277,0.6415068177968731,0.3472484117929305,0.36986611506640293,0.14252100866476222,0.12868726271028716
source::data/raw/source_domain/cwru_48khz_de/OR021@6_0.mat::w0000,source,data/raw/source_domain/cwru_48khz_de/OR021@6_0.mat,data/raw/source_domain/cwru_48khz_de/OR021@6_0.mat,data/raw/source_domain/cwru_48khz_de/OR021@6_0.mat,0.0,1.0,48000,OR,known_source_label,0.0,1796.0,mat_variable,DE_time,drive_end,0.6427158642265538,0.6427158642265538,6.223474569333334,11.959938666666666,-0.35447510480552585,19.014613929725822,9.683088462135595,18.65661179953094,1.9267211977310819,27.75952349452215,0.10558553303193817,2789.0625,2768.5868179033973,3468.75,0.7428776254610409,0.010746313474133282,0.06969677838957679,0.5957968292284334,0.319027672307596,0.7428915876690699,15.906980394766824,30.0,109.39786105744629,0.6012659789440825,0.3260943282680054,0.44361467038349406,0.17840810251911762,0.048177167302941956
source::data/raw/source_domain/cwru_48khz_de/OR021@6_0.mat::w0001,source,data/raw/source_domain/cwru_48khz_de/OR021@6_0.mat,data/raw/source_domain/cwru_48khz_de/OR021@6_0.mat,data/raw/source_domain/cwru_48khz_de/OR021@6_0.mat,0.5,1.5,48000,OR,known_source_label,0.0,1796.0,mat_variable,DE_time,drive_end,0.6560342051788547,0.6560342051788547,6.223684401055555,11.973293333333334,-0.22297880471079398,19.51581005517447,9.486829119450112,18.38079414426469,1.937506611830074,27.37997577325852,0.10523135898664555,2789.0625,2755.79581047397,3468.75,0.7415422592871326,0.01044852934435861,0.06811766524763221,0.6257641134203334,0.29005237367288483,0.7603752086163134,16.488579597555315,30.0,111.92589411095878,0.597488543195456,0.3139943662148582,0.4460179509217647,0.18880594087325892,0.04995578401262342
source::data/raw/source_domain/cwru_48khz_de/OR021@6_0.mat::w0002,source,data/raw/source_domain/cwru_48khz_de/OR021@6_0.mat,data/raw/source_domain/cwru_48khz_de/OR021@6_0.mat,data/raw/source_domain/cwru_48khz_de/OR021@6_0.mat,1.0,2.0,48000,OR,known_source_label,0.0,1796.0,mat_variable,DE_time,drive_end,0.6651509564283987,0.6651509564283987,6.251269178,12.001672,-0.21884261020604767,19.751171546211694,9.39827135114934,18.211161491613176,1.93771394878471,27.070210665794004,0.10537719535823663,2789.0625,2759.6081320457192,3468.75,0.7381961968702874,0.010473399132582998,0.06564221528660337,0.6343831986828805,0.28362136804662114,0.7708619986407739,16.704649523344713,30.0,108.21650854725827,0.6071208417126992,0.32602536509069185,0.44259229566856084,0.18421888218664603,0.043768424481055494
source::data/raw/source_domain/cwru_48khz_de/OR021@6_0.mat::w0003,source,data/raw/source_domain/cwru_48khz_de/OR021@6_0.mat,data/raw/source_domain/cwru_48khz_de/OR021@6_0.mat,data/raw/source_domain/cwru_48khz_de/OR021@6_0.mat,1.5,2.5,48000,OR,known_source_label,0.0,1796.0,mat_variable,DE_time,drive_end,0.6870086192885801,0.6870086192885801,7.6750555067777775,14.953053333333333,-0.1430189666219964,22.231055479103578,11.171701913600991,22.047224272594498,1.9734884123359047,33.13407995437293,0.10546053042771725,2800.78125,2755.0569580195443,3457.03125,0.7353555166198311,0.010625900206224887,0.06516353165695178,0.6442236111366753,0.2746644449681259,0.8033836011346369,19.24242600529202,30.0,111.03547003768598,0.584569838536837,0.30959849596648475,0.4536921927105992,0.19134226410959163,0.04388607889056993
source::data/raw/source_domain/cwru_48khz_de/OR021@6_0.mat::w0004,source,data/raw/source_domain/cwru_48khz_de/OR021@6_0.mat,data/raw/source_domain/cwru_48khz_de/OR021@6_0.mat,data/raw/source_domain/cwru_48khz_de/OR021@6_0.mat,2.0,3.0,48000,OR,known_source_label,0.0,1796.0,mat_variable,DE_time,drive_end,0.6980752642334639,0.6980752642334639,7.677210077055555,14.953053333333333,-0.10369519279620301,21.593806377245123,10.997682442558222,21.634861997525235,1.9672201039168808,32.43068275444693,0.10583553824038001,2800.78125,2751.345736455712,3457.03125,0.7317399311022378,0.00980143594660638,0.061624113936830004,0.6735967382381531,0.24914869052760716,0.8149826037738791,18.699929566777016,30.0,110.95462699277242,0.6033146273732232,0.3158790368677971,0.4353094863950184,0.20141325133824012,0.043621830919841606
source::data/raw/source_domain/cwru_48khz_de/OR021@6_0.mat::w0005,source,data/raw/source_domain/cwru_48khz_de/OR021@6_0.mat,data/raw/source_domain/cwru_48khz_de/OR021@6_0.mat,data/raw/source_domain/cwru_48khz_de/OR021@6_0.mat,2.5,3.5,48000,OR,known_source_label,0.0,1796.0,mat_variable,DE_time,drive_end,0.6815161156084396,0.6815161156084396,6.787280443388888,12.923978666666667,-0.18936404408123103,20.98477222127696,9.95909016372918,19.414867539777585,1.9494619709798071,28.885978644177573,0.10550219796245755,2789.0625,2780.6902030389565,3468.75,0.738527613940042,0.009457386513325618,0.06052104757744854,0.6329263297438629,0.29161977731333777,0.792127875507616,18.248487402833973,30.0,110.74969343531322,0.598752989592482,0.3187448203412067,0.44174659184437265,0.19270635550068255,0.044739811249391505
source::data/raw/source_domain/cwru_48khz_de/OR021@6_0.mat::w0006,source,data/raw/source_domain/cwru_48khz_de/OR021@6_0.mat,data/raw/source_domain/cwru_48khz_de/OR021@6_0.mat,data/raw/source_domain/cwru_48khz_de/OR021@6_0.mat,3.0,4.0,48000,OR,known_source_label,0.0,1796.0,mat_variable,DE_time,drive_end,0.6671501648984257,0.6671501648984257,6.787111788555555,12.923978666666667,-0.1869198546198989,21.996576434267638,10.173289531568544,19.925753556627342,1.9586342740729283,29.633541563346455,0.10556469926456802,2789.0625,2757.0189824827826,3445.3125,0.7363348827476429,0.010058689309376336,0.06468673675421521,0.6488181050861528,0.2705688978952559,0.7771393926658202,19.31728400472704,30.0,109.00653714870128,0.5930410659482591,0.32011415900521006,0.44230255727023204,0.1965099318715351,0.038477283800483125
source::data/raw/source_domain/cwru_48khz_de/OR021@6_1.mat::w0000,source,data/raw/source_domain/cwru_48khz_de/OR021@6_1.mat,data/raw/source_domain/cwru_48khz_de/OR021@6_1.mat,data/raw/source_domain/cwru_48khz_de/OR021@6_1.mat,0.0,1.0,48000,OR,known_source_label,1.0,1771.0,mat_variable,DE_time,drive_end,0.6454637185646019,0.6454637185646019,6.569153821222221,12.681925333333332,-0.2593908102165395,22.076127978078617,10.177417618174866,20.255271872774465,1.9902172272631469,30.67989590969365,0.11121065022187962,2753.90625,2832.43602111231,3492.1875,0.7423254277058162,0.007697921216615381,0.06086087705751104,0.5436640404477298,0.3848249418120672,0.7570966329987869,18.835924516291676,106.0,105.63927208287156,0.5920239322746028,0.3344522141527013,0.4478751526693721,0.17553297516103825,0.041708170434191415
source::data/raw/source_domain/cwru_48khz_de/OR021@6_1.mat::w0001,source,data/raw/source_domain/cwru_48khz_de/OR021@6_1.mat,data/raw/source_domain/cwru_48khz_de/OR021@6_1.mat,data/raw/source_domain/cwru_48khz_de/OR021@6_1.mat,0.5,1.5,48000,OR,known_source_label,1.0,1771.0,mat_variable,DE_time,drive_end,0.6389401372158621,0.6389401372158621,6.653389163722221,12.821314666666666,-0.3089607480563918,21.163427547524734,10.413165140483263,20.523231822402458,1.9708927636787554,30.93458702336657,0.11004395924915103,2753.90625,2830.304726137482,3503.90625,0.7457849351877758,0.007779866226897537,0.06561575735120492,0.5276484467992446,0.3968372791277298,0.74608739159379,18.14390241335856,106.0,107.89310836443103,0.5980525758908832,0.3268108330440304,0.44852700687931024,0.18015210684103022,0.04398675004146213
source::data/raw/source_domain/cwru_48khz_de/OR021@6_1.mat::w0002,source,data/raw/source_domain/cwru_48khz_de/OR021@6_1.mat,data/raw/source_domain/cwru_48khz_de/OR021@6_1.mat,data/raw/source_domain/cwru_48khz_de/OR021@6_1.mat,1.0,2.0,48000,OR,known_source_label,1.0,1771.0,mat_variable,DE_time,drive_end,0.6222530244174082,0.6222530244174082,6.653363619444443,12.821314666666666,-0.28616072191317204,20.567098579638404,10.69237650658756,20.889702389552372,1.953700599361487,31.223642564031216,0.11112731515239901,2800.78125,2799.661805905279,3480.46875,0.7417361689842857,0.007591449286425957,0.06404641198139646,0.5875906242722133,0.33735318496370414,0.723574383422139,17.668735930965795,106.0,107.51050026002635,0.5866268727958366,0.3196868775138123,0.4450256754225839,0.19698810169151748,0.03768330281554841
source::data/raw/source_domain/cwru_48khz_de/OR021@6_1.mat::w0003,source,data/raw/source_domain/cwru_48khz_de/OR021@6_1.mat,data/raw/source_domain/cwru_48khz_de/OR021@6_1.mat,data/raw/source_domain/cwru_48khz_de/OR021@6_1.mat,1.5,2.5,48000,OR,known_source_label,1.0,1771.0,mat_variable,DE_time,drive_end,0.6019806343605679,0.6019806343605679,5.500260351444443,10.750506666666666,-0.41749456796413814,19.466542374197232,9.136939026747527,17.751005108724954,1.9427737294438625,26.42097847223828,0.11068980603762578,2753.90625,2803.6218477293282,3468.75,0.7426368977017425,0.008451856632464722,0.06625401953074025,0.5625831811942823,0.35933218801415623,0.6984079411510306,16.42150716576008,106.0,110.23036624298241,0.5886315765012677,0.3210553141114317,0.43862987548508947,0.19347571494786733,0.045787561260864536
source::data/raw/source_domain/cwru_48khz_de/OR021@6_1.mat::w0004,source,data/raw/source_domain/cwru_48khz_de/OR021@6_1.mat,data/raw/source_domain/cwru_48khz_de/OR021@6_1.mat,data/raw/source_domain/cwru_48khz_de/OR021@6_1.mat,2.0,3.0,48000,OR,known_source_label,1.0,1771.0,mat_variable,DE_time,drive_end,0.600070062404557,0.600070062404557,5.500717087999999,10.750506666666666,-0.4494036814290907,19.33925606799941,9.166791400905355,17.7523871412162,1.9365976997614793,26.4381542231486,0.10996062417967041,2753.90625,2753.551036894801,3445.3125,0.7374109021894686,0.009095519650868245,0.07290813734011226,0.6144930504464423,0.29938651129129606,0.6955570947152627,16.48484829274201,106.0,107.17859404173645,0.5847678523528178,0.31907808498640594,0.45314771440910234,0.18754719842178785,0.0397247083814353
source::data/raw/source_domain/cwru_48khz_de/OR021@6_1.mat::w0005,source,data/raw/source_domain/cwru_48khz_de/OR021@6_1.mat,data/raw/source_domain/cwru_48khz_de/OR021@6_1.mat,data/raw/source_domain/cwru_48khz_de/OR021@6_1.mat,2.5,3.5,48000,OR,known_source_label,1.0,1771.0,mat_variable,DE_time,drive_end,0.5977245280624562,0.5977245280624562,5.4697399301111105,10.700426666666665,-0.35062301185737516,19.086521596802744,9.15093772014393,17.644752973392603,1.9281906961864406,26.27634814216273,0.11043980082918393,2753.90625,2736.3892562286933,3433.59375,0.731549382823948,0.008397329394761295,0.07251712754900422,0.6484241933571941,0.2662639859584536,0.6913110247684152,16.400310538042966,106.0,109.92584767082164,0.61618002662156,0.3095855493413312,0.45180606675647655,0.19082400050068982,0.046495094327744804
source::data/raw/source_domain/cwru_48khz_de/OR021@6_1.mat::w0006,source,data/raw/source_domain/cwru_48khz_de/OR021@6_1.mat,data/raw/source_domain/cwru_48khz_de/OR021@6_1.mat,data/raw/source_domain/cwru_48khz_de/OR021@6_1.mat,3.0,4.0,48000,OR,known_source_label,1.0,1771.0,mat_variable,DE_time,drive_end,0.5868818661870011,0.5868818661870011,5.1242458177222225,10.195453333333333,-0.30702203218495905,19.043172263915405,8.731307121492705,16.868046426087606,1.9319039167156342,25.139607294788217,0.10954394883226734,2800.78125,2750.0158049870115,3445.3125,0.7352528984085033,0.00849925744757198,0.07218766233078791,0.6245901673904507,0.29030661842789635,0.6793167863680303,16.350851425850987,106.0,110.84933996365872,0.593314473559886,0.30775412817834474,0.45385796183901994,0.18940530829993754,0.04812017206532922
source::data/raw/source_domain/cwru_48khz_de/OR021@6_2.mat::w0000,source,data/raw/source_domain/cwru_48khz_de/OR021@6_2.mat,data/raw/source_domain/cwru_48khz_de/OR021@6_2.mat,data/raw/source_domain/cwru_48khz_de/OR021@6_2.mat,0.0,1.0,48000,OR,known_source_label,2.0,1747.0,mat_variable,DE_time,drive_end,0.6299488983322499,0.6299488983322499,6.9761144215,13.516592,-0.30953964343298307,21.064509134313514,11.074095755953778,21.294233285823125,1.9228868663467065,31.443582268233477,0.10956478259963749,2765.625,2848.4914154559356,3480.46875,0.7467238727115643,0.007418754051983779,0.06334959743002297,0.49328387769543325,0.43231573096567794,0.7274196387476666,18.8753473224558,29.0,109.93103587730296,0.6090875746673802,0.31656906921300704,0.4432500759683729,0.19036154479812978,0.04749105524926443
source::data/raw/source_domain/cwru_48khz_de/OR021@6_2.mat::w0001,source,data/raw/source_domain/cwru_48khz_de/OR021@6_2.mat,data/raw/source_domain/cwru_48khz_de/OR021@6_2.mat,data/raw/source_domain/cwru_48khz_de/OR021@6_2.mat,0.5,1.5,48000,OR,known_source_label,2.0,1747.0,mat_variable,DE_time,drive_end,0.6513675144900292,0.6513675144900292,7.1757238767222224,14.119221333333332,-0.3044972696123479,25.23220416115386,11.016398142497554,21.953466209124944,1.9927989098725618,32.81672480150482,0.11085647617658702,2765.625,2834.5668849417607,3480.46875,0.7446639990131115,0.007397415078916871,0.06127684342563823,0.5321754635139806,0.39570745399191015,0.7647762612341221,22.461237698850216,29.0,105.02390759281558,0.5987523462046295,0.3327217947892044,0.4395176667583192,0.18355866412650704,0.04029940486758954
source::data/raw/source_domain/cwru_48khz_de/OR021@6_2.mat::w0002,source,data/raw/source_domain/cwru_48khz_de/OR021@6_2.mat,data/raw/source_domain/cwru_48khz_de/OR021@6_2.mat,data/raw/source_domain/cwru_48khz_de/OR021@6_2.mat,1.0,2.0,48000,OR,known_source_label,2.0,1747.0,mat_variable,DE_time,drive_end,0.6118321513078205,0.6118321513078205,7.176123316888889,14.119221333333332,-0.41360375678604466,24.56799150942005,11.72890849481815,23.057683288663416,1.965884830529,34.185517864673905,0.1104606345965541,2765.625,2810.6380043011477,3468.75,0.7450768498231889,0.008166093593848945,0.06614310465709168,0.5457879236703131,0.37633227328237095,0.7141490502508203,22.19341766065594,29.0,106.43610782308293,0.6146498468946611,0.33118347678278504,0.4302667207010335,0.19514846666111813,0.04078543846738488
source::data/raw/source_domain/cwru_48khz_de/OR021@6_2.mat::w0003,source,data/raw/source_domain/cwru_48khz_de/OR021@6_2.mat,data/raw/source_domain/cwru_48khz_de/OR021@6_2.mat,data/raw/source_domain/cwru_48khz_de/OR021@6_2.mat,1.5,2.5,48000,OR,known_source_label,2.0,1747.0,mat_variable,DE_time,drive_end,0.6017961286505074,0.6017961286505074,5.813216253222222,11.570149333333333,-0.41460339907894184,20.285207195005846,9.659776752383502,18.5621695228134,1.9215940490759718,27.422725914297835,0.10979395404070919,3316.40625,2788.014763441692,3445.3125,0.742626058337821,0.008854517050715388,0.07406414529117479,0.5411134764865262,0.37167698766482654,0.6949988081199366,17.80759139472371,29.0,107.66410550995512,0.5984480849369784,0.3210273803516304,0.44854198696294856,0.179541348728542,0.0476128682564582
source::data/raw/source_domain/cwru_48khz_de/OR021@6_2.mat::w0004,source,data/raw/source_domain/cwru_48khz_de/OR021@6_2.mat,data/raw/source_domain/cwru_48khz_de/OR021@6_2.mat,data/raw/source_domain/cwru_48khz_de/OR021@6_2.mat,2.0,3.0,48000,OR,known_source_label,2.0,1747.0,mat_variable,DE_time,drive_end,0.6031724823042545,0.6031724823042545,5.811515706833332,11.570149333333333,-0.3062558853033181,19.636303499023672,9.634915181512262,18.523682593357314,1.9225579306468987,27.46703690339674,0.10910643971749412,2765.625,2772.6520783110013,3457.03125,0.7426261298839918,0.008288541227851278,0.07635677351937963,0.5642629288636762,0.3470860539551822,0.6965915653515026,17.150548032558493,29.0,108.75526283761056,0.6088586055667119,0.3164189728484031,0.44479640306728774,0.1868658182943546,0.049017059160574535
source::data/raw/source_domain/cwru_48khz_de/OR021@6_2.mat::w0005,source,data/raw/source_domain/cwru_48khz_de/OR021@6_2.mat,data/raw/source_domain/cwru_48khz_de/OR021@6_2.mat,data/raw/source_domain/cwru_48khz_de/OR021@6_2.mat,2.5,3.5,48000,OR,known_source_label,2.0,1747.0,mat_variable,DE_time,drive_end,0.5804999979513485,0.5804999979513485,5.159351132611111,10.143704,-0.3031444548576533,18.615609716732358,8.887771146959807,17.05366312248768,1.9187783799194424,25.23099724153069,0.1090647721827538,2765.625,2781.4792373299797,3468.75,0.746507190505569,0.008152448757333047,0.07479864537735627,0.5648689779206095,0.34831138324219285,0.6696816954587239,16.024728532012723,29.0,108.8578601081115,0.6036208078203406,0.31310867195669173,0.45225269180092825,0.18147669017518653,0.050376643961660805
source::data/raw/source_domain/cwru_48khz_de/OR021@6_2.mat::w0006,source,data/raw/source_domain/cwru_48khz_de/OR021@6_2.mat,data/raw/source_domain/cwru_48khz_de/OR021@6_2.mat,data/raw/source_domain/cwru_48khz_de/OR021@6_2.mat,3.0,4.0,48000,OR,known_source_label,2.0,1747.0,mat_variable,DE_time,drive_end,0.6053809661658568,0.6053809661658568,5.591677026833333,10.953330666666666,-0.3649425882952466,20.033045852184145,9.23662509946198,17.995530708806097,1.9482798657514622,26.811114176808438,0.11000229171441071,2765.625,2812.7637314873796,3480.46875,0.7460980212134506,0.0077028173692506715,0.07095058558594763,0.531472185221506,0.3871753032385221,0.7034944624055521,17.05667828991511,29.0,104.21919166642084,0.598385295884165,0.3279037051121394,0.4564026765170282,0.17160191375591724,0.04198328342379607
source::data/raw/source_domain/cwru_48khz_de/OR021@6_3.mat::w0000,source,data/raw/source_domain/cwru_48khz_de/OR021@6_3.mat,data/raw/source_domain/cwru_48khz_de/OR021@6_3.mat,data/raw/source_domain/cwru_48khz_de/OR021@6_3.mat,0.0,1.0,48000,OR,known_source_label,3.0,1719.0,mat_variable,DE_time,drive_end,0.5603577986467105,0.5603577986467105,6.4535197098333335,12.439037333333332,-0.4231056307618318,20.492708779446595,11.516783964472983,21.700010626479305,1.8842074917251943,31.443859799284226,0.11118981645450947,3304.6875,2839.947499197992,3480.46875,0.7556441552350599,0.007756380786732486,0.07376640085042459,0.4633470391374246,0.4507976962950216,0.6406724143245552,19.003587236612933,103.0,109.64667442414353,0.5956729867191981,0.3163131536962561,0.46150037726463844,0.1584460362617101,0.05826034150694163
source::data/raw/source_domain/cwru_48khz_de/OR021@6_3.mat::w0001,source,data/raw/source_domain/cwru_48khz_de/OR021@6_3.mat,data/raw/source_domain/cwru_48khz_de/OR021@6_3.mat,data/raw/source_domain/cwru_48khz_de/OR021@6_3.mat,0.5,1.5,48000,OR,known_source_label,3.0,1719.0,mat_variable,DE_time,drive_end,0.5590663913799152,0.5590663913799152,6.4523458555,12.439037333333332,-0.3461950548608763,20.5728258653938,11.541287322892835,21.850750963545604,1.8932680863220734,31.853352572603928,0.11150232296506177,3292.96875,2813.3987034256156,3468.75,0.7512182240800843,0.007903709311283577,0.0758599714460004,0.4998425796695995,0.41194152098843606,0.6407901265002528,18.812859699860347,103.0,103.69394005190614,0.6489122050171326,0.33245945513172137,0.4597219858411539,0.15130964805199787,0.04812132025724871
source::data/raw/source_domain/cwru_48khz_de/OR021@6_3.mat::w0002,source,data/raw/source_domain/cwru_48khz_de/OR021@6_3.mat,data/raw/source_domain/cwru_48khz_de/OR021@6_3.mat,data/raw/source_domain/cwru_48khz_de/OR021@6_3.mat,1.0,2.0,48000,OR,known_source_label,3.0,1719.0,mat_variable,DE_time,drive_end,0.5681765689491408,0.5681765689491408,6.157791832333333,11.81888,-0.3202394432136635,18.12222761229572,10.837813751650323,20.316452083914037,1.8745895204911234,29.589213397353962,0.11212733598616638,3292.96875,2837.0108848914147,3468.75,0.7520298760124718,0.007844282350086424,0.07747295732557434,0.4464268916680715,0.4632805641598368,0.6477177963646954,16.134980463598488,103.0,105.1697697716197,0.5939755605040865,0.33832420237131466,0.4569318534015817,0.14423291462103074,0.05478760383133883
source::data/raw/source_domain/cwru_48khz_de/OR021@6_3.mat::w0003,source,data/raw/source_domain/cwru_48khz_de/OR021@6_3.mat,data/raw/source_domain/cwru_48khz_de/OR021@6_3.mat,data/raw/source_domain/cwru_48khz_de/OR021@6_3.mat,1.5,2.5,48000,OR,known_source_label,3.0,1719.0,mat_variable,DE_time,drive_end,0.5717856313488131,0.5717856313488131,5.674121800666667,11.237117333333334,-0.2661750296401408,18.028223161497802,9.92351239619607,18.615760096457915,1.8759245066858832,27.092959484893882,0.10987728911018979,3292.96875,2824.523354525026,3468.75,0.752232685656657,0.008362639855266073,0.07441730512490843,0.47902174745229936,0.4334555918960482,0.6520095442930904,15.994251855621707,103.0,106.47347746157082,0.6328840041764207,0.33124596606485374,0.45206187625897903,0.15354656092181806,0.054728836298166786
source::data/raw/source_domain/cwru_48khz_de/OR021@6_3.mat::w0004,source,data/raw/source_domain/cwru_48khz_de/OR021@6_3.mat,data/raw/source_domain/cwru_48khz_de/OR021@6_3.mat,data/raw/source_domain/cwru_48khz_de/OR021@6_3.mat,2.0,3.0,48000,OR,known_source_label,3.0,1719.0,mat_variable,DE_time,drive_end,0.6064713241415276,0.6064713241415276,6.630226276888888,12.758714666666666,-0.11976471340551721,20.322723447503574,10.932464591402034,21.13041080115564,1.9328131021562203,31.257994445421268,0.10935644492593596,3292.96875,2816.3034719453813,3457.03125,0.7478974080881563,0.007393793734738272,0.06709061368230435,0.5356222169120205,0.3846841011465192,0.7021769871750462,17.78194009696842,103.0,106.66923500146744,0.6045053446015332,0.32531730070194415,0.4608872883638213,0.15228532311050014,0.055809130625824994
source::data/raw/source_domain/cwru_48khz_de/OR021@6_3.mat::w0005,source,data/raw/source_domain/cwru_48khz_de/OR021@6_3.mat,data/raw/source_domain/cwru_48khz_de/OR021@6_3.mat,data/raw/source_domain/cwru_48khz_de/OR021@6_3.mat,2.5,3.5,48000,OR,known_source_label,3.0,1719.0,mat_variable,DE_time,drive_end,0.6256659021764955,0.6256659021764955,6.631356067777777,12.758714666666666,-0.13144318705051242,19.940878544491014,10.598877203790027,20.578328331552996,1.941557387244901,30.63362861425726,0.11089814371132732,3292.96875,2857.6705555885706,3468.75,0.7465476558239184,0.006648083453222093,0.059169970849025734,0.5056738543393022,0.4235624388128278,0.7259155011397299,17.07807538671736,103.0,101.60755103483083,0.6175507989865034,0.3405790686445061,0.46124162951804965,0.14232941305703428,0.04756295205632777
source::data/raw/source_domain/cwru_48khz_de/OR021@6_3.mat::w0006,source,data/raw/source_domain/cwru_48khz_de/OR021@6_3.mat,data/raw/source_domain/cwru_48khz_de/OR021@6_3.mat,data/raw/source_domain/cwru_48khz_de/OR021@6_3.mat,3.0,4.0,48000,OR,known_source_label,3.0,1719.0,mat_variable,DE_time,drive_end,0.6260976965178333,0.6260976965178333,6.499138851222223,12.611813333333334,-0.15288495786338016,20.256101331117797,10.380390931572013,20.136292011821386,1.9398394669842915,29.972619784395828,0.11133565282610054,3292.96875,2902.5746636429344,3492.1875,0.749386647676929,0.00642453819457919,0.05810599593426803,0.43489768557719605,0.49607391205947127,0.7258921754290791,17.4368389518864,103.0,105.1959404867805,0.616126410646877,0.33479672581824443,0.4599204413134854,0.14973993309929515,0.051104625068014456
source::data/raw/source_domain/cwru_48khz_normal/N_0.mat::w0000,source,data/raw/source_domain/cwru_48khz_normal/N_0.mat,data/raw/source_domain/cwru_48khz_normal/N_0.mat,data/raw/source_domain/cwru_48khz_normal/N_0.mat,0.0,1.0,48000,N,known_source_label,0.0,1796.0,mat_variable,DE_time,drive_end,0.07253491456775636,0.07253491456775636,0.2984135379230769,0.540313846153846,-0.06834546646254464,2.792964672482515,4.114067545226217,5.108781272732014,1.2417835187440194,6.003116373944551,0.1687118481635034,4148.4375,3195.4278171176375,4382.8125,0.5990764393382512,0.0842126477245499,0.16998612499632176,0.05058987069967111,0.69318835494258,0.045776950566310724,2.8840236560260473,120.0,165.8142003304135,0.5041261582696499,0.04383844328671481,0.6350288804162496,0.2226103010314967,0.0958533937443437
source::data/raw/source_domain/cwru_48khz_normal/N_0.mat::w0001,source,data/raw/source_domain/cwru_48khz_normal/N_0.mat,data/raw/source_domain/cwru_48khz_normal/N_0.mat,data/raw/source_domain/cwru_48khz_normal/N_0.mat,0.5,1.5,48000,N,known_source_label,0.0,1796.0,mat_variable,DE_time,drive_end,0.07203380733508999,0.07203380733508999,0.29904569903846157,0.5978916923076922,-0.0224527577765508,2.8182768467188852,4.151463182324881,5.152088499950405,1.2410295535834752,6.047013406531634,0.17048271838996645,4148.4375,3229.152351191645,4382.8125,0.5978067581312455,0.09637787580074672,0.14692042602812064,0.05090913710994409,0.7037773626514398,0.04525066672998318,3.053519973965396,120.0,172.35001677831377,0.5307813179144905,0.05646836652590032,0.5378498732733258,0.31977710854645275,0.0844462559628465
source::data/raw/source_domain/cwru_48khz_normal/N_0.mat::w0002,source,data/raw/source_domain/cwru_48khz_normal/N_0.mat,data/raw/source_domain/cwru_48khz_normal/N_0.mat,data/raw/source_domain/cwru_48khz_normal/N_0.mat,1.0,2.0,48000,N,known_source_label,0.0,1796.0,mat_variable,DE_time,drive_end,0.07176239162589897,0.07176239162589897,0.2986163425,0.5757784615384616,-0.008615473087388296,2.777340590432802,4.161181584534433,5.153469507225806,1.2384630188472248,6.04182180759518,0.16996187420571263,4148.4375,3248.926623873807,4382.8125,0.6016771512369279,0.09615877513065729,0.1420994570237844,0.052097181838050566,0.7075632636259878,0.04500033458210085,2.997368681834224,120.0,165.18296624741612,0.5092567530800867,0.05936652661842204,0.6001883491913077,0.25467570426722425,0.08267151169005614
source::data/raw/source_domain/cwru_48khz_normal/N_0.mat::w0003,source,data/raw/source_domain/cwru_48khz_normal/N_0.mat,data/raw/source_domain/cwru_48khz_normal/N_0.mat,data/raw/source_domain/cwru_48khz_normal/N_0.mat,1.5,2.5,48000,N,known_source_label,0.0,1796.0,mat_variable,DE_time,drive_end,0.07128126639412788,0.07128126639412788,0.2587010308846154,0.5102732307692308,-0.027716977767020028,2.7304571688499255,3.6292990285915816,4.485515776400359,1.2359179392495858,5.253960974462143,0.16889935206983478,4148.4375,3205.511478483804,4382.8125,0.6065213650817735,0.10448243351376969,0.14570146120531857,0.051709948717583804,0.6957187610502641,0.044267936453156485,2.9281669043612033,120.0,175.7626613804304,0.5872998699999037,0.059808249427608935,0.4908968931964349,0.35583431936364013,0.09093487327346753
source::data/raw/source_domain/cwru_48khz_normal/N_0.mat::w0004,source,data/raw/source_domain/cwru_48khz_normal/N_0.mat,data/raw/source_domain/cwru_48khz_normal/N_0.mat,data/raw/source_domain/cwru_48khz_normal/N_0.mat,2.0,3.0,48000,N,known_source_label,0.0,1796.0,mat_variable,DE_time,drive_end,0.07185397284087737,0.07185397284087737,0.26382932292307687,0.5148627692307692,-0.035621627137769674,2.7059047813305366,3.6717430155694037,4.53181788441037,1.234241575494498,5.3038206598261795,0.16767015979499572,4148.4375,3179.2407977591547,4382.8125,0.6109300411352432,0.08680134004890776,0.16959628366935925,0.05405016416121845,0.6867450128999991,0.04447653395433063,2.8451617874705253,120.0,171.55687428680585,0.5283824682056549,0.0519791718833971,0.554568372018352,0.31298223533596614,0.0771885319904316
source::data/raw/source_domain/cwru_48khz_normal/N_0.mat::w0005,source,data/raw/source_domain/cwru_48khz_normal/N_0.mat,data/raw/source_domain/cwru_48khz_normal/N_0.mat,data/raw/source_domain/cwru_48khz_normal/N_0.mat,2.5,3.5,48000,N,known_source_label,0.0,1796.0,mat_variable,DE_time,drive_end,0.07365297081966052,0.07365297081966052,0.2640087234615384,0.5161144615384615,-0.05044404467817293,2.7181071923231332,3.5844952419418346,4.4324476285014205,1.2365611694995702,5.193821331110163,0.16439925831788163,4148.4375,3111.034584848108,4382.8125,0.6109763030119664,0.09384665969422279,0.18174886743918142,0.05375219569761891,0.6678858664785997,0.04585561829678608,2.7560795606074895,120.0,167.6849541518218,0.5836936183945696,0.08043498398852783,0.5269549284931536,0.29569203668863236,0.09080123982238453
source::data/raw/source_domain/cwru_48khz_normal/N_0.mat::w0006,source,data/raw/source_domain/cwru_48khz_normal/N_0.mat,data/raw/source_domain/cwru_48khz_normal/N_0.mat,data/raw/source_domain/cwru_48khz_normal/N_0.mat,3.0,4.0,48000,N,known_source_label,0.0,1796.0,mat_variable,DE_time,drive_end,0.07396856712951287,0.07396856712951287,0.2852355126923077,0.538644923076923,-0.06261347018190487,2.7969471811662228,3.856171935695707,4.791330388613103,1.2425095323670792,5.627549665418789,0.16692014416967021,4148.4375,3138.182880552488,4382.8125,0.6047397585931333,0.08208707387969873,0.18936136140069892,0.049177564128673086,0.6772180791557236,0.04669354193976364,2.8215065507181905,120.0,168.12113701132898,0.5373579837979863,0.07677617583281882,0.5687609163087929,0.26120628006862,0.09131239052697032
source::data/raw/source_domain/cwru_48khz_normal/N_0.mat::w0007,source,data/raw/source_domain/cwru_48khz_normal/N_0.mat,data/raw/source_domain/cwru_48khz_normal/N_0.mat,data/raw/source_domain/cwru_48khz_normal/N_0.mat,3.5,4.5,48000,N,known_source_label,0.0,1796.0,mat_variable,DE_time,drive_end,0.0739052389843965,0.0739052389843965,0.2856560726153846,0.5330123076923077,-0.03896816772213029,2.7616813050770426,3.8651667532234018,4.789464871981916,1.239135379585597,5.617585226013974,0.16642013375278653,4148.4375,3172.5935169195964,4382.8125,0.5997024318450833,0.08134824943013107,0.1784922723417878,0.052280433344635675,0.6855380214447498,0.046295015224480755,2.842786744859177,120.0,164.09731933744226,0.5221709999323996,0.04489682357366891,0.6284574375708297,0.23615415353452524,0.08462945234312712
source::data/raw/source_domain/cwru_48khz_normal/N_0.mat::w0008,source,data/raw/source_domain/cwru_48khz_normal/N_0.mat,data/raw/source_domain/cwru_48khz_normal/N_0.mat,data/raw/source_domain/cwru_48khz_normal/N_0.mat,4.0,5.0,48000,N,known_source_label,0.0,1796.0,mat_variable,DE_time,drive_end,0.07318796339406546,0.07318796339406546,0.25650745315384615,0.5035975384615384,-1.7710845930591117e-05,2.754723343427708,3.5047764858441273,4.339813909794932,1.2382569693857062,5.092620766427489,0.16831600658347048,4148.4375,3238.809083837646,4382.8125,0.5954437435440749,0.08704378686280509,0.15287122175626996,0.05437478244880701,0.7037430701770319,0.045728931829380086,2.9089656373175576,120.0,170.46895928393707,0.5124822839302786,0.04861284016163326,0.55932633136056,0.30520421724215846,0.08398272001057218
source::data/raw/source_domain/cwru_48khz_normal/N_1_(1772rpm).mat::w0000,source,data/raw/source_domain/cwru_48khz_normal/N_1_(1772rpm).mat,data/raw/source_domain/cwru_48khz_normal/N_1_(1772rpm).mat,data/raw/source_domain/cwru_48khz_normal/N_1_(1772rpm).mat,0.0,1.0,48000,N,known_source_label,1.0,1772.0,filename,DE_time,drive_end,0.06502069031187659,0.06502069031187659,0.26235737188461533,0.47856369230769225,-0.18598058052281236,2.8935428468813327,4.0349828742537746,5.02937711596755,1.2464432372145637,5.917075474383636,0.17192024833850705,363.28125,2250.894336687848,4382.8125,0.6838432827307789,0.3023254780269972,0.1910983231217396,0.07364462816374076,0.4284703891137402,0.042113301576948266,3.011434321498862,118.0,181.60289925876722,0.7375923285967099,0.07394672673458907,0.44199125622526875,0.34324097548560456,0.1394894576107736
source::data/raw/source_domain/cwru_48khz_normal/N_1_(1772rpm).mat::w0001,source,data/raw/source_domain/cwru_48khz_normal/N_1_(1772rpm).mat,data/raw/source_domain/cwru_48khz_normal/N_1_(1772rpm).mat,data/raw/source_domain/cwru_48khz_normal/N_1_(1772rpm).mat,0.5,1.5,48000,N,known_source_label,1.0,1772.0,filename,DE_time,drive_end,0.06516023346015715,0.06516023346015715,0.27984922426923076,0.5204953846153846,-0.18232241919343053,2.896358920526848,4.294785475807917,5.353874861045455,1.246598902581075,6.298486200713418,0.17194108210587722,363.28125,2246.8327670890126,4382.8125,0.6835146439842334,0.3018891393032685,0.191636017721887,0.07591872659962588,0.42651494582428284,0.0419719831946205,3.0728399902423438,118.0,177.67658940715194,0.7525339868156375,0.09058439374526826,0.44780603508808187,0.31479690615256184,0.14518446967997228
source::data/raw/source_domain/cwru_48khz_normal/N_1_(1772rpm).mat::w0002,source,data/raw/source_domain/cwru_48khz_normal/N_1_(1772rpm).mat,data/raw/source_domain/cwru_48khz_normal/N_1_(1772rpm).mat,data/raw/source_domain/cwru_48khz_normal/N_1_(1772rpm).mat,1.0,2.0,48000,N,known_source_label,1.0,1772.0,filename,DE_time,drive_end,0.06522196064099892,0.06522196064099892,0.27919142084615384,0.5204953846153846,-0.1755691305585268,2.8789733937185367,4.2806352047376475,5.326515236183069,1.2443282319890778,6.256753501405153,0.17202441717535782,363.28125,2247.159444861265,4382.8125,0.6896951111548316,0.3011683167622116,0.18963583103940004,0.08165037910728427,0.4232075005437293,0.0419447173558364,3.1842364997624015,118.0,183.13147095188714,0.7807610813330558,0.0765206790353916,0.43344750336470944,0.33606113847082536,0.15171879229125554
source::data/raw/source_domain/cwru_48khz_normal/N_1_(1772rpm).mat::w0003,source,data/raw/source_domain/cwru_48khz_normal/N_1_(1772rpm).mat,data/raw/source_domain/cwru_48khz_normal/N_1_(1772rpm).mat,data/raw/source_domain/cwru_48khz_normal/N_1_(1772rpm).mat,1.5,2.5,48000,N,known_source_label,1.0,1772.0,filename,DE_time,drive_end,0.06515693057369303,0.06515693057369303,0.2544569290769231,0.48482215384615385,-0.16662628444198144,2.8678738622277815,3.9052933714430407,4.868777225767404,1.2467122857644937,5.73388284617133,0.1753994874893227,363.28125,2258.4030864605265,4382.8125,0.6900152167872146,0.30462463911969934,0.18082932406286542,0.08722323704920805,0.4231365359927352,0.042026562802341634,3.0653457429055355,118.0,176.0575560803206,0.7742799415597511,0.08082951938978016,0.44324448823471135,0.3475885559960811,0.12640924293279507
source::data/raw/source_domain/cwru_48khz_normal/N_1_(1772rpm).mat::w0004,source,data/raw/source_domain/cwru_48khz_normal/N_1_(1772rpm).mat,data/raw/source_domain/cwru_48khz_normal/N_1_(1772rpm).mat,data/raw/source_domain/cwru_48khz_normal/N_1_(1772rpm).mat,2.0,3.0,48000,N,known_source_label,1.0,1772.0,filename,DE_time,drive_end,0.06513559766104675,0.06513559766104675,0.2669010019230769,0.4896203076923077,-0.15274337338642988,2.87416168339489,4.097621139639822,5.115808534892705,1.2484825610949088,6.0344750867520665,0.17564949269776453,363.28125,2284.90270038089,4382.8125,0.6859990238347636,0.2979416660589523,0.1818293885270679,0.08697601104261023,0.42982436589001777,0.041952366118661044,2.991147168640068,118.0,173.51897045930878,0.7703315790163974,0.1141987397395847,0.42622727350729456,0.3024144965791296,0.15396685564570878
source::data/raw/source_domain/cwru_48khz_normal/N_1_(1772rpm).mat::w0005,source,data/raw/source_domain/cwru_48khz_normal/N_1_(1772rpm).mat,data/raw/source_domain/cwru_48khz_normal/N_1_(1772rpm).mat,data/raw/source_domain/cwru_48khz_normal/N_1_(1772rpm).mat,2.5,3.5,48000,N,known_source_label,1.0,1772.0,filename,DE_time,drive_end,0.06569364613982025,0.06569364613982025,0.3196001773846154,0.5651390769230769,-0.17357559003576303,2.941979074676424,4.865008964482251,6.080263613962682,1.2497949455509803,7.166111689214907,0.17437863288818517,363.28125,2297.820416524315,4382.8125,0.6872258793782573,0.28995038143911556,0.1862714364059022,0.08773820703492258,0.4321914592814731,0.04259760764816133,3.170824559993282,118.0,180.35596766191685,0.7606314649540911,0.08954938128505814,0.4208708563302365,0.3275907428994828,0.15885251577362416
source::data/raw/source_domain/cwru_48khz_normal/N_1_(1772rpm).mat::w0006,source,data/raw/source_domain/cwru_48khz_normal/N_1_(1772rpm).mat,data/raw/source_domain/cwru_48khz_normal/N_1_(1772rpm).mat,data/raw/source_domain/cwru_48khz_normal/N_1_(1772rpm).mat,3.0,4.0,48000,N,known_source_label,1.0,1772.0,filename,DE_time,drive_end,0.06562611153115772,0.06562611153115772,0.3213358095769231,0.5651390769230769,-0.18205546604649778,2.984832530760857,4.896462735255372,6.128548493848277,1.2516277208908975,7.229374029736928,0.17412862767974333,363.28125,2346.959215995011,4382.8125,0.6867209108304767,0.2849521580810893,0.179048916409236,0.08602586319252385,0.44591875774506895,0.04277177971520022,3.380512183242946,118.0,168.57912455376643,0.7337948174006772,0.09047694498768613,0.5034365867582689,0.26621149451611814,0.1386035595770478
source::data/raw/source_domain/cwru_48khz_normal/N_1_(1772rpm).mat::w0007,source,data/raw/source_domain/cwru_48khz_normal/N_1_(1772rpm).mat,data/raw/source_domain/cwru_48khz_normal/N_1_(1772rpm).mat,data/raw/source_domain/cwru_48khz_normal/N_1_(1772rpm).mat,3.5,4.5,48000,N,known_source_label,1.0,1772.0,filename,DE_time,drive_end,0.06518831111224406,0.06518831111224406,0.3055023017307692,0.5544996923076922,-0.15044341335775938,2.966828797793693,4.686458300784256,5.864999462076348,1.25147800013603,6.920094414715762,0.1733369445196775,363.28125,2307.1574603899826,4382.8125,0.686511054717598,0.2906371535306236,0.18567586813682563,0.08428596316724526,0.4356590891624847,0.04254974773733387,3.3544347621888937,118.0,177.1551685445543,0.7438044428564612,0.07837992900735452,0.46386597647844696,0.29640131273491455,0.15780179962993932
source::data/raw/source_domain/cwru_48khz_normal/N_1_(1772rpm).mat::w0008,source,data/raw/source_domain/cwru_48khz_normal/N_1_(1772rpm).mat,data/raw/source_domain/cwru_48khz_normal/N_1_(1772rpm).mat,data/raw/source_domain/cwru_48khz_normal/N_1_(1772rpm).mat,4.0,5.0,48000,N,known_source_label,1.0,1772.0,filename,DE_time,drive_end,0.06513409246873612,0.06513409246873612,0.28664944692307687,0.5346812307692307,-0.1524840235640785,2.960684094333863,4.400912579787083,5.50535429447887,1.2509574308928209,6.492218253599556,0.17358694972811933,363.28125,2310.555230842339,4382.8125,0.6913323348145142,0.28144573801537376,0.19291230502366322,0.08331470718116024,0.43798472036377967,0.042529395572091434,3.2941856177580835,118.0,179.45452574840712,0.770166763207242,0.06022731291193323,0.4487662534726856,0.3450857353406902,0.14420809846087213
source::data/raw/source_domain/cwru_48khz_normal/N_1_(1772rpm).mat::w0009,source,data/raw/source_domain/cwru_48khz_normal/N_1_(1772rpm).mat,data/raw/source_domain/cwru_48khz_normal/N_1_(1772rpm).mat,data/raw/source_domain/cwru_48khz_normal/N_1_(1772rpm).mat,4.5,5.5,48000,N,known_source_label,1.0,1772.0,filename,DE_time,drive_end,0.0651517410331706,0.0651517410331706,0.28331058811538457,0.508812923076923,-0.15695016570418113,2.949641363880549,4.348473020341768,5.442229687661352,1.2515266076435467,6.423149476199333,0.17554532386091376,363.28125,2283.3852178639054,4382.8125,0.6928685215459242,0.2863304349390804,0.19773652731309693,0.07956186291542135,0.43248638412501345,0.04260355610749501,3.18239902575773,118.0,172.30526772589613,0.745566389694696,0.08994813751292567,0.4521619117418041,0.3049174831072414,0.15102946066098044
source::data/raw/source_domain/cwru_48khz_normal/N_1_(1772rpm).mat::w0010,source,data/raw/source_domain/cwru_48khz_normal/N_1_(1772rpm).mat,data/raw/source_domain/cwru_48khz_normal/N_1_(1772rpm).mat,data/raw/source_domain/cwru_48khz_normal/N_1_(1772rpm).mat,5.0,6.0,48000,N,known_source_label,1.0,1772.0,filename,DE_time,drive_end,0.06523685188649113,0.06523685188649113,0.23991875326923076,0.46855015384615384,-0.1501198115983439,2.9229433999789163,3.6776568201512814,4.5976720333186565,1.2501634214633035,5.4185116139022815,0.1741494614471135,363.28125,2255.4949830003247,4382.8125,0.6920320728114866,0.2939764146877019,0.19626671038898455,0.08256128660008898,0.4233611543728795,0.042593375495093615,3.0156348872081478,118.0,178.56130885825746,0.7524929190802769,0.055884916459999795,0.47519293183681327,0.3140333880236984,0.1530081503915028
source::data/raw/source_domain/cwru_48khz_normal/N_1_(1772rpm).mat::w0011,source,data/raw/source_domain/cwru_48khz_normal/N_1_(1772rpm).mat,data/raw/source_domain/cwru_48khz_normal/N_1_(1772rpm).mat,data/raw/source_domain/cwru_48khz_normal/N_1_(1772rpm).mat,5.5,6.5,48000,N,known_source_label,1.0,1772.0,filename,DE_time,drive_end,0.06521553209235362,0.06521553209235362,0.24179912976923074,0.47376553846153846,-0.1589025467308592,2.922376229656664,3.7076923549915106,4.635972094917791,1.2503659017462676,5.464899896372989,0.1733369445196775,363.28125,2260.1054138019126,4382.8125,0.6907147883616882,0.2913535796889282,0.19869795580354652,0.0807233447378787,0.42538400983543556,0.04248364458114666,2.9758358678625907,118.0,168.10370083831302,0.7215877491593093,0.09183227693254262,0.5063030632432889,0.25675304224776446,0.14398344135991617
source::data/raw/source_domain/cwru_48khz_normal/N_1_(1772rpm).mat::w0012,source,data/raw/source_domain/cwru_48khz_normal/N_1_(1772rpm).mat,data/raw/source_domain/cwru_48khz_normal/N_1_(1772rpm).mat,data/raw/source_domain/cwru_48khz_normal/N_1_(1772rpm).mat,6.0,7.0,48000,N,known_source_label,1.0,1772.0,filename,DE_time,drive_end,0.06515223800900408,0.06515223800900408,0.2538821676153846,0.48440492307692307,-0.17926234640896926,2.9709344268697695,3.8967528264554963,4.881473602022887,1.2527029091522268,5.761656102041538,0.17289943540490427,363.28125,2262.436972445844,4382.8125,0.6911232714528878,0.2967132550578487,0.19190677353266178,0.07815881086506736,0.42881864235715517,0.042610929542123595,3.0797883167061544,118.0,178.0116306772124,0.7677694510861187,0.08315323141316729,0.43397955123066695,0.3443691182835246,0.1371210656334973
source::data/raw/source_domain/cwru_48khz_normal/N_1_(1772rpm).mat::w0013,source,data/raw/source_domain/cwru_48khz_normal/N_1_(1772rpm).mat,data/raw/source_domain/cwru_48khz_normal/N_1_(1772rpm).mat,data/raw/source_domain/cwru_48khz_normal/N_1_(1772rpm).mat,6.5,7.5,48000,N,known_source_label,1.0,1772.0,filename,DE_time,drive_end,0.06515248863895319,0.06515248863895319,0.2579599551538461,0.4877427692307692,-0.1797746976381547,2.972375493364192,3.959326198257581,4.957726094590373,1.2521640921367057,5.849416195300982,0.17471197316610762,363.28125,2257.8312545021454,4382.8125,0.6897003559059809,0.2997149217871768,0.19127043220862197,0.07739959265118064,0.42777445214089105,0.04247512170960201,3.185349140284098,118.0,172.98963342860816,0.7270840626250038,0.09826809344213323,0.4460371466508227,0.33751530946863956,0.11744432259597197
source::data/raw/source_domain/cwru_48khz_normal/N_1_(1772rpm).mat::w0014,source,data/raw/source_domain/cwru_48khz_normal/N_1_(1772rpm).mat,data/raw/source_domain/cwru_48khz_normal/N_1_(1772rpm).mat,data/raw/source_domain/cwru_48khz_normal/N_1_(1772rpm).mat,7.0,8.0,48000,N,known_source_label,1.0,1772.0,filename,DE_time,drive_end,0.06520297364899531,0.06520297364899531,0.25871650319230766,0.4877427692307692,-0.18070049215156356,2.9232962013630237,3.9678635606571944,4.950416535448907,1.2476277119148345,5.82425979013434,0.17327444321756702,363.28125,2266.9553202259867,4382.8125,0.6867932252023792,0.29830510323627696,0.18959763499899226,0.08008589393558796,0.42904959768318657,0.04221960042106377,3.1362075362935276,118.0,176.7183013295145,0.7470772349615186,0.1108058710582908,0.41799887955188414,0.32903382570926887,0.13950839327612533
source::data/raw/source_domain/cwru_48khz_normal/N_2_(1750rpm).mat::w0000,source,data/raw/source_domain/cwru_48khz_normal/N_2_(1750rpm).mat,data/raw/source_domain/cwru_48khz_normal/N_2_(1750rpm).mat,data/raw/source_domain/cwru_48khz_normal/N_2_(1750rpm).mat,0.0,1.0,48000,N,known_source_label,2.0,1750.0,filename,DE_time,drive_end,0.06324945396703661,0.06324945396703661,0.2872428229615384,0.5113163076923076,-0.19039006894788016,2.9546086702959395,4.54142771108661,5.6715712484158685,1.2488520370985237,6.683869800601808,0.1980457926206796,363.28125,2252.7663377110457,4382.8125,0.7302438989953756,0.2602437588297102,0.22570909169488865,0.10499619852135177,0.40452644483362377,0.04097395453241035,3.2280650173667333,116.0,175.80735940457168,0.788619131788547,0.107407941346946,0.43246703305525697,0.29200154832482883,0.16438989354404923
source::data/raw/source_domain/cwru_48khz_normal/N_2_(1750rpm).mat::w0001,source,data/raw/source_domain/cwru_48khz_normal/N_2_(1750rpm).mat,data/raw/source_domain/cwru_48khz_normal/N_2_(1750rpm).mat,data/raw/source_domain/cwru_48khz_normal/N_2_(1750rpm).mat,0.5,1.5,48000,N,known_source_label,2.0,1750.0,filename,DE_time,drive_end,0.06336066901727415,0.06336066901727415,0.2824046366923077,0.5182006153846154,-0.17700804419843524,2.9623277459202595,4.457096824701425,5.571341585159416,1.249993393501094,6.567701361225262,0.19762911727327653,363.28125,2236.9854804073902,4382.8125,0.7299869929729155,0.26751781775133227,0.22703720065158975,0.09634153698500787,0.4047731025977388,0.04099733091720368,3.1282180759049165,116.0,186.70494226467832,0.7962530516412942,0.09239103410348617,0.41632780774795963,0.28854498578004245,0.19847789360899404
source::data/raw/source_domain/cwru_48khz_normal/N_2_(1750rpm).mat::w0002,source,data/raw/source_domain/cwru_48khz_normal/N_2_(1750rpm).mat,data/raw/source_domain/cwru_48khz_normal/N_2_(1750rpm).mat,data/raw/source_domain/cwru_48khz_normal/N_2_(1750rpm).mat,1.0,2.0,48000,N,known_source_label,2.0,1750.0,filename,DE_time,drive_end,0.06332136120876242,0.06332136120876242,0.34880360184615383,0.604776,-0.1546529974920624,2.9408941354423703,5.508466577190035,6.87287126991112,1.2476922884968384,8.09027359198281,0.1975041146690556,363.28125,2232.571314432924,4382.8125,0.7298831726598216,0.2715421460922547,0.22591547585870203,0.09190659097955892,0.4062224269094397,0.04092798762212538,3.188913211563545,116.0,188.58876087717601,0.8084090621541477,0.10428048220088902,0.3581456556643596,0.3438038204647893,0.18918142978127192
source::data/raw/source_domain/cwru_48khz_normal/N_2_(1750rpm).mat::w0003,source,data/raw/source_domain/cwru_48khz_normal/N_2_(1750rpm).mat,data/raw/source_domain/cwru_48khz_normal/N_2_(1750rpm).mat,data/raw/source_domain/cwru_48khz_normal/N_2_(1750rpm).mat,1.5,2.5,48000,N,known_source_label,2.0,1750.0,filename,DE_time,drive_end,0.06330495907621717,0.06330495907621717,0.3486550242307692,0.6206307692307692,-0.1628190759428684,2.940049190703722,5.50754679116832,6.873375123419474,1.2479921431321774,8.09064172165121,0.19775411987749744,363.28125,2230.81687951898,4382.8125,0.7291074840443927,0.2701997502925796,0.2264134847284122,0.09627988730748147,0.40272946843553026,0.04105783767082976,3.2356932493554877,116.0,195.29260966811847,0.797121378529586,0.0816057832215089,0.3601824504563494,0.3543501764743521,0.19961012641538428
source::data/raw/source_domain/cwru_48khz_normal/N_2_(1750rpm).mat::w0004,source,data/raw/source_domain/cwru_48khz_normal/N_2_(1750rpm).mat,data/raw/source_domain/cwru_48khz_normal/N_2_(1750rpm).mat,data/raw/source_domain/cwru_48khz_normal/N_2_(1750rpm).mat,2.0,3.0,48000,N,known_source_label,2.0,1750.0,filename,DE_time,drive_end,0.06321174758515813,0.06321174758515813,0.2729146880769231,0.49984246153846157,-0.18411909286224118,2.925958817253264,4.317467852078257,5.3921428432118494,1.248913258388475,6.350189196850151,0.1980874601554199,363.28125,2270.128607629999,4382.8125,0.7225896109079836,0.26600596202296295,0.2241648624882576,0.08952386573285048,0.41637491935779625,0.04090756322352877,3.0749870573352003,116.0,178.5238138443369,0.7587515712131923,0.07511217960918837,0.42344695956709877,0.35014685864175854,0.14908317068104673
source::data/raw/source_domain/cwru_48khz_normal/N_2_(1750rpm).mat::w0005,source,data/raw/source_domain/cwru_48khz_normal/N_2_(1750rpm).mat,data/raw/source_domain/cwru_48khz_normal/N_2_(1750rpm).mat,data/raw/source_domain/cwru_48khz_normal/N_2_(1750rpm).mat,2.5,3.5,48000,N,known_source_label,2.0,1750.0,filename,DE_time,drive_end,0.06332514460894301,0.06332514460894301,0.24579627876923077,0.4887858461538461,-0.181667613214195,2.9270170261338833,3.8814957357497613,4.852641651365337,1.25019888765931,5.723576765995373,0.19825413029438113,363.28125,2289.455141948447,4382.8125,0.7274553722268308,0.2609572078782303,0.22115005395415643,0.09535939261922118,0.41831159529133777,0.0410362755145647,3.0670448791193867,116.0,180.3927541986244,0.7743227094475517,0.09230919138088713,0.4071402452062922,0.3242847081467975,0.17326032519327808
source::data/raw/source_domain/cwru_48khz_normal/N_2_(1750rpm).mat::w0006,source,data/raw/source_domain/cwru_48khz_normal/N_2_(1750rpm).mat,data/raw/source_domain/cwru_48khz_normal/N_2_(1750rpm).mat,data/raw/source_domain/cwru_48khz_normal/N_2_(1750rpm).mat,3.0,4.0,48000,N,known_source_label,2.0,1750.0,filename,DE_time,drive_end,0.06317460532167386,0.06317460532167386,0.2909376404615384,0.5449033846153846,-0.17534449555801382,2.9340508235399367,4.605294152223514,5.751917974224865,1.2489794970765753,6.778286216725479,0.19783745494697808,363.28125,2275.203481334713,4382.8125,0.7312447610166976,0.25710331777557893,0.22394442084934169,0.10560234927894238,0.40900947433525625,0.040984668343091744,3.151940343619121,116.0,182.9553868258001,0.8089802705387299,0.08722645950889595,0.3922915648923374,0.34554626918849285,0.1703799531715191
source::data/raw/source_domain/cwru_48khz_normal/N_2_(1750rpm).mat::w0007,source,data/raw/source_domain/cwru_48khz_normal/N_2_(1750rpm).mat,data/raw/source_domain/cwru_48khz_normal/N_2_(1750rpm).mat,data/raw/source_domain/cwru_48khz_normal/N_2_(1750rpm).mat,3.5,4.5,48000,N,known_source_label,2.0,1750.0,filename,DE_time,drive_end,0.06316108127022503,0.06316108127022503,0.3383442305769231,0.5926763076923077,-0.15711337516156787,2.9361547484316657,5.3568467126775765,6.67729275204718,1.2464968870845046,7.851201922901169,0.1962124210921061,363.28125,2262.22516638129,4382.8125,0.7282550643259733,0.25713491911989017,0.2301323437795115,0.0992795527381702,0.40923148220243344,0.04073529237093174,3.196756999089889,116.0,187.50336421876054,0.8096441836775515,0.10614806682621315,0.3922994737291675,0.3177685094498226,0.17937064407262135
source::data/raw/source_domain/cwru_48khz_normal/N_2_(1750rpm).mat::w0008,source,data/raw/source_domain/cwru_48khz_normal/N_2_(1750rpm).mat,data/raw/source_domain/cwru_48khz_normal/N_2_(1750rpm).mat,data/raw/source_domain/cwru_48khz_normal/N_2_(1750rpm).mat,4.0,5.0,48000,N,known_source_label,2.0,1750.0,filename,DE_time,drive_end,0.06322516010283726,0.06322516010283726,0.3396099826923077,0.5570030769230769,-0.15896234570464302,2.9036236220800227,5.371437290701239,6.695300890519362,1.2464635679548994,7.875039297885818,0.19792079001645868,363.28125,2257.010289349296,4382.8125,0.7315705739205716,0.26273640686121785,0.22617192821092183,0.0980092538753815,0.4092542806959774,0.040686825847233946,3.101202931364298,116.0,198.64931791685424,0.7995891620855804,0.09283892181039098,0.3672546694970534,0.3161594941051714,0.22110914470381432
source::data/raw/source_domain/cwru_48khz_normal/N_2_(1750rpm).mat::w0009,source,data/raw/source_domain/cwru_48khz_normal/N_2_(1750rpm).mat,data/raw/source_domain/cwru_48khz_normal/N_2_(1750rpm).mat,data/raw/source_domain/cwru_48khz_normal/N_2_(1750rpm).mat,4.5,5.5,48000,N,known_source_label,2.0,1750.0,filename,DE_time,drive_end,0.06281703404782682,0.06281703404782682,0.2563941793461538,0.46250030769230766,-0.17088265880609194,2.896053677854285,4.081602756775529,5.09613108375808,1.2485612607001724,6.004361554741276,0.1992541511281485,363.28125,2279.758076085285,4382.8125,0.7303017841781838,0.26218038719294384,0.2200992150663124,0.095291500432145,0.41858959509382704,0.04071780585640473,3.036272879049948,116.0,191.11495618493123,0.8143872388275454,0.09904938358745917,0.34134930119269435,0.36533909850282514,0.19158057526492306
source::data/raw/source_domain/cwru_48khz_normal/N_2_(1750rpm).mat::w0010,source,data/raw/source_domain/cwru_48khz_normal/N_2_(1750rpm).mat,data/raw/source_domain/cwru_48khz_normal/N_2_(1750rpm).mat,data/raw/source_domain/cwru_48khz_normal/N_2_(1750rpm).mat,5.0,6.0,48000,N,known_source_label,2.0,1750.0,filename,DE_time,drive_end,0.06286431064750085,0.06286431064750085,0.25719933042307686,0.4723052307692307,-0.17633588510322062,2.9053138767639863,4.091340981390533,5.1085660801970185,1.248628775590221,6.019887421066865,0.19864997187441405,363.28125,2282.6132090556634,4382.8125,0.726696311621789,0.2646677265055295,0.2171284312547462,0.09550949363798247,0.41811708430165107,0.040802411931830235,3.0888820327995514,116.0,188.32875077369508,0.78184234162278,0.07992126314011508,0.4136852169652703,0.3096422911808566,0.19494389569172013
source::data/raw/source_domain/cwru_48khz_normal/N_2_(1750rpm).mat::w0011,source,data/raw/source_domain/cwru_48khz_normal/N_2_(1750rpm).mat,data/raw/source_domain/cwru_48khz_normal/N_2_(1750rpm).mat,data/raw/source_domain/cwru_48khz_normal/N_2_(1750rpm).mat,5.5,6.5,48000,N,known_source_label,2.0,1750.0,filename,DE_time,drive_end,0.06298406356522936,0.06298406356522936,0.2581187114615384,0.487116923076923,-0.17643564637170875,2.8972738221755567,4.098159071462894,5.109172821184369,1.2466994892122283,6.014688085402196,0.1983166315964916,363.28125,2272.2392821298217,4382.8125,0.7277830560905865,0.2625768196248909,0.22088992313736885,0.10287575740173037,0.4083523699172874,0.04073492823672032,3.1103364346148425,116.0,192.24966291325606,0.7866057958194884,0.059024412243946695,0.41937462722813357,0.3135009829603339,0.20666054237588719
source::data/raw/source_domain/cwru_48khz_normal/N_2_(1750rpm).mat::w0012,source,data/raw/source_domain/cwru_48khz_normal/N_2_(1750rpm).mat,data/raw/source_domain/cwru_48khz_normal/N_2_(1750rpm).mat,data/raw/source_domain/cwru_48khz_normal/N_2_(1750rpm).mat,6.0,7.0,48000,N,known_source_label,2.0,1750.0,filename,DE_time,drive_end,0.0627339979693248,0.0627339979693248,0.2626523540384615,0.4917064615384614,-0.17452532691673683,2.888218069143006,4.186762561549234,5.212387619440789,1.2449685270494428,6.129165948963451,0.19739994583220483,363.28125,2247.682298119566,4382.8125,0.7326316468727837,0.2620033779643118,0.22992762972677944,0.10429070377112273,0.39930836396444563,0.04044423600307955,3.085157561628478,116.0,190.19812549264526,0.8049099829145124,0.08515510131066768,0.4094123685139789,0.2789062689579374,0.22339593245483325
source::data/raw/source_domain/cwru_48khz_normal/N_2_(1750rpm).mat::w0013,source,data/raw/source_domain/cwru_48khz_normal/N_2_(1750rpm).mat,data/raw/source_domain/cwru_48khz_normal/N_2_(1750rpm).mat,data/raw/source_domain/cwru_48khz_normal/N_2_(1750rpm).mat,6.5,7.5,48000,N,known_source_label,2.0,1750.0,filename,DE_time,drive_end,0.06257046042277664,0.06257046042277666,0.2624033194230769,0.4791895384615384,-0.15284279089705843,2.8832843811412365,4.193725244242636,5.227168358607591,1.2464260422640179,6.15173289050267,0.19673326527635993,363.28125,2240.720125530668,4382.8125,0.7276939283963417,0.2659140560064648,0.23067231400125998,0.09551886634408598,0.4041264134619595,0.04038197723128964,2.98485062997655,116.0,186.80712312150717,0.7786033352940069,0.09949673026183217,0.40224336905440994,0.2952019885786906,0.20175183545648795
source::data/raw/source_domain/cwru_48khz_normal/N_2_(1750rpm).mat::w0014,source,data/raw/source_domain/cwru_48khz_normal/N_2_(1750rpm).mat,data/raw/source_domain/cwru_48khz_normal/N_2_(1750rpm).mat,data/raw/source_domain/cwru_48khz_normal/N_2_(1750rpm).mat,7.0,8.0,48000,N,known_source_label,2.0,1750.0,filename,DE_time,drive_end,0.0628387949303477,0.0628387949303477,0.25832123788461536,0.4942098461538461,-0.12961899639569657,2.9101237815200416,4.110856011271939,5.135615250069163,1.2492812289960085,6.054841722519303,0.19846246796808267,363.28125,2239.6537323123544,4382.8125,0.7255591578238608,0.265985307559577,0.22791355253511464,0.09859006843189831,0.4033019574050508,0.040842777984487974,3.0051492640278306,116.0,189.78888668423002,0.7640382674463424,0.07226626132498153,0.413914016415259,0.3245889796986611,0.18691556757121655
source::data/raw/source_domain/cwru_48khz_normal/N_3.mat::w0000,source,data/raw/source_domain/cwru_48khz_normal/N_3.mat,data/raw/source_domain/cwru_48khz_normal/N_3.mat,data/raw/source_domain/cwru_48khz_normal/N_3.mat,0.0,1.0,48000,N,known_source_label,3.0,1725.0,mat_variable,DE_time,drive_end,0.06473627612561085,0.06473627612561085,0.2589692407307692,0.5113163076923076,-0.11159217706210516,2.946584572709665,4.0003728392451645,5.007847298884451,1.2518451404524662,5.91016670295841,0.20637929956874101,363.28125,2226.1376045278407,4570.3125,0.7731429645469704,0.22286347381998764,0.268191735392288,0.1283078877705164,0.3759551496777732,0.042174961664255516,3.1194265816363584,114.0,188.55830584938974,0.7884641813357092,0.11042314696518093,0.36507165069360253,0.3088423988427814,0.21270688781770958
source::data/raw/source_domain/cwru_48khz_normal/N_3.mat::w0001,source,data/raw/source_domain/cwru_48khz_normal/N_3.mat,data/raw/source_domain/cwru_48khz_normal/N_3.mat,data/raw/source_domain/cwru_48khz_normal/N_3.mat,0.5,1.5,48000,N,known_source_label,3.0,1725.0,mat_variable,DE_time,drive_end,0.06463694467137819,0.06463694467137819,0.2523894593461538,0.5038061538461538,-0.11115768682352124,2.9023830621628686,3.9047244671824557,4.880142987290468,1.249804698956479,5.757782849586114,0.2066084710098127,363.28125,2225.9659392090907,4570.3125,0.7770607790079151,0.21517426178330107,0.2781775329997113,0.12882475658343637,0.3737171978340027,0.04181464741701031,3.0716105236895164,114.0,188.4337992300306,0.8307784651394376,0.1018108261860902,0.38187631699761665,0.2905446220493798,0.22335675174995995
source::data/raw/source_domain/cwru_48khz_normal/N_3.mat::w0002,source,data/raw/source_domain/cwru_48khz_normal/N_3.mat,data/raw/source_domain/cwru_48khz_normal/N_3.mat,data/raw/source_domain/cwru_48khz_normal/N_3.mat,1.0,2.0,48000,N,known_source_label,3.0,1725.0,mat_variable,DE_time,drive_end,0.06426475442206508,0.06426475442206508,0.2677433256538462,0.5307175384615384,-0.12837347213293185,2.9145854551123667,4.16625455208697,5.200040277502889,1.2481331163063851,6.1233347365882915,0.20865018021208775,363.28125,2242.7874367076597,4605.46875,0.7718905422457468,0.21722359758540521,0.27218178273084265,0.12568476112535823,0.38067480024284284,0.04154393316277994,3.098262209336227,114.0,192.92279445575903,0.7940592138204742,0.10487508456400527,0.3873547363677437,0.2778103169486376,0.22726812791003165
source::data/raw/source_domain/cwru_48khz_normal/N_3.mat::w0003,source,data/raw/source_domain/cwru_48khz_normal/N_3.mat,data/raw/source_domain/cwru_48khz_normal/N_3.mat,data/raw/source_domain/cwru_48khz_normal/N_3.mat,1.5,2.5,48000,N,known_source_label,3.0,1725.0,mat_variable,DE_time,drive_end,0.06402677272879853,0.06402677272879853,0.2682351711923077,0.5307175384615384,-0.1376134730289551,2.9297357212605637,4.1894220145109555,5.232846930374042,1.2490617827870365,6.161412707458825,0.20998354132377758,363.28125,2254.9047505669923,4617.1875,0.7689782691010953,0.22271764707462222,0.26410760309660375,0.12132298764765123,0.3869265882227531,0.04157705779625368,3.084789273163935,114.0,193.4943824542107,0.7954434969856354,0.0956490837389645,0.3952924883766458,0.26866152880291494,0.2361712668035086
source::data/raw/source_domain/cwru_48khz_normal/N_3.mat::w0004,source,data/raw/source_domain/cwru_48khz_normal/N_3.mat,data/raw/source_domain/cwru_48khz_normal/N_3.mat,data/raw/source_domain/cwru_48khz_normal/N_3.mat,2.0,3.0,48000,N,known_source_label,3.0,1725.0,mat_variable,DE_time,drive_end,0.06423423375232108,0.06423423375232108,0.25841778769230767,0.5042233846153846,-0.1452443994637832,2.934420692133036,4.023053947910553,5.030431823233686,1.25040128427013,5.930128663291189,0.2088585178857893,363.28125,2269.9596523589553,4617.1875,0.7661700436085659,0.21244265228303783,0.27240633821916893,0.1164486449829933,0.39361710970181835,0.04184947061030101,3.0647809190798814,114.0,187.40881705903098,0.778166677918547,0.09736360862717519,0.40528437330239253,0.28319502499242877,0.21297230846416523
source::data/raw/source_domain/cwru_48khz_normal/N_3.mat::w0005,source,data/raw/source_domain/cwru_48khz_normal/N_3.mat,data/raw/source_domain/cwru_48khz_normal/N_3.mat,data/raw/source_domain/cwru_48khz_normal/N_3.mat,2.5,3.5,48000,N,known_source_label,3.0,1725.0,mat_variable,DE_time,drive_end,0.06472044688837844,0.06472044688837844,0.25895305130769225,0.5042233846153845,-0.14725259397193433,2.9768810533523147,4.001101101021448,5.011708687856843,1.25258236701391,5.915196594566283,0.20658763724244256,363.28125,2252.7767903229224,4628.90625,0.7735961703436908,0.21370509038866936,0.27284430826440675,0.12208922375940061,0.38660527663294586,0.042268834163201124,3.104231049165346,114.0,177.7307494971057,0.810649606751377,0.13662250095356818,0.4243499473830202,0.22111900388468708,0.21590766088645374
source::data/raw/source_domain/cwru_48khz_normal/N_3.mat::w0006,source,data/raw/source_domain/cwru_48khz_normal/N_3.mat,data/raw/source_domain/cwru_48khz_normal/N_3.mat,data/raw/source_domain/cwru_48khz_normal/N_3.mat,3.0,4.0,48000,N,known_source_label,3.0,1725.0,mat_variable,DE_time,drive_end,0.06491229895254498,0.06491229895254498,0.2417884338846154,0.47939815384615386,-0.13091942114960384,2.959609445624201,3.724847798991887,4.661977682811437,1.2515887720301915,5.499807276609582,0.206920977520365,363.28125,2236.443029694919,4804.6875,0.7725414435371422,0.2202761592161497,0.2719940871744133,0.12357984547070013,0.3796315987512704,0.042289451526109696,3.096125395535395,114.0,192.63405377810386,0.8121242373602994,0.12298493786357097,0.31365199252404147,0.351800535215729,0.2066888177489083
source::data/raw/source_domain/cwru_48khz_normal/N_3.mat::w0007,source,data/raw/source_domain/cwru_48khz_normal/N_3.mat,data/raw/source_domain/cwru_48khz_normal/N_3.mat,data/raw/source_domain/cwru_48khz_normal/N_3.mat,3.5,4.5,48000,N,known_source_label,3.0,1725.0,mat_variable,DE_time,drive_end,0.06477890529781359,0.06477890529781359,0.2498832540769231,0.4925409230769231,-0.11351863126491644,2.9526538545859013,3.8574788030803546,4.828223151535363,1.2516525424858578,5.696492523228599,0.207462655471989,363.28125,2218.206053940662,4664.0625,0.774352276479105,0.22092917482319968,0.2754100826627841,0.12327296039578153,0.37564566056056414,0.04209357505395208,3.1104952525215483,114.0,184.124347194365,0.81625541036319,0.12332012109384216,0.3836340037094533,0.2844664636017955,0.20645836150808633
source::data/raw/source_domain/cwru_48khz_normal/N_3.mat::w0008,source,data/raw/source_domain/cwru_48khz_normal/N_3.mat,data/raw/source_domain/cwru_48khz_normal/N_3.mat,data/raw/source_domain/cwru_48khz_normal/N_3.mat,4.0,5.0,48000,N,known_source_label,3.0,1725.0,mat_variable,DE_time,drive_end,0.06506389281920397,0.06506389281920397,0.29749177084615386,0.5392707692307692,-0.13882768864192477,2.970652021548991,4.572302054969806,5.728522804749935,1.2528749710302591,6.764579036282683,0.20515010729390196,363.28125,2248.9515155304416,4546.875,0.7714486403047479,0.21596972791189947,0.27171453307838206,0.12322866306986774,0.3838959400128598,0.04223115762814402,3.13053507065701,114.0,187.97421201984653,0.8125619006226668,0.10756457704090452,0.37620305743117477,0.303473127584901,0.2121239478359802
source::data/raw/source_domain/cwru_48khz_normal/N_3.mat::w0009,source,data/raw/source_domain/cwru_48khz_normal/N_3.mat,data/raw/source_domain/cwru_48khz_normal/N_3.mat,data/raw/source_domain/cwru_48khz_normal/N_3.mat,4.5,5.5,48000,N,known_source_label,3.0,1725.0,mat_variable,DE_time,drive_end,0.06523927158993965,0.06523927158993965,0.2988097072307692,0.5392707692307692,-0.1453275479950596,2.9400584743552565,4.580212193421661,5.72554948437552,1.2500620588083429,6.747448820283097,0.20429592283172565,363.28125,2265.771061582929,4511.71875,0.770375317136558,0.2135023415514003,0.26996630128592536,0.12102049668448096,0.3907687609972876,0.042162452285772256,3.065524448091371,114.0,181.0526928812095,0.8205738479796604,0.1383335339542215,0.38148633408414884,0.26021697839575986,0.216111603039733
source::data/raw/source_domain/cwru_48khz_normal/N_3.mat::w0010,source,data/raw/source_domain/cwru_48khz_normal/N_3.mat,data/raw/source_domain/cwru_48khz_normal/N_3.mat,data/raw/source_domain/cwru_48khz_normal/N_3.mat,5.0,6.0,48000,N,known_source_label,3.0,1725.0,mat_variable,DE_time,drive_end,0.06491733834749412,0.06491733834749412,0.2680167856538461,0.52884,-0.12952855402417848,2.931260132932005,4.128585559300942,5.1552122496240305,1.2486630531201843,6.068145488930475,0.20519177482864226,363.28125,2235.223688752943,4570.3125,0.76823814213883,0.2264929607986734,0.26597169625689837,0.11716478187158635,0.38501303169559004,0.04188713721908206,3.063331437181322,114.0,194.34678735435796,0.8040005333345785,0.09917097635916688,0.3565463906344521,0.3066758187304989,0.23360772957397302
source::data/raw/source_domain/cwru_48khz_normal/N_3.mat::w0011,source,data/raw/source_domain/cwru_48khz_normal/N_3.mat,data/raw/source_domain/cwru_48khz_normal/N_3.mat,data/raw/source_domain/cwru_48khz_normal/N_3.mat,5.5,6.5,48000,N,known_source_label,3.0,1725.0,mat_variable,DE_time,drive_end,0.06483122682695475,0.06483122682695475,0.27188703999999997,0.5323864615384615,-0.11563196970157447,2.9792207927788588,4.193766697050444,5.250146275007267,1.2518927861721092,6.190991091038862,0.20762932561095024,363.28125,2219.0543322462754,4582.03125,0.7684707258880578,0.22733893072334432,0.26912360606473157,0.11715331602631962,0.3804413680685908,0.042150397894116474,3.181904721494609,114.0,184.0284082417451,0.7840981925830122,0.09630128673580093,0.4350031998017756,0.25483446305645696,0.21099916011787387
source::data/raw/source_domain/cwru_48khz_normal/N_3.mat::w0012,source,data/raw/source_domain/cwru_48khz_normal/N_3.mat,data/raw/source_domain/cwru_48khz_normal/N_3.mat,data/raw/source_domain/cwru_48khz_normal/N_3.mat,6.0,7.0,48000,N,known_source_label,3.0,1725.0,mat_variable,DE_time,drive_end,0.0649214915788975,0.0649214915788975,0.31928863203846153,0.5893384615384616,-0.11593406907253964,2.992143439267852,4.9180729565573795,6.159320374336276,1.252384913491175,7.266770018390612,0.20662930477718286,363.28125,2234.3557338993437,4558.59375,0.7709423833381708,0.21973702828812935,0.2708320869666248,0.12191447003699574,0.3820541111760149,0.04233187155777243,3.2519128116954117,114.0,197.8018657119817,0.8147667827061464,0.1005088434341096,0.364241739487372,0.29549083397149517,0.23809074797555735
source::data/raw/source_domain/cwru_48khz_normal/N_3.mat::w0013,source,data/raw/source_domain/cwru_48khz_normal/N_3.mat,data/raw/source_domain/cwru_48khz_normal/N_3.mat,data/raw/source_domain/cwru_48khz_normal/N_3.mat,6.5,7.5,48000,N,known_source_label,3.0,1725.0,mat_variable,DE_time,drive_end,0.06449169065587852,0.06449169065587852,0.3195431471538462,0.564096,-0.13544010538004753,2.970324635624018,4.954795631796086,6.197316865465996,1.2507714396130214,7.305708461194631,0.206920977520365,363.28125,2229.5608633324673,4593.75,0.7706900508737621,0.2253406995734643,0.2696828533545351,0.11882482309918366,0.38131751806079467,0.041939519279164415,3.2113653357608367,114.0,201.1972901369231,0.7999804277003976,0.1149557085510119,0.35039102007279677,0.25548232267973825,0.27708793860049347
source::data/raw/source_domain/cwru_48khz_normal/N_3.mat::w0014,source,data/raw/source_domain/cwru_48khz_normal/N_3.mat,data/raw/source_domain/cwru_48khz_normal/N_3.mat,data/raw/source_domain/cwru_48khz_normal/N_3.mat,7.0,8.0,48000,N,known_source_label,3.0,1725.0,mat_variable,DE_time,drive_end,0.06456477555262004,0.06456477555262004,0.3196026981538462,0.5816196923076923,-0.13453849374401627,3.000637922698321,4.95010933459253,6.201841360516817,1.2528695714013491,7.322741449255515,0.20833767370153544,363.28125,2266.569784886512,4546.875,0.7754692630003258,0.2157861471436898,0.2662531226780576,0.12157650532783448,0.39186971514992874,0.042094110459308866,3.2672751844931276,114.0,198.44289400417935,0.835641176521737,0.10375929388328438,0.3746021316591818,0.244991423548503,0.2730433060901743
