window_id,domain,original_file_id,acquisition_id,independent_object_id,window_start_s,window_end_s,fs_hz,class_label,truth_status,load_hp,rpm_value,rpm_source,channel,sensor_position,td_rms,td_std,td_peak_abs,td_ptp,td_skewness,td_kurtosis,td_crest_factor,td_impulse_factor,td_shape_factor,td_clearance_factor,td_zero_cross_rate,fd_dominant_hz_0_6k,fd_centroid_hz_0_6k,fd_f95_hz_0_6k,fd_entropy_0_6k,fd_energy_ratio_0_500,fd_energy_ratio_500_1500,fd_energy_ratio_1500_3000,fd_energy_ratio_3000_6000,env_rms,env_kurtosis,env_dominant_hz_0_500,env_centroid_hz_0_500,env_entropy_0_500,env_energy_ratio_0_50,env_energy_ratio_50_150,env_energy_ratio_150_300,env_energy_ratio_300_500
target::data/raw/target_domain/train_bearing_a_to_p/A.mat::w0000,target,data/raw/target_domain/train_bearing_a_to_p/A.mat,data/raw/target_domain/train_bearing_a_to_p/A.mat,data/raw/target_domain/train_bearing_a_to_p/A.mat,0.0,1.0,32000,UNKNOWN,unknown,,600.0,problem_approximate_not_used_for_mechanism_features,anonymous_single_channel,unknown,3.401648516191155,3.401648516191155,15.119901771356952,29.355344016796877,0.036398088251889976,3.153530876007167,4.444874800963372,5.598754223080274,1.2595977330711694,6.61421318569715,0.29079033719803743,1328.125,2605.6435052805855,5375.0,0.9128969259141301,0.02814749973915144,0.19657769135635475,0.44650049642215384,0.32288492560524984,2.2744782129899095,3.6549366706346764,27.0,211.55308757273988,0.9331006137892733,0.15785448095163113,0.22378381319197452,0.33296972897731936,0.2825925494306726
target::data/raw/target_domain/train_bearing_a_to_p/A.mat::w0001,target,data/raw/target_domain/train_bearing_a_to_p/A.mat,data/raw/target_domain/train_bearing_a_to_p/A.mat,data/raw/target_domain/train_bearing_a_to_p/A.mat,0.5,1.5,32000,UNKNOWN,unknown,,600.0,problem_approximate_not_used_for_mechanism_features,anonymous_single_channel,unknown,3.3709493714248135,3.3709493714248135,15.07675623581746,29.5007139984375,0.028773065334102548,3.2390847326843497,4.472554931740321,5.648295588222392,1.2628789750879372,6.681495312714274,0.29160286258945595,1328.125,2623.0671246875495,5382.8125,0.9175589726016228,0.028883169008545637,0.19158073345022839,0.4505028882044771,0.32213815972271814,2.2617507086247515,3.702729130534588,3.0,202.6436483723929,0.9167528389690357,0.2018283299780328,0.2599803594767238,0.23112172584575802,0.3032162848368555
target::data/raw/target_domain/train_bearing_a_to_p/A.mat::w0002,target,data/raw/target_domain/train_bearing_a_to_p/A.mat,data/raw/target_domain/train_bearing_a_to_p/A.mat,data/raw/target_domain/train_bearing_a_to_p/A.mat,1.0,2.0,32000,UNKNOWN,unknown,,600.0,problem_approximate_not_used_for_mechanism_features,anonymous_single_channel,unknown,3.39308315028701,3.39308315028701,15.617741122772237,30.039718414453127,0.03127231765092196,3.1985237212514823,4.602817093193422,5.796106372802014,1.2592519440695356,6.849145521119984,0.2896965530172818,1328.125,2614.815015777655,5398.4375,0.9171213998392762,0.0275885980639709,0.18273765610257645,0.46970061980335714,0.313663102328657,2.2682622683950813,3.850682905370596,166.0,225.83835115114033,0.9206914586112781,0.1001446567820338,0.21405038953941338,0.3505429926343819,0.3285078642316308
target::data/raw/target_domain/train_bearing_a_to_p/A.mat::w0003,target,data/raw/target_domain/train_bearing_a_to_p/A.mat,data/raw/target_domain/train_bearing_a_to_p/A.mat,data/raw/target_domain/train_bearing_a_to_p/A.mat,1.5,2.5,32000,UNKNOWN,unknown,,600.0,problem_approximate_not_used_for_mechanism_features,anonymous_single_channel,unknown,3.4631903075745436,3.4631903075745436,15.63160022763272,30.484379534765623,0.00380663789632129,3.1307398495535788,4.513641711643576,5.6702845165589935,1.2562548998805236,6.691148839861848,0.29085283915122345,1328.125,2608.372375533386,5382.8125,0.910580455327176,0.02622508970953636,0.18191289343304062,0.467694407184377,0.3155679758807597,2.307026768382655,3.8323458417078538,63.0,216.47694249755793,0.9307939593543189,0.13789705101846023,0.2514984875951808,0.30568911893913886,0.3012160635859627
target::data/raw/target_domain/train_bearing_a_to_p/A.mat::w0004,target,data/raw/target_domain/train_bearing_a_to_p/A.mat,data/raw/target_domain/train_bearing_a_to_p/A.mat,data/raw/target_domain/train_bearing_a_to_p/A.mat,2.0,3.0,32000,UNKNOWN,unknown,,600.0,problem_approximate_not_used_for_mechanism_features,anonymous_single_channel,unknown,3.49586340138014,3.49586340138014,15.36958836126682,30.21817163203125,-0.023417499674868253,3.0732771699701398,4.396507127593894,5.524328952229435,1.256526781807173,6.525184232967855,0.29132160380011873,1328.125,2609.971611066706,5375.0,0.910168007502199,0.027312845815219106,0.18436333227918247,0.4653670036379818,0.31240431315394235,2.3190577867090574,3.635361452929859,4.0,220.1555743652772,0.9279728388154336,0.18191236246953182,0.18721697093695683,0.2710590689213751,0.35319596328878705
target::data/raw/target_domain/train_bearing_a_to_p/A.mat::w0005,target,data/raw/target_domain/train_bearing_a_to_p/A.mat,data/raw/target_domain/train_bearing_a_to_p/A.mat,data/raw/target_domain/train_bearing_a_to_p/A.mat,2.5,3.5,32000,UNKNOWN,unknown,,600.0,problem_approximate_not_used_for_mechanism_features,anonymous_single_channel,unknown,3.4846851708836355,3.4846851708836355,15.357932090879517,28.580691636328126,-0.01653688591755381,3.052970742777843,4.407265316017256,5.54460637538423,1.258060492803091,6.559096689570686,0.2947904622019438,1328.125,2634.0005022556757,5398.4375,0.9141362251886513,0.028060311532258433,0.20010129646445438,0.4347654713941586,0.3263516530584348,2.3203710599988656,3.377040543307419,25.0,218.92173636100642,0.9292339053080959,0.14751893086016046,0.2500197340771251,0.27393162888446104,0.32380055466709673
target::data/raw/target_domain/train_bearing_a_to_p/A.mat::w0006,target,data/raw/target_domain/train_bearing_a_to_p/A.mat,data/raw/target_domain/train_bearing_a_to_p/A.mat,data/raw/target_domain/train_bearing_a_to_p/A.mat,3.0,4.0,32000,UNKNOWN,unknown,,600.0,problem_approximate_not_used_for_mechanism_features,anonymous_single_channel,unknown,3.4300712710443424,3.4300712710443424,13.614594220129842,26.839055520703127,0.01149817148847511,3.0777585071926934,3.969186977266709,5.000860461035788,1.2599206058259464,5.921578505319271,0.296759273727304,1328.125,2648.280698390685,5414.0625,0.9214410655697663,0.030316951372732673,0.19373250959683447,0.43520754120189015,0.3319776841903163,2.288663223991003,3.351586492217536,17.0,208.26476917334256,0.9209221406747706,0.22037151172264904,0.20018825501551768,0.27715686507285975,0.29208275643241294
target::data/raw/target_domain/train_bearing_a_to_p/A.mat::w0007,target,data/raw/target_domain/train_bearing_a_to_p/A.mat,data/raw/target_domain/train_bearing_a_to_p/A.mat,data/raw/target_domain/train_bearing_a_to_p/A.mat,3.5,4.5,32000,UNKNOWN,unknown,,600.0,problem_approximate_not_used_for_mechanism_features,anonymous_single_channel,unknown,3.436381421185131,3.436381421185131,15.994611087834418,28.96941965859375,0.025422382769513682,3.145314476178799,4.654492364911453,5.8699698545386285,1.2611407204765261,6.95331307124881,0.2944467014594206,1328.125,2673.68138181676,5414.0625,0.9260361040496182,0.030112330975254346,0.17710040684176634,0.4478598424818734,0.33896760788444885,2.297323727092444,3.53264598302739,77.0,211.24584664102719,0.9211527685218448,0.15619881858360965,0.24111252823217103,0.30983834485274386,0.2883631509792607
target::data/raw/target_domain/train_bearing_a_to_p/A.mat::w0008,target,data/raw/target_domain/train_bearing_a_to_p/A.mat,data/raw/target_domain/train_bearing_a_to_p/A.mat,data/raw/target_domain/train_bearing_a_to_p/A.mat,4.0,5.0,32000,UNKNOWN,unknown,,600.0,problem_approximate_not_used_for_mechanism_features,anonymous_single_channel,unknown,3.4673860691280325,3.4673860691280325,16.015810916056925,29.10974304492187,0.023207826305573276,3.1714505119592338,4.618986924660487,5.8223224199625205,1.260519355202289,6.8900608012949,0.291696615519235,1328.125,2658.8275490856554,5382.8125,0.9170611882562468,0.02740818850237982,0.16228240033282595,0.47233469317162363,0.33115048358754157,2.330267661131287,3.7459734656589916,70.0,199.22275782353896,0.9218302463631318,0.1424363210371014,0.29311013514367645,0.3113372703201738,0.24884335948969863
target::data/raw/target_domain/train_bearing_a_to_p/A.mat::w0009,target,data/raw/target_domain/train_bearing_a_to_p/A.mat,data/raw/target_domain/train_bearing_a_to_p/A.mat,data/raw/target_domain/train_bearing_a_to_p/A.mat,4.5,5.5,32000,UNKNOWN,unknown,,600.0,problem_approximate_not_used_for_mechanism_features,anonymous_single_channel,unknown,3.481496040983508,3.481496040983508,15.25675747069211,30.300599355468748,0.009009390018575916,3.118020690138475,4.382241798091419,5.52662545286809,1.2611411481843589,6.551328370673282,0.2927903996999906,1328.125,2637.501022386448,5375.0,0.9112740924569038,0.026289636309283475,0.17255366062800914,0.47041753496720556,0.32365926798498307,2.3369490932046424,3.6150030162390046,9.0,196.7470777157439,0.9105366874269752,0.15518504192296295,0.29970951173007887,0.2706243207046185,0.26730542712504907
target::data/raw/target_domain/train_bearing_a_to_p/A.mat::w0010,target,data/raw/target_domain/train_bearing_a_to_p/A.mat,data/raw/target_domain/train_bearing_a_to_p/A.mat,data/raw/target_domain/train_bearing_a_to_p/A.mat,5.0,6.0,32000,UNKNOWN,unknown,,600.0,problem_approximate_not_used_for_mechanism_features,anonymous_single_channel,unknown,3.4571442570128252,3.4571442570128252,15.98371759291494,31.167912833203125,-0.011609113502905746,3.1527704499713463,4.623387514272021,5.840805452050849,1.2633173044697354,6.934867165662197,0.2969155286102691,1328.125,2687.0825098930095,5414.0625,0.9202879900127479,0.028911580219668095,0.19074912356527507,0.4346179915125968,0.3404465764262729,2.322470491330388,3.687692424558644,33.0,203.68685995725252,0.9228870301287865,0.13820417640462163,0.3021590753968012,0.2630949375485733,0.2944410850351647
target::data/raw/target_domain/train_bearing_a_to_p/A.mat::w0011,target,data/raw/target_domain/train_bearing_a_to_p/A.mat,data/raw/target_domain/train_bearing_a_to_p/A.mat,data/raw/target_domain/train_bearing_a_to_p/A.mat,5.5,6.5,32000,UNKNOWN,unknown,,600.0,problem_approximate_not_used_for_mechanism_features,anonymous_single_channel,unknown,3.4377719021993633,3.4377719021993633,15.980321786435372,31.167912833203125,-0.018571194713365775,3.245502296354201,4.648453196155069,5.8750379278487666,1.2638694378393542,6.9592869381002185,0.29588424638269945,1328.125,2662.035489789345,5437.5,0.9234744467866584,0.02897808328379447,0.17358391060073508,0.4561220304198144,0.33572098985291077,2.3143879916343226,4.027397558915077,232.0,207.3404540747529,0.9249921971577584,0.13206882193438882,0.25498523103951337,0.35968971534289357,0.25046197200385856
target::data/raw/target_domain/train_bearing_a_to_p/A.mat::w0012,target,data/raw/target_domain/train_bearing_a_to_p/A.mat,data/raw/target_domain/train_bearing_a_to_p/A.mat,data/raw/target_domain/train_bearing_a_to_p/A.mat,6.0,7.0,32000,UNKNOWN,unknown,,600.0,problem_approximate_not_used_for_mechanism_features,anonymous_single_channel,unknown,3.412713546389767,3.412713546389767,16.006273580260977,30.93534889921875,-0.009169155855989597,3.2069548662873233,4.690189599179504,5.922794531184822,1.2628049263124057,7.0136415243993975,0.293415419231851,1328.125,2629.98899018154,5406.25,0.918237039582358,0.029186921305788576,0.1765281421613342,0.4592552930792569,0.3279090537171725,2.2904111397334717,3.854390704272319,9.0,216.26871353603357,0.9271863651229074,0.14734359668363803,0.2293757467379752,0.31285498767049935,0.30582329341192277
target::data/raw/target_domain/train_bearing_a_to_p/A.mat::w0013,target,data/raw/target_domain/train_bearing_a_to_p/A.mat,data/raw/target_domain/train_bearing_a_to_p/A.mat,data/raw/target_domain/train_bearing_a_to_p/A.mat,6.5,7.5,32000,UNKNOWN,unknown,,600.0,problem_approximate_not_used_for_mechanism_features,anonymous_single_channel,unknown,3.4334564669631296,3.4334564669631296,16.022799624557624,30.93534889921875,0.02236274402811228,3.2242228728529323,4.666667475975026,5.903304097627031,1.2649935158261754,7.006078618711046,0.29432169755304854,1328.125,2670.4095491291655,5398.4375,0.9229571667355667,0.02667059049513514,0.18871324243977633,0.4329102735945504,0.3446055982542599,2.316930255377858,3.8922490061459287,65.0,207.81701727427418,0.9188845004504897,0.16460677635075305,0.271365518725223,0.26150285094644193,0.2980539529423582
target::data/raw/target_domain/train_bearing_a_to_p/A.mat::w0014,target,data/raw/target_domain/train_bearing_a_to_p/A.mat,data/raw/target_domain/train_bearing_a_to_p/A.mat,data/raw/target_domain/train_bearing_a_to_p/A.mat,7.0,8.0,32000,UNKNOWN,unknown,,600.0,problem_approximate_not_used_for_mechanism_features,anonymous_single_channel,unknown,3.414589738928321,3.414589738928321,15.726627486866358,30.460828756640623,0.03250386701476197,3.2171924309484012,4.605715090035267,5.829465773148317,1.2657026453414364,6.924994509613811,0.29488421513172286,1328.125,2627.4139590512764,5382.8125,0.9216239515019322,0.027233390336819853,0.1969616140890256,0.43879723121145514,0.32770612900879614,2.2938595564651965,3.850929974835517,58.0,228.77555728725153,0.9364117173971026,0.08756509689195197,0.27937564366727485,0.294107782647109,0.33670323113795225
target::data/raw/target_domain/train_bearing_a_to_p/B.mat::w0000,target,data/raw/target_domain/train_bearing_a_to_p/B.mat,data/raw/target_domain/train_bearing_a_to_p/B.mat,data/raw/target_domain/train_bearing_a_to_p/B.mat,0.0,1.0,32000,UNKNOWN,unknown,,600.0,problem_approximate_not_used_for_mechanism_features,anonymous_single_channel,unknown,1.5404580010774593,1.5404580010774593,10.119093689275623,19.248415437890625,0.001109684025624754,4.559699934161372,6.568886449478885,8.586490754249693,1.3071455596443275,10.325127647775773,0.33063533235413606,273.4375,2658.044987993943,5250.0,0.9372745357442896,0.14057933942086395,0.06482585017586344,0.385979556375437,0.4063202286870061,1.1456450523795123,7.646874812431507,13.0,128.40712235632503,0.849751150899321,0.43744325884077784,0.2331980792813128,0.17346512572341904,0.15293948894202314
target::data/raw/target_domain/train_bearing_a_to_p/B.mat::w0001,target,data/raw/target_domain/train_bearing_a_to_p/B.mat,data/raw/target_domain/train_bearing_a_to_p/B.mat,data/raw/target_domain/train_bearing_a_to_p/B.mat,0.5,1.5,32000,UNKNOWN,unknown,,600.0,problem_approximate_not_used_for_mechanism_features,anonymous_single_channel,unknown,1.5265186793654417,1.5265186793654417,11.101534204235463,20.424552512109376,0.0449648920078675,4.624775951662997,7.272452249875505,9.519711719841574,1.3090098625258493,11.45159721075291,0.3320416263008219,273.4375,2661.268009065179,5273.4375,0.9355178646087016,0.1326301367023059,0.0681486973274841,0.4002337933510351,0.3966560078567257,1.142744884738098,7.620168470745882,4.0,127.17274282221312,0.8508903060873008,0.43049480443172006,0.22389093945590657,0.19906328801163714,0.14019655750669935
target::data/raw/target_domain/train_bearing_a_to_p/B.mat::w0002,target,data/raw/target_domain/train_bearing_a_to_p/B.mat,data/raw/target_domain/train_bearing_a_to_p/B.mat,data/raw/target_domain/train_bearing_a_to_p/B.mat,1.0,2.0,32000,UNKNOWN,unknown,,600.0,problem_approximate_not_used_for_mechanism_features,anonymous_single_channel,unknown,1.4823612232278491,1.4823612232278491,11.435308308770436,21.110468925,0.09156535090296376,4.8935991546904045,7.7142521873732495,10.091302002698818,1.3081374263612402,12.120869252357691,0.3359792493515422,273.4375,2658.7164504065277,5242.1875,0.9297592328857669,0.1373881062238398,0.06851817700639037,0.3782599262445439,0.41392442606514546,1.1066769282487825,9.722184062605706,13.0,116.25913516458982,0.8323916845308748,0.4817422915600426,0.22111794990754227,0.15746475415018682,0.13693160709839503
target::data/raw/target_domain/train_bearing_a_to_p/B.mat::w0003,target,data/raw/target_domain/train_bearing_a_to_p/B.mat,data/raw/target_domain/train_bearing_a_to_p/B.mat,data/raw/target_domain/train_bearing_a_to_p/B.mat,1.5,2.5,32000,UNKNOWN,unknown,,600.0,problem_approximate_not_used_for_mechanism_features,anonymous_single_channel,unknown,1.4596237061633948,1.4596237061633948,11.435789795535937,21.110468925,0.06806487058251767,4.833252799431282,7.834752030430468,10.240170962264004,1.3070191529334667,12.303931245407957,0.3343541985687053,3484.375,2686.7673760977646,5234.375,0.9323242088558223,0.13426663737814135,0.07155376308861004,0.36525267324176275,0.4272495039856278,1.0828179953571537,9.53983506963535,10.0,141.45548681812704,0.8596540941876193,0.43630210592787527,0.19144268683428112,0.1757349142857363,0.19020145059751706
target::data/raw/target_domain/train_bearing_a_to_p/B.mat::w0004,target,data/raw/target_domain/train_bearing_a_to_p/B.mat,data/raw/target_domain/train_bearing_a_to_p/B.mat,data/raw/target_domain/train_bearing_a_to_p/B.mat,2.0,3.0,32000,UNKNOWN,unknown,,600.0,problem_approximate_not_used_for_mechanism_features,anonymous_single_channel,unknown,1.417667748396122,1.417667748396122,9.81985482382562,18.37998049453125,-0.007891213805203698,4.169073778082206,6.926767456569696,8.95221889710211,1.2924093313692897,10.710405510829583,0.3281352542266946,273.4375,2604.5438640690045,5226.5625,0.9339303526232994,0.14740498223020135,0.07362325038268225,0.3805493625301692,0.3967602104193234,1.024532300321671,6.468213181443917,8.0,139.1580938035224,0.8657222821386342,0.39305422195708195,0.20985583078941436,0.23371719503423322,0.15421997000862792
target::data/raw/target_domain/train_bearing_a_to_p/B.mat::w0005,target,data/raw/target_domain/train_bearing_a_to_p/B.mat,data/raw/target_domain/train_bearing_a_to_p/B.mat,data/raw/target_domain/train_bearing_a_to_p/B.mat,2.5,3.5,32000,UNKNOWN,unknown,,600.0,problem_approximate_not_used_for_mechanism_features,anonymous_single_channel,unknown,1.411332284240107,1.411332284240107,11.489499444268288,21.92661553359375,0.025209602179876767,4.261049430476155,8.140888983097522,10.494878616071055,1.2891563363477325,12.549231497483815,0.32891652864152005,273.4375,2553.7332903966885,5218.75,0.9309970550895635,0.15184044299505042,0.07114486409739054,0.40451981673394133,0.3705781431766732,1.0111362801952182,7.471732671037169,10.0,134.33239313080364,0.8774263759603118,0.3673121737137568,0.2894147800592466,0.1866615983610837,0.14861442602688876
target::data/raw/target_domain/train_bearing_a_to_p/B.mat::w0006,target,data/raw/target_domain/train_bearing_a_to_p/B.mat,data/raw/target_domain/train_bearing_a_to_p/B.mat,data/raw/target_domain/train_bearing_a_to_p/B.mat,3.0,4.0,32000,UNKNOWN,unknown,,600.0,problem_approximate_not_used_for_mechanism_features,anonymous_single_channel,unknown,1.5108803112194884,1.5108803112194884,13.438773056981923,24.924152966015626,0.04593725480118692,5.36857302817614,8.894664227986455,11.68982386011108,1.3142512814954954,14.082212557879846,0.33560423763242603,273.4375,2652.533787410249,5320.3125,0.9358073491665215,0.14254443306807346,0.06381601447013951,0.398144920172684,0.39394921406953476,1.1333681185477773,10.84649748243529,9.0,115.12916061975106,0.8212370408965263,0.48316933223961384,0.23539420627099922,0.14716473263561747,0.12718506289236897
target::data/raw/target_domain/train_bearing_a_to_p/B.mat::w0007,target,data/raw/target_domain/train_bearing_a_to_p/B.mat,data/raw/target_domain/train_bearing_a_to_p/B.mat,data/raw/target_domain/train_bearing_a_to_p/B.mat,3.5,4.5,32000,UNKNOWN,unknown,,600.0,problem_approximate_not_used_for_mechanism_features,anonymous_single_channel,unknown,1.4979233791659288,1.4979233791659288,13.440691690644375,24.04338190078125,-0.006977759862924961,5.217059717022022,8.972883311374327,11.78750128474118,1.3136804386825223,14.181542455530312,0.33388543391981,273.4375,2658.0949378057317,5304.6875,0.9363617538891089,0.1415952405222401,0.06709107912093874,0.38677413732723476,0.4026440522048634,1.1297994305313535,10.069297218836198,11.0,146.2562016971828,0.8771552989006802,0.3362476608481811,0.27868837210185365,0.21005088062623567,0.17216404544416217
target::data/raw/target_domain/train_bearing_a_to_p/B.mat::w0008,target,data/raw/target_domain/train_bearing_a_to_p/B.mat,data/raw/target_domain/train_bearing_a_to_p/B.mat,data/raw/target_domain/train_bearing_a_to_p/B.mat,4.0,5.0,32000,UNKNOWN,unknown,,600.0,problem_approximate_not_used_for_mechanism_features,anonymous_single_channel,unknown,1.40978004902317,1.40978004902317,10.386555168317383,18.359513746875,-0.007930862417593184,4.126232491814038,7.367500466123641,9.517768620206338,1.2918585704830359,11.387099813663735,0.3308540891902872,273.4375,2623.047099127895,5210.9375,0.9360174411288509,0.13901903320689665,0.07307102333030908,0.3855564295720358,0.4001568490930737,1.0179963142498785,7.047529157388103,10.0,129.30623138934374,0.8476036503733153,0.4434787991876471,0.20162400278887704,0.19200868995965814,0.15710300252860832
target::data/raw/target_domain/train_bearing_a_to_p/B.mat::w0009,target,data/raw/target_domain/train_bearing_a_to_p/B.mat,data/raw/target_domain/train_bearing_a_to_p/B.mat,data/raw/target_domain/train_bearing_a_to_p/B.mat,4.5,5.5,32000,UNKNOWN,unknown,,600.0,problem_approximate_not_used_for_mechanism_features,anonymous_single_channel,unknown,1.4334913010236203,1.4334913010236203,10.389040003207276,19.516445722265622,0.07238190162190829,4.381593094051448,7.24736871146792,9.405611043629506,1.2977966787780393,11.284246278708988,0.33782305697053033,281.25,2654.0852745300704,5250.0,0.9381237938028739,0.13098266087979624,0.07067767846274105,0.4038537108753201,0.392689892466819,1.0467702633407256,8.241082193268461,10.0,138.80730757226962,0.8702640231980676,0.36011016739750923,0.26319386570049585,0.22638520500597947,0.14743681917471285
target::data/raw/target_domain/train_bearing_a_to_p/B.mat::w0010,target,data/raw/target_domain/train_bearing_a_to_p/B.mat,data/raw/target_domain/train_bearing_a_to_p/B.mat,data/raw/target_domain/train_bearing_a_to_p/B.mat,5.0,6.0,32000,UNKNOWN,unknown,,600.0,problem_approximate_not_used_for_mechanism_features,anonymous_single_channel,unknown,1.3969171510653628,1.3969171510653628,9.658625205467981,18.770390715234374,0.06942762778956657,4.205431854231641,6.914243409564331,8.927561587269581,1.2911841626683083,10.671416004820875,0.33679177474296074,273.4375,2592.622875780604,5242.1875,0.9340704433483533,0.14730170406802418,0.07539359002792878,0.39070292040057014,0.38450103069371194,1.0117995911698026,7.545539875001247,13.0,137.8092861011946,0.8705730347732477,0.357201450252494,0.2942989482556703,0.1998326657069726,0.14343270583670698
target::data/raw/target_domain/train_bearing_a_to_p/B.mat::w0011,target,data/raw/target_domain/train_bearing_a_to_p/B.mat,data/raw/target_domain/train_bearing_a_to_p/B.mat,data/raw/target_domain/train_bearing_a_to_p/B.mat,5.5,6.5,32000,UNKNOWN,unknown,,600.0,problem_approximate_not_used_for_mechanism_features,anonymous_single_channel,unknown,1.47045999447981,1.47045999447981,10.203772637504436,20.396796237890626,0.03717677823927137,4.617853107312347,6.9391705152149905,9.019092131635674,1.2997363462756915,10.789057069444645,0.3337604300134379,281.25,2592.574500608662,5281.25,0.9330112885943219,0.15610031326136078,0.07353282760619227,0.3847299029288503,0.3840364021939363,1.0840065187717784,8.62659264075608,11.0,126.5358809339489,0.8655501051610726,0.37806344146872256,0.30405401100180157,0.17150321198928267,0.1405160619742655
target::data/raw/target_domain/train_bearing_a_to_p/B.mat::w0012,target,data/raw/target_domain/train_bearing_a_to_p/B.mat,data/raw/target_domain/train_bearing_a_to_p/B.mat,data/raw/target_domain/train_bearing_a_to_p/B.mat,6.0,7.0,32000,UNKNOWN,unknown,,600.0,problem_approximate_not_used_for_mechanism_features,anonymous_single_channel,unknown,1.542630540967433,1.542630540967433,10.308083381713617,20.48917696875,0.021857222372045345,5.0049027461751745,6.682146572336371,8.784346224382885,1.3145994523292535,10.568038695311765,0.33635426107065847,273.4375,2669.892210555822,5328.125,0.9363861354390103,0.13678708428125588,0.0670085353092351,0.39544899070927025,0.399065119966171,1.169667045688755,9.087717408285325,11.0,141.98846887417105,0.8811313737490765,0.3160903733598186,0.35841420524451356,0.14693590017522307,0.17458882217440225
target::data/raw/target_domain/train_bearing_a_to_p/B.mat::w0013,target,data/raw/target_domain/train_bearing_a_to_p/B.mat,data/raw/target_domain/train_bearing_a_to_p/B.mat,data/raw/target_domain/train_bearing_a_to_p/B.mat,6.5,7.5,32000,UNKNOWN,unknown,,600.0,problem_approximate_not_used_for_mechanism_features,anonymous_single_channel,unknown,1.4443146412892547,1.4443146412892547,10.309411438264782,20.108859938671877,0.008636304609824268,4.379191892025006,7.137926282499662,9.246125163056433,1.295351730616653,11.066765890230892,0.3337604300134379,281.25,2626.5667373973624,5281.25,0.937011663611357,0.14041941742847028,0.06849934167921919,0.40428935804333893,0.3850010997534998,1.050242705143585,7.88463674133406,11.0,109.2226103719718,0.8012301787341065,0.4749531864390116,0.2652567073282706,0.13292827781439276,0.1234665976365796
target::data/raw/target_domain/train_bearing_a_to_p/B.mat::w0014,target,data/raw/target_domain/train_bearing_a_to_p/B.mat,data/raw/target_domain/train_bearing_a_to_p/B.mat,data/raw/target_domain/train_bearing_a_to_p/B.mat,7.0,8.0,32000,UNKNOWN,unknown,,600.0,problem_approximate_not_used_for_mechanism_features,anonymous_single_channel,unknown,1.4355118033863485,1.4355118033863485,11.17340225907446,21.8865231375,0.04455464919991381,4.729240642523038,7.783566970824486,10.087975830830842,1.2960607737605463,12.059065695150725,0.3325728929029032,273.4375,2586.7356955075966,5257.8125,0.9367645023622,0.1475430654024516,0.07771351700078258,0.38417520170824865,0.3883797495712869,1.047304411288385,10.512419488093007,10.0,135.98521215878608,0.8781754214202349,0.3600134494105643,0.27653929482736483,0.21658880133079172,0.14136671019654773
target::data/raw/target_domain/train_bearing_a_to_p/C.mat::w0000,target,data/raw/target_domain/train_bearing_a_to_p/C.mat,data/raw/target_domain/train_bearing_a_to_p/C.mat,data/raw/target_domain/train_bearing_a_to_p/C.mat,0.0,1.0,32000,UNKNOWN,unknown,,600.0,problem_approximate_not_used_for_mechanism_features,anonymous_single_channel,unknown,32.30942932292812,32.30942932292812,347.4002416807783,667.1830305410156,0.1627802715861025,27.75375534458247,10.752286529376669,21.547930321577798,2.0040323760630203,31.048223350806584,0.40213756679896245,1945.3125,3286.839455653819,5875.0,0.9296224952680185,0.00857883383026227,0.07567439074066963,0.43622110389264074,0.4775903227117406,38.02953976132592,25.513027026186656,10.0,119.92601338900378,0.6561218632645504,0.2954562423703155,0.4353640717949992,0.18548716524925388,0.08077270091007499
target::data/raw/target_domain/train_bearing_a_to_p/C.mat::w0001,target,data/raw/target_domain/train_bearing_a_to_p/C.mat,data/raw/target_domain/train_bearing_a_to_p/C.mat,data/raw/target_domain/train_bearing_a_to_p/C.mat,0.5,1.5,32000,UNKNOWN,unknown,,600.0,problem_approximate_not_used_for_mechanism_features,anonymous_single_channel,unknown,33.646451295261066,33.646451295261066,347.32831450336994,684.1049655398438,0.31203837917584176,28.090971637958422,10.322881050825085,20.885658648104148,2.023239301632191,30.377176431071277,0.40491890371574113,1945.3125,3313.8778421110333,5851.5625,0.9382695629444414,0.009694461209239825,0.08458501498560969,0.41393405599342153,0.49002137767683385,39.75084486082427,26.094879789222137,10.0,122.37365690622357,0.6621064908885341,0.2974623704700421,0.4232698949288498,0.19087034965983182,0.08593583912444958
target::data/raw/target_domain/train_bearing_a_to_p/C.mat::w0002,target,data/raw/target_domain/train_bearing_a_to_p/C.mat,data/raw/target_domain/train_bearing_a_to_p/C.mat,data/raw/target_domain/train_bearing_a_to_p/C.mat,1.0,2.0,32000,UNKNOWN,unknown,,600.0,problem_approximate_not_used_for_mechanism_features,anonymous_single_channel,unknown,32.43989722739565,32.43989722739565,341.80834832811894,678.5391316429688,0.13203692330083797,29.64058585685472,10.536665573633496,21.15823871637553,2.0080582959110282,30.502449452097835,0.4032001000031251,1984.375,3284.0311601942253,5875.0,0.9424322613355319,0.016178414906289657,0.09486205235055134,0.406539952575294,0.4807791343320897,38.16842084352681,28.532934050040936,10.0,120.09833967507626,0.6541136976422753,0.29493343680402756,0.44027140266117304,0.17879257324286826,0.08361115995338957
target::data/raw/target_domain/train_bearing_a_to_p/C.mat::w0003,target,data/raw/target_domain/train_bearing_a_to_p/C.mat,data/raw/target_domain/train_bearing_a_to_p/C.mat,data/raw/target_domain/train_bearing_a_to_p/C.mat,1.5,2.5,32000,UNKNOWN,unknown,,600.0,problem_approximate_not_used_for_mechanism_features,anonymous_single_channel,unknown,30.506134291333822,30.506134291333822,347.34812392858447,683.8196927214844,-0.03897940485308434,30.675813041298806,11.386173043473676,22.61056586508835,1.985791519130963,32.19358568112356,0.3985124535141723,1984.375,3268.5347695770706,5890.625,0.9401736717868107,0.015254211870438182,0.09115743160951291,0.41928761044265206,0.4725539333630444,35.69030008890666,29.66476260794673,10.0,120.64917010938201,0.6612370103262524,0.2968698476071849,0.43454936060944743,0.18292611845220103,0.08431639014409502
target::data/raw/target_domain/train_bearing_a_to_p/C.mat::w0004,target,data/raw/target_domain/train_bearing_a_to_p/C.mat,data/raw/target_domain/train_bearing_a_to_p/C.mat,data/raw/target_domain/train_bearing_a_to_p/C.mat,2.0,3.0,32000,UNKNOWN,unknown,,600.0,problem_approximate_not_used_for_mechanism_features,anonymous_single_channel,unknown,30.82665925986832,30.82665925986832,347.31900038947816,684.2046357972656,0.029333299508865276,28.36094853691605,11.266838792409274,22.15192865992142,1.9661174769665615,31.567938433464064,0.396356136129254,1945.3125,3283.122079038591,5890.625,0.9289971966173921,0.0064702010543347946,0.0779111126063005,0.4421186403458235,0.4720667099530283,35.94588701012498,27.228129281982465,10.0,115.83668838413452,0.6493324358227357,0.3075679336076562,0.4384046639958054,0.18379515974041624,0.06827966389649505
target::data/raw/target_domain/train_bearing_a_to_p/C.mat::w0005,target,data/raw/target_domain/train_bearing_a_to_p/C.mat,data/raw/target_domain/train_bearing_a_to_p/C.mat,data/raw/target_domain/train_bearing_a_to_p/C.mat,2.5,3.5,32000,UNKNOWN,unknown,,600.0,problem_approximate_not_used_for_mechanism_features,anonymous_single_channel,unknown,31.531696604081535,31.531696604081535,348.6689812772282,690.6054008519532,0.032301703614993696,28.348001195139567,11.057729802971803,21.922861413733877,1.9825824834172867,31.44813497113526,0.39432482265070784,1945.3125,3302.119578238449,5875.0,0.9211141569416023,0.005724622777757554,0.07392533622795705,0.44655832772372817,0.47219959102305226,36.931821375666935,26.577717980446476,10.0,122.8038222531779,0.6799926605212147,0.2972090472387163,0.4166660303367525,0.19498884744272005,0.08777098778527034
target::data/raw/target_domain/train_bearing_a_to_p/C.mat::w0006,target,data/raw/target_domain/train_bearing_a_to_p/C.mat,data/raw/target_domain/train_bearing_a_to_p/C.mat,data/raw/target_domain/train_bearing_a_to_p/C.mat,3.0,4.0,32000,UNKNOWN,unknown,,600.0,problem_approximate_not_used_for_mechanism_features,anonymous_single_channel,unknown,32.67719123528091,32.67719123528091,348.67339170400123,690.6054008519532,0.07462985871213314,27.20007831766365,10.670237511954053,21.35212715448913,2.0010920216693693,30.87240547994746,0.398043688865277,1945.3125,3228.516527462318,5835.9375,0.926788245103083,0.00890589258728198,0.085950149184007,0.44928506780186855,0.454014539812952,38.43956188353304,24.578758663415346,10.0,119.33900852199314,0.6611899385864598,0.30711420756066926,0.42950869790761775,0.17575405312874318,0.08568805214950874
target::data/raw/target_domain/train_bearing_a_to_p/C.mat::w0007,target,data/raw/target_domain/train_bearing_a_to_p/C.mat,data/raw/target_domain/train_bearing_a_to_p/C.mat,data/raw/target_domain/train_bearing_a_to_p/C.mat,3.5,4.5,32000,UNKNOWN,unknown,,600.0,problem_approximate_not_used_for_mechanism_features,anonymous_single_channel,unknown,32.26258997698328,32.26258997698328,340.77718447287947,675.3995886257812,0.0885494897122059,26.48548918506041,10.56261089751274,20.978586104768567,1.986117476854885,30.198027949771397,0.40229382168192757,1984.375,3146.152329996558,5773.4375,0.9294049953604759,0.009148465873629504,0.09107233082568322,0.4608208974317532,0.4373348720457908,37.83536029354477,23.6765244347015,10.0,123.57557120787482,0.663511272812552,0.29105733469512324,0.4327560753271011,0.18139742743278808,0.09292705636153169
target::data/raw/target_domain/train_bearing_a_to_p/C.mat::w0008,target,data/raw/target_domain/train_bearing_a_to_p/C.mat,data/raw/target_domain/train_bearing_a_to_p/C.mat,data/raw/target_domain/train_bearing_a_to_p/C.mat,4.0,5.0,32000,UNKNOWN,unknown,,600.0,problem_approximate_not_used_for_mechanism_features,anonymous_single_channel,unknown,30.37339751985699,30.37339751985699,349.43475713445565,690.2598492562499,-0.033185032610093125,30.622374924024374,11.504631870899422,22.890548145362192,1.9896810608310127,32.492422024739945,0.40104378261820683,1945.3125,3214.770133657865,5757.8125,0.9281519901270111,0.009475729927545279,0.08402564361384855,0.44887103028842146,0.4560990361112231,35.63663523379381,29.383155738142055,10.0,121.03986042326859,0.6788906794698918,0.30373514233913146,0.4176992162345934,0.19349542688337412,0.08293412329144911
target::data/raw/target_domain/train_bearing_a_to_p/C.mat::w0009,target,data/raw/target_domain/train_bearing_a_to_p/C.mat,data/raw/target_domain/train_bearing_a_to_p/C.mat,data/raw/target_domain/train_bearing_a_to_p/C.mat,4.5,5.5,32000,UNKNOWN,unknown,,600.0,problem_approximate_not_used_for_mechanism_features,anonymous_single_channel,unknown,30.051486996709333,30.051486996709333,349.46666277584495,678.4850209265625,0.06778854634659535,28.7602104725848,11.628930801796939,22.881393913221416,1.967626629069368,32.40413158405325,0.40295009219038097,1945.3125,3262.6565311303957,5867.1875,0.9306967058585888,0.011142059009063518,0.07834849236064764,0.44033795327372194,0.4685252114333829,35.06238832991262,28.342469219890646,10.0,125.58420056659766,0.6840557311802427,0.28367413698213495,0.4266531216506151,0.19783488417583617,0.08988136222148391
target::data/raw/target_domain/train_bearing_a_to_p/C.mat::w0010,target,data/raw/target_domain/train_bearing_a_to_p/C.mat,data/raw/target_domain/train_bearing_a_to_p/C.mat,data/raw/target_domain/train_bearing_a_to_p/C.mat,5.0,6.0,32000,UNKNOWN,unknown,,600.0,problem_approximate_not_used_for_mechanism_features,anonymous_single_channel,unknown,31.662723245781002,31.662723245781002,343.6382772547561,664.3175456859375,0.15427856151898425,26.376082066944576,10.853086596097965,21.242179025730604,1.9572477228152942,30.293251816969985,0.4029188412137879,1945.3125,3152.8991940633923,5789.0625,0.9280909911277602,0.012573649493878413,0.08663238097886697,0.4569677349297737,0.4419537693922278,36.86655898232375,25.036218691140927,10.0,126.2190707650598,0.6750456210817827,0.2819659582552333,0.4297250789047504,0.19194951907068702,0.0946123132355202
target::data/raw/target_domain/train_bearing_a_to_p/C.mat::w0011,target,data/raw/target_domain/train_bearing_a_to_p/C.mat,data/raw/target_domain/train_bearing_a_to_p/C.mat,data/raw/target_domain/train_bearing_a_to_p/C.mat,5.5,6.5,32000,UNKNOWN,unknown,,600.0,problem_approximate_not_used_for_mechanism_features,anonymous_single_channel,unknown,32.3213819841437,32.3213819841437,344.682839947202,670.8464381882812,0.007355136848121674,27.323448065057384,10.664235833612766,20.998725886961974,1.969079286560329,30.02337875798026,0.40041876308634644,1945.3125,3191.9090523613704,5812.5,0.9265481098454033,0.009947397749127288,0.08713137322480834,0.45036539663001357,0.45075990630965945,37.76046662816791,25.67486049258454,10.0,124.95001971229495,0.6762100271599036,0.28941439893961785,0.4279924473143227,0.1880699268513818,0.09291767200505208
target::data/raw/target_domain/train_bearing_a_to_p/C.mat::w0012,target,data/raw/target_domain/train_bearing_a_to_p/C.mat,data/raw/target_domain/train_bearing_a_to_p/C.mat,data/raw/target_domain/train_bearing_a_to_p/C.mat,6.0,7.0,32000,UNKNOWN,unknown,,600.0,problem_approximate_not_used_for_mechanism_features,anonymous_single_channel,unknown,31.856090145541398,31.856090145541398,344.7011570374683,677.9873705554687,-0.04130564777364766,27.05899656916977,10.820573254991938,21.4350499569075,1.9809532685357525,30.73302824929645,0.4028563392606019,1945.3125,3189.5502191587857,5804.6875,0.9223544993621803,0.009720501668939866,0.08577642738721071,0.4554348007307154,0.4472002932359742,37.28526215494142,24.179996789338073,10.0,122.66013284073603,0.68020423370854,0.2856592356056133,0.4398908330323905,0.18749466227902456,0.08429640193927737
target::data/raw/target_domain/train_bearing_a_to_p/C.mat::w0013,target,data/raw/target_domain/train_bearing_a_to_p/C.mat,data/raw/target_domain/train_bearing_a_to_p/C.mat,data/raw/target_domain/train_bearing_a_to_p/C.mat,6.5,7.5,32000,UNKNOWN,unknown,,600.0,problem_approximate_not_used_for_mechanism_features,anonymous_single_channel,unknown,31.28258925635846,31.28258925635846,333.30583202621517,654.4700962160157,0.03749996396640427,28.218398401516147,10.65467533057409,21.304989943650444,1.9995907226299143,30.554614755039378,0.40429388418388074,1945.3125,3230.955522093177,5765.625,0.9219976782073819,0.007561441193325631,0.08138911167235799,0.4564949882245114,0.4527578314920852,36.766218595757394,24.854699943933728,10.0,122.8660078616013,0.6551959182106205,0.2930582071740014,0.43004401636199396,0.18775806092616684,0.0874790248234961
target::data/raw/target_domain/train_bearing_a_to_p/C.mat::w0014,target,data/raw/target_domain/train_bearing_a_to_p/C.mat,data/raw/target_domain/train_bearing_a_to_p/C.mat,data/raw/target_domain/train_bearing_a_to_p/C.mat,7.0,8.0,32000,UNKNOWN,unknown,,600.0,problem_approximate_not_used_for_mechanism_features,anonymous_single_channel,unknown,29.921469629109282,29.921469629109282,324.53270322081903,645.6876185402343,0.05613032522219429,29.136006736689637,10.846148509533256,21.407218247106847,1.9737161286598828,30.37085966458226,0.4001687552736023,1984.375,3179.5844269196905,5718.75,0.9200417451372171,0.006909347736941329,0.08141967297773174,0.47648797515686764,0.4332464147246884,34.98858369068809,27.388987867894777,10.0,124.31112469724242,0.6762173803985486,0.2895668900041141,0.4248028053420092,0.19297859031289408,0.09016938740739372
target::data/raw/target_domain/train_bearing_a_to_p/D.mat::w0000,target,data/raw/target_domain/train_bearing_a_to_p/D.mat,data/raw/target_domain/train_bearing_a_to_p/D.mat,data/raw/target_domain/train_bearing_a_to_p/D.mat,0.0,1.0,32000,UNKNOWN,unknown,,600.0,problem_approximate_not_used_for_mechanism_features,anonymous_single_channel,unknown,8.334044519184197,8.334044519184197,36.07939044875891,68.37646007226563,0.023806645845728537,3.032915754387802,4.3291573935924115,5.432186205108427,1.254790646592789,6.413197589842024,0.38269945935810495,4835.9375,3896.470363410002,5773.4375,0.9349933956228114,0.01613437175935976,0.03780004135322721,0.28072682907725305,0.6621010755418751,5.480167993876831,3.367002620957947,166.0,218.04846680966514,0.9239998015537949,0.1255557647374135,0.2881904418821524,0.264547501026836,0.31788305173202
target::data/raw/target_domain/train_bearing_a_to_p/D.mat::w0001,target,data/raw/target_domain/train_bearing_a_to_p/D.mat,data/raw/target_domain/train_bearing_a_to_p/D.mat,data/raw/target_domain/train_bearing_a_to_p/D.mat,0.5,1.5,32000,UNKNOWN,unknown,,600.0,problem_approximate_not_used_for_mechanism_features,anonymous_single_channel,unknown,8.455749697605487,8.455749697605487,36.07598196119514,68.82981255117187,0.012548018216899628,3.0145312287016797,4.266443928846064,5.358870958078845,1.256050951905423,6.337469184516477,0.38307447107722115,4851.5625,3942.7137410071077,5789.0625,0.9350294229880636,0.014148390848405244,0.03887446980533804,0.2673355574356485,0.6765939145507583,5.570271295736331,3.219407020838777,271.0,226.20709456004278,0.931921795578467,0.11939009878295655,0.24466996604707045,0.29440664178579545,0.337443955964305
target::data/raw/target_domain/train_bearing_a_to_p/D.mat::w0002,target,data/raw/target_domain/train_bearing_a_to_p/D.mat,data/raw/target_domain/train_bearing_a_to_p/D.mat,data/raw/target_domain/train_bearing_a_to_p/D.mat,1.0,2.0,32000,UNKNOWN,unknown,,600.0,problem_approximate_not_used_for_mechanism_features,anonymous_single_channel,unknown,8.352204080482132,8.352204080482132,34.69322675342412,67.4623254046875,0.013840395152893654,3.0110144531256555,4.1537810162580815,5.209934136103412,1.2542630715752412,6.153484820457243,0.38544954529829056,4812.5,3959.2427667535526,5804.6875,0.9354119663229821,0.013382917678135826,0.04144719221761599,0.2553268902037441,0.686222881795251,5.488222811820948,3.2242517758474487,83.0,218.20804104711038,0.9262196320737143,0.13329647707557743,0.2519204717731143,0.30171059318669996,0.30631655338179076
target::data/raw/target_domain/train_bearing_a_to_p/D.mat::w0003,target,data/raw/target_domain/train_bearing_a_to_p/D.mat,data/raw/target_domain/train_bearing_a_to_p/D.mat,data/raw/target_domain/train_bearing_a_to_p/D.mat,1.5,2.5,32000,UNKNOWN,unknown,,600.0,problem_approximate_not_used_for_mechanism_features,anonymous_single_channel,unknown,8.429562048888991,8.429562048888991,37.81008674168435,71.38969802343749,0.015280356023771967,3.048766290486236,4.485415318422527,5.630887640488436,1.2553770923643457,6.645960384958857,0.3885433919809994,2562.5,3933.1022687113814,5796.875,0.9367592015803855,0.014655979577088122,0.04196852003759317,0.26643032675825534,0.6736016057596244,5.559266930891561,3.372937149928335,82.0,213.64646552149415,0.9260348944723644,0.15648905707945363,0.22855665657454366,0.29924179378982396,0.31377212637902174
target::data/raw/target_domain/train_bearing_a_to_p/D.mat::w0004,target,data/raw/target_domain/train_bearing_a_to_p/D.mat,data/raw/target_domain/train_bearing_a_to_p/D.mat,data/raw/target_domain/train_bearing_a_to_p/D.mat,2.0,3.0,32000,UNKNOWN,unknown,,600.0,problem_approximate_not_used_for_mechanism_features,anonymous_single_channel,unknown,8.36075527646664,8.36075527646664,37.816541205667285,71.38969802343749,0.012324869263887912,3.0678730363182805,4.523101078213176,5.693269269251449,1.2587092728645939,6.731884958734348,0.38419950623456983,2562.5,3930.5201701925544,5804.6875,0.9344603270660805,0.01233383260693359,0.0399750557783955,0.273573162313087,0.6696371095275673,5.552249462871632,3.3344910803362073,48.0,222.99638192830824,0.9287157712057221,0.21034013033516963,0.18275610505844225,0.2536103410898719,0.34498116299787174
target::data/raw/target_domain/train_bearing_a_to_p/D.mat::w0005,target,data/raw/target_domain/train_bearing_a_to_p/D.mat,data/raw/target_domain/train_bearing_a_to_p/D.mat,data/raw/target_domain/train_bearing_a_to_p/D.mat,2.5,3.5,32000,UNKNOWN,unknown,,600.0,problem_approximate_not_used_for_mechanism_features,anonymous_single_channel,unknown,8.184848209167763,8.184848209167763,31.579183327843115,62.738291642578126,-0.006467580375921552,3.0666433123307346,3.8582491111402337,4.859545961120105,1.259521047277158,5.751916947424951,0.3836369886558955,4804.6875,3965.2909565089512,5796.875,0.9337528448819541,0.011005806879406284,0.03883850631939744,0.2574941119247338,0.6900711202424837,5.438436740009637,3.2416311914642106,83.0,216.48376516952226,0.9166868823202309,0.15605017187678355,0.22750610081678177,0.27773027197902417,0.3271505816602797
target::data/raw/target_domain/train_bearing_a_to_p/D.mat::w0006,target,data/raw/target_domain/train_bearing_a_to_p/D.mat,data/raw/target_domain/train_bearing_a_to_p/D.mat,data/raw/target_domain/train_bearing_a_to_p/D.mat,3.0,4.0,32000,UNKNOWN,unknown,,600.0,problem_approximate_not_used_for_mechanism_features,anonymous_single_channel,unknown,8.265337546061634,8.265337546061634,34.27893521881658,68.38739436210938,0.005022015510103884,3.1095972523154933,4.147312197206763,5.226654480443722,1.2602510329372527,6.187279578016868,0.3829182161942561,4804.6875,3938.352038853931,5812.5,0.9359624382330927,0.012567384607304515,0.041293606569922765,0.26599434729921767,0.6769037667959337,5.501938266434691,3.384724523606632,83.0,220.34936253427236,0.9056168307238349,0.11024424861826679,0.2835359105248683,0.28950090272707885,0.3128624187324931
target::data/raw/target_domain/train_bearing_a_to_p/D.mat::w0007,target,data/raw/target_domain/train_bearing_a_to_p/D.mat,data/raw/target_domain/train_bearing_a_to_p/D.mat,data/raw/target_domain/train_bearing_a_to_p/D.mat,3.5,4.5,32000,UNKNOWN,unknown,,600.0,problem_approximate_not_used_for_mechanism_features,anonymous_single_channel,unknown,8.25538785568111,8.25538785568111,34.320694251647915,68.38739436210938,0.006188002054638582,3.094074908128932,4.157369084485265,5.2288155519547885,1.257722238679116,6.183430960074736,0.3822306947092097,4835.9375,3938.670950971354,5789.0625,0.9353590482272857,0.010448709209373509,0.04095313796029137,0.27573989707242497,0.6693080398537673,5.468711888101971,3.458158294470007,83.0,214.0911103948354,0.9229801643786888,0.1281571288966052,0.28050873832328066,0.31866796243794465,0.26776946199093216
target::data/raw/target_domain/train_bearing_a_to_p/D.mat::w0008,target,data/raw/target_domain/train_bearing_a_to_p/D.mat,data/raw/target_domain/train_bearing_a_to_p/D.mat,data/raw/target_domain/train_bearing_a_to_p/D.mat,4.0,5.0,32000,UNKNOWN,unknown,,600.0,problem_approximate_not_used_for_mechanism_features,anonymous_single_channel,unknown,8.248412860879506,8.248412860879506,35.181053517704115,68.69846088984374,0.006881091673442493,3.084608810184904,4.265190662867545,5.35909514604065,1.2564725869574627,6.327932233703598,0.38316822400700024,4875.0,3915.832596083389,5789.0625,0.9343537188303412,0.010625557926284546,0.038977000253609666,0.2821731661388535,0.6644093148974405,5.476053486185384,3.3946392738375857,83.0,228.15975727421917,0.9265224336579971,0.11274026506371292,0.24625621334321432,0.3066278161652878,0.33127421013624947
target::data/raw/target_domain/train_bearing_a_to_p/D.mat::w0009,target,data/raw/target_domain/train_bearing_a_to_p/D.mat,data/raw/target_domain/train_bearing_a_to_p/D.mat,data/raw/target_domain/train_bearing_a_to_p/D.mat,4.5,5.5,32000,UNKNOWN,unknown,,600.0,problem_approximate_not_used_for_mechanism_features,anonymous_single_channel,unknown,8.339995501332915,8.339995501332915,35.11948249489617,68.69846088984374,0.032094195578664726,3.112680853216619,4.210971395521627,5.299822069853012,1.2585747021432498,6.263671206540481,0.38388699646863966,4843.75,3951.639517940587,5804.6875,0.9325941578111813,0.012381940409016063,0.03892043661054327,0.2630810084529661,0.6821357470850827,5.570694738852316,3.4720259492951535,110.0,222.2123432179888,0.9348743958752089,0.13733289086745107,0.22522439364556535,0.30350624881685073,0.3290380925432856
target::data/raw/target_domain/train_bearing_a_to_p/D.mat::w0010,target,data/raw/target_domain/train_bearing_a_to_p/D.mat,data/raw/target_domain/train_bearing_a_to_p/D.mat,data/raw/target_domain/train_bearing_a_to_p/D.mat,5.0,6.0,32000,UNKNOWN,unknown,,600.0,problem_approximate_not_used_for_mechanism_features,anonymous_single_channel,unknown,8.328700521006922,8.328700521006922,34.88276225598017,66.73799879414062,0.024453397796876688,3.102905442510146,4.1882598813576655,5.271085626109993,1.2585383370242742,6.234949024942795,0.3846682708834651,4828.125,3985.437350375988,5796.875,0.9331986726733806,0.012730603719043752,0.03625709841137811,0.25558983538290236,0.6928296604799881,5.543329618081153,3.519209138411158,82.0,223.91037533924236,0.9334949265433123,0.10515123127985049,0.2623513611668233,0.3175772636766189,0.30757542052713593
target::data/raw/target_domain/train_bearing_a_to_p/D.mat::w0011,target,data/raw/target_domain/train_bearing_a_to_p/D.mat,data/raw/target_domain/train_bearing_a_to_p/D.mat,data/raw/target_domain/train_bearing_a_to_p/D.mat,5.5,6.5,32000,UNKNOWN,unknown,,600.0,problem_approximate_not_used_for_mechanism_features,anonymous_single_channel,unknown,8.206336571602407,8.206336571602407,35.0742776611917,66.69650456601562,0.01718281377435765,3.081201344613413,4.27404815232172,5.366051306760579,1.255496221736532,6.335944703805768,0.3822306947092097,2648.4375,3926.3952140880756,5789.0625,0.938665028008201,0.012412912910158641,0.04088436699851738,0.2736360810226741,0.6698900513603384,5.4210511000215345,3.572192246940343,4.0,219.29039414296707,0.9316478288616072,0.15521891061073623,0.22142830572322467,0.29235157528941763,0.32516038533418107
target::data/raw/target_domain/train_bearing_a_to_p/D.mat::w0012,target,data/raw/target_domain/train_bearing_a_to_p/D.mat,data/raw/target_domain/train_bearing_a_to_p/D.mat,data/raw/target_domain/train_bearing_a_to_p/D.mat,6.0,7.0,32000,UNKNOWN,unknown,,600.0,problem_approximate_not_used_for_mechanism_features,anonymous_single_channel,unknown,8.14684201591312,8.14684201591312,35.13561437050436,67.02130904765625,0.00826548513146108,3.0455472905937166,4.312789459016158,5.403141748142693,1.252818344017796,6.369168342905023,0.3801056283008844,2648.4375,3896.1667625671785,5796.875,0.940620193053563,0.013472478526874502,0.04569065333988799,0.27385974299024557,0.6634592015685825,5.360237267771108,3.500744779791365,84.0,223.98471542450756,0.928492312197467,0.13733258372486132,0.23976043950131912,0.2703408625262636,0.3475173320854004
target::data/raw/target_domain/train_bearing_a_to_p/D.mat::w0013,target,data/raw/target_domain/train_bearing_a_to_p/D.mat,data/raw/target_domain/train_bearing_a_to_p/D.mat,data/raw/target_domain/train_bearing_a_to_p/D.mat,6.5,7.5,32000,UNKNOWN,unknown,,600.0,problem_approximate_not_used_for_mechanism_features,anonymous_single_channel,unknown,8.174436251804408,8.174436251804408,34.09807851034734,66.611693728125,-0.0047052490847166485,3.042121276005973,4.171306431414941,5.226867626338081,1.25305290135792,6.1586740449912805,0.38038688709022156,4859.375,3919.0376768462647,5804.6875,0.9363324554048648,0.015158866770065093,0.038619499596386817,0.27397528269750854,0.6695453638880409,5.3754232860638975,3.3988537486246693,38.0,229.40313106124913,0.9256398037602263,0.14084524611768304,0.21817792076033185,0.2707800305735399,0.36694094845704933
target::data/raw/target_domain/train_bearing_a_to_p/D.mat::w0014,target,data/raw/target_domain/train_bearing_a_to_p/D.mat,data/raw/target_domain/train_bearing_a_to_p/D.mat,data/raw/target_domain/train_bearing_a_to_p/D.mat,7.0,8.0,32000,UNKNOWN,unknown,,600.0,problem_approximate_not_used_for_mechanism_features,anonymous_single_channel,unknown,8.249248017581035,8.249248017581035,34.14873592471472,67.88722069335938,0.008792235567390973,3.0923433475989057,4.139618041781725,5.201447259482843,1.2565041525530378,6.141915817335711,0.38219944373261666,4835.9375,3956.812836667069,5796.875,0.9366865469320199,0.01427477589987179,0.03849093941936675,0.25840285355736303,0.6862894611507638,5.458651014898995,3.4875619496449284,82.0,218.96708797551057,0.9235468834439878,0.14854627174254506,0.24333994738197035,0.2768315005652534,0.3201770702313652
target::data/raw/target_domain/train_bearing_a_to_p/E.mat::w0000,target,data/raw/target_domain/train_bearing_a_to_p/E.mat,data/raw/target_domain/train_bearing_a_to_p/E.mat,data/raw/target_domain/train_bearing_a_to_p/E.mat,0.0,1.0,32000,UNKNOWN,unknown,,600.0,problem_approximate_not_used_for_mechanism_features,anonymous_single_channel,unknown,15.9655197613325,15.9655197613325,179.62794471262825,356.3604215800781,0.17400325610242984,41.28510764771464,11.25099260142252,25.95196557552245,2.3066378669771397,39.296965965710875,0.29385293290415326,1492.1875,2997.9747464489496,5687.5,0.9277299392422096,0.023593329305203695,0.1299436440204774,0.40516030897428834,0.4205476031219005,19.763853297829726,37.46522102105273,10.0,113.66762172287733,0.6885554961521565,0.3537103502890044,0.3979434986436584,0.155484731469776,0.09013417230845949
target::data/raw/target_domain/train_bearing_a_to_p/E.mat::w0001,target,data/raw/target_domain/train_bearing_a_to_p/E.mat,data/raw/target_domain/train_bearing_a_to_p/E.mat,data/raw/target_domain/train_bearing_a_to_p/E.mat,0.5,1.5,32000,UNKNOWN,unknown,,600.0,problem_approximate_not_used_for_mechanism_features,anonymous_single_channel,unknown,15.537158414735725,15.537158414735725,179.50963987337244,356.2090237207031,-0.2061887935452859,39.09033721608217,11.553569519064094,26.27036730586734,2.273787963323191,39.902970137146646,0.301853182911966,1523.4375,3057.7721186543686,5710.9375,0.9370607229404904,0.022936651710829335,0.13352656338985017,0.3882012767532259,0.44145625181316056,19.173540467277228,36.53121824807766,10.0,117.39529013904401,0.7061552897256955,0.34992287959411955,0.383997379732486,0.16475429830764748,0.09782401318490706
target::data/raw/target_domain/train_bearing_a_to_p/E.mat::w0002,target,data/raw/target_domain/train_bearing_a_to_p/E.mat,data/raw/target_domain/train_bearing_a_to_p/E.mat,data/raw/target_domain/train_bearing_a_to_p/E.mat,1.0,2.0,32000,UNKNOWN,unknown,,600.0,problem_approximate_not_used_for_mechanism_features,anonymous_single_channel,unknown,15.264025820360189,15.264025820360189,179.52425005568716,355.53376123124997,-0.3321924863306613,37.52234836393354,11.76126483068535,26.694113824710314,2.2696635276048833,40.59744073411266,0.3059158098690584,1523.4375,2917.368900138356,5671.875,0.9297641537988943,0.028752651959210142,0.1492973471051526,0.40331286737643685,0.4061988099608058,18.82745796122994,33.96230521064875,10.0,115.45935371304319,0.6920834531763355,0.35106784747680453,0.4001684847624018,0.1468475397440322,0.09769737268280061
target::data/raw/target_domain/train_bearing_a_to_p/E.mat::w0003,target,data/raw/target_domain/train_bearing_a_to_p/E.mat,data/raw/target_domain/train_bearing_a_to_p/E.mat,data/raw/target_domain/train_bearing_a_to_p/E.mat,1.5,2.5,32000,UNKNOWN,unknown,,600.0,problem_approximate_not_used_for_mechanism_features,anonymous_single_channel,unknown,16.18483047079759,16.18483047079759,179.5043815472082,355.59095597812495,0.012301195376033197,38.67760469889162,11.090902797596689,25.751733072627207,2.3218788896252716,39.59676470751489,0.3046657708053377,1523.4375,3074.395694578693,5648.4375,0.9193135988685593,0.01480677420693068,0.1220855238014817,0.40886185110631257,0.4421402782910867,20.08958772734736,33.972251852294946,10.0,120.79752963534946,0.6881053076270266,0.3354101045552792,0.4001871916654881,0.15199306149417927,0.10957295883857375
target::data/raw/target_domain/train_bearing_a_to_p/E.mat::w0004,target,data/raw/target_domain/train_bearing_a_to_p/E.mat,data/raw/target_domain/train_bearing_a_to_p/E.mat,data/raw/target_domain/train_bearing_a_to_p/E.mat,2.0,3.0,32000,UNKNOWN,unknown,,600.0,problem_approximate_not_used_for_mechanism_features,anonymous_single_channel,unknown,15.597877414258122,15.597877414258122,179.50767321865354,358.6522767679687,0.006844511677712899,44.56439845071599,11.508468008253026,26.768227013700063,2.3259591975667084,40.44328862860355,0.29872808525266414,1906.25,3089.2046489166155,5632.8125,0.9066184136517973,0.013288089141868076,0.12430066569233365,0.4038162414101904,0.44603729772417317,19.368473407595108,39.30996308319288,10.0,122.89489688729232,0.6940494918375725,0.3269520459754005,0.39713302916671583,0.1631863716789392,0.10981353736869008
target::data/raw/target_domain/train_bearing_a_to_p/E.mat::w0005,target,data/raw/target_domain/train_bearing_a_to_p/E.mat,data/raw/target_domain/train_bearing_a_to_p/E.mat,data/raw/target_domain/train_bearing_a_to_p/E.mat,2.5,3.5,32000,UNKNOWN,unknown,,600.0,problem_approximate_not_used_for_mechanism_features,anonymous_single_channel,unknown,15.070707991731384,15.070707991731384,179.14074356523375,355.13746331601567,-0.21423506466069417,43.59498441878949,11.886684000745571,26.967360630843984,2.2687034188130784,40.06738815627381,0.29035282352573516,1906.25,3029.739525053824,5671.875,0.8993769893662301,0.013487959821135714,0.12403330898550607,0.4255346306722006,0.41986034075169604,18.579590362345638,39.063701538821014,10.0,114.97207391739454,0.6916617201737083,0.3514678549038179,0.40281730846758784,0.1467168176893696,0.09531480747412001
target::data/raw/target_domain/train_bearing_a_to_p/E.mat::w0006,target,data/raw/target_domain/train_bearing_a_to_p/E.mat,data/raw/target_domain/train_bearing_a_to_p/E.mat,data/raw/target_domain/train_bearing_a_to_p/E.mat,3.0,4.0,32000,UNKNOWN,unknown,,600.0,problem_approximate_not_used_for_mechanism_features,anonymous_single_channel,unknown,16.27595077135529,16.27595077135529,179.82120054533104,356.77185928125,0.08109490364804584,38.33472475777629,11.048276261795696,25.327500957920197,2.2924391423393065,38.43677966153181,0.2894777961811307,1906.25,2909.4472539945473,5656.25,0.9019870098284501,0.014134896786338157,0.1326292768360714,0.44605185605483466,0.38647345608201883,20.131052187919025,33.06037810065392,10.0,120.92108530745928,0.6903887361961836,0.33588680545092103,0.38885633642615514,0.16399155381449368,0.10733827886259274
target::data/raw/target_domain/train_bearing_a_to_p/E.mat::w0007,target,data/raw/target_domain/train_bearing_a_to_p/E.mat,data/raw/target_domain/train_bearing_a_to_p/E.mat,data/raw/target_domain/train_bearing_a_to_p/E.mat,3.5,4.5,32000,UNKNOWN,unknown,,600.0,problem_approximate_not_used_for_mechanism_features,anonymous_single_channel,unknown,16.3062965692328,16.3062965692328,179.8323601625442,357.3414236355469,0.11880668688867974,39.333103696407974,11.028399943482334,25.596032210306404,2.3209198380071276,39.14132939824832,0.29935310478452454,1492.1875,2942.7490587170305,5648.4375,0.9107336768421216,0.015007363040804444,0.1474120728665049,0.41765326628096816,0.4028975812604444,20.23636920716479,33.87390275810026,10.0,118.51015684198877,0.6811266452491813,0.3470714065601476,0.39147249557194375,0.1589004681212009,0.09886139132596973
target::data/raw/target_domain/train_bearing_a_to_p/E.mat::w0008,target,data/raw/target_domain/train_bearing_a_to_p/E.mat,data/raw/target_domain/train_bearing_a_to_p/E.mat,data/raw/target_domain/train_bearing_a_to_p/E.mat,4.0,5.0,32000,UNKNOWN,unknown,,600.0,problem_approximate_not_used_for_mechanism_features,anonymous_single_channel,unknown,15.614190038582052,15.614190038582052,179.5114237611926,358.6709211339844,-0.20097963505119196,42.12270429668852,11.496684958849315,26.512351354212495,2.306086619674092,40.19312761609867,0.301821931935373,1492.1875,3093.385740232729,5757.8125,0.9230847230442386,0.016602577559298053,0.15112345785050155,0.36439869698911165,0.4448164436521813,19.341927289985662,37.801301990301106,10.0,118.64860113794482,0.71533649212978,0.34416988879344984,0.38991013279863307,0.16159864031243198,0.1017515986932326
target::data/raw/target_domain/train_bearing_a_to_p/E.mat::w0009,target,data/raw/target_domain/train_bearing_a_to_p/E.mat,data/raw/target_domain/train_bearing_a_to_p/E.mat,data/raw/target_domain/train_bearing_a_to_p/E.mat,4.5,5.5,32000,UNKNOWN,unknown,,600.0,problem_approximate_not_used_for_mechanism_features,anonymous_single_channel,unknown,14.94040520695848,14.94040520695848,179.501104060166,358.6709211339844,-0.11245330387419293,44.63412731675686,12.01447360855725,27.62715368094922,2.2994893143941044,41.471312637188646,0.29532172880402513,1492.1875,2953.9108952983242,5695.3125,0.9185441266743427,0.016229592158675983,0.163170561073748,0.3886519746717743,0.4089872141541912,18.4802384756964,38.80206061075969,10.0,112.06075516938759,0.6879999851652648,0.36582459702568165,0.39516672616974396,0.15016096260232112,0.08609443297043008
target::data/raw/target_domain/train_bearing_a_to_p/E.mat::w0010,target,data/raw/target_domain/train_bearing_a_to_p/E.mat,data/raw/target_domain/train_bearing_a_to_p/E.mat,data/raw/target_domain/train_bearing_a_to_p/E.mat,5.0,6.0,32000,UNKNOWN,unknown,,600.0,problem_approximate_not_used_for_mechanism_features,anonymous_single_channel,unknown,14.818778315992029,14.818778315992029,178.97812122561308,357.9304734550781,0.023854192571339593,43.36054614476829,12.077791934605878,27.40479378727966,2.2690235049302565,40.828355150176236,0.29491546610831587,1906.25,2965.7816995396565,5679.6875,0.9100044086363542,0.016635852032411778,0.1342597996545286,0.4253227253247516,0.4077764213881806,18.267959555301616,38.689245625725185,10.0,118.82210094848337,0.7041634790494029,0.3459354007558289,0.3845163845579603,0.16564098070571212,0.10085840183405641
target::data/raw/target_domain/train_bearing_a_to_p/E.mat::w0011,target,data/raw/target_domain/train_bearing_a_to_p/E.mat,data/raw/target_domain/train_bearing_a_to_p/E.mat,data/raw/target_domain/train_bearing_a_to_p/E.mat,5.5,6.5,32000,UNKNOWN,unknown,,600.0,problem_approximate_not_used_for_mechanism_features,anonymous_single_channel,unknown,15.368463870963822,15.368463870963822,179.1534294336423,357.61169685117187,-0.173195124235239,40.38053287013664,11.657211217583788,26.263698489781387,2.253000138674969,39.27148533074388,0.2956029875933623,1906.25,2836.539298197967,5664.0625,0.9042805450233865,0.018206456889495556,0.1424069364522017,0.454331756705689,0.3696645153698726,18.89719986149342,35.25234716500559,10.0,120.88334519188585,0.7025465830441096,0.3336052908617173,0.397723772083088,0.15838810938691922,0.10737570376098692
target::data/raw/target_domain/train_bearing_a_to_p/E.mat::w0012,target,data/raw/target_domain/train_bearing_a_to_p/E.mat,data/raw/target_domain/train_bearing_a_to_p/E.mat,data/raw/target_domain/train_bearing_a_to_p/E.mat,6.0,7.0,32000,UNKNOWN,unknown,,600.0,problem_approximate_not_used_for_mechanism_features,anonymous_single_channel,unknown,16.11814880701627,16.11814880701627,179.17538668325565,355.44614672929686,0.04194904126375403,39.57169630243494,11.116375014806234,25.49480354105552,2.2934457956929886,38.77781538324894,0.2977905559548736,1523.4375,2847.398298924201,5687.5,0.9198411774797153,0.01906522692916571,0.14234405734858485,0.44062767121315677,0.3779403011371356,19.901988254578665,32.63795951735062,10.0,113.34666103983486,0.6940481997743828,0.35784191416792266,0.40416734702853024,0.13828481579519333,0.09539570448901401
target::data/raw/target_domain/train_bearing_a_to_p/E.mat::w0013,target,data/raw/target_domain/train_bearing_a_to_p/E.mat,data/raw/target_domain/train_bearing_a_to_p/E.mat,data/raw/target_domain/train_bearing_a_to_p/E.mat,6.5,7.5,32000,UNKNOWN,unknown,,600.0,problem_approximate_not_used_for_mechanism_features,anonymous_single_channel,unknown,16.57704624411287,16.57704624411287,179.95478465088829,356.3385530003906,-0.05107886446195495,38.78904560886193,10.85566041144309,25.030248017226473,2.305732407660824,38.197494852126205,0.29638426200818774,1492.1875,2997.369516515991,5687.5,0.9344258450147945,0.02102104258822824,0.14145332774741431,0.39027321350054056,0.4315922998166636,20.51991068565065,32.0248395762123,10.0,115.24752914834832,0.699847530704276,0.34621965899542356,0.3974151818318752,0.15611708077558195,0.09523551831833338
target::data/raw/target_domain/train_bearing_a_to_p/E.mat::w0014,target,data/raw/target_domain/train_bearing_a_to_p/E.mat,data/raw/target_domain/train_bearing_a_to_p/E.mat,data/raw/target_domain/train_bearing_a_to_p/E.mat,7.0,8.0,32000,UNKNOWN,unknown,,600.0,problem_approximate_not_used_for_mechanism_features,anonymous_single_channel,unknown,15.615867727769785,15.615867727769785,179.9282271368418,356.3385530003906,-0.2283864264165555,40.51224268009418,11.522140829667947,26.237184237161205,2.277110185079698,39.26007343803099,0.29250914091065344,1906.25,2980.747022006598,5664.0625,0.9192855152698939,0.015618151684695408,0.14186181640254394,0.3988754007901556,0.42404400284582844,19.27426068853455,34.84041249741462,10.0,114.97202801499894,0.6868330044688664,0.35747616690721606,0.3989278914585597,0.14206043959622933,0.09836502735324452
target::data/raw/target_domain/train_bearing_a_to_p/F.mat::w0000,target,data/raw/target_domain/train_bearing_a_to_p/F.mat,data/raw/target_domain/train_bearing_a_to_p/F.mat,data/raw/target_domain/train_bearing_a_to_p/F.mat,0.0,1.0,32000,UNKNOWN,unknown,,600.0,problem_approximate_not_used_for_mechanism_features,anonymous_single_channel,unknown,5.719202064507597,5.719202064507597,23.22564219608131,44.67680738554688,0.01864336219002868,3.0885783677867513,4.060993462743984,5.112627169420894,1.2589597142482063,6.041644842284318,0.3683552611019094,2648.4375,3428.8268981690735,5695.3125,0.9423701932243262,0.014130025600886175,0.08109700649128423,0.38588923245041645,0.515291817233894,3.794018046336643,3.3587542213867687,69.0,234.72171527137434,0.9313261659280969,0.09906312116954093,0.2318726828001951,0.30094231814236694,0.3585894019704662
target::data/raw/target_domain/train_bearing_a_to_p/F.mat::w0001,target,data/raw/target_domain/train_bearing_a_to_p/F.mat,data/raw/target_domain/train_bearing_a_to_p/F.mat,data/raw/target_domain/train_bearing_a_to_p/F.mat,0.5,1.5,32000,UNKNOWN,unknown,,600.0,problem_approximate_not_used_for_mechanism_features,anonymous_single_channel,unknown,5.71544973367256,5.71544973367256,21.816787100253595,43.318852696875,0.031148640914828243,3.0374588555132918,3.8171601740657826,4.797345977328538,1.2567840380189987,5.670055204390197,0.3688552767273977,2648.4375,3396.0307138399244,5703.125,0.9424227306457621,0.014352954797643726,0.08393324933353173,0.3912105024393469,0.5074534563611959,3.788765313054415,3.2300231024956365,77.0,227.63505055075873,0.9313606284198156,0.12463938873439884,0.231995388214057,0.30397814392910444,0.33124207161946856
target::data/raw/target_domain/train_bearing_a_to_p/F.mat::w0002,target,data/raw/target_domain/train_bearing_a_to_p/F.mat,data/raw/target_domain/train_bearing_a_to_p/F.mat,data/raw/target_domain/train_bearing_a_to_p/F.mat,1.0,2.0,32000,UNKNOWN,unknown,,600.0,problem_approximate_not_used_for_mechanism_features,anonymous_single_channel,unknown,5.73408779703941,5.73408779703941,21.883565617690586,43.670992903125,0.013834250280187877,3.0252789598477765,3.8163987703476674,4.787055155569038,1.2543383025805006,5.649795697236297,0.36523016344260756,2648.4375,3360.797675531944,5695.3125,0.9415445329189455,0.014572229028096597,0.0832161799535668,0.40096306448332625,0.49848808641093023,3.772395663885796,3.2551592289469355,42.0,213.8550182347823,0.9289812161108677,0.16272506313818524,0.2667173322097128,0.25694412204369516,0.3096728041118006
target::data/raw/target_domain/train_bearing_a_to_p/F.mat::w0003,target,data/raw/target_domain/train_bearing_a_to_p/F.mat,data/raw/target_domain/train_bearing_a_to_p/F.mat,data/raw/target_domain/train_bearing_a_to_p/F.mat,1.5,2.5,32000,UNKNOWN,unknown,,600.0,problem_approximate_not_used_for_mechanism_features,anonymous_single_channel,unknown,5.770566172472099,5.770566172472099,24.876757261297456,49.682749569140626,0.0015846115134040086,3.1247452091433607,4.310973398063641,5.425730201889775,1.2585858693365883,6.4118271230883055,0.3649489046532704,2648.4375,3356.494186277776,5703.125,0.939009258350972,0.01496799021120718,0.08541195969206007,0.40865863214331194,0.4884219453726046,3.834302601202458,3.5827673637729496,28.0,216.22245466819638,0.9263120356701787,0.1358344306730614,0.23664976291891945,0.3236185224338214,0.2979473348400096
target::data/raw/target_domain/train_bearing_a_to_p/F.mat::w0004,target,data/raw/target_domain/train_bearing_a_to_p/F.mat,data/raw/target_domain/train_bearing_a_to_p/F.mat,data/raw/target_domain/train_bearing_a_to_p/F.mat,2.0,3.0,32000,UNKNOWN,unknown,,600.0,problem_approximate_not_used_for_mechanism_features,anonymous_single_channel,unknown,5.7978089412745275,5.7978089412745275,24.841468344098345,49.682749569140626,0.015341131907298793,3.1351844078117383,4.284630382910338,5.395179735537232,1.2591937351365234,6.379226554074964,0.3643863870745961,2648.4375,3308.5616640459043,5703.125,0.9381767400352917,0.015661902976635448,0.09974473928101918,0.40039249512160247,0.4816940051463626,3.8856318565188492,3.5869393762461432,166.0,213.83049881520895,0.9206945065550419,0.15383934240655786,0.2628625197827074,0.2537680258114825,0.31621418465784024
target::data/raw/target_domain/train_bearing_a_to_p/F.mat::w0005,target,data/raw/target_domain/train_bearing_a_to_p/F.mat,data/raw/target_domain/train_bearing_a_to_p/F.mat,data/raw/target_domain/train_bearing_a_to_p/F.mat,2.5,3.5,32000,UNKNOWN,unknown,,600.0,problem_approximate_not_used_for_mechanism_features,anonymous_single_channel,unknown,5.832904063935141,5.832904063935141,26.670911264284022,51.35892012890625,0.01609124555575027,3.0817786285141717,4.572492702080556,5.743803323510929,1.2561645688130727,6.782482743234414,0.3674489827807119,2648.4375,3322.415001848997,5695.3125,0.9376465410264353,0.01566719822258435,0.09770960645193821,0.40091394893597193,0.4825499073190809,3.87142122805577,3.609256141351838,214.0,225.5295208201663,0.9350138616868116,0.14144807444992738,0.24335143223578465,0.26257342615169277,0.34657131428187027
target::data/raw/target_domain/train_bearing_a_to_p/F.mat::w0006,target,data/raw/target_domain/train_bearing_a_to_p/F.mat,data/raw/target_domain/train_bearing_a_to_p/F.mat,data/raw/target_domain/train_bearing_a_to_p/F.mat,3.0,4.0,32000,UNKNOWN,unknown,,600.0,problem_approximate_not_used_for_mechanism_features,anonymous_single_channel,unknown,5.793504098081288,5.793504098081288,26.678034698035866,51.35892012890625,0.018365821193516683,3.113568793970539,4.604818473653377,5.784510871852206,1.2561865152660154,6.829014337959572,0.3683865120785024,2648.4375,3375.3904694175717,5679.6875,0.9328648365425144,0.01569505667257469,0.08548987145131012,0.39852500936694235,0.4977227830953967,3.827096953589624,3.8214605731040914,328.0,233.96012389801123,0.9284150193882549,0.133589183354171,0.1918507621742248,0.321067026099677,0.34914838163263523
target::data/raw/target_domain/train_bearing_a_to_p/F.mat::w0007,target,data/raw/target_domain/train_bearing_a_to_p/F.mat,data/raw/target_domain/train_bearing_a_to_p/F.mat,data/raw/target_domain/train_bearing_a_to_p/F.mat,3.5,4.5,32000,UNKNOWN,unknown,,600.0,problem_approximate_not_used_for_mechanism_features,anonymous_single_channel,unknown,5.683806817492392,5.683806817492392,24.66904185850392,47.00833441992187,0.0073194602189605995,3.069339925934292,4.340232286322353,5.441905171840025,1.2538280932540145,6.416939282758989,0.36819900621894436,2648.4375,3376.11847998646,5687.5,0.9365011649076361,0.014954147909191086,0.08912245968268248,0.3952974147964436,0.4984894897136955,3.7299856040275507,3.559253053313622,8.0,230.80035754331732,0.930248544374231,0.11715278207042405,0.2255217597454501,0.29308262637221094,0.36164200031354854
target::data/raw/target_domain/train_bearing_a_to_p/F.mat::w0008,target,data/raw/target_domain/train_bearing_a_to_p/F.mat,data/raw/target_domain/train_bearing_a_to_p/F.mat,data/raw/target_domain/train_bearing_a_to_p/F.mat,4.0,5.0,32000,UNKNOWN,unknown,,600.0,problem_approximate_not_used_for_mechanism_features,anonymous_single_channel,unknown,5.735927861694316,5.735927861694316,23.685532849782895,44.71031117109375,-0.010680296970698161,3.0469926546309756,4.129328928272535,5.186210062071429,1.2559450099898255,6.1290785122840665,0.36904278258695583,2648.4375,3365.6475063714606,5726.5625,0.9376166521945404,0.014592969465019149,0.0820001333013119,0.41018275128578674,0.4909714524985093,3.7734771913569163,3.3477676183649403,83.0,217.6096460592366,0.9214369609722505,0.12581614834186697,0.2621758044517208,0.2933047280740168,0.3145552763036871
target::data/raw/target_domain/train_bearing_a_to_p/F.mat::w0009,target,data/raw/target_domain/train_bearing_a_to_p/F.mat,data/raw/target_domain/train_bearing_a_to_p/F.mat,data/raw/target_domain/train_bearing_a_to_p/F.mat,4.5,5.5,32000,UNKNOWN,unknown,,600.0,problem_approximate_not_used_for_mechanism_features,anonymous_single_channel,unknown,5.7610643168230204,5.7610643168230204,23.111732958760978,45.109693116796876,-0.002520629301386545,3.0775487246752222,4.011712365589783,5.055286633901171,1.2601318771658967,5.989741742480269,0.36704272008500266,2648.4375,3405.851453963687,5750.0,0.9404736144638451,0.014507513042250366,0.07708223357078216,0.39783397663207304,0.5084847523429618,3.83204416651466,3.300081872004774,29.0,215.34509698722934,0.9158764996118869,0.14558562958721677,0.24848958620816872,0.3053762391715022,0.29478419849224385
target::data/raw/target_domain/train_bearing_a_to_p/F.mat::w0010,target,data/raw/target_domain/train_bearing_a_to_p/F.mat,data/raw/target_domain/train_bearing_a_to_p/F.mat,data/raw/target_domain/train_bearing_a_to_p/F.mat,5.0,6.0,32000,UNKNOWN,unknown,,600.0,problem_approximate_not_used_for_mechanism_features,anonymous_single_channel,unknown,5.790635688562124,5.790635688562124,24.02026199963398,46.65002615273437,0.000867542994646297,3.0799007495721207,4.148121776521969,5.232642474431182,1.261448616105392,6.204375476034389,0.3666989593424795,2648.4375,3364.298596137886,5726.5625,0.9394004854804431,0.014923933242067611,0.0820744155405915,0.39883100571591323,0.5017007115107969,3.8596995251536206,3.2473465412982505,8.0,219.43894564537075,0.9238730851636269,0.10556444683230687,0.26331320930668983,0.3093506948647148,0.31966370976066794
target::data/raw/target_domain/train_bearing_a_to_p/F.mat::w0011,target,data/raw/target_domain/train_bearing_a_to_p/F.mat,data/raw/target_domain/train_bearing_a_to_p/F.mat,data/raw/target_domain/train_bearing_a_to_p/F.mat,5.5,6.5,32000,UNKNOWN,unknown,,600.0,problem_approximate_not_used_for_mechanism_features,anonymous_single_channel,unknown,5.822223796856988,5.822223796856988,24.03989674007536,46.65002615273437,-0.002697194662981862,3.073981021560455,4.12898878140835,5.202279834369742,1.259940413932152,6.163513168050097,0.36685521422544454,2648.4375,3362.894721133611,5710.9375,0.9333225237977647,0.014369218467980636,0.0840150429844244,0.40433483621385813,0.49378728045601283,3.874141782913917,3.26941954886179,166.0,228.63150567647966,0.9302510094526742,0.15713281351552888,0.17305863239079144,0.3227941523014234,0.34191225396926983
target::data/raw/target_domain/train_bearing_a_to_p/F.mat::w0012,target,data/raw/target_domain/train_bearing_a_to_p/F.mat,data/raw/target_domain/train_bearing_a_to_p/F.mat,data/raw/target_domain/train_bearing_a_to_p/F.mat,6.0,7.0,32000,UNKNOWN,unknown,,600.0,problem_approximate_not_used_for_mechanism_features,anonymous_single_channel,unknown,5.8281127824468175,5.8281127824468175,23.357956396025035,46.44802215703125,0.018463963584371794,3.0842461172952484,4.007807890466844,5.042016538834591,1.258048458566814,5.962565892291399,0.36566767711490983,2648.4375,3357.6532837087348,5718.75,0.9339701846582557,0.014268356141246791,0.09336107513442393,0.3933505066378307,0.495574360314944,3.879776143149694,3.379640714503759,4.0,214.8724560390473,0.9203614190201501,0.15926236402894836,0.2613707346803307,0.26436658545382535,0.3123385169083491
target::data/raw/target_domain/train_bearing_a_to_p/F.mat::w0013,target,data/raw/target_domain/train_bearing_a_to_p/F.mat,data/raw/target_domain/train_bearing_a_to_p/F.mat,data/raw/target_domain/train_bearing_a_to_p/F.mat,6.5,7.5,32000,UNKNOWN,unknown,,600.0,problem_approximate_not_used_for_mechanism_features,anonymous_single_channel,unknown,5.833418765475121,5.833418765475121,23.113430213368513,46.05789230273437,0.0266420807612753,3.0911872194501413,3.9622442932025654,4.979076502839159,1.2566303676378987,5.879451254965179,0.36298009312791024,2648.4375,3340.7069738070263,5710.9375,0.9319801789647332,0.014437731187310914,0.0922298217979676,0.4019994274585213,0.4883762671785674,3.8711637163910657,3.4510840382712535,240.0,233.18785234890018,0.9357533472109556,0.12874014138227824,0.2216172148322139,0.30429692259512375,0.33936172349690796
target::data/raw/target_domain/train_bearing_a_to_p/F.mat::w0014,target,data/raw/target_domain/train_bearing_a_to_p/F.mat,data/raw/target_domain/train_bearing_a_to_p/F.mat,data/raw/target_domain/train_bearing_a_to_p/F.mat,7.0,8.0,32000,UNKNOWN,unknown,,600.0,problem_approximate_not_used_for_mechanism_features,anonymous_single_channel,unknown,5.80866321304545,5.80866321304545,23.140908132015195,45.96242754140624,0.011518744543422638,3.0424889881618067,3.9838612230159858,5.006696443110652,1.2567446913523423,5.922136335699224,0.3656364261383168,2648.4375,3336.6204921215535,5710.9375,0.932515565270054,0.015361941050185563,0.09235612237056938,0.3998236474597022,0.48955651004322803,3.8350807006846113,3.330028478283078,83.0,208.2626296090456,0.9251412746010843,0.14372798148976149,0.2556086588853482,0.2953504043440025,0.2917475007498961
target::data/raw/target_domain/train_bearing_a_to_p/G.mat::w0000,target,data/raw/target_domain/train_bearing_a_to_p/G.mat,data/raw/target_domain/train_bearing_a_to_p/G.mat,data/raw/target_domain/train_bearing_a_to_p/G.mat,0.0,1.0,32000,UNKNOWN,unknown,,600.0,problem_approximate_not_used_for_mechanism_features,anonymous_single_channel,unknown,1.6560700186728947,1.6560700186728947,9.346468874367318,18.12036120234375,-0.0358005952218366,4.325809666874909,5.6437643148998875,7.345424751234765,1.3015116049119826,8.81010223704228,0.3357604925153911,273.4375,2464.8111877467536,5226.5625,0.9164753287542271,0.2273222019898102,0.09986798101182336,0.29478242774279134,0.3763755943986847,1.221836835204311,6.624090860052789,20.0,122.80364786443843,0.8572207192064325,0.3928276746653324,0.3163892530217509,0.15569779081604435,0.1282328673837219
target::data/raw/target_domain/train_bearing_a_to_p/G.mat::w0001,target,data/raw/target_domain/train_bearing_a_to_p/G.mat,data/raw/target_domain/train_bearing_a_to_p/G.mat,data/raw/target_domain/train_bearing_a_to_p/G.mat,0.5,1.5,32000,UNKNOWN,unknown,,600.0,problem_approximate_not_used_for_mechanism_features,anonymous_single_channel,unknown,1.6382320548600695,1.6382320548600695,9.834536278406283,18.70380369375,-0.04967019927734474,4.400480239846081,6.003139939317267,7.810358373085772,1.3010455281789202,9.35996361415146,0.33013531672864777,343.75,2498.489343581291,5195.3125,0.9167541524013789,0.21192813835922208,0.10327380204540951,0.2921131400513906,0.3909239517167853,1.210746201782129,6.743746765315889,10.0,135.8276890599825,0.8733020283152056,0.31375595117796984,0.34824561967154527,0.19456054350572258,0.13656433016199396
target::data/raw/target_domain/train_bearing_a_to_p/G.mat::w0002,target,data/raw/target_domain/train_bearing_a_to_p/G.mat,data/raw/target_domain/train_bearing_a_to_p/G.mat,data/raw/target_domain/train_bearing_a_to_p/G.mat,1.0,2.0,32000,UNKNOWN,unknown,,600.0,problem_approximate_not_used_for_mechanism_features,anonymous_single_channel,unknown,1.5743170443602792,1.5743170443602792,9.84286728805809,18.70380369375,-0.05981518687832603,4.060187481518829,6.252150621955229,8.081913717813986,1.2926613906946156,9.678362656552828,0.3281665052032876,343.75,2514.5967725666483,5195.3125,0.9152592793899859,0.20978918541925526,0.09219544184276075,0.3047877551317302,0.3915508527374869,1.1381674290427872,5.968564140219929,104.0,127.23863671790792,0.8530309840690438,0.3147840321636329,0.3404865083197078,0.24636578623761007,0.09387358567802408
target::data/raw/target_domain/train_bearing_a_to_p/G.mat::w0003,target,data/raw/target_domain/train_bearing_a_to_p/G.mat,data/raw/target_domain/train_bearing_a_to_p/G.mat,data/raw/target_domain/train_bearing_a_to_p/G.mat,1.5,2.5,32000,UNKNOWN,unknown,,600.0,problem_approximate_not_used_for_mechanism_features,anonymous_single_channel,unknown,1.552804461860173,1.552804461860173,8.531617104597325,15.851075510156248,-0.006367012000230119,3.7642030944781064,5.494328045896667,7.0848320491240875,1.2894810775651984,8.49044810310114,0.3364480140004375,273.4375,2583.791943429201,5218.75,0.9271071677491348,0.178568072168837,0.09660963374913,0.33198982588985393,0.39143222068333117,1.1085134920855229,4.948160990347512,10.0,136.7223025232903,0.8619919576317078,0.34043827861838427,0.3134964729117023,0.19525323489886287,0.14372077778432246
target::data/raw/target_domain/train_bearing_a_to_p/G.mat::w0004,target,data/raw/target_domain/train_bearing_a_to_p/G.mat,data/raw/target_domain/train_bearing_a_to_p/G.mat,data/raw/target_domain/train_bearing_a_to_p/G.mat,2.0,3.0,32000,UNKNOWN,unknown,,600.0,problem_approximate_not_used_for_mechanism_features,anonymous_single_channel,unknown,1.630177761031075,1.630177761031075,10.553361309914449,20.078860733203125,0.012978932487454757,4.504258841038304,6.4737487911950495,8.445388620528705,1.3045592118140426,10.14693564329541,0.3394793587299603,273.4375,2569.744012096967,5265.625,0.9287212960357697,0.1921181976369555,0.09994398085606739,0.31582616999675683,0.3905331037143878,1.2074824051293953,7.737468659468771,9.0,121.99190020444415,0.8577776938523844,0.38029196030387535,0.3219179791497176,0.16710034068540666,0.11676437335280622
target::data/raw/target_domain/train_bearing_a_to_p/G.mat::w0005,target,data/raw/target_domain/train_bearing_a_to_p/G.mat,data/raw/target_domain/train_bearing_a_to_p/G.mat,data/raw/target_domain/train_bearing_a_to_p/G.mat,2.5,3.5,32000,UNKNOWN,unknown,,600.0,problem_approximate_not_used_for_mechanism_features,anonymous_single_channel,unknown,1.6068997824967135,1.6068997824967135,10.55875586184073,20.078860733203125,-0.020686518142931494,4.653543711527441,6.57088635946452,8.599430338990576,1.3087169475391771,10.339736568107536,0.3336041751304728,281.25,2525.7421179335674,5257.8125,0.9222376171126433,0.21094428201930535,0.0988911361141573,0.2961087307516597,0.392483879650459,1.1971397910673782,8.009462895303521,13.0,109.86533328172223,0.8392759037294037,0.42904900357473313,0.26253147543620586,0.23313511131161266,0.07053136969514712
target::data/raw/target_domain/train_bearing_a_to_p/G.mat::w0006,target,data/raw/target_domain/train_bearing_a_to_p/G.mat,data/raw/target_domain/train_bearing_a_to_p/G.mat,data/raw/target_domain/train_bearing_a_to_p/G.mat,3.0,4.0,32000,UNKNOWN,unknown,,600.0,problem_approximate_not_used_for_mechanism_features,anonymous_single_channel,unknown,1.5573605908656312,1.5573605908656312,9.276005740750854,17.857097146875,-0.02975541318956457,4.09458099692668,5.956235052531408,7.720754572117516,1.2962474623682332,9.254000460059745,0.3326041438794962,273.4375,2496.8750455308736,5234.375,0.9216842656501382,0.21204610966982412,0.09601602290757422,0.31124067030073954,0.3794544236340873,1.130948349073576,6.010993407838347,11.0,143.70173733408097,0.866796476330226,0.2707026962322613,0.3392116119141455,0.24754350596144595,0.13482536364944092
target::data/raw/target_domain/train_bearing_a_to_p/G.mat::w0007,target,data/raw/target_domain/train_bearing_a_to_p/G.mat,data/raw/target_domain/train_bearing_a_to_p/G.mat,data/raw/target_domain/train_bearing_a_to_p/G.mat,3.5,4.5,32000,UNKNOWN,unknown,,600.0,problem_approximate_not_used_for_mechanism_features,anonymous_single_channel,unknown,1.5853649015966993,1.5853649015966993,9.917326240725586,19.193743988671876,-0.051568829496423864,4.16556596955324,6.255548000798492,8.107862991471768,1.2961075497193406,9.712447981003631,0.3292602893840432,281.25,2460.081449178469,5242.1875,0.9191258645680017,0.22254743148972866,0.09195373419471622,0.31433469416953413,0.36968708212753626,1.1544642940131555,6.5071628046957155,10.0,108.5170143668329,0.8141139154386295,0.46188786529382786,0.30184922980074524,0.12169137880938541,0.1130635870405392
target::data/raw/target_domain/train_bearing_a_to_p/G.mat::w0008,target,data/raw/target_domain/train_bearing_a_to_p/G.mat,data/raw/target_domain/train_bearing_a_to_p/G.mat,data/raw/target_domain/train_bearing_a_to_p/G.mat,4.0,5.0,32000,UNKNOWN,unknown,,600.0,problem_approximate_not_used_for_mechanism_features,anonymous_single_channel,unknown,1.603340235220866,1.603340235220866,9.97471325306805,19.903211179687503,-0.061829952048303896,4.284686511296092,6.221208096663135,8.093578149492476,1.3009656683608728,9.718938024464691,0.3269789680927529,70.3125,2457.39971301234,5218.75,0.9204876716047852,0.22458177022471024,0.09514937558779463,0.3082196684677988,0.37026788407147876,1.1750404630426792,6.794846744806136,74.0,131.65797184725406,0.8513029652441713,0.33557195333453854,0.32636031695615214,0.213066279880098,0.12191514415968653
target::data/raw/target_domain/train_bearing_a_to_p/G.mat::w0009,target,data/raw/target_domain/train_bearing_a_to_p/G.mat,data/raw/target_domain/train_bearing_a_to_p/G.mat,data/raw/target_domain/train_bearing_a_to_p/G.mat,4.5,5.5,32000,UNKNOWN,unknown,,600.0,problem_approximate_not_used_for_mechanism_features,anonymous_single_channel,unknown,1.6241999184832538,1.6241999184832538,9.97978748637519,18.9589371234375,-0.009343769903732363,4.153879105290618,6.144432943752756,7.978523418130404,1.298496295941762,9.57626064083308,0.3283227600862527,281.25,2471.1390370059403,5218.75,0.9137710298367274,0.23089503808808665,0.09682212219402316,0.29086913315197044,0.37973099512064007,1.186665321304276,6.264634654433228,15.0,118.1486942918077,0.8525084551378619,0.3606401894722285,0.38186844661237035,0.1525479153647056,0.10340903409635756
target::data/raw/target_domain/train_bearing_a_to_p/G.mat::w0010,target,data/raw/target_domain/train_bearing_a_to_p/G.mat,data/raw/target_domain/train_bearing_a_to_p/G.mat,data/raw/target_domain/train_bearing_a_to_p/G.mat,5.0,6.0,32000,UNKNOWN,unknown,,600.0,problem_approximate_not_used_for_mechanism_features,anonymous_single_channel,unknown,1.613747475638841,1.613747475638841,9.601708203369954,18.88127562890625,-0.03031945889973447,4.245234588323612,5.949944677411771,7.7467124546270405,1.3019805854719415,9.3032463459887,0.33351042220069377,343.75,2500.5663210573794,5210.9375,0.9148418705409974,0.21363319854118074,0.0983580955575631,0.30809067035793497,0.37847761849397266,1.1871957385221403,6.335799634633416,8.0,125.42980086956449,0.8425035243642232,0.29664489728026955,0.400229146524911,0.18405938302807628,0.11366082568200549
target::data/raw/target_domain/train_bearing_a_to_p/G.mat::w0011,target,data/raw/target_domain/train_bearing_a_to_p/G.mat,data/raw/target_domain/train_bearing_a_to_p/G.mat,data/raw/target_domain/train_bearing_a_to_p/G.mat,5.5,6.5,32000,UNKNOWN,unknown,,600.0,problem_approximate_not_used_for_mechanism_features,anonymous_single_channel,unknown,1.5887955790259372,1.5887955790259372,10.250393906933247,20.20684799765625,-0.06213290301363485,4.364833642997775,6.451675748752481,8.385650306495886,1.2997631364397204,10.055031613096887,0.33388543391981,343.75,2496.854947122611,5195.3125,0.921133553185513,0.2086053731838485,0.10285759309362039,0.3064775484914511,0.38068877693471537,1.1664183135364397,7.03327095355434,10.0,123.80705286477676,0.8646203452330681,0.3887754804077443,0.2620404634720773,0.2292148377003874,0.10963912366146378
target::data/raw/target_domain/train_bearing_a_to_p/G.mat::w0012,target,data/raw/target_domain/train_bearing_a_to_p/G.mat,data/raw/target_domain/train_bearing_a_to_p/G.mat,data/raw/target_domain/train_bearing_a_to_p/G.mat,6.0,7.0,32000,UNKNOWN,unknown,,600.0,problem_approximate_not_used_for_mechanism_features,anonymous_single_channel,unknown,1.5892865030763093,1.5892865030763093,10.4439121377314,20.431281305859375,-0.023691415736042328,4.573168249804652,6.57144707232398,8.547365032100322,1.3006823212641632,10.25254330209688,0.3352292259133098,273.4375,2521.082771042361,5226.5625,0.9281839518944706,0.19571268344948836,0.09729307219098257,0.3321161068460541,0.3734126782989115,1.172277942201652,8.327364256281271,20.0,123.97859220486451,0.845428993962739,0.3566191041438706,0.34400526012324745,0.17584036780073498,0.11610131771870885
target::data/raw/target_domain/train_bearing_a_to_p/G.mat::w0013,target,data/raw/target_domain/train_bearing_a_to_p/G.mat,data/raw/target_domain/train_bearing_a_to_p/G.mat,data/raw/target_domain/train_bearing_a_to_p/G.mat,6.5,7.5,32000,UNKNOWN,unknown,,600.0,problem_approximate_not_used_for_mechanism_features,anonymous_single_channel,unknown,1.5929644036192692,1.5929644036192692,10.442796423922006,20.431281305859375,-0.017713942047933803,4.4548576416969805,6.555574248984511,8.524259696466642,1.30030709327741,10.226896099064584,0.3348542141941936,273.4375,2536.197639292262,5210.9375,0.9237160602933415,0.19527719949247138,0.09370830670813306,0.3249660501554703,0.38443480968482935,1.1704532743475142,7.962554377422314,9.0,139.98960040749938,0.8712579244402291,0.3158362272838111,0.33713113854258236,0.1844179327952016,0.15269575711386302
target::data/raw/target_domain/train_bearing_a_to_p/G.mat::w0014,target,data/raw/target_domain/train_bearing_a_to_p/G.mat,data/raw/target_domain/train_bearing_a_to_p/G.mat,data/raw/target_domain/train_bearing_a_to_p/G.mat,7.0,8.0,32000,UNKNOWN,unknown,,600.0,problem_approximate_not_used_for_mechanism_features,anonymous_single_channel,unknown,1.6056742164601228,1.6056742164601228,10.091981527273697,18.159892865625,-0.04339140686509017,3.941310263878122,6.285198718278134,8.117267275238365,1.2914893608100715,9.720146404066885,0.332197881183787,273.4375,2546.1176407180633,5218.75,0.9216509316161041,0.2066592310201512,0.09575027055288497,0.30071036059705336,0.3954037322153902,1.15975291462735,5.761392227751282,10.0,133.15061986150042,0.8557469054376742,0.31854896935042587,0.3484819087311739,0.18936295416467838,0.14217452369381456
target::data/raw/target_domain/train_bearing_a_to_p/H.mat::w0000,target,data/raw/target_domain/train_bearing_a_to_p/H.mat,data/raw/target_domain/train_bearing_a_to_p/H.mat,data/raw/target_domain/train_bearing_a_to_p/H.mat,0.0,1.0,32000,UNKNOWN,unknown,,600.0,problem_approximate_not_used_for_mechanism_features,anonymous_single_channel,unknown,10.883776094037243,10.883776094037243,66.50770359608386,125.34088594453125,-0.2346328744535429,4.8311931038511196,6.110719572089918,8.013409206842102,1.3113691623883028,9.638805102954363,0.3886996468639645,1984.375,2637.744325578882,5500.0,0.8282165298710702,0.018967163363470027,0.17802458319141337,0.48828195176238537,0.3123272318619372,8.194588424684808,8.421649941508575,83.0,226.04575410422072,0.6504730248413709,0.04704597396622772,0.3490280779003943,0.23848475250740891,0.36364548240323574
target::data/raw/target_domain/train_bearing_a_to_p/H.mat::w0001,target,data/raw/target_domain/train_bearing_a_to_p/H.mat,data/raw/target_domain/train_bearing_a_to_p/H.mat,data/raw/target_domain/train_bearing_a_to_p/H.mat,0.5,1.5,32000,UNKNOWN,unknown,,600.0,problem_approximate_not_used_for_mechanism_features,anonymous_single_channel,unknown,10.887049133497156,10.887049133497156,66.50139918500106,125.01650201249998,-0.2747569478477842,5.025664186756224,6.108303395121472,8.032841456615618,1.315069166837797,9.670636646152921,0.3874808587768368,1984.375,2641.411601299074,5523.4375,0.8272180537909007,0.01630206876893898,0.18051067542019325,0.48642689878890794,0.31448988540144646,8.245514819475888,9.024606533507551,83.0,222.37715527725922,0.655830440988247,0.04790957995781456,0.3481437681125541,0.25353842384714326,0.3492780021490784
target::data/raw/target_domain/train_bearing_a_to_p/H.mat::w0002,target,data/raw/target_domain/train_bearing_a_to_p/H.mat,data/raw/target_domain/train_bearing_a_to_p/H.mat,data/raw/target_domain/train_bearing_a_to_p/H.mat,1.0,2.0,32000,UNKNOWN,unknown,,600.0,problem_approximate_not_used_for_mechanism_features,anonymous_single_channel,unknown,10.812848234880256,10.812848234880256,67.39706328170644,125.9149361613281,-0.2885789531954621,4.926383221003029,6.23305366150333,8.177685313868206,1.311986990321386,9.835920144950052,0.38763711365980186,1984.375,2651.5538078189034,5515.625,0.8305686064416444,0.018151733970147035,0.17851828773792722,0.48336886078894825,0.31777838253538804,8.144282429928063,8.452157300102781,83.0,224.01294723997282,0.6183507674998191,0.03159785411194923,0.3445650671087221,0.27293923332327774,0.3470768467399324
target::data/raw/target_domain/train_bearing_a_to_p/H.mat::w0003,target,data/raw/target_domain/train_bearing_a_to_p/H.mat,data/raw/target_domain/train_bearing_a_to_p/H.mat,data/raw/target_domain/train_bearing_a_to_p/H.mat,1.5,2.5,32000,UNKNOWN,unknown,,600.0,problem_approximate_not_used_for_mechanism_features,anonymous_single_channel,unknown,10.781694161832176,10.781694161832176,69.90879730349705,129.2888654941406,-0.2612142049383551,4.943078676058171,6.484027116162483,8.499558104750124,1.3108455520740832,10.22533603769974,0.3875121097534298,1984.375,2645.819940187346,5523.4375,0.83227553647683,0.022015641998910217,0.175291190088698,0.48443314783551356,0.3161739713263388,8.068873758237526,7.919217944165101,83.0,232.093602526163,0.6525061763734392,0.0431012589908679,0.340259313502049,0.24106263702518907,0.3717235337816776
target::data/raw/target_domain/train_bearing_a_to_p/H.mat::w0004,target,data/raw/target_domain/train_bearing_a_to_p/H.mat,data/raw/target_domain/train_bearing_a_to_p/H.mat,data/raw/target_domain/train_bearing_a_to_p/H.mat,2.0,3.0,32000,UNKNOWN,unknown,,600.0,problem_approximate_not_used_for_mechanism_features,anonymous_single_channel,unknown,10.837705002414284,10.837705002414284,69.90319419862092,129.28886549414062,-0.24698899410668435,4.9080904211892715,6.449999717010414,8.462260314911312,1.3119784009591868,10.188069311681414,0.3843245101409419,1984.375,2636.4568289059043,5546.875,0.8330627279968992,0.020598970685304658,0.17708872933177291,0.4858563881029055,0.31437101363225556,8.113713005713599,7.850227179051683,83.0,217.10803288148463,0.6663239243716038,0.05236089292704706,0.3502711576281558,0.26258386955353974,0.32991839835006753
target::data/raw/target_domain/train_bearing_a_to_p/H.mat::w0005,target,data/raw/target_domain/train_bearing_a_to_p/H.mat,data/raw/target_domain/train_bearing_a_to_p/H.mat,data/raw/target_domain/train_bearing_a_to_p/H.mat,2.5,3.5,32000,UNKNOWN,unknown,,600.0,problem_approximate_not_used_for_mechanism_features,anonymous_single_channel,unknown,10.712809223009067,10.712809223009067,69.65068482845768,126.66043043554687,-0.2487270569785098,4.862072466635105,6.501626546177525,8.52470078898973,1.3111643261024928,10.253692178662616,0.3836369886558955,1984.375,2646.393929930443,5507.8125,0.8291852848999861,0.01773594328364813,0.1730172265384625,0.4929995621719354,0.3140115195784198,8.040800603094487,8.063725389099918,83.0,214.42836575302593,0.6604050116339459,0.0806763476766502,0.3504525528868431,0.23539075844130777,0.3312419207423342
target::data/raw/target_domain/train_bearing_a_to_p/H.mat::w0006,target,data/raw/target_domain/train_bearing_a_to_p/H.mat,data/raw/target_domain/train_bearing_a_to_p/H.mat,data/raw/target_domain/train_bearing_a_to_p/H.mat,3.0,4.0,32000,UNKNOWN,unknown,,600.0,problem_approximate_not_used_for_mechanism_features,anonymous_single_channel,unknown,10.784161163554518,10.784161163554518,69.55453046622036,123.66205190390625,-0.3019092232114004,4.932132540847945,6.449693157524025,8.449492933572339,1.310061227287165,10.147274346347704,0.3871683490109066,1984.375,2655.9499748823864,5523.4375,0.8327772549442688,0.01773284538873941,0.17391141958861894,0.4885193369092432,0.3170724402387809,8.11651217208709,8.368669501403339,83.0,228.46801954920772,0.6270742524627302,0.05362409565541925,0.3379563990507407,0.22972313781705495,0.37751737543112923
target::data/raw/target_domain/train_bearing_a_to_p/H.mat::w0007,target,data/raw/target_domain/train_bearing_a_to_p/H.mat,data/raw/target_domain/train_bearing_a_to_p/H.mat,data/raw/target_domain/train_bearing_a_to_p/H.mat,3.5,4.5,32000,UNKNOWN,unknown,,600.0,problem_approximate_not_used_for_mechanism_features,anonymous_single_channel,unknown,10.871668056335132,10.871668056335132,69.53666805254363,125.9860090453125,-0.3235656283319157,4.87265341544689,6.396136056786324,8.359287158919079,1.3069276645622752,10.024260047850104,0.3879808744023251,1984.375,2634.5726707637345,5500.0,0.8275702022181974,0.019072057105285922,0.17923011484182821,0.484090731120806,0.31492688612670544,8.143882525778118,8.352301163037335,83.0,225.36606076515102,0.6554733430506682,0.05919110828898022,0.3532147293669862,0.22483697216477272,0.36116234023306143
target::data/raw/target_domain/train_bearing_a_to_p/H.mat::w0008,target,data/raw/target_domain/train_bearing_a_to_p/H.mat,data/raw/target_domain/train_bearing_a_to_p/H.mat,data/raw/target_domain/train_bearing_a_to_p/H.mat,4.0,5.0,32000,UNKNOWN,unknown,,600.0,problem_approximate_not_used_for_mechanism_features,anonymous_single_channel,unknown,10.835286919222906,10.835286919222906,67.47169350889243,123.92293284492186,-0.2876540559154126,4.920586643233304,6.2270333967054,8.15187685877227,1.3091108300598668,9.781346077292413,0.3862620706897091,1984.375,2652.6098620392318,5476.5625,0.8320903277676017,0.019803000822435208,0.1768556571651375,0.4830653552173041,0.31802552213420726,8.126573130101296,8.590759380581861,83.0,224.17853913847702,0.6534110048197023,0.04411337989665333,0.3603812651830804,0.24099584994175535,0.3533796131677037
target::data/raw/target_domain/train_bearing_a_to_p/H.mat::w0009,target,data/raw/target_domain/train_bearing_a_to_p/H.mat,data/raw/target_domain/train_bearing_a_to_p/H.mat,data/raw/target_domain/train_bearing_a_to_p/H.mat,4.5,5.5,32000,UNKNOWN,unknown,,600.0,problem_approximate_not_used_for_mechanism_features,anonymous_single_channel,unknown,10.852969348919883,10.852969348919883,68.30187235822588,124.13376838242186,-0.27787999336443303,4.947799778926057,6.293381116479166,8.264352143624379,1.3131815777028788,9.934656605049714,0.3856995531110347,1984.375,2627.8385440987995,5468.75,0.8287233698475406,0.018958712381994078,0.18025509140545348,0.4868375027584449,0.311999434602354,8.177535119543583,8.512846674914798,83.0,226.85001738517093,0.6604153673010306,0.05676934592426545,0.3223324582516592,0.26903320187454666,0.3504124655708045
target::data/raw/target_domain/train_bearing_a_to_p/H.mat::w0010,target,data/raw/target_domain/train_bearing_a_to_p/H.mat,data/raw/target_domain/train_bearing_a_to_p/H.mat,data/raw/target_domain/train_bearing_a_to_p/H.mat,5.0,6.0,32000,UNKNOWN,unknown,,600.0,problem_approximate_not_used_for_mechanism_features,anonymous_single_channel,unknown,10.836358869444018,10.836358869444018,68.30071876466951,126.38973667031249,-0.23571585420446628,4.9123604883106005,6.302921450604147,8.278424750550892,1.3134266094584797,9.957231775773243,0.38744960780024373,1984.375,2645.1001251607286,5500.0,0.8267984990444136,0.01766648632864337,0.180645267045916,0.4825664946648796,0.31724349285302994,8.166864278689564,8.482723990537151,83.0,217.83409815733236,0.6406198947830142,0.06235820197557198,0.3453099254746729,0.25458400595323694,0.3361963643087066
target::data/raw/target_domain/train_bearing_a_to_p/H.mat::w0011,target,data/raw/target_domain/train_bearing_a_to_p/H.mat,data/raw/target_domain/train_bearing_a_to_p/H.mat,data/raw/target_domain/train_bearing_a_to_p/H.mat,5.5,6.5,32000,UNKNOWN,unknown,,600.0,problem_approximate_not_used_for_mechanism_features,anonymous_single_channel,unknown,10.8287967411117,10.8287967411117,68.13185796396492,126.34235474765623,-0.18097746825339267,4.860236524686357,6.291729320700511,8.258967881810419,1.312670564933031,9.934310794514463,0.3863870745960811,1984.375,2650.8439087153806,5523.4375,0.8323005542541405,0.017528373337272224,0.17881543384094334,0.4879530286936123,0.3132776617002538,8.163150627845047,8.746785495807558,83.0,226.01181413587844,0.6622851613342354,0.05146265149201211,0.34405940100619514,0.24323352381342395,0.3596986282695014
target::data/raw/target_domain/train_bearing_a_to_p/H.mat::w0012,target,data/raw/target_domain/train_bearing_a_to_p/H.mat,data/raw/target_domain/train_bearing_a_to_p/H.mat,data/raw/target_domain/train_bearing_a_to_p/H.mat,6.0,7.0,32000,UNKNOWN,unknown,,600.0,problem_approximate_not_used_for_mechanism_features,anonymous_single_channel,unknown,10.869345907928079,10.869345907928079,69.47490654725844,128.15814777773437,-0.23623217617638176,4.897265033224177,6.391820366723006,8.381766522568912,1.3113269838128057,10.068892694524488,0.386137066783337,1984.375,2625.159992085729,5515.625,0.8269264734330812,0.017160499221094905,0.17701888829199117,0.49970767349336026,0.3034147814194438,8.182197475758914,8.700915539810122,83.0,224.55556154783653,0.6528145358905587,0.04601210893966464,0.3436304737339083,0.2657365301038144,0.343212320278327
target::data/raw/target_domain/train_bearing_a_to_p/H.mat::w0013,target,data/raw/target_domain/train_bearing_a_to_p/H.mat,data/raw/target_domain/train_bearing_a_to_p/H.mat,data/raw/target_domain/train_bearing_a_to_p/H.mat,6.5,7.5,32000,UNKNOWN,unknown,,600.0,problem_approximate_not_used_for_mechanism_features,anonymous_single_channel,unknown,10.939649719151863,10.939649719151863,69.46941251767339,128.15814777773437,-0.2747208296046531,4.902568845609955,6.350241031579658,8.320887281375011,1.3103262128153241,9.9958685718287,0.38473077283665114,1984.375,2631.7952120340237,5484.375,0.8295307475680254,0.02023400786168273,0.178722343260103,0.4866169899171009,0.31157344883066135,8.228766000073398,8.846574379491637,83.0,228.7219611559583,0.6597255345771301,0.06532848192354528,0.31461029559144393,0.2613964789576041,0.35726136513551315
target::data/raw/target_domain/train_bearing_a_to_p/H.mat::w0014,target,data/raw/target_domain/train_bearing_a_to_p/H.mat,data/raw/target_domain/train_bearing_a_to_p/H.mat,data/raw/target_domain/train_bearing_a_to_p/H.mat,7.0,8.0,32000,UNKNOWN,unknown,,600.0,problem_approximate_not_used_for_mechanism_features,anonymous_single_channel,unknown,10.931250579078919,10.931250579078919,66.88945018220858,125.7097079519531,-0.2345218924909812,4.677886508221925,6.119103180218072,7.991223927506294,1.305946916100338,9.589902353542842,0.38357448670270944,1984.375,2639.6375248315053,5492.1875,0.8265973633720854,0.0203693011679176,0.17858923611160818,0.48426951291591414,0.3142820693606046,8.181626172306174,8.470098484210826,83.0,228.78298419319066,0.6566032198225894,0.055101324329493134,0.3222320117924617,0.24631607715128326,0.37330001556826
target::data/raw/target_domain/train_bearing_a_to_p/I.mat::w0000,target,data/raw/target_domain/train_bearing_a_to_p/I.mat,data/raw/target_domain/train_bearing_a_to_p/I.mat,data/raw/target_domain/train_bearing_a_to_p/I.mat,0.0,1.0,32000,UNKNOWN,unknown,,600.0,problem_approximate_not_used_for_mechanism_features,anonymous_single_channel,unknown,30.314781500208866,30.314781500208866,296.78039756547423,587.7763953140625,0.04955994905062278,21.447515595965925,9.78995667718798,16.093022061623163,1.6438297524974457,20.89777690127709,0.39873121035032344,2140.625,3450.8379717844095,5875.0,0.9431252431532781,0.009354804092194012,0.07926424144319391,0.39555654274479757,0.5132505729635317,31.620287805617515,29.02690067620411,10.0,149.3140912891766,0.7482235276139462,0.23621443050990956,0.380031816239974,0.23600666245129578,0.1449584206403544
target::data/raw/target_domain/train_bearing_a_to_p/I.mat::w0001,target,data/raw/target_domain/train_bearing_a_to_p/I.mat,data/raw/target_domain/train_bearing_a_to_p/I.mat,data/raw/target_domain/train_bearing_a_to_p/I.mat,0.5,1.5,32000,UNKNOWN,unknown,,600.0,problem_approximate_not_used_for_mechanism_features,anonymous_single_channel,unknown,29.904841172396065,29.904841172396065,296.7511372328028,587.7763953140625,-0.09900309472967292,23.026658430860007,9.923180515224129,16.454305088601178,1.6581684736417381,21.414338440798375,0.39588737148035874,2140.625,3519.428939356374,5875.0,0.9476503007902549,0.013838530160250967,0.07779860022299266,0.3713131005468145,0.5348257797018062,31.373306606954852,31.000536601300347,10.0,145.6929053458201,0.7223312981895619,0.2505755974151749,0.3797687367735779,0.22207744228039053,0.14653847532867467
target::data/raw/target_domain/train_bearing_a_to_p/I.mat::w0002,target,data/raw/target_domain/train_bearing_a_to_p/I.mat,data/raw/target_domain/train_bearing_a_to_p/I.mat,data/raw/target_domain/train_bearing_a_to_p/I.mat,1.0,2.0,32000,UNKNOWN,unknown,,600.0,problem_approximate_not_used_for_mechanism_features,anonymous_single_channel,unknown,29.333911841205925,29.333911841205925,299.8458626939829,597.7268794382812,-0.14792560107291328,22.336979775471427,10.221816453159626,16.724119616911047,1.6361201253756568,21.671392385619086,0.3974811712866027,2140.625,3539.1891804311217,5859.375,0.9525640505600703,0.018375947666114313,0.07988189814987033,0.3508718622290655,0.5486929972730513,30.436791675296078,32.00839259605979,10.0,142.47279682834363,0.7472353231180491,0.2501852465562003,0.3925449544792148,0.22078030442380533,0.13461167196122306
target::data/raw/target_domain/train_bearing_a_to_p/I.mat::w0003,target,data/raw/target_domain/train_bearing_a_to_p/I.mat,data/raw/target_domain/train_bearing_a_to_p/I.mat,data/raw/target_domain/train_bearing_a_to_p/I.mat,1.5,2.5,32000,UNKNOWN,unknown,,600.0,problem_approximate_not_used_for_mechanism_features,anonymous_single_channel,unknown,29.097631374546054,29.097631374546054,299.7790982716575,597.8479977257812,0.044022779162072576,21.52147342444314,10.302525810877073,16.79577693116794,1.630258175469449,21.77677924305434,0.3969811556611144,2140.625,3509.6047633207086,5867.1875,0.9491549422559826,0.01394253534703447,0.07896880524990756,0.367886271695399,0.5370633853812978,30.080876731385217,30.1545885913632,10.0,142.72516720520315,0.7530385421191941,0.2565382985366906,0.3856645377997157,0.21677737058743313,0.13955286087503735
target::data/raw/target_domain/train_bearing_a_to_p/I.mat::w0004,target,data/raw/target_domain/train_bearing_a_to_p/I.mat,data/raw/target_domain/train_bearing_a_to_p/I.mat,data/raw/target_domain/train_bearing_a_to_p/I.mat,2.0,3.0,32000,UNKNOWN,unknown,,600.0,problem_approximate_not_used_for_mechanism_features,anonymous_single_channel,unknown,28.955321191385345,28.955321191385345,299.702481315366,597.7697754984374,0.1320810083206082,21.097087090709476,10.350514827116537,16.792402537217296,1.6223736517166818,21.723202095319547,0.3964811400356261,2140.625,3515.7657802751146,5828.125,0.9470076765577472,0.011584876929873566,0.07706567744641354,0.36656501750190645,0.5427622510569595,29.769530002897323,28.076204852446942,10.0,134.13448763871406,0.7239632880071124,0.26063589439463886,0.41747225137108973,0.19915513620937766,0.12081625286619721
target::data/raw/target_domain/train_bearing_a_to_p/I.mat::w0005,target,data/raw/target_domain/train_bearing_a_to_p/I.mat,data/raw/target_domain/train_bearing_a_to_p/I.mat,data/raw/target_domain/train_bearing_a_to_p/I.mat,2.5,3.5,32000,UNKNOWN,unknown,,600.0,problem_approximate_not_used_for_mechanism_features,anonymous_single_channel,unknown,29.389147129084822,29.389147129084822,299.69773477967163,590.7226256941406,0.09451181161722617,21.077048708373454,10.197564885544674,16.612381847607438,1.6290538019675047,21.47944391416336,0.39723116347385856,2140.625,3517.475080856873,5828.125,0.9473382343961432,0.009850512116318013,0.07483380623108873,0.37008805385334664,0.5431716886192648,30.358563328360255,28.051804582481594,10.0,147.94956983788083,0.7362543619651132,0.2450671247949083,0.3830734818858734,0.22036105535536737,0.14992765547282874
target::data/raw/target_domain/train_bearing_a_to_p/I.mat::w0006,target,data/raw/target_domain/train_bearing_a_to_p/I.mat,data/raw/target_domain/train_bearing_a_to_p/I.mat,data/raw/target_domain/train_bearing_a_to_p/I.mat,3.0,4.0,32000,UNKNOWN,unknown,,600.0,problem_approximate_not_used_for_mechanism_features,anonymous_single_channel,unknown,29.11830286542957,29.11830286542957,296.316981290957,587.6969114378905,-0.011471465044488658,21.421706913241515,10.17631359424956,16.533531371425937,1.6247073381040609,21.31794952980341,0.39591862245695175,2062.5,3505.998548955933,5835.9375,0.9478455607409345,0.011439671524995459,0.0697765594286021,0.37941603353121,0.5375164655347775,30.02231399628728,29.15533104830193,10.0,141.45959083174085,0.7277683833269027,0.2576796036544779,0.39065194902833716,0.21852397105522886,0.13136250205844474
target::data/raw/target_domain/train_bearing_a_to_p/I.mat::w0007,target,data/raw/target_domain/train_bearing_a_to_p/I.mat,data/raw/target_domain/train_bearing_a_to_p/I.mat,data/raw/target_domain/train_bearing_a_to_p/I.mat,3.5,4.5,32000,UNKNOWN,unknown,,600.0,problem_approximate_not_used_for_mechanism_features,anonymous_single_channel,unknown,29.47241067050553,29.47241067050553,296.3368907999413,590.8651920117188,-0.04876198335268558,20.974722586149976,10.05472182485873,16.26112820369554,1.617262862856324,20.940222939563416,0.4002937591799744,1812.5,3527.0259502850436,5843.75,0.9484631685602632,0.011782016136423776,0.07472563435644851,0.367926083149725,0.5432955806650265,30.264831787355323,28.636790094126177,10.0,138.14288660440047,0.7200160252607627,0.27122757577676854,0.3945350177710896,0.2094729595308299,0.12355156917518244
target::data/raw/target_domain/train_bearing_a_to_p/I.mat::w0008,target,data/raw/target_domain/train_bearing_a_to_p/I.mat,data/raw/target_domain/train_bearing_a_to_p/I.mat,data/raw/target_domain/train_bearing_a_to_p/I.mat,4.0,5.0,32000,UNKNOWN,unknown,,600.0,problem_approximate_not_used_for_mechanism_features,anonymous_single_channel,unknown,30.316907872592928,30.316907872592928,298.85893638763844,591.1360259601563,-0.01169283051409079,21.45800814944533,9.857830410792086,16.185063986694814,1.6418484912233131,20.961136157996297,0.39926247695240474,2140.625,3601.69609976522,5851.5625,0.9536952035448969,0.014290162001641543,0.07316068163270016,0.3343684895691006,0.5756336177757791,31.57775687826675,30.318118813849328,10.0,143.06489964541913,0.7393428147757845,0.2554414378784719,0.38489812518129946,0.22593189005456216,0.13230279273195952
target::data/raw/target_domain/train_bearing_a_to_p/I.mat::w0009,target,data/raw/target_domain/train_bearing_a_to_p/I.mat,data/raw/target_domain/train_bearing_a_to_p/I.mat,data/raw/target_domain/train_bearing_a_to_p/I.mat,4.5,5.5,32000,UNKNOWN,unknown,,600.0,problem_approximate_not_used_for_mechanism_features,anonymous_single_channel,unknown,29.791662876418094,29.791662876418094,298.8576612274772,591.1360259601563,0.01104086044240996,21.592754453239177,10.031587107681428,16.44251553045821,1.639074191746511,21.319663100906027,0.39557486171442857,1812.5,3474.614008426804,5835.9375,0.9530375853295949,0.013650558175615711,0.07328880605105079,0.37584419390373347,0.5346219985771008,31.01311982935581,31.016551754629454,10.0,145.9316964324131,0.7461764502799071,0.24452012402046186,0.3814606468375307,0.23256822571368946,0.14086782406959739
target::data/raw/target_domain/train_bearing_a_to_p/I.mat::w0010,target,data/raw/target_domain/train_bearing_a_to_p/I.mat,data/raw/target_domain/train_bearing_a_to_p/I.mat,data/raw/target_domain/train_bearing_a_to_p/I.mat,5.0,6.0,32000,UNKNOWN,unknown,,600.0,problem_approximate_not_used_for_mechanism_features,anonymous_single_channel,unknown,29.07587748231441,29.07587748231441,286.0893057455767,570.9710927402343,-0.06333657182821373,20.85076113725665,9.839404018660574,15.997834399154268,1.6258946546776198,20.668212193001647,0.39769992812275384,2140.625,3470.081807025577,5859.375,0.9444504805577101,0.010021882667225207,0.0739027630772511,0.39382397282302845,0.5201346672349272,30.0959983616839,29.32819786074474,10.0,138.67796050318125,0.7368431405485389,0.25154084179606995,0.39174091404374595,0.23467037208060842,0.12110358780271895
target::data/raw/target_domain/train_bearing_a_to_p/I.mat::w0011,target,data/raw/target_domain/train_bearing_a_to_p/I.mat,data/raw/target_domain/train_bearing_a_to_p/I.mat,data/raw/target_domain/train_bearing_a_to_p/I.mat,5.5,6.5,32000,UNKNOWN,unknown,,600.0,problem_approximate_not_used_for_mechanism_features,anonymous_single_channel,unknown,29.400080279637514,29.400080279637514,298.6411830864229,596.3090665218749,0.07804594205670567,22.091715822223588,10.157835633301028,16.597955754775466,1.634005151684169,21.40734340489866,0.3974499203100097,2140.625,3483.764942317144,5867.1875,0.9483840320842712,0.0156803857764969,0.081941613259328,0.3647717949851095,0.5352672681910833,30.52353170314373,30.49179110496639,10.0,148.4424420592629,0.7574442263265563,0.22478882650130377,0.3784897343454251,0.2591777660507289,0.1323165154053542
target::data/raw/target_domain/train_bearing_a_to_p/I.mat::w0012,target,data/raw/target_domain/train_bearing_a_to_p/I.mat,data/raw/target_domain/train_bearing_a_to_p/I.mat,data/raw/target_domain/train_bearing_a_to_p/I.mat,6.0,7.0,32000,UNKNOWN,unknown,,600.0,problem_approximate_not_used_for_mechanism_features,anonymous_single_channel,unknown,29.973859262842666,29.973859262842666,298.56847366935506,596.3090665218749,0.1316020559344548,21.595740726700008,9.960962018643622,16.222707157453904,1.6286285528536126,20.944416855619473,0.39598112441013783,2062.5,3487.4125490537476,5882.8125,0.944819346357828,0.01488239826721415,0.06970672150268024,0.3802304607896526,0.5332184387106624,30.97785491335257,29.189045950499544,10.0,148.45098407733138,0.7508933243848984,0.22844148589804564,0.39771381328741123,0.22143530418209711,0.15011422055018436
target::data/raw/target_domain/train_bearing_a_to_p/I.mat::w0013,target,data/raw/target_domain/train_bearing_a_to_p/I.mat,data/raw/target_domain/train_bearing_a_to_p/I.mat,data/raw/target_domain/train_bearing_a_to_p/I.mat,6.5,7.5,32000,UNKNOWN,unknown,,600.0,problem_approximate_not_used_for_mechanism_features,anonymous_single_channel,unknown,30.215487471415926,30.215487471415926,293.0750652454405,585.3845895023437,-0.052010845587938594,19.37141465080972,9.699498163737454,15.728384926775254,1.6215668750345125,20.356908638731838,0.3986374574205444,2062.5,3545.781790099771,5875.0,0.9460093670428626,0.010701560525162966,0.06670609986490349,0.37103366343723987,0.5495150541099875,31.093238650087557,25.47770093624085,10.0,144.91623240810824,0.7431270836222469,0.22302989808969573,0.4264319532973283,0.21002502479654375,0.13815401062301677
target::data/raw/target_domain/train_bearing_a_to_p/I.mat::w0014,target,data/raw/target_domain/train_bearing_a_to_p/I.mat,data/raw/target_domain/train_bearing_a_to_p/I.mat,data/raw/target_domain/train_bearing_a_to_p/I.mat,7.0,8.0,32000,UNKNOWN,unknown,,600.0,problem_approximate_not_used_for_mechanism_features,anonymous_single_channel,unknown,30.18756645864505,30.18756645864505,295.4912478878675,581.3387620769531,-0.1576779613173628,19.52017169533343,9.788508401055148,15.91058203091521,1.6254347832198426,20.623941514195927,0.399637488671521,2140.625,3546.3457230094805,5843.75,0.9520555572001472,0.012799405667979047,0.07515831299593194,0.35427675696562155,0.5555926306356866,31.11907047292896,25.099836189089164,10.0,130.7603964301665,0.7126864706368179,0.2821916025399013,0.4091831125979987,0.19450924507692152,0.11291443553294536
target::data/raw/target_domain/train_bearing_a_to_p/J.mat::w0000,target,data/raw/target_domain/train_bearing_a_to_p/J.mat,data/raw/target_domain/train_bearing_a_to_p/J.mat,data/raw/target_domain/train_bearing_a_to_p/J.mat,0.0,1.0,32000,UNKNOWN,unknown,,600.0,problem_approximate_not_used_for_mechanism_features,anonymous_single_channel,unknown,31.321055427590974,31.321055427590974,432.4254899046977,828.8620662164062,0.25686879028207943,36.00710724325739,13.806223449410226,27.46374294031009,1.9892292081859946,38.680700225438166,0.40932529141535673,2148.4375,3165.08966514462,5726.5625,0.9447783109203419,0.014165701114011978,0.10416218895102576,0.4453067160758765,0.4343191016903277,36.70369547705161,35.134047643847154,10.0,152.39540923522918,0.7301278503663715,0.21831711706323859,0.3906425630786356,0.23218639065068775,0.15684687474340467
target::data/raw/target_domain/train_bearing_a_to_p/J.mat::w0001,target,data/raw/target_domain/train_bearing_a_to_p/J.mat,data/raw/target_domain/train_bearing_a_to_p/J.mat,data/raw/target_domain/train_bearing_a_to_p/J.mat,0.5,1.5,32000,UNKNOWN,unknown,,600.0,problem_approximate_not_used_for_mechanism_features,anonymous_single_channel,unknown,30.539180569072126,30.539180569072126,396.4315423286508,757.3006437691406,0.16454038703263352,32.76825011508798,12.981079876455984,25.442866943071273,1.9599961779155692,35.63580771937031,0.4119191224725773,2476.5625,3226.3093995333884,5710.9375,0.9409335002436974,0.015259618583814956,0.09607360047380681,0.43398051599681686,0.45286670816059044,35.54834710912571,32.073435470799296,10.0,152.5389973354428,0.7071058315431991,0.22627727373022186,0.3884104029057191,0.22327769970970388,0.1610209596649783
target::data/raw/target_domain/train_bearing_a_to_p/J.mat::w0002,target,data/raw/target_domain/train_bearing_a_to_p/J.mat,data/raw/target_domain/train_bearing_a_to_p/J.mat,data/raw/target_domain/train_bearing_a_to_p/J.mat,1.0,2.0,32000,UNKNOWN,unknown,,600.0,problem_approximate_not_used_for_mechanism_features,anonymous_single_channel,unknown,29.769046112293914,29.769046112293914,404.82356030562335,772.5827156578125,0.23113828661287847,37.251200173904074,13.598808600670184,26.843770590917796,1.9739795874172363,37.44133883388467,0.40604393887308976,2062.5,3199.91639335705,5710.9375,0.9346363490824443,0.01205176672839685,0.09450054058694521,0.45275609628223273,0.4385549155867589,34.77831110087909,35.599681198325115,10.0,153.5411476545374,0.7268434050311248,0.21355166347747348,0.40017206076023903,0.2225133366285034,0.16211273155072958
target::data/raw/target_domain/train_bearing_a_to_p/J.mat::w0003,target,data/raw/target_domain/train_bearing_a_to_p/J.mat,data/raw/target_domain/train_bearing_a_to_p/J.mat,data/raw/target_domain/train_bearing_a_to_p/J.mat,1.5,2.5,32000,UNKNOWN,unknown,,600.0,problem_approximate_not_used_for_mechanism_features,anonymous_single_channel,unknown,29.960033040557615,29.960033040557615,419.53763754528677,826.1252695417968,0.20957775503805542,40.90285115422204,14.003243486992643,27.68490206746311,1.9770349700180667,38.51526004042585,0.40495015469233414,2148.4375,3100.3513652386696,5664.0625,0.9314387175257318,0.01306017642526319,0.09523823446597107,0.48406614464288544,0.4054661678452903,35.038432666314655,39.15061923963764,10.0,149.05329776536252,0.7416745456422283,0.2285647073004493,0.390948232625648,0.22915313792024006,0.14980739402054133
target::data/raw/target_domain/train_bearing_a_to_p/J.mat::w0004,target,data/raw/target_domain/train_bearing_a_to_p/J.mat,data/raw/target_domain/train_bearing_a_to_p/J.mat,data/raw/target_domain/train_bearing_a_to_p/J.mat,2.0,3.0,32000,UNKNOWN,unknown,,600.0,problem_approximate_not_used_for_mechanism_features,anonymous_single_channel,unknown,30.440109115833902,30.440109115833902,419.5136295382504,826.1252695417968,0.24033995279815468,39.144277436088544,13.78160728471305,27.13444000498245,1.968887913028827,37.84208829118558,0.40901278164942656,2476.5625,3128.9564848864343,5671.875,0.931104402861498,0.010877879964834984,0.08983967157693207,0.4844957041381213,0.4128344558870196,35.53097580094639,38.19385138448525,10.0,156.7644130793607,0.7522192533381992,0.21689842317582778,0.3807294539902523,0.23435040200544988,0.16554264469237118
target::data/raw/target_domain/train_bearing_a_to_p/J.mat::w0005,target,data/raw/target_domain/train_bearing_a_to_p/J.mat,data/raw/target_domain/train_bearing_a_to_p/J.mat,data/raw/target_domain/train_bearing_a_to_p/J.mat,2.5,3.5,32000,UNKNOWN,unknown,,600.0,problem_approximate_not_used_for_mechanism_features,anonymous_single_channel,unknown,30.71787086744826,30.71787086744826,407.0965922296431,777.1639027359374,0.182478059598985,37.10671793808538,13.252760713341962,26.23115952243171,1.9792977546197708,36.77823388716358,0.4086690209069033,2476.5625,3181.3268440420543,5710.9375,0.9345566113884465,0.010575919310719765,0.09609516272753074,0.455710466687632,0.43533825252833647,35.9479397318997,37.78584630000029,10.0,152.7496922368725,0.7380209771017424,0.21625068295270178,0.3890400801639316,0.23737788852811798,0.15518369534109624
target::data/raw/target_domain/train_bearing_a_to_p/J.mat::w0006,target,data/raw/target_domain/train_bearing_a_to_p/J.mat,data/raw/target_domain/train_bearing_a_to_p/J.mat,data/raw/target_domain/train_bearing_a_to_p/J.mat,3.0,4.0,32000,UNKNOWN,unknown,,600.0,problem_approximate_not_used_for_mechanism_features,anonymous_single_channel,unknown,30.36722255828639,30.36722255828639,407.1144270053881,791.5916981847656,0.18067872701984428,37.466338949888346,13.4063767677128,26.7112232692181,1.9924267184215723,37.49753905494939,0.4086377699303103,2476.5625,3130.2297177823507,5710.9375,0.9298989988735124,0.010417152209054929,0.09685378169603032,0.4759079265366525,0.41470644141474794,35.65546469652708,38.55977060914201,10.0,153.06214210916602,0.726563636340019,0.2270043505519463,0.3860491033682461,0.22274328466199791,0.16309540453230387
target::data/raw/target_domain/train_bearing_a_to_p/J.mat::w0007,target,data/raw/target_domain/train_bearing_a_to_p/J.mat,data/raw/target_domain/train_bearing_a_to_p/J.mat,data/raw/target_domain/train_bearing_a_to_p/J.mat,3.5,4.5,32000,UNKNOWN,unknown,,600.0,problem_approximate_not_used_for_mechanism_features,anonymous_single_channel,unknown,28.834723271271503,28.834723271271503,409.97247522513635,794.4398003226562,0.24525312435423216,38.310162973654215,14.218013170030465,27.756661190600717,1.9522179968933226,38.48539197160991,0.40654395449857805,2140.625,3232.22182132102,5703.125,0.9330145833659256,0.008487098937153218,0.08275554402223848,0.4607509980841597,0.446249843666063,33.51351740340681,39.78956517081141,10.0,149.9167005738125,0.7266274461478456,0.2233251130534152,0.3938410237215848,0.23077101519745322,0.15068255802234845
target::data/raw/target_domain/train_bearing_a_to_p/J.mat::w0008,target,data/raw/target_domain/train_bearing_a_to_p/J.mat,data/raw/target_domain/train_bearing_a_to_p/J.mat,data/raw/target_domain/train_bearing_a_to_p/J.mat,4.0,5.0,32000,UNKNOWN,unknown,,600.0,problem_approximate_not_used_for_mechanism_features,anonymous_single_channel,unknown,29.17754878563022,29.17754878563022,409.9467065493413,776.951385,0.23104689941934317,35.181989056338075,14.0500735535133,27.13161183557047,1.9310654661153093,37.552176358663026,0.4071064720772524,2140.625,3195.495432044779,5710.9375,0.936988827693973,0.0102230570196617,0.0896719453152998,0.46161069910511504,0.43676013839551214,33.708065015592815,35.77660106360678,10.0,148.62553040262648,0.7159257943551813,0.23345739555608944,0.3980157540327889,0.21760771427573525,0.14971606706587326
target::data/raw/target_domain/train_bearing_a_to_p/J.mat::w0009,target,data/raw/target_domain/train_bearing_a_to_p/J.mat,data/raw/target_domain/train_bearing_a_to_p/J.mat,data/raw/target_domain/train_bearing_a_to_p/J.mat,4.5,5.5,32000,UNKNOWN,unknown,,600.0,problem_approximate_not_used_for_mechanism_features,anonymous_single_channel,unknown,30.24893723163897,30.24893723163897,367.40073784548593,732.3592482691406,0.21196667079777068,34.18090268834456,12.145905657180903,23.765891562044327,1.9566998322593316,33.24766098627089,0.41038782461951934,2148.4375,3119.6679144325776,5687.5,0.9400836117466744,0.014524668886630895,0.09945650103564053,0.4647491059938514,0.4187485440891467,35.162591904064605,32.21133311843007,109.0,150.98034073015765,0.7181073684373079,0.221414718954012,0.39688974955176193,0.23300188325986249,0.1471952983620744
target::data/raw/target_domain/train_bearing_a_to_p/J.mat::w0010,target,data/raw/target_domain/train_bearing_a_to_p/J.mat,data/raw/target_domain/train_bearing_a_to_p/J.mat,data/raw/target_domain/train_bearing_a_to_p/J.mat,5.0,6.0,32000,UNKNOWN,unknown,,600.0,problem_approximate_not_used_for_mechanism_features,anonymous_single_channel,unknown,30.58634077138199,30.58634077138199,369.1933758938349,734.1620042613281,0.15792087743562494,34.924427243349356,12.07053104695863,23.85630034236892,1.9764085150486512,33.484184812645324,0.4085440170005313,2148.4375,3141.230586970877,5703.125,0.9391018331776437,0.01368992494427573,0.09869466313078137,0.4579692708092292,0.427368015545567,35.737873357278865,33.644919210753756,10.0,153.25721214731695,0.7393975031716572,0.22820515363981866,0.38114376498494745,0.22940529017367461,0.16019435254140546
target::data/raw/target_domain/train_bearing_a_to_p/J.mat::w0011,target,data/raw/target_domain/train_bearing_a_to_p/J.mat,data/raw/target_domain/train_bearing_a_to_p/J.mat,data/raw/target_domain/train_bearing_a_to_p/J.mat,5.5,6.5,32000,UNKNOWN,unknown,,600.0,problem_approximate_not_used_for_mechanism_features,anonymous_single_channel,unknown,29.62941545862926,29.62941545862926,389.38420895612455,758.5606103988282,0.18097680193941906,36.503733358254244,13.1418120448511,25.908865445207656,1.971483487724796,36.15928691831427,0.406325197662427,2054.6875,3170.5418901236453,5718.75,0.9365593169440126,0.010025020874158647,0.09860441763461818,0.460278400259055,0.42880712964025425,34.605346962400546,36.77042252687339,10.0,154.7926859041193,0.7374078156291319,0.21473240066632276,0.3915335933609507,0.23186475485691163,0.15971127488558387
target::data/raw/target_domain/train_bearing_a_to_p/J.mat::w0012,target,data/raw/target_domain/train_bearing_a_to_p/J.mat,data/raw/target_domain/train_bearing_a_to_p/J.mat,data/raw/target_domain/train_bearing_a_to_p/J.mat,6.0,7.0,32000,UNKNOWN,unknown,,600.0,problem_approximate_not_used_for_mechanism_features,anonymous_single_channel,unknown,28.906304018066805,28.906304018066805,408.28591857588873,777.0810544628906,0.45528281272949084,41.53795741158734,14.124459436968863,27.841103722483584,1.971127025903186,38.60525121480069,0.4057001781305666,2054.6875,3144.8751130701357,5710.9375,0.9378640012105489,0.012516431693588207,0.09237379556226104,0.4763665733070982,0.4161986494351293,33.75319214098354,41.621375685628635,10.0,154.11971234257865,0.7477797041238977,0.2166670090118635,0.38544934949587095,0.23912801347581178,0.15738035656613736
target::data/raw/target_domain/train_bearing_a_to_p/J.mat::w0013,target,data/raw/target_domain/train_bearing_a_to_p/J.mat,data/raw/target_domain/train_bearing_a_to_p/J.mat,data/raw/target_domain/train_bearing_a_to_p/J.mat,6.5,7.5,32000,UNKNOWN,unknown,,600.0,problem_approximate_not_used_for_mechanism_features,anonymous_single_channel,unknown,30.045063371188554,30.045063371188554,408.28527415144,802.4371118777344,0.45749400509744065,40.29197836948734,13.589096787958448,26.834619233328787,1.9747169110684788,37.28797188965324,0.4060751898496828,2054.6875,3118.693209341372,5703.125,0.9344300047036522,0.013847723801198242,0.09970709555732005,0.4695447119803141,0.4144684488875099,35.095615417127206,39.13317543614597,10.0,149.29470832669153,0.7272140092919415,0.21654371669978234,0.4063536833555808,0.23269634586687657,0.14279676208607112
target::data/raw/target_domain/train_bearing_a_to_p/J.mat::w0014,target,data/raw/target_domain/train_bearing_a_to_p/J.mat,data/raw/target_domain/train_bearing_a_to_p/J.mat,data/raw/target_domain/train_bearing_a_to_p/J.mat,7.0,8.0,32000,UNKNOWN,unknown,,600.0,problem_approximate_not_used_for_mechanism_features,anonymous_single_channel,unknown,30.12992150977482,30.12992150977482,394.1152984508296,772.3715997539061,0.34026728855507893,35.356569962786104,13.080528547774566,25.538317839841376,1.952391888948971,35.592391296170966,0.4092627894621707,2054.6875,3218.790627757799,5734.375,0.9386587270803208,0.011152750847664643,0.09489752997864064,0.44144765462116237,0.4506061390320083,35.009262403304504,34.25621341972257,10.0,157.12646674614396,0.7263855225067508,0.21304313611693182,0.3839212982526009,0.23460615930086512,0.1665596918956245
target::data/raw/target_domain/train_bearing_a_to_p/K.mat::w0000,target,data/raw/target_domain/train_bearing_a_to_p/K.mat,data/raw/target_domain/train_bearing_a_to_p/K.mat,data/raw/target_domain/train_bearing_a_to_p/K.mat,0.0,1.0,32000,UNKNOWN,unknown,,600.0,problem_approximate_not_used_for_mechanism_features,anonymous_single_channel,unknown,10.390740559159019,10.390740559159019,54.73479999852268,105.77243225390625,-0.05077447520810013,3.522271865219626,5.26765149094892,6.738538936971663,1.279230212657278,8.036690486116568,0.3419481858808088,1984.375,2381.2550103153308,5367.1875,0.7822603043131748,0.03289699506633759,0.25127985630247235,0.4561093337226333,0.256665990673913,7.314223355732282,4.875850051353161,83.0,196.63478415519245,0.6717010695295009,0.09879433187884211,0.39946596959216585,0.20293732715478263,0.2936947410774894
target::data/raw/target_domain/train_bearing_a_to_p/K.mat::w0001,target,data/raw/target_domain/train_bearing_a_to_p/K.mat,data/raw/target_domain/train_bearing_a_to_p/K.mat,data/raw/target_domain/train_bearing_a_to_p/K.mat,0.5,1.5,32000,UNKNOWN,unknown,,600.0,problem_approximate_not_used_for_mechanism_features,anonymous_single_channel,unknown,10.344706224958436,10.344706224958436,58.21129048508604,110.55758589257812,-0.040134790604481774,3.5649040564260996,5.627157429046691,7.193783504348645,1.2784045221863758,8.57059423997338,0.34410450326572706,1984.375,2363.1018296109396,5375.0,0.7844097162755895,0.03387855737091336,0.25154451698888325,0.4592618859935404,0.2523106533966989,7.2852150803937965,4.972309522611969,83.0,209.96193578089554,0.6426594260571482,0.065560141755224,0.413277675528003,0.19572391070386527,0.32310180609216416
target::data/raw/target_domain/train_bearing_a_to_p/K.mat::w0002,target,data/raw/target_domain/train_bearing_a_to_p/K.mat,data/raw/target_domain/train_bearing_a_to_p/K.mat,data/raw/target_domain/train_bearing_a_to_p/K.mat,1.0,2.0,32000,UNKNOWN,unknown,,600.0,problem_approximate_not_used_for_mechanism_features,anonymous_single_channel,unknown,10.237221937762651,10.237221937762651,58.227102123263855,114.4567816875,0.0009913612255074882,3.574275977229944,5.68778350975008,7.25644816835852,1.275795422930339,8.624575672467381,0.34288571517859934,1984.375,2345.0505002910586,5390.625,0.7866808292766462,0.03607599609584885,0.25682547522406807,0.4551866019377075,0.24855363089303753,7.200552055104772,5.025536207650356,83.0,209.99046200751096,0.6651361517616753,0.07391197622471528,0.3963911541139684,0.20819662211573456,0.31853937709653557
target::data/raw/target_domain/train_bearing_a_to_p/K.mat::w0003,target,data/raw/target_domain/train_bearing_a_to_p/K.mat,data/raw/target_domain/train_bearing_a_to_p/K.mat,data/raw/target_domain/train_bearing_a_to_p/K.mat,1.5,2.5,32000,UNKNOWN,unknown,,600.0,problem_approximate_not_used_for_mechanism_features,anonymous_single_channel,unknown,10.276991644537008,10.276991644537008,56.220027015146044,107.6399528859375,-0.025993006230140153,3.518252484820248,5.470475111753714,6.966008396518155,1.27338270519694,8.26735162252024,0.3392918528704022,1984.375,2346.372267411437,5390.625,0.7767931338763465,0.033965686966065486,0.261086390580834,0.4572911102661336,0.24438066045752996,7.211667138990569,4.920181494449943,83.0,210.90974613976806,0.6827068273369569,0.08264762945093751,0.3966480097445466,0.19789321476414806,0.3201778967642061
target::data/raw/target_domain/train_bearing_a_to_p/K.mat::w0004,target,data/raw/target_domain/train_bearing_a_to_p/K.mat,data/raw/target_domain/train_bearing_a_to_p/K.mat,data/raw/target_domain/train_bearing_a_to_p/K.mat,2.0,3.0,32000,UNKNOWN,unknown,,600.0,problem_approximate_not_used_for_mechanism_features,anonymous_single_channel,unknown,10.316034921721354,10.316034921721354,55.01233242682274,104.85226970859375,-0.058118734687658595,3.5617722750305445,5.3327012601502455,6.808018410710945,1.2766547531144605,8.098489263367338,0.34016688021500674,1984.375,2348.9685544816666,5398.4375,0.7858786087550764,0.03247901332210426,0.2516401629311316,0.4696305306435384,0.24339292563580645,7.264022837941097,4.900077437532582,83.0,208.94066496574354,0.6775559210177601,0.07757031421577545,0.39333234911861686,0.19559784251865506,0.33035653975106416
target::data/raw/target_domain/train_bearing_a_to_p/K.mat::w0005,target,data/raw/target_domain/train_bearing_a_to_p/K.mat,data/raw/target_domain/train_bearing_a_to_p/K.mat,data/raw/target_domain/train_bearing_a_to_p/K.mat,2.5,3.5,32000,UNKNOWN,unknown,,600.0,problem_approximate_not_used_for_mechanism_features,anonymous_single_channel,unknown,10.321886654793868,10.321886654793868,53.97773188409439,103.8976220953125,-0.028018580229168016,3.4909003725954224,5.22944435347194,6.673435253172273,1.2761270227000294,7.945857465441319,0.3386980843151349,1984.375,2344.758208530235,5390.625,0.7863190737534637,0.03558318283604031,0.24780044085082195,0.46815929937705547,0.24557506743062726,7.231457382983619,4.705124830501831,83.0,208.94645383174372,0.6813217932841077,0.10682468188047392,0.3482088759706694,0.21186034642072227,0.3319270390457414
target::data/raw/target_domain/train_bearing_a_to_p/K.mat::w0006,target,data/raw/target_domain/train_bearing_a_to_p/K.mat,data/raw/target_domain/train_bearing_a_to_p/K.mat,data/raw/target_domain/train_bearing_a_to_p/K.mat,3.0,4.0,32000,UNKNOWN,unknown,,600.0,problem_approximate_not_used_for_mechanism_features,anonymous_single_channel,unknown,10.371633246628493,10.371633246628493,59.75299349920611,112.98135347460936,-0.01756437476920639,3.4437174919745797,5.76119421872387,7.339949941719231,1.2740327201370336,8.735441436969213,0.3347292102878215,1984.375,2332.0048227718644,5351.5625,0.7872051374170411,0.03523885948315825,0.2485118022732564,0.4738382819725079,0.23942410135193296,7.240650166322103,4.670056084060542,83.0,207.83767797240526,0.6656929243478774,0.07950405180604526,0.3938829344079735,0.19334393317875714,0.3305446974081253
target::data/raw/target_domain/train_bearing_a_to_p/K.mat::w0007,target,data/raw/target_domain/train_bearing_a_to_p/K.mat,data/raw/target_domain/train_bearing_a_to_p/K.mat,data/raw/target_domain/train_bearing_a_to_p/K.mat,3.5,4.5,32000,UNKNOWN,unknown,,600.0,problem_approximate_not_used_for_mechanism_features,anonymous_single_channel,unknown,10.26949639189268,10.26949639189268,59.75882169954233,116.27061215273437,-0.015303312975667992,3.496153810244871,5.819060586721029,7.418846002127945,1.2749215945709294,8.831250916322691,0.33413544173255416,1984.375,2347.9879025107,5367.1875,0.7909600109048908,0.03479825440533462,0.2521027927230292,0.46644731274214113,0.24373524475061253,7.188925821609011,4.830715498943944,83.0,207.12921163441814,0.6964371185170093,0.10641626833406972,0.37260413884956683,0.19402240903327045,0.32350917616344066
target::data/raw/target_domain/train_bearing_a_to_p/K.mat::w0008,target,data/raw/target_domain/train_bearing_a_to_p/K.mat,data/raw/target_domain/train_bearing_a_to_p/K.mat,data/raw/target_domain/train_bearing_a_to_p/K.mat,4.0,5.0,32000,UNKNOWN,unknown,,600.0,problem_approximate_not_used_for_mechanism_features,anonymous_single_channel,unknown,10.225062815353095,10.225062815353095,57.91949601573439,114.43673548945313,-0.01304030723483932,3.521486745419093,5.664463589285894,7.218197411172887,1.2742949614549755,8.585000620945001,0.3402606331447858,1984.375,2328.9442442538734,5375.0,0.7927123833331269,0.034612642132504305,0.2629452513957529,0.4577283300229136,0.2418415421686604,7.159644029242667,5.1020200830815625,83.0,216.14427390143965,0.6947164400219554,0.09127976571767245,0.34473068924704264,0.2214278607526028,0.3398258653237812
target::data/raw/target_domain/train_bearing_a_to_p/K.mat::w0009,target,data/raw/target_domain/train_bearing_a_to_p/K.mat,data/raw/target_domain/train_bearing_a_to_p/K.mat,data/raw/target_domain/train_bearing_a_to_p/K.mat,4.5,5.5,32000,UNKNOWN,unknown,,600.0,problem_approximate_not_used_for_mechanism_features,anonymous_single_channel,unknown,10.251749793742027,10.251749793742027,58.1686525327981,108.42427790742187,-0.02725069535678123,3.554063651258114,5.674021869739769,7.2309010677649965,1.274387239557102,8.599043687478012,0.34257320541266917,1984.375,2317.2852223838845,5398.4375,0.7882757780303982,0.03590795999304124,0.2680471903631343,0.4529463357322836,0.2400761181101305,7.174382866161713,5.155010401933673,83.0,213.21728057079434,0.6996965052325782,0.08719476106753256,0.3682614734384886,0.22006014262241103,0.32325205725033257
target::data/raw/target_domain/train_bearing_a_to_p/K.mat::w0010,target,data/raw/target_domain/train_bearing_a_to_p/K.mat,data/raw/target_domain/train_bearing_a_to_p/K.mat,data/raw/target_domain/train_bearing_a_to_p/K.mat,5.0,6.0,32000,UNKNOWN,unknown,,600.0,problem_approximate_not_used_for_mechanism_features,anonymous_single_channel,unknown,10.221143498039407,10.221143498039407,61.698422065984445,106.4332558734375,-0.05058985998254338,3.556964665559449,6.036352202453007,7.695876493967129,1.2749217136201867,9.154279869979305,0.3405106409575299,1984.375,2338.508293338085,5406.25,0.7855585619906614,0.036677800535413134,0.2615211673250625,0.45252184973406645,0.24628438727004293,7.183138097205088,4.922968106323951,83.0,201.7151984569487,0.6696388311977405,0.10573311240003079,0.3908278154910891,0.18565524521060298,0.31625175599411104
target::data/raw/target_domain/train_bearing_a_to_p/K.mat::w0011,target,data/raw/target_domain/train_bearing_a_to_p/K.mat,data/raw/target_domain/train_bearing_a_to_p/K.mat,data/raw/target_domain/train_bearing_a_to_p/K.mat,5.5,6.5,32000,UNKNOWN,unknown,,600.0,problem_approximate_not_used_for_mechanism_features,anonymous_single_channel,unknown,10.233425264842932,10.233425264842932,61.70479354000977,112.99971747421876,-0.04228340035212218,3.5510298030491247,6.029730216723365,7.701185992835878,1.27720241470771,9.168722662710277,0.3399481233788556,1984.375,2337.5403025276014,5375.0,0.7867241764549202,0.036310945469389073,0.26578208461071956,0.44611706722024247,0.24865927974451724,7.233457002612564,4.822171514454218,83.0,205.78124455659503,0.6742322048424536,0.07876069263534699,0.3868229132518281,0.23273452279903656,0.29912821801580014
target::data/raw/target_domain/train_bearing_a_to_p/K.mat::w0012,target,data/raw/target_domain/train_bearing_a_to_p/K.mat,data/raw/target_domain/train_bearing_a_to_p/K.mat,data/raw/target_domain/train_bearing_a_to_p/K.mat,6.0,7.0,32000,UNKNOWN,unknown,,600.0,problem_approximate_not_used_for_mechanism_features,anonymous_single_channel,unknown,10.26981293028046,10.26981293028046,55.64176362913679,110.853512634375,-0.011942809177882747,3.574871565662966,5.417991934894167,6.9305751155858895,1.2791778206514797,8.26361051219527,0.3391043470108441,1984.375,2344.6292547335547,5382.8125,0.7900738598073949,0.037110442744253756,0.26327771407420175,0.4489395413370849,0.24760714285835944,7.257304288939435,4.8680426329570725,83.0,208.58610857283088,0.6484121818684798,0.061427301493869935,0.4062251144266859,0.2179400595490511,0.3126211112673761
target::data/raw/target_domain/train_bearing_a_to_p/K.mat::w0013,target,data/raw/target_domain/train_bearing_a_to_p/K.mat,data/raw/target_domain/train_bearing_a_to_p/K.mat,data/raw/target_domain/train_bearing_a_to_p/K.mat,6.5,7.5,32000,UNKNOWN,unknown,,600.0,problem_approximate_not_used_for_mechanism_features,anonymous_single_channel,unknown,10.331104567708795,10.331104567708795,55.634513136218054,110.853512634375,-4.9686052901198414e-05,3.5004078478246154,5.38514664831731,6.8634119073594615,1.2745078928358244,8.165135352536888,0.34179193099784366,1984.375,2347.0058482466093,5421.875,0.7930735583664335,0.03653460026848064,0.2582784812415758,0.45824879196019486,0.24408128725490189,7.233290163269605,4.888686534163094,83.0,218.2447143190636,0.6831955731707383,0.07648643604889589,0.3491481124419141,0.22188203360110267,0.34883931550296177
target::data/raw/target_domain/train_bearing_a_to_p/K.mat::w0014,target,data/raw/target_domain/train_bearing_a_to_p/K.mat,data/raw/target_domain/train_bearing_a_to_p/K.mat,data/raw/target_domain/train_bearing_a_to_p/K.mat,7.0,8.0,32000,UNKNOWN,unknown,,600.0,problem_approximate_not_used_for_mechanism_features,anonymous_single_channel,unknown,10.35725805581112,10.35725805581112,64.04748524014123,113.65142918554686,0.009541779899561526,3.5003344336469997,6.183826346221053,7.88237105127519,1.2746753563174296,9.377218017655242,0.34579205600175006,1984.375,2322.692063910044,5382.8125,0.7823199770093879,0.03675267441267096,0.25632132007973624,0.4654981894531418,0.23858977469963136,7.236642578669511,5.0878703172506174,83.0,213.25539198130338,0.6984972745434197,0.10971884349132363,0.3296205401817782,0.22453981467974224,0.3315783866759811
target::data/raw/target_domain/train_bearing_a_to_p/L.mat::w0000,target,data/raw/target_domain/train_bearing_a_to_p/L.mat,data/raw/target_domain/train_bearing_a_to_p/L.mat,data/raw/target_domain/train_bearing_a_to_p/L.mat,0.0,1.0,32000,UNKNOWN,unknown,,600.0,problem_approximate_not_used_for_mechanism_features,anonymous_single_channel,unknown,1.8147668708301345,1.8147668708301345,9.80130239825662,19.368832809375,0.014224879444025942,3.6582875451061048,5.400860328559876,6.901699880176922,1.2778889769981214,8.21813982945334,0.3761680052501641,2085.9375,2848.636933969741,5320.3125,0.9448774865356069,0.10486049229522772,0.04992189359452315,0.3777808478298633,0.4636793830615982,1.2655439286471335,5.770970352269548,28.0,183.31899683111513,0.9114323883691182,0.2526839309720221,0.2660302600500408,0.22982084389848925,0.24743530444912312
target::data/raw/target_domain/train_bearing_a_to_p/L.mat::w0001,target,data/raw/target_domain/train_bearing_a_to_p/L.mat,data/raw/target_domain/train_bearing_a_to_p/L.mat,data/raw/target_domain/train_bearing_a_to_p/L.mat,0.5,1.5,32000,UNKNOWN,unknown,,600.0,problem_approximate_not_used_for_mechanism_features,anonymous_single_channel,unknown,1.7639862758785692,1.7639862758785692,9.665612157530685,18.093866576953126,-0.003763468435570951,3.4750558645269916,5.479414601857466,6.985743730880747,1.274906945079259,8.313779357966057,0.37035532360386264,289.0625,2803.817732591628,5296.875,0.9416126639411979,0.11689519638588491,0.047025822685370054,0.37943665286662914,0.45392075366920276,1.2226650027788313,4.280490033747482,5.0,148.6202786287496,0.8747932542276274,0.3576606738922082,0.24226181578178643,0.19558069871461886,0.1868098240883305
target::data/raw/target_domain/train_bearing_a_to_p/L.mat::w0002,target,data/raw/target_domain/train_bearing_a_to_p/L.mat,data/raw/target_domain/train_bearing_a_to_p/L.mat,data/raw/target_domain/train_bearing_a_to_p/L.mat,1.0,2.0,32000,UNKNOWN,unknown,,600.0,problem_approximate_not_used_for_mechanism_features,anonymous_single_channel,unknown,1.7782051316411196,1.7782051316411196,9.852471539024103,19.518969019921876,0.021150706198764784,3.6342613011607945,5.54068333495677,7.073612622485429,1.2766679116731439,8.41442473141697,0.3730116566142692,70.3125,2786.2524328014297,5312.5,0.9409073758116654,0.12809504926261667,0.04972948197919084,0.3602606724610213,0.4589188544962439,1.241101872864867,5.0878869263628825,4.0,158.44730595764653,0.8984620625839753,0.29670219272433673,0.2954746415979085,0.21270541250003147,0.19117129358121254
target::data/raw/target_domain/train_bearing_a_to_p/L.mat::w0003,target,data/raw/target_domain/train_bearing_a_to_p/L.mat,data/raw/target_domain/train_bearing_a_to_p/L.mat,data/raw/target_domain/train_bearing_a_to_p/L.mat,1.5,2.5,32000,UNKNOWN,unknown,,600.0,problem_approximate_not_used_for_mechanism_features,anonymous_single_channel,unknown,1.837031752283095,1.837031752283095,9.860136669200358,19.056364449609376,0.04106715445497829,3.529107596935666,5.367428547133517,6.836966432063805,1.273788066673263,8.120885297487051,0.38257445545173285,3382.8125,2784.602386290228,5296.875,0.9428887693152133,0.1249483783799619,0.05185761200401206,0.3596783343582572,0.4607825971112459,1.271659610233415,4.846698340521494,8.0,164.95832735251727,0.907498456262571,0.28264879070355103,0.2754575727819548,0.2235461472263113,0.2068873754726599
target::data/raw/target_domain/train_bearing_a_to_p/L.mat::w0004,target,data/raw/target_domain/train_bearing_a_to_p/L.mat,data/raw/target_domain/train_bearing_a_to_p/L.mat,data/raw/target_domain/train_bearing_a_to_p/L.mat,2.0,3.0,32000,UNKNOWN,unknown,,600.0,problem_approximate_not_used_for_mechanism_features,anonymous_single_channel,unknown,1.8573504861375307,1.8573504861375307,9.885330968862338,18.96202115390625,0.011525643887755059,3.48173185814663,5.3222754900794955,6.788524097501778,1.2754928056902832,8.079861988840085,0.37766805212662896,281.25,2803.3547832927466,5289.0625,0.9431281171836707,0.11530863775178463,0.04620741300623275,0.3839331693737778,0.4518744101911892,1.2894327505981544,4.446896519195542,4.0,156.41688801070794,0.8818230612689689,0.3254950150972124,0.23696139875268063,0.23204459168744157,0.19772310042605154
target::data/raw/target_domain/train_bearing_a_to_p/L.mat::w0005,target,data/raw/target_domain/train_bearing_a_to_p/L.mat,data/raw/target_domain/train_bearing_a_to_p/L.mat,data/raw/target_domain/train_bearing_a_to_p/L.mat,2.5,3.5,32000,UNKNOWN,unknown,,600.0,problem_approximate_not_used_for_mechanism_features,anonymous_single_channel,unknown,1.8882082924413406,1.8882082924413406,9.878282846308512,18.96202115390625,0.022490613467342144,3.6310288691176424,5.231564168978015,6.702375911594568,1.2811418717435563,7.996729605063088,0.37426169567798995,1914.0625,2791.0041659818394,5296.875,0.9408195455744173,0.10845926920378604,0.04435653611356196,0.4089896054009412,0.43578178137436974,1.3298124824380464,4.815427226931109,6.0,163.36264838578404,0.8912318672748422,0.2946362934655082,0.2579791146552392,0.22336679197903497,0.22072897030201305
target::data/raw/target_domain/train_bearing_a_to_p/L.mat::w0006,target,data/raw/target_domain/train_bearing_a_to_p/L.mat,data/raw/target_domain/train_bearing_a_to_p/L.mat,data/raw/target_domain/train_bearing_a_to_p/L.mat,3.0,4.0,32000,UNKNOWN,unknown,,600.0,problem_approximate_not_used_for_mechanism_features,anonymous_single_channel,unknown,1.8687477853065242,1.8687477853065242,9.991677599805255,18.682495846875,0.03117531672164768,3.7295351376480017,5.346723446771073,6.863331072434926,1.2836517805266459,8.192293714555555,0.37085533922935093,3375.0,2820.1366330169576,5320.3125,0.9415356662443621,0.10917754157564612,0.04482640591609369,0.391229850711931,0.451760721742838,1.3262844940573602,5.048005394961418,4.0,155.30953097903708,0.8902315387872088,0.27180638053841033,0.29661511503238547,0.25328204586839115,0.16798684735638073
target::data/raw/target_domain/train_bearing_a_to_p/L.mat::w0007,target,data/raw/target_domain/train_bearing_a_to_p/L.mat,data/raw/target_domain/train_bearing_a_to_p/L.mat,data/raw/target_domain/train_bearing_a_to_p/L.mat,3.5,4.5,32000,UNKNOWN,unknown,,600.0,problem_approximate_not_used_for_mechanism_features,anonymous_single_channel,unknown,1.8122450089840618,1.8122450089840618,9.996440240117076,18.665113129687498,0.021218349792005032,3.697316149621787,5.516053398163601,7.069782678361751,1.281674082544508,8.42638786999395,0.3715116097378043,70.3125,2800.045615277131,5257.8125,0.9393552366416964,0.1120900186009365,0.04547611097419083,0.39305534842503626,0.44542201103713397,1.2814957856792841,5.055369403773264,4.0,129.87321263149065,0.8193409886028835,0.4328763047479888,0.20183597727150893,0.20965632103433104,0.15061828979414885
target::data/raw/target_domain/train_bearing_a_to_p/L.mat::w0008,target,data/raw/target_domain/train_bearing_a_to_p/L.mat,data/raw/target_domain/train_bearing_a_to_p/L.mat,data/raw/target_domain/train_bearing_a_to_p/L.mat,4.0,5.0,32000,UNKNOWN,unknown,,600.0,problem_approximate_not_used_for_mechanism_features,anonymous_single_channel,unknown,1.8468946301079834,1.8468946301079834,10.293275588776572,19.841670753515622,0.008928453325476964,3.7303350368740613,5.573287951012763,7.161638688057517,1.2849934815860797,8.554818245177325,0.37763680115003595,70.3125,2790.3818101319343,5265.625,0.9431802771153172,0.12568725617528598,0.046696853460584,0.3761900739572102,0.44787721768488714,1.3083833395431406,5.214041600593998,4.0,143.0018534384588,0.8372312228701715,0.45019409828323614,0.16428692208519816,0.1882828969482772,0.19226947743500208
target::data/raw/target_domain/train_bearing_a_to_p/L.mat::w0009,target,data/raw/target_domain/train_bearing_a_to_p/L.mat,data/raw/target_domain/train_bearing_a_to_p/L.mat,data/raw/target_domain/train_bearing_a_to_p/L.mat,4.5,5.5,32000,UNKNOWN,unknown,,600.0,problem_approximate_not_used_for_mechanism_features,anonymous_single_channel,unknown,1.9012517151872637,1.9012517151872637,10.290289713721014,20.123579175,0.029859586564055643,3.7560446802262324,5.412376294793801,6.960341359487105,1.2860047011473759,8.318436177695297,0.38001187537110537,289.0625,2805.87490035117,5289.0625,0.9447839876942166,0.11428377732807109,0.04655674933175149,0.3897333754558459,0.4459183284531596,1.3496198892629725,5.306311924253323,4.0,168.22211014912045,0.8926650270950395,0.2791977963393027,0.2864620831356807,0.1999047055548671,0.22639337695830475
target::data/raw/target_domain/train_bearing_a_to_p/L.mat::w0010,target,data/raw/target_domain/train_bearing_a_to_p/L.mat,data/raw/target_domain/train_bearing_a_to_p/L.mat,data/raw/target_domain/train_bearing_a_to_p/L.mat,5.0,6.0,32000,UNKNOWN,unknown,,600.0,problem_approximate_not_used_for_mechanism_features,anonymous_single_channel,unknown,1.8371047511887388,1.8371047511887388,9.829000979362675,19.361963832421875,0.023316702539473298,3.671195938560371,5.350267029137698,6.848304133781634,1.2799929604413869,8.154627549165891,0.3783555736116754,70.3125,2807.401893592319,5265.625,0.9447575744603572,0.10836247638088117,0.048158180850077434,0.397632665046663,0.44209654705843177,1.2972977141019764,5.088181072258843,12.0,147.26601459457186,0.8773315780654659,0.37454565679109547,0.22703805284285614,0.20016878997630935,0.18556236797701692
target::data/raw/target_domain/train_bearing_a_to_p/L.mat::w0011,target,data/raw/target_domain/train_bearing_a_to_p/L.mat,data/raw/target_domain/train_bearing_a_to_p/L.mat,data/raw/target_domain/train_bearing_a_to_p/L.mat,5.5,6.5,32000,UNKNOWN,unknown,,600.0,problem_approximate_not_used_for_mechanism_features,anonymous_single_channel,unknown,1.7557038633893098,1.7557038633893098,8.367218851115355,16.489610000390623,-0.011767073804272948,3.403184655317535,4.765734715054985,6.0521349749341,1.2699269549796637,7.184577858581846,0.37376168005250165,70.3125,2731.256166870064,5226.5625,0.9404819499611228,0.13396667548410537,0.051273483680478286,0.3702981710868912,0.44120976424593183,1.2090053472102682,4.306338907408383,4.0,159.24100444413838,0.893561179590124,0.3281002222439431,0.23502093994757423,0.24341503988373342,0.1868373170443459
target::data/raw/target_domain/train_bearing_a_to_p/L.mat::w0012,target,data/raw/target_domain/train_bearing_a_to_p/L.mat,data/raw/target_domain/train_bearing_a_to_p/L.mat,data/raw/target_domain/train_bearing_a_to_p/L.mat,6.0,7.0,32000,UNKNOWN,unknown,,600.0,problem_approximate_not_used_for_mechanism_features,anonymous_single_channel,unknown,1.8293306397278368,1.8293306397278368,9.25265442352058,18.222554757421875,0.002484050683037457,3.404080683929626,5.057945361311014,6.430849073665747,1.271435061923121,7.642368059899281,0.3753867308353386,70.3125,2765.251059949988,5265.625,0.9394303107326872,0.13096752366720357,0.05064343158569496,0.3562934840727502,0.458696281244259,1.2582435025678136,4.292043386067645,4.0,170.39681517779093,0.8940031619734268,0.266981023596149,0.265226891308755,0.23374284644438226,0.22895319718899926
target::data/raw/target_domain/train_bearing_a_to_p/L.mat::w0013,target,data/raw/target_domain/train_bearing_a_to_p/L.mat,data/raw/target_domain/train_bearing_a_to_p/L.mat,data/raw/target_domain/train_bearing_a_to_p/L.mat,6.5,7.5,32000,UNKNOWN,unknown,,600.0,problem_approximate_not_used_for_mechanism_features,anonymous_single_channel,unknown,1.8557976455342802,1.8557976455342802,9.249749620456836,18.222554757421875,-0.007928139646941041,3.4089035689854317,4.984244722322011,6.3333773705629826,1.270679455644593,7.523345641486249,0.379386855839245,70.3125,2777.8563694046707,5289.0625,0.9383248250903833,0.12310719405219692,0.048909387408973666,0.36868901867794696,0.4555851976947665,1.2766836518054632,4.485577554483271,4.0,179.75166012993316,0.8992432147629617,0.22600850869615846,0.2839582161667234,0.26299745405735925,0.2208544280421403
target::data/raw/target_domain/train_bearing_a_to_p/L.mat::w0014,target,data/raw/target_domain/train_bearing_a_to_p/L.mat,data/raw/target_domain/train_bearing_a_to_p/L.mat,data/raw/target_domain/train_bearing_a_to_p/L.mat,7.0,8.0,32000,UNKNOWN,unknown,,600.0,problem_approximate_not_used_for_mechanism_features,anonymous_single_channel,unknown,1.846434899011916,1.846434899011916,9.703533550765563,19.320890153906248,-0.008915267843886035,3.660011371051449,5.2552806253569875,6.704349669774939,1.2757358070323574,7.97012785891906,0.3765742679458733,2078.125,2813.8600515681132,5328.125,0.9396587777929623,0.10804168808120894,0.045157009097510865,0.3945944489294684,0.4492529820873475,1.2871814282854783,5.546296787688254,4.0,167.2448968203829,0.8950434977209507,0.2521088114168845,0.3117077003751836,0.21161463002569234,0.21664268947195744
target::data/raw/target_domain/train_bearing_a_to_p/M.mat::w0000,target,data/raw/target_domain/train_bearing_a_to_p/M.mat,data/raw/target_domain/train_bearing_a_to_p/M.mat,data/raw/target_domain/train_bearing_a_to_p/M.mat,0.0,1.0,32000,UNKNOWN,unknown,,600.0,problem_approximate_not_used_for_mechanism_features,anonymous_single_channel,unknown,10.020080281304711,10.020080281304711,54.28602860622734,101.24619699140624,-0.07809300589910029,3.4412530579948344,5.417723918590537,6.91016747464784,1.275474272680341,8.226255561618036,0.3285102659458108,1898.4375,2366.4869538311195,5429.6875,0.8259889931180034,0.03554144468112266,0.28344710196614326,0.4099854090531782,0.2692588495411632,6.992335747120192,4.374184305640297,83.0,219.61417385178535,0.6829546356229753,0.08467104018780149,0.38134795469786903,0.1531758606478628,0.3802243929820083
target::data/raw/target_domain/train_bearing_a_to_p/M.mat::w0001,target,data/raw/target_domain/train_bearing_a_to_p/M.mat,data/raw/target_domain/train_bearing_a_to_p/M.mat,data/raw/target_domain/train_bearing_a_to_p/M.mat,0.5,1.5,32000,UNKNOWN,unknown,,600.0,problem_approximate_not_used_for_mechanism_features,anonymous_single_channel,unknown,9.966729968965137,9.966729968965137,43.44348321429159,85.22017284374999,-0.06866840512700494,3.3526087966611127,4.358850229670469,5.552989269923912,1.2739573459359632,6.610601865976694,0.32807275227350857,1898.4375,2341.149879213488,5421.875,0.816164622465338,0.033779821157260616,0.28784256564327865,0.41993782645418054,0.25661207431427524,6.912352557986691,3.803652368463999,83.0,223.36901650097354,0.6436622746334295,0.04306538969861887,0.4170481016354977,0.14909722526540511,0.3880275958672119
target::data/raw/target_domain/train_bearing_a_to_p/M.mat::w0002,target,data/raw/target_domain/train_bearing_a_to_p/M.mat,data/raw/target_domain/train_bearing_a_to_p/M.mat,data/raw/target_domain/train_bearing_a_to_p/M.mat,1.0,2.0,32000,UNKNOWN,unknown,,600.0,problem_approximate_not_used_for_mechanism_features,anonymous_single_channel,unknown,9.973244870889266,9.973244870889266,40.90118944869239,81.66386516367187,-0.07498436564678163,3.273709486885311,4.101091468041066,5.206553731719953,1.269553184144513,6.185345742787001,0.32369761555048593,1976.5625,2362.5120688244883,5414.0625,0.8164288317778428,0.03271020484982529,0.28399495471753067,0.4204458904648201,0.26114550865786545,6.867639803588929,3.662311712867415,83.0,225.43081641529358,0.6496588872536723,0.044237453933817686,0.3974100727429297,0.16376667807750137,0.39289331764796
target::data/raw/target_domain/train_bearing_a_to_p/M.mat::w0003,target,data/raw/target_domain/train_bearing_a_to_p/M.mat,data/raw/target_domain/train_bearing_a_to_p/M.mat,data/raw/target_domain/train_bearing_a_to_p/M.mat,1.5,2.5,32000,UNKNOWN,unknown,,600.0,problem_approximate_not_used_for_mechanism_features,anonymous_single_channel,unknown,10.051365819292343,10.051365819292343,41.23685704899028,81.99063221015625,-0.07496355428718354,3.278830764963096,4.102612300692228,5.2094877554359025,1.2697977224307535,6.1905818395768835,0.3213537923060096,1976.5625,2385.633485823561,5421.875,0.8191136044381444,0.032773462816150026,0.27576653097007103,0.42013176699667854,0.2696659235756177,6.9269239341930975,3.7446630106710392,83.0,213.50050534515586,0.6779754666633311,0.05992934676763146,0.4354414016671088,0.14118447012081273,0.3582936844707628
target::data/raw/target_domain/train_bearing_a_to_p/M.mat::w0004,target,data/raw/target_domain/train_bearing_a_to_p/M.mat,data/raw/target_domain/train_bearing_a_to_p/M.mat,data/raw/target_domain/train_bearing_a_to_p/M.mat,2.0,3.0,32000,UNKNOWN,unknown,,600.0,problem_approximate_not_used_for_mechanism_features,anonymous_single_channel,unknown,10.080089703240676,10.080089703240676,44.089040818178304,87.92542829765625,-0.09065515283648294,3.3081125065075057,4.373873855904241,5.563000152393822,1.2718702769362773,6.616250131065784,0.31982249445295163,1976.5625,2361.1950500558028,5398.4375,0.8078337732898692,0.033196694042073566,0.2734854438294079,0.43392872243307834,0.2577201938589546,6.982792340611605,3.7451379304345824,82.0,217.97784854958473,0.6503682975349806,0.05143831497074978,0.42212930915145624,0.1367966176591353,0.38690990172555484
target::data/raw/target_domain/train_bearing_a_to_p/M.mat::w0005,target,data/raw/target_domain/train_bearing_a_to_p/M.mat,data/raw/target_domain/train_bearing_a_to_p/M.mat,data/raw/target_domain/train_bearing_a_to_p/M.mat,2.5,3.5,32000,UNKNOWN,unknown,,600.0,problem_approximate_not_used_for_mechanism_features,anonymous_single_channel,unknown,10.094674693516897,10.094674693516897,44.091971447228794,87.92542829765625,-0.05853394680685632,3.3209885048248236,4.367844708808855,5.551161692736003,1.2709155345061016,6.595271957523563,0.32388512141004405,1976.5625,2363.1540940852387,5398.4375,0.8148806164831751,0.0317132884905578,0.28075360406621136,0.42670612192268126,0.25917699414477474,7.002945818187387,3.82311537519892,83.0,221.51299978617948,0.6608457497430069,0.04223100596972645,0.4200134097103059,0.14262287759608364,0.3922395404018129
target::data/raw/target_domain/train_bearing_a_to_p/M.mat::w0006,target,data/raw/target_domain/train_bearing_a_to_p/M.mat,data/raw/target_domain/train_bearing_a_to_p/M.mat,data/raw/target_domain/train_bearing_a_to_p/M.mat,3.0,4.0,32000,UNKNOWN,unknown,,600.0,problem_approximate_not_used_for_mechanism_features,anonymous_single_channel,unknown,10.004642971856978,10.004642971856978,43.00033489765186,85.43563442695313,-0.046417639731213704,3.3316114409778304,4.298037922853153,5.473508013901315,1.2734899300905436,6.520328747763605,0.32666645832682273,1976.5625,2355.2515573170804,5429.6875,0.8197594614739122,0.033209845252224895,0.28870422747544183,0.41558840955728166,0.2607968072212073,6.938604902893015,3.8084401491518225,83.0,222.31783986808654,0.6639818295985246,0.05372301266006373,0.3818127313003289,0.18207402537703957,0.3801492050588909
target::data/raw/target_domain/train_bearing_a_to_p/M.mat::w0007,target,data/raw/target_domain/train_bearing_a_to_p/M.mat,data/raw/target_domain/train_bearing_a_to_p/M.mat,data/raw/target_domain/train_bearing_a_to_p/M.mat,3.5,4.5,32000,UNKNOWN,unknown,,600.0,problem_approximate_not_used_for_mechanism_features,anonymous_single_channel,unknown,9.93332090384657,9.93332090384657,43.43151892466302,85.8633333796875,-0.04925909551249655,3.3052270393457706,4.3723060339106,5.565592977368445,1.2729193551874975,6.630685449905367,0.3258226819588112,1976.5625,2363.581861832697,5429.6875,0.8171993445273286,0.034949041927940655,0.2868757923590987,0.4125015911282152,0.26394072101911165,6.858484293696207,3.722408162359356,83.0,225.85435677878144,0.6515014278364523,0.06677107263900052,0.37391395288405194,0.1522363302773126,0.4056065681608159
target::data/raw/target_domain/train_bearing_a_to_p/M.mat::w0008,target,data/raw/target_domain/train_bearing_a_to_p/M.mat,data/raw/target_domain/train_bearing_a_to_p/M.mat,data/raw/target_domain/train_bearing_a_to_p/M.mat,4.0,5.0,32000,UNKNOWN,unknown,,600.0,problem_approximate_not_used_for_mechanism_features,anonymous_single_channel,unknown,9.981761315028773,9.981761315028773,44.44839661728754,86.97610764609375,-0.04959676772330669,3.304619794724211,4.452961277521287,5.663847923521949,1.271928402367363,6.739939728697578,0.3235726116441139,1976.5625,2367.4104123455036,5429.6875,0.82096066198436,0.032534958998574164,0.28590223704620044,0.41613379536465184,0.2636322281104652,6.893233617895454,3.7052491051284933,83.0,209.90671756923183,0.6502177618766172,0.05896795316573566,0.4207288207188377,0.17289199964970714,0.34656182873061775
target::data/raw/target_domain/train_bearing_a_to_p/M.mat::w0009,target,data/raw/target_domain/train_bearing_a_to_p/M.mat,data/raw/target_domain/train_bearing_a_to_p/M.mat,data/raw/target_domain/train_bearing_a_to_p/M.mat,4.5,5.5,32000,UNKNOWN,unknown,,600.0,problem_approximate_not_used_for_mechanism_features,anonymous_single_channel,unknown,9.95331514003417,9.95331514003417,45.14154842057401,89.60468288789062,-0.06801714733918211,3.3152702450829787,4.5353279571146485,5.766530233310271,1.271469293474937,6.858609163595956,0.3241351292227882,1898.4375,2380.1517104259524,5429.6875,0.8272660277756069,0.03289210195577684,0.27953796308697976,0.42052495003844753,0.26526008652704797,6.857307481565014,3.868557921562268,83.0,216.9243600114732,0.6555928481597301,0.06740474802922118,0.40018866986075263,0.17525068532762617,0.35478723712165167
target::data/raw/target_domain/train_bearing_a_to_p/M.mat::w0010,target,data/raw/target_domain/train_bearing_a_to_p/M.mat,data/raw/target_domain/train_bearing_a_to_p/M.mat,data/raw/target_domain/train_bearing_a_to_p/M.mat,5.0,6.0,32000,UNKNOWN,unknown,,600.0,problem_approximate_not_used_for_mechanism_features,anonymous_single_channel,unknown,9.969288693520546,9.969288693520546,45.12342456793377,87.58576439648436,-0.0814251990537913,3.3025746355952146,4.526243140822757,5.751870306835436,1.2707824409515291,6.840094199688058,0.32451014094190445,1898.4375,2371.797145669262,5429.6875,0.8257390964139371,0.03309586374310098,0.2817033083576189,0.42014139100095393,0.2633297759546004,6.853201770551341,3.870184397688921,82.0,229.57430364223455,0.6664058306393807,0.05073101899893767,0.37255580661335863,0.16462504009044573,0.41030917416762536
target::data/raw/target_domain/train_bearing_a_to_p/M.mat::w0011,target,data/raw/target_domain/train_bearing_a_to_p/M.mat,data/raw/target_domain/train_bearing_a_to_p/M.mat,data/raw/target_domain/train_bearing_a_to_p/M.mat,5.5,6.5,32000,UNKNOWN,unknown,,600.0,problem_approximate_not_used_for_mechanism_features,anonymous_single_channel,unknown,10.006273321324803,10.006273321324803,46.88750169854302,91.34589845390624,-0.07734217300353087,3.2828590262872592,4.685810610291281,5.950428896477376,1.2698825008864134,7.07777681830075,0.3219788118378699,1976.5625,2360.7460845352357,5437.5,0.8283286438767467,0.03449229981592573,0.2784017673490576,0.425649090563879,0.2597084565747075,6.876767893319423,3.7713755848748445,83.0,209.80359950466186,0.6815724303337537,0.0793214736513632,0.4001705418198152,0.18269117341247407,0.33615756598852353
target::data/raw/target_domain/train_bearing_a_to_p/M.mat::w0012,target,data/raw/target_domain/train_bearing_a_to_p/M.mat,data/raw/target_domain/train_bearing_a_to_p/M.mat,data/raw/target_domain/train_bearing_a_to_p/M.mat,6.0,7.0,32000,UNKNOWN,unknown,,600.0,problem_approximate_not_used_for_mechanism_features,anonymous_single_channel,unknown,9.934720797508716,9.934720797508716,46.91179326077611,91.34589845390624,-0.04776095357400682,3.2239009778125696,4.7220041928642065,5.979713235822434,1.2663506832243498,7.097634737644551,0.3216038001187537,1976.5625,2373.8316479158834,5453.125,0.8346932160742635,0.03771767331373352,0.2813810156738566,0.41455749208496545,0.26441337580828506,6.788979302259543,3.723198245361421,83.0,222.9788774320047,0.6465912657071833,0.055556249196769485,0.40714905805913393,0.13750813909539383,0.3988367328293601
target::data/raw/target_domain/train_bearing_a_to_p/M.mat::w0013,target,data/raw/target_domain/train_bearing_a_to_p/M.mat,data/raw/target_domain/train_bearing_a_to_p/M.mat,data/raw/target_domain/train_bearing_a_to_p/M.mat,6.5,7.5,32000,UNKNOWN,unknown,,600.0,problem_approximate_not_used_for_mechanism_features,anonymous_single_channel,unknown,9.897204970897846,9.897204970897846,45.36297587589438,86.89494157148437,-0.04261115631519334,3.2428123379708658,4.583412792730572,5.813274958354777,1.2683289114989196,6.905692157432403,0.32285383918247446,1976.5625,2366.091728598724,5406.25,0.8269552719308718,0.0384159165680498,0.2770241322630606,0.42329290292064864,0.2594069719519558,6.792469775060827,3.745445995133247,83.0,228.14186138808893,0.6708279952365476,0.05840329514475767,0.37683128564574403,0.16192389969295234,0.4003992510287776
target::data/raw/target_domain/train_bearing_a_to_p/M.mat::w0014,target,data/raw/target_domain/train_bearing_a_to_p/M.mat,data/raw/target_domain/train_bearing_a_to_p/M.mat,data/raw/target_domain/train_bearing_a_to_p/M.mat,7.0,8.0,32000,UNKNOWN,unknown,,600.0,problem_approximate_not_used_for_mechanism_features,anonymous_single_channel,unknown,9.895150598386241,9.895150598386241,47.99249330302828,87.793936453125,-0.04884267594005032,3.249888702756786,4.850102363358707,6.156402360196397,1.2693345210001818,7.323571377983248,0.31935372980405635,1976.5625,2363.003047397819,5398.4375,0.8223098338767842,0.038860170379093784,0.2731961772820158,0.4234029023509543,0.26279386094752105,6.816613047087498,3.675964134052846,83.0,222.81190885819723,0.6411174563998472,0.03846262652975287,0.4250643878887163,0.15939795136003457,0.37529257509497044
target::data/raw/target_domain/train_bearing_a_to_p/N.mat::w0000,target,data/raw/target_domain/train_bearing_a_to_p/N.mat,data/raw/target_domain/train_bearing_a_to_p/N.mat,data/raw/target_domain/train_bearing_a_to_p/N.mat,0.0,1.0,32000,UNKNOWN,unknown,,600.0,problem_approximate_not_used_for_mechanism_features,anonymous_single_channel,unknown,9.207324617618548,9.207324617618548,150.2002771164703,288.18302165625005,-0.1528059128753043,30.956194299460897,16.313129313268735,25.03135517743062,1.5344300101310395,31.190006002934158,0.4068564642645083,2070.3125,2820.0080447392093,5375.0,0.8752119466993344,0.011276260603276541,0.08907626980527668,0.542812242880938,0.35118842703733694,8.9807941404025,60.424246434039866,83.0,169.2122253849302,0.8079819285580984,0.1645237037223912,0.3664472704567524,0.2669699622170275,0.19870071238888334
target::data/raw/target_domain/train_bearing_a_to_p/N.mat::w0001,target,data/raw/target_domain/train_bearing_a_to_p/N.mat,data/raw/target_domain/train_bearing_a_to_p/N.mat,data/raw/target_domain/train_bearing_a_to_p/N.mat,0.5,1.5,32000,UNKNOWN,unknown,,600.0,problem_approximate_not_used_for_mechanism_features,anonymous_single_channel,unknown,8.826342236909579,8.826342236909579,150.20333537877082,285.9913974585937,-0.18156503469987784,26.95108709240714,17.017619682889773,25.395401440949787,1.492300445900816,31.39490745724211,0.4109190912216007,2070.3125,2827.957388745809,5382.8125,0.8730958791474894,0.011165791400908733,0.086512723446727,0.5471963477472389,0.35071883274466054,8.332065623593252,61.5994195071625,83.0,157.65497000260592,0.787865365935867,0.17195728443736533,0.3921970316039739,0.2665888649518727,0.16624014183298738
target::data/raw/target_domain/train_bearing_a_to_p/N.mat::w0002,target,data/raw/target_domain/train_bearing_a_to_p/N.mat,data/raw/target_domain/train_bearing_a_to_p/N.mat,data/raw/target_domain/train_bearing_a_to_p/N.mat,1.0,2.0,32000,UNKNOWN,unknown,,600.0,problem_approximate_not_used_for_mechanism_features,anonymous_single_channel,unknown,9.048666352153209,9.048666352153209,152.63847696688842,291.6892839328125,-0.24006876158991913,30.94170294190308,16.86861588509669,25.571131800851365,1.5158998210066814,31.767383521219784,0.41207537735554234,2062.5,2840.9710004250423,5445.3125,0.8715647165104433,0.012523483249947962,0.08458207077633248,0.5476595037834308,0.35187746628534994,8.690560674296487,62.571904063543116,83.0,155.45146249707085,0.8312288573061837,0.18139919313951655,0.399055087550707,0.24183153327217788,0.17376050776651622
target::data/raw/target_domain/train_bearing_a_to_p/N.mat::w0003,target,data/raw/target_domain/train_bearing_a_to_p/N.mat,data/raw/target_domain/train_bearing_a_to_p/N.mat,data/raw/target_domain/train_bearing_a_to_p/N.mat,1.5,2.5,32000,UNKNOWN,unknown,,600.0,problem_approximate_not_used_for_mechanism_features,anonymous_single_channel,unknown,9.862845110837505,9.862845110837505,152.6321207349468,293.5441880765625,-0.1067479490018069,34.59979194983154,15.475465651104658,24.52623970728826,1.5848466379126407,30.944940076322588,0.4163567611487859,2070.3125,2833.267515108875,5414.0625,0.8751212691533536,0.013297361873437021,0.08805701775420013,0.543299643337735,0.35147117980158543,9.915820845579502,61.227319665437115,83.0,163.24361074222378,0.7979252456917274,0.1773459938520244,0.3761897561193682,0.25265759692657935,0.1915860688018959
target::data/raw/target_domain/train_bearing_a_to_p/N.mat::w0004,target,data/raw/target_domain/train_bearing_a_to_p/N.mat,data/raw/target_domain/train_bearing_a_to_p/N.mat,data/raw/target_domain/train_bearing_a_to_p/N.mat,2.0,3.0,32000,UNKNOWN,unknown,,600.0,problem_approximate_not_used_for_mechanism_features,anonymous_single_channel,unknown,9.783605492912146,9.783605492912146,149.6115957688543,290.52015601874996,-0.03416989471342059,33.858741915543916,15.292071606651247,24.15118275893516,1.5793270774659594,30.415866975691845,0.41426294571705363,2070.3125,2841.916392934887,5414.0625,0.8813059841100233,0.013296949161498694,0.08733492149944437,0.5375606685950245,0.3560066208252585,9.821057942284675,62.654571509071715,83.0,172.02615916432552,0.7608713474753701,0.14630446646878786,0.3568114801493384,0.27759166890901865,0.2161579558925951
target::data/raw/target_domain/train_bearing_a_to_p/N.mat::w0005,target,data/raw/target_domain/train_bearing_a_to_p/N.mat,data/raw/target_domain/train_bearing_a_to_p/N.mat,data/raw/target_domain/train_bearing_a_to_p/N.mat,2.5,3.5,32000,UNKNOWN,unknown,,600.0,problem_approximate_not_used_for_mechanism_features,anonymous_single_channel,unknown,8.940596015223916,8.940596015223916,136.40950366530953,270.4840511625,-0.07999536121355165,26.201597249003598,15.257316562902313,22.80903134402307,1.4949569440985424,28.246104113175242,0.41070033438544956,2062.5,2811.5479201233875,5437.5,0.8739835753907493,0.012903387129968705,0.08408988130177429,0.5505303728634248,0.3464971247217144,8.476070062890837,56.21396848475613,83.0,168.45228064129887,0.7960036468667276,0.15483594797394515,0.37566572377108454,0.2628213334219165,0.20419483580748474
target::data/raw/target_domain/train_bearing_a_to_p/N.mat::w0006,target,data/raw/target_domain/train_bearing_a_to_p/N.mat,data/raw/target_domain/train_bearing_a_to_p/N.mat,data/raw/target_domain/train_bearing_a_to_p/N.mat,3.0,4.0,32000,UNKNOWN,unknown,,600.0,problem_approximate_not_used_for_mechanism_features,anonymous_single_channel,unknown,9.08357505282383,9.08357505282383,149.34356083423074,269.9800925472656,-0.08832422640317536,26.35719153039975,16.441055417689046,24.832818890234957,1.5104151320793202,30.86101384819942,0.4126378949342167,2070.3125,2820.53481332806,5453.125,0.8748231916306062,0.012497406114361027,0.08779145824646407,0.5439333417798583,0.34956515637087815,8.706780542352005,51.5751235274988,83.0,183.50834357724509,0.7900515980665488,0.15185493577933934,0.32184551177106074,0.28510999796116376,0.23605944809793258
target::data/raw/target_domain/train_bearing_a_to_p/N.mat::w0007,target,data/raw/target_domain/train_bearing_a_to_p/N.mat,data/raw/target_domain/train_bearing_a_to_p/N.mat,data/raw/target_domain/train_bearing_a_to_p/N.mat,3.5,4.5,32000,UNKNOWN,unknown,,600.0,problem_approximate_not_used_for_mechanism_features,anonymous_single_channel,unknown,9.381130208682404,9.381130208682404,152.23592483573927,301.5824331269531,-0.05880062175549242,32.18711658858801,16.227887413269883,25.16195206630356,1.5505377518040595,31.463477578073107,0.4158879964998906,2070.3125,2809.062033147669,5367.1875,0.8747967430407664,0.011544654309303067,0.08754479116162679,0.5500175598790924,0.3455616535616914,9.249383990728358,60.127551506162064,83.0,174.74812545462225,0.7654394923444928,0.1383589919373013,0.35361253134515075,0.2925769829943099,0.2125933054528361
target::data/raw/target_domain/train_bearing_a_to_p/N.mat::w0008,target,data/raw/target_domain/train_bearing_a_to_p/N.mat,data/raw/target_domain/train_bearing_a_to_p/N.mat,data/raw/target_domain/train_bearing_a_to_p/N.mat,4.0,5.0,32000,UNKNOWN,unknown,,600.0,problem_approximate_not_used_for_mechanism_features,anonymous_single_channel,unknown,8.651111417871718,8.651111417871718,152.23216692270947,294.4799109574219,-0.143421589017446,28.126353271466797,17.596833466761996,26.10439012305582,1.4834708853931255,32.27251570317993,0.4129504047001469,2062.5,2829.5808563623823,5414.0625,0.8776477656069079,0.011337205473637866,0.08610751311722797,0.5451132154260057,0.3532227356959024,8.102535152741138,64.74824473680573,83.0,169.37013661114045,0.8088370406243823,0.1746043269273391,0.3675579083594704,0.24028839874051178,0.21533689867352102
target::data/raw/target_domain/train_bearing_a_to_p/N.mat::w0009,target,data/raw/target_domain/train_bearing_a_to_p/N.mat,data/raw/target_domain/train_bearing_a_to_p/N.mat,data/raw/target_domain/train_bearing_a_to_p/N.mat,4.5,5.5,32000,UNKNOWN,unknown,,600.0,problem_approximate_not_used_for_mechanism_features,anonymous_single_channel,unknown,9.435201389025433,9.435201389025433,174.5399917769013,328.17042053085936,0.07811721559401878,42.43405771705494,18.498809360857862,28.84167722199103,1.5591099221236835,36.07181356762762,0.4136379261851933,2070.3125,2806.014279568089,5421.875,0.8790830867379889,0.015753416357618823,0.09003747953449313,0.5408613884321837,0.34855299453818245,9.351214526442785,82.39558067995664,83.0,176.5816682480374,0.7968090488093329,0.15894057686970683,0.3392179895624598,0.2710743865708269,0.22938319758470854
target::data/raw/target_domain/train_bearing_a_to_p/N.mat::w0010,target,data/raw/target_domain/train_bearing_a_to_p/N.mat,data/raw/target_domain/train_bearing_a_to_p/N.mat,data/raw/target_domain/train_bearing_a_to_p/N.mat,5.0,6.0,32000,UNKNOWN,unknown,,600.0,problem_approximate_not_used_for_mechanism_features,anonymous_single_channel,unknown,10.277435140999602,10.277435140999602,174.53511914456317,340.33103303554685,-0.12684809487445722,43.37820185748241,16.982361527953227,27.668895324624927,1.6292725413411329,35.01904816299405,0.41557548673396044,2070.3125,2825.7581197975965,5437.5,0.8801379002438425,0.01603144194555815,0.08967465741039436,0.5368760061745698,0.3521277217874681,10.621780446503607,71.78537463975351,83.0,173.20193480274432,0.7609710560638918,0.15681907135164322,0.35127130932736544,0.27458085169417157,0.21361974801681768
target::data/raw/target_domain/train_bearing_a_to_p/N.mat::w0011,target,data/raw/target_domain/train_bearing_a_to_p/N.mat,data/raw/target_domain/train_bearing_a_to_p/N.mat,data/raw/target_domain/train_bearing_a_to_p/N.mat,5.5,6.5,32000,UNKNOWN,unknown,,600.0,problem_approximate_not_used_for_mechanism_features,anonymous_single_channel,unknown,9.422290903027735,9.422290903027735,165.79867693755818,314.6426012460937,-0.39924510782126343,31.38725786019984,17.596429429308245,27.141781943077,1.5424596252389324,33.91008966921511,0.4108565892684146,2062.5,2800.1869496996856,5367.1875,0.8666086540172838,0.012237525920820088,0.08357082195034565,0.5607650118184057,0.338826433079797,9.221278831445476,61.26855139241185,83.0,172.32341021678636,0.7961853792157105,0.15870528683082127,0.3591440254238013,0.2644571753821559,0.21448793041293757
target::data/raw/target_domain/train_bearing_a_to_p/N.mat::w0012,target,data/raw/target_domain/train_bearing_a_to_p/N.mat,data/raw/target_domain/train_bearing_a_to_p/N.mat,data/raw/target_domain/train_bearing_a_to_p/N.mat,6.0,7.0,32000,UNKNOWN,unknown,,600.0,problem_approximate_not_used_for_mechanism_features,anonymous_single_channel,unknown,9.139206654257633,9.139206654257633,160.35136296161144,303.39149736328125,-0.07748580881667454,27.91259724992413,17.545435728482175,26.487597404839963,1.5096574297005767,32.91200290732129,0.41273164786399574,2070.3125,2786.7867109968106,5367.1875,0.8780903644527873,0.012917925920787035,0.0955357300272029,0.5417181430573795,0.3443329293262002,8.724771822301323,57.07629032269982,83.0,184.2561973145661,0.7782388462963767,0.14111695452898343,0.3294888145309682,0.29845176717463034,0.22452129322010114
target::data/raw/target_domain/train_bearing_a_to_p/N.mat::w0013,target,data/raw/target_domain/train_bearing_a_to_p/N.mat,data/raw/target_domain/train_bearing_a_to_p/N.mat,data/raw/target_domain/train_bearing_a_to_p/N.mat,6.5,7.5,32000,UNKNOWN,unknown,,600.0,problem_approximate_not_used_for_mechanism_features,anonymous_single_channel,unknown,9.375331926373235,9.375331926373235,160.34919549273195,315.150905540625,-0.20935223740168293,34.329077014617745,17.103308635040992,26.376490508828194,1.5421864313894003,32.893384201884245,0.416513016031751,2062.5,2822.2048299200173,5335.9375,0.8898307417339604,0.013952809059546946,0.10043714394204041,0.520858312657593,0.35907850707298333,9.178082022399426,65.7562454803976,83.0,172.28265000946936,0.8111639867066789,0.16615955152805384,0.3381059259323505,0.2750553673258789,0.21830665776588937
target::data/raw/target_domain/train_bearing_a_to_p/N.mat::w0014,target,data/raw/target_domain/train_bearing_a_to_p/N.mat,data/raw/target_domain/train_bearing_a_to_p/N.mat,data/raw/target_domain/train_bearing_a_to_p/N.mat,7.0,8.0,32000,UNKNOWN,unknown,,600.0,problem_approximate_not_used_for_mechanism_features,anonymous_single_channel,unknown,8.835324101378472,8.835324101378472,154.80265129486824,303.2089788328125,-0.35868255456676446,31.410436722202377,17.520879768371902,26.20555363291892,1.4956756726463778,32.39771370009632,0.41216913028532143,2062.5,2809.9177151568197,5375.0,0.8833899509777976,0.014736389293404222,0.09587079049275506,0.5337577265515905,0.34982432964909493,8.355036686474449,66.7013901355401,83.0,175.55342828002216,0.8093021116995406,0.15952731204692885,0.35084892511764804,0.26787475559236534,0.2170562937743579
target::data/raw/target_domain/train_bearing_a_to_p/O.mat::w0000,target,data/raw/target_domain/train_bearing_a_to_p/O.mat,data/raw/target_domain/train_bearing_a_to_p/O.mat,data/raw/target_domain/train_bearing_a_to_p/O.mat,0.0,1.0,32000,UNKNOWN,unknown,,600.0,problem_approximate_not_used_for_mechanism_features,anonymous_single_channel,unknown,1.52243061061418,1.52243061061418,10.336079206650894,19.70162773359375,0.07757035565509685,4.638461331329047,6.789195602467764,8.864731121800766,1.305711551243678,10.645987631419766,0.3399793743554486,70.3125,2320.5845036219075,5250.0,0.9123933320101363,0.2636449583814324,0.11783636934026193,0.2662364375403302,0.34978080751716456,1.1314505519286429,8.647298554524385,10.0,110.35623988211287,0.8285630376464033,0.3952618941451991,0.36192920138317036,0.1337038498649869,0.10660400240946838
target::data/raw/target_domain/train_bearing_a_to_p/O.mat::w0001,target,data/raw/target_domain/train_bearing_a_to_p/O.mat,data/raw/target_domain/train_bearing_a_to_p/O.mat,data/raw/target_domain/train_bearing_a_to_p/O.mat,0.5,1.5,32000,UNKNOWN,unknown,,600.0,problem_approximate_not_used_for_mechanism_features,anonymous_single_channel,unknown,1.4494000616033784,1.4494000616033784,9.262490229836077,17.01964269140625,0.017689502844511765,4.034248977619626,6.390568398060633,8.25192298201099,1.2912658887290112,9.861472677345075,0.3393231038469952,70.3125,2262.5014173373374,5210.9375,0.9089187562864356,0.2699680862598089,0.12260219478592847,0.2700210965026485,0.3350810512085423,1.0457703981036548,6.135266310154222,10.0,141.1865015973784,0.8482903825550867,0.2978346795412426,0.36027496178425766,0.1727594779627052,0.16432365307346697
target::data/raw/target_domain/train_bearing_a_to_p/O.mat::w0002,target,data/raw/target_domain/train_bearing_a_to_p/O.mat,data/raw/target_domain/train_bearing_a_to_p/O.mat,data/raw/target_domain/train_bearing_a_to_p/O.mat,1.0,2.0,32000,UNKNOWN,unknown,,600.0,problem_approximate_not_used_for_mechanism_features,anonymous_single_channel,unknown,1.439541661673506,1.439541661673506,7.6022543210170115,15.17427100546875,-0.019142526926235942,3.7663368283294822,5.2810241783304175,6.786689523062006,1.2851085876306074,8.099960191112528,0.3391355979874371,70.3125,2205.149313214906,5187.5,0.9022449542924345,0.282008116435655,0.12473753540582934,0.2703611917784382,0.32122459897261335,1.0277650115874741,5.170154019109541,10.0,130.22677091704907,0.836016304116199,0.383734510476899,0.2625799759213043,0.2021111761814689,0.14285650644397338
target::data/raw/target_domain/train_bearing_a_to_p/O.mat::w0003,target,data/raw/target_domain/train_bearing_a_to_p/O.mat,data/raw/target_domain/train_bearing_a_to_p/O.mat,data/raw/target_domain/train_bearing_a_to_p/O.mat,1.5,2.5,32000,UNKNOWN,unknown,,600.0,problem_approximate_not_used_for_mechanism_features,anonymous_single_channel,unknown,1.4613211315366341,1.4613211315366341,8.37970022858812,15.992660545312498,0.008658438392405493,3.8212214702274743,5.734331795894046,7.389352427242529,1.28861612656046,8.840396919562211,0.342323197599925,343.75,2280.2249431100067,5234.375,0.908978827734612,0.2665123858178004,0.12159550592602328,0.27394307787462824,0.3359216304281612,1.046787303963087,5.298598524718553,104.0,120.1184042144714,0.8372245183828775,0.3741485406478115,0.34360773612592743,0.16220667192822374,0.11591686796815345
target::data/raw/target_domain/train_bearing_a_to_p/O.mat::w0004,target,data/raw/target_domain/train_bearing_a_to_p/O.mat,data/raw/target_domain/train_bearing_a_to_p/O.mat,data/raw/target_domain/train_bearing_a_to_p/O.mat,2.0,3.0,32000,UNKNOWN,unknown,,600.0,problem_approximate_not_used_for_mechanism_features,anonymous_single_channel,unknown,1.4702843644969057,1.4702843644969057,8.349414265968608,16.370173911328123,0.0009222376286234041,3.822896806470207,5.678775118322018,7.3083713227081,1.2869626231761453,8.734375319602968,0.33701053157911187,343.75,2311.134812044665,5273.4375,0.9136086881271698,0.2564575722400557,0.12628335216651426,0.26798431143635487,0.34724570667940063,1.0452762861467224,5.32807695840126,4.0,129.9143998577516,0.8360420020298922,0.37266202082734856,0.27940310772194366,0.21169083719971224,0.12958895272904597
target::data/raw/target_domain/train_bearing_a_to_p/O.mat::w0005,target,data/raw/target_domain/train_bearing_a_to_p/O.mat,data/raw/target_domain/train_bearing_a_to_p/O.mat,data/raw/target_domain/train_bearing_a_to_p/O.mat,2.5,3.5,32000,UNKNOWN,unknown,,600.0,problem_approximate_not_used_for_mechanism_features,anonymous_single_channel,unknown,1.4410869283320946,1.4410869283320946,8.024591149577233,15.4969727390625,0.019359836220762403,3.6588844237424127,5.568429628918554,7.125174207900371,1.2795661762325634,8.487999606067094,0.3333854182943217,343.75,2275.7307618793543,5273.4375,0.9100749567661092,0.2673121933220513,0.12971250350757818,0.2649358108524141,0.3363226910912153,1.0089016365068728,4.900282972228859,4.0,146.31792375151718,0.8702518655409003,0.2832702740085644,0.31160383098786504,0.2558799330818896,0.1444767796418493
target::data/raw/target_domain/train_bearing_a_to_p/O.mat::w0006,target,data/raw/target_domain/train_bearing_a_to_p/O.mat,data/raw/target_domain/train_bearing_a_to_p/O.mat,data/raw/target_domain/train_bearing_a_to_p/O.mat,3.0,4.0,32000,UNKNOWN,unknown,,600.0,problem_approximate_not_used_for_mechanism_features,anonymous_single_channel,unknown,1.4581598482324303,1.4581598482324303,7.490412553471362,14.790589578515625,0.028919429795819778,3.749824656573148,5.136893984940021,6.600947349240694,1.2850075101001408,7.876044824821979,0.33751054720460016,343.75,2251.2360245673426,5203.125,0.9115514714201971,0.2702892953498382,0.12387488547835261,0.2774538905445258,0.3267990415323157,1.0358853925498412,5.001113653538685,4.0,136.5259238921294,0.8583948514492193,0.37238787001186224,0.26834446535906337,0.2071681467068819,0.14826636743769434
target::data/raw/target_domain/train_bearing_a_to_p/O.mat::w0007,target,data/raw/target_domain/train_bearing_a_to_p/O.mat,data/raw/target_domain/train_bearing_a_to_p/O.mat,data/raw/target_domain/train_bearing_a_to_p/O.mat,3.5,4.5,32000,UNKNOWN,unknown,,600.0,problem_approximate_not_used_for_mechanism_features,anonymous_single_channel,unknown,1.4667013731104148,1.4667013731104148,7.460392723308033,14.9205394078125,0.04274692864351044,3.9040608673533064,5.0865110376775515,6.562159399546606,1.2901101267517048,7.845576272205492,0.34135441732554145,343.75,2317.856192365149,5218.75,0.9160470529659185,0.25024678379201487,0.12393777964467274,0.28401743596075335,0.3402219111073092,1.0540865327111015,5.612113062312677,4.0,125.62355765966177,0.8332317419966995,0.35499578760735817,0.3269587334130625,0.18809227640795573,0.1272026359147244
target::data/raw/target_domain/train_bearing_a_to_p/O.mat::w0008,target,data/raw/target_domain/train_bearing_a_to_p/O.mat,data/raw/target_domain/train_bearing_a_to_p/O.mat,data/raw/target_domain/train_bearing_a_to_p/O.mat,4.0,5.0,32000,UNKNOWN,unknown,,600.0,problem_approximate_not_used_for_mechanism_features,anonymous_single_channel,unknown,1.4201287593197973,1.4201287593197973,7.459116847257151,14.738581610156249,0.01958344908781334,3.8085687512009363,5.252422921724795,6.745181317264331,1.2842037699135989,8.0446391237565,0.34360448764023876,343.75,2404.57700470978,5242.1875,0.9217864432361028,0.23107592193767756,0.12194991881062513,0.28470351380172126,0.3607589996249805,1.0098114413538373,5.658082426249662,9.0,128.38539008694823,0.8375405052326295,0.3807754120130651,0.28060489036459807,0.2150590594594838,0.1175364104551708
target::data/raw/target_domain/train_bearing_a_to_p/O.mat::w0009,target,data/raw/target_domain/train_bearing_a_to_p/O.mat,data/raw/target_domain/train_bearing_a_to_p/O.mat,data/raw/target_domain/train_bearing_a_to_p/O.mat,4.5,5.5,32000,UNKNOWN,unknown,,600.0,problem_approximate_not_used_for_mechanism_features,anonymous_single_channel,unknown,1.4679666472856034,1.4679666472856034,8.186931695582805,16.163684053125,0.031004238390059852,4.001213047682888,5.577055657712366,7.202528544699894,1.291457175030125,8.610124258953501,0.34732335385480795,343.75,2431.043143566675,5273.4375,0.9247642969162505,0.22730820088312315,0.1257726880642126,0.27676444050840104,0.36820090597008404,1.061945822490269,5.831389471277629,10.0,139.5407491016001,0.846286064966282,0.3220254907965751,0.3053369674268101,0.22781032005996388,0.13710882252729484
target::data/raw/target_domain/train_bearing_a_to_p/O.mat::w0010,target,data/raw/target_domain/train_bearing_a_to_p/O.mat,data/raw/target_domain/train_bearing_a_to_p/O.mat,data/raw/target_domain/train_bearing_a_to_p/O.mat,5.0,6.0,32000,UNKNOWN,unknown,,600.0,problem_approximate_not_used_for_mechanism_features,anonymous_single_channel,unknown,1.482800109330176,1.482800109330176,8.201303478441577,16.163684053125,0.023343704760537626,3.942024662750981,5.530956888141055,7.14267273632461,1.2913990979814765,8.543563959950358,0.34185443295102974,281.25,2401.541419524885,5250.0,0.9164943884030955,0.24227253389419795,0.1127218085979211,0.27483638250384423,0.36825759090892135,1.0714880646410379,5.571769064560091,9.0,98.57036004750435,0.7969511306767524,0.49509768184269254,0.2804765614596652,0.13202724547661018,0.09163894484040064
target::data/raw/target_domain/train_bearing_a_to_p/O.mat::w0011,target,data/raw/target_domain/train_bearing_a_to_p/O.mat,data/raw/target_domain/train_bearing_a_to_p/O.mat,data/raw/target_domain/train_bearing_a_to_p/O.mat,5.5,6.5,32000,UNKNOWN,unknown,,600.0,problem_approximate_not_used_for_mechanism_features,anonymous_single_channel,unknown,1.4420308345032502,1.4420308345032502,7.319437303606128,13.930986176953125,0.02072482326801365,3.6765575321856803,5.075784184685931,6.516609541714638,1.2838626120809626,7.779561355001945,0.33747929622800715,343.75,2329.4727803066776,5210.9375,0.9075519444163908,0.25813448655202736,0.11922472256427684,0.2690920782692107,0.35194277335273666,1.0215682024490143,4.785715829496897,10.0,129.00084090425213,0.8413262904078274,0.42678318141462185,0.23222133400159234,0.18941552552841234,0.14528573095660352
target::data/raw/target_domain/train_bearing_a_to_p/O.mat::w0012,target,data/raw/target_domain/train_bearing_a_to_p/O.mat,data/raw/target_domain/train_bearing_a_to_p/O.mat,data/raw/target_domain/train_bearing_a_to_p/O.mat,6.0,7.0,32000,UNKNOWN,unknown,,600.0,problem_approximate_not_used_for_mechanism_features,anonymous_single_channel,unknown,1.4346564113458973,1.4346564113458973,7.3979537579703365,14.50868115703125,0.0553700673810152,3.7664563237137907,5.1566031416713365,6.632659651442781,1.2862459004918512,7.923768347450596,0.33938560580018123,70.3125,2348.089004580376,5257.8125,0.9164385847203902,0.24440399055434256,0.12907782084649397,0.28088913977211344,0.34408424260366993,1.018992865576734,4.97959306964316,9.0,137.94847270625777,0.8486842765363052,0.2997979842195216,0.3372996540773827,0.24237879790150507,0.11818505441582282
target::data/raw/target_domain/train_bearing_a_to_p/O.mat::w0013,target,data/raw/target_domain/train_bearing_a_to_p/O.mat,data/raw/target_domain/train_bearing_a_to_p/O.mat,data/raw/target_domain/train_bearing_a_to_p/O.mat,6.5,7.5,32000,UNKNOWN,unknown,,600.0,problem_approximate_not_used_for_mechanism_features,anonymous_single_channel,unknown,1.4384317282445855,1.4384317282445855,7.378514654683075,14.50868115703125,0.04166548967139258,3.668338034776437,5.129554993675257,6.57394790801421,1.2815824990891644,7.836592326976011,0.3359479983749492,70.3125,2319.8600886890363,5257.8125,0.9159712832885838,0.2506972711303379,0.12949221527395308,0.2815674637181762,0.3364693550628623,1.0176903337912382,4.8540809323779435,10.0,143.4447203521817,0.8620424090960082,0.37059878639093924,0.23819935726930405,0.22256404235369254,0.16401933724689757
target::data/raw/target_domain/train_bearing_a_to_p/O.mat::w0014,target,data/raw/target_domain/train_bearing_a_to_p/O.mat,data/raw/target_domain/train_bearing_a_to_p/O.mat,data/raw/target_domain/train_bearing_a_to_p/O.mat,7.0,8.0,32000,UNKNOWN,unknown,,600.0,problem_approximate_not_used_for_mechanism_features,anonymous_single_channel,unknown,1.465215649014217,1.465215649014217,7.698983971316876,14.261818536328125,0.001174126475023826,3.5853249914083047,5.254505694428955,6.722309605165551,1.2793419583288745,8.012573453209662,0.3343541985687053,70.3125,2223.686877292503,5187.5,0.9064471248989165,0.27906540421031856,0.12183526621110219,0.2756604584021114,0.3214998676331651,1.0344377062702865,4.552726981055731,10.0,123.46635875243015,0.8169507790638321,0.41424688672916044,0.245853604980877,0.2259690866769624,0.11042305070771435
target::data/raw/target_domain/train_bearing_a_to_p/P.mat::w0000,target,data/raw/target_domain/train_bearing_a_to_p/P.mat,data/raw/target_domain/train_bearing_a_to_p/P.mat,data/raw/target_domain/train_bearing_a_to_p/P.mat,0.0,1.0,32000,UNKNOWN,unknown,,600.0,problem_approximate_not_used_for_mechanism_features,anonymous_single_channel,unknown,8.463564784880921,8.463564784880921,35.48634747212,69.56353143632813,0.014155273269273018,3.137305470777715,4.192836987023203,5.293765260855607,1.262573593306666,6.273276060231939,0.37088659020594394,4882.8125,4057.1147376400545,5796.875,0.9329828216942887,0.016134052709844533,0.034990203578657446,0.23450652755366147,0.7111048034324939,5.6830235817285155,3.404673542438693,165.0,222.82404423190374,0.9276379203169244,0.1264539989696067,0.2401546592928255,0.29595018837912906,0.33241680141520014
target::data/raw/target_domain/train_bearing_a_to_p/P.mat::w0001,target,data/raw/target_domain/train_bearing_a_to_p/P.mat,data/raw/target_domain/train_bearing_a_to_p/P.mat,data/raw/target_domain/train_bearing_a_to_p/P.mat,0.5,1.5,32000,UNKNOWN,unknown,,600.0,problem_approximate_not_used_for_mechanism_features,anonymous_single_channel,unknown,8.455871731629081,8.455871731629081,35.11703505213871,69.70273335703125,0.007144109458807421,3.100738344100274,4.152976318311421,5.233028170913196,1.2600669423129047,6.194171435560073,0.3721366292696647,4882.8125,4013.465707933812,5789.0625,0.9331860100151768,0.015605816794579798,0.03852304550451466,0.23987118657561599,0.7029093200967913,5.635678952852173,3.3622487026876673,83.0,223.55401459527863,0.9225914172652663,0.09783699436429202,0.2723697879883512,0.3208078971191049,0.3048483480709429
target::data/raw/target_domain/train_bearing_a_to_p/P.mat::w0002,target,data/raw/target_domain/train_bearing_a_to_p/P.mat,data/raw/target_domain/train_bearing_a_to_p/P.mat,data/raw/target_domain/train_bearing_a_to_p/P.mat,1.0,2.0,32000,UNKNOWN,unknown,,600.0,problem_approximate_not_used_for_mechanism_features,anonymous_single_channel,unknown,8.519728002020809,8.519728002020809,35.10141095352236,68.53963332070313,0.005602284759625069,3.0537686705613214,4.12001544476449,5.172438940186909,1.2554416383946279,6.107330209548788,0.37363667614612955,4851.5625,4050.3362076398507,5789.0625,0.9311834918262336,0.012244176730490056,0.03840461559097238,0.2319413424253072,0.7144590825197117,5.617847620300725,3.364712686446809,83.0,216.41619429044394,0.9255383936074025,0.1501929615123161,0.216132036469358,0.300560265633229,0.3222571601680432
target::data/raw/target_domain/train_bearing_a_to_p/P.mat::w0003,target,data/raw/target_domain/train_bearing_a_to_p/P.mat,data/raw/target_domain/train_bearing_a_to_p/P.mat,data/raw/target_domain/train_bearing_a_to_p/P.mat,1.5,2.5,32000,UNKNOWN,unknown,,600.0,problem_approximate_not_used_for_mechanism_features,anonymous_single_channel,unknown,8.429979195023412,8.429979195023412,36.94503904025397,68.69047044726562,0.006926554371317249,3.0723019730314065,4.3825777247540385,5.509168916452815,1.2570613146995244,6.511685869178105,0.3727928997781181,4804.6875,4074.3933566903,5804.6875,0.9339637461127044,0.01318581055205144,0.038870583437194364,0.22114652497210577,0.7236843985146398,5.582153451906736,3.3630161540708707,83.0,211.6305265639921,0.9177718948079507,0.16172305213144586,0.22069335426159006,0.31800432668085216,0.2971684897579823
target::data/raw/target_domain/train_bearing_a_to_p/P.mat::w0004,target,data/raw/target_domain/train_bearing_a_to_p/P.mat,data/raw/target_domain/train_bearing_a_to_p/P.mat,data/raw/target_domain/train_bearing_a_to_p/P.mat,2.0,3.0,32000,UNKNOWN,unknown,,600.0,problem_approximate_not_used_for_mechanism_features,anonymous_single_channel,unknown,8.472287133749285,8.472287133749285,36.93406478343947,71.7709963359375,0.0014869683767072327,3.1356759102107516,4.359397197045951,5.502401382443572,1.262193173444141,6.523710507479129,0.3755429857183037,4765.625,4068.6511225907107,5820.3125,0.9354397706185424,0.0127662864411213,0.040021201330917563,0.22684041023119175,0.7172789284833345,5.683765896184724,3.3722914551987144,83.0,217.1900961482931,0.9173027708907647,0.13038884704297124,0.25581746111975145,0.2790718894033118,0.3281572117925024
target::data/raw/target_domain/train_bearing_a_to_p/P.mat::w0005,target,data/raw/target_domain/train_bearing_a_to_p/P.mat,data/raw/target_domain/train_bearing_a_to_p/P.mat,data/raw/target_domain/train_bearing_a_to_p/P.mat,2.5,3.5,32000,UNKNOWN,unknown,,600.0,problem_approximate_not_used_for_mechanism_features,anonymous_single_channel,unknown,8.473606258426713,8.473606258426713,35.02658875875481,69.870672834375,0.007653205638880305,3.1486644845694833,4.133610612827086,5.221396945873279,1.2631564593118776,6.18851744756651,0.3756367386480828,4773.4375,4040.4451963462543,5796.875,0.9333277226184934,0.013343722223723502,0.04044689499705247,0.23403865644366678,0.7083469124390728,5.700493201925362,3.368579315052188,83.0,211.46810413143632,0.9141567734654593,0.133717301157049,0.2999166321907125,0.27100218272061366,0.2929797485370859
target::data/raw/target_domain/train_bearing_a_to_p/P.mat::w0006,target,data/raw/target_domain/train_bearing_a_to_p/P.mat,data/raw/target_domain/train_bearing_a_to_p/P.mat,data/raw/target_domain/train_bearing_a_to_p/P.mat,3.0,4.0,32000,UNKNOWN,unknown,,600.0,problem_approximate_not_used_for_mechanism_features,anonymous_single_channel,unknown,8.425906840056346,8.425906840056346,33.73230787094259,66.97939426992187,0.023896260561849108,3.1000189616414504,4.003403848542077,5.0439167817846595,1.259907062241774,5.968535160281474,0.3730429075908622,4875.0,4075.032521187635,5804.6875,0.9313147199259354,0.01350295250020906,0.03913920147853713,0.22559221310984523,0.7180894696546881,5.6442873175148645,3.2875226126617068,21.0,219.01476136683743,0.9228747942997166,0.1483918465035678,0.25631975800143975,0.27632653192951206,0.31518581478244845
target::data/raw/target_domain/train_bearing_a_to_p/P.mat::w0007,target,data/raw/target_domain/train_bearing_a_to_p/P.mat,data/raw/target_domain/train_bearing_a_to_p/P.mat,data/raw/target_domain/train_bearing_a_to_p/P.mat,3.5,4.5,32000,UNKNOWN,unknown,,600.0,problem_approximate_not_used_for_mechanism_features,anonymous_single_channel,unknown,8.5434299186874,8.5434299186874,36.292971962404216,67.95675156210936,0.03012255186088562,3.0956815963190834,4.248056378740211,5.344955450595727,1.2582119854492568,6.319566988482536,0.3722303821994437,4882.8125,4072.0132994883807,5804.6875,0.9314232922312926,0.01388277008065107,0.0363127106439881,0.2252562548417741,0.7215264656457835,5.696766930669391,3.357490504798521,82.0,195.21891729462013,0.9144254212783638,0.1742170484918393,0.26170441678672834,0.3103172854288374,0.2452621913187505
target::data/raw/target_domain/train_bearing_a_to_p/P.mat::w0008,target,data/raw/target_domain/train_bearing_a_to_p/P.mat,data/raw/target_domain/train_bearing_a_to_p/P.mat,data/raw/target_domain/train_bearing_a_to_p/P.mat,4.0,5.0,32000,UNKNOWN,unknown,,600.0,problem_approximate_not_used_for_mechanism_features,anonymous_single_channel,unknown,8.510958688459313,8.510958688459313,36.34264843001357,70.32752989335938,0.01888955342403785,3.094999516675621,4.270100438777736,5.36456257852699,1.2563082895684534,6.334512502112221,0.37198037438669956,4882.8125,4030.2232511902816,5796.875,0.9309032883885474,0.013525639162315476,0.03711235516113467,0.24201849216256374,0.7033887097339312,5.6137403574533105,3.500721577442377,83.0,212.62052678199674,0.9262832786586099,0.132123172531925,0.26422205494807444,0.30215017072068606,0.29608263018916897
target::data/raw/target_domain/train_bearing_a_to_p/P.mat::w0009,target,data/raw/target_domain/train_bearing_a_to_p/P.mat,data/raw/target_domain/train_bearing_a_to_p/P.mat,data/raw/target_domain/train_bearing_a_to_p/P.mat,4.5,5.5,32000,UNKNOWN,unknown,,600.0,problem_approximate_not_used_for_mechanism_features,anonymous_single_channel,unknown,8.42156818928331,8.42156818928331,36.348147938116796,69.79679628632812,0.007293519737564734,3.0811842170506982,4.316078326643077,5.421989090510131,1.256230466680746,6.404654629339146,0.3722928841526298,4882.8125,4053.096443981768,5804.6875,0.9309369553900428,0.012799498857412116,0.03835883644943175,0.23796533548431167,0.7071818034401591,5.549226643573864,3.4990431253062035,83.0,224.83948100018617,0.9226749149283233,0.11322267900542608,0.25756005761681583,0.2916822157334707,0.33378515365523664
target::data/raw/target_domain/train_bearing_a_to_p/P.mat::w0010,target,data/raw/target_domain/train_bearing_a_to_p/P.mat,data/raw/target_domain/train_bearing_a_to_p/P.mat,data/raw/target_domain/train_bearing_a_to_p/P.mat,5.0,6.0,32000,UNKNOWN,unknown,,600.0,problem_approximate_not_used_for_mechanism_features,anonymous_single_channel,unknown,8.419431714721533,8.419431714721533,36.346950096671115,68.92934262539063,0.022303477974628245,3.0832242989364684,4.317031282896859,5.431955866170044,1.2582618726182573,6.424826147147873,0.37357417419294353,4804.6875,4061.606421343914,5796.875,0.9304499612528522,0.014302857694289963,0.035926629950888946,0.23258375880406945,0.7145682412477398,5.590156625557846,3.4104157681406315,49.0,226.19805892841234,0.9268564168277827,0.14541964178845745,0.22177678749547808,0.28691674706979686,0.3336790827880618
target::data/raw/target_domain/train_bearing_a_to_p/P.mat::w0011,target,data/raw/target_domain/train_bearing_a_to_p/P.mat,data/raw/target_domain/train_bearing_a_to_p/P.mat,data/raw/target_domain/train_bearing_a_to_p/P.mat,5.5,6.5,32000,UNKNOWN,unknown,,600.0,problem_approximate_not_used_for_mechanism_features,anonymous_single_channel,unknown,8.331897974047367,8.331897974047367,36.4815923501714,71.31932605546875,0.03303660452334763,3.0589767571283377,4.378545256291159,5.505087363797667,1.25728684792905,6.508468020491314,0.3723553861058158,4796.875,4073.8124619018954,5812.5,0.9307316584697236,0.01493778338947515,0.03147687164208528,0.2355659982445759,0.7156865164895707,5.510891095769677,3.368153283244898,83.0,234.79855889022838,0.9186315630440782,0.11242555186366893,0.2185444221903056,0.28883522531263167,0.37567143700376676
target::data/raw/target_domain/train_bearing_a_to_p/P.mat::w0012,target,data/raw/target_domain/train_bearing_a_to_p/P.mat,data/raw/target_domain/train_bearing_a_to_p/P.mat,data/raw/target_domain/train_bearing_a_to_p/P.mat,6.0,7.0,32000,UNKNOWN,unknown,,600.0,problem_approximate_not_used_for_mechanism_features,anonymous_single_channel,unknown,8.315876294062406,8.315876294062406,36.462030567195434,68.6207993953125,0.012326973617858117,3.0277278363777436,4.384628784488436,5.50360122608561,1.2552034611356648,6.502184565517848,0.36904278258695583,2570.3125,4049.0991365331415,5820.3125,0.9305863833272131,0.016931360108817236,0.0340314766679465,0.24256182075358024,0.7037936754200459,5.473089534473262,3.311195026784325,250.0,228.12976729134348,0.9324103857991416,0.1467837377810485,0.20038836978564206,0.32892745049216937,0.32118765254504705
target::data/raw/target_domain/train_bearing_a_to_p/P.mat::w0013,target,data/raw/target_domain/train_bearing_a_to_p/P.mat,data/raw/target_domain/train_bearing_a_to_p/P.mat,data/raw/target_domain/train_bearing_a_to_p/P.mat,6.5,7.5,32000,UNKNOWN,unknown,,600.0,problem_approximate_not_used_for_mechanism_features,anonymous_single_channel,unknown,8.404605991705935,8.404605991705935,32.148720684488254,64.19872025273438,0.01679365953898805,3.0371809374824905,3.8251312097450274,4.801097432799245,1.2551458158003164,5.669105888309305,0.37029282165067656,4859.375,4037.903076738484,5789.0625,0.9334190162274969,0.014421184483045385,0.03683630725328803,0.24449164058158537,0.7011302085474027,5.559536684292616,3.2468747337445913,88.0,228.68097435612248,0.934760318992556,0.13513480830204977,0.24457071944076916,0.23612048311480535,0.3732885749114264
target::data/raw/target_domain/train_bearing_a_to_p/P.mat::w0014,target,data/raw/target_domain/train_bearing_a_to_p/P.mat,data/raw/target_domain/train_bearing_a_to_p/P.mat,data/raw/target_domain/train_bearing_a_to_p/P.mat,7.0,8.0,32000,UNKNOWN,unknown,,600.0,problem_approximate_not_used_for_mechanism_features,anonymous_single_channel,unknown,8.458055260036438,8.458055260036438,32.50254447848954,64.07577958359374,0.029090754406239223,3.062494085834721,3.8427916913781988,4.829949330499118,1.2568855453016525,5.706771297803156,0.3700740648145254,4789.0625,4062.31551604572,5789.0625,0.9319128041600574,0.012779971221647505,0.03647682446035208,0.2345458896946986,0.7118460265493476,5.612859664934085,3.265424369406511,68.0,211.08465997374827,0.9274968879420721,0.1040258321093657,0.3107759912970976,0.2923395178673733,0.28416367659816244
