window_id,domain,original_file_id,acquisition_id,independent_object_id,window_index_in_file,window_start_sample,window_end_sample_exclusive,window_start_s,window_end_s,window_seconds,stride_seconds,overlap_fraction,fs_hz,signal_var,channel,sensor_position,fault_bearing_location,class_label,truth_status,load_hp,rpm_value,rpm_source,fault_size_in,or_position,n_points_in_file
source::data/raw/source_domain/cwru_48khz_de/B007_0.mat::w0000,source,data/raw/source_domain/cwru_48khz_de/B007_0.mat,data/raw/source_domain/cwru_48khz_de/B007_0.mat,data/raw/source_domain/cwru_48khz_de/B007_0.mat,0,0,48000,0.0,1.0,1.0,0.5,0.5,48000,X122_DE_time,DE_time,drive_end,drive_end,B,known_source_label,0.0,1796.0,mat_variable,0.007,,192000
source::data/raw/source_domain/cwru_48khz_de/B007_0.mat::w0001,source,data/raw/source_domain/cwru_48khz_de/B007_0.mat,data/raw/source_domain/cwru_48khz_de/B007_0.mat,data/raw/source_domain/cwru_48khz_de/B007_0.mat,1,24000,72000,0.5,1.5,1.0,0.5,0.5,48000,X122_DE_time,DE_time,drive_end,drive_end,B,known_source_label,0.0,1796.0,mat_variable,0.007,,192000
source::data/raw/source_domain/cwru_48khz_de/B007_0.mat::w0002,source,data/raw/source_domain/cwru_48khz_de/B007_0.mat,data/raw/source_domain/cwru_48khz_de/B007_0.mat,data/raw/source_domain/cwru_48khz_de/B007_0.mat,2,48000,96000,1.0,2.0,1.0,0.5,0.5,48000,X122_DE_time,DE_time,drive_end,drive_end,B,known_source_label,0.0,1796.0,mat_variable,0.007,,192000
source::data/raw/source_domain/cwru_48khz_de/B007_0.mat::w0003,source,data/raw/source_domain/cwru_48khz_de/B007_0.mat,data/raw/source_domain/cwru_48khz_de/B007_0.mat,data/raw/source_domain/cwru_48khz_de/B007_0.mat,3,72000,120000,1.5,2.5,1.0,0.5,0.5,48000,X122_DE_time,DE_time,drive_end,drive_end,B,known_source_label,0.0,1796.0,mat_variable,0.007,,192000
source::data/raw/source_domain/cwru_48khz_de/B007_0.mat::w0004,source,data/raw/source_domain/cwru_48khz_de/B007_0.mat,data/raw/source_domain/cwru_48khz_de/B007_0.mat,data/raw/source_domain/cwru_48khz_de/B007_0.mat,4,96000,144000,2.0,3.0,1.0,0.5,0.5,48000,X122_DE_time,DE_time,drive_end,drive_end,B,known_source_label,0.0,1796.0,mat_variable,0.007,,192000
source::data/raw/source_domain/cwru_48khz_de/B007_0.mat::w0005,source,data/raw/source_domain/cwru_48khz_de/B007_0.mat,data/raw/source_domain/cwru_48khz_de/B007_0.mat,data/raw/source_domain/cwru_48khz_de/B007_0.mat,5,120000,168000,2.5,3.5,1.0,0.5,0.5,48000,X122_DE_time,DE_time,drive_end,drive_end,B,known_source_label,0.0,1796.0,mat_variable,0.007,,192000
source::data/raw/source_domain/cwru_48khz_de/B007_0.mat::w0006,source,data/raw/source_domain/cwru_48khz_de/B007_0.mat,data/raw/source_domain/cwru_48khz_de/B007_0.mat,data/raw/source_domain/cwru_48khz_de/B007_0.mat,6,144000,192000,3.0,4.0,1.0,0.5,0.5,48000,X122_DE_time,DE_time,drive_end,drive_end,B,known_source_label,0.0,1796.0,mat_variable,0.007,,192000
source::data/raw/source_domain/cwru_48khz_de/B007_1.mat::w0000,source,data/raw/source_domain/cwru_48khz_de/B007_1.mat,data/raw/source_domain/cwru_48khz_de/B007_1.mat,data/raw/source_domain/cwru_48khz_de/B007_1.mat,0,0,48000,0.0,1.0,1.0,0.5,0.5,48000,X123_DE_time,DE_time,drive_end,drive_end,B,known_source_label,1.0,1772.0,mat_variable,0.007,,192000
source::data/raw/source_domain/cwru_48khz_de/B007_1.mat::w0001,source,data/raw/source_domain/cwru_48khz_de/B007_1.mat,data/raw/source_domain/cwru_48khz_de/B007_1.mat,data/raw/source_domain/cwru_48khz_de/B007_1.mat,1,24000,72000,0.5,1.5,1.0,0.5,0.5,48000,X123_DE_time,DE_time,drive_end,drive_end,B,known_source_label,1.0,1772.0,mat_variable,0.007,,192000
source::data/raw/source_domain/cwru_48khz_de/B007_1.mat::w0002,source,data/raw/source_domain/cwru_48khz_de/B007_1.mat,data/raw/source_domain/cwru_48khz_de/B007_1.mat,data/raw/source_domain/cwru_48khz_de/B007_1.mat,2,48000,96000,1.0,2.0,1.0,0.5,0.5,48000,X123_DE_time,DE_time,drive_end,drive_end,B,known_source_label,1.0,1772.0,mat_variable,0.007,,192000
source::data/raw/source_domain/cwru_48khz_de/B007_1.mat::w0003,source,data/raw/source_domain/cwru_48khz_de/B007_1.mat,data/raw/source_domain/cwru_48khz_de/B007_1.mat,data/raw/source_domain/cwru_48khz_de/B007_1.mat,3,72000,120000,1.5,2.5,1.0,0.5,0.5,48000,X123_DE_time,DE_time,drive_end,drive_end,B,known_source_label,1.0,1772.0,mat_variable,0.007,,192000
source::data/raw/source_domain/cwru_48khz_de/B007_1.mat::w0004,source,data/raw/source_domain/cwru_48khz_de/B007_1.mat,data/raw/source_domain/cwru_48khz_de/B007_1.mat,data/raw/source_domain/cwru_48khz_de/B007_1.mat,4,96000,144000,2.0,3.0,1.0,0.5,0.5,48000,X123_DE_time,DE_time,drive_end,drive_end,B,known_source_label,1.0,1772.0,mat_variable,0.007,,192000
source::data/raw/source_domain/cwru_48khz_de/B007_1.mat::w0005,source,data/raw/source_domain/cwru_48khz_de/B007_1.mat,data/raw/source_domain/cwru_48khz_de/B007_1.mat,data/raw/source_domain/cwru_48khz_de/B007_1.mat,5,120000,168000,2.5,3.5,1.0,0.5,0.5,48000,X123_DE_time,DE_time,drive_end,drive_end,B,known_source_label,1.0,1772.0,mat_variable,0.007,,192000
source::data/raw/source_domain/cwru_48khz_de/B007_1.mat::w0006,source,data/raw/source_domain/cwru_48khz_de/B007_1.mat,data/raw/source_domain/cwru_48khz_de/B007_1.mat,data/raw/source_domain/cwru_48khz_de/B007_1.mat,6,144000,192000,3.0,4.0,1.0,0.5,0.5,48000,X123_DE_time,DE_time,drive_end,drive_end,B,known_source_label,1.0,1772.0,mat_variable,0.007,,192000
source::data/raw/source_domain/cwru_48khz_de/B007_2.mat::w0000,source,data/raw/source_domain/cwru_48khz_de/B007_2.mat,data/raw/source_domain/cwru_48khz_de/B007_2.mat,data/raw/source_domain/cwru_48khz_de/B007_2.mat,0,0,48000,0.0,1.0,1.0,0.5,0.5,48000,X124_DE_time,DE_time,drive_end,drive_end,B,known_source_label,2.0,1747.0,mat_variable,0.007,,192000
source::data/raw/source_domain/cwru_48khz_de/B007_2.mat::w0001,source,data/raw/source_domain/cwru_48khz_de/B007_2.mat,data/raw/source_domain/cwru_48khz_de/B007_2.mat,data/raw/source_domain/cwru_48khz_de/B007_2.mat,1,24000,72000,0.5,1.5,1.0,0.5,0.5,48000,X124_DE_time,DE_time,drive_end,drive_end,B,known_source_label,2.0,1747.0,mat_variable,0.007,,192000
source::data/raw/source_domain/cwru_48khz_de/B007_2.mat::w0002,source,data/raw/source_domain/cwru_48khz_de/B007_2.mat,data/raw/source_domain/cwru_48khz_de/B007_2.mat,data/raw/source_domain/cwru_48khz_de/B007_2.mat,2,48000,96000,1.0,2.0,1.0,0.5,0.5,48000,X124_DE_time,DE_time,drive_end,drive_end,B,known_source_label,2.0,1747.0,mat_variable,0.007,,192000
source::data/raw/source_domain/cwru_48khz_de/B007_2.mat::w0003,source,data/raw/source_domain/cwru_48khz_de/B007_2.mat,data/raw/source_domain/cwru_48khz_de/B007_2.mat,data/raw/source_domain/cwru_48khz_de/B007_2.mat,3,72000,120000,1.5,2.5,1.0,0.5,0.5,48000,X124_DE_time,DE_time,drive_end,drive_end,B,known_source_label,2.0,1747.0,mat_variable,0.007,,192000
source::data/raw/source_domain/cwru_48khz_de/B007_2.mat::w0004,source,data/raw/source_domain/cwru_48khz_de/B007_2.mat,data/raw/source_domain/cwru_48khz_de/B007_2.mat,data/raw/source_domain/cwru_48khz_de/B007_2.mat,4,96000,144000,2.0,3.0,1.0,0.5,0.5,48000,X124_DE_time,DE_time,drive_end,drive_end,B,known_source_label,2.0,1747.0,mat_variable,0.007,,192000
source::data/raw/source_domain/cwru_48khz_de/B007_2.mat::w0005,source,data/raw/source_domain/cwru_48khz_de/B007_2.mat,data/raw/source_domain/cwru_48khz_de/B007_2.mat,data/raw/source_domain/cwru_48khz_de/B007_2.mat,5,120000,168000,2.5,3.5,1.0,0.5,0.5,48000,X124_DE_time,DE_time,drive_end,drive_end,B,known_source_label,2.0,1747.0,mat_variable,0.007,,192000
source::data/raw/source_domain/cwru_48khz_de/B007_2.mat::w0006,source,data/raw/source_domain/cwru_48khz_de/B007_2.mat,data/raw/source_domain/cwru_48khz_de/B007_2.mat,data/raw/source_domain/cwru_48khz_de/B007_2.mat,6,144000,192000,3.0,4.0,1.0,0.5,0.5,48000,X124_DE_time,DE_time,drive_end,drive_end,B,known_source_label,2.0,1747.0,mat_variable,0.007,,192000
source::data/raw/source_domain/cwru_48khz_de/B007_3.mat::w0000,source,data/raw/source_domain/cwru_48khz_de/B007_3.mat,data/raw/source_domain/cwru_48khz_de/B007_3.mat,data/raw/source_domain/cwru_48khz_de/B007_3.mat,0,0,48000,0.0,1.0,1.0,0.5,0.5,48000,X125_DE_time,DE_time,drive_end,drive_end,B,known_source_label,3.0,1721.0,mat_variable,0.007,,192000
source::data/raw/source_domain/cwru_48khz_de/B007_3.mat::w0001,source,data/raw/source_domain/cwru_48khz_de/B007_3.mat,data/raw/source_domain/cwru_48khz_de/B007_3.mat,data/raw/source_domain/cwru_48khz_de/B007_3.mat,1,24000,72000,0.5,1.5,1.0,0.5,0.5,48000,X125_DE_time,DE_time,drive_end,drive_end,B,known_source_label,3.0,1721.0,mat_variable,0.007,,192000
source::data/raw/source_domain/cwru_48khz_de/B007_3.mat::w0002,source,data/raw/source_domain/cwru_48khz_de/B007_3.mat,data/raw/source_domain/cwru_48khz_de/B007_3.mat,data/raw/source_domain/cwru_48khz_de/B007_3.mat,2,48000,96000,1.0,2.0,1.0,0.5,0.5,48000,X125_DE_time,DE_time,drive_end,drive_end,B,known_source_label,3.0,1721.0,mat_variable,0.007,,192000
source::data/raw/source_domain/cwru_48khz_de/B007_3.mat::w0003,source,data/raw/source_domain/cwru_48khz_de/B007_3.mat,data/raw/source_domain/cwru_48khz_de/B007_3.mat,data/raw/source_domain/cwru_48khz_de/B007_3.mat,3,72000,120000,1.5,2.5,1.0,0.5,0.5,48000,X125_DE_time,DE_time,drive_end,drive_end,B,known_source_label,3.0,1721.0,mat_variable,0.007,,192000
source::data/raw/source_domain/cwru_48khz_de/B007_3.mat::w0004,source,data/raw/source_domain/cwru_48khz_de/B007_3.mat,data/raw/source_domain/cwru_48khz_de/B007_3.mat,data/raw/source_domain/cwru_48khz_de/B007_3.mat,4,96000,144000,2.0,3.0,1.0,0.5,0.5,48000,X125_DE_time,DE_time,drive_end,drive_end,B,known_source_label,3.0,1721.0,mat_variable,0.007,,192000
source::data/raw/source_domain/cwru_48khz_de/B007_3.mat::w0005,source,data/raw/source_domain/cwru_48khz_de/B007_3.mat,data/raw/source_domain/cwru_48khz_de/B007_3.mat,data/raw/source_domain/cwru_48khz_de/B007_3.mat,5,120000,168000,2.5,3.5,1.0,0.5,0.5,48000,X125_DE_time,DE_time,drive_end,drive_end,B,known_source_label,3.0,1721.0,mat_variable,0.007,,192000
source::data/raw/source_domain/cwru_48khz_de/B007_3.mat::w0006,source,data/raw/source_domain/cwru_48khz_de/B007_3.mat,data/raw/source_domain/cwru_48khz_de/B007_3.mat,data/raw/source_domain/cwru_48khz_de/B007_3.mat,6,144000,192000,3.0,4.0,1.0,0.5,0.5,48000,X125_DE_time,DE_time,drive_end,drive_end,B,known_source_label,3.0,1721.0,mat_variable,0.007,,192000
source::data/raw/source_domain/cwru_48khz_de/B014_0.mat::w0000,source,data/raw/source_domain/cwru_48khz_de/B014_0.mat,data/raw/source_domain/cwru_48khz_de/B014_0.mat,data/raw/source_domain/cwru_48khz_de/B014_0.mat,0,0,48000,0.0,1.0,1.0,0.5,0.5,48000,X189_DE_time,DE_time,drive_end,drive_end,B,known_source_label,0.0,1797.0,mat_variable,0.014,,192000
source::data/raw/source_domain/cwru_48khz_de/B014_0.mat::w0001,source,data/raw/source_domain/cwru_48khz_de/B014_0.mat,data/raw/source_domain/cwru_48khz_de/B014_0.mat,data/raw/source_domain/cwru_48khz_de/B014_0.mat,1,24000,72000,0.5,1.5,1.0,0.5,0.5,48000,X189_DE_time,DE_time,drive_end,drive_end,B,known_source_label,0.0,1797.0,mat_variable,0.014,,192000
source::data/raw/source_domain/cwru_48khz_de/B014_0.mat::w0002,source,data/raw/source_domain/cwru_48khz_de/B014_0.mat,data/raw/source_domain/cwru_48khz_de/B014_0.mat,data/raw/source_domain/cwru_48khz_de/B014_0.mat,2,48000,96000,1.0,2.0,1.0,0.5,0.5,48000,X189_DE_time,DE_time,drive_end,drive_end,B,known_source_label,0.0,1797.0,mat_variable,0.014,,192000
source::data/raw/source_domain/cwru_48khz_de/B014_0.mat::w0003,source,data/raw/source_domain/cwru_48khz_de/B014_0.mat,data/raw/source_domain/cwru_48khz_de/B014_0.mat,data/raw/source_domain/cwru_48khz_de/B014_0.mat,3,72000,120000,1.5,2.5,1.0,0.5,0.5,48000,X189_DE_time,DE_time,drive_end,drive_end,B,known_source_label,0.0,1797.0,mat_variable,0.014,,192000
source::data/raw/source_domain/cwru_48khz_de/B014_0.mat::w0004,source,data/raw/source_domain/cwru_48khz_de/B014_0.mat,data/raw/source_domain/cwru_48khz_de/B014_0.mat,data/raw/source_domain/cwru_48khz_de/B014_0.mat,4,96000,144000,2.0,3.0,1.0,0.5,0.5,48000,X189_DE_time,DE_time,drive_end,drive_end,B,known_source_label,0.0,1797.0,mat_variable,0.014,,192000
source::data/raw/source_domain/cwru_48khz_de/B014_0.mat::w0005,source,data/raw/source_domain/cwru_48khz_de/B014_0.mat,data/raw/source_domain/cwru_48khz_de/B014_0.mat,data/raw/source_domain/cwru_48khz_de/B014_0.mat,5,120000,168000,2.5,3.5,1.0,0.5,0.5,48000,X189_DE_time,DE_time,drive_end,drive_end,B,known_source_label,0.0,1797.0,mat_variable,0.014,,192000
source::data/raw/source_domain/cwru_48khz_de/B014_0.mat::w0006,source,data/raw/source_domain/cwru_48khz_de/B014_0.mat,data/raw/source_domain/cwru_48khz_de/B014_0.mat,data/raw/source_domain/cwru_48khz_de/B014_0.mat,6,144000,192000,3.0,4.0,1.0,0.5,0.5,48000,X189_DE_time,DE_time,drive_end,drive_end,B,known_source_label,0.0,1797.0,mat_variable,0.014,,192000
source::data/raw/source_domain/cwru_48khz_de/B014_1.mat::w0000,source,data/raw/source_domain/cwru_48khz_de/B014_1.mat,data/raw/source_domain/cwru_48khz_de/B014_1.mat,data/raw/source_domain/cwru_48khz_de/B014_1.mat,0,0,48000,0.0,1.0,1.0,0.5,0.5,48000,X190_DE_time,DE_time,drive_end,drive_end,B,known_source_label,1.0,1772.0,mat_variable,0.014,,192000
source::data/raw/source_domain/cwru_48khz_de/B014_1.mat::w0001,source,data/raw/source_domain/cwru_48khz_de/B014_1.mat,data/raw/source_domain/cwru_48khz_de/B014_1.mat,data/raw/source_domain/cwru_48khz_de/B014_1.mat,1,24000,72000,0.5,1.5,1.0,0.5,0.5,48000,X190_DE_time,DE_time,drive_end,drive_end,B,known_source_label,1.0,1772.0,mat_variable,0.014,,192000
source::data/raw/source_domain/cwru_48khz_de/B014_1.mat::w0002,source,data/raw/source_domain/cwru_48khz_de/B014_1.mat,data/raw/source_domain/cwru_48khz_de/B014_1.mat,data/raw/source_domain/cwru_48khz_de/B014_1.mat,2,48000,96000,1.0,2.0,1.0,0.5,0.5,48000,X190_DE_time,DE_time,drive_end,drive_end,B,known_source_label,1.0,1772.0,mat_variable,0.014,,192000
source::data/raw/source_domain/cwru_48khz_de/B014_1.mat::w0003,source,data/raw/source_domain/cwru_48khz_de/B014_1.mat,data/raw/source_domain/cwru_48khz_de/B014_1.mat,data/raw/source_domain/cwru_48khz_de/B014_1.mat,3,72000,120000,1.5,2.5,1.0,0.5,0.5,48000,X190_DE_time,DE_time,drive_end,drive_end,B,known_source_label,1.0,1772.0,mat_variable,0.014,,192000
source::data/raw/source_domain/cwru_48khz_de/B014_1.mat::w0004,source,data/raw/source_domain/cwru_48khz_de/B014_1.mat,data/raw/source_domain/cwru_48khz_de/B014_1.mat,data/raw/source_domain/cwru_48khz_de/B014_1.mat,4,96000,144000,2.0,3.0,1.0,0.5,0.5,48000,X190_DE_time,DE_time,drive_end,drive_end,B,known_source_label,1.0,1772.0,mat_variable,0.014,,192000
source::data/raw/source_domain/cwru_48khz_de/B014_1.mat::w0005,source,data/raw/source_domain/cwru_48khz_de/B014_1.mat,data/raw/source_domain/cwru_48khz_de/B014_1.mat,data/raw/source_domain/cwru_48khz_de/B014_1.mat,5,120000,168000,2.5,3.5,1.0,0.5,0.5,48000,X190_DE_time,DE_time,drive_end,drive_end,B,known_source_label,1.0,1772.0,mat_variable,0.014,,192000
source::data/raw/source_domain/cwru_48khz_de/B014_1.mat::w0006,source,data/raw/source_domain/cwru_48khz_de/B014_1.mat,data/raw/source_domain/cwru_48khz_de/B014_1.mat,data/raw/source_domain/cwru_48khz_de/B014_1.mat,6,144000,192000,3.0,4.0,1.0,0.5,0.5,48000,X190_DE_time,DE_time,drive_end,drive_end,B,known_source_label,1.0,1772.0,mat_variable,0.014,,192000
source::data/raw/source_domain/cwru_48khz_de/B014_2.mat::w0000,source,data/raw/source_domain/cwru_48khz_de/B014_2.mat,data/raw/source_domain/cwru_48khz_de/B014_2.mat,data/raw/source_domain/cwru_48khz_de/B014_2.mat,0,0,48000,0.0,1.0,1.0,0.5,0.5,48000,X191_DE_time,DE_time,drive_end,drive_end,B,known_source_label,2.0,1748.0,mat_variable,0.014,,192000
source::data/raw/source_domain/cwru_48khz_de/B014_2.mat::w0001,source,data/raw/source_domain/cwru_48khz_de/B014_2.mat,data/raw/source_domain/cwru_48khz_de/B014_2.mat,data/raw/source_domain/cwru_48khz_de/B014_2.mat,1,24000,72000,0.5,1.5,1.0,0.5,0.5,48000,X191_DE_time,DE_time,drive_end,drive_end,B,known_source_label,2.0,1748.0,mat_variable,0.014,,192000
source::data/raw/source_domain/cwru_48khz_de/B014_2.mat::w0002,source,data/raw/source_domain/cwru_48khz_de/B014_2.mat,data/raw/source_domain/cwru_48khz_de/B014_2.mat,data/raw/source_domain/cwru_48khz_de/B014_2.mat,2,48000,96000,1.0,2.0,1.0,0.5,0.5,48000,X191_DE_time,DE_time,drive_end,drive_end,B,known_source_label,2.0,1748.0,mat_variable,0.014,,192000
source::data/raw/source_domain/cwru_48khz_de/B014_2.mat::w0003,source,data/raw/source_domain/cwru_48khz_de/B014_2.mat,data/raw/source_domain/cwru_48khz_de/B014_2.mat,data/raw/source_domain/cwru_48khz_de/B014_2.mat,3,72000,120000,1.5,2.5,1.0,0.5,0.5,48000,X191_DE_time,DE_time,drive_end,drive_end,B,known_source_label,2.0,1748.0,mat_variable,0.014,,192000
source::data/raw/source_domain/cwru_48khz_de/B014_2.mat::w0004,source,data/raw/source_domain/cwru_48khz_de/B014_2.mat,data/raw/source_domain/cwru_48khz_de/B014_2.mat,data/raw/source_domain/cwru_48khz_de/B014_2.mat,4,96000,144000,2.0,3.0,1.0,0.5,0.5,48000,X191_DE_time,DE_time,drive_end,drive_end,B,known_source_label,2.0,1748.0,mat_variable,0.014,,192000
source::data/raw/source_domain/cwru_48khz_de/B014_2.mat::w0005,source,data/raw/source_domain/cwru_48khz_de/B014_2.mat,data/raw/source_domain/cwru_48khz_de/B014_2.mat,data/raw/source_domain/cwru_48khz_de/B014_2.mat,5,120000,168000,2.5,3.5,1.0,0.5,0.5,48000,X191_DE_time,DE_time,drive_end,drive_end,B,known_source_label,2.0,1748.0,mat_variable,0.014,,192000
source::data/raw/source_domain/cwru_48khz_de/B014_2.mat::w0006,source,data/raw/source_domain/cwru_48khz_de/B014_2.mat,data/raw/source_domain/cwru_48khz_de/B014_2.mat,data/raw/source_domain/cwru_48khz_de/B014_2.mat,6,144000,192000,3.0,4.0,1.0,0.5,0.5,48000,X191_DE_time,DE_time,drive_end,drive_end,B,known_source_label,2.0,1748.0,mat_variable,0.014,,192000
source::data/raw/source_domain/cwru_48khz_de/B014_3.mat::w0000,source,data/raw/source_domain/cwru_48khz_de/B014_3.mat,data/raw/source_domain/cwru_48khz_de/B014_3.mat,data/raw/source_domain/cwru_48khz_de/B014_3.mat,0,0,48000,0.0,1.0,1.0,0.5,0.5,48000,X192_DE_time,DE_time,drive_end,drive_end,B,known_source_label,3.0,1725.0,mat_variable,0.014,,192000
source::data/raw/source_domain/cwru_48khz_de/B014_3.mat::w0001,source,data/raw/source_domain/cwru_48khz_de/B014_3.mat,data/raw/source_domain/cwru_48khz_de/B014_3.mat,data/raw/source_domain/cwru_48khz_de/B014_3.mat,1,24000,72000,0.5,1.5,1.0,0.5,0.5,48000,X192_DE_time,DE_time,drive_end,drive_end,B,known_source_label,3.0,1725.0,mat_variable,0.014,,192000
source::data/raw/source_domain/cwru_48khz_de/B014_3.mat::w0002,source,data/raw/source_domain/cwru_48khz_de/B014_3.mat,data/raw/source_domain/cwru_48khz_de/B014_3.mat,data/raw/source_domain/cwru_48khz_de/B014_3.mat,2,48000,96000,1.0,2.0,1.0,0.5,0.5,48000,X192_DE_time,DE_time,drive_end,drive_end,B,known_source_label,3.0,1725.0,mat_variable,0.014,,192000
source::data/raw/source_domain/cwru_48khz_de/B014_3.mat::w0003,source,data/raw/source_domain/cwru_48khz_de/B014_3.mat,data/raw/source_domain/cwru_48khz_de/B014_3.mat,data/raw/source_domain/cwru_48khz_de/B014_3.mat,3,72000,120000,1.5,2.5,1.0,0.5,0.5,48000,X192_DE_time,DE_time,drive_end,drive_end,B,known_source_label,3.0,1725.0,mat_variable,0.014,,192000
source::data/raw/source_domain/cwru_48khz_de/B014_3.mat::w0004,source,data/raw/source_domain/cwru_48khz_de/B014_3.mat,data/raw/source_domain/cwru_48khz_de/B014_3.mat,data/raw/source_domain/cwru_48khz_de/B014_3.mat,4,96000,144000,2.0,3.0,1.0,0.5,0.5,48000,X192_DE_time,DE_time,drive_end,drive_end,B,known_source_label,3.0,1725.0,mat_variable,0.014,,192000
source::data/raw/source_domain/cwru_48khz_de/B014_3.mat::w0005,source,data/raw/source_domain/cwru_48khz_de/B014_3.mat,data/raw/source_domain/cwru_48khz_de/B014_3.mat,data/raw/source_domain/cwru_48khz_de/B014_3.mat,5,120000,168000,2.5,3.5,1.0,0.5,0.5,48000,X192_DE_time,DE_time,drive_end,drive_end,B,known_source_label,3.0,1725.0,mat_variable,0.014,,192000
source::data/raw/source_domain/cwru_48khz_de/B014_3.mat::w0006,source,data/raw/source_domain/cwru_48khz_de/B014_3.mat,data/raw/source_domain/cwru_48khz_de/B014_3.mat,data/raw/source_domain/cwru_48khz_de/B014_3.mat,6,144000,192000,3.0,4.0,1.0,0.5,0.5,48000,X192_DE_time,DE_time,drive_end,drive_end,B,known_source_label,3.0,1725.0,mat_variable,0.014,,192000
source::data/raw/source_domain/cwru_48khz_de/B021_0.mat::w0000,source,data/raw/source_domain/cwru_48khz_de/B021_0.mat,data/raw/source_domain/cwru_48khz_de/B021_0.mat,data/raw/source_domain/cwru_48khz_de/B021_0.mat,0,0,48000,0.0,1.0,1.0,0.5,0.5,48000,X226_DE_time,DE_time,drive_end,drive_end,B,known_source_label,0.0,1797.0,mat_variable,0.021,,192000
source::data/raw/source_domain/cwru_48khz_de/B021_0.mat::w0001,source,data/raw/source_domain/cwru_48khz_de/B021_0.mat,data/raw/source_domain/cwru_48khz_de/B021_0.mat,data/raw/source_domain/cwru_48khz_de/B021_0.mat,1,24000,72000,0.5,1.5,1.0,0.5,0.5,48000,X226_DE_time,DE_time,drive_end,drive_end,B,known_source_label,0.0,1797.0,mat_variable,0.021,,192000
source::data/raw/source_domain/cwru_48khz_de/B021_0.mat::w0002,source,data/raw/source_domain/cwru_48khz_de/B021_0.mat,data/raw/source_domain/cwru_48khz_de/B021_0.mat,data/raw/source_domain/cwru_48khz_de/B021_0.mat,2,48000,96000,1.0,2.0,1.0,0.5,0.5,48000,X226_DE_time,DE_time,drive_end,drive_end,B,known_source_label,0.0,1797.0,mat_variable,0.021,,192000
source::data/raw/source_domain/cwru_48khz_de/B021_0.mat::w0003,source,data/raw/source_domain/cwru_48khz_de/B021_0.mat,data/raw/source_domain/cwru_48khz_de/B021_0.mat,data/raw/source_domain/cwru_48khz_de/B021_0.mat,3,72000,120000,1.5,2.5,1.0,0.5,0.5,48000,X226_DE_time,DE_time,drive_end,drive_end,B,known_source_label,0.0,1797.0,mat_variable,0.021,,192000
source::data/raw/source_domain/cwru_48khz_de/B021_0.mat::w0004,source,data/raw/source_domain/cwru_48khz_de/B021_0.mat,data/raw/source_domain/cwru_48khz_de/B021_0.mat,data/raw/source_domain/cwru_48khz_de/B021_0.mat,4,96000,144000,2.0,3.0,1.0,0.5,0.5,48000,X226_DE_time,DE_time,drive_end,drive_end,B,known_source_label,0.0,1797.0,mat_variable,0.021,,192000
source::data/raw/source_domain/cwru_48khz_de/B021_0.mat::w0005,source,data/raw/source_domain/cwru_48khz_de/B021_0.mat,data/raw/source_domain/cwru_48khz_de/B021_0.mat,data/raw/source_domain/cwru_48khz_de/B021_0.mat,5,120000,168000,2.5,3.5,1.0,0.5,0.5,48000,X226_DE_time,DE_time,drive_end,drive_end,B,known_source_label,0.0,1797.0,mat_variable,0.021,,192000
source::data/raw/source_domain/cwru_48khz_de/B021_0.mat::w0006,source,data/raw/source_domain/cwru_48khz_de/B021_0.mat,data/raw/source_domain/cwru_48khz_de/B021_0.mat,data/raw/source_domain/cwru_48khz_de/B021_0.mat,6,144000,192000,3.0,4.0,1.0,0.5,0.5,48000,X226_DE_time,DE_time,drive_end,drive_end,B,known_source_label,0.0,1797.0,mat_variable,0.021,,192000
source::data/raw/source_domain/cwru_48khz_de/B021_1.mat::w0000,source,data/raw/source_domain/cwru_48khz_de/B021_1.mat,data/raw/source_domain/cwru_48khz_de/B021_1.mat,data/raw/source_domain/cwru_48khz_de/B021_1.mat,0,0,48000,0.0,1.0,1.0,0.5,0.5,48000,X227_DE_time,DE_time,drive_end,drive_end,B,known_source_label,1.0,1774.0,mat_variable,0.021,,192000
source::data/raw/source_domain/cwru_48khz_de/B021_1.mat::w0001,source,data/raw/source_domain/cwru_48khz_de/B021_1.mat,data/raw/source_domain/cwru_48khz_de/B021_1.mat,data/raw/source_domain/cwru_48khz_de/B021_1.mat,1,24000,72000,0.5,1.5,1.0,0.5,0.5,48000,X227_DE_time,DE_time,drive_end,drive_end,B,known_source_label,1.0,1774.0,mat_variable,0.021,,192000
source::data/raw/source_domain/cwru_48khz_de/B021_1.mat::w0002,source,data/raw/source_domain/cwru_48khz_de/B021_1.mat,data/raw/source_domain/cwru_48khz_de/B021_1.mat,data/raw/source_domain/cwru_48khz_de/B021_1.mat,2,48000,96000,1.0,2.0,1.0,0.5,0.5,48000,X227_DE_time,DE_time,drive_end,drive_end,B,known_source_label,1.0,1774.0,mat_variable,0.021,,192000
source::data/raw/source_domain/cwru_48khz_de/B021_1.mat::w0003,source,data/raw/source_domain/cwru_48khz_de/B021_1.mat,data/raw/source_domain/cwru_48khz_de/B021_1.mat,data/raw/source_domain/cwru_48khz_de/B021_1.mat,3,72000,120000,1.5,2.5,1.0,0.5,0.5,48000,X227_DE_time,DE_time,drive_end,drive_end,B,known_source_label,1.0,1774.0,mat_variable,0.021,,192000
source::data/raw/source_domain/cwru_48khz_de/B021_1.mat::w0004,source,data/raw/source_domain/cwru_48khz_de/B021_1.mat,data/raw/source_domain/cwru_48khz_de/B021_1.mat,data/raw/source_domain/cwru_48khz_de/B021_1.mat,4,96000,144000,2.0,3.0,1.0,0.5,0.5,48000,X227_DE_time,DE_time,drive_end,drive_end,B,known_source_label,1.0,1774.0,mat_variable,0.021,,192000
source::data/raw/source_domain/cwru_48khz_de/B021_1.mat::w0005,source,data/raw/source_domain/cwru_48khz_de/B021_1.mat,data/raw/source_domain/cwru_48khz_de/B021_1.mat,data/raw/source_domain/cwru_48khz_de/B021_1.mat,5,120000,168000,2.5,3.5,1.0,0.5,0.5,48000,X227_DE_time,DE_time,drive_end,drive_end,B,known_source_label,1.0,1774.0,mat_variable,0.021,,192000
source::data/raw/source_domain/cwru_48khz_de/B021_1.mat::w0006,source,data/raw/source_domain/cwru_48khz_de/B021_1.mat,data/raw/source_domain/cwru_48khz_de/B021_1.mat,data/raw/source_domain/cwru_48khz_de/B021_1.mat,6,144000,192000,3.0,4.0,1.0,0.5,0.5,48000,X227_DE_time,DE_time,drive_end,drive_end,B,known_source_label,1.0,1774.0,mat_variable,0.021,,192000
source::data/raw/source_domain/cwru_48khz_de/B021_2.mat::w0000,source,data/raw/source_domain/cwru_48khz_de/B021_2.mat,data/raw/source_domain/cwru_48khz_de/B021_2.mat,data/raw/source_domain/cwru_48khz_de/B021_2.mat,0,0,48000,0.0,1.0,1.0,0.5,0.5,48000,X228_DE_time,DE_time,drive_end,drive_end,B,known_source_label,2.0,1754.0,mat_variable,0.021,,192000
source::data/raw/source_domain/cwru_48khz_de/B021_2.mat::w0001,source,data/raw/source_domain/cwru_48khz_de/B021_2.mat,data/raw/source_domain/cwru_48khz_de/B021_2.mat,data/raw/source_domain/cwru_48khz_de/B021_2.mat,1,24000,72000,0.5,1.5,1.0,0.5,0.5,48000,X228_DE_time,DE_time,drive_end,drive_end,B,known_source_label,2.0,1754.0,mat_variable,0.021,,192000
source::data/raw/source_domain/cwru_48khz_de/B021_2.mat::w0002,source,data/raw/source_domain/cwru_48khz_de/B021_2.mat,data/raw/source_domain/cwru_48khz_de/B021_2.mat,data/raw/source_domain/cwru_48khz_de/B021_2.mat,2,48000,96000,1.0,2.0,1.0,0.5,0.5,48000,X228_DE_time,DE_time,drive_end,drive_end,B,known_source_label,2.0,1754.0,mat_variable,0.021,,192000
source::data/raw/source_domain/cwru_48khz_de/B021_2.mat::w0003,source,data/raw/source_domain/cwru_48khz_de/B021_2.mat,data/raw/source_domain/cwru_48khz_de/B021_2.mat,data/raw/source_domain/cwru_48khz_de/B021_2.mat,3,72000,120000,1.5,2.5,1.0,0.5,0.5,48000,X228_DE_time,DE_time,drive_end,drive_end,B,known_source_label,2.0,1754.0,mat_variable,0.021,,192000
source::data/raw/source_domain/cwru_48khz_de/B021_2.mat::w0004,source,data/raw/source_domain/cwru_48khz_de/B021_2.mat,data/raw/source_domain/cwru_48khz_de/B021_2.mat,data/raw/source_domain/cwru_48khz_de/B021_2.mat,4,96000,144000,2.0,3.0,1.0,0.5,0.5,48000,X228_DE_time,DE_time,drive_end,drive_end,B,known_source_label,2.0,1754.0,mat_variable,0.021,,192000
source::data/raw/source_domain/cwru_48khz_de/B021_2.mat::w0005,source,data/raw/source_domain/cwru_48khz_de/B021_2.mat,data/raw/source_domain/cwru_48khz_de/B021_2.mat,data/raw/source_domain/cwru_48khz_de/B021_2.mat,5,120000,168000,2.5,3.5,1.0,0.5,0.5,48000,X228_DE_time,DE_time,drive_end,drive_end,B,known_source_label,2.0,1754.0,mat_variable,0.021,,192000
source::data/raw/source_domain/cwru_48khz_de/B021_2.mat::w0006,source,data/raw/source_domain/cwru_48khz_de/B021_2.mat,data/raw/source_domain/cwru_48khz_de/B021_2.mat,data/raw/source_domain/cwru_48khz_de/B021_2.mat,6,144000,192000,3.0,4.0,1.0,0.5,0.5,48000,X228_DE_time,DE_time,drive_end,drive_end,B,known_source_label,2.0,1754.0,mat_variable,0.021,,192000
source::data/raw/source_domain/cwru_48khz_de/B021_3.mat::w0000,source,data/raw/source_domain/cwru_48khz_de/B021_3.mat,data/raw/source_domain/cwru_48khz_de/B021_3.mat,data/raw/source_domain/cwru_48khz_de/B021_3.mat,0,0,48000,0.0,1.0,1.0,0.5,0.5,48000,X229_DE_time,DE_time,drive_end,drive_end,B,known_source_label,3.0,1729.0,mat_variable,0.021,,192000
source::data/raw/source_domain/cwru_48khz_de/B021_3.mat::w0001,source,data/raw/source_domain/cwru_48khz_de/B021_3.mat,data/raw/source_domain/cwru_48khz_de/B021_3.mat,data/raw/source_domain/cwru_48khz_de/B021_3.mat,1,24000,72000,0.5,1.5,1.0,0.5,0.5,48000,X229_DE_time,DE_time,drive_end,drive_end,B,known_source_label,3.0,1729.0,mat_variable,0.021,,192000
source::data/raw/source_domain/cwru_48khz_de/B021_3.mat::w0002,source,data/raw/source_domain/cwru_48khz_de/B021_3.mat,data/raw/source_domain/cwru_48khz_de/B021_3.mat,data/raw/source_domain/cwru_48khz_de/B021_3.mat,2,48000,96000,1.0,2.0,1.0,0.5,0.5,48000,X229_DE_time,DE_time,drive_end,drive_end,B,known_source_label,3.0,1729.0,mat_variable,0.021,,192000
source::data/raw/source_domain/cwru_48khz_de/B021_3.mat::w0003,source,data/raw/source_domain/cwru_48khz_de/B021_3.mat,data/raw/source_domain/cwru_48khz_de/B021_3.mat,data/raw/source_domain/cwru_48khz_de/B021_3.mat,3,72000,120000,1.5,2.5,1.0,0.5,0.5,48000,X229_DE_time,DE_time,drive_end,drive_end,B,known_source_label,3.0,1729.0,mat_variable,0.021,,192000
source::data/raw/source_domain/cwru_48khz_de/B021_3.mat::w0004,source,data/raw/source_domain/cwru_48khz_de/B021_3.mat,data/raw/source_domain/cwru_48khz_de/B021_3.mat,data/raw/source_domain/cwru_48khz_de/B021_3.mat,4,96000,144000,2.0,3.0,1.0,0.5,0.5,48000,X229_DE_time,DE_time,drive_end,drive_end,B,known_source_label,3.0,1729.0,mat_variable,0.021,,192000
source::data/raw/source_domain/cwru_48khz_de/B021_3.mat::w0005,source,data/raw/source_domain/cwru_48khz_de/B021_3.mat,data/raw/source_domain/cwru_48khz_de/B021_3.mat,data/raw/source_domain/cwru_48khz_de/B021_3.mat,5,120000,168000,2.5,3.5,1.0,0.5,0.5,48000,X229_DE_time,DE_time,drive_end,drive_end,B,known_source_label,3.0,1729.0,mat_variable,0.021,,192000
source::data/raw/source_domain/cwru_48khz_de/B021_3.mat::w0006,source,data/raw/source_domain/cwru_48khz_de/B021_3.mat,data/raw/source_domain/cwru_48khz_de/B021_3.mat,data/raw/source_domain/cwru_48khz_de/B021_3.mat,6,144000,192000,3.0,4.0,1.0,0.5,0.5,48000,X229_DE_time,DE_time,drive_end,drive_end,B,known_source_label,3.0,1729.0,mat_variable,0.021,,192000
source::data/raw/source_domain/cwru_48khz_de/IR007_0.mat::w0000,source,data/raw/source_domain/cwru_48khz_de/IR007_0.mat,data/raw/source_domain/cwru_48khz_de/IR007_0.mat,data/raw/source_domain/cwru_48khz_de/IR007_0.mat,0,0,48000,0.0,1.0,1.0,0.5,0.5,48000,X109_DE_time,DE_time,drive_end,drive_end,IR,known_source_label,0.0,1796.0,mat_variable,0.007,,192000
source::data/raw/source_domain/cwru_48khz_de/IR007_0.mat::w0001,source,data/raw/source_domain/cwru_48khz_de/IR007_0.mat,data/raw/source_domain/cwru_48khz_de/IR007_0.mat,data/raw/source_domain/cwru_48khz_de/IR007_0.mat,1,24000,72000,0.5,1.5,1.0,0.5,0.5,48000,X109_DE_time,DE_time,drive_end,drive_end,IR,known_source_label,0.0,1796.0,mat_variable,0.007,,192000
source::data/raw/source_domain/cwru_48khz_de/IR007_0.mat::w0002,source,data/raw/source_domain/cwru_48khz_de/IR007_0.mat,data/raw/source_domain/cwru_48khz_de/IR007_0.mat,data/raw/source_domain/cwru_48khz_de/IR007_0.mat,2,48000,96000,1.0,2.0,1.0,0.5,0.5,48000,X109_DE_time,DE_time,drive_end,drive_end,IR,known_source_label,0.0,1796.0,mat_variable,0.007,,192000
source::data/raw/source_domain/cwru_48khz_de/IR007_0.mat::w0003,source,data/raw/source_domain/cwru_48khz_de/IR007_0.mat,data/raw/source_domain/cwru_48khz_de/IR007_0.mat,data/raw/source_domain/cwru_48khz_de/IR007_0.mat,3,72000,120000,1.5,2.5,1.0,0.5,0.5,48000,X109_DE_time,DE_time,drive_end,drive_end,IR,known_source_label,0.0,1796.0,mat_variable,0.007,,192000
source::data/raw/source_domain/cwru_48khz_de/IR007_0.mat::w0004,source,data/raw/source_domain/cwru_48khz_de/IR007_0.mat,data/raw/source_domain/cwru_48khz_de/IR007_0.mat,data/raw/source_domain/cwru_48khz_de/IR007_0.mat,4,96000,144000,2.0,3.0,1.0,0.5,0.5,48000,X109_DE_time,DE_time,drive_end,drive_end,IR,known_source_label,0.0,1796.0,mat_variable,0.007,,192000
source::data/raw/source_domain/cwru_48khz_de/IR007_0.mat::w0005,source,data/raw/source_domain/cwru_48khz_de/IR007_0.mat,data/raw/source_domain/cwru_48khz_de/IR007_0.mat,data/raw/source_domain/cwru_48khz_de/IR007_0.mat,5,120000,168000,2.5,3.5,1.0,0.5,0.5,48000,X109_DE_time,DE_time,drive_end,drive_end,IR,known_source_label,0.0,1796.0,mat_variable,0.007,,192000
source::data/raw/source_domain/cwru_48khz_de/IR007_0.mat::w0006,source,data/raw/source_domain/cwru_48khz_de/IR007_0.mat,data/raw/source_domain/cwru_48khz_de/IR007_0.mat,data/raw/source_domain/cwru_48khz_de/IR007_0.mat,6,144000,192000,3.0,4.0,1.0,0.5,0.5,48000,X109_DE_time,DE_time,drive_end,drive_end,IR,known_source_label,0.0,1796.0,mat_variable,0.007,,192000
source::data/raw/source_domain/cwru_48khz_de/IR007_1.mat::w0000,source,data/raw/source_domain/cwru_48khz_de/IR007_1.mat,data/raw/source_domain/cwru_48khz_de/IR007_1.mat,data/raw/source_domain/cwru_48khz_de/IR007_1.mat,0,0,48000,0.0,1.0,1.0,0.5,0.5,48000,X110_DE_time,DE_time,drive_end,drive_end,IR,known_source_label,1.0,1772.0,mat_variable,0.007,,192000
source::data/raw/source_domain/cwru_48khz_de/IR007_1.mat::w0001,source,data/raw/source_domain/cwru_48khz_de/IR007_1.mat,data/raw/source_domain/cwru_48khz_de/IR007_1.mat,data/raw/source_domain/cwru_48khz_de/IR007_1.mat,1,24000,72000,0.5,1.5,1.0,0.5,0.5,48000,X110_DE_time,DE_time,drive_end,drive_end,IR,known_source_label,1.0,1772.0,mat_variable,0.007,,192000
source::data/raw/source_domain/cwru_48khz_de/IR007_1.mat::w0002,source,data/raw/source_domain/cwru_48khz_de/IR007_1.mat,data/raw/source_domain/cwru_48khz_de/IR007_1.mat,data/raw/source_domain/cwru_48khz_de/IR007_1.mat,2,48000,96000,1.0,2.0,1.0,0.5,0.5,48000,X110_DE_time,DE_time,drive_end,drive_end,IR,known_source_label,1.0,1772.0,mat_variable,0.007,,192000
source::data/raw/source_domain/cwru_48khz_de/IR007_1.mat::w0003,source,data/raw/source_domain/cwru_48khz_de/IR007_1.mat,data/raw/source_domain/cwru_48khz_de/IR007_1.mat,data/raw/source_domain/cwru_48khz_de/IR007_1.mat,3,72000,120000,1.5,2.5,1.0,0.5,0.5,48000,X110_DE_time,DE_time,drive_end,drive_end,IR,known_source_label,1.0,1772.0,mat_variable,0.007,,192000
source::data/raw/source_domain/cwru_48khz_de/IR007_1.mat::w0004,source,data/raw/source_domain/cwru_48khz_de/IR007_1.mat,data/raw/source_domain/cwru_48khz_de/IR007_1.mat,data/raw/source_domain/cwru_48khz_de/IR007_1.mat,4,96000,144000,2.0,3.0,1.0,0.5,0.5,48000,X110_DE_time,DE_time,drive_end,drive_end,IR,known_source_label,1.0,1772.0,mat_variable,0.007,,192000
source::data/raw/source_domain/cwru_48khz_de/IR007_1.mat::w0005,source,data/raw/source_domain/cwru_48khz_de/IR007_1.mat,data/raw/source_domain/cwru_48khz_de/IR007_1.mat,data/raw/source_domain/cwru_48khz_de/IR007_1.mat,5,120000,168000,2.5,3.5,1.0,0.5,0.5,48000,X110_DE_time,DE_time,drive_end,drive_end,IR,known_source_label,1.0,1772.0,mat_variable,0.007,,192000
source::data/raw/source_domain/cwru_48khz_de/IR007_1.mat::w0006,source,data/raw/source_domain/cwru_48khz_de/IR007_1.mat,data/raw/source_domain/cwru_48khz_de/IR007_1.mat,data/raw/source_domain/cwru_48khz_de/IR007_1.mat,6,144000,192000,3.0,4.0,1.0,0.5,0.5,48000,X110_DE_time,DE_time,drive_end,drive_end,IR,known_source_label,1.0,1772.0,mat_variable,0.007,,192000
source::data/raw/source_domain/cwru_48khz_de/IR007_2.mat::w0000,source,data/raw/source_domain/cwru_48khz_de/IR007_2.mat,data/raw/source_domain/cwru_48khz_de/IR007_2.mat,data/raw/source_domain/cwru_48khz_de/IR007_2.mat,0,0,48000,0.0,1.0,1.0,0.5,0.5,48000,X111_DE_time,DE_time,drive_end,drive_end,IR,known_source_label,2.0,1748.0,mat_variable,0.007,,192000
source::data/raw/source_domain/cwru_48khz_de/IR007_2.mat::w0001,source,data/raw/source_domain/cwru_48khz_de/IR007_2.mat,data/raw/source_domain/cwru_48khz_de/IR007_2.mat,data/raw/source_domain/cwru_48khz_de/IR007_2.mat,1,24000,72000,0.5,1.5,1.0,0.5,0.5,48000,X111_DE_time,DE_time,drive_end,drive_end,IR,known_source_label,2.0,1748.0,mat_variable,0.007,,192000
source::data/raw/source_domain/cwru_48khz_de/IR007_2.mat::w0002,source,data/raw/source_domain/cwru_48khz_de/IR007_2.mat,data/raw/source_domain/cwru_48khz_de/IR007_2.mat,data/raw/source_domain/cwru_48khz_de/IR007_2.mat,2,48000,96000,1.0,2.0,1.0,0.5,0.5,48000,X111_DE_time,DE_time,drive_end,drive_end,IR,known_source_label,2.0,1748.0,mat_variable,0.007,,192000
source::data/raw/source_domain/cwru_48khz_de/IR007_2.mat::w0003,source,data/raw/source_domain/cwru_48khz_de/IR007_2.mat,data/raw/source_domain/cwru_48khz_de/IR007_2.mat,data/raw/source_domain/cwru_48khz_de/IR007_2.mat,3,72000,120000,1.5,2.5,1.0,0.5,0.5,48000,X111_DE_time,DE_time,drive_end,drive_end,IR,known_source_label,2.0,1748.0,mat_variable,0.007,,192000
source::data/raw/source_domain/cwru_48khz_de/IR007_2.mat::w0004,source,data/raw/source_domain/cwru_48khz_de/IR007_2.mat,data/raw/source_domain/cwru_48khz_de/IR007_2.mat,data/raw/source_domain/cwru_48khz_de/IR007_2.mat,4,96000,144000,2.0,3.0,1.0,0.5,0.5,48000,X111_DE_time,DE_time,drive_end,drive_end,IR,known_source_label,2.0,1748.0,mat_variable,0.007,,192000
source::data/raw/source_domain/cwru_48khz_de/IR007_2.mat::w0005,source,data/raw/source_domain/cwru_48khz_de/IR007_2.mat,data/raw/source_domain/cwru_48khz_de/IR007_2.mat,data/raw/source_domain/cwru_48khz_de/IR007_2.mat,5,120000,168000,2.5,3.5,1.0,0.5,0.5,48000,X111_DE_time,DE_time,drive_end,drive_end,IR,known_source_label,2.0,1748.0,mat_variable,0.007,,192000
source::data/raw/source_domain/cwru_48khz_de/IR007_2.mat::w0006,source,data/raw/source_domain/cwru_48khz_de/IR007_2.mat,data/raw/source_domain/cwru_48khz_de/IR007_2.mat,data/raw/source_domain/cwru_48khz_de/IR007_2.mat,6,144000,192000,3.0,4.0,1.0,0.5,0.5,48000,X111_DE_time,DE_time,drive_end,drive_end,IR,known_source_label,2.0,1748.0,mat_variable,0.007,,192000
source::data/raw/source_domain/cwru_48khz_de/IR007_3.mat::w0000,source,data/raw/source_domain/cwru_48khz_de/IR007_3.mat,data/raw/source_domain/cwru_48khz_de/IR007_3.mat,data/raw/source_domain/cwru_48khz_de/IR007_3.mat,0,0,48000,0.0,1.0,1.0,0.5,0.5,48000,X112_DE_time,DE_time,drive_end,drive_end,IR,known_source_label,3.0,1721.0,mat_variable,0.007,,192000
source::data/raw/source_domain/cwru_48khz_de/IR007_3.mat::w0001,source,data/raw/source_domain/cwru_48khz_de/IR007_3.mat,data/raw/source_domain/cwru_48khz_de/IR007_3.mat,data/raw/source_domain/cwru_48khz_de/IR007_3.mat,1,24000,72000,0.5,1.5,1.0,0.5,0.5,48000,X112_DE_time,DE_time,drive_end,drive_end,IR,known_source_label,3.0,1721.0,mat_variable,0.007,,192000
source::data/raw/source_domain/cwru_48khz_de/IR007_3.mat::w0002,source,data/raw/source_domain/cwru_48khz_de/IR007_3.mat,data/raw/source_domain/cwru_48khz_de/IR007_3.mat,data/raw/source_domain/cwru_48khz_de/IR007_3.mat,2,48000,96000,1.0,2.0,1.0,0.5,0.5,48000,X112_DE_time,DE_time,drive_end,drive_end,IR,known_source_label,3.0,1721.0,mat_variable,0.007,,192000
source::data/raw/source_domain/cwru_48khz_de/IR007_3.mat::w0003,source,data/raw/source_domain/cwru_48khz_de/IR007_3.mat,data/raw/source_domain/cwru_48khz_de/IR007_3.mat,data/raw/source_domain/cwru_48khz_de/IR007_3.mat,3,72000,120000,1.5,2.5,1.0,0.5,0.5,48000,X112_DE_time,DE_time,drive_end,drive_end,IR,known_source_label,3.0,1721.0,mat_variable,0.007,,192000
source::data/raw/source_domain/cwru_48khz_de/IR007_3.mat::w0004,source,data/raw/source_domain/cwru_48khz_de/IR007_3.mat,data/raw/source_domain/cwru_48khz_de/IR007_3.mat,data/raw/source_domain/cwru_48khz_de/IR007_3.mat,4,96000,144000,2.0,3.0,1.0,0.5,0.5,48000,X112_DE_time,DE_time,drive_end,drive_end,IR,known_source_label,3.0,1721.0,mat_variable,0.007,,192000
source::data/raw/source_domain/cwru_48khz_de/IR007_3.mat::w0005,source,data/raw/source_domain/cwru_48khz_de/IR007_3.mat,data/raw/source_domain/cwru_48khz_de/IR007_3.mat,data/raw/source_domain/cwru_48khz_de/IR007_3.mat,5,120000,168000,2.5,3.5,1.0,0.5,0.5,48000,X112_DE_time,DE_time,drive_end,drive_end,IR,known_source_label,3.0,1721.0,mat_variable,0.007,,192000
source::data/raw/source_domain/cwru_48khz_de/IR007_3.mat::w0006,source,data/raw/source_domain/cwru_48khz_de/IR007_3.mat,data/raw/source_domain/cwru_48khz_de/IR007_3.mat,data/raw/source_domain/cwru_48khz_de/IR007_3.mat,6,144000,192000,3.0,4.0,1.0,0.5,0.5,48000,X112_DE_time,DE_time,drive_end,drive_end,IR,known_source_label,3.0,1721.0,mat_variable,0.007,,192000
source::data/raw/source_domain/cwru_48khz_de/IR014_0.mat::w0000,source,data/raw/source_domain/cwru_48khz_de/IR014_0.mat,data/raw/source_domain/cwru_48khz_de/IR014_0.mat,data/raw/source_domain/cwru_48khz_de/IR014_0.mat,0,0,48000,0.0,1.0,1.0,0.5,0.5,48000,X173_DE_time,DE_time,drive_end,drive_end,IR,known_source_label,0.0,1796.0,mat_variable,0.014,,63788
source::data/raw/source_domain/cwru_48khz_de/IR014_1.mat::w0000,source,data/raw/source_domain/cwru_48khz_de/IR014_1.mat,data/raw/source_domain/cwru_48khz_de/IR014_1.mat,data/raw/source_domain/cwru_48khz_de/IR014_1.mat,0,0,48000,0.0,1.0,1.0,0.5,0.5,48000,X175_DE_time,DE_time,drive_end,drive_end,IR,known_source_label,1.0,1772.0,mat_variable,0.014,,192000
source::data/raw/source_domain/cwru_48khz_de/IR014_1.mat::w0001,source,data/raw/source_domain/cwru_48khz_de/IR014_1.mat,data/raw/source_domain/cwru_48khz_de/IR014_1.mat,data/raw/source_domain/cwru_48khz_de/IR014_1.mat,1,24000,72000,0.5,1.5,1.0,0.5,0.5,48000,X175_DE_time,DE_time,drive_end,drive_end,IR,known_source_label,1.0,1772.0,mat_variable,0.014,,192000
source::data/raw/source_domain/cwru_48khz_de/IR014_1.mat::w0002,source,data/raw/source_domain/cwru_48khz_de/IR014_1.mat,data/raw/source_domain/cwru_48khz_de/IR014_1.mat,data/raw/source_domain/cwru_48khz_de/IR014_1.mat,2,48000,96000,1.0,2.0,1.0,0.5,0.5,48000,X175_DE_time,DE_time,drive_end,drive_end,IR,known_source_label,1.0,1772.0,mat_variable,0.014,,192000
source::data/raw/source_domain/cwru_48khz_de/IR014_1.mat::w0003,source,data/raw/source_domain/cwru_48khz_de/IR014_1.mat,data/raw/source_domain/cwru_48khz_de/IR014_1.mat,data/raw/source_domain/cwru_48khz_de/IR014_1.mat,3,72000,120000,1.5,2.5,1.0,0.5,0.5,48000,X175_DE_time,DE_time,drive_end,drive_end,IR,known_source_label,1.0,1772.0,mat_variable,0.014,,192000
source::data/raw/source_domain/cwru_48khz_de/IR014_1.mat::w0004,source,data/raw/source_domain/cwru_48khz_de/IR014_1.mat,data/raw/source_domain/cwru_48khz_de/IR014_1.mat,data/raw/source_domain/cwru_48khz_de/IR014_1.mat,4,96000,144000,2.0,3.0,1.0,0.5,0.5,48000,X175_DE_time,DE_time,drive_end,drive_end,IR,known_source_label,1.0,1772.0,mat_variable,0.014,,192000
source::data/raw/source_domain/cwru_48khz_de/IR014_1.mat::w0005,source,data/raw/source_domain/cwru_48khz_de/IR014_1.mat,data/raw/source_domain/cwru_48khz_de/IR014_1.mat,data/raw/source_domain/cwru_48khz_de/IR014_1.mat,5,120000,168000,2.5,3.5,1.0,0.5,0.5,48000,X175_DE_time,DE_time,drive_end,drive_end,IR,known_source_label,1.0,1772.0,mat_variable,0.014,,192000
source::data/raw/source_domain/cwru_48khz_de/IR014_1.mat::w0006,source,data/raw/source_domain/cwru_48khz_de/IR014_1.mat,data/raw/source_domain/cwru_48khz_de/IR014_1.mat,data/raw/source_domain/cwru_48khz_de/IR014_1.mat,6,144000,192000,3.0,4.0,1.0,0.5,0.5,48000,X175_DE_time,DE_time,drive_end,drive_end,IR,known_source_label,1.0,1772.0,mat_variable,0.014,,192000
source::data/raw/source_domain/cwru_48khz_de/IR014_2.mat::w0000,source,data/raw/source_domain/cwru_48khz_de/IR014_2.mat,data/raw/source_domain/cwru_48khz_de/IR014_2.mat,data/raw/source_domain/cwru_48khz_de/IR014_2.mat,0,0,48000,0.0,1.0,1.0,0.5,0.5,48000,X176_DE_time,DE_time,drive_end,drive_end,IR,known_source_label,2.0,1751.0,mat_variable,0.014,,192000
source::data/raw/source_domain/cwru_48khz_de/IR014_2.mat::w0001,source,data/raw/source_domain/cwru_48khz_de/IR014_2.mat,data/raw/source_domain/cwru_48khz_de/IR014_2.mat,data/raw/source_domain/cwru_48khz_de/IR014_2.mat,1,24000,72000,0.5,1.5,1.0,0.5,0.5,48000,X176_DE_time,DE_time,drive_end,drive_end,IR,known_source_label,2.0,1751.0,mat_variable,0.014,,192000
source::data/raw/source_domain/cwru_48khz_de/IR014_2.mat::w0002,source,data/raw/source_domain/cwru_48khz_de/IR014_2.mat,data/raw/source_domain/cwru_48khz_de/IR014_2.mat,data/raw/source_domain/cwru_48khz_de/IR014_2.mat,2,48000,96000,1.0,2.0,1.0,0.5,0.5,48000,X176_DE_time,DE_time,drive_end,drive_end,IR,known_source_label,2.0,1751.0,mat_variable,0.014,,192000
source::data/raw/source_domain/cwru_48khz_de/IR014_2.mat::w0003,source,data/raw/source_domain/cwru_48khz_de/IR014_2.mat,data/raw/source_domain/cwru_48khz_de/IR014_2.mat,data/raw/source_domain/cwru_48khz_de/IR014_2.mat,3,72000,120000,1.5,2.5,1.0,0.5,0.5,48000,X176_DE_time,DE_time,drive_end,drive_end,IR,known_source_label,2.0,1751.0,mat_variable,0.014,,192000
source::data/raw/source_domain/cwru_48khz_de/IR014_2.mat::w0004,source,data/raw/source_domain/cwru_48khz_de/IR014_2.mat,data/raw/source_domain/cwru_48khz_de/IR014_2.mat,data/raw/source_domain/cwru_48khz_de/IR014_2.mat,4,96000,144000,2.0,3.0,1.0,0.5,0.5,48000,X176_DE_time,DE_time,drive_end,drive_end,IR,known_source_label,2.0,1751.0,mat_variable,0.014,,192000
source::data/raw/source_domain/cwru_48khz_de/IR014_2.mat::w0005,source,data/raw/source_domain/cwru_48khz_de/IR014_2.mat,data/raw/source_domain/cwru_48khz_de/IR014_2.mat,data/raw/source_domain/cwru_48khz_de/IR014_2.mat,5,120000,168000,2.5,3.5,1.0,0.5,0.5,48000,X176_DE_time,DE_time,drive_end,drive_end,IR,known_source_label,2.0,1751.0,mat_variable,0.014,,192000
source::data/raw/source_domain/cwru_48khz_de/IR014_2.mat::w0006,source,data/raw/source_domain/cwru_48khz_de/IR014_2.mat,data/raw/source_domain/cwru_48khz_de/IR014_2.mat,data/raw/source_domain/cwru_48khz_de/IR014_2.mat,6,144000,192000,3.0,4.0,1.0,0.5,0.5,48000,X176_DE_time,DE_time,drive_end,drive_end,IR,known_source_label,2.0,1751.0,mat_variable,0.014,,192000
source::data/raw/source_domain/cwru_48khz_de/IR014_3.mat::w0000,source,data/raw/source_domain/cwru_48khz_de/IR014_3.mat,data/raw/source_domain/cwru_48khz_de/IR014_3.mat,data/raw/source_domain/cwru_48khz_de/IR014_3.mat,0,0,48000,0.0,1.0,1.0,0.5,0.5,48000,X177_DE_time,DE_time,drive_end,drive_end,IR,known_source_label,3.0,1726.0,mat_variable,0.014,,192000
source::data/raw/source_domain/cwru_48khz_de/IR014_3.mat::w0001,source,data/raw/source_domain/cwru_48khz_de/IR014_3.mat,data/raw/source_domain/cwru_48khz_de/IR014_3.mat,data/raw/source_domain/cwru_48khz_de/IR014_3.mat,1,24000,72000,0.5,1.5,1.0,0.5,0.5,48000,X177_DE_time,DE_time,drive_end,drive_end,IR,known_source_label,3.0,1726.0,mat_variable,0.014,,192000
source::data/raw/source_domain/cwru_48khz_de/IR014_3.mat::w0002,source,data/raw/source_domain/cwru_48khz_de/IR014_3.mat,data/raw/source_domain/cwru_48khz_de/IR014_3.mat,data/raw/source_domain/cwru_48khz_de/IR014_3.mat,2,48000,96000,1.0,2.0,1.0,0.5,0.5,48000,X177_DE_time,DE_time,drive_end,drive_end,IR,known_source_label,3.0,1726.0,mat_variable,0.014,,192000
source::data/raw/source_domain/cwru_48khz_de/IR014_3.mat::w0003,source,data/raw/source_domain/cwru_48khz_de/IR014_3.mat,data/raw/source_domain/cwru_48khz_de/IR014_3.mat,data/raw/source_domain/cwru_48khz_de/IR014_3.mat,3,72000,120000,1.5,2.5,1.0,0.5,0.5,48000,X177_DE_time,DE_time,drive_end,drive_end,IR,known_source_label,3.0,1726.0,mat_variable,0.014,,192000
source::data/raw/source_domain/cwru_48khz_de/IR014_3.mat::w0004,source,data/raw/source_domain/cwru_48khz_de/IR014_3.mat,data/raw/source_domain/cwru_48khz_de/IR014_3.mat,data/raw/source_domain/cwru_48khz_de/IR014_3.mat,4,96000,144000,2.0,3.0,1.0,0.5,0.5,48000,X177_DE_time,DE_time,drive_end,drive_end,IR,known_source_label,3.0,1726.0,mat_variable,0.014,,192000
source::data/raw/source_domain/cwru_48khz_de/IR014_3.mat::w0005,source,data/raw/source_domain/cwru_48khz_de/IR014_3.mat,data/raw/source_domain/cwru_48khz_de/IR014_3.mat,data/raw/source_domain/cwru_48khz_de/IR014_3.mat,5,120000,168000,2.5,3.5,1.0,0.5,0.5,48000,X177_DE_time,DE_time,drive_end,drive_end,IR,known_source_label,3.0,1726.0,mat_variable,0.014,,192000
source::data/raw/source_domain/cwru_48khz_de/IR014_3.mat::w0006,source,data/raw/source_domain/cwru_48khz_de/IR014_3.mat,data/raw/source_domain/cwru_48khz_de/IR014_3.mat,data/raw/source_domain/cwru_48khz_de/IR014_3.mat,6,144000,192000,3.0,4.0,1.0,0.5,0.5,48000,X177_DE_time,DE_time,drive_end,drive_end,IR,known_source_label,3.0,1726.0,mat_variable,0.014,,192000
source::data/raw/source_domain/cwru_48khz_de/IR021_0.mat::w0000,source,data/raw/source_domain/cwru_48khz_de/IR021_0.mat,data/raw/source_domain/cwru_48khz_de/IR021_0.mat,data/raw/source_domain/cwru_48khz_de/IR021_0.mat,0,0,48000,0.0,1.0,1.0,0.5,0.5,48000,X213_DE_time,DE_time,drive_end,drive_end,IR,known_source_label,0.0,1796.0,mat_variable,0.021,,192000
source::data/raw/source_domain/cwru_48khz_de/IR021_0.mat::w0001,source,data/raw/source_domain/cwru_48khz_de/IR021_0.mat,data/raw/source_domain/cwru_48khz_de/IR021_0.mat,data/raw/source_domain/cwru_48khz_de/IR021_0.mat,1,24000,72000,0.5,1.5,1.0,0.5,0.5,48000,X213_DE_time,DE_time,drive_end,drive_end,IR,known_source_label,0.0,1796.0,mat_variable,0.021,,192000
source::data/raw/source_domain/cwru_48khz_de/IR021_0.mat::w0002,source,data/raw/source_domain/cwru_48khz_de/IR021_0.mat,data/raw/source_domain/cwru_48khz_de/IR021_0.mat,data/raw/source_domain/cwru_48khz_de/IR021_0.mat,2,48000,96000,1.0,2.0,1.0,0.5,0.5,48000,X213_DE_time,DE_time,drive_end,drive_end,IR,known_source_label,0.0,1796.0,mat_variable,0.021,,192000
source::data/raw/source_domain/cwru_48khz_de/IR021_0.mat::w0003,source,data/raw/source_domain/cwru_48khz_de/IR021_0.mat,data/raw/source_domain/cwru_48khz_de/IR021_0.mat,data/raw/source_domain/cwru_48khz_de/IR021_0.mat,3,72000,120000,1.5,2.5,1.0,0.5,0.5,48000,X213_DE_time,DE_time,drive_end,drive_end,IR,known_source_label,0.0,1796.0,mat_variable,0.021,,192000
source::data/raw/source_domain/cwru_48khz_de/IR021_0.mat::w0004,source,data/raw/source_domain/cwru_48khz_de/IR021_0.mat,data/raw/source_domain/cwru_48khz_de/IR021_0.mat,data/raw/source_domain/cwru_48khz_de/IR021_0.mat,4,96000,144000,2.0,3.0,1.0,0.5,0.5,48000,X213_DE_time,DE_time,drive_end,drive_end,IR,known_source_label,0.0,1796.0,mat_variable,0.021,,192000
source::data/raw/source_domain/cwru_48khz_de/IR021_0.mat::w0005,source,data/raw/source_domain/cwru_48khz_de/IR021_0.mat,data/raw/source_domain/cwru_48khz_de/IR021_0.mat,data/raw/source_domain/cwru_48khz_de/IR021_0.mat,5,120000,168000,2.5,3.5,1.0,0.5,0.5,48000,X213_DE_time,DE_time,drive_end,drive_end,IR,known_source_label,0.0,1796.0,mat_variable,0.021,,192000
source::data/raw/source_domain/cwru_48khz_de/IR021_0.mat::w0006,source,data/raw/source_domain/cwru_48khz_de/IR021_0.mat,data/raw/source_domain/cwru_48khz_de/IR021_0.mat,data/raw/source_domain/cwru_48khz_de/IR021_0.mat,6,144000,192000,3.0,4.0,1.0,0.5,0.5,48000,X213_DE_time,DE_time,drive_end,drive_end,IR,known_source_label,0.0,1796.0,mat_variable,0.021,,192000
source::data/raw/source_domain/cwru_48khz_de/IR021_1.mat::w0000,source,data/raw/source_domain/cwru_48khz_de/IR021_1.mat,data/raw/source_domain/cwru_48khz_de/IR021_1.mat,data/raw/source_domain/cwru_48khz_de/IR021_1.mat,0,0,48000,0.0,1.0,1.0,0.5,0.5,48000,X214_DE_time,DE_time,drive_end,drive_end,IR,known_source_label,1.0,1774.0,mat_variable,0.021,,192000
source::data/raw/source_domain/cwru_48khz_de/IR021_1.mat::w0001,source,data/raw/source_domain/cwru_48khz_de/IR021_1.mat,data/raw/source_domain/cwru_48khz_de/IR021_1.mat,data/raw/source_domain/cwru_48khz_de/IR021_1.mat,1,24000,72000,0.5,1.5,1.0,0.5,0.5,48000,X214_DE_time,DE_time,drive_end,drive_end,IR,known_source_label,1.0,1774.0,mat_variable,0.021,,192000
source::data/raw/source_domain/cwru_48khz_de/IR021_1.mat::w0002,source,data/raw/source_domain/cwru_48khz_de/IR021_1.mat,data/raw/source_domain/cwru_48khz_de/IR021_1.mat,data/raw/source_domain/cwru_48khz_de/IR021_1.mat,2,48000,96000,1.0,2.0,1.0,0.5,0.5,48000,X214_DE_time,DE_time,drive_end,drive_end,IR,known_source_label,1.0,1774.0,mat_variable,0.021,,192000
source::data/raw/source_domain/cwru_48khz_de/IR021_1.mat::w0003,source,data/raw/source_domain/cwru_48khz_de/IR021_1.mat,data/raw/source_domain/cwru_48khz_de/IR021_1.mat,data/raw/source_domain/cwru_48khz_de/IR021_1.mat,3,72000,120000,1.5,2.5,1.0,0.5,0.5,48000,X214_DE_time,DE_time,drive_end,drive_end,IR,known_source_label,1.0,1774.0,mat_variable,0.021,,192000
source::data/raw/source_domain/cwru_48khz_de/IR021_1.mat::w0004,source,data/raw/source_domain/cwru_48khz_de/IR021_1.mat,data/raw/source_domain/cwru_48khz_de/IR021_1.mat,data/raw/source_domain/cwru_48khz_de/IR021_1.mat,4,96000,144000,2.0,3.0,1.0,0.5,0.5,48000,X214_DE_time,DE_time,drive_end,drive_end,IR,known_source_label,1.0,1774.0,mat_variable,0.021,,192000
source::data/raw/source_domain/cwru_48khz_de/IR021_1.mat::w0005,source,data/raw/source_domain/cwru_48khz_de/IR021_1.mat,data/raw/source_domain/cwru_48khz_de/IR021_1.mat,data/raw/source_domain/cwru_48khz_de/IR021_1.mat,5,120000,168000,2.5,3.5,1.0,0.5,0.5,48000,X214_DE_time,DE_time,drive_end,drive_end,IR,known_source_label,1.0,1774.0,mat_variable,0.021,,192000
source::data/raw/source_domain/cwru_48khz_de/IR021_1.mat::w0006,source,data/raw/source_domain/cwru_48khz_de/IR021_1.mat,data/raw/source_domain/cwru_48khz_de/IR021_1.mat,data/raw/source_domain/cwru_48khz_de/IR021_1.mat,6,144000,192000,3.0,4.0,1.0,0.5,0.5,48000,X214_DE_time,DE_time,drive_end,drive_end,IR,known_source_label,1.0,1774.0,mat_variable,0.021,,192000
source::data/raw/source_domain/cwru_48khz_de/IR021_2.mat::w0000,source,data/raw/source_domain/cwru_48khz_de/IR021_2.mat,data/raw/source_domain/cwru_48khz_de/IR021_2.mat,data/raw/source_domain/cwru_48khz_de/IR021_2.mat,0,0,48000,0.0,1.0,1.0,0.5,0.5,48000,X215_DE_time,DE_time,drive_end,drive_end,IR,known_source_label,2.0,1752.0,mat_variable,0.021,,192000
source::data/raw/source_domain/cwru_48khz_de/IR021_2.mat::w0001,source,data/raw/source_domain/cwru_48khz_de/IR021_2.mat,data/raw/source_domain/cwru_48khz_de/IR021_2.mat,data/raw/source_domain/cwru_48khz_de/IR021_2.mat,1,24000,72000,0.5,1.5,1.0,0.5,0.5,48000,X215_DE_time,DE_time,drive_end,drive_end,IR,known_source_label,2.0,1752.0,mat_variable,0.021,,192000
source::data/raw/source_domain/cwru_48khz_de/IR021_2.mat::w0002,source,data/raw/source_domain/cwru_48khz_de/IR021_2.mat,data/raw/source_domain/cwru_48khz_de/IR021_2.mat,data/raw/source_domain/cwru_48khz_de/IR021_2.mat,2,48000,96000,1.0,2.0,1.0,0.5,0.5,48000,X215_DE_time,DE_time,drive_end,drive_end,IR,known_source_label,2.0,1752.0,mat_variable,0.021,,192000
source::data/raw/source_domain/cwru_48khz_de/IR021_2.mat::w0003,source,data/raw/source_domain/cwru_48khz_de/IR021_2.mat,data/raw/source_domain/cwru_48khz_de/IR021_2.mat,data/raw/source_domain/cwru_48khz_de/IR021_2.mat,3,72000,120000,1.5,2.5,1.0,0.5,0.5,48000,X215_DE_time,DE_time,drive_end,drive_end,IR,known_source_label,2.0,1752.0,mat_variable,0.021,,192000
source::data/raw/source_domain/cwru_48khz_de/IR021_2.mat::w0004,source,data/raw/source_domain/cwru_48khz_de/IR021_2.mat,data/raw/source_domain/cwru_48khz_de/IR021_2.mat,data/raw/source_domain/cwru_48khz_de/IR021_2.mat,4,96000,144000,2.0,3.0,1.0,0.5,0.5,48000,X215_DE_time,DE_time,drive_end,drive_end,IR,known_source_label,2.0,1752.0,mat_variable,0.021,,192000
source::data/raw/source_domain/cwru_48khz_de/IR021_2.mat::w0005,source,data/raw/source_domain/cwru_48khz_de/IR021_2.mat,data/raw/source_domain/cwru_48khz_de/IR021_2.mat,data/raw/source_domain/cwru_48khz_de/IR021_2.mat,5,120000,168000,2.5,3.5,1.0,0.5,0.5,48000,X215_DE_time,DE_time,drive_end,drive_end,IR,known_source_label,2.0,1752.0,mat_variable,0.021,,192000
source::data/raw/source_domain/cwru_48khz_de/IR021_2.mat::w0006,source,data/raw/source_domain/cwru_48khz_de/IR021_2.mat,data/raw/source_domain/cwru_48khz_de/IR021_2.mat,data/raw/source_domain/cwru_48khz_de/IR021_2.mat,6,144000,192000,3.0,4.0,1.0,0.5,0.5,48000,X215_DE_time,DE_time,drive_end,drive_end,IR,known_source_label,2.0,1752.0,mat_variable,0.021,,192000
source::data/raw/source_domain/cwru_48khz_de/IR021_3.mat::w0000,source,data/raw/source_domain/cwru_48khz_de/IR021_3.mat,data/raw/source_domain/cwru_48khz_de/IR021_3.mat,data/raw/source_domain/cwru_48khz_de/IR021_3.mat,0,0,48000,0.0,1.0,1.0,0.5,0.5,48000,X217_DE_time,DE_time,drive_end,drive_end,IR,known_source_label,3.0,1727.0,mat_variable,0.021,,192000
source::data/raw/source_domain/cwru_48khz_de/IR021_3.mat::w0001,source,data/raw/source_domain/cwru_48khz_de/IR021_3.mat,data/raw/source_domain/cwru_48khz_de/IR021_3.mat,data/raw/source_domain/cwru_48khz_de/IR021_3.mat,1,24000,72000,0.5,1.5,1.0,0.5,0.5,48000,X217_DE_time,DE_time,drive_end,drive_end,IR,known_source_label,3.0,1727.0,mat_variable,0.021,,192000
source::data/raw/source_domain/cwru_48khz_de/IR021_3.mat::w0002,source,data/raw/source_domain/cwru_48khz_de/IR021_3.mat,data/raw/source_domain/cwru_48khz_de/IR021_3.mat,data/raw/source_domain/cwru_48khz_de/IR021_3.mat,2,48000,96000,1.0,2.0,1.0,0.5,0.5,48000,X217_DE_time,DE_time,drive_end,drive_end,IR,known_source_label,3.0,1727.0,mat_variable,0.021,,192000
source::data/raw/source_domain/cwru_48khz_de/IR021_3.mat::w0003,source,data/raw/source_domain/cwru_48khz_de/IR021_3.mat,data/raw/source_domain/cwru_48khz_de/IR021_3.mat,data/raw/source_domain/cwru_48khz_de/IR021_3.mat,3,72000,120000,1.5,2.5,1.0,0.5,0.5,48000,X217_DE_time,DE_time,drive_end,drive_end,IR,known_source_label,3.0,1727.0,mat_variable,0.021,,192000
source::data/raw/source_domain/cwru_48khz_de/IR021_3.mat::w0004,source,data/raw/source_domain/cwru_48khz_de/IR021_3.mat,data/raw/source_domain/cwru_48khz_de/IR021_3.mat,data/raw/source_domain/cwru_48khz_de/IR021_3.mat,4,96000,144000,2.0,3.0,1.0,0.5,0.5,48000,X217_DE_time,DE_time,drive_end,drive_end,IR,known_source_label,3.0,1727.0,mat_variable,0.021,,192000
source::data/raw/source_domain/cwru_48khz_de/IR021_3.mat::w0005,source,data/raw/source_domain/cwru_48khz_de/IR021_3.mat,data/raw/source_domain/cwru_48khz_de/IR021_3.mat,data/raw/source_domain/cwru_48khz_de/IR021_3.mat,5,120000,168000,2.5,3.5,1.0,0.5,0.5,48000,X217_DE_time,DE_time,drive_end,drive_end,IR,known_source_label,3.0,1727.0,mat_variable,0.021,,192000
source::data/raw/source_domain/cwru_48khz_de/IR021_3.mat::w0006,source,data/raw/source_domain/cwru_48khz_de/IR021_3.mat,data/raw/source_domain/cwru_48khz_de/IR021_3.mat,data/raw/source_domain/cwru_48khz_de/IR021_3.mat,6,144000,192000,3.0,4.0,1.0,0.5,0.5,48000,X217_DE_time,DE_time,drive_end,drive_end,IR,known_source_label,3.0,1727.0,mat_variable,0.021,,192000
source::data/raw/source_domain/cwru_48khz_de/OR007@12_0.mat::w0000,source,data/raw/source_domain/cwru_48khz_de/OR007@12_0.mat,data/raw/source_domain/cwru_48khz_de/OR007@12_0.mat,data/raw/source_domain/cwru_48khz_de/OR007@12_0.mat,0,0,48000,0.0,1.0,1.0,0.5,0.5,48000,X161_DE_time,DE_time,drive_end,drive_end,OR,known_source_label,0.0,1796.0,mat_variable,0.007,12.0,129969
source::data/raw/source_domain/cwru_48khz_de/OR007@12_0.mat::w0001,source,data/raw/source_domain/cwru_48khz_de/OR007@12_0.mat,data/raw/source_domain/cwru_48khz_de/OR007@12_0.mat,data/raw/source_domain/cwru_48khz_de/OR007@12_0.mat,1,24000,72000,0.5,1.5,1.0,0.5,0.5,48000,X161_DE_time,DE_time,drive_end,drive_end,OR,known_source_label,0.0,1796.0,mat_variable,0.007,12.0,129969
source::data/raw/source_domain/cwru_48khz_de/OR007@12_0.mat::w0002,source,data/raw/source_domain/cwru_48khz_de/OR007@12_0.mat,data/raw/source_domain/cwru_48khz_de/OR007@12_0.mat,data/raw/source_domain/cwru_48khz_de/OR007@12_0.mat,2,48000,96000,1.0,2.0,1.0,0.5,0.5,48000,X161_DE_time,DE_time,drive_end,drive_end,OR,known_source_label,0.0,1796.0,mat_variable,0.007,12.0,129969
source::data/raw/source_domain/cwru_48khz_de/OR007@12_0.mat::w0003,source,data/raw/source_domain/cwru_48khz_de/OR007@12_0.mat,data/raw/source_domain/cwru_48khz_de/OR007@12_0.mat,data/raw/source_domain/cwru_48khz_de/OR007@12_0.mat,3,72000,120000,1.5,2.5,1.0,0.5,0.5,48000,X161_DE_time,DE_time,drive_end,drive_end,OR,known_source_label,0.0,1796.0,mat_variable,0.007,12.0,129969
source::data/raw/source_domain/cwru_48khz_de/OR007@12_1.mat::w0000,source,data/raw/source_domain/cwru_48khz_de/OR007@12_1.mat,data/raw/source_domain/cwru_48khz_de/OR007@12_1.mat,data/raw/source_domain/cwru_48khz_de/OR007@12_1.mat,0,0,48000,0.0,1.0,1.0,0.5,0.5,48000,X162_DE_time,DE_time,drive_end,drive_end,OR,known_source_label,1.0,1772.0,mat_variable,0.007,12.0,192000
source::data/raw/source_domain/cwru_48khz_de/OR007@12_1.mat::w0001,source,data/raw/source_domain/cwru_48khz_de/OR007@12_1.mat,data/raw/source_domain/cwru_48khz_de/OR007@12_1.mat,data/raw/source_domain/cwru_48khz_de/OR007@12_1.mat,1,24000,72000,0.5,1.5,1.0,0.5,0.5,48000,X162_DE_time,DE_time,drive_end,drive_end,OR,known_source_label,1.0,1772.0,mat_variable,0.007,12.0,192000
source::data/raw/source_domain/cwru_48khz_de/OR007@12_1.mat::w0002,source,data/raw/source_domain/cwru_48khz_de/OR007@12_1.mat,data/raw/source_domain/cwru_48khz_de/OR007@12_1.mat,data/raw/source_domain/cwru_48khz_de/OR007@12_1.mat,2,48000,96000,1.0,2.0,1.0,0.5,0.5,48000,X162_DE_time,DE_time,drive_end,drive_end,OR,known_source_label,1.0,1772.0,mat_variable,0.007,12.0,192000
source::data/raw/source_domain/cwru_48khz_de/OR007@12_1.mat::w0003,source,data/raw/source_domain/cwru_48khz_de/OR007@12_1.mat,data/raw/source_domain/cwru_48khz_de/OR007@12_1.mat,data/raw/source_domain/cwru_48khz_de/OR007@12_1.mat,3,72000,120000,1.5,2.5,1.0,0.5,0.5,48000,X162_DE_time,DE_time,drive_end,drive_end,OR,known_source_label,1.0,1772.0,mat_variable,0.007,12.0,192000
source::data/raw/source_domain/cwru_48khz_de/OR007@12_1.mat::w0004,source,data/raw/source_domain/cwru_48khz_de/OR007@12_1.mat,data/raw/source_domain/cwru_48khz_de/OR007@12_1.mat,data/raw/source_domain/cwru_48khz_de/OR007@12_1.mat,4,96000,144000,2.0,3.0,1.0,0.5,0.5,48000,X162_DE_time,DE_time,drive_end,drive_end,OR,known_source_label,1.0,1772.0,mat_variable,0.007,12.0,192000
source::data/raw/source_domain/cwru_48khz_de/OR007@12_1.mat::w0005,source,data/raw/source_domain/cwru_48khz_de/OR007@12_1.mat,data/raw/source_domain/cwru_48khz_de/OR007@12_1.mat,data/raw/source_domain/cwru_48khz_de/OR007@12_1.mat,5,120000,168000,2.5,3.5,1.0,0.5,0.5,48000,X162_DE_time,DE_time,drive_end,drive_end,OR,known_source_label,1.0,1772.0,mat_variable,0.007,12.0,192000
source::data/raw/source_domain/cwru_48khz_de/OR007@12_1.mat::w0006,source,data/raw/source_domain/cwru_48khz_de/OR007@12_1.mat,data/raw/source_domain/cwru_48khz_de/OR007@12_1.mat,data/raw/source_domain/cwru_48khz_de/OR007@12_1.mat,6,144000,192000,3.0,4.0,1.0,0.5,0.5,48000,X162_DE_time,DE_time,drive_end,drive_end,OR,known_source_label,1.0,1772.0,mat_variable,0.007,12.0,192000
source::data/raw/source_domain/cwru_48khz_de/OR007@12_2.mat::w0000,source,data/raw/source_domain/cwru_48khz_de/OR007@12_2.mat,data/raw/source_domain/cwru_48khz_de/OR007@12_2.mat,data/raw/source_domain/cwru_48khz_de/OR007@12_2.mat,0,0,48000,0.0,1.0,1.0,0.5,0.5,48000,X163_DE_time,DE_time,drive_end,drive_end,OR,known_source_label,2.0,1749.0,mat_variable,0.007,12.0,192000
source::data/raw/source_domain/cwru_48khz_de/OR007@12_2.mat::w0001,source,data/raw/source_domain/cwru_48khz_de/OR007@12_2.mat,data/raw/source_domain/cwru_48khz_de/OR007@12_2.mat,data/raw/source_domain/cwru_48khz_de/OR007@12_2.mat,1,24000,72000,0.5,1.5,1.0,0.5,0.5,48000,X163_DE_time,DE_time,drive_end,drive_end,OR,known_source_label,2.0,1749.0,mat_variable,0.007,12.0,192000
source::data/raw/source_domain/cwru_48khz_de/OR007@12_2.mat::w0002,source,data/raw/source_domain/cwru_48khz_de/OR007@12_2.mat,data/raw/source_domain/cwru_48khz_de/OR007@12_2.mat,data/raw/source_domain/cwru_48khz_de/OR007@12_2.mat,2,48000,96000,1.0,2.0,1.0,0.5,0.5,48000,X163_DE_time,DE_time,drive_end,drive_end,OR,known_source_label,2.0,1749.0,mat_variable,0.007,12.0,192000
source::data/raw/source_domain/cwru_48khz_de/OR007@12_2.mat::w0003,source,data/raw/source_domain/cwru_48khz_de/OR007@12_2.mat,data/raw/source_domain/cwru_48khz_de/OR007@12_2.mat,data/raw/source_domain/cwru_48khz_de/OR007@12_2.mat,3,72000,120000,1.5,2.5,1.0,0.5,0.5,48000,X163_DE_time,DE_time,drive_end,drive_end,OR,known_source_label,2.0,1749.0,mat_variable,0.007,12.0,192000
source::data/raw/source_domain/cwru_48khz_de/OR007@12_2.mat::w0004,source,data/raw/source_domain/cwru_48khz_de/OR007@12_2.mat,data/raw/source_domain/cwru_48khz_de/OR007@12_2.mat,data/raw/source_domain/cwru_48khz_de/OR007@12_2.mat,4,96000,144000,2.0,3.0,1.0,0.5,0.5,48000,X163_DE_time,DE_time,drive_end,drive_end,OR,known_source_label,2.0,1749.0,mat_variable,0.007,12.0,192000
source::data/raw/source_domain/cwru_48khz_de/OR007@12_2.mat::w0005,source,data/raw/source_domain/cwru_48khz_de/OR007@12_2.mat,data/raw/source_domain/cwru_48khz_de/OR007@12_2.mat,data/raw/source_domain/cwru_48khz_de/OR007@12_2.mat,5,120000,168000,2.5,3.5,1.0,0.5,0.5,48000,X163_DE_time,DE_time,drive_end,drive_end,OR,known_source_label,2.0,1749.0,mat_variable,0.007,12.0,192000
source::data/raw/source_domain/cwru_48khz_de/OR007@12_2.mat::w0006,source,data/raw/source_domain/cwru_48khz_de/OR007@12_2.mat,data/raw/source_domain/cwru_48khz_de/OR007@12_2.mat,data/raw/source_domain/cwru_48khz_de/OR007@12_2.mat,6,144000,192000,3.0,4.0,1.0,0.5,0.5,48000,X163_DE_time,DE_time,drive_end,drive_end,OR,known_source_label,2.0,1749.0,mat_variable,0.007,12.0,192000
source::data/raw/source_domain/cwru_48khz_de/OR007@12_3.mat::w0000,source,data/raw/source_domain/cwru_48khz_de/OR007@12_3.mat,data/raw/source_domain/cwru_48khz_de/OR007@12_3.mat,data/raw/source_domain/cwru_48khz_de/OR007@12_3.mat,0,0,48000,0.0,1.0,1.0,0.5,0.5,48000,X164_DE_time,DE_time,drive_end,drive_end,OR,known_source_label,3.0,1723.0,mat_variable,0.007,12.0,192000
source::data/raw/source_domain/cwru_48khz_de/OR007@12_3.mat::w0001,source,data/raw/source_domain/cwru_48khz_de/OR007@12_3.mat,data/raw/source_domain/cwru_48khz_de/OR007@12_3.mat,data/raw/source_domain/cwru_48khz_de/OR007@12_3.mat,1,24000,72000,0.5,1.5,1.0,0.5,0.5,48000,X164_DE_time,DE_time,drive_end,drive_end,OR,known_source_label,3.0,1723.0,mat_variable,0.007,12.0,192000
source::data/raw/source_domain/cwru_48khz_de/OR007@12_3.mat::w0002,source,data/raw/source_domain/cwru_48khz_de/OR007@12_3.mat,data/raw/source_domain/cwru_48khz_de/OR007@12_3.mat,data/raw/source_domain/cwru_48khz_de/OR007@12_3.mat,2,48000,96000,1.0,2.0,1.0,0.5,0.5,48000,X164_DE_time,DE_time,drive_end,drive_end,OR,known_source_label,3.0,1723.0,mat_variable,0.007,12.0,192000
source::data/raw/source_domain/cwru_48khz_de/OR007@12_3.mat::w0003,source,data/raw/source_domain/cwru_48khz_de/OR007@12_3.mat,data/raw/source_domain/cwru_48khz_de/OR007@12_3.mat,data/raw/source_domain/cwru_48khz_de/OR007@12_3.mat,3,72000,120000,1.5,2.5,1.0,0.5,0.5,48000,X164_DE_time,DE_time,drive_end,drive_end,OR,known_source_label,3.0,1723.0,mat_variable,0.007,12.0,192000
source::data/raw/source_domain/cwru_48khz_de/OR007@12_3.mat::w0004,source,data/raw/source_domain/cwru_48khz_de/OR007@12_3.mat,data/raw/source_domain/cwru_48khz_de/OR007@12_3.mat,data/raw/source_domain/cwru_48khz_de/OR007@12_3.mat,4,96000,144000,2.0,3.0,1.0,0.5,0.5,48000,X164_DE_time,DE_time,drive_end,drive_end,OR,known_source_label,3.0,1723.0,mat_variable,0.007,12.0,192000
source::data/raw/source_domain/cwru_48khz_de/OR007@12_3.mat::w0005,source,data/raw/source_domain/cwru_48khz_de/OR007@12_3.mat,data/raw/source_domain/cwru_48khz_de/OR007@12_3.mat,data/raw/source_domain/cwru_48khz_de/OR007@12_3.mat,5,120000,168000,2.5,3.5,1.0,0.5,0.5,48000,X164_DE_time,DE_time,drive_end,drive_end,OR,known_source_label,3.0,1723.0,mat_variable,0.007,12.0,192000
source::data/raw/source_domain/cwru_48khz_de/OR007@12_3.mat::w0006,source,data/raw/source_domain/cwru_48khz_de/OR007@12_3.mat,data/raw/source_domain/cwru_48khz_de/OR007@12_3.mat,data/raw/source_domain/cwru_48khz_de/OR007@12_3.mat,6,144000,192000,3.0,4.0,1.0,0.5,0.5,48000,X164_DE_time,DE_time,drive_end,drive_end,OR,known_source_label,3.0,1723.0,mat_variable,0.007,12.0,192000
source::data/raw/source_domain/cwru_48khz_de/OR007@3_0.mat::w0000,source,data/raw/source_domain/cwru_48khz_de/OR007@3_0.mat,data/raw/source_domain/cwru_48khz_de/OR007@3_0.mat,data/raw/source_domain/cwru_48khz_de/OR007@3_0.mat,0,0,48000,0.0,1.0,1.0,0.5,0.5,48000,X148_DE_time,DE_time,drive_end,drive_end,OR,known_source_label,0.0,1797.0,mat_variable,0.007,3.0,124602
source::data/raw/source_domain/cwru_48khz_de/OR007@3_0.mat::w0001,source,data/raw/source_domain/cwru_48khz_de/OR007@3_0.mat,data/raw/source_domain/cwru_48khz_de/OR007@3_0.mat,data/raw/source_domain/cwru_48khz_de/OR007@3_0.mat,1,24000,72000,0.5,1.5,1.0,0.5,0.5,48000,X148_DE_time,DE_time,drive_end,drive_end,OR,known_source_label,0.0,1797.0,mat_variable,0.007,3.0,124602
source::data/raw/source_domain/cwru_48khz_de/OR007@3_0.mat::w0002,source,data/raw/source_domain/cwru_48khz_de/OR007@3_0.mat,data/raw/source_domain/cwru_48khz_de/OR007@3_0.mat,data/raw/source_domain/cwru_48khz_de/OR007@3_0.mat,2,48000,96000,1.0,2.0,1.0,0.5,0.5,48000,X148_DE_time,DE_time,drive_end,drive_end,OR,known_source_label,0.0,1797.0,mat_variable,0.007,3.0,124602
source::data/raw/source_domain/cwru_48khz_de/OR007@3_0.mat::w0003,source,data/raw/source_domain/cwru_48khz_de/OR007@3_0.mat,data/raw/source_domain/cwru_48khz_de/OR007@3_0.mat,data/raw/source_domain/cwru_48khz_de/OR007@3_0.mat,3,72000,120000,1.5,2.5,1.0,0.5,0.5,48000,X148_DE_time,DE_time,drive_end,drive_end,OR,known_source_label,0.0,1797.0,mat_variable,0.007,3.0,124602
source::data/raw/source_domain/cwru_48khz_de/OR007@3_1.mat::w0000,source,data/raw/source_domain/cwru_48khz_de/OR007@3_1.mat,data/raw/source_domain/cwru_48khz_de/OR007@3_1.mat,data/raw/source_domain/cwru_48khz_de/OR007@3_1.mat,0,0,48000,0.0,1.0,1.0,0.5,0.5,48000,X149_DE_time,DE_time,drive_end,drive_end,OR,known_source_label,1.0,1773.0,mat_variable,0.007,3.0,192000
source::data/raw/source_domain/cwru_48khz_de/OR007@3_1.mat::w0001,source,data/raw/source_domain/cwru_48khz_de/OR007@3_1.mat,data/raw/source_domain/cwru_48khz_de/OR007@3_1.mat,data/raw/source_domain/cwru_48khz_de/OR007@3_1.mat,1,24000,72000,0.5,1.5,1.0,0.5,0.5,48000,X149_DE_time,DE_time,drive_end,drive_end,OR,known_source_label,1.0,1773.0,mat_variable,0.007,3.0,192000
source::data/raw/source_domain/cwru_48khz_de/OR007@3_1.mat::w0002,source,data/raw/source_domain/cwru_48khz_de/OR007@3_1.mat,data/raw/source_domain/cwru_48khz_de/OR007@3_1.mat,data/raw/source_domain/cwru_48khz_de/OR007@3_1.mat,2,48000,96000,1.0,2.0,1.0,0.5,0.5,48000,X149_DE_time,DE_time,drive_end,drive_end,OR,known_source_label,1.0,1773.0,mat_variable,0.007,3.0,192000
source::data/raw/source_domain/cwru_48khz_de/OR007@3_1.mat::w0003,source,data/raw/source_domain/cwru_48khz_de/OR007@3_1.mat,data/raw/source_domain/cwru_48khz_de/OR007@3_1.mat,data/raw/source_domain/cwru_48khz_de/OR007@3_1.mat,3,72000,120000,1.5,2.5,1.0,0.5,0.5,48000,X149_DE_time,DE_time,drive_end,drive_end,OR,known_source_label,1.0,1773.0,mat_variable,0.007,3.0,192000
source::data/raw/source_domain/cwru_48khz_de/OR007@3_1.mat::w0004,source,data/raw/source_domain/cwru_48khz_de/OR007@3_1.mat,data/raw/source_domain/cwru_48khz_de/OR007@3_1.mat,data/raw/source_domain/cwru_48khz_de/OR007@3_1.mat,4,96000,144000,2.0,3.0,1.0,0.5,0.5,48000,X149_DE_time,DE_time,drive_end,drive_end,OR,known_source_label,1.0,1773.0,mat_variable,0.007,3.0,192000
source::data/raw/source_domain/cwru_48khz_de/OR007@3_1.mat::w0005,source,data/raw/source_domain/cwru_48khz_de/OR007@3_1.mat,data/raw/source_domain/cwru_48khz_de/OR007@3_1.mat,data/raw/source_domain/cwru_48khz_de/OR007@3_1.mat,5,120000,168000,2.5,3.5,1.0,0.5,0.5,48000,X149_DE_time,DE_time,drive_end,drive_end,OR,known_source_label,1.0,1773.0,mat_variable,0.007,3.0,192000
source::data/raw/source_domain/cwru_48khz_de/OR007@3_1.mat::w0006,source,data/raw/source_domain/cwru_48khz_de/OR007@3_1.mat,data/raw/source_domain/cwru_48khz_de/OR007@3_1.mat,data/raw/source_domain/cwru_48khz_de/OR007@3_1.mat,6,144000,192000,3.0,4.0,1.0,0.5,0.5,48000,X149_DE_time,DE_time,drive_end,drive_end,OR,known_source_label,1.0,1773.0,mat_variable,0.007,3.0,192000
source::data/raw/source_domain/cwru_48khz_de/OR007@3_2.mat::w0000,source,data/raw/source_domain/cwru_48khz_de/OR007@3_2.mat,data/raw/source_domain/cwru_48khz_de/OR007@3_2.mat,data/raw/source_domain/cwru_48khz_de/OR007@3_2.mat,0,0,48000,0.0,1.0,1.0,0.5,0.5,48000,X150_DE_time,DE_time,drive_end,drive_end,OR,known_source_label,2.0,1750.0,mat_variable,0.007,3.0,192000
source::data/raw/source_domain/cwru_48khz_de/OR007@3_2.mat::w0001,source,data/raw/source_domain/cwru_48khz_de/OR007@3_2.mat,data/raw/source_domain/cwru_48khz_de/OR007@3_2.mat,data/raw/source_domain/cwru_48khz_de/OR007@3_2.mat,1,24000,72000,0.5,1.5,1.0,0.5,0.5,48000,X150_DE_time,DE_time,drive_end,drive_end,OR,known_source_label,2.0,1750.0,mat_variable,0.007,3.0,192000
source::data/raw/source_domain/cwru_48khz_de/OR007@3_2.mat::w0002,source,data/raw/source_domain/cwru_48khz_de/OR007@3_2.mat,data/raw/source_domain/cwru_48khz_de/OR007@3_2.mat,data/raw/source_domain/cwru_48khz_de/OR007@3_2.mat,2,48000,96000,1.0,2.0,1.0,0.5,0.5,48000,X150_DE_time,DE_time,drive_end,drive_end,OR,known_source_label,2.0,1750.0,mat_variable,0.007,3.0,192000
source::data/raw/source_domain/cwru_48khz_de/OR007@3_2.mat::w0003,source,data/raw/source_domain/cwru_48khz_de/OR007@3_2.mat,data/raw/source_domain/cwru_48khz_de/OR007@3_2.mat,data/raw/source_domain/cwru_48khz_de/OR007@3_2.mat,3,72000,120000,1.5,2.5,1.0,0.5,0.5,48000,X150_DE_time,DE_time,drive_end,drive_end,OR,known_source_label,2.0,1750.0,mat_variable,0.007,3.0,192000
source::data/raw/source_domain/cwru_48khz_de/OR007@3_2.mat::w0004,source,data/raw/source_domain/cwru_48khz_de/OR007@3_2.mat,data/raw/source_domain/cwru_48khz_de/OR007@3_2.mat,data/raw/source_domain/cwru_48khz_de/OR007@3_2.mat,4,96000,144000,2.0,3.0,1.0,0.5,0.5,48000,X150_DE_time,DE_time,drive_end,drive_end,OR,known_source_label,2.0,1750.0,mat_variable,0.007,3.0,192000
source::data/raw/source_domain/cwru_48khz_de/OR007@3_2.mat::w0005,source,data/raw/source_domain/cwru_48khz_de/OR007@3_2.mat,data/raw/source_domain/cwru_48khz_de/OR007@3_2.mat,data/raw/source_domain/cwru_48khz_de/OR007@3_2.mat,5,120000,168000,2.5,3.5,1.0,0.5,0.5,48000,X150_DE_time,DE_time,drive_end,drive_end,OR,known_source_label,2.0,1750.0,mat_variable,0.007,3.0,192000
source::data/raw/source_domain/cwru_48khz_de/OR007@3_2.mat::w0006,source,data/raw/source_domain/cwru_48khz_de/OR007@3_2.mat,data/raw/source_domain/cwru_48khz_de/OR007@3_2.mat,data/raw/source_domain/cwru_48khz_de/OR007@3_2.mat,6,144000,192000,3.0,4.0,1.0,0.5,0.5,48000,X150_DE_time,DE_time,drive_end,drive_end,OR,known_source_label,2.0,1750.0,mat_variable,0.007,3.0,192000
source::data/raw/source_domain/cwru_48khz_de/OR007@3_3.mat::w0000,source,data/raw/source_domain/cwru_48khz_de/OR007@3_3.mat,data/raw/source_domain/cwru_48khz_de/OR007@3_3.mat,data/raw/source_domain/cwru_48khz_de/OR007@3_3.mat,0,0,48000,0.0,1.0,1.0,0.5,0.5,48000,X151_DE_time,DE_time,drive_end,drive_end,OR,known_source_label,3.0,1724.0,mat_variable,0.007,3.0,192000
source::data/raw/source_domain/cwru_48khz_de/OR007@3_3.mat::w0001,source,data/raw/source_domain/cwru_48khz_de/OR007@3_3.mat,data/raw/source_domain/cwru_48khz_de/OR007@3_3.mat,data/raw/source_domain/cwru_48khz_de/OR007@3_3.mat,1,24000,72000,0.5,1.5,1.0,0.5,0.5,48000,X151_DE_time,DE_time,drive_end,drive_end,OR,known_source_label,3.0,1724.0,mat_variable,0.007,3.0,192000
source::data/raw/source_domain/cwru_48khz_de/OR007@3_3.mat::w0002,source,data/raw/source_domain/cwru_48khz_de/OR007@3_3.mat,data/raw/source_domain/cwru_48khz_de/OR007@3_3.mat,data/raw/source_domain/cwru_48khz_de/OR007@3_3.mat,2,48000,96000,1.0,2.0,1.0,0.5,0.5,48000,X151_DE_time,DE_time,drive_end,drive_end,OR,known_source_label,3.0,1724.0,mat_variable,0.007,3.0,192000
source::data/raw/source_domain/cwru_48khz_de/OR007@3_3.mat::w0003,source,data/raw/source_domain/cwru_48khz_de/OR007@3_3.mat,data/raw/source_domain/cwru_48khz_de/OR007@3_3.mat,data/raw/source_domain/cwru_48khz_de/OR007@3_3.mat,3,72000,120000,1.5,2.5,1.0,0.5,0.5,48000,X151_DE_time,DE_time,drive_end,drive_end,OR,known_source_label,3.0,1724.0,mat_variable,0.007,3.0,192000
source::data/raw/source_domain/cwru_48khz_de/OR007@3_3.mat::w0004,source,data/raw/source_domain/cwru_48khz_de/OR007@3_3.mat,data/raw/source_domain/cwru_48khz_de/OR007@3_3.mat,data/raw/source_domain/cwru_48khz_de/OR007@3_3.mat,4,96000,144000,2.0,3.0,1.0,0.5,0.5,48000,X151_DE_time,DE_time,drive_end,drive_end,OR,known_source_label,3.0,1724.0,mat_variable,0.007,3.0,192000
source::data/raw/source_domain/cwru_48khz_de/OR007@3_3.mat::w0005,source,data/raw/source_domain/cwru_48khz_de/OR007@3_3.mat,data/raw/source_domain/cwru_48khz_de/OR007@3_3.mat,data/raw/source_domain/cwru_48khz_de/OR007@3_3.mat,5,120000,168000,2.5,3.5,1.0,0.5,0.5,48000,X151_DE_time,DE_time,drive_end,drive_end,OR,known_source_label,3.0,1724.0,mat_variable,0.007,3.0,192000
source::data/raw/source_domain/cwru_48khz_de/OR007@3_3.mat::w0006,source,data/raw/source_domain/cwru_48khz_de/OR007@3_3.mat,data/raw/source_domain/cwru_48khz_de/OR007@3_3.mat,data/raw/source_domain/cwru_48khz_de/OR007@3_3.mat,6,144000,192000,3.0,4.0,1.0,0.5,0.5,48000,X151_DE_time,DE_time,drive_end,drive_end,OR,known_source_label,3.0,1724.0,mat_variable,0.007,3.0,192000
source::data/raw/source_domain/cwru_48khz_de/OR007@6_0.mat::w0000,source,data/raw/source_domain/cwru_48khz_de/OR007@6_0.mat,data/raw/source_domain/cwru_48khz_de/OR007@6_0.mat,data/raw/source_domain/cwru_48khz_de/OR007@6_0.mat,0,0,48000,0.0,1.0,1.0,0.5,0.5,48000,X135_DE_time,DE_time,drive_end,drive_end,OR,known_source_label,0.0,1796.0,mat_variable,0.007,6.0,192000
source::data/raw/source_domain/cwru_48khz_de/OR007@6_0.mat::w0001,source,data/raw/source_domain/cwru_48khz_de/OR007@6_0.mat,data/raw/source_domain/cwru_48khz_de/OR007@6_0.mat,data/raw/source_domain/cwru_48khz_de/OR007@6_0.mat,1,24000,72000,0.5,1.5,1.0,0.5,0.5,48000,X135_DE_time,DE_time,drive_end,drive_end,OR,known_source_label,0.0,1796.0,mat_variable,0.007,6.0,192000
source::data/raw/source_domain/cwru_48khz_de/OR007@6_0.mat::w0002,source,data/raw/source_domain/cwru_48khz_de/OR007@6_0.mat,data/raw/source_domain/cwru_48khz_de/OR007@6_0.mat,data/raw/source_domain/cwru_48khz_de/OR007@6_0.mat,2,48000,96000,1.0,2.0,1.0,0.5,0.5,48000,X135_DE_time,DE_time,drive_end,drive_end,OR,known_source_label,0.0,1796.0,mat_variable,0.007,6.0,192000
source::data/raw/source_domain/cwru_48khz_de/OR007@6_0.mat::w0003,source,data/raw/source_domain/cwru_48khz_de/OR007@6_0.mat,data/raw/source_domain/cwru_48khz_de/OR007@6_0.mat,data/raw/source_domain/cwru_48khz_de/OR007@6_0.mat,3,72000,120000,1.5,2.5,1.0,0.5,0.5,48000,X135_DE_time,DE_time,drive_end,drive_end,OR,known_source_label,0.0,1796.0,mat_variable,0.007,6.0,192000
source::data/raw/source_domain/cwru_48khz_de/OR007@6_0.mat::w0004,source,data/raw/source_domain/cwru_48khz_de/OR007@6_0.mat,data/raw/source_domain/cwru_48khz_de/OR007@6_0.mat,data/raw/source_domain/cwru_48khz_de/OR007@6_0.mat,4,96000,144000,2.0,3.0,1.0,0.5,0.5,48000,X135_DE_time,DE_time,drive_end,drive_end,OR,known_source_label,0.0,1796.0,mat_variable,0.007,6.0,192000
source::data/raw/source_domain/cwru_48khz_de/OR007@6_0.mat::w0005,source,data/raw/source_domain/cwru_48khz_de/OR007@6_0.mat,data/raw/source_domain/cwru_48khz_de/OR007@6_0.mat,data/raw/source_domain/cwru_48khz_de/OR007@6_0.mat,5,120000,168000,2.5,3.5,1.0,0.5,0.5,48000,X135_DE_time,DE_time,drive_end,drive_end,OR,known_source_label,0.0,1796.0,mat_variable,0.007,6.0,192000
source::data/raw/source_domain/cwru_48khz_de/OR007@6_0.mat::w0006,source,data/raw/source_domain/cwru_48khz_de/OR007@6_0.mat,data/raw/source_domain/cwru_48khz_de/OR007@6_0.mat,data/raw/source_domain/cwru_48khz_de/OR007@6_0.mat,6,144000,192000,3.0,4.0,1.0,0.5,0.5,48000,X135_DE_time,DE_time,drive_end,drive_end,OR,known_source_label,0.0,1796.0,mat_variable,0.007,6.0,192000
source::data/raw/source_domain/cwru_48khz_de/OR007@6_1.mat::w0000,source,data/raw/source_domain/cwru_48khz_de/OR007@6_1.mat,data/raw/source_domain/cwru_48khz_de/OR007@6_1.mat,data/raw/source_domain/cwru_48khz_de/OR007@6_1.mat,0,0,48000,0.0,1.0,1.0,0.5,0.5,48000,X136_DE_time,DE_time,drive_end,drive_end,OR,known_source_label,1.0,1774.0,mat_variable,0.007,6.0,192000
source::data/raw/source_domain/cwru_48khz_de/OR007@6_1.mat::w0001,source,data/raw/source_domain/cwru_48khz_de/OR007@6_1.mat,data/raw/source_domain/cwru_48khz_de/OR007@6_1.mat,data/raw/source_domain/cwru_48khz_de/OR007@6_1.mat,1,24000,72000,0.5,1.5,1.0,0.5,0.5,48000,X136_DE_time,DE_time,drive_end,drive_end,OR,known_source_label,1.0,1774.0,mat_variable,0.007,6.0,192000
source::data/raw/source_domain/cwru_48khz_de/OR007@6_1.mat::w0002,source,data/raw/source_domain/cwru_48khz_de/OR007@6_1.mat,data/raw/source_domain/cwru_48khz_de/OR007@6_1.mat,data/raw/source_domain/cwru_48khz_de/OR007@6_1.mat,2,48000,96000,1.0,2.0,1.0,0.5,0.5,48000,X136_DE_time,DE_time,drive_end,drive_end,OR,known_source_label,1.0,1774.0,mat_variable,0.007,6.0,192000
source::data/raw/source_domain/cwru_48khz_de/OR007@6_1.mat::w0003,source,data/raw/source_domain/cwru_48khz_de/OR007@6_1.mat,data/raw/source_domain/cwru_48khz_de/OR007@6_1.mat,data/raw/source_domain/cwru_48khz_de/OR007@6_1.mat,3,72000,120000,1.5,2.5,1.0,0.5,0.5,48000,X136_DE_time,DE_time,drive_end,drive_end,OR,known_source_label,1.0,1774.0,mat_variable,0.007,6.0,192000
source::data/raw/source_domain/cwru_48khz_de/OR007@6_1.mat::w0004,source,data/raw/source_domain/cwru_48khz_de/OR007@6_1.mat,data/raw/source_domain/cwru_48khz_de/OR007@6_1.mat,data/raw/source_domain/cwru_48khz_de/OR007@6_1.mat,4,96000,144000,2.0,3.0,1.0,0.5,0.5,48000,X136_DE_time,DE_time,drive_end,drive_end,OR,known_source_label,1.0,1774.0,mat_variable,0.007,6.0,192000
source::data/raw/source_domain/cwru_48khz_de/OR007@6_1.mat::w0005,source,data/raw/source_domain/cwru_48khz_de/OR007@6_1.mat,data/raw/source_domain/cwru_48khz_de/OR007@6_1.mat,data/raw/source_domain/cwru_48khz_de/OR007@6_1.mat,5,120000,168000,2.5,3.5,1.0,0.5,0.5,48000,X136_DE_time,DE_time,drive_end,drive_end,OR,known_source_label,1.0,1774.0,mat_variable,0.007,6.0,192000
source::data/raw/source_domain/cwru_48khz_de/OR007@6_1.mat::w0006,source,data/raw/source_domain/cwru_48khz_de/OR007@6_1.mat,data/raw/source_domain/cwru_48khz_de/OR007@6_1.mat,data/raw/source_domain/cwru_48khz_de/OR007@6_1.mat,6,144000,192000,3.0,4.0,1.0,0.5,0.5,48000,X136_DE_time,DE_time,drive_end,drive_end,OR,known_source_label,1.0,1774.0,mat_variable,0.007,6.0,192000
source::data/raw/source_domain/cwru_48khz_de/OR007@6_2.mat::w0000,source,data/raw/source_domain/cwru_48khz_de/OR007@6_2.mat,data/raw/source_domain/cwru_48khz_de/OR007@6_2.mat,data/raw/source_domain/cwru_48khz_de/OR007@6_2.mat,0,0,48000,0.0,1.0,1.0,0.5,0.5,48000,X137_DE_time,DE_time,drive_end,drive_end,OR,known_source_label,2.0,1750.0,mat_variable,0.007,6.0,192000
source::data/raw/source_domain/cwru_48khz_de/OR007@6_2.mat::w0001,source,data/raw/source_domain/cwru_48khz_de/OR007@6_2.mat,data/raw/source_domain/cwru_48khz_de/OR007@6_2.mat,data/raw/source_domain/cwru_48khz_de/OR007@6_2.mat,1,24000,72000,0.5,1.5,1.0,0.5,0.5,48000,X137_DE_time,DE_time,drive_end,drive_end,OR,known_source_label,2.0,1750.0,mat_variable,0.007,6.0,192000
source::data/raw/source_domain/cwru_48khz_de/OR007@6_2.mat::w0002,source,data/raw/source_domain/cwru_48khz_de/OR007@6_2.mat,data/raw/source_domain/cwru_48khz_de/OR007@6_2.mat,data/raw/source_domain/cwru_48khz_de/OR007@6_2.mat,2,48000,96000,1.0,2.0,1.0,0.5,0.5,48000,X137_DE_time,DE_time,drive_end,drive_end,OR,known_source_label,2.0,1750.0,mat_variable,0.007,6.0,192000
source::data/raw/source_domain/cwru_48khz_de/OR007@6_2.mat::w0003,source,data/raw/source_domain/cwru_48khz_de/OR007@6_2.mat,data/raw/source_domain/cwru_48khz_de/OR007@6_2.mat,data/raw/source_domain/cwru_48khz_de/OR007@6_2.mat,3,72000,120000,1.5,2.5,1.0,0.5,0.5,48000,X137_DE_time,DE_time,drive_end,drive_end,OR,known_source_label,2.0,1750.0,mat_variable,0.007,6.0,192000
source::data/raw/source_domain/cwru_48khz_de/OR007@6_2.mat::w0004,source,data/raw/source_domain/cwru_48khz_de/OR007@6_2.mat,data/raw/source_domain/cwru_48khz_de/OR007@6_2.mat,data/raw/source_domain/cwru_48khz_de/OR007@6_2.mat,4,96000,144000,2.0,3.0,1.0,0.5,0.5,48000,X137_DE_time,DE_time,drive_end,drive_end,OR,known_source_label,2.0,1750.0,mat_variable,0.007,6.0,192000
source::data/raw/source_domain/cwru_48khz_de/OR007@6_2.mat::w0005,source,data/raw/source_domain/cwru_48khz_de/OR007@6_2.mat,data/raw/source_domain/cwru_48khz_de/OR007@6_2.mat,data/raw/source_domain/cwru_48khz_de/OR007@6_2.mat,5,120000,168000,2.5,3.5,1.0,0.5,0.5,48000,X137_DE_time,DE_time,drive_end,drive_end,OR,known_source_label,2.0,1750.0,mat_variable,0.007,6.0,192000
source::data/raw/source_domain/cwru_48khz_de/OR007@6_2.mat::w0006,source,data/raw/source_domain/cwru_48khz_de/OR007@6_2.mat,data/raw/source_domain/cwru_48khz_de/OR007@6_2.mat,data/raw/source_domain/cwru_48khz_de/OR007@6_2.mat,6,144000,192000,3.0,4.0,1.0,0.5,0.5,48000,X137_DE_time,DE_time,drive_end,drive_end,OR,known_source_label,2.0,1750.0,mat_variable,0.007,6.0,192000
source::data/raw/source_domain/cwru_48khz_de/OR007@6_3.mat::w0000,source,data/raw/source_domain/cwru_48khz_de/OR007@6_3.mat,data/raw/source_domain/cwru_48khz_de/OR007@6_3.mat,data/raw/source_domain/cwru_48khz_de/OR007@6_3.mat,0,0,48000,0.0,1.0,1.0,0.5,0.5,48000,X138_DE_time,DE_time,drive_end,drive_end,OR,known_source_label,3.0,1725.0,mat_variable,0.007,6.0,192000
source::data/raw/source_domain/cwru_48khz_de/OR007@6_3.mat::w0001,source,data/raw/source_domain/cwru_48khz_de/OR007@6_3.mat,data/raw/source_domain/cwru_48khz_de/OR007@6_3.mat,data/raw/source_domain/cwru_48khz_de/OR007@6_3.mat,1,24000,72000,0.5,1.5,1.0,0.5,0.5,48000,X138_DE_time,DE_time,drive_end,drive_end,OR,known_source_label,3.0,1725.0,mat_variable,0.007,6.0,192000
source::data/raw/source_domain/cwru_48khz_de/OR007@6_3.mat::w0002,source,data/raw/source_domain/cwru_48khz_de/OR007@6_3.mat,data/raw/source_domain/cwru_48khz_de/OR007@6_3.mat,data/raw/source_domain/cwru_48khz_de/OR007@6_3.mat,2,48000,96000,1.0,2.0,1.0,0.5,0.5,48000,X138_DE_time,DE_time,drive_end,drive_end,OR,known_source_label,3.0,1725.0,mat_variable,0.007,6.0,192000
source::data/raw/source_domain/cwru_48khz_de/OR007@6_3.mat::w0003,source,data/raw/source_domain/cwru_48khz_de/OR007@6_3.mat,data/raw/source_domain/cwru_48khz_de/OR007@6_3.mat,data/raw/source_domain/cwru_48khz_de/OR007@6_3.mat,3,72000,120000,1.5,2.5,1.0,0.5,0.5,48000,X138_DE_time,DE_time,drive_end,drive_end,OR,known_source_label,3.0,1725.0,mat_variable,0.007,6.0,192000
source::data/raw/source_domain/cwru_48khz_de/OR007@6_3.mat::w0004,source,data/raw/source_domain/cwru_48khz_de/OR007@6_3.mat,data/raw/source_domain/cwru_48khz_de/OR007@6_3.mat,data/raw/source_domain/cwru_48khz_de/OR007@6_3.mat,4,96000,144000,2.0,3.0,1.0,0.5,0.5,48000,X138_DE_time,DE_time,drive_end,drive_end,OR,known_source_label,3.0,1725.0,mat_variable,0.007,6.0,192000
source::data/raw/source_domain/cwru_48khz_de/OR007@6_3.mat::w0005,source,data/raw/source_domain/cwru_48khz_de/OR007@6_3.mat,data/raw/source_domain/cwru_48khz_de/OR007@6_3.mat,data/raw/source_domain/cwru_48khz_de/OR007@6_3.mat,5,120000,168000,2.5,3.5,1.0,0.5,0.5,48000,X138_DE_time,DE_time,drive_end,drive_end,OR,known_source_label,3.0,1725.0,mat_variable,0.007,6.0,192000
source::data/raw/source_domain/cwru_48khz_de/OR007@6_3.mat::w0006,source,data/raw/source_domain/cwru_48khz_de/OR007@6_3.mat,data/raw/source_domain/cwru_48khz_de/OR007@6_3.mat,data/raw/source_domain/cwru_48khz_de/OR007@6_3.mat,6,144000,192000,3.0,4.0,1.0,0.5,0.5,48000,X138_DE_time,DE_time,drive_end,drive_end,OR,known_source_label,3.0,1725.0,mat_variable,0.007,6.0,192000
source::data/raw/source_domain/cwru_48khz_de/OR014@6_0.mat::w0000,source,data/raw/source_domain/cwru_48khz_de/OR014@6_0.mat,data/raw/source_domain/cwru_48khz_de/OR014@6_0.mat,data/raw/source_domain/cwru_48khz_de/OR014@6_0.mat,0,0,48000,0.0,1.0,1.0,0.5,0.5,48000,X201_DE_time,DE_time,drive_end,drive_end,OR,known_source_label,0.0,1796.0,mat_variable,0.014,6.0,192000
source::data/raw/source_domain/cwru_48khz_de/OR014@6_0.mat::w0001,source,data/raw/source_domain/cwru_48khz_de/OR014@6_0.mat,data/raw/source_domain/cwru_48khz_de/OR014@6_0.mat,data/raw/source_domain/cwru_48khz_de/OR014@6_0.mat,1,24000,72000,0.5,1.5,1.0,0.5,0.5,48000,X201_DE_time,DE_time,drive_end,drive_end,OR,known_source_label,0.0,1796.0,mat_variable,0.014,6.0,192000
source::data/raw/source_domain/cwru_48khz_de/OR014@6_0.mat::w0002,source,data/raw/source_domain/cwru_48khz_de/OR014@6_0.mat,data/raw/source_domain/cwru_48khz_de/OR014@6_0.mat,data/raw/source_domain/cwru_48khz_de/OR014@6_0.mat,2,48000,96000,1.0,2.0,1.0,0.5,0.5,48000,X201_DE_time,DE_time,drive_end,drive_end,OR,known_source_label,0.0,1796.0,mat_variable,0.014,6.0,192000
source::data/raw/source_domain/cwru_48khz_de/OR014@6_0.mat::w0003,source,data/raw/source_domain/cwru_48khz_de/OR014@6_0.mat,data/raw/source_domain/cwru_48khz_de/OR014@6_0.mat,data/raw/source_domain/cwru_48khz_de/OR014@6_0.mat,3,72000,120000,1.5,2.5,1.0,0.5,0.5,48000,X201_DE_time,DE_time,drive_end,drive_end,OR,known_source_label,0.0,1796.0,mat_variable,0.014,6.0,192000
source::data/raw/source_domain/cwru_48khz_de/OR014@6_0.mat::w0004,source,data/raw/source_domain/cwru_48khz_de/OR014@6_0.mat,data/raw/source_domain/cwru_48khz_de/OR014@6_0.mat,data/raw/source_domain/cwru_48khz_de/OR014@6_0.mat,4,96000,144000,2.0,3.0,1.0,0.5,0.5,48000,X201_DE_time,DE_time,drive_end,drive_end,OR,known_source_label,0.0,1796.0,mat_variable,0.014,6.0,192000
source::data/raw/source_domain/cwru_48khz_de/OR014@6_0.mat::w0005,source,data/raw/source_domain/cwru_48khz_de/OR014@6_0.mat,data/raw/source_domain/cwru_48khz_de/OR014@6_0.mat,data/raw/source_domain/cwru_48khz_de/OR014@6_0.mat,5,120000,168000,2.5,3.5,1.0,0.5,0.5,48000,X201_DE_time,DE_time,drive_end,drive_end,OR,known_source_label,0.0,1796.0,mat_variable,0.014,6.0,192000
source::data/raw/source_domain/cwru_48khz_de/OR014@6_0.mat::w0006,source,data/raw/source_domain/cwru_48khz_de/OR014@6_0.mat,data/raw/source_domain/cwru_48khz_de/OR014@6_0.mat,data/raw/source_domain/cwru_48khz_de/OR014@6_0.mat,6,144000,192000,3.0,4.0,1.0,0.5,0.5,48000,X201_DE_time,DE_time,drive_end,drive_end,OR,known_source_label,0.0,1796.0,mat_variable,0.014,6.0,192000
source::data/raw/source_domain/cwru_48khz_de/OR014@6_1.mat::w0000,source,data/raw/source_domain/cwru_48khz_de/OR014@6_1.mat,data/raw/source_domain/cwru_48khz_de/OR014@6_1.mat,data/raw/source_domain/cwru_48khz_de/OR014@6_1.mat,0,0,48000,0.0,1.0,1.0,0.5,0.5,48000,X202_DE_time,DE_time,drive_end,drive_end,OR,known_source_label,1.0,1772.0,mat_variable,0.014,6.0,192000
source::data/raw/source_domain/cwru_48khz_de/OR014@6_1.mat::w0001,source,data/raw/source_domain/cwru_48khz_de/OR014@6_1.mat,data/raw/source_domain/cwru_48khz_de/OR014@6_1.mat,data/raw/source_domain/cwru_48khz_de/OR014@6_1.mat,1,24000,72000,0.5,1.5,1.0,0.5,0.5,48000,X202_DE_time,DE_time,drive_end,drive_end,OR,known_source_label,1.0,1772.0,mat_variable,0.014,6.0,192000
source::data/raw/source_domain/cwru_48khz_de/OR014@6_1.mat::w0002,source,data/raw/source_domain/cwru_48khz_de/OR014@6_1.mat,data/raw/source_domain/cwru_48khz_de/OR014@6_1.mat,data/raw/source_domain/cwru_48khz_de/OR014@6_1.mat,2,48000,96000,1.0,2.0,1.0,0.5,0.5,48000,X202_DE_time,DE_time,drive_end,drive_end,OR,known_source_label,1.0,1772.0,mat_variable,0.014,6.0,192000
source::data/raw/source_domain/cwru_48khz_de/OR014@6_1.mat::w0003,source,data/raw/source_domain/cwru_48khz_de/OR014@6_1.mat,data/raw/source_domain/cwru_48khz_de/OR014@6_1.mat,data/raw/source_domain/cwru_48khz_de/OR014@6_1.mat,3,72000,120000,1.5,2.5,1.0,0.5,0.5,48000,X202_DE_time,DE_time,drive_end,drive_end,OR,known_source_label,1.0,1772.0,mat_variable,0.014,6.0,192000
source::data/raw/source_domain/cwru_48khz_de/OR014@6_1.mat::w0004,source,data/raw/source_domain/cwru_48khz_de/OR014@6_1.mat,data/raw/source_domain/cwru_48khz_de/OR014@6_1.mat,data/raw/source_domain/cwru_48khz_de/OR014@6_1.mat,4,96000,144000,2.0,3.0,1.0,0.5,0.5,48000,X202_DE_time,DE_time,drive_end,drive_end,OR,known_source_label,1.0,1772.0,mat_variable,0.014,6.0,192000
source::data/raw/source_domain/cwru_48khz_de/OR014@6_1.mat::w0005,source,data/raw/source_domain/cwru_48khz_de/OR014@6_1.mat,data/raw/source_domain/cwru_48khz_de/OR014@6_1.mat,data/raw/source_domain/cwru_48khz_de/OR014@6_1.mat,5,120000,168000,2.5,3.5,1.0,0.5,0.5,48000,X202_DE_time,DE_time,drive_end,drive_end,OR,known_source_label,1.0,1772.0,mat_variable,0.014,6.0,192000
source::data/raw/source_domain/cwru_48khz_de/OR014@6_1.mat::w0006,source,data/raw/source_domain/cwru_48khz_de/OR014@6_1.mat,data/raw/source_domain/cwru_48khz_de/OR014@6_1.mat,data/raw/source_domain/cwru_48khz_de/OR014@6_1.mat,6,144000,192000,3.0,4.0,1.0,0.5,0.5,48000,X202_DE_time,DE_time,drive_end,drive_end,OR,known_source_label,1.0,1772.0,mat_variable,0.014,6.0,192000
source::data/raw/source_domain/cwru_48khz_de/OR014@6_2.mat::w0000,source,data/raw/source_domain/cwru_48khz_de/OR014@6_2.mat,data/raw/source_domain/cwru_48khz_de/OR014@6_2.mat,data/raw/source_domain/cwru_48khz_de/OR014@6_2.mat,0,0,48000,0.0,1.0,1.0,0.5,0.5,48000,X203_DE_time,DE_time,drive_end,drive_end,OR,known_source_label,2.0,1749.0,mat_variable,0.014,6.0,192000
source::data/raw/source_domain/cwru_48khz_de/OR014@6_2.mat::w0001,source,data/raw/source_domain/cwru_48khz_de/OR014@6_2.mat,data/raw/source_domain/cwru_48khz_de/OR014@6_2.mat,data/raw/source_domain/cwru_48khz_de/OR014@6_2.mat,1,24000,72000,0.5,1.5,1.0,0.5,0.5,48000,X203_DE_time,DE_time,drive_end,drive_end,OR,known_source_label,2.0,1749.0,mat_variable,0.014,6.0,192000
source::data/raw/source_domain/cwru_48khz_de/OR014@6_2.mat::w0002,source,data/raw/source_domain/cwru_48khz_de/OR014@6_2.mat,data/raw/source_domain/cwru_48khz_de/OR014@6_2.mat,data/raw/source_domain/cwru_48khz_de/OR014@6_2.mat,2,48000,96000,1.0,2.0,1.0,0.5,0.5,48000,X203_DE_time,DE_time,drive_end,drive_end,OR,known_source_label,2.0,1749.0,mat_variable,0.014,6.0,192000
source::data/raw/source_domain/cwru_48khz_de/OR014@6_2.mat::w0003,source,data/raw/source_domain/cwru_48khz_de/OR014@6_2.mat,data/raw/source_domain/cwru_48khz_de/OR014@6_2.mat,data/raw/source_domain/cwru_48khz_de/OR014@6_2.mat,3,72000,120000,1.5,2.5,1.0,0.5,0.5,48000,X203_DE_time,DE_time,drive_end,drive_end,OR,known_source_label,2.0,1749.0,mat_variable,0.014,6.0,192000
source::data/raw/source_domain/cwru_48khz_de/OR014@6_2.mat::w0004,source,data/raw/source_domain/cwru_48khz_de/OR014@6_2.mat,data/raw/source_domain/cwru_48khz_de/OR014@6_2.mat,data/raw/source_domain/cwru_48khz_de/OR014@6_2.mat,4,96000,144000,2.0,3.0,1.0,0.5,0.5,48000,X203_DE_time,DE_time,drive_end,drive_end,OR,known_source_label,2.0,1749.0,mat_variable,0.014,6.0,192000
source::data/raw/source_domain/cwru_48khz_de/OR014@6_2.mat::w0005,source,data/raw/source_domain/cwru_48khz_de/OR014@6_2.mat,data/raw/source_domain/cwru_48khz_de/OR014@6_2.mat,data/raw/source_domain/cwru_48khz_de/OR014@6_2.mat,5,120000,168000,2.5,3.5,1.0,0.5,0.5,48000,X203_DE_time,DE_time,drive_end,drive_end,OR,known_source_label,2.0,1749.0,mat_variable,0.014,6.0,192000
source::data/raw/source_domain/cwru_48khz_de/OR014@6_2.mat::w0006,source,data/raw/source_domain/cwru_48khz_de/OR014@6_2.mat,data/raw/source_domain/cwru_48khz_de/OR014@6_2.mat,data/raw/source_domain/cwru_48khz_de/OR014@6_2.mat,6,144000,192000,3.0,4.0,1.0,0.5,0.5,48000,X203_DE_time,DE_time,drive_end,drive_end,OR,known_source_label,2.0,1749.0,mat_variable,0.014,6.0,192000
source::data/raw/source_domain/cwru_48khz_de/OR014@6_3.mat::w0000,source,data/raw/source_domain/cwru_48khz_de/OR014@6_3.mat,data/raw/source_domain/cwru_48khz_de/OR014@6_3.mat,data/raw/source_domain/cwru_48khz_de/OR014@6_3.mat,0,0,48000,0.0,1.0,1.0,0.5,0.5,48000,X204_DE_time,DE_time,drive_end,drive_end,OR,known_source_label,3.0,1723.0,mat_variable,0.014,6.0,192000
source::data/raw/source_domain/cwru_48khz_de/OR014@6_3.mat::w0001,source,data/raw/source_domain/cwru_48khz_de/OR014@6_3.mat,data/raw/source_domain/cwru_48khz_de/OR014@6_3.mat,data/raw/source_domain/cwru_48khz_de/OR014@6_3.mat,1,24000,72000,0.5,1.5,1.0,0.5,0.5,48000,X204_DE_time,DE_time,drive_end,drive_end,OR,known_source_label,3.0,1723.0,mat_variable,0.014,6.0,192000
source::data/raw/source_domain/cwru_48khz_de/OR014@6_3.mat::w0002,source,data/raw/source_domain/cwru_48khz_de/OR014@6_3.mat,data/raw/source_domain/cwru_48khz_de/OR014@6_3.mat,data/raw/source_domain/cwru_48khz_de/OR014@6_3.mat,2,48000,96000,1.0,2.0,1.0,0.5,0.5,48000,X204_DE_time,DE_time,drive_end,drive_end,OR,known_source_label,3.0,1723.0,mat_variable,0.014,6.0,192000
source::data/raw/source_domain/cwru_48khz_de/OR014@6_3.mat::w0003,source,data/raw/source_domain/cwru_48khz_de/OR014@6_3.mat,data/raw/source_domain/cwru_48khz_de/OR014@6_3.mat,data/raw/source_domain/cwru_48khz_de/OR014@6_3.mat,3,72000,120000,1.5,2.5,1.0,0.5,0.5,48000,X204_DE_time,DE_time,drive_end,drive_end,OR,known_source_label,3.0,1723.0,mat_variable,0.014,6.0,192000
source::data/raw/source_domain/cwru_48khz_de/OR014@6_3.mat::w0004,source,data/raw/source_domain/cwru_48khz_de/OR014@6_3.mat,data/raw/source_domain/cwru_48khz_de/OR014@6_3.mat,data/raw/source_domain/cwru_48khz_de/OR014@6_3.mat,4,96000,144000,2.0,3.0,1.0,0.5,0.5,48000,X204_DE_time,DE_time,drive_end,drive_end,OR,known_source_label,3.0,1723.0,mat_variable,0.014,6.0,192000
source::data/raw/source_domain/cwru_48khz_de/OR014@6_3.mat::w0005,source,data/raw/source_domain/cwru_48khz_de/OR014@6_3.mat,data/raw/source_domain/cwru_48khz_de/OR014@6_3.mat,data/raw/source_domain/cwru_48khz_de/OR014@6_3.mat,5,120000,168000,2.5,3.5,1.0,0.5,0.5,48000,X204_DE_time,DE_time,drive_end,drive_end,OR,known_source_label,3.0,1723.0,mat_variable,0.014,6.0,192000
source::data/raw/source_domain/cwru_48khz_de/OR014@6_3.mat::w0006,source,data/raw/source_domain/cwru_48khz_de/OR014@6_3.mat,data/raw/source_domain/cwru_48khz_de/OR014@6_3.mat,data/raw/source_domain/cwru_48khz_de/OR014@6_3.mat,6,144000,192000,3.0,4.0,1.0,0.5,0.5,48000,X204_DE_time,DE_time,drive_end,drive_end,OR,known_source_label,3.0,1723.0,mat_variable,0.014,6.0,192000
source::data/raw/source_domain/cwru_48khz_de/OR021@12_0.mat::w0000,source,data/raw/source_domain/cwru_48khz_de/OR021@12_0.mat,data/raw/source_domain/cwru_48khz_de/OR021@12_0.mat,data/raw/source_domain/cwru_48khz_de/OR021@12_0.mat,0,0,48000,0.0,1.0,1.0,0.5,0.5,48000,X262_DE_time,DE_time,drive_end,drive_end,OR,known_source_label,0.0,1796.0,mat_variable,0.021,12.0,130549
source::data/raw/source_domain/cwru_48khz_de/OR021@12_0.mat::w0001,source,data/raw/source_domain/cwru_48khz_de/OR021@12_0.mat,data/raw/source_domain/cwru_48khz_de/OR021@12_0.mat,data/raw/source_domain/cwru_48khz_de/OR021@12_0.mat,1,24000,72000,0.5,1.5,1.0,0.5,0.5,48000,X262_DE_time,DE_time,drive_end,drive_end,OR,known_source_label,0.0,1796.0,mat_variable,0.021,12.0,130549
source::data/raw/source_domain/cwru_48khz_de/OR021@12_0.mat::w0002,source,data/raw/source_domain/cwru_48khz_de/OR021@12_0.mat,data/raw/source_domain/cwru_48khz_de/OR021@12_0.mat,data/raw/source_domain/cwru_48khz_de/OR021@12_0.mat,2,48000,96000,1.0,2.0,1.0,0.5,0.5,48000,X262_DE_time,DE_time,drive_end,drive_end,OR,known_source_label,0.0,1796.0,mat_variable,0.021,12.0,130549
source::data/raw/source_domain/cwru_48khz_de/OR021@12_0.mat::w0003,source,data/raw/source_domain/cwru_48khz_de/OR021@12_0.mat,data/raw/source_domain/cwru_48khz_de/OR021@12_0.mat,data/raw/source_domain/cwru_48khz_de/OR021@12_0.mat,3,72000,120000,1.5,2.5,1.0,0.5,0.5,48000,X262_DE_time,DE_time,drive_end,drive_end,OR,known_source_label,0.0,1796.0,mat_variable,0.021,12.0,130549
source::data/raw/source_domain/cwru_48khz_de/OR021@12_1.mat::w0000,source,data/raw/source_domain/cwru_48khz_de/OR021@12_1.mat,data/raw/source_domain/cwru_48khz_de/OR021@12_1.mat,data/raw/source_domain/cwru_48khz_de/OR021@12_1.mat,0,0,48000,0.0,1.0,1.0,0.5,0.5,48000,X263_DE_time,DE_time,drive_end,drive_end,OR,known_source_label,1.0,1771.0,mat_variable,0.021,12.0,192000
source::data/raw/source_domain/cwru_48khz_de/OR021@12_1.mat::w0001,source,data/raw/source_domain/cwru_48khz_de/OR021@12_1.mat,data/raw/source_domain/cwru_48khz_de/OR021@12_1.mat,data/raw/source_domain/cwru_48khz_de/OR021@12_1.mat,1,24000,72000,0.5,1.5,1.0,0.5,0.5,48000,X263_DE_time,DE_time,drive_end,drive_end,OR,known_source_label,1.0,1771.0,mat_variable,0.021,12.0,192000
source::data/raw/source_domain/cwru_48khz_de/OR021@12_1.mat::w0002,source,data/raw/source_domain/cwru_48khz_de/OR021@12_1.mat,data/raw/source_domain/cwru_48khz_de/OR021@12_1.mat,data/raw/source_domain/cwru_48khz_de/OR021@12_1.mat,2,48000,96000,1.0,2.0,1.0,0.5,0.5,48000,X263_DE_time,DE_time,drive_end,drive_end,OR,known_source_label,1.0,1771.0,mat_variable,0.021,12.0,192000
source::data/raw/source_domain/cwru_48khz_de/OR021@12_1.mat::w0003,source,data/raw/source_domain/cwru_48khz_de/OR021@12_1.mat,data/raw/source_domain/cwru_48khz_de/OR021@12_1.mat,data/raw/source_domain/cwru_48khz_de/OR021@12_1.mat,3,72000,120000,1.5,2.5,1.0,0.5,0.5,48000,X263_DE_time,DE_time,drive_end,drive_end,OR,known_source_label,1.0,1771.0,mat_variable,0.021,12.0,192000
source::data/raw/source_domain/cwru_48khz_de/OR021@12_1.mat::w0004,source,data/raw/source_domain/cwru_48khz_de/OR021@12_1.mat,data/raw/source_domain/cwru_48khz_de/OR021@12_1.mat,data/raw/source_domain/cwru_48khz_de/OR021@12_1.mat,4,96000,144000,2.0,3.0,1.0,0.5,0.5,48000,X263_DE_time,DE_time,drive_end,drive_end,OR,known_source_label,1.0,1771.0,mat_variable,0.021,12.0,192000
source::data/raw/source_domain/cwru_48khz_de/OR021@12_1.mat::w0005,source,data/raw/source_domain/cwru_48khz_de/OR021@12_1.mat,data/raw/source_domain/cwru_48khz_de/OR021@12_1.mat,data/raw/source_domain/cwru_48khz_de/OR021@12_1.mat,5,120000,168000,2.5,3.5,1.0,0.5,0.5,48000,X263_DE_time,DE_time,drive_end,drive_end,OR,known_source_label,1.0,1771.0,mat_variable,0.021,12.0,192000
source::data/raw/source_domain/cwru_48khz_de/OR021@12_1.mat::w0006,source,data/raw/source_domain/cwru_48khz_de/OR021@12_1.mat,data/raw/source_domain/cwru_48khz_de/OR021@12_1.mat,data/raw/source_domain/cwru_48khz_de/OR021@12_1.mat,6,144000,192000,3.0,4.0,1.0,0.5,0.5,48000,X263_DE_time,DE_time,drive_end,drive_end,OR,known_source_label,1.0,1771.0,mat_variable,0.021,12.0,192000
source::data/raw/source_domain/cwru_48khz_de/OR021@12_2.mat::w0000,source,data/raw/source_domain/cwru_48khz_de/OR021@12_2.mat,data/raw/source_domain/cwru_48khz_de/OR021@12_2.mat,data/raw/source_domain/cwru_48khz_de/OR021@12_2.mat,0,0,48000,0.0,1.0,1.0,0.5,0.5,48000,X264_DE_time,DE_time,drive_end,drive_end,OR,known_source_label,2.0,1746.0,mat_variable,0.021,12.0,192000
source::data/raw/source_domain/cwru_48khz_de/OR021@12_2.mat::w0001,source,data/raw/source_domain/cwru_48khz_de/OR021@12_2.mat,data/raw/source_domain/cwru_48khz_de/OR021@12_2.mat,data/raw/source_domain/cwru_48khz_de/OR021@12_2.mat,1,24000,72000,0.5,1.5,1.0,0.5,0.5,48000,X264_DE_time,DE_time,drive_end,drive_end,OR,known_source_label,2.0,1746.0,mat_variable,0.021,12.0,192000
source::data/raw/source_domain/cwru_48khz_de/OR021@12_2.mat::w0002,source,data/raw/source_domain/cwru_48khz_de/OR021@12_2.mat,data/raw/source_domain/cwru_48khz_de/OR021@12_2.mat,data/raw/source_domain/cwru_48khz_de/OR021@12_2.mat,2,48000,96000,1.0,2.0,1.0,0.5,0.5,48000,X264_DE_time,DE_time,drive_end,drive_end,OR,known_source_label,2.0,1746.0,mat_variable,0.021,12.0,192000
source::data/raw/source_domain/cwru_48khz_de/OR021@12_2.mat::w0003,source,data/raw/source_domain/cwru_48khz_de/OR021@12_2.mat,data/raw/source_domain/cwru_48khz_de/OR021@12_2.mat,data/raw/source_domain/cwru_48khz_de/OR021@12_2.mat,3,72000,120000,1.5,2.5,1.0,0.5,0.5,48000,X264_DE_time,DE_time,drive_end,drive_end,OR,known_source_label,2.0,1746.0,mat_variable,0.021,12.0,192000
source::data/raw/source_domain/cwru_48khz_de/OR021@12_2.mat::w0004,source,data/raw/source_domain/cwru_48khz_de/OR021@12_2.mat,data/raw/source_domain/cwru_48khz_de/OR021@12_2.mat,data/raw/source_domain/cwru_48khz_de/OR021@12_2.mat,4,96000,144000,2.0,3.0,1.0,0.5,0.5,48000,X264_DE_time,DE_time,drive_end,drive_end,OR,known_source_label,2.0,1746.0,mat_variable,0.021,12.0,192000
source::data/raw/source_domain/cwru_48khz_de/OR021@12_2.mat::w0005,source,data/raw/source_domain/cwru_48khz_de/OR021@12_2.mat,data/raw/source_domain/cwru_48khz_de/OR021@12_2.mat,data/raw/source_domain/cwru_48khz_de/OR021@12_2.mat,5,120000,168000,2.5,3.5,1.0,0.5,0.5,48000,X264_DE_time,DE_time,drive_end,drive_end,OR,known_source_label,2.0,1746.0,mat_variable,0.021,12.0,192000
source::data/raw/source_domain/cwru_48khz_de/OR021@12_2.mat::w0006,source,data/raw/source_domain/cwru_48khz_de/OR021@12_2.mat,data/raw/source_domain/cwru_48khz_de/OR021@12_2.mat,data/raw/source_domain/cwru_48khz_de/OR021@12_2.mat,6,144000,192000,3.0,4.0,1.0,0.5,0.5,48000,X264_DE_time,DE_time,drive_end,drive_end,OR,known_source_label,2.0,1746.0,mat_variable,0.021,12.0,192000
source::data/raw/source_domain/cwru_48khz_de/OR021@12_3.mat::w0000,source,data/raw/source_domain/cwru_48khz_de/OR021@12_3.mat,data/raw/source_domain/cwru_48khz_de/OR021@12_3.mat,data/raw/source_domain/cwru_48khz_de/OR021@12_3.mat,0,0,48000,0.0,1.0,1.0,0.5,0.5,48000,X265_DE_time,DE_time,drive_end,drive_end,OR,known_source_label,3.0,1718.0,mat_variable,0.021,12.0,192000
source::data/raw/source_domain/cwru_48khz_de/OR021@12_3.mat::w0001,source,data/raw/source_domain/cwru_48khz_de/OR021@12_3.mat,data/raw/source_domain/cwru_48khz_de/OR021@12_3.mat,data/raw/source_domain/cwru_48khz_de/OR021@12_3.mat,1,24000,72000,0.5,1.5,1.0,0.5,0.5,48000,X265_DE_time,DE_time,drive_end,drive_end,OR,known_source_label,3.0,1718.0,mat_variable,0.021,12.0,192000
source::data/raw/source_domain/cwru_48khz_de/OR021@12_3.mat::w0002,source,data/raw/source_domain/cwru_48khz_de/OR021@12_3.mat,data/raw/source_domain/cwru_48khz_de/OR021@12_3.mat,data/raw/source_domain/cwru_48khz_de/OR021@12_3.mat,2,48000,96000,1.0,2.0,1.0,0.5,0.5,48000,X265_DE_time,DE_time,drive_end,drive_end,OR,known_source_label,3.0,1718.0,mat_variable,0.021,12.0,192000
source::data/raw/source_domain/cwru_48khz_de/OR021@12_3.mat::w0003,source,data/raw/source_domain/cwru_48khz_de/OR021@12_3.mat,data/raw/source_domain/cwru_48khz_de/OR021@12_3.mat,data/raw/source_domain/cwru_48khz_de/OR021@12_3.mat,3,72000,120000,1.5,2.5,1.0,0.5,0.5,48000,X265_DE_time,DE_time,drive_end,drive_end,OR,known_source_label,3.0,1718.0,mat_variable,0.021,12.0,192000
source::data/raw/source_domain/cwru_48khz_de/OR021@12_3.mat::w0004,source,data/raw/source_domain/cwru_48khz_de/OR021@12_3.mat,data/raw/source_domain/cwru_48khz_de/OR021@12_3.mat,data/raw/source_domain/cwru_48khz_de/OR021@12_3.mat,4,96000,144000,2.0,3.0,1.0,0.5,0.5,48000,X265_DE_time,DE_time,drive_end,drive_end,OR,known_source_label,3.0,1718.0,mat_variable,0.021,12.0,192000
source::data/raw/source_domain/cwru_48khz_de/OR021@12_3.mat::w0005,source,data/raw/source_domain/cwru_48khz_de/OR021@12_3.mat,data/raw/source_domain/cwru_48khz_de/OR021@12_3.mat,data/raw/source_domain/cwru_48khz_de/OR021@12_3.mat,5,120000,168000,2.5,3.5,1.0,0.5,0.5,48000,X265_DE_time,DE_time,drive_end,drive_end,OR,known_source_label,3.0,1718.0,mat_variable,0.021,12.0,192000
source::data/raw/source_domain/cwru_48khz_de/OR021@12_3.mat::w0006,source,data/raw/source_domain/cwru_48khz_de/OR021@12_3.mat,data/raw/source_domain/cwru_48khz_de/OR021@12_3.mat,data/raw/source_domain/cwru_48khz_de/OR021@12_3.mat,6,144000,192000,3.0,4.0,1.0,0.5,0.5,48000,X265_DE_time,DE_time,drive_end,drive_end,OR,known_source_label,3.0,1718.0,mat_variable,0.021,12.0,192000
source::data/raw/source_domain/cwru_48khz_de/OR021@3_0.mat::w0000,source,data/raw/source_domain/cwru_48khz_de/OR021@3_0.mat,data/raw/source_domain/cwru_48khz_de/OR021@3_0.mat,data/raw/source_domain/cwru_48khz_de/OR021@3_0.mat,0,0,48000,0.0,1.0,1.0,0.5,0.5,48000,X250_DE_time,DE_time,drive_end,drive_end,OR,known_source_label,0.0,1796.0,mat_variable,0.021,3.0,128663
source::data/raw/source_domain/cwru_48khz_de/OR021@3_0.mat::w0001,source,data/raw/source_domain/cwru_48khz_de/OR021@3_0.mat,data/raw/source_domain/cwru_48khz_de/OR021@3_0.mat,data/raw/source_domain/cwru_48khz_de/OR021@3_0.mat,1,24000,72000,0.5,1.5,1.0,0.5,0.5,48000,X250_DE_time,DE_time,drive_end,drive_end,OR,known_source_label,0.0,1796.0,mat_variable,0.021,3.0,128663
source::data/raw/source_domain/cwru_48khz_de/OR021@3_0.mat::w0002,source,data/raw/source_domain/cwru_48khz_de/OR021@3_0.mat,data/raw/source_domain/cwru_48khz_de/OR021@3_0.mat,data/raw/source_domain/cwru_48khz_de/OR021@3_0.mat,2,48000,96000,1.0,2.0,1.0,0.5,0.5,48000,X250_DE_time,DE_time,drive_end,drive_end,OR,known_source_label,0.0,1796.0,mat_variable,0.021,3.0,128663
source::data/raw/source_domain/cwru_48khz_de/OR021@3_0.mat::w0003,source,data/raw/source_domain/cwru_48khz_de/OR021@3_0.mat,data/raw/source_domain/cwru_48khz_de/OR021@3_0.mat,data/raw/source_domain/cwru_48khz_de/OR021@3_0.mat,3,72000,120000,1.5,2.5,1.0,0.5,0.5,48000,X250_DE_time,DE_time,drive_end,drive_end,OR,known_source_label,0.0,1796.0,mat_variable,0.021,3.0,128663
source::data/raw/source_domain/cwru_48khz_de/OR021@3_1.mat::w0000,source,data/raw/source_domain/cwru_48khz_de/OR021@3_1.mat,data/raw/source_domain/cwru_48khz_de/OR021@3_1.mat,data/raw/source_domain/cwru_48khz_de/OR021@3_1.mat,0,0,48000,0.0,1.0,1.0,0.5,0.5,48000,X251_DE_time,DE_time,drive_end,drive_end,OR,known_source_label,1.0,1770.0,mat_variable,0.021,3.0,192000
source::data/raw/source_domain/cwru_48khz_de/OR021@3_1.mat::w0001,source,data/raw/source_domain/cwru_48khz_de/OR021@3_1.mat,data/raw/source_domain/cwru_48khz_de/OR021@3_1.mat,data/raw/source_domain/cwru_48khz_de/OR021@3_1.mat,1,24000,72000,0.5,1.5,1.0,0.5,0.5,48000,X251_DE_time,DE_time,drive_end,drive_end,OR,known_source_label,1.0,1770.0,mat_variable,0.021,3.0,192000
source::data/raw/source_domain/cwru_48khz_de/OR021@3_1.mat::w0002,source,data/raw/source_domain/cwru_48khz_de/OR021@3_1.mat,data/raw/source_domain/cwru_48khz_de/OR021@3_1.mat,data/raw/source_domain/cwru_48khz_de/OR021@3_1.mat,2,48000,96000,1.0,2.0,1.0,0.5,0.5,48000,X251_DE_time,DE_time,drive_end,drive_end,OR,known_source_label,1.0,1770.0,mat_variable,0.021,3.0,192000
source::data/raw/source_domain/cwru_48khz_de/OR021@3_1.mat::w0003,source,data/raw/source_domain/cwru_48khz_de/OR021@3_1.mat,data/raw/source_domain/cwru_48khz_de/OR021@3_1.mat,data/raw/source_domain/cwru_48khz_de/OR021@3_1.mat,3,72000,120000,1.5,2.5,1.0,0.5,0.5,48000,X251_DE_time,DE_time,drive_end,drive_end,OR,known_source_label,1.0,1770.0,mat_variable,0.021,3.0,192000
source::data/raw/source_domain/cwru_48khz_de/OR021@3_1.mat::w0004,source,data/raw/source_domain/cwru_48khz_de/OR021@3_1.mat,data/raw/source_domain/cwru_48khz_de/OR021@3_1.mat,data/raw/source_domain/cwru_48khz_de/OR021@3_1.mat,4,96000,144000,2.0,3.0,1.0,0.5,0.5,48000,X251_DE_time,DE_time,drive_end,drive_end,OR,known_source_label,1.0,1770.0,mat_variable,0.021,3.0,192000
source::data/raw/source_domain/cwru_48khz_de/OR021@3_1.mat::w0005,source,data/raw/source_domain/cwru_48khz_de/OR021@3_1.mat,data/raw/source_domain/cwru_48khz_de/OR021@3_1.mat,data/raw/source_domain/cwru_48khz_de/OR021@3_1.mat,5,120000,168000,2.5,3.5,1.0,0.5,0.5,48000,X251_DE_time,DE_time,drive_end,drive_end,OR,known_source_label,1.0,1770.0,mat_variable,0.021,3.0,192000
source::data/raw/source_domain/cwru_48khz_de/OR021@3_1.mat::w0006,source,data/raw/source_domain/cwru_48khz_de/OR021@3_1.mat,data/raw/source_domain/cwru_48khz_de/OR021@3_1.mat,data/raw/source_domain/cwru_48khz_de/OR021@3_1.mat,6,144000,192000,3.0,4.0,1.0,0.5,0.5,48000,X251_DE_time,DE_time,drive_end,drive_end,OR,known_source_label,1.0,1770.0,mat_variable,0.021,3.0,192000
source::data/raw/source_domain/cwru_48khz_de/OR021@3_2.mat::w0000,source,data/raw/source_domain/cwru_48khz_de/OR021@3_2.mat,data/raw/source_domain/cwru_48khz_de/OR021@3_2.mat,data/raw/source_domain/cwru_48khz_de/OR021@3_2.mat,0,0,48000,0.0,1.0,1.0,0.5,0.5,48000,X252_DE_time,DE_time,drive_end,drive_end,OR,known_source_label,2.0,1746.0,mat_variable,0.021,3.0,192000
source::data/raw/source_domain/cwru_48khz_de/OR021@3_2.mat::w0001,source,data/raw/source_domain/cwru_48khz_de/OR021@3_2.mat,data/raw/source_domain/cwru_48khz_de/OR021@3_2.mat,data/raw/source_domain/cwru_48khz_de/OR021@3_2.mat,1,24000,72000,0.5,1.5,1.0,0.5,0.5,48000,X252_DE_time,DE_time,drive_end,drive_end,OR,known_source_label,2.0,1746.0,mat_variable,0.021,3.0,192000
source::data/raw/source_domain/cwru_48khz_de/OR021@3_2.mat::w0002,source,data/raw/source_domain/cwru_48khz_de/OR021@3_2.mat,data/raw/source_domain/cwru_48khz_de/OR021@3_2.mat,data/raw/source_domain/cwru_48khz_de/OR021@3_2.mat,2,48000,96000,1.0,2.0,1.0,0.5,0.5,48000,X252_DE_time,DE_time,drive_end,drive_end,OR,known_source_label,2.0,1746.0,mat_variable,0.021,3.0,192000
source::data/raw/source_domain/cwru_48khz_de/OR021@3_2.mat::w0003,source,data/raw/source_domain/cwru_48khz_de/OR021@3_2.mat,data/raw/source_domain/cwru_48khz_de/OR021@3_2.mat,data/raw/source_domain/cwru_48khz_de/OR021@3_2.mat,3,72000,120000,1.5,2.5,1.0,0.5,0.5,48000,X252_DE_time,DE_time,drive_end,drive_end,OR,known_source_label,2.0,1746.0,mat_variable,0.021,3.0,192000
source::data/raw/source_domain/cwru_48khz_de/OR021@3_2.mat::w0004,source,data/raw/source_domain/cwru_48khz_de/OR021@3_2.mat,data/raw/source_domain/cwru_48khz_de/OR021@3_2.mat,data/raw/source_domain/cwru_48khz_de/OR021@3_2.mat,4,96000,144000,2.0,3.0,1.0,0.5,0.5,48000,X252_DE_time,DE_time,drive_end,drive_end,OR,known_source_label,2.0,1746.0,mat_variable,0.021,3.0,192000
source::data/raw/source_domain/cwru_48khz_de/OR021@3_2.mat::w0005,source,data/raw/source_domain/cwru_48khz_de/OR021@3_2.mat,data/raw/source_domain/cwru_48khz_de/OR021@3_2.mat,data/raw/source_domain/cwru_48khz_de/OR021@3_2.mat,5,120000,168000,2.5,3.5,1.0,0.5,0.5,48000,X252_DE_time,DE_time,drive_end,drive_end,OR,known_source_label,2.0,1746.0,mat_variable,0.021,3.0,192000
source::data/raw/source_domain/cwru_48khz_de/OR021@3_2.mat::w0006,source,data/raw/source_domain/cwru_48khz_de/OR021@3_2.mat,data/raw/source_domain/cwru_48khz_de/OR021@3_2.mat,data/raw/source_domain/cwru_48khz_de/OR021@3_2.mat,6,144000,192000,3.0,4.0,1.0,0.5,0.5,48000,X252_DE_time,DE_time,drive_end,drive_end,OR,known_source_label,2.0,1746.0,mat_variable,0.021,3.0,192000
source::data/raw/source_domain/cwru_48khz_de/OR021@3_3.mat::w0000,source,data/raw/source_domain/cwru_48khz_de/OR021@3_3.mat,data/raw/source_domain/cwru_48khz_de/OR021@3_3.mat,data/raw/source_domain/cwru_48khz_de/OR021@3_3.mat,0,0,48000,0.0,1.0,1.0,0.5,0.5,48000,X253_DE_time,DE_time,drive_end,drive_end,OR,known_source_label,3.0,1719.0,mat_variable,0.021,3.0,192000
source::data/raw/source_domain/cwru_48khz_de/OR021@3_3.mat::w0001,source,data/raw/source_domain/cwru_48khz_de/OR021@3_3.mat,data/raw/source_domain/cwru_48khz_de/OR021@3_3.mat,data/raw/source_domain/cwru_48khz_de/OR021@3_3.mat,1,24000,72000,0.5,1.5,1.0,0.5,0.5,48000,X253_DE_time,DE_time,drive_end,drive_end,OR,known_source_label,3.0,1719.0,mat_variable,0.021,3.0,192000
source::data/raw/source_domain/cwru_48khz_de/OR021@3_3.mat::w0002,source,data/raw/source_domain/cwru_48khz_de/OR021@3_3.mat,data/raw/source_domain/cwru_48khz_de/OR021@3_3.mat,data/raw/source_domain/cwru_48khz_de/OR021@3_3.mat,2,48000,96000,1.0,2.0,1.0,0.5,0.5,48000,X253_DE_time,DE_time,drive_end,drive_end,OR,known_source_label,3.0,1719.0,mat_variable,0.021,3.0,192000
source::data/raw/source_domain/cwru_48khz_de/OR021@3_3.mat::w0003,source,data/raw/source_domain/cwru_48khz_de/OR021@3_3.mat,data/raw/source_domain/cwru_48khz_de/OR021@3_3.mat,data/raw/source_domain/cwru_48khz_de/OR021@3_3.mat,3,72000,120000,1.5,2.5,1.0,0.5,0.5,48000,X253_DE_time,DE_time,drive_end,drive_end,OR,known_source_label,3.0,1719.0,mat_variable,0.021,3.0,192000
source::data/raw/source_domain/cwru_48khz_de/OR021@3_3.mat::w0004,source,data/raw/source_domain/cwru_48khz_de/OR021@3_3.mat,data/raw/source_domain/cwru_48khz_de/OR021@3_3.mat,data/raw/source_domain/cwru_48khz_de/OR021@3_3.mat,4,96000,144000,2.0,3.0,1.0,0.5,0.5,48000,X253_DE_time,DE_time,drive_end,drive_end,OR,known_source_label,3.0,1719.0,mat_variable,0.021,3.0,192000
source::data/raw/source_domain/cwru_48khz_de/OR021@3_3.mat::w0005,source,data/raw/source_domain/cwru_48khz_de/OR021@3_3.mat,data/raw/source_domain/cwru_48khz_de/OR021@3_3.mat,data/raw/source_domain/cwru_48khz_de/OR021@3_3.mat,5,120000,168000,2.5,3.5,1.0,0.5,0.5,48000,X253_DE_time,DE_time,drive_end,drive_end,OR,known_source_label,3.0,1719.0,mat_variable,0.021,3.0,192000
source::data/raw/source_domain/cwru_48khz_de/OR021@3_3.mat::w0006,source,data/raw/source_domain/cwru_48khz_de/OR021@3_3.mat,data/raw/source_domain/cwru_48khz_de/OR021@3_3.mat,data/raw/source_domain/cwru_48khz_de/OR021@3_3.mat,6,144000,192000,3.0,4.0,1.0,0.5,0.5,48000,X253_DE_time,DE_time,drive_end,drive_end,OR,known_source_label,3.0,1719.0,mat_variable,0.021,3.0,192000
source::data/raw/source_domain/cwru_48khz_de/OR021@6_0.mat::w0000,source,data/raw/source_domain/cwru_48khz_de/OR021@6_0.mat,data/raw/source_domain/cwru_48khz_de/OR021@6_0.mat,data/raw/source_domain/cwru_48khz_de/OR021@6_0.mat,0,0,48000,0.0,1.0,1.0,0.5,0.5,48000,X238_DE_time,DE_time,drive_end,drive_end,OR,known_source_label,0.0,1796.0,mat_variable,0.021,6.0,192000
source::data/raw/source_domain/cwru_48khz_de/OR021@6_0.mat::w0001,source,data/raw/source_domain/cwru_48khz_de/OR021@6_0.mat,data/raw/source_domain/cwru_48khz_de/OR021@6_0.mat,data/raw/source_domain/cwru_48khz_de/OR021@6_0.mat,1,24000,72000,0.5,1.5,1.0,0.5,0.5,48000,X238_DE_time,DE_time,drive_end,drive_end,OR,known_source_label,0.0,1796.0,mat_variable,0.021,6.0,192000
source::data/raw/source_domain/cwru_48khz_de/OR021@6_0.mat::w0002,source,data/raw/source_domain/cwru_48khz_de/OR021@6_0.mat,data/raw/source_domain/cwru_48khz_de/OR021@6_0.mat,data/raw/source_domain/cwru_48khz_de/OR021@6_0.mat,2,48000,96000,1.0,2.0,1.0,0.5,0.5,48000,X238_DE_time,DE_time,drive_end,drive_end,OR,known_source_label,0.0,1796.0,mat_variable,0.021,6.0,192000
source::data/raw/source_domain/cwru_48khz_de/OR021@6_0.mat::w0003,source,data/raw/source_domain/cwru_48khz_de/OR021@6_0.mat,data/raw/source_domain/cwru_48khz_de/OR021@6_0.mat,data/raw/source_domain/cwru_48khz_de/OR021@6_0.mat,3,72000,120000,1.5,2.5,1.0,0.5,0.5,48000,X238_DE_time,DE_time,drive_end,drive_end,OR,known_source_label,0.0,1796.0,mat_variable,0.021,6.0,192000
source::data/raw/source_domain/cwru_48khz_de/OR021@6_0.mat::w0004,source,data/raw/source_domain/cwru_48khz_de/OR021@6_0.mat,data/raw/source_domain/cwru_48khz_de/OR021@6_0.mat,data/raw/source_domain/cwru_48khz_de/OR021@6_0.mat,4,96000,144000,2.0,3.0,1.0,0.5,0.5,48000,X238_DE_time,DE_time,drive_end,drive_end,OR,known_source_label,0.0,1796.0,mat_variable,0.021,6.0,192000
source::data/raw/source_domain/cwru_48khz_de/OR021@6_0.mat::w0005,source,data/raw/source_domain/cwru_48khz_de/OR021@6_0.mat,data/raw/source_domain/cwru_48khz_de/OR021@6_0.mat,data/raw/source_domain/cwru_48khz_de/OR021@6_0.mat,5,120000,168000,2.5,3.5,1.0,0.5,0.5,48000,X238_DE_time,DE_time,drive_end,drive_end,OR,known_source_label,0.0,1796.0,mat_variable,0.021,6.0,192000
source::data/raw/source_domain/cwru_48khz_de/OR021@6_0.mat::w0006,source,data/raw/source_domain/cwru_48khz_de/OR021@6_0.mat,data/raw/source_domain/cwru_48khz_de/OR021@6_0.mat,data/raw/source_domain/cwru_48khz_de/OR021@6_0.mat,6,144000,192000,3.0,4.0,1.0,0.5,0.5,48000,X238_DE_time,DE_time,drive_end,drive_end,OR,known_source_label,0.0,1796.0,mat_variable,0.021,6.0,192000
source::data/raw/source_domain/cwru_48khz_de/OR021@6_1.mat::w0000,source,data/raw/source_domain/cwru_48khz_de/OR021@6_1.mat,data/raw/source_domain/cwru_48khz_de/OR021@6_1.mat,data/raw/source_domain/cwru_48khz_de/OR021@6_1.mat,0,0,48000,0.0,1.0,1.0,0.5,0.5,48000,X239_DE_time,DE_time,drive_end,drive_end,OR,known_source_label,1.0,1771.0,mat_variable,0.021,6.0,192000
source::data/raw/source_domain/cwru_48khz_de/OR021@6_1.mat::w0001,source,data/raw/source_domain/cwru_48khz_de/OR021@6_1.mat,data/raw/source_domain/cwru_48khz_de/OR021@6_1.mat,data/raw/source_domain/cwru_48khz_de/OR021@6_1.mat,1,24000,72000,0.5,1.5,1.0,0.5,0.5,48000,X239_DE_time,DE_time,drive_end,drive_end,OR,known_source_label,1.0,1771.0,mat_variable,0.021,6.0,192000
source::data/raw/source_domain/cwru_48khz_de/OR021@6_1.mat::w0002,source,data/raw/source_domain/cwru_48khz_de/OR021@6_1.mat,data/raw/source_domain/cwru_48khz_de/OR021@6_1.mat,data/raw/source_domain/cwru_48khz_de/OR021@6_1.mat,2,48000,96000,1.0,2.0,1.0,0.5,0.5,48000,X239_DE_time,DE_time,drive_end,drive_end,OR,known_source_label,1.0,1771.0,mat_variable,0.021,6.0,192000
source::data/raw/source_domain/cwru_48khz_de/OR021@6_1.mat::w0003,source,data/raw/source_domain/cwru_48khz_de/OR021@6_1.mat,data/raw/source_domain/cwru_48khz_de/OR021@6_1.mat,data/raw/source_domain/cwru_48khz_de/OR021@6_1.mat,3,72000,120000,1.5,2.5,1.0,0.5,0.5,48000,X239_DE_time,DE_time,drive_end,drive_end,OR,known_source_label,1.0,1771.0,mat_variable,0.021,6.0,192000
source::data/raw/source_domain/cwru_48khz_de/OR021@6_1.mat::w0004,source,data/raw/source_domain/cwru_48khz_de/OR021@6_1.mat,data/raw/source_domain/cwru_48khz_de/OR021@6_1.mat,data/raw/source_domain/cwru_48khz_de/OR021@6_1.mat,4,96000,144000,2.0,3.0,1.0,0.5,0.5,48000,X239_DE_time,DE_time,drive_end,drive_end,OR,known_source_label,1.0,1771.0,mat_variable,0.021,6.0,192000
source::data/raw/source_domain/cwru_48khz_de/OR021@6_1.mat::w0005,source,data/raw/source_domain/cwru_48khz_de/OR021@6_1.mat,data/raw/source_domain/cwru_48khz_de/OR021@6_1.mat,data/raw/source_domain/cwru_48khz_de/OR021@6_1.mat,5,120000,168000,2.5,3.5,1.0,0.5,0.5,48000,X239_DE_time,DE_time,drive_end,drive_end,OR,known_source_label,1.0,1771.0,mat_variable,0.021,6.0,192000
source::data/raw/source_domain/cwru_48khz_de/OR021@6_1.mat::w0006,source,data/raw/source_domain/cwru_48khz_de/OR021@6_1.mat,data/raw/source_domain/cwru_48khz_de/OR021@6_1.mat,data/raw/source_domain/cwru_48khz_de/OR021@6_1.mat,6,144000,192000,3.0,4.0,1.0,0.5,0.5,48000,X239_DE_time,DE_time,drive_end,drive_end,OR,known_source_label,1.0,1771.0,mat_variable,0.021,6.0,192000
source::data/raw/source_domain/cwru_48khz_de/OR021@6_2.mat::w0000,source,data/raw/source_domain/cwru_48khz_de/OR021@6_2.mat,data/raw/source_domain/cwru_48khz_de/OR021@6_2.mat,data/raw/source_domain/cwru_48khz_de/OR021@6_2.mat,0,0,48000,0.0,1.0,1.0,0.5,0.5,48000,X240_DE_time,DE_time,drive_end,drive_end,OR,known_source_label,2.0,1747.0,mat_variable,0.021,6.0,192000
source::data/raw/source_domain/cwru_48khz_de/OR021@6_2.mat::w0001,source,data/raw/source_domain/cwru_48khz_de/OR021@6_2.mat,data/raw/source_domain/cwru_48khz_de/OR021@6_2.mat,data/raw/source_domain/cwru_48khz_de/OR021@6_2.mat,1,24000,72000,0.5,1.5,1.0,0.5,0.5,48000,X240_DE_time,DE_time,drive_end,drive_end,OR,known_source_label,2.0,1747.0,mat_variable,0.021,6.0,192000
source::data/raw/source_domain/cwru_48khz_de/OR021@6_2.mat::w0002,source,data/raw/source_domain/cwru_48khz_de/OR021@6_2.mat,data/raw/source_domain/cwru_48khz_de/OR021@6_2.mat,data/raw/source_domain/cwru_48khz_de/OR021@6_2.mat,2,48000,96000,1.0,2.0,1.0,0.5,0.5,48000,X240_DE_time,DE_time,drive_end,drive_end,OR,known_source_label,2.0,1747.0,mat_variable,0.021,6.0,192000
source::data/raw/source_domain/cwru_48khz_de/OR021@6_2.mat::w0003,source,data/raw/source_domain/cwru_48khz_de/OR021@6_2.mat,data/raw/source_domain/cwru_48khz_de/OR021@6_2.mat,data/raw/source_domain/cwru_48khz_de/OR021@6_2.mat,3,72000,120000,1.5,2.5,1.0,0.5,0.5,48000,X240_DE_time,DE_time,drive_end,drive_end,OR,known_source_label,2.0,1747.0,mat_variable,0.021,6.0,192000
source::data/raw/source_domain/cwru_48khz_de/OR021@6_2.mat::w0004,source,data/raw/source_domain/cwru_48khz_de/OR021@6_2.mat,data/raw/source_domain/cwru_48khz_de/OR021@6_2.mat,data/raw/source_domain/cwru_48khz_de/OR021@6_2.mat,4,96000,144000,2.0,3.0,1.0,0.5,0.5,48000,X240_DE_time,DE_time,drive_end,drive_end,OR,known_source_label,2.0,1747.0,mat_variable,0.021,6.0,192000
source::data/raw/source_domain/cwru_48khz_de/OR021@6_2.mat::w0005,source,data/raw/source_domain/cwru_48khz_de/OR021@6_2.mat,data/raw/source_domain/cwru_48khz_de/OR021@6_2.mat,data/raw/source_domain/cwru_48khz_de/OR021@6_2.mat,5,120000,168000,2.5,3.5,1.0,0.5,0.5,48000,X240_DE_time,DE_time,drive_end,drive_end,OR,known_source_label,2.0,1747.0,mat_variable,0.021,6.0,192000
source::data/raw/source_domain/cwru_48khz_de/OR021@6_2.mat::w0006,source,data/raw/source_domain/cwru_48khz_de/OR021@6_2.mat,data/raw/source_domain/cwru_48khz_de/OR021@6_2.mat,data/raw/source_domain/cwru_48khz_de/OR021@6_2.mat,6,144000,192000,3.0,4.0,1.0,0.5,0.5,48000,X240_DE_time,DE_time,drive_end,drive_end,OR,known_source_label,2.0,1747.0,mat_variable,0.021,6.0,192000
source::data/raw/source_domain/cwru_48khz_de/OR021@6_3.mat::w0000,source,data/raw/source_domain/cwru_48khz_de/OR021@6_3.mat,data/raw/source_domain/cwru_48khz_de/OR021@6_3.mat,data/raw/source_domain/cwru_48khz_de/OR021@6_3.mat,0,0,48000,0.0,1.0,1.0,0.5,0.5,48000,X241_DE_time,DE_time,drive_end,drive_end,OR,known_source_label,3.0,1719.0,mat_variable,0.021,6.0,192000
source::data/raw/source_domain/cwru_48khz_de/OR021@6_3.mat::w0001,source,data/raw/source_domain/cwru_48khz_de/OR021@6_3.mat,data/raw/source_domain/cwru_48khz_de/OR021@6_3.mat,data/raw/source_domain/cwru_48khz_de/OR021@6_3.mat,1,24000,72000,0.5,1.5,1.0,0.5,0.5,48000,X241_DE_time,DE_time,drive_end,drive_end,OR,known_source_label,3.0,1719.0,mat_variable,0.021,6.0,192000
source::data/raw/source_domain/cwru_48khz_de/OR021@6_3.mat::w0002,source,data/raw/source_domain/cwru_48khz_de/OR021@6_3.mat,data/raw/source_domain/cwru_48khz_de/OR021@6_3.mat,data/raw/source_domain/cwru_48khz_de/OR021@6_3.mat,2,48000,96000,1.0,2.0,1.0,0.5,0.5,48000,X241_DE_time,DE_time,drive_end,drive_end,OR,known_source_label,3.0,1719.0,mat_variable,0.021,6.0,192000
source::data/raw/source_domain/cwru_48khz_de/OR021@6_3.mat::w0003,source,data/raw/source_domain/cwru_48khz_de/OR021@6_3.mat,data/raw/source_domain/cwru_48khz_de/OR021@6_3.mat,data/raw/source_domain/cwru_48khz_de/OR021@6_3.mat,3,72000,120000,1.5,2.5,1.0,0.5,0.5,48000,X241_DE_time,DE_time,drive_end,drive_end,OR,known_source_label,3.0,1719.0,mat_variable,0.021,6.0,192000
source::data/raw/source_domain/cwru_48khz_de/OR021@6_3.mat::w0004,source,data/raw/source_domain/cwru_48khz_de/OR021@6_3.mat,data/raw/source_domain/cwru_48khz_de/OR021@6_3.mat,data/raw/source_domain/cwru_48khz_de/OR021@6_3.mat,4,96000,144000,2.0,3.0,1.0,0.5,0.5,48000,X241_DE_time,DE_time,drive_end,drive_end,OR,known_source_label,3.0,1719.0,mat_variable,0.021,6.0,192000
source::data/raw/source_domain/cwru_48khz_de/OR021@6_3.mat::w0005,source,data/raw/source_domain/cwru_48khz_de/OR021@6_3.mat,data/raw/source_domain/cwru_48khz_de/OR021@6_3.mat,data/raw/source_domain/cwru_48khz_de/OR021@6_3.mat,5,120000,168000,2.5,3.5,1.0,0.5,0.5,48000,X241_DE_time,DE_time,drive_end,drive_end,OR,known_source_label,3.0,1719.0,mat_variable,0.021,6.0,192000
source::data/raw/source_domain/cwru_48khz_de/OR021@6_3.mat::w0006,source,data/raw/source_domain/cwru_48khz_de/OR021@6_3.mat,data/raw/source_domain/cwru_48khz_de/OR021@6_3.mat,data/raw/source_domain/cwru_48khz_de/OR021@6_3.mat,6,144000,192000,3.0,4.0,1.0,0.5,0.5,48000,X241_DE_time,DE_time,drive_end,drive_end,OR,known_source_label,3.0,1719.0,mat_variable,0.021,6.0,192000
source::data/raw/source_domain/cwru_48khz_normal/N_0.mat::w0000,source,data/raw/source_domain/cwru_48khz_normal/N_0.mat,data/raw/source_domain/cwru_48khz_normal/N_0.mat,data/raw/source_domain/cwru_48khz_normal/N_0.mat,0,0,48000,0.0,1.0,1.0,0.5,0.5,48000,X097_DE_time,DE_time,drive_end,none,N,known_source_label,0.0,1796.0,mat_variable,,,243938
source::data/raw/source_domain/cwru_48khz_normal/N_0.mat::w0001,source,data/raw/source_domain/cwru_48khz_normal/N_0.mat,data/raw/source_domain/cwru_48khz_normal/N_0.mat,data/raw/source_domain/cwru_48khz_normal/N_0.mat,1,24000,72000,0.5,1.5,1.0,0.5,0.5,48000,X097_DE_time,DE_time,drive_end,none,N,known_source_label,0.0,1796.0,mat_variable,,,243938
source::data/raw/source_domain/cwru_48khz_normal/N_0.mat::w0002,source,data/raw/source_domain/cwru_48khz_normal/N_0.mat,data/raw/source_domain/cwru_48khz_normal/N_0.mat,data/raw/source_domain/cwru_48khz_normal/N_0.mat,2,48000,96000,1.0,2.0,1.0,0.5,0.5,48000,X097_DE_time,DE_time,drive_end,none,N,known_source_label,0.0,1796.0,mat_variable,,,243938
source::data/raw/source_domain/cwru_48khz_normal/N_0.mat::w0003,source,data/raw/source_domain/cwru_48khz_normal/N_0.mat,data/raw/source_domain/cwru_48khz_normal/N_0.mat,data/raw/source_domain/cwru_48khz_normal/N_0.mat,3,72000,120000,1.5,2.5,1.0,0.5,0.5,48000,X097_DE_time,DE_time,drive_end,none,N,known_source_label,0.0,1796.0,mat_variable,,,243938
source::data/raw/source_domain/cwru_48khz_normal/N_0.mat::w0004,source,data/raw/source_domain/cwru_48khz_normal/N_0.mat,data/raw/source_domain/cwru_48khz_normal/N_0.mat,data/raw/source_domain/cwru_48khz_normal/N_0.mat,4,96000,144000,2.0,3.0,1.0,0.5,0.5,48000,X097_DE_time,DE_time,drive_end,none,N,known_source_label,0.0,1796.0,mat_variable,,,243938
source::data/raw/source_domain/cwru_48khz_normal/N_0.mat::w0005,source,data/raw/source_domain/cwru_48khz_normal/N_0.mat,data/raw/source_domain/cwru_48khz_normal/N_0.mat,data/raw/source_domain/cwru_48khz_normal/N_0.mat,5,120000,168000,2.5,3.5,1.0,0.5,0.5,48000,X097_DE_time,DE_time,drive_end,none,N,known_source_label,0.0,1796.0,mat_variable,,,243938
source::data/raw/source_domain/cwru_48khz_normal/N_0.mat::w0006,source,data/raw/source_domain/cwru_48khz_normal/N_0.mat,data/raw/source_domain/cwru_48khz_normal/N_0.mat,data/raw/source_domain/cwru_48khz_normal/N_0.mat,6,144000,192000,3.0,4.0,1.0,0.5,0.5,48000,X097_DE_time,DE_time,drive_end,none,N,known_source_label,0.0,1796.0,mat_variable,,,243938
source::data/raw/source_domain/cwru_48khz_normal/N_0.mat::w0007,source,data/raw/source_domain/cwru_48khz_normal/N_0.mat,data/raw/source_domain/cwru_48khz_normal/N_0.mat,data/raw/source_domain/cwru_48khz_normal/N_0.mat,7,168000,216000,3.5,4.5,1.0,0.5,0.5,48000,X097_DE_time,DE_time,drive_end,none,N,known_source_label,0.0,1796.0,mat_variable,,,243938
source::data/raw/source_domain/cwru_48khz_normal/N_0.mat::w0008,source,data/raw/source_domain/cwru_48khz_normal/N_0.mat,data/raw/source_domain/cwru_48khz_normal/N_0.mat,data/raw/source_domain/cwru_48khz_normal/N_0.mat,8,192000,240000,4.0,5.0,1.0,0.5,0.5,48000,X097_DE_time,DE_time,drive_end,none,N,known_source_label,0.0,1796.0,mat_variable,,,243938
source::data/raw/source_domain/cwru_48khz_normal/N_1_(1772rpm).mat::w0000,source,data/raw/source_domain/cwru_48khz_normal/N_1_(1772rpm).mat,data/raw/source_domain/cwru_48khz_normal/N_1_(1772rpm).mat,data/raw/source_domain/cwru_48khz_normal/N_1_(1772rpm).mat,0,0,48000,0.0,1.0,1.0,0.5,0.5,48000,X098_DE_time,DE_time,drive_end,none,N,known_source_label,1.0,1772.0,filename,,,384000
source::data/raw/source_domain/cwru_48khz_normal/N_1_(1772rpm).mat::w0001,source,data/raw/source_domain/cwru_48khz_normal/N_1_(1772rpm).mat,data/raw/source_domain/cwru_48khz_normal/N_1_(1772rpm).mat,data/raw/source_domain/cwru_48khz_normal/N_1_(1772rpm).mat,1,24000,72000,0.5,1.5,1.0,0.5,0.5,48000,X098_DE_time,DE_time,drive_end,none,N,known_source_label,1.0,1772.0,filename,,,384000
source::data/raw/source_domain/cwru_48khz_normal/N_1_(1772rpm).mat::w0002,source,data/raw/source_domain/cwru_48khz_normal/N_1_(1772rpm).mat,data/raw/source_domain/cwru_48khz_normal/N_1_(1772rpm).mat,data/raw/source_domain/cwru_48khz_normal/N_1_(1772rpm).mat,2,48000,96000,1.0,2.0,1.0,0.5,0.5,48000,X098_DE_time,DE_time,drive_end,none,N,known_source_label,1.0,1772.0,filename,,,384000
source::data/raw/source_domain/cwru_48khz_normal/N_1_(1772rpm).mat::w0003,source,data/raw/source_domain/cwru_48khz_normal/N_1_(1772rpm).mat,data/raw/source_domain/cwru_48khz_normal/N_1_(1772rpm).mat,data/raw/source_domain/cwru_48khz_normal/N_1_(1772rpm).mat,3,72000,120000,1.5,2.5,1.0,0.5,0.5,48000,X098_DE_time,DE_time,drive_end,none,N,known_source_label,1.0,1772.0,filename,,,384000
source::data/raw/source_domain/cwru_48khz_normal/N_1_(1772rpm).mat::w0004,source,data/raw/source_domain/cwru_48khz_normal/N_1_(1772rpm).mat,data/raw/source_domain/cwru_48khz_normal/N_1_(1772rpm).mat,data/raw/source_domain/cwru_48khz_normal/N_1_(1772rpm).mat,4,96000,144000,2.0,3.0,1.0,0.5,0.5,48000,X098_DE_time,DE_time,drive_end,none,N,known_source_label,1.0,1772.0,filename,,,384000
source::data/raw/source_domain/cwru_48khz_normal/N_1_(1772rpm).mat::w0005,source,data/raw/source_domain/cwru_48khz_normal/N_1_(1772rpm).mat,data/raw/source_domain/cwru_48khz_normal/N_1_(1772rpm).mat,data/raw/source_domain/cwru_48khz_normal/N_1_(1772rpm).mat,5,120000,168000,2.5,3.5,1.0,0.5,0.5,48000,X098_DE_time,DE_time,drive_end,none,N,known_source_label,1.0,1772.0,filename,,,384000
source::data/raw/source_domain/cwru_48khz_normal/N_1_(1772rpm).mat::w0006,source,data/raw/source_domain/cwru_48khz_normal/N_1_(1772rpm).mat,data/raw/source_domain/cwru_48khz_normal/N_1_(1772rpm).mat,data/raw/source_domain/cwru_48khz_normal/N_1_(1772rpm).mat,6,144000,192000,3.0,4.0,1.0,0.5,0.5,48000,X098_DE_time,DE_time,drive_end,none,N,known_source_label,1.0,1772.0,filename,,,384000
source::data/raw/source_domain/cwru_48khz_normal/N_1_(1772rpm).mat::w0007,source,data/raw/source_domain/cwru_48khz_normal/N_1_(1772rpm).mat,data/raw/source_domain/cwru_48khz_normal/N_1_(1772rpm).mat,data/raw/source_domain/cwru_48khz_normal/N_1_(1772rpm).mat,7,168000,216000,3.5,4.5,1.0,0.5,0.5,48000,X098_DE_time,DE_time,drive_end,none,N,known_source_label,1.0,1772.0,filename,,,384000
source::data/raw/source_domain/cwru_48khz_normal/N_1_(1772rpm).mat::w0008,source,data/raw/source_domain/cwru_48khz_normal/N_1_(1772rpm).mat,data/raw/source_domain/cwru_48khz_normal/N_1_(1772rpm).mat,data/raw/source_domain/cwru_48khz_normal/N_1_(1772rpm).mat,8,192000,240000,4.0,5.0,1.0,0.5,0.5,48000,X098_DE_time,DE_time,drive_end,none,N,known_source_label,1.0,1772.0,filename,,,384000
source::data/raw/source_domain/cwru_48khz_normal/N_1_(1772rpm).mat::w0009,source,data/raw/source_domain/cwru_48khz_normal/N_1_(1772rpm).mat,data/raw/source_domain/cwru_48khz_normal/N_1_(1772rpm).mat,data/raw/source_domain/cwru_48khz_normal/N_1_(1772rpm).mat,9,216000,264000,4.5,5.5,1.0,0.5,0.5,48000,X098_DE_time,DE_time,drive_end,none,N,known_source_label,1.0,1772.0,filename,,,384000
source::data/raw/source_domain/cwru_48khz_normal/N_1_(1772rpm).mat::w0010,source,data/raw/source_domain/cwru_48khz_normal/N_1_(1772rpm).mat,data/raw/source_domain/cwru_48khz_normal/N_1_(1772rpm).mat,data/raw/source_domain/cwru_48khz_normal/N_1_(1772rpm).mat,10,240000,288000,5.0,6.0,1.0,0.5,0.5,48000,X098_DE_time,DE_time,drive_end,none,N,known_source_label,1.0,1772.0,filename,,,384000
source::data/raw/source_domain/cwru_48khz_normal/N_1_(1772rpm).mat::w0011,source,data/raw/source_domain/cwru_48khz_normal/N_1_(1772rpm).mat,data/raw/source_domain/cwru_48khz_normal/N_1_(1772rpm).mat,data/raw/source_domain/cwru_48khz_normal/N_1_(1772rpm).mat,11,264000,312000,5.5,6.5,1.0,0.5,0.5,48000,X098_DE_time,DE_time,drive_end,none,N,known_source_label,1.0,1772.0,filename,,,384000
source::data/raw/source_domain/cwru_48khz_normal/N_1_(1772rpm).mat::w0012,source,data/raw/source_domain/cwru_48khz_normal/N_1_(1772rpm).mat,data/raw/source_domain/cwru_48khz_normal/N_1_(1772rpm).mat,data/raw/source_domain/cwru_48khz_normal/N_1_(1772rpm).mat,12,288000,336000,6.0,7.0,1.0,0.5,0.5,48000,X098_DE_time,DE_time,drive_end,none,N,known_source_label,1.0,1772.0,filename,,,384000
source::data/raw/source_domain/cwru_48khz_normal/N_1_(1772rpm).mat::w0013,source,data/raw/source_domain/cwru_48khz_normal/N_1_(1772rpm).mat,data/raw/source_domain/cwru_48khz_normal/N_1_(1772rpm).mat,data/raw/source_domain/cwru_48khz_normal/N_1_(1772rpm).mat,13,312000,360000,6.5,7.5,1.0,0.5,0.5,48000,X098_DE_time,DE_time,drive_end,none,N,known_source_label,1.0,1772.0,filename,,,384000
source::data/raw/source_domain/cwru_48khz_normal/N_1_(1772rpm).mat::w0014,source,data/raw/source_domain/cwru_48khz_normal/N_1_(1772rpm).mat,data/raw/source_domain/cwru_48khz_normal/N_1_(1772rpm).mat,data/raw/source_domain/cwru_48khz_normal/N_1_(1772rpm).mat,14,336000,384000,7.0,8.0,1.0,0.5,0.5,48000,X098_DE_time,DE_time,drive_end,none,N,known_source_label,1.0,1772.0,filename,,,384000
source::data/raw/source_domain/cwru_48khz_normal/N_2_(1750rpm).mat::w0000,source,data/raw/source_domain/cwru_48khz_normal/N_2_(1750rpm).mat,data/raw/source_domain/cwru_48khz_normal/N_2_(1750rpm).mat,data/raw/source_domain/cwru_48khz_normal/N_2_(1750rpm).mat,0,0,48000,0.0,1.0,1.0,0.5,0.5,48000,X099_DE_time,DE_time,drive_end,none,N,known_source_label,2.0,1750.0,filename,,,384000
source::data/raw/source_domain/cwru_48khz_normal/N_2_(1750rpm).mat::w0001,source,data/raw/source_domain/cwru_48khz_normal/N_2_(1750rpm).mat,data/raw/source_domain/cwru_48khz_normal/N_2_(1750rpm).mat,data/raw/source_domain/cwru_48khz_normal/N_2_(1750rpm).mat,1,24000,72000,0.5,1.5,1.0,0.5,0.5,48000,X099_DE_time,DE_time,drive_end,none,N,known_source_label,2.0,1750.0,filename,,,384000
source::data/raw/source_domain/cwru_48khz_normal/N_2_(1750rpm).mat::w0002,source,data/raw/source_domain/cwru_48khz_normal/N_2_(1750rpm).mat,data/raw/source_domain/cwru_48khz_normal/N_2_(1750rpm).mat,data/raw/source_domain/cwru_48khz_normal/N_2_(1750rpm).mat,2,48000,96000,1.0,2.0,1.0,0.5,0.5,48000,X099_DE_time,DE_time,drive_end,none,N,known_source_label,2.0,1750.0,filename,,,384000
source::data/raw/source_domain/cwru_48khz_normal/N_2_(1750rpm).mat::w0003,source,data/raw/source_domain/cwru_48khz_normal/N_2_(1750rpm).mat,data/raw/source_domain/cwru_48khz_normal/N_2_(1750rpm).mat,data/raw/source_domain/cwru_48khz_normal/N_2_(1750rpm).mat,3,72000,120000,1.5,2.5,1.0,0.5,0.5,48000,X099_DE_time,DE_time,drive_end,none,N,known_source_label,2.0,1750.0,filename,,,384000
source::data/raw/source_domain/cwru_48khz_normal/N_2_(1750rpm).mat::w0004,source,data/raw/source_domain/cwru_48khz_normal/N_2_(1750rpm).mat,data/raw/source_domain/cwru_48khz_normal/N_2_(1750rpm).mat,data/raw/source_domain/cwru_48khz_normal/N_2_(1750rpm).mat,4,96000,144000,2.0,3.0,1.0,0.5,0.5,48000,X099_DE_time,DE_time,drive_end,none,N,known_source_label,2.0,1750.0,filename,,,384000
source::data/raw/source_domain/cwru_48khz_normal/N_2_(1750rpm).mat::w0005,source,data/raw/source_domain/cwru_48khz_normal/N_2_(1750rpm).mat,data/raw/source_domain/cwru_48khz_normal/N_2_(1750rpm).mat,data/raw/source_domain/cwru_48khz_normal/N_2_(1750rpm).mat,5,120000,168000,2.5,3.5,1.0,0.5,0.5,48000,X099_DE_time,DE_time,drive_end,none,N,known_source_label,2.0,1750.0,filename,,,384000
source::data/raw/source_domain/cwru_48khz_normal/N_2_(1750rpm).mat::w0006,source,data/raw/source_domain/cwru_48khz_normal/N_2_(1750rpm).mat,data/raw/source_domain/cwru_48khz_normal/N_2_(1750rpm).mat,data/raw/source_domain/cwru_48khz_normal/N_2_(1750rpm).mat,6,144000,192000,3.0,4.0,1.0,0.5,0.5,48000,X099_DE_time,DE_time,drive_end,none,N,known_source_label,2.0,1750.0,filename,,,384000
source::data/raw/source_domain/cwru_48khz_normal/N_2_(1750rpm).mat::w0007,source,data/raw/source_domain/cwru_48khz_normal/N_2_(1750rpm).mat,data/raw/source_domain/cwru_48khz_normal/N_2_(1750rpm).mat,data/raw/source_domain/cwru_48khz_normal/N_2_(1750rpm).mat,7,168000,216000,3.5,4.5,1.0,0.5,0.5,48000,X099_DE_time,DE_time,drive_end,none,N,known_source_label,2.0,1750.0,filename,,,384000
source::data/raw/source_domain/cwru_48khz_normal/N_2_(1750rpm).mat::w0008,source,data/raw/source_domain/cwru_48khz_normal/N_2_(1750rpm).mat,data/raw/source_domain/cwru_48khz_normal/N_2_(1750rpm).mat,data/raw/source_domain/cwru_48khz_normal/N_2_(1750rpm).mat,8,192000,240000,4.0,5.0,1.0,0.5,0.5,48000,X099_DE_time,DE_time,drive_end,none,N,known_source_label,2.0,1750.0,filename,,,384000
source::data/raw/source_domain/cwru_48khz_normal/N_2_(1750rpm).mat::w0009,source,data/raw/source_domain/cwru_48khz_normal/N_2_(1750rpm).mat,data/raw/source_domain/cwru_48khz_normal/N_2_(1750rpm).mat,data/raw/source_domain/cwru_48khz_normal/N_2_(1750rpm).mat,9,216000,264000,4.5,5.5,1.0,0.5,0.5,48000,X099_DE_time,DE_time,drive_end,none,N,known_source_label,2.0,1750.0,filename,,,384000
source::data/raw/source_domain/cwru_48khz_normal/N_2_(1750rpm).mat::w0010,source,data/raw/source_domain/cwru_48khz_normal/N_2_(1750rpm).mat,data/raw/source_domain/cwru_48khz_normal/N_2_(1750rpm).mat,data/raw/source_domain/cwru_48khz_normal/N_2_(1750rpm).mat,10,240000,288000,5.0,6.0,1.0,0.5,0.5,48000,X099_DE_time,DE_time,drive_end,none,N,known_source_label,2.0,1750.0,filename,,,384000
source::data/raw/source_domain/cwru_48khz_normal/N_2_(1750rpm).mat::w0011,source,data/raw/source_domain/cwru_48khz_normal/N_2_(1750rpm).mat,data/raw/source_domain/cwru_48khz_normal/N_2_(1750rpm).mat,data/raw/source_domain/cwru_48khz_normal/N_2_(1750rpm).mat,11,264000,312000,5.5,6.5,1.0,0.5,0.5,48000,X099_DE_time,DE_time,drive_end,none,N,known_source_label,2.0,1750.0,filename,,,384000
source::data/raw/source_domain/cwru_48khz_normal/N_2_(1750rpm).mat::w0012,source,data/raw/source_domain/cwru_48khz_normal/N_2_(1750rpm).mat,data/raw/source_domain/cwru_48khz_normal/N_2_(1750rpm).mat,data/raw/source_domain/cwru_48khz_normal/N_2_(1750rpm).mat,12,288000,336000,6.0,7.0,1.0,0.5,0.5,48000,X099_DE_time,DE_time,drive_end,none,N,known_source_label,2.0,1750.0,filename,,,384000
source::data/raw/source_domain/cwru_48khz_normal/N_2_(1750rpm).mat::w0013,source,data/raw/source_domain/cwru_48khz_normal/N_2_(1750rpm).mat,data/raw/source_domain/cwru_48khz_normal/N_2_(1750rpm).mat,data/raw/source_domain/cwru_48khz_normal/N_2_(1750rpm).mat,13,312000,360000,6.5,7.5,1.0,0.5,0.5,48000,X099_DE_time,DE_time,drive_end,none,N,known_source_label,2.0,1750.0,filename,,,384000
source::data/raw/source_domain/cwru_48khz_normal/N_2_(1750rpm).mat::w0014,source,data/raw/source_domain/cwru_48khz_normal/N_2_(1750rpm).mat,data/raw/source_domain/cwru_48khz_normal/N_2_(1750rpm).mat,data/raw/source_domain/cwru_48khz_normal/N_2_(1750rpm).mat,14,336000,384000,7.0,8.0,1.0,0.5,0.5,48000,X099_DE_time,DE_time,drive_end,none,N,known_source_label,2.0,1750.0,filename,,,384000
source::data/raw/source_domain/cwru_48khz_normal/N_3.mat::w0000,source,data/raw/source_domain/cwru_48khz_normal/N_3.mat,data/raw/source_domain/cwru_48khz_normal/N_3.mat,data/raw/source_domain/cwru_48khz_normal/N_3.mat,0,0,48000,0.0,1.0,1.0,0.5,0.5,48000,X100_DE_time,DE_time,drive_end,none,N,known_source_label,3.0,1725.0,mat_variable,,,384000
source::data/raw/source_domain/cwru_48khz_normal/N_3.mat::w0001,source,data/raw/source_domain/cwru_48khz_normal/N_3.mat,data/raw/source_domain/cwru_48khz_normal/N_3.mat,data/raw/source_domain/cwru_48khz_normal/N_3.mat,1,24000,72000,0.5,1.5,1.0,0.5,0.5,48000,X100_DE_time,DE_time,drive_end,none,N,known_source_label,3.0,1725.0,mat_variable,,,384000
source::data/raw/source_domain/cwru_48khz_normal/N_3.mat::w0002,source,data/raw/source_domain/cwru_48khz_normal/N_3.mat,data/raw/source_domain/cwru_48khz_normal/N_3.mat,data/raw/source_domain/cwru_48khz_normal/N_3.mat,2,48000,96000,1.0,2.0,1.0,0.5,0.5,48000,X100_DE_time,DE_time,drive_end,none,N,known_source_label,3.0,1725.0,mat_variable,,,384000
source::data/raw/source_domain/cwru_48khz_normal/N_3.mat::w0003,source,data/raw/source_domain/cwru_48khz_normal/N_3.mat,data/raw/source_domain/cwru_48khz_normal/N_3.mat,data/raw/source_domain/cwru_48khz_normal/N_3.mat,3,72000,120000,1.5,2.5,1.0,0.5,0.5,48000,X100_DE_time,DE_time,drive_end,none,N,known_source_label,3.0,1725.0,mat_variable,,,384000
source::data/raw/source_domain/cwru_48khz_normal/N_3.mat::w0004,source,data/raw/source_domain/cwru_48khz_normal/N_3.mat,data/raw/source_domain/cwru_48khz_normal/N_3.mat,data/raw/source_domain/cwru_48khz_normal/N_3.mat,4,96000,144000,2.0,3.0,1.0,0.5,0.5,48000,X100_DE_time,DE_time,drive_end,none,N,known_source_label,3.0,1725.0,mat_variable,,,384000
source::data/raw/source_domain/cwru_48khz_normal/N_3.mat::w0005,source,data/raw/source_domain/cwru_48khz_normal/N_3.mat,data/raw/source_domain/cwru_48khz_normal/N_3.mat,data/raw/source_domain/cwru_48khz_normal/N_3.mat,5,120000,168000,2.5,3.5,1.0,0.5,0.5,48000,X100_DE_time,DE_time,drive_end,none,N,known_source_label,3.0,1725.0,mat_variable,,,384000
source::data/raw/source_domain/cwru_48khz_normal/N_3.mat::w0006,source,data/raw/source_domain/cwru_48khz_normal/N_3.mat,data/raw/source_domain/cwru_48khz_normal/N_3.mat,data/raw/source_domain/cwru_48khz_normal/N_3.mat,6,144000,192000,3.0,4.0,1.0,0.5,0.5,48000,X100_DE_time,DE_time,drive_end,none,N,known_source_label,3.0,1725.0,mat_variable,,,384000
source::data/raw/source_domain/cwru_48khz_normal/N_3.mat::w0007,source,data/raw/source_domain/cwru_48khz_normal/N_3.mat,data/raw/source_domain/cwru_48khz_normal/N_3.mat,data/raw/source_domain/cwru_48khz_normal/N_3.mat,7,168000,216000,3.5,4.5,1.0,0.5,0.5,48000,X100_DE_time,DE_time,drive_end,none,N,known_source_label,3.0,1725.0,mat_variable,,,384000
source::data/raw/source_domain/cwru_48khz_normal/N_3.mat::w0008,source,data/raw/source_domain/cwru_48khz_normal/N_3.mat,data/raw/source_domain/cwru_48khz_normal/N_3.mat,data/raw/source_domain/cwru_48khz_normal/N_3.mat,8,192000,240000,4.0,5.0,1.0,0.5,0.5,48000,X100_DE_time,DE_time,drive_end,none,N,known_source_label,3.0,1725.0,mat_variable,,,384000
source::data/raw/source_domain/cwru_48khz_normal/N_3.mat::w0009,source,data/raw/source_domain/cwru_48khz_normal/N_3.mat,data/raw/source_domain/cwru_48khz_normal/N_3.mat,data/raw/source_domain/cwru_48khz_normal/N_3.mat,9,216000,264000,4.5,5.5,1.0,0.5,0.5,48000,X100_DE_time,DE_time,drive_end,none,N,known_source_label,3.0,1725.0,mat_variable,,,384000
source::data/raw/source_domain/cwru_48khz_normal/N_3.mat::w0010,source,data/raw/source_domain/cwru_48khz_normal/N_3.mat,data/raw/source_domain/cwru_48khz_normal/N_3.mat,data/raw/source_domain/cwru_48khz_normal/N_3.mat,10,240000,288000,5.0,6.0,1.0,0.5,0.5,48000,X100_DE_time,DE_time,drive_end,none,N,known_source_label,3.0,1725.0,mat_variable,,,384000
source::data/raw/source_domain/cwru_48khz_normal/N_3.mat::w0011,source,data/raw/source_domain/cwru_48khz_normal/N_3.mat,data/raw/source_domain/cwru_48khz_normal/N_3.mat,data/raw/source_domain/cwru_48khz_normal/N_3.mat,11,264000,312000,5.5,6.5,1.0,0.5,0.5,48000,X100_DE_time,DE_time,drive_end,none,N,known_source_label,3.0,1725.0,mat_variable,,,384000
source::data/raw/source_domain/cwru_48khz_normal/N_3.mat::w0012,source,data/raw/source_domain/cwru_48khz_normal/N_3.mat,data/raw/source_domain/cwru_48khz_normal/N_3.mat,data/raw/source_domain/cwru_48khz_normal/N_3.mat,12,288000,336000,6.0,7.0,1.0,0.5,0.5,48000,X100_DE_time,DE_time,drive_end,none,N,known_source_label,3.0,1725.0,mat_variable,,,384000
source::data/raw/source_domain/cwru_48khz_normal/N_3.mat::w0013,source,data/raw/source_domain/cwru_48khz_normal/N_3.mat,data/raw/source_domain/cwru_48khz_normal/N_3.mat,data/raw/source_domain/cwru_48khz_normal/N_3.mat,13,312000,360000,6.5,7.5,1.0,0.5,0.5,48000,X100_DE_time,DE_time,drive_end,none,N,known_source_label,3.0,1725.0,mat_variable,,,384000
source::data/raw/source_domain/cwru_48khz_normal/N_3.mat::w0014,source,data/raw/source_domain/cwru_48khz_normal/N_3.mat,data/raw/source_domain/cwru_48khz_normal/N_3.mat,data/raw/source_domain/cwru_48khz_normal/N_3.mat,14,336000,384000,7.0,8.0,1.0,0.5,0.5,48000,X100_DE_time,DE_time,drive_end,none,N,known_source_label,3.0,1725.0,mat_variable,,,384000
target::data/raw/target_domain/train_bearing_a_to_p/A.mat::w0000,target,data/raw/target_domain/train_bearing_a_to_p/A.mat,data/raw/target_domain/train_bearing_a_to_p/A.mat,data/raw/target_domain/train_bearing_a_to_p/A.mat,0,0,32000,0.0,1.0,1.0,0.5,0.5,32000,A,anonymous_single_channel,unknown,unknown,UNKNOWN,unknown,,600.0,problem_approximate_not_used_for_mechanism_features,,,256000
target::data/raw/target_domain/train_bearing_a_to_p/A.mat::w0001,target,data/raw/target_domain/train_bearing_a_to_p/A.mat,data/raw/target_domain/train_bearing_a_to_p/A.mat,data/raw/target_domain/train_bearing_a_to_p/A.mat,1,16000,48000,0.5,1.5,1.0,0.5,0.5,32000,A,anonymous_single_channel,unknown,unknown,UNKNOWN,unknown,,600.0,problem_approximate_not_used_for_mechanism_features,,,256000
target::data/raw/target_domain/train_bearing_a_to_p/A.mat::w0002,target,data/raw/target_domain/train_bearing_a_to_p/A.mat,data/raw/target_domain/train_bearing_a_to_p/A.mat,data/raw/target_domain/train_bearing_a_to_p/A.mat,2,32000,64000,1.0,2.0,1.0,0.5,0.5,32000,A,anonymous_single_channel,unknown,unknown,UNKNOWN,unknown,,600.0,problem_approximate_not_used_for_mechanism_features,,,256000
target::data/raw/target_domain/train_bearing_a_to_p/A.mat::w0003,target,data/raw/target_domain/train_bearing_a_to_p/A.mat,data/raw/target_domain/train_bearing_a_to_p/A.mat,data/raw/target_domain/train_bearing_a_to_p/A.mat,3,48000,80000,1.5,2.5,1.0,0.5,0.5,32000,A,anonymous_single_channel,unknown,unknown,UNKNOWN,unknown,,600.0,problem_approximate_not_used_for_mechanism_features,,,256000
target::data/raw/target_domain/train_bearing_a_to_p/A.mat::w0004,target,data/raw/target_domain/train_bearing_a_to_p/A.mat,data/raw/target_domain/train_bearing_a_to_p/A.mat,data/raw/target_domain/train_bearing_a_to_p/A.mat,4,64000,96000,2.0,3.0,1.0,0.5,0.5,32000,A,anonymous_single_channel,unknown,unknown,UNKNOWN,unknown,,600.0,problem_approximate_not_used_for_mechanism_features,,,256000
target::data/raw/target_domain/train_bearing_a_to_p/A.mat::w0005,target,data/raw/target_domain/train_bearing_a_to_p/A.mat,data/raw/target_domain/train_bearing_a_to_p/A.mat,data/raw/target_domain/train_bearing_a_to_p/A.mat,5,80000,112000,2.5,3.5,1.0,0.5,0.5,32000,A,anonymous_single_channel,unknown,unknown,UNKNOWN,unknown,,600.0,problem_approximate_not_used_for_mechanism_features,,,256000
target::data/raw/target_domain/train_bearing_a_to_p/A.mat::w0006,target,data/raw/target_domain/train_bearing_a_to_p/A.mat,data/raw/target_domain/train_bearing_a_to_p/A.mat,data/raw/target_domain/train_bearing_a_to_p/A.mat,6,96000,128000,3.0,4.0,1.0,0.5,0.5,32000,A,anonymous_single_channel,unknown,unknown,UNKNOWN,unknown,,600.0,problem_approximate_not_used_for_mechanism_features,,,256000
target::data/raw/target_domain/train_bearing_a_to_p/A.mat::w0007,target,data/raw/target_domain/train_bearing_a_to_p/A.mat,data/raw/target_domain/train_bearing_a_to_p/A.mat,data/raw/target_domain/train_bearing_a_to_p/A.mat,7,112000,144000,3.5,4.5,1.0,0.5,0.5,32000,A,anonymous_single_channel,unknown,unknown,UNKNOWN,unknown,,600.0,problem_approximate_not_used_for_mechanism_features,,,256000
target::data/raw/target_domain/train_bearing_a_to_p/A.mat::w0008,target,data/raw/target_domain/train_bearing_a_to_p/A.mat,data/raw/target_domain/train_bearing_a_to_p/A.mat,data/raw/target_domain/train_bearing_a_to_p/A.mat,8,128000,160000,4.0,5.0,1.0,0.5,0.5,32000,A,anonymous_single_channel,unknown,unknown,UNKNOWN,unknown,,600.0,problem_approximate_not_used_for_mechanism_features,,,256000
target::data/raw/target_domain/train_bearing_a_to_p/A.mat::w0009,target,data/raw/target_domain/train_bearing_a_to_p/A.mat,data/raw/target_domain/train_bearing_a_to_p/A.mat,data/raw/target_domain/train_bearing_a_to_p/A.mat,9,144000,176000,4.5,5.5,1.0,0.5,0.5,32000,A,anonymous_single_channel,unknown,unknown,UNKNOWN,unknown,,600.0,problem_approximate_not_used_for_mechanism_features,,,256000
target::data/raw/target_domain/train_bearing_a_to_p/A.mat::w0010,target,data/raw/target_domain/train_bearing_a_to_p/A.mat,data/raw/target_domain/train_bearing_a_to_p/A.mat,data/raw/target_domain/train_bearing_a_to_p/A.mat,10,160000,192000,5.0,6.0,1.0,0.5,0.5,32000,A,anonymous_single_channel,unknown,unknown,UNKNOWN,unknown,,600.0,problem_approximate_not_used_for_mechanism_features,,,256000
target::data/raw/target_domain/train_bearing_a_to_p/A.mat::w0011,target,data/raw/target_domain/train_bearing_a_to_p/A.mat,data/raw/target_domain/train_bearing_a_to_p/A.mat,data/raw/target_domain/train_bearing_a_to_p/A.mat,11,176000,208000,5.5,6.5,1.0,0.5,0.5,32000,A,anonymous_single_channel,unknown,unknown,UNKNOWN,unknown,,600.0,problem_approximate_not_used_for_mechanism_features,,,256000
target::data/raw/target_domain/train_bearing_a_to_p/A.mat::w0012,target,data/raw/target_domain/train_bearing_a_to_p/A.mat,data/raw/target_domain/train_bearing_a_to_p/A.mat,data/raw/target_domain/train_bearing_a_to_p/A.mat,12,192000,224000,6.0,7.0,1.0,0.5,0.5,32000,A,anonymous_single_channel,unknown,unknown,UNKNOWN,unknown,,600.0,problem_approximate_not_used_for_mechanism_features,,,256000
target::data/raw/target_domain/train_bearing_a_to_p/A.mat::w0013,target,data/raw/target_domain/train_bearing_a_to_p/A.mat,data/raw/target_domain/train_bearing_a_to_p/A.mat,data/raw/target_domain/train_bearing_a_to_p/A.mat,13,208000,240000,6.5,7.5,1.0,0.5,0.5,32000,A,anonymous_single_channel,unknown,unknown,UNKNOWN,unknown,,600.0,problem_approximate_not_used_for_mechanism_features,,,256000
target::data/raw/target_domain/train_bearing_a_to_p/A.mat::w0014,target,data/raw/target_domain/train_bearing_a_to_p/A.mat,data/raw/target_domain/train_bearing_a_to_p/A.mat,data/raw/target_domain/train_bearing_a_to_p/A.mat,14,224000,256000,7.0,8.0,1.0,0.5,0.5,32000,A,anonymous_single_channel,unknown,unknown,UNKNOWN,unknown,,600.0,problem_approximate_not_used_for_mechanism_features,,,256000
target::data/raw/target_domain/train_bearing_a_to_p/B.mat::w0000,target,data/raw/target_domain/train_bearing_a_to_p/B.mat,data/raw/target_domain/train_bearing_a_to_p/B.mat,data/raw/target_domain/train_bearing_a_to_p/B.mat,0,0,32000,0.0,1.0,1.0,0.5,0.5,32000,B,anonymous_single_channel,unknown,unknown,UNKNOWN,unknown,,600.0,problem_approximate_not_used_for_mechanism_features,,,256000
target::data/raw/target_domain/train_bearing_a_to_p/B.mat::w0001,target,data/raw/target_domain/train_bearing_a_to_p/B.mat,data/raw/target_domain/train_bearing_a_to_p/B.mat,data/raw/target_domain/train_bearing_a_to_p/B.mat,1,16000,48000,0.5,1.5,1.0,0.5,0.5,32000,B,anonymous_single_channel,unknown,unknown,UNKNOWN,unknown,,600.0,problem_approximate_not_used_for_mechanism_features,,,256000
target::data/raw/target_domain/train_bearing_a_to_p/B.mat::w0002,target,data/raw/target_domain/train_bearing_a_to_p/B.mat,data/raw/target_domain/train_bearing_a_to_p/B.mat,data/raw/target_domain/train_bearing_a_to_p/B.mat,2,32000,64000,1.0,2.0,1.0,0.5,0.5,32000,B,anonymous_single_channel,unknown,unknown,UNKNOWN,unknown,,600.0,problem_approximate_not_used_for_mechanism_features,,,256000
target::data/raw/target_domain/train_bearing_a_to_p/B.mat::w0003,target,data/raw/target_domain/train_bearing_a_to_p/B.mat,data/raw/target_domain/train_bearing_a_to_p/B.mat,data/raw/target_domain/train_bearing_a_to_p/B.mat,3,48000,80000,1.5,2.5,1.0,0.5,0.5,32000,B,anonymous_single_channel,unknown,unknown,UNKNOWN,unknown,,600.0,problem_approximate_not_used_for_mechanism_features,,,256000
target::data/raw/target_domain/train_bearing_a_to_p/B.mat::w0004,target,data/raw/target_domain/train_bearing_a_to_p/B.mat,data/raw/target_domain/train_bearing_a_to_p/B.mat,data/raw/target_domain/train_bearing_a_to_p/B.mat,4,64000,96000,2.0,3.0,1.0,0.5,0.5,32000,B,anonymous_single_channel,unknown,unknown,UNKNOWN,unknown,,600.0,problem_approximate_not_used_for_mechanism_features,,,256000
target::data/raw/target_domain/train_bearing_a_to_p/B.mat::w0005,target,data/raw/target_domain/train_bearing_a_to_p/B.mat,data/raw/target_domain/train_bearing_a_to_p/B.mat,data/raw/target_domain/train_bearing_a_to_p/B.mat,5,80000,112000,2.5,3.5,1.0,0.5,0.5,32000,B,anonymous_single_channel,unknown,unknown,UNKNOWN,unknown,,600.0,problem_approximate_not_used_for_mechanism_features,,,256000
target::data/raw/target_domain/train_bearing_a_to_p/B.mat::w0006,target,data/raw/target_domain/train_bearing_a_to_p/B.mat,data/raw/target_domain/train_bearing_a_to_p/B.mat,data/raw/target_domain/train_bearing_a_to_p/B.mat,6,96000,128000,3.0,4.0,1.0,0.5,0.5,32000,B,anonymous_single_channel,unknown,unknown,UNKNOWN,unknown,,600.0,problem_approximate_not_used_for_mechanism_features,,,256000
target::data/raw/target_domain/train_bearing_a_to_p/B.mat::w0007,target,data/raw/target_domain/train_bearing_a_to_p/B.mat,data/raw/target_domain/train_bearing_a_to_p/B.mat,data/raw/target_domain/train_bearing_a_to_p/B.mat,7,112000,144000,3.5,4.5,1.0,0.5,0.5,32000,B,anonymous_single_channel,unknown,unknown,UNKNOWN,unknown,,600.0,problem_approximate_not_used_for_mechanism_features,,,256000
target::data/raw/target_domain/train_bearing_a_to_p/B.mat::w0008,target,data/raw/target_domain/train_bearing_a_to_p/B.mat,data/raw/target_domain/train_bearing_a_to_p/B.mat,data/raw/target_domain/train_bearing_a_to_p/B.mat,8,128000,160000,4.0,5.0,1.0,0.5,0.5,32000,B,anonymous_single_channel,unknown,unknown,UNKNOWN,unknown,,600.0,problem_approximate_not_used_for_mechanism_features,,,256000
target::data/raw/target_domain/train_bearing_a_to_p/B.mat::w0009,target,data/raw/target_domain/train_bearing_a_to_p/B.mat,data/raw/target_domain/train_bearing_a_to_p/B.mat,data/raw/target_domain/train_bearing_a_to_p/B.mat,9,144000,176000,4.5,5.5,1.0,0.5,0.5,32000,B,anonymous_single_channel,unknown,unknown,UNKNOWN,unknown,,600.0,problem_approximate_not_used_for_mechanism_features,,,256000
target::data/raw/target_domain/train_bearing_a_to_p/B.mat::w0010,target,data/raw/target_domain/train_bearing_a_to_p/B.mat,data/raw/target_domain/train_bearing_a_to_p/B.mat,data/raw/target_domain/train_bearing_a_to_p/B.mat,10,160000,192000,5.0,6.0,1.0,0.5,0.5,32000,B,anonymous_single_channel,unknown,unknown,UNKNOWN,unknown,,600.0,problem_approximate_not_used_for_mechanism_features,,,256000
target::data/raw/target_domain/train_bearing_a_to_p/B.mat::w0011,target,data/raw/target_domain/train_bearing_a_to_p/B.mat,data/raw/target_domain/train_bearing_a_to_p/B.mat,data/raw/target_domain/train_bearing_a_to_p/B.mat,11,176000,208000,5.5,6.5,1.0,0.5,0.5,32000,B,anonymous_single_channel,unknown,unknown,UNKNOWN,unknown,,600.0,problem_approximate_not_used_for_mechanism_features,,,256000
target::data/raw/target_domain/train_bearing_a_to_p/B.mat::w0012,target,data/raw/target_domain/train_bearing_a_to_p/B.mat,data/raw/target_domain/train_bearing_a_to_p/B.mat,data/raw/target_domain/train_bearing_a_to_p/B.mat,12,192000,224000,6.0,7.0,1.0,0.5,0.5,32000,B,anonymous_single_channel,unknown,unknown,UNKNOWN,unknown,,600.0,problem_approximate_not_used_for_mechanism_features,,,256000
target::data/raw/target_domain/train_bearing_a_to_p/B.mat::w0013,target,data/raw/target_domain/train_bearing_a_to_p/B.mat,data/raw/target_domain/train_bearing_a_to_p/B.mat,data/raw/target_domain/train_bearing_a_to_p/B.mat,13,208000,240000,6.5,7.5,1.0,0.5,0.5,32000,B,anonymous_single_channel,unknown,unknown,UNKNOWN,unknown,,600.0,problem_approximate_not_used_for_mechanism_features,,,256000
target::data/raw/target_domain/train_bearing_a_to_p/B.mat::w0014,target,data/raw/target_domain/train_bearing_a_to_p/B.mat,data/raw/target_domain/train_bearing_a_to_p/B.mat,data/raw/target_domain/train_bearing_a_to_p/B.mat,14,224000,256000,7.0,8.0,1.0,0.5,0.5,32000,B,anonymous_single_channel,unknown,unknown,UNKNOWN,unknown,,600.0,problem_approximate_not_used_for_mechanism_features,,,256000
target::data/raw/target_domain/train_bearing_a_to_p/C.mat::w0000,target,data/raw/target_domain/train_bearing_a_to_p/C.mat,data/raw/target_domain/train_bearing_a_to_p/C.mat,data/raw/target_domain/train_bearing_a_to_p/C.mat,0,0,32000,0.0,1.0,1.0,0.5,0.5,32000,C,anonymous_single_channel,unknown,unknown,UNKNOWN,unknown,,600.0,problem_approximate_not_used_for_mechanism_features,,,256000
target::data/raw/target_domain/train_bearing_a_to_p/C.mat::w0001,target,data/raw/target_domain/train_bearing_a_to_p/C.mat,data/raw/target_domain/train_bearing_a_to_p/C.mat,data/raw/target_domain/train_bearing_a_to_p/C.mat,1,16000,48000,0.5,1.5,1.0,0.5,0.5,32000,C,anonymous_single_channel,unknown,unknown,UNKNOWN,unknown,,600.0,problem_approximate_not_used_for_mechanism_features,,,256000
target::data/raw/target_domain/train_bearing_a_to_p/C.mat::w0002,target,data/raw/target_domain/train_bearing_a_to_p/C.mat,data/raw/target_domain/train_bearing_a_to_p/C.mat,data/raw/target_domain/train_bearing_a_to_p/C.mat,2,32000,64000,1.0,2.0,1.0,0.5,0.5,32000,C,anonymous_single_channel,unknown,unknown,UNKNOWN,unknown,,600.0,problem_approximate_not_used_for_mechanism_features,,,256000
target::data/raw/target_domain/train_bearing_a_to_p/C.mat::w0003,target,data/raw/target_domain/train_bearing_a_to_p/C.mat,data/raw/target_domain/train_bearing_a_to_p/C.mat,data/raw/target_domain/train_bearing_a_to_p/C.mat,3,48000,80000,1.5,2.5,1.0,0.5,0.5,32000,C,anonymous_single_channel,unknown,unknown,UNKNOWN,unknown,,600.0,problem_approximate_not_used_for_mechanism_features,,,256000
target::data/raw/target_domain/train_bearing_a_to_p/C.mat::w0004,target,data/raw/target_domain/train_bearing_a_to_p/C.mat,data/raw/target_domain/train_bearing_a_to_p/C.mat,data/raw/target_domain/train_bearing_a_to_p/C.mat,4,64000,96000,2.0,3.0,1.0,0.5,0.5,32000,C,anonymous_single_channel,unknown,unknown,UNKNOWN,unknown,,600.0,problem_approximate_not_used_for_mechanism_features,,,256000
target::data/raw/target_domain/train_bearing_a_to_p/C.mat::w0005,target,data/raw/target_domain/train_bearing_a_to_p/C.mat,data/raw/target_domain/train_bearing_a_to_p/C.mat,data/raw/target_domain/train_bearing_a_to_p/C.mat,5,80000,112000,2.5,3.5,1.0,0.5,0.5,32000,C,anonymous_single_channel,unknown,unknown,UNKNOWN,unknown,,600.0,problem_approximate_not_used_for_mechanism_features,,,256000
target::data/raw/target_domain/train_bearing_a_to_p/C.mat::w0006,target,data/raw/target_domain/train_bearing_a_to_p/C.mat,data/raw/target_domain/train_bearing_a_to_p/C.mat,data/raw/target_domain/train_bearing_a_to_p/C.mat,6,96000,128000,3.0,4.0,1.0,0.5,0.5,32000,C,anonymous_single_channel,unknown,unknown,UNKNOWN,unknown,,600.0,problem_approximate_not_used_for_mechanism_features,,,256000
target::data/raw/target_domain/train_bearing_a_to_p/C.mat::w0007,target,data/raw/target_domain/train_bearing_a_to_p/C.mat,data/raw/target_domain/train_bearing_a_to_p/C.mat,data/raw/target_domain/train_bearing_a_to_p/C.mat,7,112000,144000,3.5,4.5,1.0,0.5,0.5,32000,C,anonymous_single_channel,unknown,unknown,UNKNOWN,unknown,,600.0,problem_approximate_not_used_for_mechanism_features,,,256000
target::data/raw/target_domain/train_bearing_a_to_p/C.mat::w0008,target,data/raw/target_domain/train_bearing_a_to_p/C.mat,data/raw/target_domain/train_bearing_a_to_p/C.mat,data/raw/target_domain/train_bearing_a_to_p/C.mat,8,128000,160000,4.0,5.0,1.0,0.5,0.5,32000,C,anonymous_single_channel,unknown,unknown,UNKNOWN,unknown,,600.0,problem_approximate_not_used_for_mechanism_features,,,256000
target::data/raw/target_domain/train_bearing_a_to_p/C.mat::w0009,target,data/raw/target_domain/train_bearing_a_to_p/C.mat,data/raw/target_domain/train_bearing_a_to_p/C.mat,data/raw/target_domain/train_bearing_a_to_p/C.mat,9,144000,176000,4.5,5.5,1.0,0.5,0.5,32000,C,anonymous_single_channel,unknown,unknown,UNKNOWN,unknown,,600.0,problem_approximate_not_used_for_mechanism_features,,,256000
target::data/raw/target_domain/train_bearing_a_to_p/C.mat::w0010,target,data/raw/target_domain/train_bearing_a_to_p/C.mat,data/raw/target_domain/train_bearing_a_to_p/C.mat,data/raw/target_domain/train_bearing_a_to_p/C.mat,10,160000,192000,5.0,6.0,1.0,0.5,0.5,32000,C,anonymous_single_channel,unknown,unknown,UNKNOWN,unknown,,600.0,problem_approximate_not_used_for_mechanism_features,,,256000
target::data/raw/target_domain/train_bearing_a_to_p/C.mat::w0011,target,data/raw/target_domain/train_bearing_a_to_p/C.mat,data/raw/target_domain/train_bearing_a_to_p/C.mat,data/raw/target_domain/train_bearing_a_to_p/C.mat,11,176000,208000,5.5,6.5,1.0,0.5,0.5,32000,C,anonymous_single_channel,unknown,unknown,UNKNOWN,unknown,,600.0,problem_approximate_not_used_for_mechanism_features,,,256000
target::data/raw/target_domain/train_bearing_a_to_p/C.mat::w0012,target,data/raw/target_domain/train_bearing_a_to_p/C.mat,data/raw/target_domain/train_bearing_a_to_p/C.mat,data/raw/target_domain/train_bearing_a_to_p/C.mat,12,192000,224000,6.0,7.0,1.0,0.5,0.5,32000,C,anonymous_single_channel,unknown,unknown,UNKNOWN,unknown,,600.0,problem_approximate_not_used_for_mechanism_features,,,256000
target::data/raw/target_domain/train_bearing_a_to_p/C.mat::w0013,target,data/raw/target_domain/train_bearing_a_to_p/C.mat,data/raw/target_domain/train_bearing_a_to_p/C.mat,data/raw/target_domain/train_bearing_a_to_p/C.mat,13,208000,240000,6.5,7.5,1.0,0.5,0.5,32000,C,anonymous_single_channel,unknown,unknown,UNKNOWN,unknown,,600.0,problem_approximate_not_used_for_mechanism_features,,,256000
target::data/raw/target_domain/train_bearing_a_to_p/C.mat::w0014,target,data/raw/target_domain/train_bearing_a_to_p/C.mat,data/raw/target_domain/train_bearing_a_to_p/C.mat,data/raw/target_domain/train_bearing_a_to_p/C.mat,14,224000,256000,7.0,8.0,1.0,0.5,0.5,32000,C,anonymous_single_channel,unknown,unknown,UNKNOWN,unknown,,600.0,problem_approximate_not_used_for_mechanism_features,,,256000
target::data/raw/target_domain/train_bearing_a_to_p/D.mat::w0000,target,data/raw/target_domain/train_bearing_a_to_p/D.mat,data/raw/target_domain/train_bearing_a_to_p/D.mat,data/raw/target_domain/train_bearing_a_to_p/D.mat,0,0,32000,0.0,1.0,1.0,0.5,0.5,32000,D,anonymous_single_channel,unknown,unknown,UNKNOWN,unknown,,600.0,problem_approximate_not_used_for_mechanism_features,,,256000
target::data/raw/target_domain/train_bearing_a_to_p/D.mat::w0001,target,data/raw/target_domain/train_bearing_a_to_p/D.mat,data/raw/target_domain/train_bearing_a_to_p/D.mat,data/raw/target_domain/train_bearing_a_to_p/D.mat,1,16000,48000,0.5,1.5,1.0,0.5,0.5,32000,D,anonymous_single_channel,unknown,unknown,UNKNOWN,unknown,,600.0,problem_approximate_not_used_for_mechanism_features,,,256000
target::data/raw/target_domain/train_bearing_a_to_p/D.mat::w0002,target,data/raw/target_domain/train_bearing_a_to_p/D.mat,data/raw/target_domain/train_bearing_a_to_p/D.mat,data/raw/target_domain/train_bearing_a_to_p/D.mat,2,32000,64000,1.0,2.0,1.0,0.5,0.5,32000,D,anonymous_single_channel,unknown,unknown,UNKNOWN,unknown,,600.0,problem_approximate_not_used_for_mechanism_features,,,256000
target::data/raw/target_domain/train_bearing_a_to_p/D.mat::w0003,target,data/raw/target_domain/train_bearing_a_to_p/D.mat,data/raw/target_domain/train_bearing_a_to_p/D.mat,data/raw/target_domain/train_bearing_a_to_p/D.mat,3,48000,80000,1.5,2.5,1.0,0.5,0.5,32000,D,anonymous_single_channel,unknown,unknown,UNKNOWN,unknown,,600.0,problem_approximate_not_used_for_mechanism_features,,,256000
target::data/raw/target_domain/train_bearing_a_to_p/D.mat::w0004,target,data/raw/target_domain/train_bearing_a_to_p/D.mat,data/raw/target_domain/train_bearing_a_to_p/D.mat,data/raw/target_domain/train_bearing_a_to_p/D.mat,4,64000,96000,2.0,3.0,1.0,0.5,0.5,32000,D,anonymous_single_channel,unknown,unknown,UNKNOWN,unknown,,600.0,problem_approximate_not_used_for_mechanism_features,,,256000
target::data/raw/target_domain/train_bearing_a_to_p/D.mat::w0005,target,data/raw/target_domain/train_bearing_a_to_p/D.mat,data/raw/target_domain/train_bearing_a_to_p/D.mat,data/raw/target_domain/train_bearing_a_to_p/D.mat,5,80000,112000,2.5,3.5,1.0,0.5,0.5,32000,D,anonymous_single_channel,unknown,unknown,UNKNOWN,unknown,,600.0,problem_approximate_not_used_for_mechanism_features,,,256000
target::data/raw/target_domain/train_bearing_a_to_p/D.mat::w0006,target,data/raw/target_domain/train_bearing_a_to_p/D.mat,data/raw/target_domain/train_bearing_a_to_p/D.mat,data/raw/target_domain/train_bearing_a_to_p/D.mat,6,96000,128000,3.0,4.0,1.0,0.5,0.5,32000,D,anonymous_single_channel,unknown,unknown,UNKNOWN,unknown,,600.0,problem_approximate_not_used_for_mechanism_features,,,256000
target::data/raw/target_domain/train_bearing_a_to_p/D.mat::w0007,target,data/raw/target_domain/train_bearing_a_to_p/D.mat,data/raw/target_domain/train_bearing_a_to_p/D.mat,data/raw/target_domain/train_bearing_a_to_p/D.mat,7,112000,144000,3.5,4.5,1.0,0.5,0.5,32000,D,anonymous_single_channel,unknown,unknown,UNKNOWN,unknown,,600.0,problem_approximate_not_used_for_mechanism_features,,,256000
target::data/raw/target_domain/train_bearing_a_to_p/D.mat::w0008,target,data/raw/target_domain/train_bearing_a_to_p/D.mat,data/raw/target_domain/train_bearing_a_to_p/D.mat,data/raw/target_domain/train_bearing_a_to_p/D.mat,8,128000,160000,4.0,5.0,1.0,0.5,0.5,32000,D,anonymous_single_channel,unknown,unknown,UNKNOWN,unknown,,600.0,problem_approximate_not_used_for_mechanism_features,,,256000
target::data/raw/target_domain/train_bearing_a_to_p/D.mat::w0009,target,data/raw/target_domain/train_bearing_a_to_p/D.mat,data/raw/target_domain/train_bearing_a_to_p/D.mat,data/raw/target_domain/train_bearing_a_to_p/D.mat,9,144000,176000,4.5,5.5,1.0,0.5,0.5,32000,D,anonymous_single_channel,unknown,unknown,UNKNOWN,unknown,,600.0,problem_approximate_not_used_for_mechanism_features,,,256000
target::data/raw/target_domain/train_bearing_a_to_p/D.mat::w0010,target,data/raw/target_domain/train_bearing_a_to_p/D.mat,data/raw/target_domain/train_bearing_a_to_p/D.mat,data/raw/target_domain/train_bearing_a_to_p/D.mat,10,160000,192000,5.0,6.0,1.0,0.5,0.5,32000,D,anonymous_single_channel,unknown,unknown,UNKNOWN,unknown,,600.0,problem_approximate_not_used_for_mechanism_features,,,256000
target::data/raw/target_domain/train_bearing_a_to_p/D.mat::w0011,target,data/raw/target_domain/train_bearing_a_to_p/D.mat,data/raw/target_domain/train_bearing_a_to_p/D.mat,data/raw/target_domain/train_bearing_a_to_p/D.mat,11,176000,208000,5.5,6.5,1.0,0.5,0.5,32000,D,anonymous_single_channel,unknown,unknown,UNKNOWN,unknown,,600.0,problem_approximate_not_used_for_mechanism_features,,,256000
target::data/raw/target_domain/train_bearing_a_to_p/D.mat::w0012,target,data/raw/target_domain/train_bearing_a_to_p/D.mat,data/raw/target_domain/train_bearing_a_to_p/D.mat,data/raw/target_domain/train_bearing_a_to_p/D.mat,12,192000,224000,6.0,7.0,1.0,0.5,0.5,32000,D,anonymous_single_channel,unknown,unknown,UNKNOWN,unknown,,600.0,problem_approximate_not_used_for_mechanism_features,,,256000
target::data/raw/target_domain/train_bearing_a_to_p/D.mat::w0013,target,data/raw/target_domain/train_bearing_a_to_p/D.mat,data/raw/target_domain/train_bearing_a_to_p/D.mat,data/raw/target_domain/train_bearing_a_to_p/D.mat,13,208000,240000,6.5,7.5,1.0,0.5,0.5,32000,D,anonymous_single_channel,unknown,unknown,UNKNOWN,unknown,,600.0,problem_approximate_not_used_for_mechanism_features,,,256000
target::data/raw/target_domain/train_bearing_a_to_p/D.mat::w0014,target,data/raw/target_domain/train_bearing_a_to_p/D.mat,data/raw/target_domain/train_bearing_a_to_p/D.mat,data/raw/target_domain/train_bearing_a_to_p/D.mat,14,224000,256000,7.0,8.0,1.0,0.5,0.5,32000,D,anonymous_single_channel,unknown,unknown,UNKNOWN,unknown,,600.0,problem_approximate_not_used_for_mechanism_features,,,256000
target::data/raw/target_domain/train_bearing_a_to_p/E.mat::w0000,target,data/raw/target_domain/train_bearing_a_to_p/E.mat,data/raw/target_domain/train_bearing_a_to_p/E.mat,data/raw/target_domain/train_bearing_a_to_p/E.mat,0,0,32000,0.0,1.0,1.0,0.5,0.5,32000,E,anonymous_single_channel,unknown,unknown,UNKNOWN,unknown,,600.0,problem_approximate_not_used_for_mechanism_features,,,256000
target::data/raw/target_domain/train_bearing_a_to_p/E.mat::w0001,target,data/raw/target_domain/train_bearing_a_to_p/E.mat,data/raw/target_domain/train_bearing_a_to_p/E.mat,data/raw/target_domain/train_bearing_a_to_p/E.mat,1,16000,48000,0.5,1.5,1.0,0.5,0.5,32000,E,anonymous_single_channel,unknown,unknown,UNKNOWN,unknown,,600.0,problem_approximate_not_used_for_mechanism_features,,,256000
target::data/raw/target_domain/train_bearing_a_to_p/E.mat::w0002,target,data/raw/target_domain/train_bearing_a_to_p/E.mat,data/raw/target_domain/train_bearing_a_to_p/E.mat,data/raw/target_domain/train_bearing_a_to_p/E.mat,2,32000,64000,1.0,2.0,1.0,0.5,0.5,32000,E,anonymous_single_channel,unknown,unknown,UNKNOWN,unknown,,600.0,problem_approximate_not_used_for_mechanism_features,,,256000
target::data/raw/target_domain/train_bearing_a_to_p/E.mat::w0003,target,data/raw/target_domain/train_bearing_a_to_p/E.mat,data/raw/target_domain/train_bearing_a_to_p/E.mat,data/raw/target_domain/train_bearing_a_to_p/E.mat,3,48000,80000,1.5,2.5,1.0,0.5,0.5,32000,E,anonymous_single_channel,unknown,unknown,UNKNOWN,unknown,,600.0,problem_approximate_not_used_for_mechanism_features,,,256000
target::data/raw/target_domain/train_bearing_a_to_p/E.mat::w0004,target,data/raw/target_domain/train_bearing_a_to_p/E.mat,data/raw/target_domain/train_bearing_a_to_p/E.mat,data/raw/target_domain/train_bearing_a_to_p/E.mat,4,64000,96000,2.0,3.0,1.0,0.5,0.5,32000,E,anonymous_single_channel,unknown,unknown,UNKNOWN,unknown,,600.0,problem_approximate_not_used_for_mechanism_features,,,256000
target::data/raw/target_domain/train_bearing_a_to_p/E.mat::w0005,target,data/raw/target_domain/train_bearing_a_to_p/E.mat,data/raw/target_domain/train_bearing_a_to_p/E.mat,data/raw/target_domain/train_bearing_a_to_p/E.mat,5,80000,112000,2.5,3.5,1.0,0.5,0.5,32000,E,anonymous_single_channel,unknown,unknown,UNKNOWN,unknown,,600.0,problem_approximate_not_used_for_mechanism_features,,,256000
target::data/raw/target_domain/train_bearing_a_to_p/E.mat::w0006,target,data/raw/target_domain/train_bearing_a_to_p/E.mat,data/raw/target_domain/train_bearing_a_to_p/E.mat,data/raw/target_domain/train_bearing_a_to_p/E.mat,6,96000,128000,3.0,4.0,1.0,0.5,0.5,32000,E,anonymous_single_channel,unknown,unknown,UNKNOWN,unknown,,600.0,problem_approximate_not_used_for_mechanism_features,,,256000
target::data/raw/target_domain/train_bearing_a_to_p/E.mat::w0007,target,data/raw/target_domain/train_bearing_a_to_p/E.mat,data/raw/target_domain/train_bearing_a_to_p/E.mat,data/raw/target_domain/train_bearing_a_to_p/E.mat,7,112000,144000,3.5,4.5,1.0,0.5,0.5,32000,E,anonymous_single_channel,unknown,unknown,UNKNOWN,unknown,,600.0,problem_approximate_not_used_for_mechanism_features,,,256000
target::data/raw/target_domain/train_bearing_a_to_p/E.mat::w0008,target,data/raw/target_domain/train_bearing_a_to_p/E.mat,data/raw/target_domain/train_bearing_a_to_p/E.mat,data/raw/target_domain/train_bearing_a_to_p/E.mat,8,128000,160000,4.0,5.0,1.0,0.5,0.5,32000,E,anonymous_single_channel,unknown,unknown,UNKNOWN,unknown,,600.0,problem_approximate_not_used_for_mechanism_features,,,256000
target::data/raw/target_domain/train_bearing_a_to_p/E.mat::w0009,target,data/raw/target_domain/train_bearing_a_to_p/E.mat,data/raw/target_domain/train_bearing_a_to_p/E.mat,data/raw/target_domain/train_bearing_a_to_p/E.mat,9,144000,176000,4.5,5.5,1.0,0.5,0.5,32000,E,anonymous_single_channel,unknown,unknown,UNKNOWN,unknown,,600.0,problem_approximate_not_used_for_mechanism_features,,,256000
target::data/raw/target_domain/train_bearing_a_to_p/E.mat::w0010,target,data/raw/target_domain/train_bearing_a_to_p/E.mat,data/raw/target_domain/train_bearing_a_to_p/E.mat,data/raw/target_domain/train_bearing_a_to_p/E.mat,10,160000,192000,5.0,6.0,1.0,0.5,0.5,32000,E,anonymous_single_channel,unknown,unknown,UNKNOWN,unknown,,600.0,problem_approximate_not_used_for_mechanism_features,,,256000
target::data/raw/target_domain/train_bearing_a_to_p/E.mat::w0011,target,data/raw/target_domain/train_bearing_a_to_p/E.mat,data/raw/target_domain/train_bearing_a_to_p/E.mat,data/raw/target_domain/train_bearing_a_to_p/E.mat,11,176000,208000,5.5,6.5,1.0,0.5,0.5,32000,E,anonymous_single_channel,unknown,unknown,UNKNOWN,unknown,,600.0,problem_approximate_not_used_for_mechanism_features,,,256000
target::data/raw/target_domain/train_bearing_a_to_p/E.mat::w0012,target,data/raw/target_domain/train_bearing_a_to_p/E.mat,data/raw/target_domain/train_bearing_a_to_p/E.mat,data/raw/target_domain/train_bearing_a_to_p/E.mat,12,192000,224000,6.0,7.0,1.0,0.5,0.5,32000,E,anonymous_single_channel,unknown,unknown,UNKNOWN,unknown,,600.0,problem_approximate_not_used_for_mechanism_features,,,256000
target::data/raw/target_domain/train_bearing_a_to_p/E.mat::w0013,target,data/raw/target_domain/train_bearing_a_to_p/E.mat,data/raw/target_domain/train_bearing_a_to_p/E.mat,data/raw/target_domain/train_bearing_a_to_p/E.mat,13,208000,240000,6.5,7.5,1.0,0.5,0.5,32000,E,anonymous_single_channel,unknown,unknown,UNKNOWN,unknown,,600.0,problem_approximate_not_used_for_mechanism_features,,,256000
target::data/raw/target_domain/train_bearing_a_to_p/E.mat::w0014,target,data/raw/target_domain/train_bearing_a_to_p/E.mat,data/raw/target_domain/train_bearing_a_to_p/E.mat,data/raw/target_domain/train_bearing_a_to_p/E.mat,14,224000,256000,7.0,8.0,1.0,0.5,0.5,32000,E,anonymous_single_channel,unknown,unknown,UNKNOWN,unknown,,600.0,problem_approximate_not_used_for_mechanism_features,,,256000
target::data/raw/target_domain/train_bearing_a_to_p/F.mat::w0000,target,data/raw/target_domain/train_bearing_a_to_p/F.mat,data/raw/target_domain/train_bearing_a_to_p/F.mat,data/raw/target_domain/train_bearing_a_to_p/F.mat,0,0,32000,0.0,1.0,1.0,0.5,0.5,32000,F,anonymous_single_channel,unknown,unknown,UNKNOWN,unknown,,600.0,problem_approximate_not_used_for_mechanism_features,,,256000
target::data/raw/target_domain/train_bearing_a_to_p/F.mat::w0001,target,data/raw/target_domain/train_bearing_a_to_p/F.mat,data/raw/target_domain/train_bearing_a_to_p/F.mat,data/raw/target_domain/train_bearing_a_to_p/F.mat,1,16000,48000,0.5,1.5,1.0,0.5,0.5,32000,F,anonymous_single_channel,unknown,unknown,UNKNOWN,unknown,,600.0,problem_approximate_not_used_for_mechanism_features,,,256000
target::data/raw/target_domain/train_bearing_a_to_p/F.mat::w0002,target,data/raw/target_domain/train_bearing_a_to_p/F.mat,data/raw/target_domain/train_bearing_a_to_p/F.mat,data/raw/target_domain/train_bearing_a_to_p/F.mat,2,32000,64000,1.0,2.0,1.0,0.5,0.5,32000,F,anonymous_single_channel,unknown,unknown,UNKNOWN,unknown,,600.0,problem_approximate_not_used_for_mechanism_features,,,256000
target::data/raw/target_domain/train_bearing_a_to_p/F.mat::w0003,target,data/raw/target_domain/train_bearing_a_to_p/F.mat,data/raw/target_domain/train_bearing_a_to_p/F.mat,data/raw/target_domain/train_bearing_a_to_p/F.mat,3,48000,80000,1.5,2.5,1.0,0.5,0.5,32000,F,anonymous_single_channel,unknown,unknown,UNKNOWN,unknown,,600.0,problem_approximate_not_used_for_mechanism_features,,,256000
target::data/raw/target_domain/train_bearing_a_to_p/F.mat::w0004,target,data/raw/target_domain/train_bearing_a_to_p/F.mat,data/raw/target_domain/train_bearing_a_to_p/F.mat,data/raw/target_domain/train_bearing_a_to_p/F.mat,4,64000,96000,2.0,3.0,1.0,0.5,0.5,32000,F,anonymous_single_channel,unknown,unknown,UNKNOWN,unknown,,600.0,problem_approximate_not_used_for_mechanism_features,,,256000
target::data/raw/target_domain/train_bearing_a_to_p/F.mat::w0005,target,data/raw/target_domain/train_bearing_a_to_p/F.mat,data/raw/target_domain/train_bearing_a_to_p/F.mat,data/raw/target_domain/train_bearing_a_to_p/F.mat,5,80000,112000,2.5,3.5,1.0,0.5,0.5,32000,F,anonymous_single_channel,unknown,unknown,UNKNOWN,unknown,,600.0,problem_approximate_not_used_for_mechanism_features,,,256000
target::data/raw/target_domain/train_bearing_a_to_p/F.mat::w0006,target,data/raw/target_domain/train_bearing_a_to_p/F.mat,data/raw/target_domain/train_bearing_a_to_p/F.mat,data/raw/target_domain/train_bearing_a_to_p/F.mat,6,96000,128000,3.0,4.0,1.0,0.5,0.5,32000,F,anonymous_single_channel,unknown,unknown,UNKNOWN,unknown,,600.0,problem_approximate_not_used_for_mechanism_features,,,256000
target::data/raw/target_domain/train_bearing_a_to_p/F.mat::w0007,target,data/raw/target_domain/train_bearing_a_to_p/F.mat,data/raw/target_domain/train_bearing_a_to_p/F.mat,data/raw/target_domain/train_bearing_a_to_p/F.mat,7,112000,144000,3.5,4.5,1.0,0.5,0.5,32000,F,anonymous_single_channel,unknown,unknown,UNKNOWN,unknown,,600.0,problem_approximate_not_used_for_mechanism_features,,,256000
target::data/raw/target_domain/train_bearing_a_to_p/F.mat::w0008,target,data/raw/target_domain/train_bearing_a_to_p/F.mat,data/raw/target_domain/train_bearing_a_to_p/F.mat,data/raw/target_domain/train_bearing_a_to_p/F.mat,8,128000,160000,4.0,5.0,1.0,0.5,0.5,32000,F,anonymous_single_channel,unknown,unknown,UNKNOWN,unknown,,600.0,problem_approximate_not_used_for_mechanism_features,,,256000
target::data/raw/target_domain/train_bearing_a_to_p/F.mat::w0009,target,data/raw/target_domain/train_bearing_a_to_p/F.mat,data/raw/target_domain/train_bearing_a_to_p/F.mat,data/raw/target_domain/train_bearing_a_to_p/F.mat,9,144000,176000,4.5,5.5,1.0,0.5,0.5,32000,F,anonymous_single_channel,unknown,unknown,UNKNOWN,unknown,,600.0,problem_approximate_not_used_for_mechanism_features,,,256000
target::data/raw/target_domain/train_bearing_a_to_p/F.mat::w0010,target,data/raw/target_domain/train_bearing_a_to_p/F.mat,data/raw/target_domain/train_bearing_a_to_p/F.mat,data/raw/target_domain/train_bearing_a_to_p/F.mat,10,160000,192000,5.0,6.0,1.0,0.5,0.5,32000,F,anonymous_single_channel,unknown,unknown,UNKNOWN,unknown,,600.0,problem_approximate_not_used_for_mechanism_features,,,256000
target::data/raw/target_domain/train_bearing_a_to_p/F.mat::w0011,target,data/raw/target_domain/train_bearing_a_to_p/F.mat,data/raw/target_domain/train_bearing_a_to_p/F.mat,data/raw/target_domain/train_bearing_a_to_p/F.mat,11,176000,208000,5.5,6.5,1.0,0.5,0.5,32000,F,anonymous_single_channel,unknown,unknown,UNKNOWN,unknown,,600.0,problem_approximate_not_used_for_mechanism_features,,,256000
target::data/raw/target_domain/train_bearing_a_to_p/F.mat::w0012,target,data/raw/target_domain/train_bearing_a_to_p/F.mat,data/raw/target_domain/train_bearing_a_to_p/F.mat,data/raw/target_domain/train_bearing_a_to_p/F.mat,12,192000,224000,6.0,7.0,1.0,0.5,0.5,32000,F,anonymous_single_channel,unknown,unknown,UNKNOWN,unknown,,600.0,problem_approximate_not_used_for_mechanism_features,,,256000
target::data/raw/target_domain/train_bearing_a_to_p/F.mat::w0013,target,data/raw/target_domain/train_bearing_a_to_p/F.mat,data/raw/target_domain/train_bearing_a_to_p/F.mat,data/raw/target_domain/train_bearing_a_to_p/F.mat,13,208000,240000,6.5,7.5,1.0,0.5,0.5,32000,F,anonymous_single_channel,unknown,unknown,UNKNOWN,unknown,,600.0,problem_approximate_not_used_for_mechanism_features,,,256000
target::data/raw/target_domain/train_bearing_a_to_p/F.mat::w0014,target,data/raw/target_domain/train_bearing_a_to_p/F.mat,data/raw/target_domain/train_bearing_a_to_p/F.mat,data/raw/target_domain/train_bearing_a_to_p/F.mat,14,224000,256000,7.0,8.0,1.0,0.5,0.5,32000,F,anonymous_single_channel,unknown,unknown,UNKNOWN,unknown,,600.0,problem_approximate_not_used_for_mechanism_features,,,256000
target::data/raw/target_domain/train_bearing_a_to_p/G.mat::w0000,target,data/raw/target_domain/train_bearing_a_to_p/G.mat,data/raw/target_domain/train_bearing_a_to_p/G.mat,data/raw/target_domain/train_bearing_a_to_p/G.mat,0,0,32000,0.0,1.0,1.0,0.5,0.5,32000,G,anonymous_single_channel,unknown,unknown,UNKNOWN,unknown,,600.0,problem_approximate_not_used_for_mechanism_features,,,256000
target::data/raw/target_domain/train_bearing_a_to_p/G.mat::w0001,target,data/raw/target_domain/train_bearing_a_to_p/G.mat,data/raw/target_domain/train_bearing_a_to_p/G.mat,data/raw/target_domain/train_bearing_a_to_p/G.mat,1,16000,48000,0.5,1.5,1.0,0.5,0.5,32000,G,anonymous_single_channel,unknown,unknown,UNKNOWN,unknown,,600.0,problem_approximate_not_used_for_mechanism_features,,,256000
target::data/raw/target_domain/train_bearing_a_to_p/G.mat::w0002,target,data/raw/target_domain/train_bearing_a_to_p/G.mat,data/raw/target_domain/train_bearing_a_to_p/G.mat,data/raw/target_domain/train_bearing_a_to_p/G.mat,2,32000,64000,1.0,2.0,1.0,0.5,0.5,32000,G,anonymous_single_channel,unknown,unknown,UNKNOWN,unknown,,600.0,problem_approximate_not_used_for_mechanism_features,,,256000
target::data/raw/target_domain/train_bearing_a_to_p/G.mat::w0003,target,data/raw/target_domain/train_bearing_a_to_p/G.mat,data/raw/target_domain/train_bearing_a_to_p/G.mat,data/raw/target_domain/train_bearing_a_to_p/G.mat,3,48000,80000,1.5,2.5,1.0,0.5,0.5,32000,G,anonymous_single_channel,unknown,unknown,UNKNOWN,unknown,,600.0,problem_approximate_not_used_for_mechanism_features,,,256000
target::data/raw/target_domain/train_bearing_a_to_p/G.mat::w0004,target,data/raw/target_domain/train_bearing_a_to_p/G.mat,data/raw/target_domain/train_bearing_a_to_p/G.mat,data/raw/target_domain/train_bearing_a_to_p/G.mat,4,64000,96000,2.0,3.0,1.0,0.5,0.5,32000,G,anonymous_single_channel,unknown,unknown,UNKNOWN,unknown,,600.0,problem_approximate_not_used_for_mechanism_features,,,256000
target::data/raw/target_domain/train_bearing_a_to_p/G.mat::w0005,target,data/raw/target_domain/train_bearing_a_to_p/G.mat,data/raw/target_domain/train_bearing_a_to_p/G.mat,data/raw/target_domain/train_bearing_a_to_p/G.mat,5,80000,112000,2.5,3.5,1.0,0.5,0.5,32000,G,anonymous_single_channel,unknown,unknown,UNKNOWN,unknown,,600.0,problem_approximate_not_used_for_mechanism_features,,,256000
target::data/raw/target_domain/train_bearing_a_to_p/G.mat::w0006,target,data/raw/target_domain/train_bearing_a_to_p/G.mat,data/raw/target_domain/train_bearing_a_to_p/G.mat,data/raw/target_domain/train_bearing_a_to_p/G.mat,6,96000,128000,3.0,4.0,1.0,0.5,0.5,32000,G,anonymous_single_channel,unknown,unknown,UNKNOWN,unknown,,600.0,problem_approximate_not_used_for_mechanism_features,,,256000
target::data/raw/target_domain/train_bearing_a_to_p/G.mat::w0007,target,data/raw/target_domain/train_bearing_a_to_p/G.mat,data/raw/target_domain/train_bearing_a_to_p/G.mat,data/raw/target_domain/train_bearing_a_to_p/G.mat,7,112000,144000,3.5,4.5,1.0,0.5,0.5,32000,G,anonymous_single_channel,unknown,unknown,UNKNOWN,unknown,,600.0,problem_approximate_not_used_for_mechanism_features,,,256000
target::data/raw/target_domain/train_bearing_a_to_p/G.mat::w0008,target,data/raw/target_domain/train_bearing_a_to_p/G.mat,data/raw/target_domain/train_bearing_a_to_p/G.mat,data/raw/target_domain/train_bearing_a_to_p/G.mat,8,128000,160000,4.0,5.0,1.0,0.5,0.5,32000,G,anonymous_single_channel,unknown,unknown,UNKNOWN,unknown,,600.0,problem_approximate_not_used_for_mechanism_features,,,256000
target::data/raw/target_domain/train_bearing_a_to_p/G.mat::w0009,target,data/raw/target_domain/train_bearing_a_to_p/G.mat,data/raw/target_domain/train_bearing_a_to_p/G.mat,data/raw/target_domain/train_bearing_a_to_p/G.mat,9,144000,176000,4.5,5.5,1.0,0.5,0.5,32000,G,anonymous_single_channel,unknown,unknown,UNKNOWN,unknown,,600.0,problem_approximate_not_used_for_mechanism_features,,,256000
target::data/raw/target_domain/train_bearing_a_to_p/G.mat::w0010,target,data/raw/target_domain/train_bearing_a_to_p/G.mat,data/raw/target_domain/train_bearing_a_to_p/G.mat,data/raw/target_domain/train_bearing_a_to_p/G.mat,10,160000,192000,5.0,6.0,1.0,0.5,0.5,32000,G,anonymous_single_channel,unknown,unknown,UNKNOWN,unknown,,600.0,problem_approximate_not_used_for_mechanism_features,,,256000
target::data/raw/target_domain/train_bearing_a_to_p/G.mat::w0011,target,data/raw/target_domain/train_bearing_a_to_p/G.mat,data/raw/target_domain/train_bearing_a_to_p/G.mat,data/raw/target_domain/train_bearing_a_to_p/G.mat,11,176000,208000,5.5,6.5,1.0,0.5,0.5,32000,G,anonymous_single_channel,unknown,unknown,UNKNOWN,unknown,,600.0,problem_approximate_not_used_for_mechanism_features,,,256000
target::data/raw/target_domain/train_bearing_a_to_p/G.mat::w0012,target,data/raw/target_domain/train_bearing_a_to_p/G.mat,data/raw/target_domain/train_bearing_a_to_p/G.mat,data/raw/target_domain/train_bearing_a_to_p/G.mat,12,192000,224000,6.0,7.0,1.0,0.5,0.5,32000,G,anonymous_single_channel,unknown,unknown,UNKNOWN,unknown,,600.0,problem_approximate_not_used_for_mechanism_features,,,256000
target::data/raw/target_domain/train_bearing_a_to_p/G.mat::w0013,target,data/raw/target_domain/train_bearing_a_to_p/G.mat,data/raw/target_domain/train_bearing_a_to_p/G.mat,data/raw/target_domain/train_bearing_a_to_p/G.mat,13,208000,240000,6.5,7.5,1.0,0.5,0.5,32000,G,anonymous_single_channel,unknown,unknown,UNKNOWN,unknown,,600.0,problem_approximate_not_used_for_mechanism_features,,,256000
target::data/raw/target_domain/train_bearing_a_to_p/G.mat::w0014,target,data/raw/target_domain/train_bearing_a_to_p/G.mat,data/raw/target_domain/train_bearing_a_to_p/G.mat,data/raw/target_domain/train_bearing_a_to_p/G.mat,14,224000,256000,7.0,8.0,1.0,0.5,0.5,32000,G,anonymous_single_channel,unknown,unknown,UNKNOWN,unknown,,600.0,problem_approximate_not_used_for_mechanism_features,,,256000
target::data/raw/target_domain/train_bearing_a_to_p/H.mat::w0000,target,data/raw/target_domain/train_bearing_a_to_p/H.mat,data/raw/target_domain/train_bearing_a_to_p/H.mat,data/raw/target_domain/train_bearing_a_to_p/H.mat,0,0,32000,0.0,1.0,1.0,0.5,0.5,32000,H,anonymous_single_channel,unknown,unknown,UNKNOWN,unknown,,600.0,problem_approximate_not_used_for_mechanism_features,,,256000
target::data/raw/target_domain/train_bearing_a_to_p/H.mat::w0001,target,data/raw/target_domain/train_bearing_a_to_p/H.mat,data/raw/target_domain/train_bearing_a_to_p/H.mat,data/raw/target_domain/train_bearing_a_to_p/H.mat,1,16000,48000,0.5,1.5,1.0,0.5,0.5,32000,H,anonymous_single_channel,unknown,unknown,UNKNOWN,unknown,,600.0,problem_approximate_not_used_for_mechanism_features,,,256000
target::data/raw/target_domain/train_bearing_a_to_p/H.mat::w0002,target,data/raw/target_domain/train_bearing_a_to_p/H.mat,data/raw/target_domain/train_bearing_a_to_p/H.mat,data/raw/target_domain/train_bearing_a_to_p/H.mat,2,32000,64000,1.0,2.0,1.0,0.5,0.5,32000,H,anonymous_single_channel,unknown,unknown,UNKNOWN,unknown,,600.0,problem_approximate_not_used_for_mechanism_features,,,256000
target::data/raw/target_domain/train_bearing_a_to_p/H.mat::w0003,target,data/raw/target_domain/train_bearing_a_to_p/H.mat,data/raw/target_domain/train_bearing_a_to_p/H.mat,data/raw/target_domain/train_bearing_a_to_p/H.mat,3,48000,80000,1.5,2.5,1.0,0.5,0.5,32000,H,anonymous_single_channel,unknown,unknown,UNKNOWN,unknown,,600.0,problem_approximate_not_used_for_mechanism_features,,,256000
target::data/raw/target_domain/train_bearing_a_to_p/H.mat::w0004,target,data/raw/target_domain/train_bearing_a_to_p/H.mat,data/raw/target_domain/train_bearing_a_to_p/H.mat,data/raw/target_domain/train_bearing_a_to_p/H.mat,4,64000,96000,2.0,3.0,1.0,0.5,0.5,32000,H,anonymous_single_channel,unknown,unknown,UNKNOWN,unknown,,600.0,problem_approximate_not_used_for_mechanism_features,,,256000
target::data/raw/target_domain/train_bearing_a_to_p/H.mat::w0005,target,data/raw/target_domain/train_bearing_a_to_p/H.mat,data/raw/target_domain/train_bearing_a_to_p/H.mat,data/raw/target_domain/train_bearing_a_to_p/H.mat,5,80000,112000,2.5,3.5,1.0,0.5,0.5,32000,H,anonymous_single_channel,unknown,unknown,UNKNOWN,unknown,,600.0,problem_approximate_not_used_for_mechanism_features,,,256000
target::data/raw/target_domain/train_bearing_a_to_p/H.mat::w0006,target,data/raw/target_domain/train_bearing_a_to_p/H.mat,data/raw/target_domain/train_bearing_a_to_p/H.mat,data/raw/target_domain/train_bearing_a_to_p/H.mat,6,96000,128000,3.0,4.0,1.0,0.5,0.5,32000,H,anonymous_single_channel,unknown,unknown,UNKNOWN,unknown,,600.0,problem_approximate_not_used_for_mechanism_features,,,256000
target::data/raw/target_domain/train_bearing_a_to_p/H.mat::w0007,target,data/raw/target_domain/train_bearing_a_to_p/H.mat,data/raw/target_domain/train_bearing_a_to_p/H.mat,data/raw/target_domain/train_bearing_a_to_p/H.mat,7,112000,144000,3.5,4.5,1.0,0.5,0.5,32000,H,anonymous_single_channel,unknown,unknown,UNKNOWN,unknown,,600.0,problem_approximate_not_used_for_mechanism_features,,,256000
target::data/raw/target_domain/train_bearing_a_to_p/H.mat::w0008,target,data/raw/target_domain/train_bearing_a_to_p/H.mat,data/raw/target_domain/train_bearing_a_to_p/H.mat,data/raw/target_domain/train_bearing_a_to_p/H.mat,8,128000,160000,4.0,5.0,1.0,0.5,0.5,32000,H,anonymous_single_channel,unknown,unknown,UNKNOWN,unknown,,600.0,problem_approximate_not_used_for_mechanism_features,,,256000
target::data/raw/target_domain/train_bearing_a_to_p/H.mat::w0009,target,data/raw/target_domain/train_bearing_a_to_p/H.mat,data/raw/target_domain/train_bearing_a_to_p/H.mat,data/raw/target_domain/train_bearing_a_to_p/H.mat,9,144000,176000,4.5,5.5,1.0,0.5,0.5,32000,H,anonymous_single_channel,unknown,unknown,UNKNOWN,unknown,,600.0,problem_approximate_not_used_for_mechanism_features,,,256000
target::data/raw/target_domain/train_bearing_a_to_p/H.mat::w0010,target,data/raw/target_domain/train_bearing_a_to_p/H.mat,data/raw/target_domain/train_bearing_a_to_p/H.mat,data/raw/target_domain/train_bearing_a_to_p/H.mat,10,160000,192000,5.0,6.0,1.0,0.5,0.5,32000,H,anonymous_single_channel,unknown,unknown,UNKNOWN,unknown,,600.0,problem_approximate_not_used_for_mechanism_features,,,256000
target::data/raw/target_domain/train_bearing_a_to_p/H.mat::w0011,target,data/raw/target_domain/train_bearing_a_to_p/H.mat,data/raw/target_domain/train_bearing_a_to_p/H.mat,data/raw/target_domain/train_bearing_a_to_p/H.mat,11,176000,208000,5.5,6.5,1.0,0.5,0.5,32000,H,anonymous_single_channel,unknown,unknown,UNKNOWN,unknown,,600.0,problem_approximate_not_used_for_mechanism_features,,,256000
target::data/raw/target_domain/train_bearing_a_to_p/H.mat::w0012,target,data/raw/target_domain/train_bearing_a_to_p/H.mat,data/raw/target_domain/train_bearing_a_to_p/H.mat,data/raw/target_domain/train_bearing_a_to_p/H.mat,12,192000,224000,6.0,7.0,1.0,0.5,0.5,32000,H,anonymous_single_channel,unknown,unknown,UNKNOWN,unknown,,600.0,problem_approximate_not_used_for_mechanism_features,,,256000
target::data/raw/target_domain/train_bearing_a_to_p/H.mat::w0013,target,data/raw/target_domain/train_bearing_a_to_p/H.mat,data/raw/target_domain/train_bearing_a_to_p/H.mat,data/raw/target_domain/train_bearing_a_to_p/H.mat,13,208000,240000,6.5,7.5,1.0,0.5,0.5,32000,H,anonymous_single_channel,unknown,unknown,UNKNOWN,unknown,,600.0,problem_approximate_not_used_for_mechanism_features,,,256000
target::data/raw/target_domain/train_bearing_a_to_p/H.mat::w0014,target,data/raw/target_domain/train_bearing_a_to_p/H.mat,data/raw/target_domain/train_bearing_a_to_p/H.mat,data/raw/target_domain/train_bearing_a_to_p/H.mat,14,224000,256000,7.0,8.0,1.0,0.5,0.5,32000,H,anonymous_single_channel,unknown,unknown,UNKNOWN,unknown,,600.0,problem_approximate_not_used_for_mechanism_features,,,256000
target::data/raw/target_domain/train_bearing_a_to_p/I.mat::w0000,target,data/raw/target_domain/train_bearing_a_to_p/I.mat,data/raw/target_domain/train_bearing_a_to_p/I.mat,data/raw/target_domain/train_bearing_a_to_p/I.mat,0,0,32000,0.0,1.0,1.0,0.5,0.5,32000,I,anonymous_single_channel,unknown,unknown,UNKNOWN,unknown,,600.0,problem_approximate_not_used_for_mechanism_features,,,256000
target::data/raw/target_domain/train_bearing_a_to_p/I.mat::w0001,target,data/raw/target_domain/train_bearing_a_to_p/I.mat,data/raw/target_domain/train_bearing_a_to_p/I.mat,data/raw/target_domain/train_bearing_a_to_p/I.mat,1,16000,48000,0.5,1.5,1.0,0.5,0.5,32000,I,anonymous_single_channel,unknown,unknown,UNKNOWN,unknown,,600.0,problem_approximate_not_used_for_mechanism_features,,,256000
target::data/raw/target_domain/train_bearing_a_to_p/I.mat::w0002,target,data/raw/target_domain/train_bearing_a_to_p/I.mat,data/raw/target_domain/train_bearing_a_to_p/I.mat,data/raw/target_domain/train_bearing_a_to_p/I.mat,2,32000,64000,1.0,2.0,1.0,0.5,0.5,32000,I,anonymous_single_channel,unknown,unknown,UNKNOWN,unknown,,600.0,problem_approximate_not_used_for_mechanism_features,,,256000
target::data/raw/target_domain/train_bearing_a_to_p/I.mat::w0003,target,data/raw/target_domain/train_bearing_a_to_p/I.mat,data/raw/target_domain/train_bearing_a_to_p/I.mat,data/raw/target_domain/train_bearing_a_to_p/I.mat,3,48000,80000,1.5,2.5,1.0,0.5,0.5,32000,I,anonymous_single_channel,unknown,unknown,UNKNOWN,unknown,,600.0,problem_approximate_not_used_for_mechanism_features,,,256000
target::data/raw/target_domain/train_bearing_a_to_p/I.mat::w0004,target,data/raw/target_domain/train_bearing_a_to_p/I.mat,data/raw/target_domain/train_bearing_a_to_p/I.mat,data/raw/target_domain/train_bearing_a_to_p/I.mat,4,64000,96000,2.0,3.0,1.0,0.5,0.5,32000,I,anonymous_single_channel,unknown,unknown,UNKNOWN,unknown,,600.0,problem_approximate_not_used_for_mechanism_features,,,256000
target::data/raw/target_domain/train_bearing_a_to_p/I.mat::w0005,target,data/raw/target_domain/train_bearing_a_to_p/I.mat,data/raw/target_domain/train_bearing_a_to_p/I.mat,data/raw/target_domain/train_bearing_a_to_p/I.mat,5,80000,112000,2.5,3.5,1.0,0.5,0.5,32000,I,anonymous_single_channel,unknown,unknown,UNKNOWN,unknown,,600.0,problem_approximate_not_used_for_mechanism_features,,,256000
target::data/raw/target_domain/train_bearing_a_to_p/I.mat::w0006,target,data/raw/target_domain/train_bearing_a_to_p/I.mat,data/raw/target_domain/train_bearing_a_to_p/I.mat,data/raw/target_domain/train_bearing_a_to_p/I.mat,6,96000,128000,3.0,4.0,1.0,0.5,0.5,32000,I,anonymous_single_channel,unknown,unknown,UNKNOWN,unknown,,600.0,problem_approximate_not_used_for_mechanism_features,,,256000
target::data/raw/target_domain/train_bearing_a_to_p/I.mat::w0007,target,data/raw/target_domain/train_bearing_a_to_p/I.mat,data/raw/target_domain/train_bearing_a_to_p/I.mat,data/raw/target_domain/train_bearing_a_to_p/I.mat,7,112000,144000,3.5,4.5,1.0,0.5,0.5,32000,I,anonymous_single_channel,unknown,unknown,UNKNOWN,unknown,,600.0,problem_approximate_not_used_for_mechanism_features,,,256000
target::data/raw/target_domain/train_bearing_a_to_p/I.mat::w0008,target,data/raw/target_domain/train_bearing_a_to_p/I.mat,data/raw/target_domain/train_bearing_a_to_p/I.mat,data/raw/target_domain/train_bearing_a_to_p/I.mat,8,128000,160000,4.0,5.0,1.0,0.5,0.5,32000,I,anonymous_single_channel,unknown,unknown,UNKNOWN,unknown,,600.0,problem_approximate_not_used_for_mechanism_features,,,256000
target::data/raw/target_domain/train_bearing_a_to_p/I.mat::w0009,target,data/raw/target_domain/train_bearing_a_to_p/I.mat,data/raw/target_domain/train_bearing_a_to_p/I.mat,data/raw/target_domain/train_bearing_a_to_p/I.mat,9,144000,176000,4.5,5.5,1.0,0.5,0.5,32000,I,anonymous_single_channel,unknown,unknown,UNKNOWN,unknown,,600.0,problem_approximate_not_used_for_mechanism_features,,,256000
target::data/raw/target_domain/train_bearing_a_to_p/I.mat::w0010,target,data/raw/target_domain/train_bearing_a_to_p/I.mat,data/raw/target_domain/train_bearing_a_to_p/I.mat,data/raw/target_domain/train_bearing_a_to_p/I.mat,10,160000,192000,5.0,6.0,1.0,0.5,0.5,32000,I,anonymous_single_channel,unknown,unknown,UNKNOWN,unknown,,600.0,problem_approximate_not_used_for_mechanism_features,,,256000
target::data/raw/target_domain/train_bearing_a_to_p/I.mat::w0011,target,data/raw/target_domain/train_bearing_a_to_p/I.mat,data/raw/target_domain/train_bearing_a_to_p/I.mat,data/raw/target_domain/train_bearing_a_to_p/I.mat,11,176000,208000,5.5,6.5,1.0,0.5,0.5,32000,I,anonymous_single_channel,unknown,unknown,UNKNOWN,unknown,,600.0,problem_approximate_not_used_for_mechanism_features,,,256000
target::data/raw/target_domain/train_bearing_a_to_p/I.mat::w0012,target,data/raw/target_domain/train_bearing_a_to_p/I.mat,data/raw/target_domain/train_bearing_a_to_p/I.mat,data/raw/target_domain/train_bearing_a_to_p/I.mat,12,192000,224000,6.0,7.0,1.0,0.5,0.5,32000,I,anonymous_single_channel,unknown,unknown,UNKNOWN,unknown,,600.0,problem_approximate_not_used_for_mechanism_features,,,256000
target::data/raw/target_domain/train_bearing_a_to_p/I.mat::w0013,target,data/raw/target_domain/train_bearing_a_to_p/I.mat,data/raw/target_domain/train_bearing_a_to_p/I.mat,data/raw/target_domain/train_bearing_a_to_p/I.mat,13,208000,240000,6.5,7.5,1.0,0.5,0.5,32000,I,anonymous_single_channel,unknown,unknown,UNKNOWN,unknown,,600.0,problem_approximate_not_used_for_mechanism_features,,,256000
target::data/raw/target_domain/train_bearing_a_to_p/I.mat::w0014,target,data/raw/target_domain/train_bearing_a_to_p/I.mat,data/raw/target_domain/train_bearing_a_to_p/I.mat,data/raw/target_domain/train_bearing_a_to_p/I.mat,14,224000,256000,7.0,8.0,1.0,0.5,0.5,32000,I,anonymous_single_channel,unknown,unknown,UNKNOWN,unknown,,600.0,problem_approximate_not_used_for_mechanism_features,,,256000
target::data/raw/target_domain/train_bearing_a_to_p/J.mat::w0000,target,data/raw/target_domain/train_bearing_a_to_p/J.mat,data/raw/target_domain/train_bearing_a_to_p/J.mat,data/raw/target_domain/train_bearing_a_to_p/J.mat,0,0,32000,0.0,1.0,1.0,0.5,0.5,32000,J,anonymous_single_channel,unknown,unknown,UNKNOWN,unknown,,600.0,problem_approximate_not_used_for_mechanism_features,,,256000
target::data/raw/target_domain/train_bearing_a_to_p/J.mat::w0001,target,data/raw/target_domain/train_bearing_a_to_p/J.mat,data/raw/target_domain/train_bearing_a_to_p/J.mat,data/raw/target_domain/train_bearing_a_to_p/J.mat,1,16000,48000,0.5,1.5,1.0,0.5,0.5,32000,J,anonymous_single_channel,unknown,unknown,UNKNOWN,unknown,,600.0,problem_approximate_not_used_for_mechanism_features,,,256000
target::data/raw/target_domain/train_bearing_a_to_p/J.mat::w0002,target,data/raw/target_domain/train_bearing_a_to_p/J.mat,data/raw/target_domain/train_bearing_a_to_p/J.mat,data/raw/target_domain/train_bearing_a_to_p/J.mat,2,32000,64000,1.0,2.0,1.0,0.5,0.5,32000,J,anonymous_single_channel,unknown,unknown,UNKNOWN,unknown,,600.0,problem_approximate_not_used_for_mechanism_features,,,256000
target::data/raw/target_domain/train_bearing_a_to_p/J.mat::w0003,target,data/raw/target_domain/train_bearing_a_to_p/J.mat,data/raw/target_domain/train_bearing_a_to_p/J.mat,data/raw/target_domain/train_bearing_a_to_p/J.mat,3,48000,80000,1.5,2.5,1.0,0.5,0.5,32000,J,anonymous_single_channel,unknown,unknown,UNKNOWN,unknown,,600.0,problem_approximate_not_used_for_mechanism_features,,,256000
target::data/raw/target_domain/train_bearing_a_to_p/J.mat::w0004,target,data/raw/target_domain/train_bearing_a_to_p/J.mat,data/raw/target_domain/train_bearing_a_to_p/J.mat,data/raw/target_domain/train_bearing_a_to_p/J.mat,4,64000,96000,2.0,3.0,1.0,0.5,0.5,32000,J,anonymous_single_channel,unknown,unknown,UNKNOWN,unknown,,600.0,problem_approximate_not_used_for_mechanism_features,,,256000
target::data/raw/target_domain/train_bearing_a_to_p/J.mat::w0005,target,data/raw/target_domain/train_bearing_a_to_p/J.mat,data/raw/target_domain/train_bearing_a_to_p/J.mat,data/raw/target_domain/train_bearing_a_to_p/J.mat,5,80000,112000,2.5,3.5,1.0,0.5,0.5,32000,J,anonymous_single_channel,unknown,unknown,UNKNOWN,unknown,,600.0,problem_approximate_not_used_for_mechanism_features,,,256000
target::data/raw/target_domain/train_bearing_a_to_p/J.mat::w0006,target,data/raw/target_domain/train_bearing_a_to_p/J.mat,data/raw/target_domain/train_bearing_a_to_p/J.mat,data/raw/target_domain/train_bearing_a_to_p/J.mat,6,96000,128000,3.0,4.0,1.0,0.5,0.5,32000,J,anonymous_single_channel,unknown,unknown,UNKNOWN,unknown,,600.0,problem_approximate_not_used_for_mechanism_features,,,256000
target::data/raw/target_domain/train_bearing_a_to_p/J.mat::w0007,target,data/raw/target_domain/train_bearing_a_to_p/J.mat,data/raw/target_domain/train_bearing_a_to_p/J.mat,data/raw/target_domain/train_bearing_a_to_p/J.mat,7,112000,144000,3.5,4.5,1.0,0.5,0.5,32000,J,anonymous_single_channel,unknown,unknown,UNKNOWN,unknown,,600.0,problem_approximate_not_used_for_mechanism_features,,,256000
target::data/raw/target_domain/train_bearing_a_to_p/J.mat::w0008,target,data/raw/target_domain/train_bearing_a_to_p/J.mat,data/raw/target_domain/train_bearing_a_to_p/J.mat,data/raw/target_domain/train_bearing_a_to_p/J.mat,8,128000,160000,4.0,5.0,1.0,0.5,0.5,32000,J,anonymous_single_channel,unknown,unknown,UNKNOWN,unknown,,600.0,problem_approximate_not_used_for_mechanism_features,,,256000
target::data/raw/target_domain/train_bearing_a_to_p/J.mat::w0009,target,data/raw/target_domain/train_bearing_a_to_p/J.mat,data/raw/target_domain/train_bearing_a_to_p/J.mat,data/raw/target_domain/train_bearing_a_to_p/J.mat,9,144000,176000,4.5,5.5,1.0,0.5,0.5,32000,J,anonymous_single_channel,unknown,unknown,UNKNOWN,unknown,,600.0,problem_approximate_not_used_for_mechanism_features,,,256000
target::data/raw/target_domain/train_bearing_a_to_p/J.mat::w0010,target,data/raw/target_domain/train_bearing_a_to_p/J.mat,data/raw/target_domain/train_bearing_a_to_p/J.mat,data/raw/target_domain/train_bearing_a_to_p/J.mat,10,160000,192000,5.0,6.0,1.0,0.5,0.5,32000,J,anonymous_single_channel,unknown,unknown,UNKNOWN,unknown,,600.0,problem_approximate_not_used_for_mechanism_features,,,256000
target::data/raw/target_domain/train_bearing_a_to_p/J.mat::w0011,target,data/raw/target_domain/train_bearing_a_to_p/J.mat,data/raw/target_domain/train_bearing_a_to_p/J.mat,data/raw/target_domain/train_bearing_a_to_p/J.mat,11,176000,208000,5.5,6.5,1.0,0.5,0.5,32000,J,anonymous_single_channel,unknown,unknown,UNKNOWN,unknown,,600.0,problem_approximate_not_used_for_mechanism_features,,,256000
target::data/raw/target_domain/train_bearing_a_to_p/J.mat::w0012,target,data/raw/target_domain/train_bearing_a_to_p/J.mat,data/raw/target_domain/train_bearing_a_to_p/J.mat,data/raw/target_domain/train_bearing_a_to_p/J.mat,12,192000,224000,6.0,7.0,1.0,0.5,0.5,32000,J,anonymous_single_channel,unknown,unknown,UNKNOWN,unknown,,600.0,problem_approximate_not_used_for_mechanism_features,,,256000
target::data/raw/target_domain/train_bearing_a_to_p/J.mat::w0013,target,data/raw/target_domain/train_bearing_a_to_p/J.mat,data/raw/target_domain/train_bearing_a_to_p/J.mat,data/raw/target_domain/train_bearing_a_to_p/J.mat,13,208000,240000,6.5,7.5,1.0,0.5,0.5,32000,J,anonymous_single_channel,unknown,unknown,UNKNOWN,unknown,,600.0,problem_approximate_not_used_for_mechanism_features,,,256000
target::data/raw/target_domain/train_bearing_a_to_p/J.mat::w0014,target,data/raw/target_domain/train_bearing_a_to_p/J.mat,data/raw/target_domain/train_bearing_a_to_p/J.mat,data/raw/target_domain/train_bearing_a_to_p/J.mat,14,224000,256000,7.0,8.0,1.0,0.5,0.5,32000,J,anonymous_single_channel,unknown,unknown,UNKNOWN,unknown,,600.0,problem_approximate_not_used_for_mechanism_features,,,256000
target::data/raw/target_domain/train_bearing_a_to_p/K.mat::w0000,target,data/raw/target_domain/train_bearing_a_to_p/K.mat,data/raw/target_domain/train_bearing_a_to_p/K.mat,data/raw/target_domain/train_bearing_a_to_p/K.mat,0,0,32000,0.0,1.0,1.0,0.5,0.5,32000,K,anonymous_single_channel,unknown,unknown,UNKNOWN,unknown,,600.0,problem_approximate_not_used_for_mechanism_features,,,256000
target::data/raw/target_domain/train_bearing_a_to_p/K.mat::w0001,target,data/raw/target_domain/train_bearing_a_to_p/K.mat,data/raw/target_domain/train_bearing_a_to_p/K.mat,data/raw/target_domain/train_bearing_a_to_p/K.mat,1,16000,48000,0.5,1.5,1.0,0.5,0.5,32000,K,anonymous_single_channel,unknown,unknown,UNKNOWN,unknown,,600.0,problem_approximate_not_used_for_mechanism_features,,,256000
target::data/raw/target_domain/train_bearing_a_to_p/K.mat::w0002,target,data/raw/target_domain/train_bearing_a_to_p/K.mat,data/raw/target_domain/train_bearing_a_to_p/K.mat,data/raw/target_domain/train_bearing_a_to_p/K.mat,2,32000,64000,1.0,2.0,1.0,0.5,0.5,32000,K,anonymous_single_channel,unknown,unknown,UNKNOWN,unknown,,600.0,problem_approximate_not_used_for_mechanism_features,,,256000
target::data/raw/target_domain/train_bearing_a_to_p/K.mat::w0003,target,data/raw/target_domain/train_bearing_a_to_p/K.mat,data/raw/target_domain/train_bearing_a_to_p/K.mat,data/raw/target_domain/train_bearing_a_to_p/K.mat,3,48000,80000,1.5,2.5,1.0,0.5,0.5,32000,K,anonymous_single_channel,unknown,unknown,UNKNOWN,unknown,,600.0,problem_approximate_not_used_for_mechanism_features,,,256000
target::data/raw/target_domain/train_bearing_a_to_p/K.mat::w0004,target,data/raw/target_domain/train_bearing_a_to_p/K.mat,data/raw/target_domain/train_bearing_a_to_p/K.mat,data/raw/target_domain/train_bearing_a_to_p/K.mat,4,64000,96000,2.0,3.0,1.0,0.5,0.5,32000,K,anonymous_single_channel,unknown,unknown,UNKNOWN,unknown,,600.0,problem_approximate_not_used_for_mechanism_features,,,256000
target::data/raw/target_domain/train_bearing_a_to_p/K.mat::w0005,target,data/raw/target_domain/train_bearing_a_to_p/K.mat,data/raw/target_domain/train_bearing_a_to_p/K.mat,data/raw/target_domain/train_bearing_a_to_p/K.mat,5,80000,112000,2.5,3.5,1.0,0.5,0.5,32000,K,anonymous_single_channel,unknown,unknown,UNKNOWN,unknown,,600.0,problem_approximate_not_used_for_mechanism_features,,,256000
target::data/raw/target_domain/train_bearing_a_to_p/K.mat::w0006,target,data/raw/target_domain/train_bearing_a_to_p/K.mat,data/raw/target_domain/train_bearing_a_to_p/K.mat,data/raw/target_domain/train_bearing_a_to_p/K.mat,6,96000,128000,3.0,4.0,1.0,0.5,0.5,32000,K,anonymous_single_channel,unknown,unknown,UNKNOWN,unknown,,600.0,problem_approximate_not_used_for_mechanism_features,,,256000
target::data/raw/target_domain/train_bearing_a_to_p/K.mat::w0007,target,data/raw/target_domain/train_bearing_a_to_p/K.mat,data/raw/target_domain/train_bearing_a_to_p/K.mat,data/raw/target_domain/train_bearing_a_to_p/K.mat,7,112000,144000,3.5,4.5,1.0,0.5,0.5,32000,K,anonymous_single_channel,unknown,unknown,UNKNOWN,unknown,,600.0,problem_approximate_not_used_for_mechanism_features,,,256000
target::data/raw/target_domain/train_bearing_a_to_p/K.mat::w0008,target,data/raw/target_domain/train_bearing_a_to_p/K.mat,data/raw/target_domain/train_bearing_a_to_p/K.mat,data/raw/target_domain/train_bearing_a_to_p/K.mat,8,128000,160000,4.0,5.0,1.0,0.5,0.5,32000,K,anonymous_single_channel,unknown,unknown,UNKNOWN,unknown,,600.0,problem_approximate_not_used_for_mechanism_features,,,256000
target::data/raw/target_domain/train_bearing_a_to_p/K.mat::w0009,target,data/raw/target_domain/train_bearing_a_to_p/K.mat,data/raw/target_domain/train_bearing_a_to_p/K.mat,data/raw/target_domain/train_bearing_a_to_p/K.mat,9,144000,176000,4.5,5.5,1.0,0.5,0.5,32000,K,anonymous_single_channel,unknown,unknown,UNKNOWN,unknown,,600.0,problem_approximate_not_used_for_mechanism_features,,,256000
target::data/raw/target_domain/train_bearing_a_to_p/K.mat::w0010,target,data/raw/target_domain/train_bearing_a_to_p/K.mat,data/raw/target_domain/train_bearing_a_to_p/K.mat,data/raw/target_domain/train_bearing_a_to_p/K.mat,10,160000,192000,5.0,6.0,1.0,0.5,0.5,32000,K,anonymous_single_channel,unknown,unknown,UNKNOWN,unknown,,600.0,problem_approximate_not_used_for_mechanism_features,,,256000
target::data/raw/target_domain/train_bearing_a_to_p/K.mat::w0011,target,data/raw/target_domain/train_bearing_a_to_p/K.mat,data/raw/target_domain/train_bearing_a_to_p/K.mat,data/raw/target_domain/train_bearing_a_to_p/K.mat,11,176000,208000,5.5,6.5,1.0,0.5,0.5,32000,K,anonymous_single_channel,unknown,unknown,UNKNOWN,unknown,,600.0,problem_approximate_not_used_for_mechanism_features,,,256000
target::data/raw/target_domain/train_bearing_a_to_p/K.mat::w0012,target,data/raw/target_domain/train_bearing_a_to_p/K.mat,data/raw/target_domain/train_bearing_a_to_p/K.mat,data/raw/target_domain/train_bearing_a_to_p/K.mat,12,192000,224000,6.0,7.0,1.0,0.5,0.5,32000,K,anonymous_single_channel,unknown,unknown,UNKNOWN,unknown,,600.0,problem_approximate_not_used_for_mechanism_features,,,256000
target::data/raw/target_domain/train_bearing_a_to_p/K.mat::w0013,target,data/raw/target_domain/train_bearing_a_to_p/K.mat,data/raw/target_domain/train_bearing_a_to_p/K.mat,data/raw/target_domain/train_bearing_a_to_p/K.mat,13,208000,240000,6.5,7.5,1.0,0.5,0.5,32000,K,anonymous_single_channel,unknown,unknown,UNKNOWN,unknown,,600.0,problem_approximate_not_used_for_mechanism_features,,,256000
target::data/raw/target_domain/train_bearing_a_to_p/K.mat::w0014,target,data/raw/target_domain/train_bearing_a_to_p/K.mat,data/raw/target_domain/train_bearing_a_to_p/K.mat,data/raw/target_domain/train_bearing_a_to_p/K.mat,14,224000,256000,7.0,8.0,1.0,0.5,0.5,32000,K,anonymous_single_channel,unknown,unknown,UNKNOWN,unknown,,600.0,problem_approximate_not_used_for_mechanism_features,,,256000
target::data/raw/target_domain/train_bearing_a_to_p/L.mat::w0000,target,data/raw/target_domain/train_bearing_a_to_p/L.mat,data/raw/target_domain/train_bearing_a_to_p/L.mat,data/raw/target_domain/train_bearing_a_to_p/L.mat,0,0,32000,0.0,1.0,1.0,0.5,0.5,32000,L,anonymous_single_channel,unknown,unknown,UNKNOWN,unknown,,600.0,problem_approximate_not_used_for_mechanism_features,,,256000
target::data/raw/target_domain/train_bearing_a_to_p/L.mat::w0001,target,data/raw/target_domain/train_bearing_a_to_p/L.mat,data/raw/target_domain/train_bearing_a_to_p/L.mat,data/raw/target_domain/train_bearing_a_to_p/L.mat,1,16000,48000,0.5,1.5,1.0,0.5,0.5,32000,L,anonymous_single_channel,unknown,unknown,UNKNOWN,unknown,,600.0,problem_approximate_not_used_for_mechanism_features,,,256000
target::data/raw/target_domain/train_bearing_a_to_p/L.mat::w0002,target,data/raw/target_domain/train_bearing_a_to_p/L.mat,data/raw/target_domain/train_bearing_a_to_p/L.mat,data/raw/target_domain/train_bearing_a_to_p/L.mat,2,32000,64000,1.0,2.0,1.0,0.5,0.5,32000,L,anonymous_single_channel,unknown,unknown,UNKNOWN,unknown,,600.0,problem_approximate_not_used_for_mechanism_features,,,256000
target::data/raw/target_domain/train_bearing_a_to_p/L.mat::w0003,target,data/raw/target_domain/train_bearing_a_to_p/L.mat,data/raw/target_domain/train_bearing_a_to_p/L.mat,data/raw/target_domain/train_bearing_a_to_p/L.mat,3,48000,80000,1.5,2.5,1.0,0.5,0.5,32000,L,anonymous_single_channel,unknown,unknown,UNKNOWN,unknown,,600.0,problem_approximate_not_used_for_mechanism_features,,,256000
target::data/raw/target_domain/train_bearing_a_to_p/L.mat::w0004,target,data/raw/target_domain/train_bearing_a_to_p/L.mat,data/raw/target_domain/train_bearing_a_to_p/L.mat,data/raw/target_domain/train_bearing_a_to_p/L.mat,4,64000,96000,2.0,3.0,1.0,0.5,0.5,32000,L,anonymous_single_channel,unknown,unknown,UNKNOWN,unknown,,600.0,problem_approximate_not_used_for_mechanism_features,,,256000
target::data/raw/target_domain/train_bearing_a_to_p/L.mat::w0005,target,data/raw/target_domain/train_bearing_a_to_p/L.mat,data/raw/target_domain/train_bearing_a_to_p/L.mat,data/raw/target_domain/train_bearing_a_to_p/L.mat,5,80000,112000,2.5,3.5,1.0,0.5,0.5,32000,L,anonymous_single_channel,unknown,unknown,UNKNOWN,unknown,,600.0,problem_approximate_not_used_for_mechanism_features,,,256000
target::data/raw/target_domain/train_bearing_a_to_p/L.mat::w0006,target,data/raw/target_domain/train_bearing_a_to_p/L.mat,data/raw/target_domain/train_bearing_a_to_p/L.mat,data/raw/target_domain/train_bearing_a_to_p/L.mat,6,96000,128000,3.0,4.0,1.0,0.5,0.5,32000,L,anonymous_single_channel,unknown,unknown,UNKNOWN,unknown,,600.0,problem_approximate_not_used_for_mechanism_features,,,256000
target::data/raw/target_domain/train_bearing_a_to_p/L.mat::w0007,target,data/raw/target_domain/train_bearing_a_to_p/L.mat,data/raw/target_domain/train_bearing_a_to_p/L.mat,data/raw/target_domain/train_bearing_a_to_p/L.mat,7,112000,144000,3.5,4.5,1.0,0.5,0.5,32000,L,anonymous_single_channel,unknown,unknown,UNKNOWN,unknown,,600.0,problem_approximate_not_used_for_mechanism_features,,,256000
target::data/raw/target_domain/train_bearing_a_to_p/L.mat::w0008,target,data/raw/target_domain/train_bearing_a_to_p/L.mat,data/raw/target_domain/train_bearing_a_to_p/L.mat,data/raw/target_domain/train_bearing_a_to_p/L.mat,8,128000,160000,4.0,5.0,1.0,0.5,0.5,32000,L,anonymous_single_channel,unknown,unknown,UNKNOWN,unknown,,600.0,problem_approximate_not_used_for_mechanism_features,,,256000
target::data/raw/target_domain/train_bearing_a_to_p/L.mat::w0009,target,data/raw/target_domain/train_bearing_a_to_p/L.mat,data/raw/target_domain/train_bearing_a_to_p/L.mat,data/raw/target_domain/train_bearing_a_to_p/L.mat,9,144000,176000,4.5,5.5,1.0,0.5,0.5,32000,L,anonymous_single_channel,unknown,unknown,UNKNOWN,unknown,,600.0,problem_approximate_not_used_for_mechanism_features,,,256000
target::data/raw/target_domain/train_bearing_a_to_p/L.mat::w0010,target,data/raw/target_domain/train_bearing_a_to_p/L.mat,data/raw/target_domain/train_bearing_a_to_p/L.mat,data/raw/target_domain/train_bearing_a_to_p/L.mat,10,160000,192000,5.0,6.0,1.0,0.5,0.5,32000,L,anonymous_single_channel,unknown,unknown,UNKNOWN,unknown,,600.0,problem_approximate_not_used_for_mechanism_features,,,256000
target::data/raw/target_domain/train_bearing_a_to_p/L.mat::w0011,target,data/raw/target_domain/train_bearing_a_to_p/L.mat,data/raw/target_domain/train_bearing_a_to_p/L.mat,data/raw/target_domain/train_bearing_a_to_p/L.mat,11,176000,208000,5.5,6.5,1.0,0.5,0.5,32000,L,anonymous_single_channel,unknown,unknown,UNKNOWN,unknown,,600.0,problem_approximate_not_used_for_mechanism_features,,,256000
target::data/raw/target_domain/train_bearing_a_to_p/L.mat::w0012,target,data/raw/target_domain/train_bearing_a_to_p/L.mat,data/raw/target_domain/train_bearing_a_to_p/L.mat,data/raw/target_domain/train_bearing_a_to_p/L.mat,12,192000,224000,6.0,7.0,1.0,0.5,0.5,32000,L,anonymous_single_channel,unknown,unknown,UNKNOWN,unknown,,600.0,problem_approximate_not_used_for_mechanism_features,,,256000
target::data/raw/target_domain/train_bearing_a_to_p/L.mat::w0013,target,data/raw/target_domain/train_bearing_a_to_p/L.mat,data/raw/target_domain/train_bearing_a_to_p/L.mat,data/raw/target_domain/train_bearing_a_to_p/L.mat,13,208000,240000,6.5,7.5,1.0,0.5,0.5,32000,L,anonymous_single_channel,unknown,unknown,UNKNOWN,unknown,,600.0,problem_approximate_not_used_for_mechanism_features,,,256000
target::data/raw/target_domain/train_bearing_a_to_p/L.mat::w0014,target,data/raw/target_domain/train_bearing_a_to_p/L.mat,data/raw/target_domain/train_bearing_a_to_p/L.mat,data/raw/target_domain/train_bearing_a_to_p/L.mat,14,224000,256000,7.0,8.0,1.0,0.5,0.5,32000,L,anonymous_single_channel,unknown,unknown,UNKNOWN,unknown,,600.0,problem_approximate_not_used_for_mechanism_features,,,256000
target::data/raw/target_domain/train_bearing_a_to_p/M.mat::w0000,target,data/raw/target_domain/train_bearing_a_to_p/M.mat,data/raw/target_domain/train_bearing_a_to_p/M.mat,data/raw/target_domain/train_bearing_a_to_p/M.mat,0,0,32000,0.0,1.0,1.0,0.5,0.5,32000,M,anonymous_single_channel,unknown,unknown,UNKNOWN,unknown,,600.0,problem_approximate_not_used_for_mechanism_features,,,256000
target::data/raw/target_domain/train_bearing_a_to_p/M.mat::w0001,target,data/raw/target_domain/train_bearing_a_to_p/M.mat,data/raw/target_domain/train_bearing_a_to_p/M.mat,data/raw/target_domain/train_bearing_a_to_p/M.mat,1,16000,48000,0.5,1.5,1.0,0.5,0.5,32000,M,anonymous_single_channel,unknown,unknown,UNKNOWN,unknown,,600.0,problem_approximate_not_used_for_mechanism_features,,,256000
target::data/raw/target_domain/train_bearing_a_to_p/M.mat::w0002,target,data/raw/target_domain/train_bearing_a_to_p/M.mat,data/raw/target_domain/train_bearing_a_to_p/M.mat,data/raw/target_domain/train_bearing_a_to_p/M.mat,2,32000,64000,1.0,2.0,1.0,0.5,0.5,32000,M,anonymous_single_channel,unknown,unknown,UNKNOWN,unknown,,600.0,problem_approximate_not_used_for_mechanism_features,,,256000
target::data/raw/target_domain/train_bearing_a_to_p/M.mat::w0003,target,data/raw/target_domain/train_bearing_a_to_p/M.mat,data/raw/target_domain/train_bearing_a_to_p/M.mat,data/raw/target_domain/train_bearing_a_to_p/M.mat,3,48000,80000,1.5,2.5,1.0,0.5,0.5,32000,M,anonymous_single_channel,unknown,unknown,UNKNOWN,unknown,,600.0,problem_approximate_not_used_for_mechanism_features,,,256000
target::data/raw/target_domain/train_bearing_a_to_p/M.mat::w0004,target,data/raw/target_domain/train_bearing_a_to_p/M.mat,data/raw/target_domain/train_bearing_a_to_p/M.mat,data/raw/target_domain/train_bearing_a_to_p/M.mat,4,64000,96000,2.0,3.0,1.0,0.5,0.5,32000,M,anonymous_single_channel,unknown,unknown,UNKNOWN,unknown,,600.0,problem_approximate_not_used_for_mechanism_features,,,256000
target::data/raw/target_domain/train_bearing_a_to_p/M.mat::w0005,target,data/raw/target_domain/train_bearing_a_to_p/M.mat,data/raw/target_domain/train_bearing_a_to_p/M.mat,data/raw/target_domain/train_bearing_a_to_p/M.mat,5,80000,112000,2.5,3.5,1.0,0.5,0.5,32000,M,anonymous_single_channel,unknown,unknown,UNKNOWN,unknown,,600.0,problem_approximate_not_used_for_mechanism_features,,,256000
target::data/raw/target_domain/train_bearing_a_to_p/M.mat::w0006,target,data/raw/target_domain/train_bearing_a_to_p/M.mat,data/raw/target_domain/train_bearing_a_to_p/M.mat,data/raw/target_domain/train_bearing_a_to_p/M.mat,6,96000,128000,3.0,4.0,1.0,0.5,0.5,32000,M,anonymous_single_channel,unknown,unknown,UNKNOWN,unknown,,600.0,problem_approximate_not_used_for_mechanism_features,,,256000
target::data/raw/target_domain/train_bearing_a_to_p/M.mat::w0007,target,data/raw/target_domain/train_bearing_a_to_p/M.mat,data/raw/target_domain/train_bearing_a_to_p/M.mat,data/raw/target_domain/train_bearing_a_to_p/M.mat,7,112000,144000,3.5,4.5,1.0,0.5,0.5,32000,M,anonymous_single_channel,unknown,unknown,UNKNOWN,unknown,,600.0,problem_approximate_not_used_for_mechanism_features,,,256000
target::data/raw/target_domain/train_bearing_a_to_p/M.mat::w0008,target,data/raw/target_domain/train_bearing_a_to_p/M.mat,data/raw/target_domain/train_bearing_a_to_p/M.mat,data/raw/target_domain/train_bearing_a_to_p/M.mat,8,128000,160000,4.0,5.0,1.0,0.5,0.5,32000,M,anonymous_single_channel,unknown,unknown,UNKNOWN,unknown,,600.0,problem_approximate_not_used_for_mechanism_features,,,256000
target::data/raw/target_domain/train_bearing_a_to_p/M.mat::w0009,target,data/raw/target_domain/train_bearing_a_to_p/M.mat,data/raw/target_domain/train_bearing_a_to_p/M.mat,data/raw/target_domain/train_bearing_a_to_p/M.mat,9,144000,176000,4.5,5.5,1.0,0.5,0.5,32000,M,anonymous_single_channel,unknown,unknown,UNKNOWN,unknown,,600.0,problem_approximate_not_used_for_mechanism_features,,,256000
target::data/raw/target_domain/train_bearing_a_to_p/M.mat::w0010,target,data/raw/target_domain/train_bearing_a_to_p/M.mat,data/raw/target_domain/train_bearing_a_to_p/M.mat,data/raw/target_domain/train_bearing_a_to_p/M.mat,10,160000,192000,5.0,6.0,1.0,0.5,0.5,32000,M,anonymous_single_channel,unknown,unknown,UNKNOWN,unknown,,600.0,problem_approximate_not_used_for_mechanism_features,,,256000
target::data/raw/target_domain/train_bearing_a_to_p/M.mat::w0011,target,data/raw/target_domain/train_bearing_a_to_p/M.mat,data/raw/target_domain/train_bearing_a_to_p/M.mat,data/raw/target_domain/train_bearing_a_to_p/M.mat,11,176000,208000,5.5,6.5,1.0,0.5,0.5,32000,M,anonymous_single_channel,unknown,unknown,UNKNOWN,unknown,,600.0,problem_approximate_not_used_for_mechanism_features,,,256000
target::data/raw/target_domain/train_bearing_a_to_p/M.mat::w0012,target,data/raw/target_domain/train_bearing_a_to_p/M.mat,data/raw/target_domain/train_bearing_a_to_p/M.mat,data/raw/target_domain/train_bearing_a_to_p/M.mat,12,192000,224000,6.0,7.0,1.0,0.5,0.5,32000,M,anonymous_single_channel,unknown,unknown,UNKNOWN,unknown,,600.0,problem_approximate_not_used_for_mechanism_features,,,256000
target::data/raw/target_domain/train_bearing_a_to_p/M.mat::w0013,target,data/raw/target_domain/train_bearing_a_to_p/M.mat,data/raw/target_domain/train_bearing_a_to_p/M.mat,data/raw/target_domain/train_bearing_a_to_p/M.mat,13,208000,240000,6.5,7.5,1.0,0.5,0.5,32000,M,anonymous_single_channel,unknown,unknown,UNKNOWN,unknown,,600.0,problem_approximate_not_used_for_mechanism_features,,,256000
target::data/raw/target_domain/train_bearing_a_to_p/M.mat::w0014,target,data/raw/target_domain/train_bearing_a_to_p/M.mat,data/raw/target_domain/train_bearing_a_to_p/M.mat,data/raw/target_domain/train_bearing_a_to_p/M.mat,14,224000,256000,7.0,8.0,1.0,0.5,0.5,32000,M,anonymous_single_channel,unknown,unknown,UNKNOWN,unknown,,600.0,problem_approximate_not_used_for_mechanism_features,,,256000
target::data/raw/target_domain/train_bearing_a_to_p/N.mat::w0000,target,data/raw/target_domain/train_bearing_a_to_p/N.mat,data/raw/target_domain/train_bearing_a_to_p/N.mat,data/raw/target_domain/train_bearing_a_to_p/N.mat,0,0,32000,0.0,1.0,1.0,0.5,0.5,32000,N,anonymous_single_channel,unknown,unknown,UNKNOWN,unknown,,600.0,problem_approximate_not_used_for_mechanism_features,,,256000
target::data/raw/target_domain/train_bearing_a_to_p/N.mat::w0001,target,data/raw/target_domain/train_bearing_a_to_p/N.mat,data/raw/target_domain/train_bearing_a_to_p/N.mat,data/raw/target_domain/train_bearing_a_to_p/N.mat,1,16000,48000,0.5,1.5,1.0,0.5,0.5,32000,N,anonymous_single_channel,unknown,unknown,UNKNOWN,unknown,,600.0,problem_approximate_not_used_for_mechanism_features,,,256000
target::data/raw/target_domain/train_bearing_a_to_p/N.mat::w0002,target,data/raw/target_domain/train_bearing_a_to_p/N.mat,data/raw/target_domain/train_bearing_a_to_p/N.mat,data/raw/target_domain/train_bearing_a_to_p/N.mat,2,32000,64000,1.0,2.0,1.0,0.5,0.5,32000,N,anonymous_single_channel,unknown,unknown,UNKNOWN,unknown,,600.0,problem_approximate_not_used_for_mechanism_features,,,256000
target::data/raw/target_domain/train_bearing_a_to_p/N.mat::w0003,target,data/raw/target_domain/train_bearing_a_to_p/N.mat,data/raw/target_domain/train_bearing_a_to_p/N.mat,data/raw/target_domain/train_bearing_a_to_p/N.mat,3,48000,80000,1.5,2.5,1.0,0.5,0.5,32000,N,anonymous_single_channel,unknown,unknown,UNKNOWN,unknown,,600.0,problem_approximate_not_used_for_mechanism_features,,,256000
target::data/raw/target_domain/train_bearing_a_to_p/N.mat::w0004,target,data/raw/target_domain/train_bearing_a_to_p/N.mat,data/raw/target_domain/train_bearing_a_to_p/N.mat,data/raw/target_domain/train_bearing_a_to_p/N.mat,4,64000,96000,2.0,3.0,1.0,0.5,0.5,32000,N,anonymous_single_channel,unknown,unknown,UNKNOWN,unknown,,600.0,problem_approximate_not_used_for_mechanism_features,,,256000
target::data/raw/target_domain/train_bearing_a_to_p/N.mat::w0005,target,data/raw/target_domain/train_bearing_a_to_p/N.mat,data/raw/target_domain/train_bearing_a_to_p/N.mat,data/raw/target_domain/train_bearing_a_to_p/N.mat,5,80000,112000,2.5,3.5,1.0,0.5,0.5,32000,N,anonymous_single_channel,unknown,unknown,UNKNOWN,unknown,,600.0,problem_approximate_not_used_for_mechanism_features,,,256000
target::data/raw/target_domain/train_bearing_a_to_p/N.mat::w0006,target,data/raw/target_domain/train_bearing_a_to_p/N.mat,data/raw/target_domain/train_bearing_a_to_p/N.mat,data/raw/target_domain/train_bearing_a_to_p/N.mat,6,96000,128000,3.0,4.0,1.0,0.5,0.5,32000,N,anonymous_single_channel,unknown,unknown,UNKNOWN,unknown,,600.0,problem_approximate_not_used_for_mechanism_features,,,256000
target::data/raw/target_domain/train_bearing_a_to_p/N.mat::w0007,target,data/raw/target_domain/train_bearing_a_to_p/N.mat,data/raw/target_domain/train_bearing_a_to_p/N.mat,data/raw/target_domain/train_bearing_a_to_p/N.mat,7,112000,144000,3.5,4.5,1.0,0.5,0.5,32000,N,anonymous_single_channel,unknown,unknown,UNKNOWN,unknown,,600.0,problem_approximate_not_used_for_mechanism_features,,,256000
target::data/raw/target_domain/train_bearing_a_to_p/N.mat::w0008,target,data/raw/target_domain/train_bearing_a_to_p/N.mat,data/raw/target_domain/train_bearing_a_to_p/N.mat,data/raw/target_domain/train_bearing_a_to_p/N.mat,8,128000,160000,4.0,5.0,1.0,0.5,0.5,32000,N,anonymous_single_channel,unknown,unknown,UNKNOWN,unknown,,600.0,problem_approximate_not_used_for_mechanism_features,,,256000
target::data/raw/target_domain/train_bearing_a_to_p/N.mat::w0009,target,data/raw/target_domain/train_bearing_a_to_p/N.mat,data/raw/target_domain/train_bearing_a_to_p/N.mat,data/raw/target_domain/train_bearing_a_to_p/N.mat,9,144000,176000,4.5,5.5,1.0,0.5,0.5,32000,N,anonymous_single_channel,unknown,unknown,UNKNOWN,unknown,,600.0,problem_approximate_not_used_for_mechanism_features,,,256000
target::data/raw/target_domain/train_bearing_a_to_p/N.mat::w0010,target,data/raw/target_domain/train_bearing_a_to_p/N.mat,data/raw/target_domain/train_bearing_a_to_p/N.mat,data/raw/target_domain/train_bearing_a_to_p/N.mat,10,160000,192000,5.0,6.0,1.0,0.5,0.5,32000,N,anonymous_single_channel,unknown,unknown,UNKNOWN,unknown,,600.0,problem_approximate_not_used_for_mechanism_features,,,256000
target::data/raw/target_domain/train_bearing_a_to_p/N.mat::w0011,target,data/raw/target_domain/train_bearing_a_to_p/N.mat,data/raw/target_domain/train_bearing_a_to_p/N.mat,data/raw/target_domain/train_bearing_a_to_p/N.mat,11,176000,208000,5.5,6.5,1.0,0.5,0.5,32000,N,anonymous_single_channel,unknown,unknown,UNKNOWN,unknown,,600.0,problem_approximate_not_used_for_mechanism_features,,,256000
target::data/raw/target_domain/train_bearing_a_to_p/N.mat::w0012,target,data/raw/target_domain/train_bearing_a_to_p/N.mat,data/raw/target_domain/train_bearing_a_to_p/N.mat,data/raw/target_domain/train_bearing_a_to_p/N.mat,12,192000,224000,6.0,7.0,1.0,0.5,0.5,32000,N,anonymous_single_channel,unknown,unknown,UNKNOWN,unknown,,600.0,problem_approximate_not_used_for_mechanism_features,,,256000
target::data/raw/target_domain/train_bearing_a_to_p/N.mat::w0013,target,data/raw/target_domain/train_bearing_a_to_p/N.mat,data/raw/target_domain/train_bearing_a_to_p/N.mat,data/raw/target_domain/train_bearing_a_to_p/N.mat,13,208000,240000,6.5,7.5,1.0,0.5,0.5,32000,N,anonymous_single_channel,unknown,unknown,UNKNOWN,unknown,,600.0,problem_approximate_not_used_for_mechanism_features,,,256000
target::data/raw/target_domain/train_bearing_a_to_p/N.mat::w0014,target,data/raw/target_domain/train_bearing_a_to_p/N.mat,data/raw/target_domain/train_bearing_a_to_p/N.mat,data/raw/target_domain/train_bearing_a_to_p/N.mat,14,224000,256000,7.0,8.0,1.0,0.5,0.5,32000,N,anonymous_single_channel,unknown,unknown,UNKNOWN,unknown,,600.0,problem_approximate_not_used_for_mechanism_features,,,256000
target::data/raw/target_domain/train_bearing_a_to_p/O.mat::w0000,target,data/raw/target_domain/train_bearing_a_to_p/O.mat,data/raw/target_domain/train_bearing_a_to_p/O.mat,data/raw/target_domain/train_bearing_a_to_p/O.mat,0,0,32000,0.0,1.0,1.0,0.5,0.5,32000,O,anonymous_single_channel,unknown,unknown,UNKNOWN,unknown,,600.0,problem_approximate_not_used_for_mechanism_features,,,256000
target::data/raw/target_domain/train_bearing_a_to_p/O.mat::w0001,target,data/raw/target_domain/train_bearing_a_to_p/O.mat,data/raw/target_domain/train_bearing_a_to_p/O.mat,data/raw/target_domain/train_bearing_a_to_p/O.mat,1,16000,48000,0.5,1.5,1.0,0.5,0.5,32000,O,anonymous_single_channel,unknown,unknown,UNKNOWN,unknown,,600.0,problem_approximate_not_used_for_mechanism_features,,,256000
target::data/raw/target_domain/train_bearing_a_to_p/O.mat::w0002,target,data/raw/target_domain/train_bearing_a_to_p/O.mat,data/raw/target_domain/train_bearing_a_to_p/O.mat,data/raw/target_domain/train_bearing_a_to_p/O.mat,2,32000,64000,1.0,2.0,1.0,0.5,0.5,32000,O,anonymous_single_channel,unknown,unknown,UNKNOWN,unknown,,600.0,problem_approximate_not_used_for_mechanism_features,,,256000
target::data/raw/target_domain/train_bearing_a_to_p/O.mat::w0003,target,data/raw/target_domain/train_bearing_a_to_p/O.mat,data/raw/target_domain/train_bearing_a_to_p/O.mat,data/raw/target_domain/train_bearing_a_to_p/O.mat,3,48000,80000,1.5,2.5,1.0,0.5,0.5,32000,O,anonymous_single_channel,unknown,unknown,UNKNOWN,unknown,,600.0,problem_approximate_not_used_for_mechanism_features,,,256000
target::data/raw/target_domain/train_bearing_a_to_p/O.mat::w0004,target,data/raw/target_domain/train_bearing_a_to_p/O.mat,data/raw/target_domain/train_bearing_a_to_p/O.mat,data/raw/target_domain/train_bearing_a_to_p/O.mat,4,64000,96000,2.0,3.0,1.0,0.5,0.5,32000,O,anonymous_single_channel,unknown,unknown,UNKNOWN,unknown,,600.0,problem_approximate_not_used_for_mechanism_features,,,256000
target::data/raw/target_domain/train_bearing_a_to_p/O.mat::w0005,target,data/raw/target_domain/train_bearing_a_to_p/O.mat,data/raw/target_domain/train_bearing_a_to_p/O.mat,data/raw/target_domain/train_bearing_a_to_p/O.mat,5,80000,112000,2.5,3.5,1.0,0.5,0.5,32000,O,anonymous_single_channel,unknown,unknown,UNKNOWN,unknown,,600.0,problem_approximate_not_used_for_mechanism_features,,,256000
target::data/raw/target_domain/train_bearing_a_to_p/O.mat::w0006,target,data/raw/target_domain/train_bearing_a_to_p/O.mat,data/raw/target_domain/train_bearing_a_to_p/O.mat,data/raw/target_domain/train_bearing_a_to_p/O.mat,6,96000,128000,3.0,4.0,1.0,0.5,0.5,32000,O,anonymous_single_channel,unknown,unknown,UNKNOWN,unknown,,600.0,problem_approximate_not_used_for_mechanism_features,,,256000
target::data/raw/target_domain/train_bearing_a_to_p/O.mat::w0007,target,data/raw/target_domain/train_bearing_a_to_p/O.mat,data/raw/target_domain/train_bearing_a_to_p/O.mat,data/raw/target_domain/train_bearing_a_to_p/O.mat,7,112000,144000,3.5,4.5,1.0,0.5,0.5,32000,O,anonymous_single_channel,unknown,unknown,UNKNOWN,unknown,,600.0,problem_approximate_not_used_for_mechanism_features,,,256000
target::data/raw/target_domain/train_bearing_a_to_p/O.mat::w0008,target,data/raw/target_domain/train_bearing_a_to_p/O.mat,data/raw/target_domain/train_bearing_a_to_p/O.mat,data/raw/target_domain/train_bearing_a_to_p/O.mat,8,128000,160000,4.0,5.0,1.0,0.5,0.5,32000,O,anonymous_single_channel,unknown,unknown,UNKNOWN,unknown,,600.0,problem_approximate_not_used_for_mechanism_features,,,256000
target::data/raw/target_domain/train_bearing_a_to_p/O.mat::w0009,target,data/raw/target_domain/train_bearing_a_to_p/O.mat,data/raw/target_domain/train_bearing_a_to_p/O.mat,data/raw/target_domain/train_bearing_a_to_p/O.mat,9,144000,176000,4.5,5.5,1.0,0.5,0.5,32000,O,anonymous_single_channel,unknown,unknown,UNKNOWN,unknown,,600.0,problem_approximate_not_used_for_mechanism_features,,,256000
target::data/raw/target_domain/train_bearing_a_to_p/O.mat::w0010,target,data/raw/target_domain/train_bearing_a_to_p/O.mat,data/raw/target_domain/train_bearing_a_to_p/O.mat,data/raw/target_domain/train_bearing_a_to_p/O.mat,10,160000,192000,5.0,6.0,1.0,0.5,0.5,32000,O,anonymous_single_channel,unknown,unknown,UNKNOWN,unknown,,600.0,problem_approximate_not_used_for_mechanism_features,,,256000
target::data/raw/target_domain/train_bearing_a_to_p/O.mat::w0011,target,data/raw/target_domain/train_bearing_a_to_p/O.mat,data/raw/target_domain/train_bearing_a_to_p/O.mat,data/raw/target_domain/train_bearing_a_to_p/O.mat,11,176000,208000,5.5,6.5,1.0,0.5,0.5,32000,O,anonymous_single_channel,unknown,unknown,UNKNOWN,unknown,,600.0,problem_approximate_not_used_for_mechanism_features,,,256000
target::data/raw/target_domain/train_bearing_a_to_p/O.mat::w0012,target,data/raw/target_domain/train_bearing_a_to_p/O.mat,data/raw/target_domain/train_bearing_a_to_p/O.mat,data/raw/target_domain/train_bearing_a_to_p/O.mat,12,192000,224000,6.0,7.0,1.0,0.5,0.5,32000,O,anonymous_single_channel,unknown,unknown,UNKNOWN,unknown,,600.0,problem_approximate_not_used_for_mechanism_features,,,256000
target::data/raw/target_domain/train_bearing_a_to_p/O.mat::w0013,target,data/raw/target_domain/train_bearing_a_to_p/O.mat,data/raw/target_domain/train_bearing_a_to_p/O.mat,data/raw/target_domain/train_bearing_a_to_p/O.mat,13,208000,240000,6.5,7.5,1.0,0.5,0.5,32000,O,anonymous_single_channel,unknown,unknown,UNKNOWN,unknown,,600.0,problem_approximate_not_used_for_mechanism_features,,,256000
target::data/raw/target_domain/train_bearing_a_to_p/O.mat::w0014,target,data/raw/target_domain/train_bearing_a_to_p/O.mat,data/raw/target_domain/train_bearing_a_to_p/O.mat,data/raw/target_domain/train_bearing_a_to_p/O.mat,14,224000,256000,7.0,8.0,1.0,0.5,0.5,32000,O,anonymous_single_channel,unknown,unknown,UNKNOWN,unknown,,600.0,problem_approximate_not_used_for_mechanism_features,,,256000
target::data/raw/target_domain/train_bearing_a_to_p/P.mat::w0000,target,data/raw/target_domain/train_bearing_a_to_p/P.mat,data/raw/target_domain/train_bearing_a_to_p/P.mat,data/raw/target_domain/train_bearing_a_to_p/P.mat,0,0,32000,0.0,1.0,1.0,0.5,0.5,32000,P,anonymous_single_channel,unknown,unknown,UNKNOWN,unknown,,600.0,problem_approximate_not_used_for_mechanism_features,,,256000
target::data/raw/target_domain/train_bearing_a_to_p/P.mat::w0001,target,data/raw/target_domain/train_bearing_a_to_p/P.mat,data/raw/target_domain/train_bearing_a_to_p/P.mat,data/raw/target_domain/train_bearing_a_to_p/P.mat,1,16000,48000,0.5,1.5,1.0,0.5,0.5,32000,P,anonymous_single_channel,unknown,unknown,UNKNOWN,unknown,,600.0,problem_approximate_not_used_for_mechanism_features,,,256000
target::data/raw/target_domain/train_bearing_a_to_p/P.mat::w0002,target,data/raw/target_domain/train_bearing_a_to_p/P.mat,data/raw/target_domain/train_bearing_a_to_p/P.mat,data/raw/target_domain/train_bearing_a_to_p/P.mat,2,32000,64000,1.0,2.0,1.0,0.5,0.5,32000,P,anonymous_single_channel,unknown,unknown,UNKNOWN,unknown,,600.0,problem_approximate_not_used_for_mechanism_features,,,256000
target::data/raw/target_domain/train_bearing_a_to_p/P.mat::w0003,target,data/raw/target_domain/train_bearing_a_to_p/P.mat,data/raw/target_domain/train_bearing_a_to_p/P.mat,data/raw/target_domain/train_bearing_a_to_p/P.mat,3,48000,80000,1.5,2.5,1.0,0.5,0.5,32000,P,anonymous_single_channel,unknown,unknown,UNKNOWN,unknown,,600.0,problem_approximate_not_used_for_mechanism_features,,,256000
target::data/raw/target_domain/train_bearing_a_to_p/P.mat::w0004,target,data/raw/target_domain/train_bearing_a_to_p/P.mat,data/raw/target_domain/train_bearing_a_to_p/P.mat,data/raw/target_domain/train_bearing_a_to_p/P.mat,4,64000,96000,2.0,3.0,1.0,0.5,0.5,32000,P,anonymous_single_channel,unknown,unknown,UNKNOWN,unknown,,600.0,problem_approximate_not_used_for_mechanism_features,,,256000
target::data/raw/target_domain/train_bearing_a_to_p/P.mat::w0005,target,data/raw/target_domain/train_bearing_a_to_p/P.mat,data/raw/target_domain/train_bearing_a_to_p/P.mat,data/raw/target_domain/train_bearing_a_to_p/P.mat,5,80000,112000,2.5,3.5,1.0,0.5,0.5,32000,P,anonymous_single_channel,unknown,unknown,UNKNOWN,unknown,,600.0,problem_approximate_not_used_for_mechanism_features,,,256000
target::data/raw/target_domain/train_bearing_a_to_p/P.mat::w0006,target,data/raw/target_domain/train_bearing_a_to_p/P.mat,data/raw/target_domain/train_bearing_a_to_p/P.mat,data/raw/target_domain/train_bearing_a_to_p/P.mat,6,96000,128000,3.0,4.0,1.0,0.5,0.5,32000,P,anonymous_single_channel,unknown,unknown,UNKNOWN,unknown,,600.0,problem_approximate_not_used_for_mechanism_features,,,256000
target::data/raw/target_domain/train_bearing_a_to_p/P.mat::w0007,target,data/raw/target_domain/train_bearing_a_to_p/P.mat,data/raw/target_domain/train_bearing_a_to_p/P.mat,data/raw/target_domain/train_bearing_a_to_p/P.mat,7,112000,144000,3.5,4.5,1.0,0.5,0.5,32000,P,anonymous_single_channel,unknown,unknown,UNKNOWN,unknown,,600.0,problem_approximate_not_used_for_mechanism_features,,,256000
target::data/raw/target_domain/train_bearing_a_to_p/P.mat::w0008,target,data/raw/target_domain/train_bearing_a_to_p/P.mat,data/raw/target_domain/train_bearing_a_to_p/P.mat,data/raw/target_domain/train_bearing_a_to_p/P.mat,8,128000,160000,4.0,5.0,1.0,0.5,0.5,32000,P,anonymous_single_channel,unknown,unknown,UNKNOWN,unknown,,600.0,problem_approximate_not_used_for_mechanism_features,,,256000
target::data/raw/target_domain/train_bearing_a_to_p/P.mat::w0009,target,data/raw/target_domain/train_bearing_a_to_p/P.mat,data/raw/target_domain/train_bearing_a_to_p/P.mat,data/raw/target_domain/train_bearing_a_to_p/P.mat,9,144000,176000,4.5,5.5,1.0,0.5,0.5,32000,P,anonymous_single_channel,unknown,unknown,UNKNOWN,unknown,,600.0,problem_approximate_not_used_for_mechanism_features,,,256000
target::data/raw/target_domain/train_bearing_a_to_p/P.mat::w0010,target,data/raw/target_domain/train_bearing_a_to_p/P.mat,data/raw/target_domain/train_bearing_a_to_p/P.mat,data/raw/target_domain/train_bearing_a_to_p/P.mat,10,160000,192000,5.0,6.0,1.0,0.5,0.5,32000,P,anonymous_single_channel,unknown,unknown,UNKNOWN,unknown,,600.0,problem_approximate_not_used_for_mechanism_features,,,256000
target::data/raw/target_domain/train_bearing_a_to_p/P.mat::w0011,target,data/raw/target_domain/train_bearing_a_to_p/P.mat,data/raw/target_domain/train_bearing_a_to_p/P.mat,data/raw/target_domain/train_bearing_a_to_p/P.mat,11,176000,208000,5.5,6.5,1.0,0.5,0.5,32000,P,anonymous_single_channel,unknown,unknown,UNKNOWN,unknown,,600.0,problem_approximate_not_used_for_mechanism_features,,,256000
target::data/raw/target_domain/train_bearing_a_to_p/P.mat::w0012,target,data/raw/target_domain/train_bearing_a_to_p/P.mat,data/raw/target_domain/train_bearing_a_to_p/P.mat,data/raw/target_domain/train_bearing_a_to_p/P.mat,12,192000,224000,6.0,7.0,1.0,0.5,0.5,32000,P,anonymous_single_channel,unknown,unknown,UNKNOWN,unknown,,600.0,problem_approximate_not_used_for_mechanism_features,,,256000
target::data/raw/target_domain/train_bearing_a_to_p/P.mat::w0013,target,data/raw/target_domain/train_bearing_a_to_p/P.mat,data/raw/target_domain/train_bearing_a_to_p/P.mat,data/raw/target_domain/train_bearing_a_to_p/P.mat,13,208000,240000,6.5,7.5,1.0,0.5,0.5,32000,P,anonymous_single_channel,unknown,unknown,UNKNOWN,unknown,,600.0,problem_approximate_not_used_for_mechanism_features,,,256000
target::data/raw/target_domain/train_bearing_a_to_p/P.mat::w0014,target,data/raw/target_domain/train_bearing_a_to_p/P.mat,data/raw/target_domain/train_bearing_a_to_p/P.mat,data/raw/target_domain/train_bearing_a_to_p/P.mat,14,224000,256000,7.0,8.0,1.0,0.5,0.5,32000,P,anonymous_single_channel,unknown,unknown,UNKNOWN,unknown,,600.0,problem_approximate_not_used_for_mechanism_features,,,256000
