window_id,domain,file_id,independent_object_id,group_id,relative_path,subgroup,signal_var,common_fs_hz,window_start_common_idx,window_end_common_idx_exclusive,window_start_s,window_end_s,native_fs_hz,native_start_idx,native_end_idx_exclusive,class_label,label_status,load_hp,fault_size_in,outer_race_position_clock,fault_bearing_location,analysis_channel,rpm,bearing_model_for_mechanism
WIN-7903ddfdfcd489ea8e7f,source,RAWFILE-061,source_domain/cwru_12khz_fe/B007_0.mat,source_domain/cwru_12khz_fe/B007_0.mat,source_domain/cwru_12khz_fe/B007_0.mat,source_12khz_fe,X282_FE_time,12000,0,12000,0.0,1.0,12000,0,12000,B,known_source,0.0,0.007,,FE,FE,1798.0,SKF6203_FE
WIN-891173c04174ac17a6fb,source,RAWFILE-061,source_domain/cwru_12khz_fe/B007_0.mat,source_domain/cwru_12khz_fe/B007_0.mat,source_domain/cwru_12khz_fe/B007_0.mat,source_12khz_fe,X282_FE_time,12000,6000,18000,0.5,1.5,12000,6000,18000,B,known_source,0.0,0.007,,FE,FE,1798.0,SKF6203_FE
WIN-ab17f14a1876d835f17f,source,RAWFILE-061,source_domain/cwru_12khz_fe/B007_0.mat,source_domain/cwru_12khz_fe/B007_0.mat,source_domain/cwru_12khz_fe/B007_0.mat,source_12khz_fe,X282_FE_time,12000,12000,24000,1.0,2.0,12000,12000,24000,B,known_source,0.0,0.007,,FE,FE,1798.0,SKF6203_FE
WIN-eca284a71e0c1ac11041,source,RAWFILE-061,source_domain/cwru_12khz_fe/B007_0.mat,source_domain/cwru_12khz_fe/B007_0.mat,source_domain/cwru_12khz_fe/B007_0.mat,source_12khz_fe,X282_FE_time,12000,18000,30000,1.5,2.5,12000,18000,30000,B,known_source,0.0,0.007,,FE,FE,1798.0,SKF6203_FE
WIN-2716e506699e08232ff4,source,RAWFILE-061,source_domain/cwru_12khz_fe/B007_0.mat,source_domain/cwru_12khz_fe/B007_0.mat,source_domain/cwru_12khz_fe/B007_0.mat,source_12khz_fe,X282_FE_time,12000,24000,36000,2.0,3.0,12000,24000,36000,B,known_source,0.0,0.007,,FE,FE,1798.0,SKF6203_FE
WIN-7f96935775ac95b47312,source,RAWFILE-061,source_domain/cwru_12khz_fe/B007_0.mat,source_domain/cwru_12khz_fe/B007_0.mat,source_domain/cwru_12khz_fe/B007_0.mat,source_12khz_fe,X282_FE_time,12000,30000,42000,2.5,3.5,12000,30000,42000,B,known_source,0.0,0.007,,FE,FE,1798.0,SKF6203_FE
WIN-504f12d19ee97d5f4b97,source,RAWFILE-061,source_domain/cwru_12khz_fe/B007_0.mat,source_domain/cwru_12khz_fe/B007_0.mat,source_domain/cwru_12khz_fe/B007_0.mat,source_12khz_fe,X282_FE_time,12000,36000,48000,3.0,4.0,12000,36000,48000,B,known_source,0.0,0.007,,FE,FE,1798.0,SKF6203_FE
WIN-ddf026a9aa9e93933961,source,RAWFILE-061,source_domain/cwru_12khz_fe/B007_0.mat,source_domain/cwru_12khz_fe/B007_0.mat,source_domain/cwru_12khz_fe/B007_0.mat,source_12khz_fe,X282_FE_time,12000,42000,54000,3.5,4.5,12000,42000,54000,B,known_source,0.0,0.007,,FE,FE,1798.0,SKF6203_FE
WIN-7d37f2d28f462c58c7ea,source,RAWFILE-061,source_domain/cwru_12khz_fe/B007_0.mat,source_domain/cwru_12khz_fe/B007_0.mat,source_domain/cwru_12khz_fe/B007_0.mat,source_12khz_fe,X282_FE_time,12000,48000,60000,4.0,5.0,12000,48000,60000,B,known_source,0.0,0.007,,FE,FE,1798.0,SKF6203_FE
WIN-9635e7302773fb6d7204,source,RAWFILE-061,source_domain/cwru_12khz_fe/B007_0.mat,source_domain/cwru_12khz_fe/B007_0.mat,source_domain/cwru_12khz_fe/B007_0.mat,source_12khz_fe,X282_FE_time,12000,54000,66000,4.5,5.5,12000,54000,66000,B,known_source,0.0,0.007,,FE,FE,1798.0,SKF6203_FE
WIN-80cf8cdf1be7194dc98f,source,RAWFILE-061,source_domain/cwru_12khz_fe/B007_0.mat,source_domain/cwru_12khz_fe/B007_0.mat,source_domain/cwru_12khz_fe/B007_0.mat,source_12khz_fe,X282_FE_time,12000,60000,72000,5.0,6.0,12000,60000,72000,B,known_source,0.0,0.007,,FE,FE,1798.0,SKF6203_FE
WIN-f5636ea33223eed9d925,source,RAWFILE-061,source_domain/cwru_12khz_fe/B007_0.mat,source_domain/cwru_12khz_fe/B007_0.mat,source_domain/cwru_12khz_fe/B007_0.mat,source_12khz_fe,X282_FE_time,12000,66000,78000,5.5,6.5,12000,66000,78000,B,known_source,0.0,0.007,,FE,FE,1798.0,SKF6203_FE
WIN-b8f7e3b7bbb386cf66e0,source,RAWFILE-061,source_domain/cwru_12khz_fe/B007_0.mat,source_domain/cwru_12khz_fe/B007_0.mat,source_domain/cwru_12khz_fe/B007_0.mat,source_12khz_fe,X282_FE_time,12000,72000,84000,6.0,7.0,12000,72000,84000,B,known_source,0.0,0.007,,FE,FE,1798.0,SKF6203_FE
WIN-e69b8a5f43efd3e341c0,source,RAWFILE-061,source_domain/cwru_12khz_fe/B007_0.mat,source_domain/cwru_12khz_fe/B007_0.mat,source_domain/cwru_12khz_fe/B007_0.mat,source_12khz_fe,X282_FE_time,12000,78000,90000,6.5,7.5,12000,78000,90000,B,known_source,0.0,0.007,,FE,FE,1798.0,SKF6203_FE
WIN-8fddd937f14d9d075c10,source,RAWFILE-061,source_domain/cwru_12khz_fe/B007_0.mat,source_domain/cwru_12khz_fe/B007_0.mat,source_domain/cwru_12khz_fe/B007_0.mat,source_12khz_fe,X282_FE_time,12000,84000,96000,7.0,8.0,12000,84000,96000,B,known_source,0.0,0.007,,FE,FE,1798.0,SKF6203_FE
WIN-d473bf538145c5cb6764,source,RAWFILE-062,source_domain/cwru_12khz_fe/B007_1.mat,source_domain/cwru_12khz_fe/B007_1.mat,source_domain/cwru_12khz_fe/B007_1.mat,source_12khz_fe,X283_FE_time,12000,0,12000,0.0,1.0,12000,0,12000,B,known_source,1.0,0.007,,FE,FE,1777.0,SKF6203_FE
WIN-645927b5904522565940,source,RAWFILE-062,source_domain/cwru_12khz_fe/B007_1.mat,source_domain/cwru_12khz_fe/B007_1.mat,source_domain/cwru_12khz_fe/B007_1.mat,source_12khz_fe,X283_FE_time,12000,6000,18000,0.5,1.5,12000,6000,18000,B,known_source,1.0,0.007,,FE,FE,1777.0,SKF6203_FE
WIN-d542115139eb558ed2f3,source,RAWFILE-062,source_domain/cwru_12khz_fe/B007_1.mat,source_domain/cwru_12khz_fe/B007_1.mat,source_domain/cwru_12khz_fe/B007_1.mat,source_12khz_fe,X283_FE_time,12000,12000,24000,1.0,2.0,12000,12000,24000,B,known_source,1.0,0.007,,FE,FE,1777.0,SKF6203_FE
WIN-278af3809b54154a0f5e,source,RAWFILE-062,source_domain/cwru_12khz_fe/B007_1.mat,source_domain/cwru_12khz_fe/B007_1.mat,source_domain/cwru_12khz_fe/B007_1.mat,source_12khz_fe,X283_FE_time,12000,18000,30000,1.5,2.5,12000,18000,30000,B,known_source,1.0,0.007,,FE,FE,1777.0,SKF6203_FE
WIN-e92d52863a4e0f15de93,source,RAWFILE-062,source_domain/cwru_12khz_fe/B007_1.mat,source_domain/cwru_12khz_fe/B007_1.mat,source_domain/cwru_12khz_fe/B007_1.mat,source_12khz_fe,X283_FE_time,12000,24000,36000,2.0,3.0,12000,24000,36000,B,known_source,1.0,0.007,,FE,FE,1777.0,SKF6203_FE
WIN-e4e32ea1ca545610d69e,source,RAWFILE-062,source_domain/cwru_12khz_fe/B007_1.mat,source_domain/cwru_12khz_fe/B007_1.mat,source_domain/cwru_12khz_fe/B007_1.mat,source_12khz_fe,X283_FE_time,12000,30000,42000,2.5,3.5,12000,30000,42000,B,known_source,1.0,0.007,,FE,FE,1777.0,SKF6203_FE
WIN-f70b348fbf07a3e841c9,source,RAWFILE-062,source_domain/cwru_12khz_fe/B007_1.mat,source_domain/cwru_12khz_fe/B007_1.mat,source_domain/cwru_12khz_fe/B007_1.mat,source_12khz_fe,X283_FE_time,12000,36000,48000,3.0,4.0,12000,36000,48000,B,known_source,1.0,0.007,,FE,FE,1777.0,SKF6203_FE
WIN-2d6addfdc68ea4b01135,source,RAWFILE-062,source_domain/cwru_12khz_fe/B007_1.mat,source_domain/cwru_12khz_fe/B007_1.mat,source_domain/cwru_12khz_fe/B007_1.mat,source_12khz_fe,X283_FE_time,12000,42000,54000,3.5,4.5,12000,42000,54000,B,known_source,1.0,0.007,,FE,FE,1777.0,SKF6203_FE
WIN-cc2d1358a3ab2b7ee442,source,RAWFILE-062,source_domain/cwru_12khz_fe/B007_1.mat,source_domain/cwru_12khz_fe/B007_1.mat,source_domain/cwru_12khz_fe/B007_1.mat,source_12khz_fe,X283_FE_time,12000,48000,60000,4.0,5.0,12000,48000,60000,B,known_source,1.0,0.007,,FE,FE,1777.0,SKF6203_FE
WIN-8ce4a63029b888f10682,source,RAWFILE-062,source_domain/cwru_12khz_fe/B007_1.mat,source_domain/cwru_12khz_fe/B007_1.mat,source_domain/cwru_12khz_fe/B007_1.mat,source_12khz_fe,X283_FE_time,12000,54000,66000,4.5,5.5,12000,54000,66000,B,known_source,1.0,0.007,,FE,FE,1777.0,SKF6203_FE
WIN-e3f967093ebd831492ce,source,RAWFILE-062,source_domain/cwru_12khz_fe/B007_1.mat,source_domain/cwru_12khz_fe/B007_1.mat,source_domain/cwru_12khz_fe/B007_1.mat,source_12khz_fe,X283_FE_time,12000,60000,72000,5.0,6.0,12000,60000,72000,B,known_source,1.0,0.007,,FE,FE,1777.0,SKF6203_FE
WIN-c932afcccfe487deef11,source,RAWFILE-062,source_domain/cwru_12khz_fe/B007_1.mat,source_domain/cwru_12khz_fe/B007_1.mat,source_domain/cwru_12khz_fe/B007_1.mat,source_12khz_fe,X283_FE_time,12000,66000,78000,5.5,6.5,12000,66000,78000,B,known_source,1.0,0.007,,FE,FE,1777.0,SKF6203_FE
WIN-ca596ac1d7ec980606e5,source,RAWFILE-062,source_domain/cwru_12khz_fe/B007_1.mat,source_domain/cwru_12khz_fe/B007_1.mat,source_domain/cwru_12khz_fe/B007_1.mat,source_12khz_fe,X283_FE_time,12000,72000,84000,6.0,7.0,12000,72000,84000,B,known_source,1.0,0.007,,FE,FE,1777.0,SKF6203_FE
WIN-ee38cce142716519a1ef,source,RAWFILE-062,source_domain/cwru_12khz_fe/B007_1.mat,source_domain/cwru_12khz_fe/B007_1.mat,source_domain/cwru_12khz_fe/B007_1.mat,source_12khz_fe,X283_FE_time,12000,78000,90000,6.5,7.5,12000,78000,90000,B,known_source,1.0,0.007,,FE,FE,1777.0,SKF6203_FE
WIN-95891b5a79c5a82166e5,source,RAWFILE-062,source_domain/cwru_12khz_fe/B007_1.mat,source_domain/cwru_12khz_fe/B007_1.mat,source_domain/cwru_12khz_fe/B007_1.mat,source_12khz_fe,X283_FE_time,12000,84000,96000,7.0,8.0,12000,84000,96000,B,known_source,1.0,0.007,,FE,FE,1777.0,SKF6203_FE
WIN-bed73ae248b507641f53,source,RAWFILE-063,source_domain/cwru_12khz_fe/B007_2.mat,source_domain/cwru_12khz_fe/B007_2.mat,source_domain/cwru_12khz_fe/B007_2.mat,source_12khz_fe,X284_FE_time,12000,0,12000,0.0,1.0,12000,0,12000,B,known_source,2.0,0.007,,FE,FE,1755.0,SKF6203_FE
WIN-ca1b4f5413162000e2fb,source,RAWFILE-063,source_domain/cwru_12khz_fe/B007_2.mat,source_domain/cwru_12khz_fe/B007_2.mat,source_domain/cwru_12khz_fe/B007_2.mat,source_12khz_fe,X284_FE_time,12000,6000,18000,0.5,1.5,12000,6000,18000,B,known_source,2.0,0.007,,FE,FE,1755.0,SKF6203_FE
WIN-4efaf5f5787c4d068504,source,RAWFILE-063,source_domain/cwru_12khz_fe/B007_2.mat,source_domain/cwru_12khz_fe/B007_2.mat,source_domain/cwru_12khz_fe/B007_2.mat,source_12khz_fe,X284_FE_time,12000,12000,24000,1.0,2.0,12000,12000,24000,B,known_source,2.0,0.007,,FE,FE,1755.0,SKF6203_FE
WIN-2b5daa9a57e8986f6af4,source,RAWFILE-063,source_domain/cwru_12khz_fe/B007_2.mat,source_domain/cwru_12khz_fe/B007_2.mat,source_domain/cwru_12khz_fe/B007_2.mat,source_12khz_fe,X284_FE_time,12000,18000,30000,1.5,2.5,12000,18000,30000,B,known_source,2.0,0.007,,FE,FE,1755.0,SKF6203_FE
WIN-17ffaa42ab4e1a7a0bf2,source,RAWFILE-063,source_domain/cwru_12khz_fe/B007_2.mat,source_domain/cwru_12khz_fe/B007_2.mat,source_domain/cwru_12khz_fe/B007_2.mat,source_12khz_fe,X284_FE_time,12000,24000,36000,2.0,3.0,12000,24000,36000,B,known_source,2.0,0.007,,FE,FE,1755.0,SKF6203_FE
WIN-c8d2aba8f8ee0fe3a0ce,source,RAWFILE-063,source_domain/cwru_12khz_fe/B007_2.mat,source_domain/cwru_12khz_fe/B007_2.mat,source_domain/cwru_12khz_fe/B007_2.mat,source_12khz_fe,X284_FE_time,12000,30000,42000,2.5,3.5,12000,30000,42000,B,known_source,2.0,0.007,,FE,FE,1755.0,SKF6203_FE
WIN-a3baec2d813e5b5bf25b,source,RAWFILE-063,source_domain/cwru_12khz_fe/B007_2.mat,source_domain/cwru_12khz_fe/B007_2.mat,source_domain/cwru_12khz_fe/B007_2.mat,source_12khz_fe,X284_FE_time,12000,36000,48000,3.0,4.0,12000,36000,48000,B,known_source,2.0,0.007,,FE,FE,1755.0,SKF6203_FE
WIN-b2c0b1e6ee7c316790e6,source,RAWFILE-063,source_domain/cwru_12khz_fe/B007_2.mat,source_domain/cwru_12khz_fe/B007_2.mat,source_domain/cwru_12khz_fe/B007_2.mat,source_12khz_fe,X284_FE_time,12000,42000,54000,3.5,4.5,12000,42000,54000,B,known_source,2.0,0.007,,FE,FE,1755.0,SKF6203_FE
WIN-c2ffe1f0417325d8f0d4,source,RAWFILE-063,source_domain/cwru_12khz_fe/B007_2.mat,source_domain/cwru_12khz_fe/B007_2.mat,source_domain/cwru_12khz_fe/B007_2.mat,source_12khz_fe,X284_FE_time,12000,48000,60000,4.0,5.0,12000,48000,60000,B,known_source,2.0,0.007,,FE,FE,1755.0,SKF6203_FE
WIN-95387c7be4fc1e44a8da,source,RAWFILE-063,source_domain/cwru_12khz_fe/B007_2.mat,source_domain/cwru_12khz_fe/B007_2.mat,source_domain/cwru_12khz_fe/B007_2.mat,source_12khz_fe,X284_FE_time,12000,54000,66000,4.5,5.5,12000,54000,66000,B,known_source,2.0,0.007,,FE,FE,1755.0,SKF6203_FE
WIN-691dcda830149b752ed4,source,RAWFILE-063,source_domain/cwru_12khz_fe/B007_2.mat,source_domain/cwru_12khz_fe/B007_2.mat,source_domain/cwru_12khz_fe/B007_2.mat,source_12khz_fe,X284_FE_time,12000,60000,72000,5.0,6.0,12000,60000,72000,B,known_source,2.0,0.007,,FE,FE,1755.0,SKF6203_FE
WIN-17d94a9334029dfa613a,source,RAWFILE-063,source_domain/cwru_12khz_fe/B007_2.mat,source_domain/cwru_12khz_fe/B007_2.mat,source_domain/cwru_12khz_fe/B007_2.mat,source_12khz_fe,X284_FE_time,12000,66000,78000,5.5,6.5,12000,66000,78000,B,known_source,2.0,0.007,,FE,FE,1755.0,SKF6203_FE
WIN-ce1088821854c23b82d0,source,RAWFILE-063,source_domain/cwru_12khz_fe/B007_2.mat,source_domain/cwru_12khz_fe/B007_2.mat,source_domain/cwru_12khz_fe/B007_2.mat,source_12khz_fe,X284_FE_time,12000,72000,84000,6.0,7.0,12000,72000,84000,B,known_source,2.0,0.007,,FE,FE,1755.0,SKF6203_FE
WIN-493587db7c0f397b1294,source,RAWFILE-063,source_domain/cwru_12khz_fe/B007_2.mat,source_domain/cwru_12khz_fe/B007_2.mat,source_domain/cwru_12khz_fe/B007_2.mat,source_12khz_fe,X284_FE_time,12000,78000,90000,6.5,7.5,12000,78000,90000,B,known_source,2.0,0.007,,FE,FE,1755.0,SKF6203_FE
WIN-5759020dae18cf676691,source,RAWFILE-063,source_domain/cwru_12khz_fe/B007_2.mat,source_domain/cwru_12khz_fe/B007_2.mat,source_domain/cwru_12khz_fe/B007_2.mat,source_12khz_fe,X284_FE_time,12000,84000,96000,7.0,8.0,12000,84000,96000,B,known_source,2.0,0.007,,FE,FE,1755.0,SKF6203_FE
WIN-48bfb74691fab45b7368,source,RAWFILE-064,source_domain/cwru_12khz_fe/B007_3.mat,source_domain/cwru_12khz_fe/B007_3.mat,source_domain/cwru_12khz_fe/B007_3.mat,source_12khz_fe,X285_FE_time,12000,0,12000,0.0,1.0,12000,0,12000,B,known_source,3.0,0.007,,FE,FE,1732.0,SKF6203_FE
WIN-329a0ec73e2cb6f6befe,source,RAWFILE-064,source_domain/cwru_12khz_fe/B007_3.mat,source_domain/cwru_12khz_fe/B007_3.mat,source_domain/cwru_12khz_fe/B007_3.mat,source_12khz_fe,X285_FE_time,12000,6000,18000,0.5,1.5,12000,6000,18000,B,known_source,3.0,0.007,,FE,FE,1732.0,SKF6203_FE
WIN-b5f69035b70f0781318b,source,RAWFILE-064,source_domain/cwru_12khz_fe/B007_3.mat,source_domain/cwru_12khz_fe/B007_3.mat,source_domain/cwru_12khz_fe/B007_3.mat,source_12khz_fe,X285_FE_time,12000,12000,24000,1.0,2.0,12000,12000,24000,B,known_source,3.0,0.007,,FE,FE,1732.0,SKF6203_FE
WIN-1700c07dd64b07a5c56f,source,RAWFILE-064,source_domain/cwru_12khz_fe/B007_3.mat,source_domain/cwru_12khz_fe/B007_3.mat,source_domain/cwru_12khz_fe/B007_3.mat,source_12khz_fe,X285_FE_time,12000,18000,30000,1.5,2.5,12000,18000,30000,B,known_source,3.0,0.007,,FE,FE,1732.0,SKF6203_FE
WIN-c1455f1c48534c1d9942,source,RAWFILE-064,source_domain/cwru_12khz_fe/B007_3.mat,source_domain/cwru_12khz_fe/B007_3.mat,source_domain/cwru_12khz_fe/B007_3.mat,source_12khz_fe,X285_FE_time,12000,24000,36000,2.0,3.0,12000,24000,36000,B,known_source,3.0,0.007,,FE,FE,1732.0,SKF6203_FE
WIN-d590c1261a8f8a71666e,source,RAWFILE-064,source_domain/cwru_12khz_fe/B007_3.mat,source_domain/cwru_12khz_fe/B007_3.mat,source_domain/cwru_12khz_fe/B007_3.mat,source_12khz_fe,X285_FE_time,12000,30000,42000,2.5,3.5,12000,30000,42000,B,known_source,3.0,0.007,,FE,FE,1732.0,SKF6203_FE
WIN-cdd1f7ae6646012ac43b,source,RAWFILE-064,source_domain/cwru_12khz_fe/B007_3.mat,source_domain/cwru_12khz_fe/B007_3.mat,source_domain/cwru_12khz_fe/B007_3.mat,source_12khz_fe,X285_FE_time,12000,36000,48000,3.0,4.0,12000,36000,48000,B,known_source,3.0,0.007,,FE,FE,1732.0,SKF6203_FE
WIN-90a7529848129262ca12,source,RAWFILE-064,source_domain/cwru_12khz_fe/B007_3.mat,source_domain/cwru_12khz_fe/B007_3.mat,source_domain/cwru_12khz_fe/B007_3.mat,source_12khz_fe,X285_FE_time,12000,42000,54000,3.5,4.5,12000,42000,54000,B,known_source,3.0,0.007,,FE,FE,1732.0,SKF6203_FE
WIN-979526b8b548ff097201,source,RAWFILE-064,source_domain/cwru_12khz_fe/B007_3.mat,source_domain/cwru_12khz_fe/B007_3.mat,source_domain/cwru_12khz_fe/B007_3.mat,source_12khz_fe,X285_FE_time,12000,48000,60000,4.0,5.0,12000,48000,60000,B,known_source,3.0,0.007,,FE,FE,1732.0,SKF6203_FE
WIN-1e2484005ec9defcf7c5,source,RAWFILE-064,source_domain/cwru_12khz_fe/B007_3.mat,source_domain/cwru_12khz_fe/B007_3.mat,source_domain/cwru_12khz_fe/B007_3.mat,source_12khz_fe,X285_FE_time,12000,54000,66000,4.5,5.5,12000,54000,66000,B,known_source,3.0,0.007,,FE,FE,1732.0,SKF6203_FE
WIN-e4093a9c255c8e68bc2d,source,RAWFILE-064,source_domain/cwru_12khz_fe/B007_3.mat,source_domain/cwru_12khz_fe/B007_3.mat,source_domain/cwru_12khz_fe/B007_3.mat,source_12khz_fe,X285_FE_time,12000,60000,72000,5.0,6.0,12000,60000,72000,B,known_source,3.0,0.007,,FE,FE,1732.0,SKF6203_FE
WIN-2601959fec1ce9560ef0,source,RAWFILE-064,source_domain/cwru_12khz_fe/B007_3.mat,source_domain/cwru_12khz_fe/B007_3.mat,source_domain/cwru_12khz_fe/B007_3.mat,source_12khz_fe,X285_FE_time,12000,66000,78000,5.5,6.5,12000,66000,78000,B,known_source,3.0,0.007,,FE,FE,1732.0,SKF6203_FE
WIN-0320273825c2c88259a7,source,RAWFILE-064,source_domain/cwru_12khz_fe/B007_3.mat,source_domain/cwru_12khz_fe/B007_3.mat,source_domain/cwru_12khz_fe/B007_3.mat,source_12khz_fe,X285_FE_time,12000,72000,84000,6.0,7.0,12000,72000,84000,B,known_source,3.0,0.007,,FE,FE,1732.0,SKF6203_FE
WIN-3629de27ad58b37be352,source,RAWFILE-064,source_domain/cwru_12khz_fe/B007_3.mat,source_domain/cwru_12khz_fe/B007_3.mat,source_domain/cwru_12khz_fe/B007_3.mat,source_12khz_fe,X285_FE_time,12000,78000,90000,6.5,7.5,12000,78000,90000,B,known_source,3.0,0.007,,FE,FE,1732.0,SKF6203_FE
WIN-37b08499ea4aef44f627,source,RAWFILE-064,source_domain/cwru_12khz_fe/B007_3.mat,source_domain/cwru_12khz_fe/B007_3.mat,source_domain/cwru_12khz_fe/B007_3.mat,source_12khz_fe,X285_FE_time,12000,84000,96000,7.0,8.0,12000,84000,96000,B,known_source,3.0,0.007,,FE,FE,1732.0,SKF6203_FE
WIN-b31da23344e493409fb2,source,RAWFILE-065,source_domain/cwru_12khz_fe/B014_0.mat,source_domain/cwru_12khz_fe/B014_0.mat,source_domain/cwru_12khz_fe/B014_0.mat,source_12khz_fe,X286_FE_time,12000,0,12000,0.0,1.0,12000,0,12000,B,known_source,0.0,0.014,,FE,FE,1796.0,SKF6203_FE
WIN-75a3398578e2d3667396,source,RAWFILE-065,source_domain/cwru_12khz_fe/B014_0.mat,source_domain/cwru_12khz_fe/B014_0.mat,source_domain/cwru_12khz_fe/B014_0.mat,source_12khz_fe,X286_FE_time,12000,6000,18000,0.5,1.5,12000,6000,18000,B,known_source,0.0,0.014,,FE,FE,1796.0,SKF6203_FE
WIN-5b309f969dcbb80a6771,source,RAWFILE-065,source_domain/cwru_12khz_fe/B014_0.mat,source_domain/cwru_12khz_fe/B014_0.mat,source_domain/cwru_12khz_fe/B014_0.mat,source_12khz_fe,X286_FE_time,12000,12000,24000,1.0,2.0,12000,12000,24000,B,known_source,0.0,0.014,,FE,FE,1796.0,SKF6203_FE
WIN-f94500ae333b46c58a95,source,RAWFILE-065,source_domain/cwru_12khz_fe/B014_0.mat,source_domain/cwru_12khz_fe/B014_0.mat,source_domain/cwru_12khz_fe/B014_0.mat,source_12khz_fe,X286_FE_time,12000,18000,30000,1.5,2.5,12000,18000,30000,B,known_source,0.0,0.014,,FE,FE,1796.0,SKF6203_FE
WIN-8a2155a2928d0380478f,source,RAWFILE-065,source_domain/cwru_12khz_fe/B014_0.mat,source_domain/cwru_12khz_fe/B014_0.mat,source_domain/cwru_12khz_fe/B014_0.mat,source_12khz_fe,X286_FE_time,12000,24000,36000,2.0,3.0,12000,24000,36000,B,known_source,0.0,0.014,,FE,FE,1796.0,SKF6203_FE
WIN-12738a8ff1cde1df5252,source,RAWFILE-065,source_domain/cwru_12khz_fe/B014_0.mat,source_domain/cwru_12khz_fe/B014_0.mat,source_domain/cwru_12khz_fe/B014_0.mat,source_12khz_fe,X286_FE_time,12000,30000,42000,2.5,3.5,12000,30000,42000,B,known_source,0.0,0.014,,FE,FE,1796.0,SKF6203_FE
WIN-35f379154ce90da08c7a,source,RAWFILE-065,source_domain/cwru_12khz_fe/B014_0.mat,source_domain/cwru_12khz_fe/B014_0.mat,source_domain/cwru_12khz_fe/B014_0.mat,source_12khz_fe,X286_FE_time,12000,36000,48000,3.0,4.0,12000,36000,48000,B,known_source,0.0,0.014,,FE,FE,1796.0,SKF6203_FE
WIN-55f4ef1d25e27ac9d1f9,source,RAWFILE-065,source_domain/cwru_12khz_fe/B014_0.mat,source_domain/cwru_12khz_fe/B014_0.mat,source_domain/cwru_12khz_fe/B014_0.mat,source_12khz_fe,X286_FE_time,12000,42000,54000,3.5,4.5,12000,42000,54000,B,known_source,0.0,0.014,,FE,FE,1796.0,SKF6203_FE
WIN-8acd47c7423c50b9be33,source,RAWFILE-065,source_domain/cwru_12khz_fe/B014_0.mat,source_domain/cwru_12khz_fe/B014_0.mat,source_domain/cwru_12khz_fe/B014_0.mat,source_12khz_fe,X286_FE_time,12000,48000,60000,4.0,5.0,12000,48000,60000,B,known_source,0.0,0.014,,FE,FE,1796.0,SKF6203_FE
WIN-3427f9a7fd24dc310f77,source,RAWFILE-065,source_domain/cwru_12khz_fe/B014_0.mat,source_domain/cwru_12khz_fe/B014_0.mat,source_domain/cwru_12khz_fe/B014_0.mat,source_12khz_fe,X286_FE_time,12000,54000,66000,4.5,5.5,12000,54000,66000,B,known_source,0.0,0.014,,FE,FE,1796.0,SKF6203_FE
WIN-6e721131deeaa0326e30,source,RAWFILE-065,source_domain/cwru_12khz_fe/B014_0.mat,source_domain/cwru_12khz_fe/B014_0.mat,source_domain/cwru_12khz_fe/B014_0.mat,source_12khz_fe,X286_FE_time,12000,60000,72000,5.0,6.0,12000,60000,72000,B,known_source,0.0,0.014,,FE,FE,1796.0,SKF6203_FE
WIN-a86da486f40b03070c27,source,RAWFILE-065,source_domain/cwru_12khz_fe/B014_0.mat,source_domain/cwru_12khz_fe/B014_0.mat,source_domain/cwru_12khz_fe/B014_0.mat,source_12khz_fe,X286_FE_time,12000,66000,78000,5.5,6.5,12000,66000,78000,B,known_source,0.0,0.014,,FE,FE,1796.0,SKF6203_FE
WIN-2c5dd68d9a3c2a8bd332,source,RAWFILE-065,source_domain/cwru_12khz_fe/B014_0.mat,source_domain/cwru_12khz_fe/B014_0.mat,source_domain/cwru_12khz_fe/B014_0.mat,source_12khz_fe,X286_FE_time,12000,72000,84000,6.0,7.0,12000,72000,84000,B,known_source,0.0,0.014,,FE,FE,1796.0,SKF6203_FE
WIN-90ddf32d14f48f6c411c,source,RAWFILE-065,source_domain/cwru_12khz_fe/B014_0.mat,source_domain/cwru_12khz_fe/B014_0.mat,source_domain/cwru_12khz_fe/B014_0.mat,source_12khz_fe,X286_FE_time,12000,78000,90000,6.5,7.5,12000,78000,90000,B,known_source,0.0,0.014,,FE,FE,1796.0,SKF6203_FE
WIN-4bccca6de03d58d4b6f0,source,RAWFILE-065,source_domain/cwru_12khz_fe/B014_0.mat,source_domain/cwru_12khz_fe/B014_0.mat,source_domain/cwru_12khz_fe/B014_0.mat,source_12khz_fe,X286_FE_time,12000,84000,96000,7.0,8.0,12000,84000,96000,B,known_source,0.0,0.014,,FE,FE,1796.0,SKF6203_FE
WIN-6973a8c42964be865058,source,RAWFILE-066,source_domain/cwru_12khz_fe/B014_1.mat,source_domain/cwru_12khz_fe/B014_1.mat,source_domain/cwru_12khz_fe/B014_1.mat,source_12khz_fe,X287_FE_time,12000,0,12000,0.0,1.0,12000,0,12000,B,known_source,1.0,0.014,,FE,FE,1775.0,SKF6203_FE
WIN-a3afac2b88e914c9a766,source,RAWFILE-066,source_domain/cwru_12khz_fe/B014_1.mat,source_domain/cwru_12khz_fe/B014_1.mat,source_domain/cwru_12khz_fe/B014_1.mat,source_12khz_fe,X287_FE_time,12000,6000,18000,0.5,1.5,12000,6000,18000,B,known_source,1.0,0.014,,FE,FE,1775.0,SKF6203_FE
WIN-23a9dffe6f9b7b523adf,source,RAWFILE-066,source_domain/cwru_12khz_fe/B014_1.mat,source_domain/cwru_12khz_fe/B014_1.mat,source_domain/cwru_12khz_fe/B014_1.mat,source_12khz_fe,X287_FE_time,12000,12000,24000,1.0,2.0,12000,12000,24000,B,known_source,1.0,0.014,,FE,FE,1775.0,SKF6203_FE
WIN-1a5b88ad287551c49d3b,source,RAWFILE-066,source_domain/cwru_12khz_fe/B014_1.mat,source_domain/cwru_12khz_fe/B014_1.mat,source_domain/cwru_12khz_fe/B014_1.mat,source_12khz_fe,X287_FE_time,12000,18000,30000,1.5,2.5,12000,18000,30000,B,known_source,1.0,0.014,,FE,FE,1775.0,SKF6203_FE
WIN-5ff1104c2d9836b2a716,source,RAWFILE-066,source_domain/cwru_12khz_fe/B014_1.mat,source_domain/cwru_12khz_fe/B014_1.mat,source_domain/cwru_12khz_fe/B014_1.mat,source_12khz_fe,X287_FE_time,12000,24000,36000,2.0,3.0,12000,24000,36000,B,known_source,1.0,0.014,,FE,FE,1775.0,SKF6203_FE
WIN-7743e9ef6f07f0097f12,source,RAWFILE-066,source_domain/cwru_12khz_fe/B014_1.mat,source_domain/cwru_12khz_fe/B014_1.mat,source_domain/cwru_12khz_fe/B014_1.mat,source_12khz_fe,X287_FE_time,12000,30000,42000,2.5,3.5,12000,30000,42000,B,known_source,1.0,0.014,,FE,FE,1775.0,SKF6203_FE
WIN-8f186ca87b313d6e1e73,source,RAWFILE-066,source_domain/cwru_12khz_fe/B014_1.mat,source_domain/cwru_12khz_fe/B014_1.mat,source_domain/cwru_12khz_fe/B014_1.mat,source_12khz_fe,X287_FE_time,12000,36000,48000,3.0,4.0,12000,36000,48000,B,known_source,1.0,0.014,,FE,FE,1775.0,SKF6203_FE
WIN-a04628c5fb57bb17a157,source,RAWFILE-066,source_domain/cwru_12khz_fe/B014_1.mat,source_domain/cwru_12khz_fe/B014_1.mat,source_domain/cwru_12khz_fe/B014_1.mat,source_12khz_fe,X287_FE_time,12000,42000,54000,3.5,4.5,12000,42000,54000,B,known_source,1.0,0.014,,FE,FE,1775.0,SKF6203_FE
WIN-686a8465e68783e11ea5,source,RAWFILE-066,source_domain/cwru_12khz_fe/B014_1.mat,source_domain/cwru_12khz_fe/B014_1.mat,source_domain/cwru_12khz_fe/B014_1.mat,source_12khz_fe,X287_FE_time,12000,48000,60000,4.0,5.0,12000,48000,60000,B,known_source,1.0,0.014,,FE,FE,1775.0,SKF6203_FE
WIN-8a4f533e2f54ce9d3b3d,source,RAWFILE-066,source_domain/cwru_12khz_fe/B014_1.mat,source_domain/cwru_12khz_fe/B014_1.mat,source_domain/cwru_12khz_fe/B014_1.mat,source_12khz_fe,X287_FE_time,12000,54000,66000,4.5,5.5,12000,54000,66000,B,known_source,1.0,0.014,,FE,FE,1775.0,SKF6203_FE
WIN-5945b88ef9480f2adb32,source,RAWFILE-066,source_domain/cwru_12khz_fe/B014_1.mat,source_domain/cwru_12khz_fe/B014_1.mat,source_domain/cwru_12khz_fe/B014_1.mat,source_12khz_fe,X287_FE_time,12000,60000,72000,5.0,6.0,12000,60000,72000,B,known_source,1.0,0.014,,FE,FE,1775.0,SKF6203_FE
WIN-81b730060fb0f9f3e062,source,RAWFILE-066,source_domain/cwru_12khz_fe/B014_1.mat,source_domain/cwru_12khz_fe/B014_1.mat,source_domain/cwru_12khz_fe/B014_1.mat,source_12khz_fe,X287_FE_time,12000,66000,78000,5.5,6.5,12000,66000,78000,B,known_source,1.0,0.014,,FE,FE,1775.0,SKF6203_FE
WIN-a757e773381cfe600bc9,source,RAWFILE-066,source_domain/cwru_12khz_fe/B014_1.mat,source_domain/cwru_12khz_fe/B014_1.mat,source_domain/cwru_12khz_fe/B014_1.mat,source_12khz_fe,X287_FE_time,12000,72000,84000,6.0,7.0,12000,72000,84000,B,known_source,1.0,0.014,,FE,FE,1775.0,SKF6203_FE
WIN-3bd82ba106cb26f6464e,source,RAWFILE-066,source_domain/cwru_12khz_fe/B014_1.mat,source_domain/cwru_12khz_fe/B014_1.mat,source_domain/cwru_12khz_fe/B014_1.mat,source_12khz_fe,X287_FE_time,12000,78000,90000,6.5,7.5,12000,78000,90000,B,known_source,1.0,0.014,,FE,FE,1775.0,SKF6203_FE
WIN-48c1ad389c8d5489ec76,source,RAWFILE-066,source_domain/cwru_12khz_fe/B014_1.mat,source_domain/cwru_12khz_fe/B014_1.mat,source_domain/cwru_12khz_fe/B014_1.mat,source_12khz_fe,X287_FE_time,12000,84000,96000,7.0,8.0,12000,84000,96000,B,known_source,1.0,0.014,,FE,FE,1775.0,SKF6203_FE
WIN-ad2f3523d4f033a46aeb,source,RAWFILE-067,source_domain/cwru_12khz_fe/B014_2.mat,source_domain/cwru_12khz_fe/B014_2.mat,source_domain/cwru_12khz_fe/B014_2.mat,source_12khz_fe,X288_FE_time,12000,0,12000,0.0,1.0,12000,0,12000,B,known_source,2.0,0.014,,FE,FE,1755.0,SKF6203_FE
WIN-900d674f1e8f1a8d9ff9,source,RAWFILE-067,source_domain/cwru_12khz_fe/B014_2.mat,source_domain/cwru_12khz_fe/B014_2.mat,source_domain/cwru_12khz_fe/B014_2.mat,source_12khz_fe,X288_FE_time,12000,6000,18000,0.5,1.5,12000,6000,18000,B,known_source,2.0,0.014,,FE,FE,1755.0,SKF6203_FE
WIN-8138d88731735b2e8334,source,RAWFILE-067,source_domain/cwru_12khz_fe/B014_2.mat,source_domain/cwru_12khz_fe/B014_2.mat,source_domain/cwru_12khz_fe/B014_2.mat,source_12khz_fe,X288_FE_time,12000,12000,24000,1.0,2.0,12000,12000,24000,B,known_source,2.0,0.014,,FE,FE,1755.0,SKF6203_FE
WIN-28b607de24710b94389b,source,RAWFILE-067,source_domain/cwru_12khz_fe/B014_2.mat,source_domain/cwru_12khz_fe/B014_2.mat,source_domain/cwru_12khz_fe/B014_2.mat,source_12khz_fe,X288_FE_time,12000,18000,30000,1.5,2.5,12000,18000,30000,B,known_source,2.0,0.014,,FE,FE,1755.0,SKF6203_FE
WIN-af27ccea3ef66e070230,source,RAWFILE-067,source_domain/cwru_12khz_fe/B014_2.mat,source_domain/cwru_12khz_fe/B014_2.mat,source_domain/cwru_12khz_fe/B014_2.mat,source_12khz_fe,X288_FE_time,12000,24000,36000,2.0,3.0,12000,24000,36000,B,known_source,2.0,0.014,,FE,FE,1755.0,SKF6203_FE
WIN-a5f4b9487c91c5df82b1,source,RAWFILE-067,source_domain/cwru_12khz_fe/B014_2.mat,source_domain/cwru_12khz_fe/B014_2.mat,source_domain/cwru_12khz_fe/B014_2.mat,source_12khz_fe,X288_FE_time,12000,30000,42000,2.5,3.5,12000,30000,42000,B,known_source,2.0,0.014,,FE,FE,1755.0,SKF6203_FE
WIN-dc43e05f3f0d9055c984,source,RAWFILE-067,source_domain/cwru_12khz_fe/B014_2.mat,source_domain/cwru_12khz_fe/B014_2.mat,source_domain/cwru_12khz_fe/B014_2.mat,source_12khz_fe,X288_FE_time,12000,36000,48000,3.0,4.0,12000,36000,48000,B,known_source,2.0,0.014,,FE,FE,1755.0,SKF6203_FE
WIN-f71b9d992459d01d5b57,source,RAWFILE-067,source_domain/cwru_12khz_fe/B014_2.mat,source_domain/cwru_12khz_fe/B014_2.mat,source_domain/cwru_12khz_fe/B014_2.mat,source_12khz_fe,X288_FE_time,12000,42000,54000,3.5,4.5,12000,42000,54000,B,known_source,2.0,0.014,,FE,FE,1755.0,SKF6203_FE
WIN-c99d320ce097697af301,source,RAWFILE-067,source_domain/cwru_12khz_fe/B014_2.mat,source_domain/cwru_12khz_fe/B014_2.mat,source_domain/cwru_12khz_fe/B014_2.mat,source_12khz_fe,X288_FE_time,12000,48000,60000,4.0,5.0,12000,48000,60000,B,known_source,2.0,0.014,,FE,FE,1755.0,SKF6203_FE
WIN-268397442b83a1f7b44e,source,RAWFILE-067,source_domain/cwru_12khz_fe/B014_2.mat,source_domain/cwru_12khz_fe/B014_2.mat,source_domain/cwru_12khz_fe/B014_2.mat,source_12khz_fe,X288_FE_time,12000,54000,66000,4.5,5.5,12000,54000,66000,B,known_source,2.0,0.014,,FE,FE,1755.0,SKF6203_FE
WIN-a6b3061c0a348b45bdc6,source,RAWFILE-067,source_domain/cwru_12khz_fe/B014_2.mat,source_domain/cwru_12khz_fe/B014_2.mat,source_domain/cwru_12khz_fe/B014_2.mat,source_12khz_fe,X288_FE_time,12000,60000,72000,5.0,6.0,12000,60000,72000,B,known_source,2.0,0.014,,FE,FE,1755.0,SKF6203_FE
WIN-557bc71ff309dd260278,source,RAWFILE-067,source_domain/cwru_12khz_fe/B014_2.mat,source_domain/cwru_12khz_fe/B014_2.mat,source_domain/cwru_12khz_fe/B014_2.mat,source_12khz_fe,X288_FE_time,12000,66000,78000,5.5,6.5,12000,66000,78000,B,known_source,2.0,0.014,,FE,FE,1755.0,SKF6203_FE
WIN-7f27102c94739b8c7b77,source,RAWFILE-067,source_domain/cwru_12khz_fe/B014_2.mat,source_domain/cwru_12khz_fe/B014_2.mat,source_domain/cwru_12khz_fe/B014_2.mat,source_12khz_fe,X288_FE_time,12000,72000,84000,6.0,7.0,12000,72000,84000,B,known_source,2.0,0.014,,FE,FE,1755.0,SKF6203_FE
WIN-c1f19708361dfef88843,source,RAWFILE-067,source_domain/cwru_12khz_fe/B014_2.mat,source_domain/cwru_12khz_fe/B014_2.mat,source_domain/cwru_12khz_fe/B014_2.mat,source_12khz_fe,X288_FE_time,12000,78000,90000,6.5,7.5,12000,78000,90000,B,known_source,2.0,0.014,,FE,FE,1755.0,SKF6203_FE
WIN-5227e0521be27aae84c5,source,RAWFILE-067,source_domain/cwru_12khz_fe/B014_2.mat,source_domain/cwru_12khz_fe/B014_2.mat,source_domain/cwru_12khz_fe/B014_2.mat,source_12khz_fe,X288_FE_time,12000,84000,96000,7.0,8.0,12000,84000,96000,B,known_source,2.0,0.014,,FE,FE,1755.0,SKF6203_FE
WIN-25c24932c6ba90148763,source,RAWFILE-068,source_domain/cwru_12khz_fe/B014_3.mat,source_domain/cwru_12khz_fe/B014_3.mat,source_domain/cwru_12khz_fe/B014_3.mat,source_12khz_fe,X289_FE_time,12000,0,12000,0.0,1.0,12000,0,12000,B,known_source,3.0,0.014,,FE,FE,1732.0,SKF6203_FE
WIN-fbf0bf5d0844273a42a6,source,RAWFILE-068,source_domain/cwru_12khz_fe/B014_3.mat,source_domain/cwru_12khz_fe/B014_3.mat,source_domain/cwru_12khz_fe/B014_3.mat,source_12khz_fe,X289_FE_time,12000,6000,18000,0.5,1.5,12000,6000,18000,B,known_source,3.0,0.014,,FE,FE,1732.0,SKF6203_FE
WIN-e28340f0d7d9453a9caa,source,RAWFILE-068,source_domain/cwru_12khz_fe/B014_3.mat,source_domain/cwru_12khz_fe/B014_3.mat,source_domain/cwru_12khz_fe/B014_3.mat,source_12khz_fe,X289_FE_time,12000,12000,24000,1.0,2.0,12000,12000,24000,B,known_source,3.0,0.014,,FE,FE,1732.0,SKF6203_FE
WIN-f77c4cc3d3a83b436b63,source,RAWFILE-068,source_domain/cwru_12khz_fe/B014_3.mat,source_domain/cwru_12khz_fe/B014_3.mat,source_domain/cwru_12khz_fe/B014_3.mat,source_12khz_fe,X289_FE_time,12000,18000,30000,1.5,2.5,12000,18000,30000,B,known_source,3.0,0.014,,FE,FE,1732.0,SKF6203_FE
WIN-42ef98b4686408af7196,source,RAWFILE-068,source_domain/cwru_12khz_fe/B014_3.mat,source_domain/cwru_12khz_fe/B014_3.mat,source_domain/cwru_12khz_fe/B014_3.mat,source_12khz_fe,X289_FE_time,12000,24000,36000,2.0,3.0,12000,24000,36000,B,known_source,3.0,0.014,,FE,FE,1732.0,SKF6203_FE
WIN-a65048188e9c2363e19a,source,RAWFILE-068,source_domain/cwru_12khz_fe/B014_3.mat,source_domain/cwru_12khz_fe/B014_3.mat,source_domain/cwru_12khz_fe/B014_3.mat,source_12khz_fe,X289_FE_time,12000,30000,42000,2.5,3.5,12000,30000,42000,B,known_source,3.0,0.014,,FE,FE,1732.0,SKF6203_FE
WIN-ddf60ff253e37de91ced,source,RAWFILE-068,source_domain/cwru_12khz_fe/B014_3.mat,source_domain/cwru_12khz_fe/B014_3.mat,source_domain/cwru_12khz_fe/B014_3.mat,source_12khz_fe,X289_FE_time,12000,36000,48000,3.0,4.0,12000,36000,48000,B,known_source,3.0,0.014,,FE,FE,1732.0,SKF6203_FE
WIN-643b84d5e705c0c4f20e,source,RAWFILE-068,source_domain/cwru_12khz_fe/B014_3.mat,source_domain/cwru_12khz_fe/B014_3.mat,source_domain/cwru_12khz_fe/B014_3.mat,source_12khz_fe,X289_FE_time,12000,42000,54000,3.5,4.5,12000,42000,54000,B,known_source,3.0,0.014,,FE,FE,1732.0,SKF6203_FE
WIN-da858fbc7f7d6cd0a253,source,RAWFILE-068,source_domain/cwru_12khz_fe/B014_3.mat,source_domain/cwru_12khz_fe/B014_3.mat,source_domain/cwru_12khz_fe/B014_3.mat,source_12khz_fe,X289_FE_time,12000,48000,60000,4.0,5.0,12000,48000,60000,B,known_source,3.0,0.014,,FE,FE,1732.0,SKF6203_FE
WIN-c5ffba9fa48ee2d2f8e6,source,RAWFILE-068,source_domain/cwru_12khz_fe/B014_3.mat,source_domain/cwru_12khz_fe/B014_3.mat,source_domain/cwru_12khz_fe/B014_3.mat,source_12khz_fe,X289_FE_time,12000,54000,66000,4.5,5.5,12000,54000,66000,B,known_source,3.0,0.014,,FE,FE,1732.0,SKF6203_FE
WIN-7c366f0765f7f25a5d45,source,RAWFILE-068,source_domain/cwru_12khz_fe/B014_3.mat,source_domain/cwru_12khz_fe/B014_3.mat,source_domain/cwru_12khz_fe/B014_3.mat,source_12khz_fe,X289_FE_time,12000,60000,72000,5.0,6.0,12000,60000,72000,B,known_source,3.0,0.014,,FE,FE,1732.0,SKF6203_FE
WIN-dbfe99d6cb64529c7d03,source,RAWFILE-068,source_domain/cwru_12khz_fe/B014_3.mat,source_domain/cwru_12khz_fe/B014_3.mat,source_domain/cwru_12khz_fe/B014_3.mat,source_12khz_fe,X289_FE_time,12000,66000,78000,5.5,6.5,12000,66000,78000,B,known_source,3.0,0.014,,FE,FE,1732.0,SKF6203_FE
WIN-f794c617abb0155a5f49,source,RAWFILE-068,source_domain/cwru_12khz_fe/B014_3.mat,source_domain/cwru_12khz_fe/B014_3.mat,source_domain/cwru_12khz_fe/B014_3.mat,source_12khz_fe,X289_FE_time,12000,72000,84000,6.0,7.0,12000,72000,84000,B,known_source,3.0,0.014,,FE,FE,1732.0,SKF6203_FE
WIN-71a23180ca05c3f356d7,source,RAWFILE-068,source_domain/cwru_12khz_fe/B014_3.mat,source_domain/cwru_12khz_fe/B014_3.mat,source_domain/cwru_12khz_fe/B014_3.mat,source_12khz_fe,X289_FE_time,12000,78000,90000,6.5,7.5,12000,78000,90000,B,known_source,3.0,0.014,,FE,FE,1732.0,SKF6203_FE
WIN-e1f8581ec72156e4c40d,source,RAWFILE-068,source_domain/cwru_12khz_fe/B014_3.mat,source_domain/cwru_12khz_fe/B014_3.mat,source_domain/cwru_12khz_fe/B014_3.mat,source_12khz_fe,X289_FE_time,12000,84000,96000,7.0,8.0,12000,84000,96000,B,known_source,3.0,0.014,,FE,FE,1732.0,SKF6203_FE
WIN-4307f92375069babe348,source,RAWFILE-069,source_domain/cwru_12khz_fe/B021_0.mat,source_domain/cwru_12khz_fe/B021_0.mat,source_domain/cwru_12khz_fe/B021_0.mat,source_12khz_fe,X290_FE_time,12000,0,12000,0.0,1.0,12000,0,12000,B,known_source,0.0,0.021,,FE,FE,1796.0,SKF6203_FE
WIN-8ec9e349dc6a2dad86f5,source,RAWFILE-069,source_domain/cwru_12khz_fe/B021_0.mat,source_domain/cwru_12khz_fe/B021_0.mat,source_domain/cwru_12khz_fe/B021_0.mat,source_12khz_fe,X290_FE_time,12000,6000,18000,0.5,1.5,12000,6000,18000,B,known_source,0.0,0.021,,FE,FE,1796.0,SKF6203_FE
WIN-3b1db9162d81b3487c0c,source,RAWFILE-069,source_domain/cwru_12khz_fe/B021_0.mat,source_domain/cwru_12khz_fe/B021_0.mat,source_domain/cwru_12khz_fe/B021_0.mat,source_12khz_fe,X290_FE_time,12000,12000,24000,1.0,2.0,12000,12000,24000,B,known_source,0.0,0.021,,FE,FE,1796.0,SKF6203_FE
WIN-bbb6db2261581421a8dc,source,RAWFILE-069,source_domain/cwru_12khz_fe/B021_0.mat,source_domain/cwru_12khz_fe/B021_0.mat,source_domain/cwru_12khz_fe/B021_0.mat,source_12khz_fe,X290_FE_time,12000,18000,30000,1.5,2.5,12000,18000,30000,B,known_source,0.0,0.021,,FE,FE,1796.0,SKF6203_FE
WIN-a15c4cd52a490317cae7,source,RAWFILE-069,source_domain/cwru_12khz_fe/B021_0.mat,source_domain/cwru_12khz_fe/B021_0.mat,source_domain/cwru_12khz_fe/B021_0.mat,source_12khz_fe,X290_FE_time,12000,24000,36000,2.0,3.0,12000,24000,36000,B,known_source,0.0,0.021,,FE,FE,1796.0,SKF6203_FE
WIN-478f6d8d3e8f9056d252,source,RAWFILE-069,source_domain/cwru_12khz_fe/B021_0.mat,source_domain/cwru_12khz_fe/B021_0.mat,source_domain/cwru_12khz_fe/B021_0.mat,source_12khz_fe,X290_FE_time,12000,30000,42000,2.5,3.5,12000,30000,42000,B,known_source,0.0,0.021,,FE,FE,1796.0,SKF6203_FE
WIN-4981f1e708cd35d5472e,source,RAWFILE-069,source_domain/cwru_12khz_fe/B021_0.mat,source_domain/cwru_12khz_fe/B021_0.mat,source_domain/cwru_12khz_fe/B021_0.mat,source_12khz_fe,X290_FE_time,12000,36000,48000,3.0,4.0,12000,36000,48000,B,known_source,0.0,0.021,,FE,FE,1796.0,SKF6203_FE
WIN-242b37df1ed074df80b3,source,RAWFILE-069,source_domain/cwru_12khz_fe/B021_0.mat,source_domain/cwru_12khz_fe/B021_0.mat,source_domain/cwru_12khz_fe/B021_0.mat,source_12khz_fe,X290_FE_time,12000,42000,54000,3.5,4.5,12000,42000,54000,B,known_source,0.0,0.021,,FE,FE,1796.0,SKF6203_FE
WIN-8c9b7a85d4ce7c3bc6b1,source,RAWFILE-069,source_domain/cwru_12khz_fe/B021_0.mat,source_domain/cwru_12khz_fe/B021_0.mat,source_domain/cwru_12khz_fe/B021_0.mat,source_12khz_fe,X290_FE_time,12000,48000,60000,4.0,5.0,12000,48000,60000,B,known_source,0.0,0.021,,FE,FE,1796.0,SKF6203_FE
WIN-d7bd0c8a027e6db2f970,source,RAWFILE-069,source_domain/cwru_12khz_fe/B021_0.mat,source_domain/cwru_12khz_fe/B021_0.mat,source_domain/cwru_12khz_fe/B021_0.mat,source_12khz_fe,X290_FE_time,12000,54000,66000,4.5,5.5,12000,54000,66000,B,known_source,0.0,0.021,,FE,FE,1796.0,SKF6203_FE
WIN-743bc7cb57880bbee02d,source,RAWFILE-069,source_domain/cwru_12khz_fe/B021_0.mat,source_domain/cwru_12khz_fe/B021_0.mat,source_domain/cwru_12khz_fe/B021_0.mat,source_12khz_fe,X290_FE_time,12000,60000,72000,5.0,6.0,12000,60000,72000,B,known_source,0.0,0.021,,FE,FE,1796.0,SKF6203_FE
WIN-b91f84ec83a97fa03b8e,source,RAWFILE-069,source_domain/cwru_12khz_fe/B021_0.mat,source_domain/cwru_12khz_fe/B021_0.mat,source_domain/cwru_12khz_fe/B021_0.mat,source_12khz_fe,X290_FE_time,12000,66000,78000,5.5,6.5,12000,66000,78000,B,known_source,0.0,0.021,,FE,FE,1796.0,SKF6203_FE
WIN-01542cc9fee777f6ce43,source,RAWFILE-069,source_domain/cwru_12khz_fe/B021_0.mat,source_domain/cwru_12khz_fe/B021_0.mat,source_domain/cwru_12khz_fe/B021_0.mat,source_12khz_fe,X290_FE_time,12000,72000,84000,6.0,7.0,12000,72000,84000,B,known_source,0.0,0.021,,FE,FE,1796.0,SKF6203_FE
WIN-8bd08058b2baee587475,source,RAWFILE-069,source_domain/cwru_12khz_fe/B021_0.mat,source_domain/cwru_12khz_fe/B021_0.mat,source_domain/cwru_12khz_fe/B021_0.mat,source_12khz_fe,X290_FE_time,12000,78000,90000,6.5,7.5,12000,78000,90000,B,known_source,0.0,0.021,,FE,FE,1796.0,SKF6203_FE
WIN-66227cd413cf12b07cf2,source,RAWFILE-069,source_domain/cwru_12khz_fe/B021_0.mat,source_domain/cwru_12khz_fe/B021_0.mat,source_domain/cwru_12khz_fe/B021_0.mat,source_12khz_fe,X290_FE_time,12000,84000,96000,7.0,8.0,12000,84000,96000,B,known_source,0.0,0.021,,FE,FE,1796.0,SKF6203_FE
WIN-ce9aed289046dbf88e3d,source,RAWFILE-070,source_domain/cwru_12khz_fe/B021_1.mat,source_domain/cwru_12khz_fe/B021_1.mat,source_domain/cwru_12khz_fe/B021_1.mat,source_12khz_fe,X291_FE_time,12000,0,12000,0.0,1.0,12000,0,12000,B,known_source,1.0,0.021,,FE,FE,1775.0,SKF6203_FE
WIN-b8a176c8599396fcb933,source,RAWFILE-070,source_domain/cwru_12khz_fe/B021_1.mat,source_domain/cwru_12khz_fe/B021_1.mat,source_domain/cwru_12khz_fe/B021_1.mat,source_12khz_fe,X291_FE_time,12000,6000,18000,0.5,1.5,12000,6000,18000,B,known_source,1.0,0.021,,FE,FE,1775.0,SKF6203_FE
WIN-6a6cd868718760f9beb2,source,RAWFILE-070,source_domain/cwru_12khz_fe/B021_1.mat,source_domain/cwru_12khz_fe/B021_1.mat,source_domain/cwru_12khz_fe/B021_1.mat,source_12khz_fe,X291_FE_time,12000,12000,24000,1.0,2.0,12000,12000,24000,B,known_source,1.0,0.021,,FE,FE,1775.0,SKF6203_FE
WIN-c73ce4e610533d0e394f,source,RAWFILE-070,source_domain/cwru_12khz_fe/B021_1.mat,source_domain/cwru_12khz_fe/B021_1.mat,source_domain/cwru_12khz_fe/B021_1.mat,source_12khz_fe,X291_FE_time,12000,18000,30000,1.5,2.5,12000,18000,30000,B,known_source,1.0,0.021,,FE,FE,1775.0,SKF6203_FE
WIN-7ab4e13fbabfbd4e5db3,source,RAWFILE-070,source_domain/cwru_12khz_fe/B021_1.mat,source_domain/cwru_12khz_fe/B021_1.mat,source_domain/cwru_12khz_fe/B021_1.mat,source_12khz_fe,X291_FE_time,12000,24000,36000,2.0,3.0,12000,24000,36000,B,known_source,1.0,0.021,,FE,FE,1775.0,SKF6203_FE
WIN-842bb62f1c993b737727,source,RAWFILE-070,source_domain/cwru_12khz_fe/B021_1.mat,source_domain/cwru_12khz_fe/B021_1.mat,source_domain/cwru_12khz_fe/B021_1.mat,source_12khz_fe,X291_FE_time,12000,30000,42000,2.5,3.5,12000,30000,42000,B,known_source,1.0,0.021,,FE,FE,1775.0,SKF6203_FE
WIN-7571657e1d092958db86,source,RAWFILE-070,source_domain/cwru_12khz_fe/B021_1.mat,source_domain/cwru_12khz_fe/B021_1.mat,source_domain/cwru_12khz_fe/B021_1.mat,source_12khz_fe,X291_FE_time,12000,36000,48000,3.0,4.0,12000,36000,48000,B,known_source,1.0,0.021,,FE,FE,1775.0,SKF6203_FE
WIN-6e194b460a6f9dfb63db,source,RAWFILE-070,source_domain/cwru_12khz_fe/B021_1.mat,source_domain/cwru_12khz_fe/B021_1.mat,source_domain/cwru_12khz_fe/B021_1.mat,source_12khz_fe,X291_FE_time,12000,42000,54000,3.5,4.5,12000,42000,54000,B,known_source,1.0,0.021,,FE,FE,1775.0,SKF6203_FE
WIN-78752056609514e16c69,source,RAWFILE-070,source_domain/cwru_12khz_fe/B021_1.mat,source_domain/cwru_12khz_fe/B021_1.mat,source_domain/cwru_12khz_fe/B021_1.mat,source_12khz_fe,X291_FE_time,12000,48000,60000,4.0,5.0,12000,48000,60000,B,known_source,1.0,0.021,,FE,FE,1775.0,SKF6203_FE
WIN-cebfacbec3451fecab55,source,RAWFILE-070,source_domain/cwru_12khz_fe/B021_1.mat,source_domain/cwru_12khz_fe/B021_1.mat,source_domain/cwru_12khz_fe/B021_1.mat,source_12khz_fe,X291_FE_time,12000,54000,66000,4.5,5.5,12000,54000,66000,B,known_source,1.0,0.021,,FE,FE,1775.0,SKF6203_FE
WIN-2faee3c8f5a2fb07bfb9,source,RAWFILE-070,source_domain/cwru_12khz_fe/B021_1.mat,source_domain/cwru_12khz_fe/B021_1.mat,source_domain/cwru_12khz_fe/B021_1.mat,source_12khz_fe,X291_FE_time,12000,60000,72000,5.0,6.0,12000,60000,72000,B,known_source,1.0,0.021,,FE,FE,1775.0,SKF6203_FE
WIN-524b6d879559ed5b2440,source,RAWFILE-070,source_domain/cwru_12khz_fe/B021_1.mat,source_domain/cwru_12khz_fe/B021_1.mat,source_domain/cwru_12khz_fe/B021_1.mat,source_12khz_fe,X291_FE_time,12000,66000,78000,5.5,6.5,12000,66000,78000,B,known_source,1.0,0.021,,FE,FE,1775.0,SKF6203_FE
WIN-ca1dc236c64a0d336eb0,source,RAWFILE-070,source_domain/cwru_12khz_fe/B021_1.mat,source_domain/cwru_12khz_fe/B021_1.mat,source_domain/cwru_12khz_fe/B021_1.mat,source_12khz_fe,X291_FE_time,12000,72000,84000,6.0,7.0,12000,72000,84000,B,known_source,1.0,0.021,,FE,FE,1775.0,SKF6203_FE
WIN-daf99a564745c1239bc0,source,RAWFILE-070,source_domain/cwru_12khz_fe/B021_1.mat,source_domain/cwru_12khz_fe/B021_1.mat,source_domain/cwru_12khz_fe/B021_1.mat,source_12khz_fe,X291_FE_time,12000,78000,90000,6.5,7.5,12000,78000,90000,B,known_source,1.0,0.021,,FE,FE,1775.0,SKF6203_FE
WIN-44962460fdc546b555e0,source,RAWFILE-070,source_domain/cwru_12khz_fe/B021_1.mat,source_domain/cwru_12khz_fe/B021_1.mat,source_domain/cwru_12khz_fe/B021_1.mat,source_12khz_fe,X291_FE_time,12000,84000,96000,7.0,8.0,12000,84000,96000,B,known_source,1.0,0.021,,FE,FE,1775.0,SKF6203_FE
WIN-9256778c4e9f54cc41aa,source,RAWFILE-071,source_domain/cwru_12khz_fe/B021_2.mat,source_domain/cwru_12khz_fe/B021_2.mat,source_domain/cwru_12khz_fe/B021_2.mat,source_12khz_fe,X292_FE_time,12000,0,12000,0.0,1.0,12000,0,12000,B,known_source,2.0,0.021,,FE,FE,1756.0,SKF6203_FE
WIN-651c3edbaed6a47e5dea,source,RAWFILE-071,source_domain/cwru_12khz_fe/B021_2.mat,source_domain/cwru_12khz_fe/B021_2.mat,source_domain/cwru_12khz_fe/B021_2.mat,source_12khz_fe,X292_FE_time,12000,6000,18000,0.5,1.5,12000,6000,18000,B,known_source,2.0,0.021,,FE,FE,1756.0,SKF6203_FE
WIN-200a713d371478eda482,source,RAWFILE-071,source_domain/cwru_12khz_fe/B021_2.mat,source_domain/cwru_12khz_fe/B021_2.mat,source_domain/cwru_12khz_fe/B021_2.mat,source_12khz_fe,X292_FE_time,12000,12000,24000,1.0,2.0,12000,12000,24000,B,known_source,2.0,0.021,,FE,FE,1756.0,SKF6203_FE
WIN-c62646b8543263f175d1,source,RAWFILE-071,source_domain/cwru_12khz_fe/B021_2.mat,source_domain/cwru_12khz_fe/B021_2.mat,source_domain/cwru_12khz_fe/B021_2.mat,source_12khz_fe,X292_FE_time,12000,18000,30000,1.5,2.5,12000,18000,30000,B,known_source,2.0,0.021,,FE,FE,1756.0,SKF6203_FE
WIN-92d189de72817f1e5ada,source,RAWFILE-071,source_domain/cwru_12khz_fe/B021_2.mat,source_domain/cwru_12khz_fe/B021_2.mat,source_domain/cwru_12khz_fe/B021_2.mat,source_12khz_fe,X292_FE_time,12000,24000,36000,2.0,3.0,12000,24000,36000,B,known_source,2.0,0.021,,FE,FE,1756.0,SKF6203_FE
WIN-3229a1a5c839e1200807,source,RAWFILE-071,source_domain/cwru_12khz_fe/B021_2.mat,source_domain/cwru_12khz_fe/B021_2.mat,source_domain/cwru_12khz_fe/B021_2.mat,source_12khz_fe,X292_FE_time,12000,30000,42000,2.5,3.5,12000,30000,42000,B,known_source,2.0,0.021,,FE,FE,1756.0,SKF6203_FE
WIN-867730a772b9dcd0ed48,source,RAWFILE-071,source_domain/cwru_12khz_fe/B021_2.mat,source_domain/cwru_12khz_fe/B021_2.mat,source_domain/cwru_12khz_fe/B021_2.mat,source_12khz_fe,X292_FE_time,12000,36000,48000,3.0,4.0,12000,36000,48000,B,known_source,2.0,0.021,,FE,FE,1756.0,SKF6203_FE
WIN-f899c7d4a17a6b224947,source,RAWFILE-071,source_domain/cwru_12khz_fe/B021_2.mat,source_domain/cwru_12khz_fe/B021_2.mat,source_domain/cwru_12khz_fe/B021_2.mat,source_12khz_fe,X292_FE_time,12000,42000,54000,3.5,4.5,12000,42000,54000,B,known_source,2.0,0.021,,FE,FE,1756.0,SKF6203_FE
WIN-0f6a3bc9202534158bf2,source,RAWFILE-071,source_domain/cwru_12khz_fe/B021_2.mat,source_domain/cwru_12khz_fe/B021_2.mat,source_domain/cwru_12khz_fe/B021_2.mat,source_12khz_fe,X292_FE_time,12000,48000,60000,4.0,5.0,12000,48000,60000,B,known_source,2.0,0.021,,FE,FE,1756.0,SKF6203_FE
WIN-71ac72822ad527b35259,source,RAWFILE-071,source_domain/cwru_12khz_fe/B021_2.mat,source_domain/cwru_12khz_fe/B021_2.mat,source_domain/cwru_12khz_fe/B021_2.mat,source_12khz_fe,X292_FE_time,12000,54000,66000,4.5,5.5,12000,54000,66000,B,known_source,2.0,0.021,,FE,FE,1756.0,SKF6203_FE
WIN-b05c8e4964f9df72bf1f,source,RAWFILE-071,source_domain/cwru_12khz_fe/B021_2.mat,source_domain/cwru_12khz_fe/B021_2.mat,source_domain/cwru_12khz_fe/B021_2.mat,source_12khz_fe,X292_FE_time,12000,60000,72000,5.0,6.0,12000,60000,72000,B,known_source,2.0,0.021,,FE,FE,1756.0,SKF6203_FE
WIN-091f8a8ee20b9dd7c9e4,source,RAWFILE-071,source_domain/cwru_12khz_fe/B021_2.mat,source_domain/cwru_12khz_fe/B021_2.mat,source_domain/cwru_12khz_fe/B021_2.mat,source_12khz_fe,X292_FE_time,12000,66000,78000,5.5,6.5,12000,66000,78000,B,known_source,2.0,0.021,,FE,FE,1756.0,SKF6203_FE
WIN-94b1eeafc18011bf8eef,source,RAWFILE-071,source_domain/cwru_12khz_fe/B021_2.mat,source_domain/cwru_12khz_fe/B021_2.mat,source_domain/cwru_12khz_fe/B021_2.mat,source_12khz_fe,X292_FE_time,12000,72000,84000,6.0,7.0,12000,72000,84000,B,known_source,2.0,0.021,,FE,FE,1756.0,SKF6203_FE
WIN-f2a109bfcb3bd50884d4,source,RAWFILE-071,source_domain/cwru_12khz_fe/B021_2.mat,source_domain/cwru_12khz_fe/B021_2.mat,source_domain/cwru_12khz_fe/B021_2.mat,source_12khz_fe,X292_FE_time,12000,78000,90000,6.5,7.5,12000,78000,90000,B,known_source,2.0,0.021,,FE,FE,1756.0,SKF6203_FE
WIN-9f44ba4ed2fff4393dbb,source,RAWFILE-071,source_domain/cwru_12khz_fe/B021_2.mat,source_domain/cwru_12khz_fe/B021_2.mat,source_domain/cwru_12khz_fe/B021_2.mat,source_12khz_fe,X292_FE_time,12000,84000,96000,7.0,8.0,12000,84000,96000,B,known_source,2.0,0.021,,FE,FE,1756.0,SKF6203_FE
WIN-14094409b262f8c91fdc,source,RAWFILE-072,source_domain/cwru_12khz_fe/B021_3.mat,source_domain/cwru_12khz_fe/B021_3.mat,source_domain/cwru_12khz_fe/B021_3.mat,source_12khz_fe,X293_FE_time,12000,0,12000,0.0,1.0,12000,0,12000,B,known_source,3.0,0.021,,FE,FE,1734.0,SKF6203_FE
WIN-9da80ffb14320d8be725,source,RAWFILE-072,source_domain/cwru_12khz_fe/B021_3.mat,source_domain/cwru_12khz_fe/B021_3.mat,source_domain/cwru_12khz_fe/B021_3.mat,source_12khz_fe,X293_FE_time,12000,6000,18000,0.5,1.5,12000,6000,18000,B,known_source,3.0,0.021,,FE,FE,1734.0,SKF6203_FE
WIN-f0d3fcca08326ff41455,source,RAWFILE-072,source_domain/cwru_12khz_fe/B021_3.mat,source_domain/cwru_12khz_fe/B021_3.mat,source_domain/cwru_12khz_fe/B021_3.mat,source_12khz_fe,X293_FE_time,12000,12000,24000,1.0,2.0,12000,12000,24000,B,known_source,3.0,0.021,,FE,FE,1734.0,SKF6203_FE
WIN-5816000a95fd48643e4b,source,RAWFILE-072,source_domain/cwru_12khz_fe/B021_3.mat,source_domain/cwru_12khz_fe/B021_3.mat,source_domain/cwru_12khz_fe/B021_3.mat,source_12khz_fe,X293_FE_time,12000,18000,30000,1.5,2.5,12000,18000,30000,B,known_source,3.0,0.021,,FE,FE,1734.0,SKF6203_FE
WIN-6dc5e027873cf32d4e96,source,RAWFILE-072,source_domain/cwru_12khz_fe/B021_3.mat,source_domain/cwru_12khz_fe/B021_3.mat,source_domain/cwru_12khz_fe/B021_3.mat,source_12khz_fe,X293_FE_time,12000,24000,36000,2.0,3.0,12000,24000,36000,B,known_source,3.0,0.021,,FE,FE,1734.0,SKF6203_FE
WIN-38a8a954f6798ec86167,source,RAWFILE-072,source_domain/cwru_12khz_fe/B021_3.mat,source_domain/cwru_12khz_fe/B021_3.mat,source_domain/cwru_12khz_fe/B021_3.mat,source_12khz_fe,X293_FE_time,12000,30000,42000,2.5,3.5,12000,30000,42000,B,known_source,3.0,0.021,,FE,FE,1734.0,SKF6203_FE
WIN-9126f778aa047cde3fb2,source,RAWFILE-072,source_domain/cwru_12khz_fe/B021_3.mat,source_domain/cwru_12khz_fe/B021_3.mat,source_domain/cwru_12khz_fe/B021_3.mat,source_12khz_fe,X293_FE_time,12000,36000,48000,3.0,4.0,12000,36000,48000,B,known_source,3.0,0.021,,FE,FE,1734.0,SKF6203_FE
WIN-fe66a6b6a14822d2f154,source,RAWFILE-072,source_domain/cwru_12khz_fe/B021_3.mat,source_domain/cwru_12khz_fe/B021_3.mat,source_domain/cwru_12khz_fe/B021_3.mat,source_12khz_fe,X293_FE_time,12000,42000,54000,3.5,4.5,12000,42000,54000,B,known_source,3.0,0.021,,FE,FE,1734.0,SKF6203_FE
WIN-7fb954901dba6ace533b,source,RAWFILE-072,source_domain/cwru_12khz_fe/B021_3.mat,source_domain/cwru_12khz_fe/B021_3.mat,source_domain/cwru_12khz_fe/B021_3.mat,source_12khz_fe,X293_FE_time,12000,48000,60000,4.0,5.0,12000,48000,60000,B,known_source,3.0,0.021,,FE,FE,1734.0,SKF6203_FE
WIN-b73493f0cb9947516581,source,RAWFILE-072,source_domain/cwru_12khz_fe/B021_3.mat,source_domain/cwru_12khz_fe/B021_3.mat,source_domain/cwru_12khz_fe/B021_3.mat,source_12khz_fe,X293_FE_time,12000,54000,66000,4.5,5.5,12000,54000,66000,B,known_source,3.0,0.021,,FE,FE,1734.0,SKF6203_FE
WIN-6dbe514a262c18ead6c6,source,RAWFILE-072,source_domain/cwru_12khz_fe/B021_3.mat,source_domain/cwru_12khz_fe/B021_3.mat,source_domain/cwru_12khz_fe/B021_3.mat,source_12khz_fe,X293_FE_time,12000,60000,72000,5.0,6.0,12000,60000,72000,B,known_source,3.0,0.021,,FE,FE,1734.0,SKF6203_FE
WIN-226e82c04a54964bbe8f,source,RAWFILE-072,source_domain/cwru_12khz_fe/B021_3.mat,source_domain/cwru_12khz_fe/B021_3.mat,source_domain/cwru_12khz_fe/B021_3.mat,source_12khz_fe,X293_FE_time,12000,66000,78000,5.5,6.5,12000,66000,78000,B,known_source,3.0,0.021,,FE,FE,1734.0,SKF6203_FE
WIN-fe7b58007106a8a988a6,source,RAWFILE-072,source_domain/cwru_12khz_fe/B021_3.mat,source_domain/cwru_12khz_fe/B021_3.mat,source_domain/cwru_12khz_fe/B021_3.mat,source_12khz_fe,X293_FE_time,12000,72000,84000,6.0,7.0,12000,72000,84000,B,known_source,3.0,0.021,,FE,FE,1734.0,SKF6203_FE
WIN-b7ba65720aef0997f313,source,RAWFILE-072,source_domain/cwru_12khz_fe/B021_3.mat,source_domain/cwru_12khz_fe/B021_3.mat,source_domain/cwru_12khz_fe/B021_3.mat,source_12khz_fe,X293_FE_time,12000,78000,90000,6.5,7.5,12000,78000,90000,B,known_source,3.0,0.021,,FE,FE,1734.0,SKF6203_FE
WIN-f6330fca6f78e77e47a2,source,RAWFILE-072,source_domain/cwru_12khz_fe/B021_3.mat,source_domain/cwru_12khz_fe/B021_3.mat,source_domain/cwru_12khz_fe/B021_3.mat,source_12khz_fe,X293_FE_time,12000,84000,96000,7.0,8.0,12000,84000,96000,B,known_source,3.0,0.021,,FE,FE,1734.0,SKF6203_FE
WIN-aedff8f49043e8611f7b,source,RAWFILE-073,source_domain/cwru_12khz_fe/IR007_0.mat,source_domain/cwru_12khz_fe/IR007_0.mat,source_domain/cwru_12khz_fe/IR007_0.mat,source_12khz_fe,X278_FE_time,12000,0,12000,0.0,1.0,12000,0,12000,IR,known_source,0.0,0.007,,FE,FE,1796.0,SKF6203_FE
WIN-687a139507a6a6959bf4,source,RAWFILE-073,source_domain/cwru_12khz_fe/IR007_0.mat,source_domain/cwru_12khz_fe/IR007_0.mat,source_domain/cwru_12khz_fe/IR007_0.mat,source_12khz_fe,X278_FE_time,12000,6000,18000,0.5,1.5,12000,6000,18000,IR,known_source,0.0,0.007,,FE,FE,1796.0,SKF6203_FE
WIN-72976a1165ffddbdf3cd,source,RAWFILE-073,source_domain/cwru_12khz_fe/IR007_0.mat,source_domain/cwru_12khz_fe/IR007_0.mat,source_domain/cwru_12khz_fe/IR007_0.mat,source_12khz_fe,X278_FE_time,12000,12000,24000,1.0,2.0,12000,12000,24000,IR,known_source,0.0,0.007,,FE,FE,1796.0,SKF6203_FE
WIN-583a43f7fd9ebf20deb0,source,RAWFILE-073,source_domain/cwru_12khz_fe/IR007_0.mat,source_domain/cwru_12khz_fe/IR007_0.mat,source_domain/cwru_12khz_fe/IR007_0.mat,source_12khz_fe,X278_FE_time,12000,18000,30000,1.5,2.5,12000,18000,30000,IR,known_source,0.0,0.007,,FE,FE,1796.0,SKF6203_FE
WIN-18101343915a3d7c252f,source,RAWFILE-073,source_domain/cwru_12khz_fe/IR007_0.mat,source_domain/cwru_12khz_fe/IR007_0.mat,source_domain/cwru_12khz_fe/IR007_0.mat,source_12khz_fe,X278_FE_time,12000,24000,36000,2.0,3.0,12000,24000,36000,IR,known_source,0.0,0.007,,FE,FE,1796.0,SKF6203_FE
WIN-db7ef28204ff4354b799,source,RAWFILE-073,source_domain/cwru_12khz_fe/IR007_0.mat,source_domain/cwru_12khz_fe/IR007_0.mat,source_domain/cwru_12khz_fe/IR007_0.mat,source_12khz_fe,X278_FE_time,12000,30000,42000,2.5,3.5,12000,30000,42000,IR,known_source,0.0,0.007,,FE,FE,1796.0,SKF6203_FE
WIN-4858540c7771fcd31f5e,source,RAWFILE-073,source_domain/cwru_12khz_fe/IR007_0.mat,source_domain/cwru_12khz_fe/IR007_0.mat,source_domain/cwru_12khz_fe/IR007_0.mat,source_12khz_fe,X278_FE_time,12000,36000,48000,3.0,4.0,12000,36000,48000,IR,known_source,0.0,0.007,,FE,FE,1796.0,SKF6203_FE
WIN-236290c16e2454609e8f,source,RAWFILE-073,source_domain/cwru_12khz_fe/IR007_0.mat,source_domain/cwru_12khz_fe/IR007_0.mat,source_domain/cwru_12khz_fe/IR007_0.mat,source_12khz_fe,X278_FE_time,12000,42000,54000,3.5,4.5,12000,42000,54000,IR,known_source,0.0,0.007,,FE,FE,1796.0,SKF6203_FE
WIN-daf59a603c9555423e28,source,RAWFILE-073,source_domain/cwru_12khz_fe/IR007_0.mat,source_domain/cwru_12khz_fe/IR007_0.mat,source_domain/cwru_12khz_fe/IR007_0.mat,source_12khz_fe,X278_FE_time,12000,48000,60000,4.0,5.0,12000,48000,60000,IR,known_source,0.0,0.007,,FE,FE,1796.0,SKF6203_FE
WIN-e7a5ec78c744c22f6f7b,source,RAWFILE-073,source_domain/cwru_12khz_fe/IR007_0.mat,source_domain/cwru_12khz_fe/IR007_0.mat,source_domain/cwru_12khz_fe/IR007_0.mat,source_12khz_fe,X278_FE_time,12000,54000,66000,4.5,5.5,12000,54000,66000,IR,known_source,0.0,0.007,,FE,FE,1796.0,SKF6203_FE
WIN-8ea36ad1ed8ed4050ee1,source,RAWFILE-073,source_domain/cwru_12khz_fe/IR007_0.mat,source_domain/cwru_12khz_fe/IR007_0.mat,source_domain/cwru_12khz_fe/IR007_0.mat,source_12khz_fe,X278_FE_time,12000,60000,72000,5.0,6.0,12000,60000,72000,IR,known_source,0.0,0.007,,FE,FE,1796.0,SKF6203_FE
WIN-6df3b1a0e807f9bfdd2a,source,RAWFILE-073,source_domain/cwru_12khz_fe/IR007_0.mat,source_domain/cwru_12khz_fe/IR007_0.mat,source_domain/cwru_12khz_fe/IR007_0.mat,source_12khz_fe,X278_FE_time,12000,66000,78000,5.5,6.5,12000,66000,78000,IR,known_source,0.0,0.007,,FE,FE,1796.0,SKF6203_FE
WIN-3e58b4956f9eb2a15f8f,source,RAWFILE-073,source_domain/cwru_12khz_fe/IR007_0.mat,source_domain/cwru_12khz_fe/IR007_0.mat,source_domain/cwru_12khz_fe/IR007_0.mat,source_12khz_fe,X278_FE_time,12000,72000,84000,6.0,7.0,12000,72000,84000,IR,known_source,0.0,0.007,,FE,FE,1796.0,SKF6203_FE
WIN-fe011dea2903f8cd4c22,source,RAWFILE-073,source_domain/cwru_12khz_fe/IR007_0.mat,source_domain/cwru_12khz_fe/IR007_0.mat,source_domain/cwru_12khz_fe/IR007_0.mat,source_12khz_fe,X278_FE_time,12000,78000,90000,6.5,7.5,12000,78000,90000,IR,known_source,0.0,0.007,,FE,FE,1796.0,SKF6203_FE
WIN-6436369b6b6a5c89b6f4,source,RAWFILE-073,source_domain/cwru_12khz_fe/IR007_0.mat,source_domain/cwru_12khz_fe/IR007_0.mat,source_domain/cwru_12khz_fe/IR007_0.mat,source_12khz_fe,X278_FE_time,12000,84000,96000,7.0,8.0,12000,84000,96000,IR,known_source,0.0,0.007,,FE,FE,1796.0,SKF6203_FE
WIN-76b37ed3bc783c0cc905,source,RAWFILE-074,source_domain/cwru_12khz_fe/IR007_1.mat,source_domain/cwru_12khz_fe/IR007_1.mat,source_domain/cwru_12khz_fe/IR007_1.mat,source_12khz_fe,X279_FE_time,12000,0,12000,0.0,1.0,12000,0,12000,IR,known_source,1.0,0.007,,FE,FE,1772.0,SKF6203_FE
WIN-ba35f61877490475d0c1,source,RAWFILE-074,source_domain/cwru_12khz_fe/IR007_1.mat,source_domain/cwru_12khz_fe/IR007_1.mat,source_domain/cwru_12khz_fe/IR007_1.mat,source_12khz_fe,X279_FE_time,12000,6000,18000,0.5,1.5,12000,6000,18000,IR,known_source,1.0,0.007,,FE,FE,1772.0,SKF6203_FE
WIN-7d6464ba2fca178a047a,source,RAWFILE-074,source_domain/cwru_12khz_fe/IR007_1.mat,source_domain/cwru_12khz_fe/IR007_1.mat,source_domain/cwru_12khz_fe/IR007_1.mat,source_12khz_fe,X279_FE_time,12000,12000,24000,1.0,2.0,12000,12000,24000,IR,known_source,1.0,0.007,,FE,FE,1772.0,SKF6203_FE
WIN-818ad005e3cb0f8cfeb1,source,RAWFILE-074,source_domain/cwru_12khz_fe/IR007_1.mat,source_domain/cwru_12khz_fe/IR007_1.mat,source_domain/cwru_12khz_fe/IR007_1.mat,source_12khz_fe,X279_FE_time,12000,18000,30000,1.5,2.5,12000,18000,30000,IR,known_source,1.0,0.007,,FE,FE,1772.0,SKF6203_FE
WIN-81b726fe00d127972160,source,RAWFILE-074,source_domain/cwru_12khz_fe/IR007_1.mat,source_domain/cwru_12khz_fe/IR007_1.mat,source_domain/cwru_12khz_fe/IR007_1.mat,source_12khz_fe,X279_FE_time,12000,24000,36000,2.0,3.0,12000,24000,36000,IR,known_source,1.0,0.007,,FE,FE,1772.0,SKF6203_FE
WIN-5c17bd1b9c8c56bae671,source,RAWFILE-074,source_domain/cwru_12khz_fe/IR007_1.mat,source_domain/cwru_12khz_fe/IR007_1.mat,source_domain/cwru_12khz_fe/IR007_1.mat,source_12khz_fe,X279_FE_time,12000,30000,42000,2.5,3.5,12000,30000,42000,IR,known_source,1.0,0.007,,FE,FE,1772.0,SKF6203_FE
WIN-31d80cf41e038ac53d82,source,RAWFILE-074,source_domain/cwru_12khz_fe/IR007_1.mat,source_domain/cwru_12khz_fe/IR007_1.mat,source_domain/cwru_12khz_fe/IR007_1.mat,source_12khz_fe,X279_FE_time,12000,36000,48000,3.0,4.0,12000,36000,48000,IR,known_source,1.0,0.007,,FE,FE,1772.0,SKF6203_FE
WIN-65b070ef7b219013641f,source,RAWFILE-074,source_domain/cwru_12khz_fe/IR007_1.mat,source_domain/cwru_12khz_fe/IR007_1.mat,source_domain/cwru_12khz_fe/IR007_1.mat,source_12khz_fe,X279_FE_time,12000,42000,54000,3.5,4.5,12000,42000,54000,IR,known_source,1.0,0.007,,FE,FE,1772.0,SKF6203_FE
WIN-675d4546c409d80d86e3,source,RAWFILE-074,source_domain/cwru_12khz_fe/IR007_1.mat,source_domain/cwru_12khz_fe/IR007_1.mat,source_domain/cwru_12khz_fe/IR007_1.mat,source_12khz_fe,X279_FE_time,12000,48000,60000,4.0,5.0,12000,48000,60000,IR,known_source,1.0,0.007,,FE,FE,1772.0,SKF6203_FE
WIN-6c7a4134cbf512b3a28e,source,RAWFILE-074,source_domain/cwru_12khz_fe/IR007_1.mat,source_domain/cwru_12khz_fe/IR007_1.mat,source_domain/cwru_12khz_fe/IR007_1.mat,source_12khz_fe,X279_FE_time,12000,54000,66000,4.5,5.5,12000,54000,66000,IR,known_source,1.0,0.007,,FE,FE,1772.0,SKF6203_FE
WIN-1609a00ca1d3a822e2dd,source,RAWFILE-074,source_domain/cwru_12khz_fe/IR007_1.mat,source_domain/cwru_12khz_fe/IR007_1.mat,source_domain/cwru_12khz_fe/IR007_1.mat,source_12khz_fe,X279_FE_time,12000,60000,72000,5.0,6.0,12000,60000,72000,IR,known_source,1.0,0.007,,FE,FE,1772.0,SKF6203_FE
WIN-c3216774c4460e657567,source,RAWFILE-074,source_domain/cwru_12khz_fe/IR007_1.mat,source_domain/cwru_12khz_fe/IR007_1.mat,source_domain/cwru_12khz_fe/IR007_1.mat,source_12khz_fe,X279_FE_time,12000,66000,78000,5.5,6.5,12000,66000,78000,IR,known_source,1.0,0.007,,FE,FE,1772.0,SKF6203_FE
WIN-793fae25042f4a3987f1,source,RAWFILE-074,source_domain/cwru_12khz_fe/IR007_1.mat,source_domain/cwru_12khz_fe/IR007_1.mat,source_domain/cwru_12khz_fe/IR007_1.mat,source_12khz_fe,X279_FE_time,12000,72000,84000,6.0,7.0,12000,72000,84000,IR,known_source,1.0,0.007,,FE,FE,1772.0,SKF6203_FE
WIN-73592ac81c9a7a22bac3,source,RAWFILE-074,source_domain/cwru_12khz_fe/IR007_1.mat,source_domain/cwru_12khz_fe/IR007_1.mat,source_domain/cwru_12khz_fe/IR007_1.mat,source_12khz_fe,X279_FE_time,12000,78000,90000,6.5,7.5,12000,78000,90000,IR,known_source,1.0,0.007,,FE,FE,1772.0,SKF6203_FE
WIN-6fc76f988f52786ece77,source,RAWFILE-074,source_domain/cwru_12khz_fe/IR007_1.mat,source_domain/cwru_12khz_fe/IR007_1.mat,source_domain/cwru_12khz_fe/IR007_1.mat,source_12khz_fe,X279_FE_time,12000,84000,96000,7.0,8.0,12000,84000,96000,IR,known_source,1.0,0.007,,FE,FE,1772.0,SKF6203_FE
WIN-b5260e2cd6b8d8f6cd67,source,RAWFILE-075,source_domain/cwru_12khz_fe/IR007_2.mat,source_domain/cwru_12khz_fe/IR007_2.mat,source_domain/cwru_12khz_fe/IR007_2.mat,source_12khz_fe,X280_FE_time,12000,0,12000,0.0,1.0,12000,0,12000,IR,known_source,2.0,0.007,,FE,FE,1755.0,SKF6203_FE
WIN-ade913420fc52d55847c,source,RAWFILE-075,source_domain/cwru_12khz_fe/IR007_2.mat,source_domain/cwru_12khz_fe/IR007_2.mat,source_domain/cwru_12khz_fe/IR007_2.mat,source_12khz_fe,X280_FE_time,12000,6000,18000,0.5,1.5,12000,6000,18000,IR,known_source,2.0,0.007,,FE,FE,1755.0,SKF6203_FE
WIN-01e7e62f4c2ecbdb18db,source,RAWFILE-075,source_domain/cwru_12khz_fe/IR007_2.mat,source_domain/cwru_12khz_fe/IR007_2.mat,source_domain/cwru_12khz_fe/IR007_2.mat,source_12khz_fe,X280_FE_time,12000,12000,24000,1.0,2.0,12000,12000,24000,IR,known_source,2.0,0.007,,FE,FE,1755.0,SKF6203_FE
WIN-70314c3ab088ce2bee55,source,RAWFILE-075,source_domain/cwru_12khz_fe/IR007_2.mat,source_domain/cwru_12khz_fe/IR007_2.mat,source_domain/cwru_12khz_fe/IR007_2.mat,source_12khz_fe,X280_FE_time,12000,18000,30000,1.5,2.5,12000,18000,30000,IR,known_source,2.0,0.007,,FE,FE,1755.0,SKF6203_FE
WIN-fed04242cbf1719d78bf,source,RAWFILE-075,source_domain/cwru_12khz_fe/IR007_2.mat,source_domain/cwru_12khz_fe/IR007_2.mat,source_domain/cwru_12khz_fe/IR007_2.mat,source_12khz_fe,X280_FE_time,12000,24000,36000,2.0,3.0,12000,24000,36000,IR,known_source,2.0,0.007,,FE,FE,1755.0,SKF6203_FE
WIN-979bf2d8b4fd579dcd33,source,RAWFILE-075,source_domain/cwru_12khz_fe/IR007_2.mat,source_domain/cwru_12khz_fe/IR007_2.mat,source_domain/cwru_12khz_fe/IR007_2.mat,source_12khz_fe,X280_FE_time,12000,30000,42000,2.5,3.5,12000,30000,42000,IR,known_source,2.0,0.007,,FE,FE,1755.0,SKF6203_FE
WIN-858f672a8ed729a64e8e,source,RAWFILE-075,source_domain/cwru_12khz_fe/IR007_2.mat,source_domain/cwru_12khz_fe/IR007_2.mat,source_domain/cwru_12khz_fe/IR007_2.mat,source_12khz_fe,X280_FE_time,12000,36000,48000,3.0,4.0,12000,36000,48000,IR,known_source,2.0,0.007,,FE,FE,1755.0,SKF6203_FE
WIN-75ab10ed4c5e44e818b5,source,RAWFILE-075,source_domain/cwru_12khz_fe/IR007_2.mat,source_domain/cwru_12khz_fe/IR007_2.mat,source_domain/cwru_12khz_fe/IR007_2.mat,source_12khz_fe,X280_FE_time,12000,42000,54000,3.5,4.5,12000,42000,54000,IR,known_source,2.0,0.007,,FE,FE,1755.0,SKF6203_FE
WIN-bd346145ae546172e166,source,RAWFILE-075,source_domain/cwru_12khz_fe/IR007_2.mat,source_domain/cwru_12khz_fe/IR007_2.mat,source_domain/cwru_12khz_fe/IR007_2.mat,source_12khz_fe,X280_FE_time,12000,48000,60000,4.0,5.0,12000,48000,60000,IR,known_source,2.0,0.007,,FE,FE,1755.0,SKF6203_FE
WIN-14dc9dcdf84c6b5f3943,source,RAWFILE-075,source_domain/cwru_12khz_fe/IR007_2.mat,source_domain/cwru_12khz_fe/IR007_2.mat,source_domain/cwru_12khz_fe/IR007_2.mat,source_12khz_fe,X280_FE_time,12000,54000,66000,4.5,5.5,12000,54000,66000,IR,known_source,2.0,0.007,,FE,FE,1755.0,SKF6203_FE
WIN-06b3ee637ecb4727711e,source,RAWFILE-075,source_domain/cwru_12khz_fe/IR007_2.mat,source_domain/cwru_12khz_fe/IR007_2.mat,source_domain/cwru_12khz_fe/IR007_2.mat,source_12khz_fe,X280_FE_time,12000,60000,72000,5.0,6.0,12000,60000,72000,IR,known_source,2.0,0.007,,FE,FE,1755.0,SKF6203_FE
WIN-8c6bd41037c8c6a97b20,source,RAWFILE-075,source_domain/cwru_12khz_fe/IR007_2.mat,source_domain/cwru_12khz_fe/IR007_2.mat,source_domain/cwru_12khz_fe/IR007_2.mat,source_12khz_fe,X280_FE_time,12000,66000,78000,5.5,6.5,12000,66000,78000,IR,known_source,2.0,0.007,,FE,FE,1755.0,SKF6203_FE
WIN-666695e7042d3c8f85e4,source,RAWFILE-075,source_domain/cwru_12khz_fe/IR007_2.mat,source_domain/cwru_12khz_fe/IR007_2.mat,source_domain/cwru_12khz_fe/IR007_2.mat,source_12khz_fe,X280_FE_time,12000,72000,84000,6.0,7.0,12000,72000,84000,IR,known_source,2.0,0.007,,FE,FE,1755.0,SKF6203_FE
WIN-b6c4c97697e059fc19ad,source,RAWFILE-075,source_domain/cwru_12khz_fe/IR007_2.mat,source_domain/cwru_12khz_fe/IR007_2.mat,source_domain/cwru_12khz_fe/IR007_2.mat,source_12khz_fe,X280_FE_time,12000,78000,90000,6.5,7.5,12000,78000,90000,IR,known_source,2.0,0.007,,FE,FE,1755.0,SKF6203_FE
WIN-6096a5f0b148a34900c5,source,RAWFILE-075,source_domain/cwru_12khz_fe/IR007_2.mat,source_domain/cwru_12khz_fe/IR007_2.mat,source_domain/cwru_12khz_fe/IR007_2.mat,source_12khz_fe,X280_FE_time,12000,84000,96000,7.0,8.0,12000,84000,96000,IR,known_source,2.0,0.007,,FE,FE,1755.0,SKF6203_FE
WIN-36c3fb867e1ebbfb7945,source,RAWFILE-076,source_domain/cwru_12khz_fe/IR007_3.mat,source_domain/cwru_12khz_fe/IR007_3.mat,source_domain/cwru_12khz_fe/IR007_3.mat,source_12khz_fe,X281_FE_time,12000,0,12000,0.0,1.0,12000,0,12000,IR,known_source,3.0,0.007,,FE,FE,1732.0,SKF6203_FE
WIN-2f3a8feb7ac80dd3054b,source,RAWFILE-076,source_domain/cwru_12khz_fe/IR007_3.mat,source_domain/cwru_12khz_fe/IR007_3.mat,source_domain/cwru_12khz_fe/IR007_3.mat,source_12khz_fe,X281_FE_time,12000,6000,18000,0.5,1.5,12000,6000,18000,IR,known_source,3.0,0.007,,FE,FE,1732.0,SKF6203_FE
WIN-c0c957a2ebecccd09b09,source,RAWFILE-076,source_domain/cwru_12khz_fe/IR007_3.mat,source_domain/cwru_12khz_fe/IR007_3.mat,source_domain/cwru_12khz_fe/IR007_3.mat,source_12khz_fe,X281_FE_time,12000,12000,24000,1.0,2.0,12000,12000,24000,IR,known_source,3.0,0.007,,FE,FE,1732.0,SKF6203_FE
WIN-9e34e8c735e92f8efcc4,source,RAWFILE-076,source_domain/cwru_12khz_fe/IR007_3.mat,source_domain/cwru_12khz_fe/IR007_3.mat,source_domain/cwru_12khz_fe/IR007_3.mat,source_12khz_fe,X281_FE_time,12000,18000,30000,1.5,2.5,12000,18000,30000,IR,known_source,3.0,0.007,,FE,FE,1732.0,SKF6203_FE
WIN-05e3b5dba0b8bf0cec71,source,RAWFILE-076,source_domain/cwru_12khz_fe/IR007_3.mat,source_domain/cwru_12khz_fe/IR007_3.mat,source_domain/cwru_12khz_fe/IR007_3.mat,source_12khz_fe,X281_FE_time,12000,24000,36000,2.0,3.0,12000,24000,36000,IR,known_source,3.0,0.007,,FE,FE,1732.0,SKF6203_FE
WIN-b3826052360ede3025ed,source,RAWFILE-076,source_domain/cwru_12khz_fe/IR007_3.mat,source_domain/cwru_12khz_fe/IR007_3.mat,source_domain/cwru_12khz_fe/IR007_3.mat,source_12khz_fe,X281_FE_time,12000,30000,42000,2.5,3.5,12000,30000,42000,IR,known_source,3.0,0.007,,FE,FE,1732.0,SKF6203_FE
WIN-876fac0ccd4036166ffe,source,RAWFILE-076,source_domain/cwru_12khz_fe/IR007_3.mat,source_domain/cwru_12khz_fe/IR007_3.mat,source_domain/cwru_12khz_fe/IR007_3.mat,source_12khz_fe,X281_FE_time,12000,36000,48000,3.0,4.0,12000,36000,48000,IR,known_source,3.0,0.007,,FE,FE,1732.0,SKF6203_FE
WIN-95ba58e2644691cf9155,source,RAWFILE-076,source_domain/cwru_12khz_fe/IR007_3.mat,source_domain/cwru_12khz_fe/IR007_3.mat,source_domain/cwru_12khz_fe/IR007_3.mat,source_12khz_fe,X281_FE_time,12000,42000,54000,3.5,4.5,12000,42000,54000,IR,known_source,3.0,0.007,,FE,FE,1732.0,SKF6203_FE
WIN-db8aa1c4a131bb7d038d,source,RAWFILE-076,source_domain/cwru_12khz_fe/IR007_3.mat,source_domain/cwru_12khz_fe/IR007_3.mat,source_domain/cwru_12khz_fe/IR007_3.mat,source_12khz_fe,X281_FE_time,12000,48000,60000,4.0,5.0,12000,48000,60000,IR,known_source,3.0,0.007,,FE,FE,1732.0,SKF6203_FE
WIN-39e8b4aaf58b74cc748a,source,RAWFILE-076,source_domain/cwru_12khz_fe/IR007_3.mat,source_domain/cwru_12khz_fe/IR007_3.mat,source_domain/cwru_12khz_fe/IR007_3.mat,source_12khz_fe,X281_FE_time,12000,54000,66000,4.5,5.5,12000,54000,66000,IR,known_source,3.0,0.007,,FE,FE,1732.0,SKF6203_FE
WIN-02135945bb18ff887375,source,RAWFILE-076,source_domain/cwru_12khz_fe/IR007_3.mat,source_domain/cwru_12khz_fe/IR007_3.mat,source_domain/cwru_12khz_fe/IR007_3.mat,source_12khz_fe,X281_FE_time,12000,60000,72000,5.0,6.0,12000,60000,72000,IR,known_source,3.0,0.007,,FE,FE,1732.0,SKF6203_FE
WIN-9b30f7c42b134f3dd64a,source,RAWFILE-076,source_domain/cwru_12khz_fe/IR007_3.mat,source_domain/cwru_12khz_fe/IR007_3.mat,source_domain/cwru_12khz_fe/IR007_3.mat,source_12khz_fe,X281_FE_time,12000,66000,78000,5.5,6.5,12000,66000,78000,IR,known_source,3.0,0.007,,FE,FE,1732.0,SKF6203_FE
WIN-d1c33fd95c8d96968d54,source,RAWFILE-076,source_domain/cwru_12khz_fe/IR007_3.mat,source_domain/cwru_12khz_fe/IR007_3.mat,source_domain/cwru_12khz_fe/IR007_3.mat,source_12khz_fe,X281_FE_time,12000,72000,84000,6.0,7.0,12000,72000,84000,IR,known_source,3.0,0.007,,FE,FE,1732.0,SKF6203_FE
WIN-70fafa99e816d7111b6d,source,RAWFILE-076,source_domain/cwru_12khz_fe/IR007_3.mat,source_domain/cwru_12khz_fe/IR007_3.mat,source_domain/cwru_12khz_fe/IR007_3.mat,source_12khz_fe,X281_FE_time,12000,78000,90000,6.5,7.5,12000,78000,90000,IR,known_source,3.0,0.007,,FE,FE,1732.0,SKF6203_FE
WIN-386787f7137c8175d934,source,RAWFILE-076,source_domain/cwru_12khz_fe/IR007_3.mat,source_domain/cwru_12khz_fe/IR007_3.mat,source_domain/cwru_12khz_fe/IR007_3.mat,source_12khz_fe,X281_FE_time,12000,84000,96000,7.0,8.0,12000,84000,96000,IR,known_source,3.0,0.007,,FE,FE,1732.0,SKF6203_FE
WIN-62696365c983df932a8d,source,RAWFILE-077,source_domain/cwru_12khz_fe/IR014_0.mat,source_domain/cwru_12khz_fe/IR014_0.mat,source_domain/cwru_12khz_fe/IR014_0.mat,source_12khz_fe,X274_FE_time,12000,0,12000,0.0,1.0,12000,0,12000,IR,known_source,0.0,0.014,,FE,FE,1796.0,SKF6203_FE
WIN-b1ebedb36966d2107ec7,source,RAWFILE-077,source_domain/cwru_12khz_fe/IR014_0.mat,source_domain/cwru_12khz_fe/IR014_0.mat,source_domain/cwru_12khz_fe/IR014_0.mat,source_12khz_fe,X274_FE_time,12000,6000,18000,0.5,1.5,12000,6000,18000,IR,known_source,0.0,0.014,,FE,FE,1796.0,SKF6203_FE
WIN-21f44ece947d5ffbac4a,source,RAWFILE-077,source_domain/cwru_12khz_fe/IR014_0.mat,source_domain/cwru_12khz_fe/IR014_0.mat,source_domain/cwru_12khz_fe/IR014_0.mat,source_12khz_fe,X274_FE_time,12000,12000,24000,1.0,2.0,12000,12000,24000,IR,known_source,0.0,0.014,,FE,FE,1796.0,SKF6203_FE
WIN-b72afe8ff9e3e40e1833,source,RAWFILE-077,source_domain/cwru_12khz_fe/IR014_0.mat,source_domain/cwru_12khz_fe/IR014_0.mat,source_domain/cwru_12khz_fe/IR014_0.mat,source_12khz_fe,X274_FE_time,12000,18000,30000,1.5,2.5,12000,18000,30000,IR,known_source,0.0,0.014,,FE,FE,1796.0,SKF6203_FE
WIN-06ef77117f462ca4aafc,source,RAWFILE-077,source_domain/cwru_12khz_fe/IR014_0.mat,source_domain/cwru_12khz_fe/IR014_0.mat,source_domain/cwru_12khz_fe/IR014_0.mat,source_12khz_fe,X274_FE_time,12000,24000,36000,2.0,3.0,12000,24000,36000,IR,known_source,0.0,0.014,,FE,FE,1796.0,SKF6203_FE
WIN-14b7f82858bbdbf77eeb,source,RAWFILE-077,source_domain/cwru_12khz_fe/IR014_0.mat,source_domain/cwru_12khz_fe/IR014_0.mat,source_domain/cwru_12khz_fe/IR014_0.mat,source_12khz_fe,X274_FE_time,12000,30000,42000,2.5,3.5,12000,30000,42000,IR,known_source,0.0,0.014,,FE,FE,1796.0,SKF6203_FE
WIN-57fcacb5f64126c65095,source,RAWFILE-077,source_domain/cwru_12khz_fe/IR014_0.mat,source_domain/cwru_12khz_fe/IR014_0.mat,source_domain/cwru_12khz_fe/IR014_0.mat,source_12khz_fe,X274_FE_time,12000,36000,48000,3.0,4.0,12000,36000,48000,IR,known_source,0.0,0.014,,FE,FE,1796.0,SKF6203_FE
WIN-39974fa6f44d1515f03e,source,RAWFILE-077,source_domain/cwru_12khz_fe/IR014_0.mat,source_domain/cwru_12khz_fe/IR014_0.mat,source_domain/cwru_12khz_fe/IR014_0.mat,source_12khz_fe,X274_FE_time,12000,42000,54000,3.5,4.5,12000,42000,54000,IR,known_source,0.0,0.014,,FE,FE,1796.0,SKF6203_FE
WIN-d484361e8fdc962b15cf,source,RAWFILE-077,source_domain/cwru_12khz_fe/IR014_0.mat,source_domain/cwru_12khz_fe/IR014_0.mat,source_domain/cwru_12khz_fe/IR014_0.mat,source_12khz_fe,X274_FE_time,12000,48000,60000,4.0,5.0,12000,48000,60000,IR,known_source,0.0,0.014,,FE,FE,1796.0,SKF6203_FE
WIN-571156a292963ce10be9,source,RAWFILE-077,source_domain/cwru_12khz_fe/IR014_0.mat,source_domain/cwru_12khz_fe/IR014_0.mat,source_domain/cwru_12khz_fe/IR014_0.mat,source_12khz_fe,X274_FE_time,12000,54000,66000,4.5,5.5,12000,54000,66000,IR,known_source,0.0,0.014,,FE,FE,1796.0,SKF6203_FE
WIN-8271e42c86cd42bc4463,source,RAWFILE-077,source_domain/cwru_12khz_fe/IR014_0.mat,source_domain/cwru_12khz_fe/IR014_0.mat,source_domain/cwru_12khz_fe/IR014_0.mat,source_12khz_fe,X274_FE_time,12000,60000,72000,5.0,6.0,12000,60000,72000,IR,known_source,0.0,0.014,,FE,FE,1796.0,SKF6203_FE
WIN-57bd81b8264d6660c5d3,source,RAWFILE-077,source_domain/cwru_12khz_fe/IR014_0.mat,source_domain/cwru_12khz_fe/IR014_0.mat,source_domain/cwru_12khz_fe/IR014_0.mat,source_12khz_fe,X274_FE_time,12000,66000,78000,5.5,6.5,12000,66000,78000,IR,known_source,0.0,0.014,,FE,FE,1796.0,SKF6203_FE
WIN-dad8679918e8871ce2f0,source,RAWFILE-077,source_domain/cwru_12khz_fe/IR014_0.mat,source_domain/cwru_12khz_fe/IR014_0.mat,source_domain/cwru_12khz_fe/IR014_0.mat,source_12khz_fe,X274_FE_time,12000,72000,84000,6.0,7.0,12000,72000,84000,IR,known_source,0.0,0.014,,FE,FE,1796.0,SKF6203_FE
WIN-f7c77baae89c17b6049f,source,RAWFILE-077,source_domain/cwru_12khz_fe/IR014_0.mat,source_domain/cwru_12khz_fe/IR014_0.mat,source_domain/cwru_12khz_fe/IR014_0.mat,source_12khz_fe,X274_FE_time,12000,78000,90000,6.5,7.5,12000,78000,90000,IR,known_source,0.0,0.014,,FE,FE,1796.0,SKF6203_FE
WIN-f743df3c3f350713e282,source,RAWFILE-077,source_domain/cwru_12khz_fe/IR014_0.mat,source_domain/cwru_12khz_fe/IR014_0.mat,source_domain/cwru_12khz_fe/IR014_0.mat,source_12khz_fe,X274_FE_time,12000,84000,96000,7.0,8.0,12000,84000,96000,IR,known_source,0.0,0.014,,FE,FE,1796.0,SKF6203_FE
WIN-85ae90faabadab7d5828,source,RAWFILE-078,source_domain/cwru_12khz_fe/IR014_1.mat,source_domain/cwru_12khz_fe/IR014_1.mat,source_domain/cwru_12khz_fe/IR014_1.mat,source_12khz_fe,X275_FE_time,12000,0,12000,0.0,1.0,12000,0,12000,IR,known_source,1.0,0.014,,FE,FE,1775.0,SKF6203_FE
WIN-bfd566badf798378011f,source,RAWFILE-078,source_domain/cwru_12khz_fe/IR014_1.mat,source_domain/cwru_12khz_fe/IR014_1.mat,source_domain/cwru_12khz_fe/IR014_1.mat,source_12khz_fe,X275_FE_time,12000,6000,18000,0.5,1.5,12000,6000,18000,IR,known_source,1.0,0.014,,FE,FE,1775.0,SKF6203_FE
WIN-a7acf3397ee9375b0e93,source,RAWFILE-078,source_domain/cwru_12khz_fe/IR014_1.mat,source_domain/cwru_12khz_fe/IR014_1.mat,source_domain/cwru_12khz_fe/IR014_1.mat,source_12khz_fe,X275_FE_time,12000,12000,24000,1.0,2.0,12000,12000,24000,IR,known_source,1.0,0.014,,FE,FE,1775.0,SKF6203_FE
WIN-3826c922b4c105df2f7d,source,RAWFILE-078,source_domain/cwru_12khz_fe/IR014_1.mat,source_domain/cwru_12khz_fe/IR014_1.mat,source_domain/cwru_12khz_fe/IR014_1.mat,source_12khz_fe,X275_FE_time,12000,18000,30000,1.5,2.5,12000,18000,30000,IR,known_source,1.0,0.014,,FE,FE,1775.0,SKF6203_FE
WIN-42e666986313bfbb88ab,source,RAWFILE-078,source_domain/cwru_12khz_fe/IR014_1.mat,source_domain/cwru_12khz_fe/IR014_1.mat,source_domain/cwru_12khz_fe/IR014_1.mat,source_12khz_fe,X275_FE_time,12000,24000,36000,2.0,3.0,12000,24000,36000,IR,known_source,1.0,0.014,,FE,FE,1775.0,SKF6203_FE
WIN-ec477fae56320663b28f,source,RAWFILE-078,source_domain/cwru_12khz_fe/IR014_1.mat,source_domain/cwru_12khz_fe/IR014_1.mat,source_domain/cwru_12khz_fe/IR014_1.mat,source_12khz_fe,X275_FE_time,12000,30000,42000,2.5,3.5,12000,30000,42000,IR,known_source,1.0,0.014,,FE,FE,1775.0,SKF6203_FE
WIN-c99d826df9499e731fbf,source,RAWFILE-078,source_domain/cwru_12khz_fe/IR014_1.mat,source_domain/cwru_12khz_fe/IR014_1.mat,source_domain/cwru_12khz_fe/IR014_1.mat,source_12khz_fe,X275_FE_time,12000,36000,48000,3.0,4.0,12000,36000,48000,IR,known_source,1.0,0.014,,FE,FE,1775.0,SKF6203_FE
WIN-cdc328545af4f4423377,source,RAWFILE-078,source_domain/cwru_12khz_fe/IR014_1.mat,source_domain/cwru_12khz_fe/IR014_1.mat,source_domain/cwru_12khz_fe/IR014_1.mat,source_12khz_fe,X275_FE_time,12000,42000,54000,3.5,4.5,12000,42000,54000,IR,known_source,1.0,0.014,,FE,FE,1775.0,SKF6203_FE
WIN-2290f757189fbcbee4aa,source,RAWFILE-078,source_domain/cwru_12khz_fe/IR014_1.mat,source_domain/cwru_12khz_fe/IR014_1.mat,source_domain/cwru_12khz_fe/IR014_1.mat,source_12khz_fe,X275_FE_time,12000,48000,60000,4.0,5.0,12000,48000,60000,IR,known_source,1.0,0.014,,FE,FE,1775.0,SKF6203_FE
WIN-cc3fd51f324cf584e730,source,RAWFILE-078,source_domain/cwru_12khz_fe/IR014_1.mat,source_domain/cwru_12khz_fe/IR014_1.mat,source_domain/cwru_12khz_fe/IR014_1.mat,source_12khz_fe,X275_FE_time,12000,54000,66000,4.5,5.5,12000,54000,66000,IR,known_source,1.0,0.014,,FE,FE,1775.0,SKF6203_FE
WIN-de8659e3136d7a79549a,source,RAWFILE-078,source_domain/cwru_12khz_fe/IR014_1.mat,source_domain/cwru_12khz_fe/IR014_1.mat,source_domain/cwru_12khz_fe/IR014_1.mat,source_12khz_fe,X275_FE_time,12000,60000,72000,5.0,6.0,12000,60000,72000,IR,known_source,1.0,0.014,,FE,FE,1775.0,SKF6203_FE
WIN-8a9c1c6fa65078d2c247,source,RAWFILE-078,source_domain/cwru_12khz_fe/IR014_1.mat,source_domain/cwru_12khz_fe/IR014_1.mat,source_domain/cwru_12khz_fe/IR014_1.mat,source_12khz_fe,X275_FE_time,12000,66000,78000,5.5,6.5,12000,66000,78000,IR,known_source,1.0,0.014,,FE,FE,1775.0,SKF6203_FE
WIN-9e326f99a153645d35c6,source,RAWFILE-078,source_domain/cwru_12khz_fe/IR014_1.mat,source_domain/cwru_12khz_fe/IR014_1.mat,source_domain/cwru_12khz_fe/IR014_1.mat,source_12khz_fe,X275_FE_time,12000,72000,84000,6.0,7.0,12000,72000,84000,IR,known_source,1.0,0.014,,FE,FE,1775.0,SKF6203_FE
WIN-c6091c5f9ebb00bcb9ad,source,RAWFILE-078,source_domain/cwru_12khz_fe/IR014_1.mat,source_domain/cwru_12khz_fe/IR014_1.mat,source_domain/cwru_12khz_fe/IR014_1.mat,source_12khz_fe,X275_FE_time,12000,78000,90000,6.5,7.5,12000,78000,90000,IR,known_source,1.0,0.014,,FE,FE,1775.0,SKF6203_FE
WIN-230fdb831982ad274196,source,RAWFILE-078,source_domain/cwru_12khz_fe/IR014_1.mat,source_domain/cwru_12khz_fe/IR014_1.mat,source_domain/cwru_12khz_fe/IR014_1.mat,source_12khz_fe,X275_FE_time,12000,84000,96000,7.0,8.0,12000,84000,96000,IR,known_source,1.0,0.014,,FE,FE,1775.0,SKF6203_FE
WIN-8dd5a29353542d2461f5,source,RAWFILE-079,source_domain/cwru_12khz_fe/IR014_2.mat,source_domain/cwru_12khz_fe/IR014_2.mat,source_domain/cwru_12khz_fe/IR014_2.mat,source_12khz_fe,X276_FE_time,12000,0,12000,0.0,1.0,12000,0,12000,IR,known_source,2.0,0.014,,FE,FE,1755.0,SKF6203_FE
WIN-1ac7616db8fc9d99f80d,source,RAWFILE-079,source_domain/cwru_12khz_fe/IR014_2.mat,source_domain/cwru_12khz_fe/IR014_2.mat,source_domain/cwru_12khz_fe/IR014_2.mat,source_12khz_fe,X276_FE_time,12000,6000,18000,0.5,1.5,12000,6000,18000,IR,known_source,2.0,0.014,,FE,FE,1755.0,SKF6203_FE
WIN-86e44c67fde4f980e3f0,source,RAWFILE-079,source_domain/cwru_12khz_fe/IR014_2.mat,source_domain/cwru_12khz_fe/IR014_2.mat,source_domain/cwru_12khz_fe/IR014_2.mat,source_12khz_fe,X276_FE_time,12000,12000,24000,1.0,2.0,12000,12000,24000,IR,known_source,2.0,0.014,,FE,FE,1755.0,SKF6203_FE
WIN-0ea1ca1043aa44936435,source,RAWFILE-079,source_domain/cwru_12khz_fe/IR014_2.mat,source_domain/cwru_12khz_fe/IR014_2.mat,source_domain/cwru_12khz_fe/IR014_2.mat,source_12khz_fe,X276_FE_time,12000,18000,30000,1.5,2.5,12000,18000,30000,IR,known_source,2.0,0.014,,FE,FE,1755.0,SKF6203_FE
WIN-d184189702c1c23867ae,source,RAWFILE-079,source_domain/cwru_12khz_fe/IR014_2.mat,source_domain/cwru_12khz_fe/IR014_2.mat,source_domain/cwru_12khz_fe/IR014_2.mat,source_12khz_fe,X276_FE_time,12000,24000,36000,2.0,3.0,12000,24000,36000,IR,known_source,2.0,0.014,,FE,FE,1755.0,SKF6203_FE
WIN-5b1a9fb52dcc810feee9,source,RAWFILE-079,source_domain/cwru_12khz_fe/IR014_2.mat,source_domain/cwru_12khz_fe/IR014_2.mat,source_domain/cwru_12khz_fe/IR014_2.mat,source_12khz_fe,X276_FE_time,12000,30000,42000,2.5,3.5,12000,30000,42000,IR,known_source,2.0,0.014,,FE,FE,1755.0,SKF6203_FE
WIN-be0f658db58ac0f0ff8a,source,RAWFILE-079,source_domain/cwru_12khz_fe/IR014_2.mat,source_domain/cwru_12khz_fe/IR014_2.mat,source_domain/cwru_12khz_fe/IR014_2.mat,source_12khz_fe,X276_FE_time,12000,36000,48000,3.0,4.0,12000,36000,48000,IR,known_source,2.0,0.014,,FE,FE,1755.0,SKF6203_FE
WIN-c8ed48b34da272d4bdf6,source,RAWFILE-079,source_domain/cwru_12khz_fe/IR014_2.mat,source_domain/cwru_12khz_fe/IR014_2.mat,source_domain/cwru_12khz_fe/IR014_2.mat,source_12khz_fe,X276_FE_time,12000,42000,54000,3.5,4.5,12000,42000,54000,IR,known_source,2.0,0.014,,FE,FE,1755.0,SKF6203_FE
WIN-cfd83e247fe639de1309,source,RAWFILE-079,source_domain/cwru_12khz_fe/IR014_2.mat,source_domain/cwru_12khz_fe/IR014_2.mat,source_domain/cwru_12khz_fe/IR014_2.mat,source_12khz_fe,X276_FE_time,12000,48000,60000,4.0,5.0,12000,48000,60000,IR,known_source,2.0,0.014,,FE,FE,1755.0,SKF6203_FE
WIN-92efb6dd469ce2ac10d0,source,RAWFILE-079,source_domain/cwru_12khz_fe/IR014_2.mat,source_domain/cwru_12khz_fe/IR014_2.mat,source_domain/cwru_12khz_fe/IR014_2.mat,source_12khz_fe,X276_FE_time,12000,54000,66000,4.5,5.5,12000,54000,66000,IR,known_source,2.0,0.014,,FE,FE,1755.0,SKF6203_FE
WIN-b0ec0d90db45a81fe520,source,RAWFILE-079,source_domain/cwru_12khz_fe/IR014_2.mat,source_domain/cwru_12khz_fe/IR014_2.mat,source_domain/cwru_12khz_fe/IR014_2.mat,source_12khz_fe,X276_FE_time,12000,60000,72000,5.0,6.0,12000,60000,72000,IR,known_source,2.0,0.014,,FE,FE,1755.0,SKF6203_FE
WIN-bab8f26b2be44958d70f,source,RAWFILE-079,source_domain/cwru_12khz_fe/IR014_2.mat,source_domain/cwru_12khz_fe/IR014_2.mat,source_domain/cwru_12khz_fe/IR014_2.mat,source_12khz_fe,X276_FE_time,12000,66000,78000,5.5,6.5,12000,66000,78000,IR,known_source,2.0,0.014,,FE,FE,1755.0,SKF6203_FE
WIN-307631e7cb0fb39c919d,source,RAWFILE-079,source_domain/cwru_12khz_fe/IR014_2.mat,source_domain/cwru_12khz_fe/IR014_2.mat,source_domain/cwru_12khz_fe/IR014_2.mat,source_12khz_fe,X276_FE_time,12000,72000,84000,6.0,7.0,12000,72000,84000,IR,known_source,2.0,0.014,,FE,FE,1755.0,SKF6203_FE
WIN-580e7f428d853bf89e27,source,RAWFILE-079,source_domain/cwru_12khz_fe/IR014_2.mat,source_domain/cwru_12khz_fe/IR014_2.mat,source_domain/cwru_12khz_fe/IR014_2.mat,source_12khz_fe,X276_FE_time,12000,78000,90000,6.5,7.5,12000,78000,90000,IR,known_source,2.0,0.014,,FE,FE,1755.0,SKF6203_FE
WIN-683537dfcd7db82db89e,source,RAWFILE-079,source_domain/cwru_12khz_fe/IR014_2.mat,source_domain/cwru_12khz_fe/IR014_2.mat,source_domain/cwru_12khz_fe/IR014_2.mat,source_12khz_fe,X276_FE_time,12000,84000,96000,7.0,8.0,12000,84000,96000,IR,known_source,2.0,0.014,,FE,FE,1755.0,SKF6203_FE
WIN-6bcc910060e6a2783f7c,source,RAWFILE-080,source_domain/cwru_12khz_fe/IR014_3.mat,source_domain/cwru_12khz_fe/IR014_3.mat,source_domain/cwru_12khz_fe/IR014_3.mat,source_12khz_fe,X277_FE_time,12000,0,12000,0.0,1.0,12000,0,12000,IR,known_source,3.0,0.014,,FE,FE,1733.0,SKF6203_FE
WIN-9db033efbdf410ea51c3,source,RAWFILE-080,source_domain/cwru_12khz_fe/IR014_3.mat,source_domain/cwru_12khz_fe/IR014_3.mat,source_domain/cwru_12khz_fe/IR014_3.mat,source_12khz_fe,X277_FE_time,12000,6000,18000,0.5,1.5,12000,6000,18000,IR,known_source,3.0,0.014,,FE,FE,1733.0,SKF6203_FE
WIN-5067f4851d1df38bb8ea,source,RAWFILE-080,source_domain/cwru_12khz_fe/IR014_3.mat,source_domain/cwru_12khz_fe/IR014_3.mat,source_domain/cwru_12khz_fe/IR014_3.mat,source_12khz_fe,X277_FE_time,12000,12000,24000,1.0,2.0,12000,12000,24000,IR,known_source,3.0,0.014,,FE,FE,1733.0,SKF6203_FE
WIN-57cbd4a80d5d75533139,source,RAWFILE-080,source_domain/cwru_12khz_fe/IR014_3.mat,source_domain/cwru_12khz_fe/IR014_3.mat,source_domain/cwru_12khz_fe/IR014_3.mat,source_12khz_fe,X277_FE_time,12000,18000,30000,1.5,2.5,12000,18000,30000,IR,known_source,3.0,0.014,,FE,FE,1733.0,SKF6203_FE
WIN-c7f02031e7dae0fdecb6,source,RAWFILE-080,source_domain/cwru_12khz_fe/IR014_3.mat,source_domain/cwru_12khz_fe/IR014_3.mat,source_domain/cwru_12khz_fe/IR014_3.mat,source_12khz_fe,X277_FE_time,12000,24000,36000,2.0,3.0,12000,24000,36000,IR,known_source,3.0,0.014,,FE,FE,1733.0,SKF6203_FE
WIN-b3641b72e6f4775ec2bb,source,RAWFILE-080,source_domain/cwru_12khz_fe/IR014_3.mat,source_domain/cwru_12khz_fe/IR014_3.mat,source_domain/cwru_12khz_fe/IR014_3.mat,source_12khz_fe,X277_FE_time,12000,30000,42000,2.5,3.5,12000,30000,42000,IR,known_source,3.0,0.014,,FE,FE,1733.0,SKF6203_FE
WIN-dffb160c65b929775fa1,source,RAWFILE-080,source_domain/cwru_12khz_fe/IR014_3.mat,source_domain/cwru_12khz_fe/IR014_3.mat,source_domain/cwru_12khz_fe/IR014_3.mat,source_12khz_fe,X277_FE_time,12000,36000,48000,3.0,4.0,12000,36000,48000,IR,known_source,3.0,0.014,,FE,FE,1733.0,SKF6203_FE
WIN-1b34a7d35b846363d699,source,RAWFILE-080,source_domain/cwru_12khz_fe/IR014_3.mat,source_domain/cwru_12khz_fe/IR014_3.mat,source_domain/cwru_12khz_fe/IR014_3.mat,source_12khz_fe,X277_FE_time,12000,42000,54000,3.5,4.5,12000,42000,54000,IR,known_source,3.0,0.014,,FE,FE,1733.0,SKF6203_FE
WIN-08914e4d1f36f7fd0623,source,RAWFILE-080,source_domain/cwru_12khz_fe/IR014_3.mat,source_domain/cwru_12khz_fe/IR014_3.mat,source_domain/cwru_12khz_fe/IR014_3.mat,source_12khz_fe,X277_FE_time,12000,48000,60000,4.0,5.0,12000,48000,60000,IR,known_source,3.0,0.014,,FE,FE,1733.0,SKF6203_FE
WIN-c9757224d240ac23ec8b,source,RAWFILE-080,source_domain/cwru_12khz_fe/IR014_3.mat,source_domain/cwru_12khz_fe/IR014_3.mat,source_domain/cwru_12khz_fe/IR014_3.mat,source_12khz_fe,X277_FE_time,12000,54000,66000,4.5,5.5,12000,54000,66000,IR,known_source,3.0,0.014,,FE,FE,1733.0,SKF6203_FE
WIN-9cbbfa0c8ae645300c76,source,RAWFILE-080,source_domain/cwru_12khz_fe/IR014_3.mat,source_domain/cwru_12khz_fe/IR014_3.mat,source_domain/cwru_12khz_fe/IR014_3.mat,source_12khz_fe,X277_FE_time,12000,60000,72000,5.0,6.0,12000,60000,72000,IR,known_source,3.0,0.014,,FE,FE,1733.0,SKF6203_FE
WIN-a8a5f313c519707a0e89,source,RAWFILE-080,source_domain/cwru_12khz_fe/IR014_3.mat,source_domain/cwru_12khz_fe/IR014_3.mat,source_domain/cwru_12khz_fe/IR014_3.mat,source_12khz_fe,X277_FE_time,12000,66000,78000,5.5,6.5,12000,66000,78000,IR,known_source,3.0,0.014,,FE,FE,1733.0,SKF6203_FE
WIN-d8c2edb9471f1ca481a2,source,RAWFILE-080,source_domain/cwru_12khz_fe/IR014_3.mat,source_domain/cwru_12khz_fe/IR014_3.mat,source_domain/cwru_12khz_fe/IR014_3.mat,source_12khz_fe,X277_FE_time,12000,72000,84000,6.0,7.0,12000,72000,84000,IR,known_source,3.0,0.014,,FE,FE,1733.0,SKF6203_FE
WIN-6ac8f82e3370980eb1d2,source,RAWFILE-080,source_domain/cwru_12khz_fe/IR014_3.mat,source_domain/cwru_12khz_fe/IR014_3.mat,source_domain/cwru_12khz_fe/IR014_3.mat,source_12khz_fe,X277_FE_time,12000,78000,90000,6.5,7.5,12000,78000,90000,IR,known_source,3.0,0.014,,FE,FE,1733.0,SKF6203_FE
WIN-1e336694d1ddc07bc2bd,source,RAWFILE-080,source_domain/cwru_12khz_fe/IR014_3.mat,source_domain/cwru_12khz_fe/IR014_3.mat,source_domain/cwru_12khz_fe/IR014_3.mat,source_12khz_fe,X277_FE_time,12000,84000,96000,7.0,8.0,12000,84000,96000,IR,known_source,3.0,0.014,,FE,FE,1733.0,SKF6203_FE
WIN-f1a58f4f3ed23b97e2f0,source,RAWFILE-081,source_domain/cwru_12khz_fe/IR021_0.mat,source_domain/cwru_12khz_fe/IR021_0.mat,source_domain/cwru_12khz_fe/IR021_0.mat,source_12khz_fe,X270_FE_time,12000,0,12000,0.0,1.0,12000,0,12000,IR,known_source,0.0,0.021,,FE,FE,1796.0,SKF6203_FE
WIN-cb72ed354d09b4f3ecad,source,RAWFILE-081,source_domain/cwru_12khz_fe/IR021_0.mat,source_domain/cwru_12khz_fe/IR021_0.mat,source_domain/cwru_12khz_fe/IR021_0.mat,source_12khz_fe,X270_FE_time,12000,6000,18000,0.5,1.5,12000,6000,18000,IR,known_source,0.0,0.021,,FE,FE,1796.0,SKF6203_FE
WIN-a2da8eec5688b9029b80,source,RAWFILE-081,source_domain/cwru_12khz_fe/IR021_0.mat,source_domain/cwru_12khz_fe/IR021_0.mat,source_domain/cwru_12khz_fe/IR021_0.mat,source_12khz_fe,X270_FE_time,12000,12000,24000,1.0,2.0,12000,12000,24000,IR,known_source,0.0,0.021,,FE,FE,1796.0,SKF6203_FE
WIN-766984dc5ab18ce09ac3,source,RAWFILE-081,source_domain/cwru_12khz_fe/IR021_0.mat,source_domain/cwru_12khz_fe/IR021_0.mat,source_domain/cwru_12khz_fe/IR021_0.mat,source_12khz_fe,X270_FE_time,12000,18000,30000,1.5,2.5,12000,18000,30000,IR,known_source,0.0,0.021,,FE,FE,1796.0,SKF6203_FE
WIN-df5af39b8a314ea3f8fc,source,RAWFILE-081,source_domain/cwru_12khz_fe/IR021_0.mat,source_domain/cwru_12khz_fe/IR021_0.mat,source_domain/cwru_12khz_fe/IR021_0.mat,source_12khz_fe,X270_FE_time,12000,24000,36000,2.0,3.0,12000,24000,36000,IR,known_source,0.0,0.021,,FE,FE,1796.0,SKF6203_FE
WIN-8cb9e165024733262024,source,RAWFILE-081,source_domain/cwru_12khz_fe/IR021_0.mat,source_domain/cwru_12khz_fe/IR021_0.mat,source_domain/cwru_12khz_fe/IR021_0.mat,source_12khz_fe,X270_FE_time,12000,30000,42000,2.5,3.5,12000,30000,42000,IR,known_source,0.0,0.021,,FE,FE,1796.0,SKF6203_FE
WIN-ea8ee01bb7d4b7a3cf25,source,RAWFILE-081,source_domain/cwru_12khz_fe/IR021_0.mat,source_domain/cwru_12khz_fe/IR021_0.mat,source_domain/cwru_12khz_fe/IR021_0.mat,source_12khz_fe,X270_FE_time,12000,36000,48000,3.0,4.0,12000,36000,48000,IR,known_source,0.0,0.021,,FE,FE,1796.0,SKF6203_FE
WIN-fe7d6dfecf911e3ccf77,source,RAWFILE-081,source_domain/cwru_12khz_fe/IR021_0.mat,source_domain/cwru_12khz_fe/IR021_0.mat,source_domain/cwru_12khz_fe/IR021_0.mat,source_12khz_fe,X270_FE_time,12000,42000,54000,3.5,4.5,12000,42000,54000,IR,known_source,0.0,0.021,,FE,FE,1796.0,SKF6203_FE
WIN-ebb0533d30429f8136a6,source,RAWFILE-081,source_domain/cwru_12khz_fe/IR021_0.mat,source_domain/cwru_12khz_fe/IR021_0.mat,source_domain/cwru_12khz_fe/IR021_0.mat,source_12khz_fe,X270_FE_time,12000,48000,60000,4.0,5.0,12000,48000,60000,IR,known_source,0.0,0.021,,FE,FE,1796.0,SKF6203_FE
WIN-e937ef2c89b66e754692,source,RAWFILE-081,source_domain/cwru_12khz_fe/IR021_0.mat,source_domain/cwru_12khz_fe/IR021_0.mat,source_domain/cwru_12khz_fe/IR021_0.mat,source_12khz_fe,X270_FE_time,12000,54000,66000,4.5,5.5,12000,54000,66000,IR,known_source,0.0,0.021,,FE,FE,1796.0,SKF6203_FE
WIN-b2dfa1f429227c4b8d2f,source,RAWFILE-081,source_domain/cwru_12khz_fe/IR021_0.mat,source_domain/cwru_12khz_fe/IR021_0.mat,source_domain/cwru_12khz_fe/IR021_0.mat,source_12khz_fe,X270_FE_time,12000,60000,72000,5.0,6.0,12000,60000,72000,IR,known_source,0.0,0.021,,FE,FE,1796.0,SKF6203_FE
WIN-49dbfe60afc8e26b16f0,source,RAWFILE-081,source_domain/cwru_12khz_fe/IR021_0.mat,source_domain/cwru_12khz_fe/IR021_0.mat,source_domain/cwru_12khz_fe/IR021_0.mat,source_12khz_fe,X270_FE_time,12000,66000,78000,5.5,6.5,12000,66000,78000,IR,known_source,0.0,0.021,,FE,FE,1796.0,SKF6203_FE
WIN-7bb0c885759045a6654a,source,RAWFILE-081,source_domain/cwru_12khz_fe/IR021_0.mat,source_domain/cwru_12khz_fe/IR021_0.mat,source_domain/cwru_12khz_fe/IR021_0.mat,source_12khz_fe,X270_FE_time,12000,72000,84000,6.0,7.0,12000,72000,84000,IR,known_source,0.0,0.021,,FE,FE,1796.0,SKF6203_FE
WIN-cce1986cc6e147facd2e,source,RAWFILE-081,source_domain/cwru_12khz_fe/IR021_0.mat,source_domain/cwru_12khz_fe/IR021_0.mat,source_domain/cwru_12khz_fe/IR021_0.mat,source_12khz_fe,X270_FE_time,12000,78000,90000,6.5,7.5,12000,78000,90000,IR,known_source,0.0,0.021,,FE,FE,1796.0,SKF6203_FE
WIN-956cec6db54c9f576589,source,RAWFILE-081,source_domain/cwru_12khz_fe/IR021_0.mat,source_domain/cwru_12khz_fe/IR021_0.mat,source_domain/cwru_12khz_fe/IR021_0.mat,source_12khz_fe,X270_FE_time,12000,84000,96000,7.0,8.0,12000,84000,96000,IR,known_source,0.0,0.021,,FE,FE,1796.0,SKF6203_FE
WIN-af90dedd3ab6bb4603ce,source,RAWFILE-082,source_domain/cwru_12khz_fe/IR021_1.mat,source_domain/cwru_12khz_fe/IR021_1.mat,source_domain/cwru_12khz_fe/IR021_1.mat,source_12khz_fe,X271_FE_time,12000,0,12000,0.0,1.0,12000,0,12000,IR,known_source,1.0,0.021,,FE,FE,1776.0,SKF6203_FE
WIN-ae5f60f8b954a932da59,source,RAWFILE-082,source_domain/cwru_12khz_fe/IR021_1.mat,source_domain/cwru_12khz_fe/IR021_1.mat,source_domain/cwru_12khz_fe/IR021_1.mat,source_12khz_fe,X271_FE_time,12000,6000,18000,0.5,1.5,12000,6000,18000,IR,known_source,1.0,0.021,,FE,FE,1776.0,SKF6203_FE
WIN-541679f2292056c93c74,source,RAWFILE-082,source_domain/cwru_12khz_fe/IR021_1.mat,source_domain/cwru_12khz_fe/IR021_1.mat,source_domain/cwru_12khz_fe/IR021_1.mat,source_12khz_fe,X271_FE_time,12000,12000,24000,1.0,2.0,12000,12000,24000,IR,known_source,1.0,0.021,,FE,FE,1776.0,SKF6203_FE
WIN-2815b3949c9296691723,source,RAWFILE-082,source_domain/cwru_12khz_fe/IR021_1.mat,source_domain/cwru_12khz_fe/IR021_1.mat,source_domain/cwru_12khz_fe/IR021_1.mat,source_12khz_fe,X271_FE_time,12000,18000,30000,1.5,2.5,12000,18000,30000,IR,known_source,1.0,0.021,,FE,FE,1776.0,SKF6203_FE
WIN-12b47fd529ff613b50db,source,RAWFILE-082,source_domain/cwru_12khz_fe/IR021_1.mat,source_domain/cwru_12khz_fe/IR021_1.mat,source_domain/cwru_12khz_fe/IR021_1.mat,source_12khz_fe,X271_FE_time,12000,24000,36000,2.0,3.0,12000,24000,36000,IR,known_source,1.0,0.021,,FE,FE,1776.0,SKF6203_FE
WIN-92a05a596e09faf0469e,source,RAWFILE-082,source_domain/cwru_12khz_fe/IR021_1.mat,source_domain/cwru_12khz_fe/IR021_1.mat,source_domain/cwru_12khz_fe/IR021_1.mat,source_12khz_fe,X271_FE_time,12000,30000,42000,2.5,3.5,12000,30000,42000,IR,known_source,1.0,0.021,,FE,FE,1776.0,SKF6203_FE
WIN-ac28aca983a363ed75a1,source,RAWFILE-082,source_domain/cwru_12khz_fe/IR021_1.mat,source_domain/cwru_12khz_fe/IR021_1.mat,source_domain/cwru_12khz_fe/IR021_1.mat,source_12khz_fe,X271_FE_time,12000,36000,48000,3.0,4.0,12000,36000,48000,IR,known_source,1.0,0.021,,FE,FE,1776.0,SKF6203_FE
WIN-b22099acebbf932611c6,source,RAWFILE-082,source_domain/cwru_12khz_fe/IR021_1.mat,source_domain/cwru_12khz_fe/IR021_1.mat,source_domain/cwru_12khz_fe/IR021_1.mat,source_12khz_fe,X271_FE_time,12000,42000,54000,3.5,4.5,12000,42000,54000,IR,known_source,1.0,0.021,,FE,FE,1776.0,SKF6203_FE
WIN-1edb17d9e2db8860f262,source,RAWFILE-082,source_domain/cwru_12khz_fe/IR021_1.mat,source_domain/cwru_12khz_fe/IR021_1.mat,source_domain/cwru_12khz_fe/IR021_1.mat,source_12khz_fe,X271_FE_time,12000,48000,60000,4.0,5.0,12000,48000,60000,IR,known_source,1.0,0.021,,FE,FE,1776.0,SKF6203_FE
WIN-ad0526632af328ea078a,source,RAWFILE-082,source_domain/cwru_12khz_fe/IR021_1.mat,source_domain/cwru_12khz_fe/IR021_1.mat,source_domain/cwru_12khz_fe/IR021_1.mat,source_12khz_fe,X271_FE_time,12000,54000,66000,4.5,5.5,12000,54000,66000,IR,known_source,1.0,0.021,,FE,FE,1776.0,SKF6203_FE
WIN-a12e8064cf48351cf1c4,source,RAWFILE-082,source_domain/cwru_12khz_fe/IR021_1.mat,source_domain/cwru_12khz_fe/IR021_1.mat,source_domain/cwru_12khz_fe/IR021_1.mat,source_12khz_fe,X271_FE_time,12000,60000,72000,5.0,6.0,12000,60000,72000,IR,known_source,1.0,0.021,,FE,FE,1776.0,SKF6203_FE
WIN-645dcea1edad34cd7ebc,source,RAWFILE-082,source_domain/cwru_12khz_fe/IR021_1.mat,source_domain/cwru_12khz_fe/IR021_1.mat,source_domain/cwru_12khz_fe/IR021_1.mat,source_12khz_fe,X271_FE_time,12000,66000,78000,5.5,6.5,12000,66000,78000,IR,known_source,1.0,0.021,,FE,FE,1776.0,SKF6203_FE
WIN-93a655c71ace7cf36461,source,RAWFILE-082,source_domain/cwru_12khz_fe/IR021_1.mat,source_domain/cwru_12khz_fe/IR021_1.mat,source_domain/cwru_12khz_fe/IR021_1.mat,source_12khz_fe,X271_FE_time,12000,72000,84000,6.0,7.0,12000,72000,84000,IR,known_source,1.0,0.021,,FE,FE,1776.0,SKF6203_FE
WIN-ea175eb069f7f0e8a1dc,source,RAWFILE-082,source_domain/cwru_12khz_fe/IR021_1.mat,source_domain/cwru_12khz_fe/IR021_1.mat,source_domain/cwru_12khz_fe/IR021_1.mat,source_12khz_fe,X271_FE_time,12000,78000,90000,6.5,7.5,12000,78000,90000,IR,known_source,1.0,0.021,,FE,FE,1776.0,SKF6203_FE
WIN-02e858828f8d6253d825,source,RAWFILE-082,source_domain/cwru_12khz_fe/IR021_1.mat,source_domain/cwru_12khz_fe/IR021_1.mat,source_domain/cwru_12khz_fe/IR021_1.mat,source_12khz_fe,X271_FE_time,12000,84000,96000,7.0,8.0,12000,84000,96000,IR,known_source,1.0,0.021,,FE,FE,1776.0,SKF6203_FE
WIN-ade818bd37afd0fa0740,source,RAWFILE-083,source_domain/cwru_12khz_fe/IR021_2.mat,source_domain/cwru_12khz_fe/IR021_2.mat,source_domain/cwru_12khz_fe/IR021_2.mat,source_12khz_fe,X272_FE_time,12000,0,12000,0.0,1.0,12000,0,12000,IR,known_source,2.0,0.021,,FE,FE,1758.0,SKF6203_FE
WIN-067e8414e36b441ec9ad,source,RAWFILE-083,source_domain/cwru_12khz_fe/IR021_2.mat,source_domain/cwru_12khz_fe/IR021_2.mat,source_domain/cwru_12khz_fe/IR021_2.mat,source_12khz_fe,X272_FE_time,12000,6000,18000,0.5,1.5,12000,6000,18000,IR,known_source,2.0,0.021,,FE,FE,1758.0,SKF6203_FE
WIN-82fc40b80dc0401d1d59,source,RAWFILE-083,source_domain/cwru_12khz_fe/IR021_2.mat,source_domain/cwru_12khz_fe/IR021_2.mat,source_domain/cwru_12khz_fe/IR021_2.mat,source_12khz_fe,X272_FE_time,12000,12000,24000,1.0,2.0,12000,12000,24000,IR,known_source,2.0,0.021,,FE,FE,1758.0,SKF6203_FE
WIN-257b647f86237e701c07,source,RAWFILE-083,source_domain/cwru_12khz_fe/IR021_2.mat,source_domain/cwru_12khz_fe/IR021_2.mat,source_domain/cwru_12khz_fe/IR021_2.mat,source_12khz_fe,X272_FE_time,12000,18000,30000,1.5,2.5,12000,18000,30000,IR,known_source,2.0,0.021,,FE,FE,1758.0,SKF6203_FE
WIN-681f97c80b2d7a4390c4,source,RAWFILE-083,source_domain/cwru_12khz_fe/IR021_2.mat,source_domain/cwru_12khz_fe/IR021_2.mat,source_domain/cwru_12khz_fe/IR021_2.mat,source_12khz_fe,X272_FE_time,12000,24000,36000,2.0,3.0,12000,24000,36000,IR,known_source,2.0,0.021,,FE,FE,1758.0,SKF6203_FE
WIN-ffd41a97997930c06560,source,RAWFILE-083,source_domain/cwru_12khz_fe/IR021_2.mat,source_domain/cwru_12khz_fe/IR021_2.mat,source_domain/cwru_12khz_fe/IR021_2.mat,source_12khz_fe,X272_FE_time,12000,30000,42000,2.5,3.5,12000,30000,42000,IR,known_source,2.0,0.021,,FE,FE,1758.0,SKF6203_FE
WIN-01ddea71fe80693dcd0c,source,RAWFILE-083,source_domain/cwru_12khz_fe/IR021_2.mat,source_domain/cwru_12khz_fe/IR021_2.mat,source_domain/cwru_12khz_fe/IR021_2.mat,source_12khz_fe,X272_FE_time,12000,36000,48000,3.0,4.0,12000,36000,48000,IR,known_source,2.0,0.021,,FE,FE,1758.0,SKF6203_FE
WIN-f7c97c65fdb4734fcde1,source,RAWFILE-083,source_domain/cwru_12khz_fe/IR021_2.mat,source_domain/cwru_12khz_fe/IR021_2.mat,source_domain/cwru_12khz_fe/IR021_2.mat,source_12khz_fe,X272_FE_time,12000,42000,54000,3.5,4.5,12000,42000,54000,IR,known_source,2.0,0.021,,FE,FE,1758.0,SKF6203_FE
WIN-a08c9311a67a450e72fc,source,RAWFILE-083,source_domain/cwru_12khz_fe/IR021_2.mat,source_domain/cwru_12khz_fe/IR021_2.mat,source_domain/cwru_12khz_fe/IR021_2.mat,source_12khz_fe,X272_FE_time,12000,48000,60000,4.0,5.0,12000,48000,60000,IR,known_source,2.0,0.021,,FE,FE,1758.0,SKF6203_FE
WIN-ba515142a0007c4b2629,source,RAWFILE-083,source_domain/cwru_12khz_fe/IR021_2.mat,source_domain/cwru_12khz_fe/IR021_2.mat,source_domain/cwru_12khz_fe/IR021_2.mat,source_12khz_fe,X272_FE_time,12000,54000,66000,4.5,5.5,12000,54000,66000,IR,known_source,2.0,0.021,,FE,FE,1758.0,SKF6203_FE
WIN-3162e5c6e8dc56508eb5,source,RAWFILE-083,source_domain/cwru_12khz_fe/IR021_2.mat,source_domain/cwru_12khz_fe/IR021_2.mat,source_domain/cwru_12khz_fe/IR021_2.mat,source_12khz_fe,X272_FE_time,12000,60000,72000,5.0,6.0,12000,60000,72000,IR,known_source,2.0,0.021,,FE,FE,1758.0,SKF6203_FE
WIN-4efa088d6b62e83b982a,source,RAWFILE-083,source_domain/cwru_12khz_fe/IR021_2.mat,source_domain/cwru_12khz_fe/IR021_2.mat,source_domain/cwru_12khz_fe/IR021_2.mat,source_12khz_fe,X272_FE_time,12000,66000,78000,5.5,6.5,12000,66000,78000,IR,known_source,2.0,0.021,,FE,FE,1758.0,SKF6203_FE
WIN-ac9006c3212e10886f49,source,RAWFILE-083,source_domain/cwru_12khz_fe/IR021_2.mat,source_domain/cwru_12khz_fe/IR021_2.mat,source_domain/cwru_12khz_fe/IR021_2.mat,source_12khz_fe,X272_FE_time,12000,72000,84000,6.0,7.0,12000,72000,84000,IR,known_source,2.0,0.021,,FE,FE,1758.0,SKF6203_FE
WIN-4ea6f053c047ef8704fa,source,RAWFILE-083,source_domain/cwru_12khz_fe/IR021_2.mat,source_domain/cwru_12khz_fe/IR021_2.mat,source_domain/cwru_12khz_fe/IR021_2.mat,source_12khz_fe,X272_FE_time,12000,78000,90000,6.5,7.5,12000,78000,90000,IR,known_source,2.0,0.021,,FE,FE,1758.0,SKF6203_FE
WIN-3f93669f64da8cfeb4f1,source,RAWFILE-083,source_domain/cwru_12khz_fe/IR021_2.mat,source_domain/cwru_12khz_fe/IR021_2.mat,source_domain/cwru_12khz_fe/IR021_2.mat,source_12khz_fe,X272_FE_time,12000,84000,96000,7.0,8.0,12000,84000,96000,IR,known_source,2.0,0.021,,FE,FE,1758.0,SKF6203_FE
WIN-7cfe75c680335acb71fc,source,RAWFILE-084,source_domain/cwru_12khz_fe/IR021_3.mat,source_domain/cwru_12khz_fe/IR021_3.mat,source_domain/cwru_12khz_fe/IR021_3.mat,source_12khz_fe,X273_FE_time,12000,0,12000,0.0,1.0,12000,0,12000,IR,known_source,3.0,0.021,,FE,FE,1737.0,SKF6203_FE
WIN-da1b2290cde4e3240e8d,source,RAWFILE-084,source_domain/cwru_12khz_fe/IR021_3.mat,source_domain/cwru_12khz_fe/IR021_3.mat,source_domain/cwru_12khz_fe/IR021_3.mat,source_12khz_fe,X273_FE_time,12000,6000,18000,0.5,1.5,12000,6000,18000,IR,known_source,3.0,0.021,,FE,FE,1737.0,SKF6203_FE
WIN-bf01017e9d620164e839,source,RAWFILE-084,source_domain/cwru_12khz_fe/IR021_3.mat,source_domain/cwru_12khz_fe/IR021_3.mat,source_domain/cwru_12khz_fe/IR021_3.mat,source_12khz_fe,X273_FE_time,12000,12000,24000,1.0,2.0,12000,12000,24000,IR,known_source,3.0,0.021,,FE,FE,1737.0,SKF6203_FE
WIN-648a6afb261a5ec06b8d,source,RAWFILE-084,source_domain/cwru_12khz_fe/IR021_3.mat,source_domain/cwru_12khz_fe/IR021_3.mat,source_domain/cwru_12khz_fe/IR021_3.mat,source_12khz_fe,X273_FE_time,12000,18000,30000,1.5,2.5,12000,18000,30000,IR,known_source,3.0,0.021,,FE,FE,1737.0,SKF6203_FE
WIN-8eb23f44087b49271219,source,RAWFILE-084,source_domain/cwru_12khz_fe/IR021_3.mat,source_domain/cwru_12khz_fe/IR021_3.mat,source_domain/cwru_12khz_fe/IR021_3.mat,source_12khz_fe,X273_FE_time,12000,24000,36000,2.0,3.0,12000,24000,36000,IR,known_source,3.0,0.021,,FE,FE,1737.0,SKF6203_FE
WIN-576502aab2e9e4c4775a,source,RAWFILE-084,source_domain/cwru_12khz_fe/IR021_3.mat,source_domain/cwru_12khz_fe/IR021_3.mat,source_domain/cwru_12khz_fe/IR021_3.mat,source_12khz_fe,X273_FE_time,12000,30000,42000,2.5,3.5,12000,30000,42000,IR,known_source,3.0,0.021,,FE,FE,1737.0,SKF6203_FE
WIN-ff4ea363627c75a13ff7,source,RAWFILE-084,source_domain/cwru_12khz_fe/IR021_3.mat,source_domain/cwru_12khz_fe/IR021_3.mat,source_domain/cwru_12khz_fe/IR021_3.mat,source_12khz_fe,X273_FE_time,12000,36000,48000,3.0,4.0,12000,36000,48000,IR,known_source,3.0,0.021,,FE,FE,1737.0,SKF6203_FE
WIN-fe77534eb996ee41b69b,source,RAWFILE-084,source_domain/cwru_12khz_fe/IR021_3.mat,source_domain/cwru_12khz_fe/IR021_3.mat,source_domain/cwru_12khz_fe/IR021_3.mat,source_12khz_fe,X273_FE_time,12000,42000,54000,3.5,4.5,12000,42000,54000,IR,known_source,3.0,0.021,,FE,FE,1737.0,SKF6203_FE
WIN-a1f094216dd6a49cd973,source,RAWFILE-084,source_domain/cwru_12khz_fe/IR021_3.mat,source_domain/cwru_12khz_fe/IR021_3.mat,source_domain/cwru_12khz_fe/IR021_3.mat,source_12khz_fe,X273_FE_time,12000,48000,60000,4.0,5.0,12000,48000,60000,IR,known_source,3.0,0.021,,FE,FE,1737.0,SKF6203_FE
WIN-bd4fdc3c59effa9f13f6,source,RAWFILE-084,source_domain/cwru_12khz_fe/IR021_3.mat,source_domain/cwru_12khz_fe/IR021_3.mat,source_domain/cwru_12khz_fe/IR021_3.mat,source_12khz_fe,X273_FE_time,12000,54000,66000,4.5,5.5,12000,54000,66000,IR,known_source,3.0,0.021,,FE,FE,1737.0,SKF6203_FE
WIN-00154dd47f4b27756990,source,RAWFILE-084,source_domain/cwru_12khz_fe/IR021_3.mat,source_domain/cwru_12khz_fe/IR021_3.mat,source_domain/cwru_12khz_fe/IR021_3.mat,source_12khz_fe,X273_FE_time,12000,60000,72000,5.0,6.0,12000,60000,72000,IR,known_source,3.0,0.021,,FE,FE,1737.0,SKF6203_FE
WIN-9805925649c8dcb8c2ca,source,RAWFILE-084,source_domain/cwru_12khz_fe/IR021_3.mat,source_domain/cwru_12khz_fe/IR021_3.mat,source_domain/cwru_12khz_fe/IR021_3.mat,source_12khz_fe,X273_FE_time,12000,66000,78000,5.5,6.5,12000,66000,78000,IR,known_source,3.0,0.021,,FE,FE,1737.0,SKF6203_FE
WIN-9439f1aa6712cf6d7c0e,source,RAWFILE-084,source_domain/cwru_12khz_fe/IR021_3.mat,source_domain/cwru_12khz_fe/IR021_3.mat,source_domain/cwru_12khz_fe/IR021_3.mat,source_12khz_fe,X273_FE_time,12000,72000,84000,6.0,7.0,12000,72000,84000,IR,known_source,3.0,0.021,,FE,FE,1737.0,SKF6203_FE
WIN-b98a836d1a68b385c13b,source,RAWFILE-084,source_domain/cwru_12khz_fe/IR021_3.mat,source_domain/cwru_12khz_fe/IR021_3.mat,source_domain/cwru_12khz_fe/IR021_3.mat,source_12khz_fe,X273_FE_time,12000,78000,90000,6.5,7.5,12000,78000,90000,IR,known_source,3.0,0.021,,FE,FE,1737.0,SKF6203_FE
WIN-46747e8a8dc1c5a79865,source,RAWFILE-084,source_domain/cwru_12khz_fe/IR021_3.mat,source_domain/cwru_12khz_fe/IR021_3.mat,source_domain/cwru_12khz_fe/IR021_3.mat,source_12khz_fe,X273_FE_time,12000,84000,96000,7.0,8.0,12000,84000,96000,IR,known_source,3.0,0.021,,FE,FE,1737.0,SKF6203_FE
WIN-fa6c8cafed1699d7517f,source,RAWFILE-085,source_domain/cwru_12khz_fe/OR007@12_0.mat,source_domain/cwru_12khz_fe/OR007@12_0.mat,source_domain/cwru_12khz_fe/OR007@12_0.mat,source_12khz_fe,X302_FE_time,12000,0,12000,0.0,1.0,12000,0,12000,OR,known_source,0.0,0.007,12.0,FE,FE,1797.0,SKF6203_FE
WIN-748be3b276d7164e9abc,source,RAWFILE-085,source_domain/cwru_12khz_fe/OR007@12_0.mat,source_domain/cwru_12khz_fe/OR007@12_0.mat,source_domain/cwru_12khz_fe/OR007@12_0.mat,source_12khz_fe,X302_FE_time,12000,6000,18000,0.5,1.5,12000,6000,18000,OR,known_source,0.0,0.007,12.0,FE,FE,1797.0,SKF6203_FE
WIN-8bc0f9ecea59ddc8639a,source,RAWFILE-085,source_domain/cwru_12khz_fe/OR007@12_0.mat,source_domain/cwru_12khz_fe/OR007@12_0.mat,source_domain/cwru_12khz_fe/OR007@12_0.mat,source_12khz_fe,X302_FE_time,12000,12000,24000,1.0,2.0,12000,12000,24000,OR,known_source,0.0,0.007,12.0,FE,FE,1797.0,SKF6203_FE
WIN-5fd668811bc1cd1d4aa5,source,RAWFILE-085,source_domain/cwru_12khz_fe/OR007@12_0.mat,source_domain/cwru_12khz_fe/OR007@12_0.mat,source_domain/cwru_12khz_fe/OR007@12_0.mat,source_12khz_fe,X302_FE_time,12000,18000,30000,1.5,2.5,12000,18000,30000,OR,known_source,0.0,0.007,12.0,FE,FE,1797.0,SKF6203_FE
WIN-d946fc2423b4c37de0ba,source,RAWFILE-085,source_domain/cwru_12khz_fe/OR007@12_0.mat,source_domain/cwru_12khz_fe/OR007@12_0.mat,source_domain/cwru_12khz_fe/OR007@12_0.mat,source_12khz_fe,X302_FE_time,12000,24000,36000,2.0,3.0,12000,24000,36000,OR,known_source,0.0,0.007,12.0,FE,FE,1797.0,SKF6203_FE
WIN-c40afc9071dd90c1dd08,source,RAWFILE-085,source_domain/cwru_12khz_fe/OR007@12_0.mat,source_domain/cwru_12khz_fe/OR007@12_0.mat,source_domain/cwru_12khz_fe/OR007@12_0.mat,source_12khz_fe,X302_FE_time,12000,30000,42000,2.5,3.5,12000,30000,42000,OR,known_source,0.0,0.007,12.0,FE,FE,1797.0,SKF6203_FE
WIN-99e8592999abd62a92ed,source,RAWFILE-085,source_domain/cwru_12khz_fe/OR007@12_0.mat,source_domain/cwru_12khz_fe/OR007@12_0.mat,source_domain/cwru_12khz_fe/OR007@12_0.mat,source_12khz_fe,X302_FE_time,12000,36000,48000,3.0,4.0,12000,36000,48000,OR,known_source,0.0,0.007,12.0,FE,FE,1797.0,SKF6203_FE
WIN-74dc12ae699664545810,source,RAWFILE-085,source_domain/cwru_12khz_fe/OR007@12_0.mat,source_domain/cwru_12khz_fe/OR007@12_0.mat,source_domain/cwru_12khz_fe/OR007@12_0.mat,source_12khz_fe,X302_FE_time,12000,42000,54000,3.5,4.5,12000,42000,54000,OR,known_source,0.0,0.007,12.0,FE,FE,1797.0,SKF6203_FE
WIN-9a56271c78fb4a9291b4,source,RAWFILE-085,source_domain/cwru_12khz_fe/OR007@12_0.mat,source_domain/cwru_12khz_fe/OR007@12_0.mat,source_domain/cwru_12khz_fe/OR007@12_0.mat,source_12khz_fe,X302_FE_time,12000,48000,60000,4.0,5.0,12000,48000,60000,OR,known_source,0.0,0.007,12.0,FE,FE,1797.0,SKF6203_FE
WIN-a08c283a0089fd3a3c77,source,RAWFILE-085,source_domain/cwru_12khz_fe/OR007@12_0.mat,source_domain/cwru_12khz_fe/OR007@12_0.mat,source_domain/cwru_12khz_fe/OR007@12_0.mat,source_12khz_fe,X302_FE_time,12000,54000,66000,4.5,5.5,12000,54000,66000,OR,known_source,0.0,0.007,12.0,FE,FE,1797.0,SKF6203_FE
WIN-ebe16bfdb825565c17b5,source,RAWFILE-085,source_domain/cwru_12khz_fe/OR007@12_0.mat,source_domain/cwru_12khz_fe/OR007@12_0.mat,source_domain/cwru_12khz_fe/OR007@12_0.mat,source_12khz_fe,X302_FE_time,12000,60000,72000,5.0,6.0,12000,60000,72000,OR,known_source,0.0,0.007,12.0,FE,FE,1797.0,SKF6203_FE
WIN-85ab41149290cae6fc68,source,RAWFILE-085,source_domain/cwru_12khz_fe/OR007@12_0.mat,source_domain/cwru_12khz_fe/OR007@12_0.mat,source_domain/cwru_12khz_fe/OR007@12_0.mat,source_12khz_fe,X302_FE_time,12000,66000,78000,5.5,6.5,12000,66000,78000,OR,known_source,0.0,0.007,12.0,FE,FE,1797.0,SKF6203_FE
WIN-fcc50a408ff847057e1f,source,RAWFILE-085,source_domain/cwru_12khz_fe/OR007@12_0.mat,source_domain/cwru_12khz_fe/OR007@12_0.mat,source_domain/cwru_12khz_fe/OR007@12_0.mat,source_12khz_fe,X302_FE_time,12000,72000,84000,6.0,7.0,12000,72000,84000,OR,known_source,0.0,0.007,12.0,FE,FE,1797.0,SKF6203_FE
WIN-eb08ea4539f25f0f13aa,source,RAWFILE-085,source_domain/cwru_12khz_fe/OR007@12_0.mat,source_domain/cwru_12khz_fe/OR007@12_0.mat,source_domain/cwru_12khz_fe/OR007@12_0.mat,source_12khz_fe,X302_FE_time,12000,78000,90000,6.5,7.5,12000,78000,90000,OR,known_source,0.0,0.007,12.0,FE,FE,1797.0,SKF6203_FE
WIN-d3143590034485211717,source,RAWFILE-085,source_domain/cwru_12khz_fe/OR007@12_0.mat,source_domain/cwru_12khz_fe/OR007@12_0.mat,source_domain/cwru_12khz_fe/OR007@12_0.mat,source_12khz_fe,X302_FE_time,12000,84000,96000,7.0,8.0,12000,84000,96000,OR,known_source,0.0,0.007,12.0,FE,FE,1797.0,SKF6203_FE
WIN-7718500823160a4ed834,source,RAWFILE-086,source_domain/cwru_12khz_fe/OR007@12_1.mat,source_domain/cwru_12khz_fe/OR007@12_1.mat,source_domain/cwru_12khz_fe/OR007@12_1.mat,source_12khz_fe,X305_FE_time,12000,0,12000,0.0,1.0,12000,0,12000,OR,known_source,1.0,0.007,12.0,FE,FE,1775.0,SKF6203_FE
WIN-b8cdede8b847e897b910,source,RAWFILE-086,source_domain/cwru_12khz_fe/OR007@12_1.mat,source_domain/cwru_12khz_fe/OR007@12_1.mat,source_domain/cwru_12khz_fe/OR007@12_1.mat,source_12khz_fe,X305_FE_time,12000,6000,18000,0.5,1.5,12000,6000,18000,OR,known_source,1.0,0.007,12.0,FE,FE,1775.0,SKF6203_FE
WIN-ca8f05b4736b05a7abca,source,RAWFILE-086,source_domain/cwru_12khz_fe/OR007@12_1.mat,source_domain/cwru_12khz_fe/OR007@12_1.mat,source_domain/cwru_12khz_fe/OR007@12_1.mat,source_12khz_fe,X305_FE_time,12000,12000,24000,1.0,2.0,12000,12000,24000,OR,known_source,1.0,0.007,12.0,FE,FE,1775.0,SKF6203_FE
WIN-1c99fd92750e4cd5b69c,source,RAWFILE-086,source_domain/cwru_12khz_fe/OR007@12_1.mat,source_domain/cwru_12khz_fe/OR007@12_1.mat,source_domain/cwru_12khz_fe/OR007@12_1.mat,source_12khz_fe,X305_FE_time,12000,18000,30000,1.5,2.5,12000,18000,30000,OR,known_source,1.0,0.007,12.0,FE,FE,1775.0,SKF6203_FE
WIN-cd5cee30908fa9dd322b,source,RAWFILE-086,source_domain/cwru_12khz_fe/OR007@12_1.mat,source_domain/cwru_12khz_fe/OR007@12_1.mat,source_domain/cwru_12khz_fe/OR007@12_1.mat,source_12khz_fe,X305_FE_time,12000,24000,36000,2.0,3.0,12000,24000,36000,OR,known_source,1.0,0.007,12.0,FE,FE,1775.0,SKF6203_FE
WIN-afc638373581bdc53f82,source,RAWFILE-086,source_domain/cwru_12khz_fe/OR007@12_1.mat,source_domain/cwru_12khz_fe/OR007@12_1.mat,source_domain/cwru_12khz_fe/OR007@12_1.mat,source_12khz_fe,X305_FE_time,12000,30000,42000,2.5,3.5,12000,30000,42000,OR,known_source,1.0,0.007,12.0,FE,FE,1775.0,SKF6203_FE
WIN-8cabc3cb4a6808623153,source,RAWFILE-086,source_domain/cwru_12khz_fe/OR007@12_1.mat,source_domain/cwru_12khz_fe/OR007@12_1.mat,source_domain/cwru_12khz_fe/OR007@12_1.mat,source_12khz_fe,X305_FE_time,12000,36000,48000,3.0,4.0,12000,36000,48000,OR,known_source,1.0,0.007,12.0,FE,FE,1775.0,SKF6203_FE
WIN-417a6c5dddcd5efa5b3b,source,RAWFILE-086,source_domain/cwru_12khz_fe/OR007@12_1.mat,source_domain/cwru_12khz_fe/OR007@12_1.mat,source_domain/cwru_12khz_fe/OR007@12_1.mat,source_12khz_fe,X305_FE_time,12000,42000,54000,3.5,4.5,12000,42000,54000,OR,known_source,1.0,0.007,12.0,FE,FE,1775.0,SKF6203_FE
WIN-62e1ec01435b9a7e2987,source,RAWFILE-086,source_domain/cwru_12khz_fe/OR007@12_1.mat,source_domain/cwru_12khz_fe/OR007@12_1.mat,source_domain/cwru_12khz_fe/OR007@12_1.mat,source_12khz_fe,X305_FE_time,12000,48000,60000,4.0,5.0,12000,48000,60000,OR,known_source,1.0,0.007,12.0,FE,FE,1775.0,SKF6203_FE
WIN-b0be68aa03be9e5b88f7,source,RAWFILE-086,source_domain/cwru_12khz_fe/OR007@12_1.mat,source_domain/cwru_12khz_fe/OR007@12_1.mat,source_domain/cwru_12khz_fe/OR007@12_1.mat,source_12khz_fe,X305_FE_time,12000,54000,66000,4.5,5.5,12000,54000,66000,OR,known_source,1.0,0.007,12.0,FE,FE,1775.0,SKF6203_FE
WIN-97a36bbaed1c66c89785,source,RAWFILE-086,source_domain/cwru_12khz_fe/OR007@12_1.mat,source_domain/cwru_12khz_fe/OR007@12_1.mat,source_domain/cwru_12khz_fe/OR007@12_1.mat,source_12khz_fe,X305_FE_time,12000,60000,72000,5.0,6.0,12000,60000,72000,OR,known_source,1.0,0.007,12.0,FE,FE,1775.0,SKF6203_FE
WIN-85d57386065519c18595,source,RAWFILE-086,source_domain/cwru_12khz_fe/OR007@12_1.mat,source_domain/cwru_12khz_fe/OR007@12_1.mat,source_domain/cwru_12khz_fe/OR007@12_1.mat,source_12khz_fe,X305_FE_time,12000,66000,78000,5.5,6.5,12000,66000,78000,OR,known_source,1.0,0.007,12.0,FE,FE,1775.0,SKF6203_FE
WIN-5c60b10030023ecb1fa2,source,RAWFILE-086,source_domain/cwru_12khz_fe/OR007@12_1.mat,source_domain/cwru_12khz_fe/OR007@12_1.mat,source_domain/cwru_12khz_fe/OR007@12_1.mat,source_12khz_fe,X305_FE_time,12000,72000,84000,6.0,7.0,12000,72000,84000,OR,known_source,1.0,0.007,12.0,FE,FE,1775.0,SKF6203_FE
WIN-093bb1843cb54e36e1aa,source,RAWFILE-086,source_domain/cwru_12khz_fe/OR007@12_1.mat,source_domain/cwru_12khz_fe/OR007@12_1.mat,source_domain/cwru_12khz_fe/OR007@12_1.mat,source_12khz_fe,X305_FE_time,12000,78000,90000,6.5,7.5,12000,78000,90000,OR,known_source,1.0,0.007,12.0,FE,FE,1775.0,SKF6203_FE
WIN-197100a504dd69920efc,source,RAWFILE-086,source_domain/cwru_12khz_fe/OR007@12_1.mat,source_domain/cwru_12khz_fe/OR007@12_1.mat,source_domain/cwru_12khz_fe/OR007@12_1.mat,source_12khz_fe,X305_FE_time,12000,84000,96000,7.0,8.0,12000,84000,96000,OR,known_source,1.0,0.007,12.0,FE,FE,1775.0,SKF6203_FE
WIN-063ab624c8752b408780,source,RAWFILE-087,source_domain/cwru_12khz_fe/OR007@12_2.mat,source_domain/cwru_12khz_fe/OR007@12_2.mat,source_domain/cwru_12khz_fe/OR007@12_2.mat,source_12khz_fe,X306_FE_time,12000,0,12000,0.0,1.0,12000,0,12000,OR,known_source,2.0,0.007,12.0,FE,FE,1755.0,SKF6203_FE
WIN-f1107cc11bdac17af08c,source,RAWFILE-087,source_domain/cwru_12khz_fe/OR007@12_2.mat,source_domain/cwru_12khz_fe/OR007@12_2.mat,source_domain/cwru_12khz_fe/OR007@12_2.mat,source_12khz_fe,X306_FE_time,12000,6000,18000,0.5,1.5,12000,6000,18000,OR,known_source,2.0,0.007,12.0,FE,FE,1755.0,SKF6203_FE
WIN-3014bdc518adf9950ef6,source,RAWFILE-087,source_domain/cwru_12khz_fe/OR007@12_2.mat,source_domain/cwru_12khz_fe/OR007@12_2.mat,source_domain/cwru_12khz_fe/OR007@12_2.mat,source_12khz_fe,X306_FE_time,12000,12000,24000,1.0,2.0,12000,12000,24000,OR,known_source,2.0,0.007,12.0,FE,FE,1755.0,SKF6203_FE
WIN-77a4bd2a6e9de53d89ca,source,RAWFILE-087,source_domain/cwru_12khz_fe/OR007@12_2.mat,source_domain/cwru_12khz_fe/OR007@12_2.mat,source_domain/cwru_12khz_fe/OR007@12_2.mat,source_12khz_fe,X306_FE_time,12000,18000,30000,1.5,2.5,12000,18000,30000,OR,known_source,2.0,0.007,12.0,FE,FE,1755.0,SKF6203_FE
WIN-5067f5afa2eabe744cf8,source,RAWFILE-087,source_domain/cwru_12khz_fe/OR007@12_2.mat,source_domain/cwru_12khz_fe/OR007@12_2.mat,source_domain/cwru_12khz_fe/OR007@12_2.mat,source_12khz_fe,X306_FE_time,12000,24000,36000,2.0,3.0,12000,24000,36000,OR,known_source,2.0,0.007,12.0,FE,FE,1755.0,SKF6203_FE
WIN-58be6c5e49ca140386a7,source,RAWFILE-087,source_domain/cwru_12khz_fe/OR007@12_2.mat,source_domain/cwru_12khz_fe/OR007@12_2.mat,source_domain/cwru_12khz_fe/OR007@12_2.mat,source_12khz_fe,X306_FE_time,12000,30000,42000,2.5,3.5,12000,30000,42000,OR,known_source,2.0,0.007,12.0,FE,FE,1755.0,SKF6203_FE
WIN-19c4a444de9952f7f4cb,source,RAWFILE-087,source_domain/cwru_12khz_fe/OR007@12_2.mat,source_domain/cwru_12khz_fe/OR007@12_2.mat,source_domain/cwru_12khz_fe/OR007@12_2.mat,source_12khz_fe,X306_FE_time,12000,36000,48000,3.0,4.0,12000,36000,48000,OR,known_source,2.0,0.007,12.0,FE,FE,1755.0,SKF6203_FE
WIN-14fc350ca3de6b08c1fe,source,RAWFILE-087,source_domain/cwru_12khz_fe/OR007@12_2.mat,source_domain/cwru_12khz_fe/OR007@12_2.mat,source_domain/cwru_12khz_fe/OR007@12_2.mat,source_12khz_fe,X306_FE_time,12000,42000,54000,3.5,4.5,12000,42000,54000,OR,known_source,2.0,0.007,12.0,FE,FE,1755.0,SKF6203_FE
WIN-2300f48ede3c1dfa5ddc,source,RAWFILE-087,source_domain/cwru_12khz_fe/OR007@12_2.mat,source_domain/cwru_12khz_fe/OR007@12_2.mat,source_domain/cwru_12khz_fe/OR007@12_2.mat,source_12khz_fe,X306_FE_time,12000,48000,60000,4.0,5.0,12000,48000,60000,OR,known_source,2.0,0.007,12.0,FE,FE,1755.0,SKF6203_FE
WIN-993dae3161d23c470ed8,source,RAWFILE-087,source_domain/cwru_12khz_fe/OR007@12_2.mat,source_domain/cwru_12khz_fe/OR007@12_2.mat,source_domain/cwru_12khz_fe/OR007@12_2.mat,source_12khz_fe,X306_FE_time,12000,54000,66000,4.5,5.5,12000,54000,66000,OR,known_source,2.0,0.007,12.0,FE,FE,1755.0,SKF6203_FE
WIN-75ec544d8283c18f4ce5,source,RAWFILE-087,source_domain/cwru_12khz_fe/OR007@12_2.mat,source_domain/cwru_12khz_fe/OR007@12_2.mat,source_domain/cwru_12khz_fe/OR007@12_2.mat,source_12khz_fe,X306_FE_time,12000,60000,72000,5.0,6.0,12000,60000,72000,OR,known_source,2.0,0.007,12.0,FE,FE,1755.0,SKF6203_FE
WIN-11a0bf973c6f23ed135a,source,RAWFILE-087,source_domain/cwru_12khz_fe/OR007@12_2.mat,source_domain/cwru_12khz_fe/OR007@12_2.mat,source_domain/cwru_12khz_fe/OR007@12_2.mat,source_12khz_fe,X306_FE_time,12000,66000,78000,5.5,6.5,12000,66000,78000,OR,known_source,2.0,0.007,12.0,FE,FE,1755.0,SKF6203_FE
WIN-17d812e2b50736529c3d,source,RAWFILE-087,source_domain/cwru_12khz_fe/OR007@12_2.mat,source_domain/cwru_12khz_fe/OR007@12_2.mat,source_domain/cwru_12khz_fe/OR007@12_2.mat,source_12khz_fe,X306_FE_time,12000,72000,84000,6.0,7.0,12000,72000,84000,OR,known_source,2.0,0.007,12.0,FE,FE,1755.0,SKF6203_FE
WIN-865046b21f0a63655703,source,RAWFILE-087,source_domain/cwru_12khz_fe/OR007@12_2.mat,source_domain/cwru_12khz_fe/OR007@12_2.mat,source_domain/cwru_12khz_fe/OR007@12_2.mat,source_12khz_fe,X306_FE_time,12000,78000,90000,6.5,7.5,12000,78000,90000,OR,known_source,2.0,0.007,12.0,FE,FE,1755.0,SKF6203_FE
WIN-a7c54d1d3c47c7e8c1ea,source,RAWFILE-087,source_domain/cwru_12khz_fe/OR007@12_2.mat,source_domain/cwru_12khz_fe/OR007@12_2.mat,source_domain/cwru_12khz_fe/OR007@12_2.mat,source_12khz_fe,X306_FE_time,12000,84000,96000,7.0,8.0,12000,84000,96000,OR,known_source,2.0,0.007,12.0,FE,FE,1755.0,SKF6203_FE
WIN-46706137a5972d3a1ecc,source,RAWFILE-088,source_domain/cwru_12khz_fe/OR007@12_3.mat,source_domain/cwru_12khz_fe/OR007@12_3.mat,source_domain/cwru_12khz_fe/OR007@12_3.mat,source_12khz_fe,X307_FE_time,12000,0,12000,0.0,1.0,12000,0,12000,OR,known_source,3.0,0.007,12.0,FE,FE,1733.0,SKF6203_FE
WIN-2c7eb1f0c7ce0c05eb21,source,RAWFILE-088,source_domain/cwru_12khz_fe/OR007@12_3.mat,source_domain/cwru_12khz_fe/OR007@12_3.mat,source_domain/cwru_12khz_fe/OR007@12_3.mat,source_12khz_fe,X307_FE_time,12000,6000,18000,0.5,1.5,12000,6000,18000,OR,known_source,3.0,0.007,12.0,FE,FE,1733.0,SKF6203_FE
WIN-7d3864499d7d58bc6502,source,RAWFILE-088,source_domain/cwru_12khz_fe/OR007@12_3.mat,source_domain/cwru_12khz_fe/OR007@12_3.mat,source_domain/cwru_12khz_fe/OR007@12_3.mat,source_12khz_fe,X307_FE_time,12000,12000,24000,1.0,2.0,12000,12000,24000,OR,known_source,3.0,0.007,12.0,FE,FE,1733.0,SKF6203_FE
WIN-f84ed1c02fdc2dd93018,source,RAWFILE-088,source_domain/cwru_12khz_fe/OR007@12_3.mat,source_domain/cwru_12khz_fe/OR007@12_3.mat,source_domain/cwru_12khz_fe/OR007@12_3.mat,source_12khz_fe,X307_FE_time,12000,18000,30000,1.5,2.5,12000,18000,30000,OR,known_source,3.0,0.007,12.0,FE,FE,1733.0,SKF6203_FE
WIN-10bf77aae85d6fea8141,source,RAWFILE-088,source_domain/cwru_12khz_fe/OR007@12_3.mat,source_domain/cwru_12khz_fe/OR007@12_3.mat,source_domain/cwru_12khz_fe/OR007@12_3.mat,source_12khz_fe,X307_FE_time,12000,24000,36000,2.0,3.0,12000,24000,36000,OR,known_source,3.0,0.007,12.0,FE,FE,1733.0,SKF6203_FE
WIN-df325a4f39970a7614b7,source,RAWFILE-088,source_domain/cwru_12khz_fe/OR007@12_3.mat,source_domain/cwru_12khz_fe/OR007@12_3.mat,source_domain/cwru_12khz_fe/OR007@12_3.mat,source_12khz_fe,X307_FE_time,12000,30000,42000,2.5,3.5,12000,30000,42000,OR,known_source,3.0,0.007,12.0,FE,FE,1733.0,SKF6203_FE
WIN-2ebb9e36f146e958cd29,source,RAWFILE-088,source_domain/cwru_12khz_fe/OR007@12_3.mat,source_domain/cwru_12khz_fe/OR007@12_3.mat,source_domain/cwru_12khz_fe/OR007@12_3.mat,source_12khz_fe,X307_FE_time,12000,36000,48000,3.0,4.0,12000,36000,48000,OR,known_source,3.0,0.007,12.0,FE,FE,1733.0,SKF6203_FE
WIN-9dc3fc35b87ff32438f9,source,RAWFILE-088,source_domain/cwru_12khz_fe/OR007@12_3.mat,source_domain/cwru_12khz_fe/OR007@12_3.mat,source_domain/cwru_12khz_fe/OR007@12_3.mat,source_12khz_fe,X307_FE_time,12000,42000,54000,3.5,4.5,12000,42000,54000,OR,known_source,3.0,0.007,12.0,FE,FE,1733.0,SKF6203_FE
WIN-ba912dc1cc30dd45177a,source,RAWFILE-088,source_domain/cwru_12khz_fe/OR007@12_3.mat,source_domain/cwru_12khz_fe/OR007@12_3.mat,source_domain/cwru_12khz_fe/OR007@12_3.mat,source_12khz_fe,X307_FE_time,12000,48000,60000,4.0,5.0,12000,48000,60000,OR,known_source,3.0,0.007,12.0,FE,FE,1733.0,SKF6203_FE
WIN-cee281a823fc518d678a,source,RAWFILE-088,source_domain/cwru_12khz_fe/OR007@12_3.mat,source_domain/cwru_12khz_fe/OR007@12_3.mat,source_domain/cwru_12khz_fe/OR007@12_3.mat,source_12khz_fe,X307_FE_time,12000,54000,66000,4.5,5.5,12000,54000,66000,OR,known_source,3.0,0.007,12.0,FE,FE,1733.0,SKF6203_FE
WIN-3ca6b628cde95b69795b,source,RAWFILE-088,source_domain/cwru_12khz_fe/OR007@12_3.mat,source_domain/cwru_12khz_fe/OR007@12_3.mat,source_domain/cwru_12khz_fe/OR007@12_3.mat,source_12khz_fe,X307_FE_time,12000,60000,72000,5.0,6.0,12000,60000,72000,OR,known_source,3.0,0.007,12.0,FE,FE,1733.0,SKF6203_FE
WIN-d4fe139a2b4ff815788c,source,RAWFILE-088,source_domain/cwru_12khz_fe/OR007@12_3.mat,source_domain/cwru_12khz_fe/OR007@12_3.mat,source_domain/cwru_12khz_fe/OR007@12_3.mat,source_12khz_fe,X307_FE_time,12000,66000,78000,5.5,6.5,12000,66000,78000,OR,known_source,3.0,0.007,12.0,FE,FE,1733.0,SKF6203_FE
WIN-3129d49023847241fc96,source,RAWFILE-088,source_domain/cwru_12khz_fe/OR007@12_3.mat,source_domain/cwru_12khz_fe/OR007@12_3.mat,source_domain/cwru_12khz_fe/OR007@12_3.mat,source_12khz_fe,X307_FE_time,12000,72000,84000,6.0,7.0,12000,72000,84000,OR,known_source,3.0,0.007,12.0,FE,FE,1733.0,SKF6203_FE
WIN-b74d8c4470bfeba49f02,source,RAWFILE-088,source_domain/cwru_12khz_fe/OR007@12_3.mat,source_domain/cwru_12khz_fe/OR007@12_3.mat,source_domain/cwru_12khz_fe/OR007@12_3.mat,source_12khz_fe,X307_FE_time,12000,78000,90000,6.5,7.5,12000,78000,90000,OR,known_source,3.0,0.007,12.0,FE,FE,1733.0,SKF6203_FE
WIN-2aed894203967d14a01b,source,RAWFILE-088,source_domain/cwru_12khz_fe/OR007@12_3.mat,source_domain/cwru_12khz_fe/OR007@12_3.mat,source_domain/cwru_12khz_fe/OR007@12_3.mat,source_12khz_fe,X307_FE_time,12000,84000,96000,7.0,8.0,12000,84000,96000,OR,known_source,3.0,0.007,12.0,FE,FE,1733.0,SKF6203_FE
WIN-09a41abe2fd00223a4e1,source,RAWFILE-089,source_domain/cwru_12khz_fe/OR007@3_0.mat,source_domain/cwru_12khz_fe/OR007@3_0.mat,source_domain/cwru_12khz_fe/OR007@3_0.mat,source_12khz_fe,X298_FE_time,12000,0,12000,0.0,1.0,12000,0,12000,OR,known_source,0.0,0.007,3.0,FE,FE,1797.0,SKF6203_FE
WIN-2b526834e035ce798e75,source,RAWFILE-089,source_domain/cwru_12khz_fe/OR007@3_0.mat,source_domain/cwru_12khz_fe/OR007@3_0.mat,source_domain/cwru_12khz_fe/OR007@3_0.mat,source_12khz_fe,X298_FE_time,12000,6000,18000,0.5,1.5,12000,6000,18000,OR,known_source,0.0,0.007,3.0,FE,FE,1797.0,SKF6203_FE
WIN-1715a2eca1dac78ae4a6,source,RAWFILE-089,source_domain/cwru_12khz_fe/OR007@3_0.mat,source_domain/cwru_12khz_fe/OR007@3_0.mat,source_domain/cwru_12khz_fe/OR007@3_0.mat,source_12khz_fe,X298_FE_time,12000,12000,24000,1.0,2.0,12000,12000,24000,OR,known_source,0.0,0.007,3.0,FE,FE,1797.0,SKF6203_FE
WIN-16cdcd37780c38f5f551,source,RAWFILE-089,source_domain/cwru_12khz_fe/OR007@3_0.mat,source_domain/cwru_12khz_fe/OR007@3_0.mat,source_domain/cwru_12khz_fe/OR007@3_0.mat,source_12khz_fe,X298_FE_time,12000,18000,30000,1.5,2.5,12000,18000,30000,OR,known_source,0.0,0.007,3.0,FE,FE,1797.0,SKF6203_FE
WIN-24abd296e76c9603c4a2,source,RAWFILE-089,source_domain/cwru_12khz_fe/OR007@3_0.mat,source_domain/cwru_12khz_fe/OR007@3_0.mat,source_domain/cwru_12khz_fe/OR007@3_0.mat,source_12khz_fe,X298_FE_time,12000,24000,36000,2.0,3.0,12000,24000,36000,OR,known_source,0.0,0.007,3.0,FE,FE,1797.0,SKF6203_FE
WIN-986d4511d7ecbac5c050,source,RAWFILE-089,source_domain/cwru_12khz_fe/OR007@3_0.mat,source_domain/cwru_12khz_fe/OR007@3_0.mat,source_domain/cwru_12khz_fe/OR007@3_0.mat,source_12khz_fe,X298_FE_time,12000,30000,42000,2.5,3.5,12000,30000,42000,OR,known_source,0.0,0.007,3.0,FE,FE,1797.0,SKF6203_FE
WIN-28369640a77cf3915447,source,RAWFILE-089,source_domain/cwru_12khz_fe/OR007@3_0.mat,source_domain/cwru_12khz_fe/OR007@3_0.mat,source_domain/cwru_12khz_fe/OR007@3_0.mat,source_12khz_fe,X298_FE_time,12000,36000,48000,3.0,4.0,12000,36000,48000,OR,known_source,0.0,0.007,3.0,FE,FE,1797.0,SKF6203_FE
WIN-43ed1c32539cf447d554,source,RAWFILE-089,source_domain/cwru_12khz_fe/OR007@3_0.mat,source_domain/cwru_12khz_fe/OR007@3_0.mat,source_domain/cwru_12khz_fe/OR007@3_0.mat,source_12khz_fe,X298_FE_time,12000,42000,54000,3.5,4.5,12000,42000,54000,OR,known_source,0.0,0.007,3.0,FE,FE,1797.0,SKF6203_FE
WIN-9083020b3cc706d9b1b0,source,RAWFILE-089,source_domain/cwru_12khz_fe/OR007@3_0.mat,source_domain/cwru_12khz_fe/OR007@3_0.mat,source_domain/cwru_12khz_fe/OR007@3_0.mat,source_12khz_fe,X298_FE_time,12000,48000,60000,4.0,5.0,12000,48000,60000,OR,known_source,0.0,0.007,3.0,FE,FE,1797.0,SKF6203_FE
WIN-4cb649991a80a87dfb5f,source,RAWFILE-089,source_domain/cwru_12khz_fe/OR007@3_0.mat,source_domain/cwru_12khz_fe/OR007@3_0.mat,source_domain/cwru_12khz_fe/OR007@3_0.mat,source_12khz_fe,X298_FE_time,12000,54000,66000,4.5,5.5,12000,54000,66000,OR,known_source,0.0,0.007,3.0,FE,FE,1797.0,SKF6203_FE
WIN-1d9c9219d661f58c147a,source,RAWFILE-089,source_domain/cwru_12khz_fe/OR007@3_0.mat,source_domain/cwru_12khz_fe/OR007@3_0.mat,source_domain/cwru_12khz_fe/OR007@3_0.mat,source_12khz_fe,X298_FE_time,12000,60000,72000,5.0,6.0,12000,60000,72000,OR,known_source,0.0,0.007,3.0,FE,FE,1797.0,SKF6203_FE
WIN-4f48576279475268a3fb,source,RAWFILE-089,source_domain/cwru_12khz_fe/OR007@3_0.mat,source_domain/cwru_12khz_fe/OR007@3_0.mat,source_domain/cwru_12khz_fe/OR007@3_0.mat,source_12khz_fe,X298_FE_time,12000,66000,78000,5.5,6.5,12000,66000,78000,OR,known_source,0.0,0.007,3.0,FE,FE,1797.0,SKF6203_FE
WIN-649eeac278ab6d04e72a,source,RAWFILE-089,source_domain/cwru_12khz_fe/OR007@3_0.mat,source_domain/cwru_12khz_fe/OR007@3_0.mat,source_domain/cwru_12khz_fe/OR007@3_0.mat,source_12khz_fe,X298_FE_time,12000,72000,84000,6.0,7.0,12000,72000,84000,OR,known_source,0.0,0.007,3.0,FE,FE,1797.0,SKF6203_FE
WIN-060be6536c9238296b2e,source,RAWFILE-089,source_domain/cwru_12khz_fe/OR007@3_0.mat,source_domain/cwru_12khz_fe/OR007@3_0.mat,source_domain/cwru_12khz_fe/OR007@3_0.mat,source_12khz_fe,X298_FE_time,12000,78000,90000,6.5,7.5,12000,78000,90000,OR,known_source,0.0,0.007,3.0,FE,FE,1797.0,SKF6203_FE
WIN-45ac628e7c5ffb741ed6,source,RAWFILE-089,source_domain/cwru_12khz_fe/OR007@3_0.mat,source_domain/cwru_12khz_fe/OR007@3_0.mat,source_domain/cwru_12khz_fe/OR007@3_0.mat,source_12khz_fe,X298_FE_time,12000,84000,96000,7.0,8.0,12000,84000,96000,OR,known_source,0.0,0.007,3.0,FE,FE,1797.0,SKF6203_FE
WIN-c91ca1e4f1129795cf85,source,RAWFILE-090,source_domain/cwru_12khz_fe/OR007@3_1.mat,source_domain/cwru_12khz_fe/OR007@3_1.mat,source_domain/cwru_12khz_fe/OR007@3_1.mat,source_12khz_fe,X299_FE_time,12000,0,12000,0.0,1.0,12000,0,12000,OR,known_source,1.0,0.007,3.0,FE,FE,1776.0,SKF6203_FE
WIN-8730cf62220464d5f536,source,RAWFILE-090,source_domain/cwru_12khz_fe/OR007@3_1.mat,source_domain/cwru_12khz_fe/OR007@3_1.mat,source_domain/cwru_12khz_fe/OR007@3_1.mat,source_12khz_fe,X299_FE_time,12000,6000,18000,0.5,1.5,12000,6000,18000,OR,known_source,1.0,0.007,3.0,FE,FE,1776.0,SKF6203_FE
WIN-5371b27d3f4fd2278a77,source,RAWFILE-090,source_domain/cwru_12khz_fe/OR007@3_1.mat,source_domain/cwru_12khz_fe/OR007@3_1.mat,source_domain/cwru_12khz_fe/OR007@3_1.mat,source_12khz_fe,X299_FE_time,12000,12000,24000,1.0,2.0,12000,12000,24000,OR,known_source,1.0,0.007,3.0,FE,FE,1776.0,SKF6203_FE
WIN-61d9ea2bd10f852051a8,source,RAWFILE-090,source_domain/cwru_12khz_fe/OR007@3_1.mat,source_domain/cwru_12khz_fe/OR007@3_1.mat,source_domain/cwru_12khz_fe/OR007@3_1.mat,source_12khz_fe,X299_FE_time,12000,18000,30000,1.5,2.5,12000,18000,30000,OR,known_source,1.0,0.007,3.0,FE,FE,1776.0,SKF6203_FE
WIN-ce27f35f0030fee76148,source,RAWFILE-090,source_domain/cwru_12khz_fe/OR007@3_1.mat,source_domain/cwru_12khz_fe/OR007@3_1.mat,source_domain/cwru_12khz_fe/OR007@3_1.mat,source_12khz_fe,X299_FE_time,12000,24000,36000,2.0,3.0,12000,24000,36000,OR,known_source,1.0,0.007,3.0,FE,FE,1776.0,SKF6203_FE
WIN-6ae733112d12a69e7ae7,source,RAWFILE-090,source_domain/cwru_12khz_fe/OR007@3_1.mat,source_domain/cwru_12khz_fe/OR007@3_1.mat,source_domain/cwru_12khz_fe/OR007@3_1.mat,source_12khz_fe,X299_FE_time,12000,30000,42000,2.5,3.5,12000,30000,42000,OR,known_source,1.0,0.007,3.0,FE,FE,1776.0,SKF6203_FE
WIN-4aff6e3cec25f00228d7,source,RAWFILE-090,source_domain/cwru_12khz_fe/OR007@3_1.mat,source_domain/cwru_12khz_fe/OR007@3_1.mat,source_domain/cwru_12khz_fe/OR007@3_1.mat,source_12khz_fe,X299_FE_time,12000,36000,48000,3.0,4.0,12000,36000,48000,OR,known_source,1.0,0.007,3.0,FE,FE,1776.0,SKF6203_FE
WIN-3f8a36c31277d6e80322,source,RAWFILE-090,source_domain/cwru_12khz_fe/OR007@3_1.mat,source_domain/cwru_12khz_fe/OR007@3_1.mat,source_domain/cwru_12khz_fe/OR007@3_1.mat,source_12khz_fe,X299_FE_time,12000,42000,54000,3.5,4.5,12000,42000,54000,OR,known_source,1.0,0.007,3.0,FE,FE,1776.0,SKF6203_FE
WIN-094267f798a58906c9ca,source,RAWFILE-090,source_domain/cwru_12khz_fe/OR007@3_1.mat,source_domain/cwru_12khz_fe/OR007@3_1.mat,source_domain/cwru_12khz_fe/OR007@3_1.mat,source_12khz_fe,X299_FE_time,12000,48000,60000,4.0,5.0,12000,48000,60000,OR,known_source,1.0,0.007,3.0,FE,FE,1776.0,SKF6203_FE
WIN-467fd7bf969ee55e40dd,source,RAWFILE-090,source_domain/cwru_12khz_fe/OR007@3_1.mat,source_domain/cwru_12khz_fe/OR007@3_1.mat,source_domain/cwru_12khz_fe/OR007@3_1.mat,source_12khz_fe,X299_FE_time,12000,54000,66000,4.5,5.5,12000,54000,66000,OR,known_source,1.0,0.007,3.0,FE,FE,1776.0,SKF6203_FE
WIN-f6cd5921401e6227410d,source,RAWFILE-090,source_domain/cwru_12khz_fe/OR007@3_1.mat,source_domain/cwru_12khz_fe/OR007@3_1.mat,source_domain/cwru_12khz_fe/OR007@3_1.mat,source_12khz_fe,X299_FE_time,12000,60000,72000,5.0,6.0,12000,60000,72000,OR,known_source,1.0,0.007,3.0,FE,FE,1776.0,SKF6203_FE
WIN-4163ae8119f72a0c5051,source,RAWFILE-090,source_domain/cwru_12khz_fe/OR007@3_1.mat,source_domain/cwru_12khz_fe/OR007@3_1.mat,source_domain/cwru_12khz_fe/OR007@3_1.mat,source_12khz_fe,X299_FE_time,12000,66000,78000,5.5,6.5,12000,66000,78000,OR,known_source,1.0,0.007,3.0,FE,FE,1776.0,SKF6203_FE
WIN-fa79573f80bdc7fd9a4c,source,RAWFILE-090,source_domain/cwru_12khz_fe/OR007@3_1.mat,source_domain/cwru_12khz_fe/OR007@3_1.mat,source_domain/cwru_12khz_fe/OR007@3_1.mat,source_12khz_fe,X299_FE_time,12000,72000,84000,6.0,7.0,12000,72000,84000,OR,known_source,1.0,0.007,3.0,FE,FE,1776.0,SKF6203_FE
WIN-8a3a29c52b32413e9cea,source,RAWFILE-090,source_domain/cwru_12khz_fe/OR007@3_1.mat,source_domain/cwru_12khz_fe/OR007@3_1.mat,source_domain/cwru_12khz_fe/OR007@3_1.mat,source_12khz_fe,X299_FE_time,12000,78000,90000,6.5,7.5,12000,78000,90000,OR,known_source,1.0,0.007,3.0,FE,FE,1776.0,SKF6203_FE
WIN-2bb1a868957df2438caa,source,RAWFILE-090,source_domain/cwru_12khz_fe/OR007@3_1.mat,source_domain/cwru_12khz_fe/OR007@3_1.mat,source_domain/cwru_12khz_fe/OR007@3_1.mat,source_12khz_fe,X299_FE_time,12000,84000,96000,7.0,8.0,12000,84000,96000,OR,known_source,1.0,0.007,3.0,FE,FE,1776.0,SKF6203_FE
WIN-e78714f90f3cdf5a705f,source,RAWFILE-091,source_domain/cwru_12khz_fe/OR007@3_2.mat,source_domain/cwru_12khz_fe/OR007@3_2.mat,source_domain/cwru_12khz_fe/OR007@3_2.mat,source_12khz_fe,X300_FE_time,12000,0,12000,0.0,1.0,12000,0,12000,OR,known_source,2.0,0.007,3.0,FE,FE,1755.0,SKF6203_FE
WIN-25ae8a4c998efccb9a95,source,RAWFILE-091,source_domain/cwru_12khz_fe/OR007@3_2.mat,source_domain/cwru_12khz_fe/OR007@3_2.mat,source_domain/cwru_12khz_fe/OR007@3_2.mat,source_12khz_fe,X300_FE_time,12000,6000,18000,0.5,1.5,12000,6000,18000,OR,known_source,2.0,0.007,3.0,FE,FE,1755.0,SKF6203_FE
WIN-6f14fa52842f76b09c00,source,RAWFILE-091,source_domain/cwru_12khz_fe/OR007@3_2.mat,source_domain/cwru_12khz_fe/OR007@3_2.mat,source_domain/cwru_12khz_fe/OR007@3_2.mat,source_12khz_fe,X300_FE_time,12000,12000,24000,1.0,2.0,12000,12000,24000,OR,known_source,2.0,0.007,3.0,FE,FE,1755.0,SKF6203_FE
WIN-911dc83c78639aeeb03e,source,RAWFILE-091,source_domain/cwru_12khz_fe/OR007@3_2.mat,source_domain/cwru_12khz_fe/OR007@3_2.mat,source_domain/cwru_12khz_fe/OR007@3_2.mat,source_12khz_fe,X300_FE_time,12000,18000,30000,1.5,2.5,12000,18000,30000,OR,known_source,2.0,0.007,3.0,FE,FE,1755.0,SKF6203_FE
WIN-f7d1779290dc740f9691,source,RAWFILE-091,source_domain/cwru_12khz_fe/OR007@3_2.mat,source_domain/cwru_12khz_fe/OR007@3_2.mat,source_domain/cwru_12khz_fe/OR007@3_2.mat,source_12khz_fe,X300_FE_time,12000,24000,36000,2.0,3.0,12000,24000,36000,OR,known_source,2.0,0.007,3.0,FE,FE,1755.0,SKF6203_FE
WIN-2226684687bb63a2bc84,source,RAWFILE-091,source_domain/cwru_12khz_fe/OR007@3_2.mat,source_domain/cwru_12khz_fe/OR007@3_2.mat,source_domain/cwru_12khz_fe/OR007@3_2.mat,source_12khz_fe,X300_FE_time,12000,30000,42000,2.5,3.5,12000,30000,42000,OR,known_source,2.0,0.007,3.0,FE,FE,1755.0,SKF6203_FE
WIN-04247458f0f89dc258af,source,RAWFILE-091,source_domain/cwru_12khz_fe/OR007@3_2.mat,source_domain/cwru_12khz_fe/OR007@3_2.mat,source_domain/cwru_12khz_fe/OR007@3_2.mat,source_12khz_fe,X300_FE_time,12000,36000,48000,3.0,4.0,12000,36000,48000,OR,known_source,2.0,0.007,3.0,FE,FE,1755.0,SKF6203_FE
WIN-f8ac89bd4c4a37b1f9fb,source,RAWFILE-091,source_domain/cwru_12khz_fe/OR007@3_2.mat,source_domain/cwru_12khz_fe/OR007@3_2.mat,source_domain/cwru_12khz_fe/OR007@3_2.mat,source_12khz_fe,X300_FE_time,12000,42000,54000,3.5,4.5,12000,42000,54000,OR,known_source,2.0,0.007,3.0,FE,FE,1755.0,SKF6203_FE
WIN-dd83643ea7dfa10be4a7,source,RAWFILE-091,source_domain/cwru_12khz_fe/OR007@3_2.mat,source_domain/cwru_12khz_fe/OR007@3_2.mat,source_domain/cwru_12khz_fe/OR007@3_2.mat,source_12khz_fe,X300_FE_time,12000,48000,60000,4.0,5.0,12000,48000,60000,OR,known_source,2.0,0.007,3.0,FE,FE,1755.0,SKF6203_FE
WIN-229cab111ea86e18fc74,source,RAWFILE-091,source_domain/cwru_12khz_fe/OR007@3_2.mat,source_domain/cwru_12khz_fe/OR007@3_2.mat,source_domain/cwru_12khz_fe/OR007@3_2.mat,source_12khz_fe,X300_FE_time,12000,54000,66000,4.5,5.5,12000,54000,66000,OR,known_source,2.0,0.007,3.0,FE,FE,1755.0,SKF6203_FE
WIN-fcce1e7f4b60dd6bf5a8,source,RAWFILE-091,source_domain/cwru_12khz_fe/OR007@3_2.mat,source_domain/cwru_12khz_fe/OR007@3_2.mat,source_domain/cwru_12khz_fe/OR007@3_2.mat,source_12khz_fe,X300_FE_time,12000,60000,72000,5.0,6.0,12000,60000,72000,OR,known_source,2.0,0.007,3.0,FE,FE,1755.0,SKF6203_FE
WIN-dbd53d16f64ce87a7afa,source,RAWFILE-091,source_domain/cwru_12khz_fe/OR007@3_2.mat,source_domain/cwru_12khz_fe/OR007@3_2.mat,source_domain/cwru_12khz_fe/OR007@3_2.mat,source_12khz_fe,X300_FE_time,12000,66000,78000,5.5,6.5,12000,66000,78000,OR,known_source,2.0,0.007,3.0,FE,FE,1755.0,SKF6203_FE
WIN-2326aed37fcd1746ca1f,source,RAWFILE-091,source_domain/cwru_12khz_fe/OR007@3_2.mat,source_domain/cwru_12khz_fe/OR007@3_2.mat,source_domain/cwru_12khz_fe/OR007@3_2.mat,source_12khz_fe,X300_FE_time,12000,72000,84000,6.0,7.0,12000,72000,84000,OR,known_source,2.0,0.007,3.0,FE,FE,1755.0,SKF6203_FE
WIN-94d57054d0ad044a8469,source,RAWFILE-091,source_domain/cwru_12khz_fe/OR007@3_2.mat,source_domain/cwru_12khz_fe/OR007@3_2.mat,source_domain/cwru_12khz_fe/OR007@3_2.mat,source_12khz_fe,X300_FE_time,12000,78000,90000,6.5,7.5,12000,78000,90000,OR,known_source,2.0,0.007,3.0,FE,FE,1755.0,SKF6203_FE
WIN-09c6ee0513abe2933b90,source,RAWFILE-091,source_domain/cwru_12khz_fe/OR007@3_2.mat,source_domain/cwru_12khz_fe/OR007@3_2.mat,source_domain/cwru_12khz_fe/OR007@3_2.mat,source_12khz_fe,X300_FE_time,12000,84000,96000,7.0,8.0,12000,84000,96000,OR,known_source,2.0,0.007,3.0,FE,FE,1755.0,SKF6203_FE
WIN-8cc9594a7ec26fde7b31,source,RAWFILE-092,source_domain/cwru_12khz_fe/OR007@3_3.mat,source_domain/cwru_12khz_fe/OR007@3_3.mat,source_domain/cwru_12khz_fe/OR007@3_3.mat,source_12khz_fe,X301_FE_time,12000,0,12000,0.0,1.0,12000,0,12000,OR,known_source,3.0,0.007,3.0,FE,FE,1733.0,SKF6203_FE
WIN-c44d77f2cabc193355f0,source,RAWFILE-092,source_domain/cwru_12khz_fe/OR007@3_3.mat,source_domain/cwru_12khz_fe/OR007@3_3.mat,source_domain/cwru_12khz_fe/OR007@3_3.mat,source_12khz_fe,X301_FE_time,12000,6000,18000,0.5,1.5,12000,6000,18000,OR,known_source,3.0,0.007,3.0,FE,FE,1733.0,SKF6203_FE
WIN-9f6155dbab4dc05e09d2,source,RAWFILE-092,source_domain/cwru_12khz_fe/OR007@3_3.mat,source_domain/cwru_12khz_fe/OR007@3_3.mat,source_domain/cwru_12khz_fe/OR007@3_3.mat,source_12khz_fe,X301_FE_time,12000,12000,24000,1.0,2.0,12000,12000,24000,OR,known_source,3.0,0.007,3.0,FE,FE,1733.0,SKF6203_FE
WIN-de96314178b62c79dfc4,source,RAWFILE-092,source_domain/cwru_12khz_fe/OR007@3_3.mat,source_domain/cwru_12khz_fe/OR007@3_3.mat,source_domain/cwru_12khz_fe/OR007@3_3.mat,source_12khz_fe,X301_FE_time,12000,18000,30000,1.5,2.5,12000,18000,30000,OR,known_source,3.0,0.007,3.0,FE,FE,1733.0,SKF6203_FE
WIN-a6e936a49fefcb97c166,source,RAWFILE-092,source_domain/cwru_12khz_fe/OR007@3_3.mat,source_domain/cwru_12khz_fe/OR007@3_3.mat,source_domain/cwru_12khz_fe/OR007@3_3.mat,source_12khz_fe,X301_FE_time,12000,24000,36000,2.0,3.0,12000,24000,36000,OR,known_source,3.0,0.007,3.0,FE,FE,1733.0,SKF6203_FE
WIN-b93c0389339b6d3c88c9,source,RAWFILE-092,source_domain/cwru_12khz_fe/OR007@3_3.mat,source_domain/cwru_12khz_fe/OR007@3_3.mat,source_domain/cwru_12khz_fe/OR007@3_3.mat,source_12khz_fe,X301_FE_time,12000,30000,42000,2.5,3.5,12000,30000,42000,OR,known_source,3.0,0.007,3.0,FE,FE,1733.0,SKF6203_FE
WIN-a5adc5e31e6bfe750163,source,RAWFILE-092,source_domain/cwru_12khz_fe/OR007@3_3.mat,source_domain/cwru_12khz_fe/OR007@3_3.mat,source_domain/cwru_12khz_fe/OR007@3_3.mat,source_12khz_fe,X301_FE_time,12000,36000,48000,3.0,4.0,12000,36000,48000,OR,known_source,3.0,0.007,3.0,FE,FE,1733.0,SKF6203_FE
WIN-256691369c87ea8861f1,source,RAWFILE-092,source_domain/cwru_12khz_fe/OR007@3_3.mat,source_domain/cwru_12khz_fe/OR007@3_3.mat,source_domain/cwru_12khz_fe/OR007@3_3.mat,source_12khz_fe,X301_FE_time,12000,42000,54000,3.5,4.5,12000,42000,54000,OR,known_source,3.0,0.007,3.0,FE,FE,1733.0,SKF6203_FE
WIN-fdf7795e809a33a3f8c1,source,RAWFILE-092,source_domain/cwru_12khz_fe/OR007@3_3.mat,source_domain/cwru_12khz_fe/OR007@3_3.mat,source_domain/cwru_12khz_fe/OR007@3_3.mat,source_12khz_fe,X301_FE_time,12000,48000,60000,4.0,5.0,12000,48000,60000,OR,known_source,3.0,0.007,3.0,FE,FE,1733.0,SKF6203_FE
WIN-1a0c31abcfb222be6099,source,RAWFILE-092,source_domain/cwru_12khz_fe/OR007@3_3.mat,source_domain/cwru_12khz_fe/OR007@3_3.mat,source_domain/cwru_12khz_fe/OR007@3_3.mat,source_12khz_fe,X301_FE_time,12000,54000,66000,4.5,5.5,12000,54000,66000,OR,known_source,3.0,0.007,3.0,FE,FE,1733.0,SKF6203_FE
WIN-055647c4a511d2af9978,source,RAWFILE-092,source_domain/cwru_12khz_fe/OR007@3_3.mat,source_domain/cwru_12khz_fe/OR007@3_3.mat,source_domain/cwru_12khz_fe/OR007@3_3.mat,source_12khz_fe,X301_FE_time,12000,60000,72000,5.0,6.0,12000,60000,72000,OR,known_source,3.0,0.007,3.0,FE,FE,1733.0,SKF6203_FE
WIN-357083e788948f4d4f13,source,RAWFILE-092,source_domain/cwru_12khz_fe/OR007@3_3.mat,source_domain/cwru_12khz_fe/OR007@3_3.mat,source_domain/cwru_12khz_fe/OR007@3_3.mat,source_12khz_fe,X301_FE_time,12000,66000,78000,5.5,6.5,12000,66000,78000,OR,known_source,3.0,0.007,3.0,FE,FE,1733.0,SKF6203_FE
WIN-53f07e278771522f73ac,source,RAWFILE-092,source_domain/cwru_12khz_fe/OR007@3_3.mat,source_domain/cwru_12khz_fe/OR007@3_3.mat,source_domain/cwru_12khz_fe/OR007@3_3.mat,source_12khz_fe,X301_FE_time,12000,72000,84000,6.0,7.0,12000,72000,84000,OR,known_source,3.0,0.007,3.0,FE,FE,1733.0,SKF6203_FE
WIN-b5128d095313b5382eb4,source,RAWFILE-092,source_domain/cwru_12khz_fe/OR007@3_3.mat,source_domain/cwru_12khz_fe/OR007@3_3.mat,source_domain/cwru_12khz_fe/OR007@3_3.mat,source_12khz_fe,X301_FE_time,12000,78000,90000,6.5,7.5,12000,78000,90000,OR,known_source,3.0,0.007,3.0,FE,FE,1733.0,SKF6203_FE
WIN-8f22f88d4cd64cb7e6b3,source,RAWFILE-092,source_domain/cwru_12khz_fe/OR007@3_3.mat,source_domain/cwru_12khz_fe/OR007@3_3.mat,source_domain/cwru_12khz_fe/OR007@3_3.mat,source_12khz_fe,X301_FE_time,12000,84000,96000,7.0,8.0,12000,84000,96000,OR,known_source,3.0,0.007,3.0,FE,FE,1733.0,SKF6203_FE
WIN-886c23dd6638591aaec0,source,RAWFILE-093,source_domain/cwru_12khz_fe/OR007@6_0.mat,source_domain/cwru_12khz_fe/OR007@6_0.mat,source_domain/cwru_12khz_fe/OR007@6_0.mat,source_12khz_fe,X294_FE_time,12000,0,12000,0.0,1.0,12000,0,12000,OR,known_source,0.0,0.007,6.0,FE,FE,1797.0,SKF6203_FE
WIN-af97d6a9e04417617add,source,RAWFILE-093,source_domain/cwru_12khz_fe/OR007@6_0.mat,source_domain/cwru_12khz_fe/OR007@6_0.mat,source_domain/cwru_12khz_fe/OR007@6_0.mat,source_12khz_fe,X294_FE_time,12000,6000,18000,0.5,1.5,12000,6000,18000,OR,known_source,0.0,0.007,6.0,FE,FE,1797.0,SKF6203_FE
WIN-efa30cc3a2ed92816aed,source,RAWFILE-093,source_domain/cwru_12khz_fe/OR007@6_0.mat,source_domain/cwru_12khz_fe/OR007@6_0.mat,source_domain/cwru_12khz_fe/OR007@6_0.mat,source_12khz_fe,X294_FE_time,12000,12000,24000,1.0,2.0,12000,12000,24000,OR,known_source,0.0,0.007,6.0,FE,FE,1797.0,SKF6203_FE
WIN-7089b82171d8c1f899d1,source,RAWFILE-093,source_domain/cwru_12khz_fe/OR007@6_0.mat,source_domain/cwru_12khz_fe/OR007@6_0.mat,source_domain/cwru_12khz_fe/OR007@6_0.mat,source_12khz_fe,X294_FE_time,12000,18000,30000,1.5,2.5,12000,18000,30000,OR,known_source,0.0,0.007,6.0,FE,FE,1797.0,SKF6203_FE
WIN-60d9b0ed579c572dcbd5,source,RAWFILE-093,source_domain/cwru_12khz_fe/OR007@6_0.mat,source_domain/cwru_12khz_fe/OR007@6_0.mat,source_domain/cwru_12khz_fe/OR007@6_0.mat,source_12khz_fe,X294_FE_time,12000,24000,36000,2.0,3.0,12000,24000,36000,OR,known_source,0.0,0.007,6.0,FE,FE,1797.0,SKF6203_FE
WIN-6757cecfcb93696b7e63,source,RAWFILE-093,source_domain/cwru_12khz_fe/OR007@6_0.mat,source_domain/cwru_12khz_fe/OR007@6_0.mat,source_domain/cwru_12khz_fe/OR007@6_0.mat,source_12khz_fe,X294_FE_time,12000,30000,42000,2.5,3.5,12000,30000,42000,OR,known_source,0.0,0.007,6.0,FE,FE,1797.0,SKF6203_FE
WIN-e9818dd29f3f6707b5d8,source,RAWFILE-093,source_domain/cwru_12khz_fe/OR007@6_0.mat,source_domain/cwru_12khz_fe/OR007@6_0.mat,source_domain/cwru_12khz_fe/OR007@6_0.mat,source_12khz_fe,X294_FE_time,12000,36000,48000,3.0,4.0,12000,36000,48000,OR,known_source,0.0,0.007,6.0,FE,FE,1797.0,SKF6203_FE
WIN-905dc95e598e76866a63,source,RAWFILE-093,source_domain/cwru_12khz_fe/OR007@6_0.mat,source_domain/cwru_12khz_fe/OR007@6_0.mat,source_domain/cwru_12khz_fe/OR007@6_0.mat,source_12khz_fe,X294_FE_time,12000,42000,54000,3.5,4.5,12000,42000,54000,OR,known_source,0.0,0.007,6.0,FE,FE,1797.0,SKF6203_FE
WIN-3cdb2e14c08a65d61871,source,RAWFILE-093,source_domain/cwru_12khz_fe/OR007@6_0.mat,source_domain/cwru_12khz_fe/OR007@6_0.mat,source_domain/cwru_12khz_fe/OR007@6_0.mat,source_12khz_fe,X294_FE_time,12000,48000,60000,4.0,5.0,12000,48000,60000,OR,known_source,0.0,0.007,6.0,FE,FE,1797.0,SKF6203_FE
WIN-bae34b43585f25e9574a,source,RAWFILE-093,source_domain/cwru_12khz_fe/OR007@6_0.mat,source_domain/cwru_12khz_fe/OR007@6_0.mat,source_domain/cwru_12khz_fe/OR007@6_0.mat,source_12khz_fe,X294_FE_time,12000,54000,66000,4.5,5.5,12000,54000,66000,OR,known_source,0.0,0.007,6.0,FE,FE,1797.0,SKF6203_FE
WIN-871dc132fdd23d7ed86b,source,RAWFILE-093,source_domain/cwru_12khz_fe/OR007@6_0.mat,source_domain/cwru_12khz_fe/OR007@6_0.mat,source_domain/cwru_12khz_fe/OR007@6_0.mat,source_12khz_fe,X294_FE_time,12000,60000,72000,5.0,6.0,12000,60000,72000,OR,known_source,0.0,0.007,6.0,FE,FE,1797.0,SKF6203_FE
WIN-e1cf6299c65e6f91c02e,source,RAWFILE-093,source_domain/cwru_12khz_fe/OR007@6_0.mat,source_domain/cwru_12khz_fe/OR007@6_0.mat,source_domain/cwru_12khz_fe/OR007@6_0.mat,source_12khz_fe,X294_FE_time,12000,66000,78000,5.5,6.5,12000,66000,78000,OR,known_source,0.0,0.007,6.0,FE,FE,1797.0,SKF6203_FE
WIN-7cc1389b1dfc1169beba,source,RAWFILE-093,source_domain/cwru_12khz_fe/OR007@6_0.mat,source_domain/cwru_12khz_fe/OR007@6_0.mat,source_domain/cwru_12khz_fe/OR007@6_0.mat,source_12khz_fe,X294_FE_time,12000,72000,84000,6.0,7.0,12000,72000,84000,OR,known_source,0.0,0.007,6.0,FE,FE,1797.0,SKF6203_FE
WIN-8a06df5c41432d906b4d,source,RAWFILE-093,source_domain/cwru_12khz_fe/OR007@6_0.mat,source_domain/cwru_12khz_fe/OR007@6_0.mat,source_domain/cwru_12khz_fe/OR007@6_0.mat,source_12khz_fe,X294_FE_time,12000,78000,90000,6.5,7.5,12000,78000,90000,OR,known_source,0.0,0.007,6.0,FE,FE,1797.0,SKF6203_FE
WIN-7ce2dc560e4e02eaaa93,source,RAWFILE-093,source_domain/cwru_12khz_fe/OR007@6_0.mat,source_domain/cwru_12khz_fe/OR007@6_0.mat,source_domain/cwru_12khz_fe/OR007@6_0.mat,source_12khz_fe,X294_FE_time,12000,84000,96000,7.0,8.0,12000,84000,96000,OR,known_source,0.0,0.007,6.0,FE,FE,1797.0,SKF6203_FE
WIN-b6b2759f8352f91385c6,source,RAWFILE-094,source_domain/cwru_12khz_fe/OR007@6_1.mat,source_domain/cwru_12khz_fe/OR007@6_1.mat,source_domain/cwru_12khz_fe/OR007@6_1.mat,source_12khz_fe,X295_FE_time,12000,0,12000,0.0,1.0,12000,0,12000,OR,known_source,1.0,0.007,6.0,FE,FE,1776.0,SKF6203_FE
WIN-9229e6a5f10d3103b3a0,source,RAWFILE-094,source_domain/cwru_12khz_fe/OR007@6_1.mat,source_domain/cwru_12khz_fe/OR007@6_1.mat,source_domain/cwru_12khz_fe/OR007@6_1.mat,source_12khz_fe,X295_FE_time,12000,6000,18000,0.5,1.5,12000,6000,18000,OR,known_source,1.0,0.007,6.0,FE,FE,1776.0,SKF6203_FE
WIN-ff675681894bc84fb826,source,RAWFILE-094,source_domain/cwru_12khz_fe/OR007@6_1.mat,source_domain/cwru_12khz_fe/OR007@6_1.mat,source_domain/cwru_12khz_fe/OR007@6_1.mat,source_12khz_fe,X295_FE_time,12000,12000,24000,1.0,2.0,12000,12000,24000,OR,known_source,1.0,0.007,6.0,FE,FE,1776.0,SKF6203_FE
WIN-aa46db7a66608312e249,source,RAWFILE-094,source_domain/cwru_12khz_fe/OR007@6_1.mat,source_domain/cwru_12khz_fe/OR007@6_1.mat,source_domain/cwru_12khz_fe/OR007@6_1.mat,source_12khz_fe,X295_FE_time,12000,18000,30000,1.5,2.5,12000,18000,30000,OR,known_source,1.0,0.007,6.0,FE,FE,1776.0,SKF6203_FE
WIN-379f90e88480a639fdbd,source,RAWFILE-094,source_domain/cwru_12khz_fe/OR007@6_1.mat,source_domain/cwru_12khz_fe/OR007@6_1.mat,source_domain/cwru_12khz_fe/OR007@6_1.mat,source_12khz_fe,X295_FE_time,12000,24000,36000,2.0,3.0,12000,24000,36000,OR,known_source,1.0,0.007,6.0,FE,FE,1776.0,SKF6203_FE
WIN-339a9add6d74c0b99029,source,RAWFILE-094,source_domain/cwru_12khz_fe/OR007@6_1.mat,source_domain/cwru_12khz_fe/OR007@6_1.mat,source_domain/cwru_12khz_fe/OR007@6_1.mat,source_12khz_fe,X295_FE_time,12000,30000,42000,2.5,3.5,12000,30000,42000,OR,known_source,1.0,0.007,6.0,FE,FE,1776.0,SKF6203_FE
WIN-b9eea8e72338bc41f2b0,source,RAWFILE-094,source_domain/cwru_12khz_fe/OR007@6_1.mat,source_domain/cwru_12khz_fe/OR007@6_1.mat,source_domain/cwru_12khz_fe/OR007@6_1.mat,source_12khz_fe,X295_FE_time,12000,36000,48000,3.0,4.0,12000,36000,48000,OR,known_source,1.0,0.007,6.0,FE,FE,1776.0,SKF6203_FE
WIN-dfcba3e61544b077929a,source,RAWFILE-094,source_domain/cwru_12khz_fe/OR007@6_1.mat,source_domain/cwru_12khz_fe/OR007@6_1.mat,source_domain/cwru_12khz_fe/OR007@6_1.mat,source_12khz_fe,X295_FE_time,12000,42000,54000,3.5,4.5,12000,42000,54000,OR,known_source,1.0,0.007,6.0,FE,FE,1776.0,SKF6203_FE
WIN-a8cfe540110d3943574d,source,RAWFILE-094,source_domain/cwru_12khz_fe/OR007@6_1.mat,source_domain/cwru_12khz_fe/OR007@6_1.mat,source_domain/cwru_12khz_fe/OR007@6_1.mat,source_12khz_fe,X295_FE_time,12000,48000,60000,4.0,5.0,12000,48000,60000,OR,known_source,1.0,0.007,6.0,FE,FE,1776.0,SKF6203_FE
WIN-c58af995928a333482a0,source,RAWFILE-094,source_domain/cwru_12khz_fe/OR007@6_1.mat,source_domain/cwru_12khz_fe/OR007@6_1.mat,source_domain/cwru_12khz_fe/OR007@6_1.mat,source_12khz_fe,X295_FE_time,12000,54000,66000,4.5,5.5,12000,54000,66000,OR,known_source,1.0,0.007,6.0,FE,FE,1776.0,SKF6203_FE
WIN-b1bba7d08a3993e6a2af,source,RAWFILE-094,source_domain/cwru_12khz_fe/OR007@6_1.mat,source_domain/cwru_12khz_fe/OR007@6_1.mat,source_domain/cwru_12khz_fe/OR007@6_1.mat,source_12khz_fe,X295_FE_time,12000,60000,72000,5.0,6.0,12000,60000,72000,OR,known_source,1.0,0.007,6.0,FE,FE,1776.0,SKF6203_FE
WIN-4241aeffaee17b9a0e3d,source,RAWFILE-094,source_domain/cwru_12khz_fe/OR007@6_1.mat,source_domain/cwru_12khz_fe/OR007@6_1.mat,source_domain/cwru_12khz_fe/OR007@6_1.mat,source_12khz_fe,X295_FE_time,12000,66000,78000,5.5,6.5,12000,66000,78000,OR,known_source,1.0,0.007,6.0,FE,FE,1776.0,SKF6203_FE
WIN-bd222c7f925c41456329,source,RAWFILE-094,source_domain/cwru_12khz_fe/OR007@6_1.mat,source_domain/cwru_12khz_fe/OR007@6_1.mat,source_domain/cwru_12khz_fe/OR007@6_1.mat,source_12khz_fe,X295_FE_time,12000,72000,84000,6.0,7.0,12000,72000,84000,OR,known_source,1.0,0.007,6.0,FE,FE,1776.0,SKF6203_FE
WIN-339607495d82db0420a3,source,RAWFILE-094,source_domain/cwru_12khz_fe/OR007@6_1.mat,source_domain/cwru_12khz_fe/OR007@6_1.mat,source_domain/cwru_12khz_fe/OR007@6_1.mat,source_12khz_fe,X295_FE_time,12000,78000,90000,6.5,7.5,12000,78000,90000,OR,known_source,1.0,0.007,6.0,FE,FE,1776.0,SKF6203_FE
WIN-73a0de716e379e199bf4,source,RAWFILE-094,source_domain/cwru_12khz_fe/OR007@6_1.mat,source_domain/cwru_12khz_fe/OR007@6_1.mat,source_domain/cwru_12khz_fe/OR007@6_1.mat,source_12khz_fe,X295_FE_time,12000,84000,96000,7.0,8.0,12000,84000,96000,OR,known_source,1.0,0.007,6.0,FE,FE,1776.0,SKF6203_FE
WIN-d3bec76b06a422742775,source,RAWFILE-095,source_domain/cwru_12khz_fe/OR007@6_2.mat,source_domain/cwru_12khz_fe/OR007@6_2.mat,source_domain/cwru_12khz_fe/OR007@6_2.mat,source_12khz_fe,X296_FE_time,12000,0,12000,0.0,1.0,12000,0,12000,OR,known_source,2.0,0.007,6.0,FE,FE,1756.0,SKF6203_FE
WIN-161295d87b1de77b2471,source,RAWFILE-095,source_domain/cwru_12khz_fe/OR007@6_2.mat,source_domain/cwru_12khz_fe/OR007@6_2.mat,source_domain/cwru_12khz_fe/OR007@6_2.mat,source_12khz_fe,X296_FE_time,12000,6000,18000,0.5,1.5,12000,6000,18000,OR,known_source,2.0,0.007,6.0,FE,FE,1756.0,SKF6203_FE
WIN-ef58e564314086daa891,source,RAWFILE-095,source_domain/cwru_12khz_fe/OR007@6_2.mat,source_domain/cwru_12khz_fe/OR007@6_2.mat,source_domain/cwru_12khz_fe/OR007@6_2.mat,source_12khz_fe,X296_FE_time,12000,12000,24000,1.0,2.0,12000,12000,24000,OR,known_source,2.0,0.007,6.0,FE,FE,1756.0,SKF6203_FE
WIN-2e51ffb83fef1ccb0ed4,source,RAWFILE-095,source_domain/cwru_12khz_fe/OR007@6_2.mat,source_domain/cwru_12khz_fe/OR007@6_2.mat,source_domain/cwru_12khz_fe/OR007@6_2.mat,source_12khz_fe,X296_FE_time,12000,18000,30000,1.5,2.5,12000,18000,30000,OR,known_source,2.0,0.007,6.0,FE,FE,1756.0,SKF6203_FE
WIN-64a5b204c39997d67504,source,RAWFILE-095,source_domain/cwru_12khz_fe/OR007@6_2.mat,source_domain/cwru_12khz_fe/OR007@6_2.mat,source_domain/cwru_12khz_fe/OR007@6_2.mat,source_12khz_fe,X296_FE_time,12000,24000,36000,2.0,3.0,12000,24000,36000,OR,known_source,2.0,0.007,6.0,FE,FE,1756.0,SKF6203_FE
WIN-77959e2d1634a114c33d,source,RAWFILE-095,source_domain/cwru_12khz_fe/OR007@6_2.mat,source_domain/cwru_12khz_fe/OR007@6_2.mat,source_domain/cwru_12khz_fe/OR007@6_2.mat,source_12khz_fe,X296_FE_time,12000,30000,42000,2.5,3.5,12000,30000,42000,OR,known_source,2.0,0.007,6.0,FE,FE,1756.0,SKF6203_FE
WIN-65dcd0bcaacab2264c51,source,RAWFILE-095,source_domain/cwru_12khz_fe/OR007@6_2.mat,source_domain/cwru_12khz_fe/OR007@6_2.mat,source_domain/cwru_12khz_fe/OR007@6_2.mat,source_12khz_fe,X296_FE_time,12000,36000,48000,3.0,4.0,12000,36000,48000,OR,known_source,2.0,0.007,6.0,FE,FE,1756.0,SKF6203_FE
WIN-79eae6840a69221bafd6,source,RAWFILE-095,source_domain/cwru_12khz_fe/OR007@6_2.mat,source_domain/cwru_12khz_fe/OR007@6_2.mat,source_domain/cwru_12khz_fe/OR007@6_2.mat,source_12khz_fe,X296_FE_time,12000,42000,54000,3.5,4.5,12000,42000,54000,OR,known_source,2.0,0.007,6.0,FE,FE,1756.0,SKF6203_FE
WIN-828e3bb5ef1dd0044a37,source,RAWFILE-095,source_domain/cwru_12khz_fe/OR007@6_2.mat,source_domain/cwru_12khz_fe/OR007@6_2.mat,source_domain/cwru_12khz_fe/OR007@6_2.mat,source_12khz_fe,X296_FE_time,12000,48000,60000,4.0,5.0,12000,48000,60000,OR,known_source,2.0,0.007,6.0,FE,FE,1756.0,SKF6203_FE
WIN-05233c14afc8918bcc0e,source,RAWFILE-095,source_domain/cwru_12khz_fe/OR007@6_2.mat,source_domain/cwru_12khz_fe/OR007@6_2.mat,source_domain/cwru_12khz_fe/OR007@6_2.mat,source_12khz_fe,X296_FE_time,12000,54000,66000,4.5,5.5,12000,54000,66000,OR,known_source,2.0,0.007,6.0,FE,FE,1756.0,SKF6203_FE
WIN-57cbcb05ebf0abffd980,source,RAWFILE-095,source_domain/cwru_12khz_fe/OR007@6_2.mat,source_domain/cwru_12khz_fe/OR007@6_2.mat,source_domain/cwru_12khz_fe/OR007@6_2.mat,source_12khz_fe,X296_FE_time,12000,60000,72000,5.0,6.0,12000,60000,72000,OR,known_source,2.0,0.007,6.0,FE,FE,1756.0,SKF6203_FE
WIN-203830bfa3caa65af3c9,source,RAWFILE-095,source_domain/cwru_12khz_fe/OR007@6_2.mat,source_domain/cwru_12khz_fe/OR007@6_2.mat,source_domain/cwru_12khz_fe/OR007@6_2.mat,source_12khz_fe,X296_FE_time,12000,66000,78000,5.5,6.5,12000,66000,78000,OR,known_source,2.0,0.007,6.0,FE,FE,1756.0,SKF6203_FE
WIN-a20eb768de36050f92f0,source,RAWFILE-095,source_domain/cwru_12khz_fe/OR007@6_2.mat,source_domain/cwru_12khz_fe/OR007@6_2.mat,source_domain/cwru_12khz_fe/OR007@6_2.mat,source_12khz_fe,X296_FE_time,12000,72000,84000,6.0,7.0,12000,72000,84000,OR,known_source,2.0,0.007,6.0,FE,FE,1756.0,SKF6203_FE
WIN-e63c6b66cd224b51e862,source,RAWFILE-095,source_domain/cwru_12khz_fe/OR007@6_2.mat,source_domain/cwru_12khz_fe/OR007@6_2.mat,source_domain/cwru_12khz_fe/OR007@6_2.mat,source_12khz_fe,X296_FE_time,12000,78000,90000,6.5,7.5,12000,78000,90000,OR,known_source,2.0,0.007,6.0,FE,FE,1756.0,SKF6203_FE
WIN-b331cad4b396b50ade9b,source,RAWFILE-095,source_domain/cwru_12khz_fe/OR007@6_2.mat,source_domain/cwru_12khz_fe/OR007@6_2.mat,source_domain/cwru_12khz_fe/OR007@6_2.mat,source_12khz_fe,X296_FE_time,12000,84000,96000,7.0,8.0,12000,84000,96000,OR,known_source,2.0,0.007,6.0,FE,FE,1756.0,SKF6203_FE
WIN-dc246e026a16a9308b7c,source,RAWFILE-096,source_domain/cwru_12khz_fe/OR007@6_3.mat,source_domain/cwru_12khz_fe/OR007@6_3.mat,source_domain/cwru_12khz_fe/OR007@6_3.mat,source_12khz_fe,X297_FE_time,12000,0,12000,0.0,1.0,12000,0,12000,OR,known_source,3.0,0.007,6.0,FE,FE,1733.0,SKF6203_FE
WIN-2e8b910ee86ff2f7ca91,source,RAWFILE-096,source_domain/cwru_12khz_fe/OR007@6_3.mat,source_domain/cwru_12khz_fe/OR007@6_3.mat,source_domain/cwru_12khz_fe/OR007@6_3.mat,source_12khz_fe,X297_FE_time,12000,6000,18000,0.5,1.5,12000,6000,18000,OR,known_source,3.0,0.007,6.0,FE,FE,1733.0,SKF6203_FE
WIN-4d214093c1bc71885e69,source,RAWFILE-096,source_domain/cwru_12khz_fe/OR007@6_3.mat,source_domain/cwru_12khz_fe/OR007@6_3.mat,source_domain/cwru_12khz_fe/OR007@6_3.mat,source_12khz_fe,X297_FE_time,12000,12000,24000,1.0,2.0,12000,12000,24000,OR,known_source,3.0,0.007,6.0,FE,FE,1733.0,SKF6203_FE
WIN-69e67fe1de9f0ba190d1,source,RAWFILE-096,source_domain/cwru_12khz_fe/OR007@6_3.mat,source_domain/cwru_12khz_fe/OR007@6_3.mat,source_domain/cwru_12khz_fe/OR007@6_3.mat,source_12khz_fe,X297_FE_time,12000,18000,30000,1.5,2.5,12000,18000,30000,OR,known_source,3.0,0.007,6.0,FE,FE,1733.0,SKF6203_FE
WIN-71f201b692d6e86ee3bf,source,RAWFILE-096,source_domain/cwru_12khz_fe/OR007@6_3.mat,source_domain/cwru_12khz_fe/OR007@6_3.mat,source_domain/cwru_12khz_fe/OR007@6_3.mat,source_12khz_fe,X297_FE_time,12000,24000,36000,2.0,3.0,12000,24000,36000,OR,known_source,3.0,0.007,6.0,FE,FE,1733.0,SKF6203_FE
WIN-c92f8602faf52aa67c41,source,RAWFILE-096,source_domain/cwru_12khz_fe/OR007@6_3.mat,source_domain/cwru_12khz_fe/OR007@6_3.mat,source_domain/cwru_12khz_fe/OR007@6_3.mat,source_12khz_fe,X297_FE_time,12000,30000,42000,2.5,3.5,12000,30000,42000,OR,known_source,3.0,0.007,6.0,FE,FE,1733.0,SKF6203_FE
WIN-3996d45e1ddf96d6f2e2,source,RAWFILE-096,source_domain/cwru_12khz_fe/OR007@6_3.mat,source_domain/cwru_12khz_fe/OR007@6_3.mat,source_domain/cwru_12khz_fe/OR007@6_3.mat,source_12khz_fe,X297_FE_time,12000,36000,48000,3.0,4.0,12000,36000,48000,OR,known_source,3.0,0.007,6.0,FE,FE,1733.0,SKF6203_FE
WIN-01b084345d1d1dda81c8,source,RAWFILE-096,source_domain/cwru_12khz_fe/OR007@6_3.mat,source_domain/cwru_12khz_fe/OR007@6_3.mat,source_domain/cwru_12khz_fe/OR007@6_3.mat,source_12khz_fe,X297_FE_time,12000,42000,54000,3.5,4.5,12000,42000,54000,OR,known_source,3.0,0.007,6.0,FE,FE,1733.0,SKF6203_FE
WIN-5c006f77ce463e42e755,source,RAWFILE-096,source_domain/cwru_12khz_fe/OR007@6_3.mat,source_domain/cwru_12khz_fe/OR007@6_3.mat,source_domain/cwru_12khz_fe/OR007@6_3.mat,source_12khz_fe,X297_FE_time,12000,48000,60000,4.0,5.0,12000,48000,60000,OR,known_source,3.0,0.007,6.0,FE,FE,1733.0,SKF6203_FE
WIN-c9bca0fa61e360d5746b,source,RAWFILE-096,source_domain/cwru_12khz_fe/OR007@6_3.mat,source_domain/cwru_12khz_fe/OR007@6_3.mat,source_domain/cwru_12khz_fe/OR007@6_3.mat,source_12khz_fe,X297_FE_time,12000,54000,66000,4.5,5.5,12000,54000,66000,OR,known_source,3.0,0.007,6.0,FE,FE,1733.0,SKF6203_FE
WIN-5ae9f6f3696b756cd399,source,RAWFILE-096,source_domain/cwru_12khz_fe/OR007@6_3.mat,source_domain/cwru_12khz_fe/OR007@6_3.mat,source_domain/cwru_12khz_fe/OR007@6_3.mat,source_12khz_fe,X297_FE_time,12000,60000,72000,5.0,6.0,12000,60000,72000,OR,known_source,3.0,0.007,6.0,FE,FE,1733.0,SKF6203_FE
WIN-0b13bea642e6d77e074f,source,RAWFILE-096,source_domain/cwru_12khz_fe/OR007@6_3.mat,source_domain/cwru_12khz_fe/OR007@6_3.mat,source_domain/cwru_12khz_fe/OR007@6_3.mat,source_12khz_fe,X297_FE_time,12000,66000,78000,5.5,6.5,12000,66000,78000,OR,known_source,3.0,0.007,6.0,FE,FE,1733.0,SKF6203_FE
WIN-346596b0929cc42917d6,source,RAWFILE-096,source_domain/cwru_12khz_fe/OR007@6_3.mat,source_domain/cwru_12khz_fe/OR007@6_3.mat,source_domain/cwru_12khz_fe/OR007@6_3.mat,source_12khz_fe,X297_FE_time,12000,72000,84000,6.0,7.0,12000,72000,84000,OR,known_source,3.0,0.007,6.0,FE,FE,1733.0,SKF6203_FE
WIN-58b278a7e2dcbba4fc07,source,RAWFILE-096,source_domain/cwru_12khz_fe/OR007@6_3.mat,source_domain/cwru_12khz_fe/OR007@6_3.mat,source_domain/cwru_12khz_fe/OR007@6_3.mat,source_12khz_fe,X297_FE_time,12000,78000,90000,6.5,7.5,12000,78000,90000,OR,known_source,3.0,0.007,6.0,FE,FE,1733.0,SKF6203_FE
WIN-8ad57c0b9255dfa199a4,source,RAWFILE-096,source_domain/cwru_12khz_fe/OR007@6_3.mat,source_domain/cwru_12khz_fe/OR007@6_3.mat,source_domain/cwru_12khz_fe/OR007@6_3.mat,source_12khz_fe,X297_FE_time,12000,84000,96000,7.0,8.0,12000,84000,96000,OR,known_source,3.0,0.007,6.0,FE,FE,1733.0,SKF6203_FE
WIN-51e64d94e6ba2dd02317,source,RAWFILE-097,source_domain/cwru_12khz_fe/OR014@3_0.mat,source_domain/cwru_12khz_fe/OR014@3_0.mat,source_domain/cwru_12khz_fe/OR014@3_0.mat,source_12khz_fe,X310_FE_time,12000,0,12000,0.0,1.0,12000,0,12000,OR,known_source,0.0,0.014,3.0,FE,FE,1796.0,SKF6203_FE
WIN-f34f88daad4b7a9a13bb,source,RAWFILE-097,source_domain/cwru_12khz_fe/OR014@3_0.mat,source_domain/cwru_12khz_fe/OR014@3_0.mat,source_domain/cwru_12khz_fe/OR014@3_0.mat,source_12khz_fe,X310_FE_time,12000,6000,18000,0.5,1.5,12000,6000,18000,OR,known_source,0.0,0.014,3.0,FE,FE,1796.0,SKF6203_FE
WIN-d41750cb4ba6b45b374d,source,RAWFILE-097,source_domain/cwru_12khz_fe/OR014@3_0.mat,source_domain/cwru_12khz_fe/OR014@3_0.mat,source_domain/cwru_12khz_fe/OR014@3_0.mat,source_12khz_fe,X310_FE_time,12000,12000,24000,1.0,2.0,12000,12000,24000,OR,known_source,0.0,0.014,3.0,FE,FE,1796.0,SKF6203_FE
WIN-a6960b575c39988059eb,source,RAWFILE-097,source_domain/cwru_12khz_fe/OR014@3_0.mat,source_domain/cwru_12khz_fe/OR014@3_0.mat,source_domain/cwru_12khz_fe/OR014@3_0.mat,source_12khz_fe,X310_FE_time,12000,18000,30000,1.5,2.5,12000,18000,30000,OR,known_source,0.0,0.014,3.0,FE,FE,1796.0,SKF6203_FE
WIN-c705729605c8ffcb6f46,source,RAWFILE-097,source_domain/cwru_12khz_fe/OR014@3_0.mat,source_domain/cwru_12khz_fe/OR014@3_0.mat,source_domain/cwru_12khz_fe/OR014@3_0.mat,source_12khz_fe,X310_FE_time,12000,24000,36000,2.0,3.0,12000,24000,36000,OR,known_source,0.0,0.014,3.0,FE,FE,1796.0,SKF6203_FE
WIN-b44ad2caefaee532dc9c,source,RAWFILE-097,source_domain/cwru_12khz_fe/OR014@3_0.mat,source_domain/cwru_12khz_fe/OR014@3_0.mat,source_domain/cwru_12khz_fe/OR014@3_0.mat,source_12khz_fe,X310_FE_time,12000,30000,42000,2.5,3.5,12000,30000,42000,OR,known_source,0.0,0.014,3.0,FE,FE,1796.0,SKF6203_FE
WIN-bd613a02750615c9c225,source,RAWFILE-097,source_domain/cwru_12khz_fe/OR014@3_0.mat,source_domain/cwru_12khz_fe/OR014@3_0.mat,source_domain/cwru_12khz_fe/OR014@3_0.mat,source_12khz_fe,X310_FE_time,12000,36000,48000,3.0,4.0,12000,36000,48000,OR,known_source,0.0,0.014,3.0,FE,FE,1796.0,SKF6203_FE
WIN-d08de811b15bb1987617,source,RAWFILE-097,source_domain/cwru_12khz_fe/OR014@3_0.mat,source_domain/cwru_12khz_fe/OR014@3_0.mat,source_domain/cwru_12khz_fe/OR014@3_0.mat,source_12khz_fe,X310_FE_time,12000,42000,54000,3.5,4.5,12000,42000,54000,OR,known_source,0.0,0.014,3.0,FE,FE,1796.0,SKF6203_FE
WIN-1cf7daa4a95ef9286808,source,RAWFILE-097,source_domain/cwru_12khz_fe/OR014@3_0.mat,source_domain/cwru_12khz_fe/OR014@3_0.mat,source_domain/cwru_12khz_fe/OR014@3_0.mat,source_12khz_fe,X310_FE_time,12000,48000,60000,4.0,5.0,12000,48000,60000,OR,known_source,0.0,0.014,3.0,FE,FE,1796.0,SKF6203_FE
WIN-1503c05f80ff9e37c282,source,RAWFILE-097,source_domain/cwru_12khz_fe/OR014@3_0.mat,source_domain/cwru_12khz_fe/OR014@3_0.mat,source_domain/cwru_12khz_fe/OR014@3_0.mat,source_12khz_fe,X310_FE_time,12000,54000,66000,4.5,5.5,12000,54000,66000,OR,known_source,0.0,0.014,3.0,FE,FE,1796.0,SKF6203_FE
WIN-0e4db0e40ed1f08b6a51,source,RAWFILE-097,source_domain/cwru_12khz_fe/OR014@3_0.mat,source_domain/cwru_12khz_fe/OR014@3_0.mat,source_domain/cwru_12khz_fe/OR014@3_0.mat,source_12khz_fe,X310_FE_time,12000,60000,72000,5.0,6.0,12000,60000,72000,OR,known_source,0.0,0.014,3.0,FE,FE,1796.0,SKF6203_FE
WIN-fd313f29908670a0da12,source,RAWFILE-097,source_domain/cwru_12khz_fe/OR014@3_0.mat,source_domain/cwru_12khz_fe/OR014@3_0.mat,source_domain/cwru_12khz_fe/OR014@3_0.mat,source_12khz_fe,X310_FE_time,12000,66000,78000,5.5,6.5,12000,66000,78000,OR,known_source,0.0,0.014,3.0,FE,FE,1796.0,SKF6203_FE
WIN-0f9b2af42d34b44da4c2,source,RAWFILE-097,source_domain/cwru_12khz_fe/OR014@3_0.mat,source_domain/cwru_12khz_fe/OR014@3_0.mat,source_domain/cwru_12khz_fe/OR014@3_0.mat,source_12khz_fe,X310_FE_time,12000,72000,84000,6.0,7.0,12000,72000,84000,OR,known_source,0.0,0.014,3.0,FE,FE,1796.0,SKF6203_FE
WIN-d2bf5edb6294c03be3e5,source,RAWFILE-097,source_domain/cwru_12khz_fe/OR014@3_0.mat,source_domain/cwru_12khz_fe/OR014@3_0.mat,source_domain/cwru_12khz_fe/OR014@3_0.mat,source_12khz_fe,X310_FE_time,12000,78000,90000,6.5,7.5,12000,78000,90000,OR,known_source,0.0,0.014,3.0,FE,FE,1796.0,SKF6203_FE
WIN-0dba483cd52e28da632f,source,RAWFILE-097,source_domain/cwru_12khz_fe/OR014@3_0.mat,source_domain/cwru_12khz_fe/OR014@3_0.mat,source_domain/cwru_12khz_fe/OR014@3_0.mat,source_12khz_fe,X310_FE_time,12000,84000,96000,7.0,8.0,12000,84000,96000,OR,known_source,0.0,0.014,3.0,FE,FE,1796.0,SKF6203_FE
WIN-8c5c2f4a696f556b0d19,source,RAWFILE-098,source_domain/cwru_12khz_fe/OR014@3_1.mat,source_domain/cwru_12khz_fe/OR014@3_1.mat,source_domain/cwru_12khz_fe/OR014@3_1.mat,source_12khz_fe,X309_FE_time,12000,0,12000,0.0,1.0,12000,0,12000,OR,known_source,1.0,0.014,3.0,FE,FE,1774.0,SKF6203_FE
WIN-53a159cc2fc7cc77a379,source,RAWFILE-098,source_domain/cwru_12khz_fe/OR014@3_1.mat,source_domain/cwru_12khz_fe/OR014@3_1.mat,source_domain/cwru_12khz_fe/OR014@3_1.mat,source_12khz_fe,X309_FE_time,12000,6000,18000,0.5,1.5,12000,6000,18000,OR,known_source,1.0,0.014,3.0,FE,FE,1774.0,SKF6203_FE
WIN-b6b91b00c0fccab7f7f1,source,RAWFILE-098,source_domain/cwru_12khz_fe/OR014@3_1.mat,source_domain/cwru_12khz_fe/OR014@3_1.mat,source_domain/cwru_12khz_fe/OR014@3_1.mat,source_12khz_fe,X309_FE_time,12000,12000,24000,1.0,2.0,12000,12000,24000,OR,known_source,1.0,0.014,3.0,FE,FE,1774.0,SKF6203_FE
WIN-b10bbdf4c10aaab818af,source,RAWFILE-098,source_domain/cwru_12khz_fe/OR014@3_1.mat,source_domain/cwru_12khz_fe/OR014@3_1.mat,source_domain/cwru_12khz_fe/OR014@3_1.mat,source_12khz_fe,X309_FE_time,12000,18000,30000,1.5,2.5,12000,18000,30000,OR,known_source,1.0,0.014,3.0,FE,FE,1774.0,SKF6203_FE
WIN-8d67a46a2121dd909f68,source,RAWFILE-098,source_domain/cwru_12khz_fe/OR014@3_1.mat,source_domain/cwru_12khz_fe/OR014@3_1.mat,source_domain/cwru_12khz_fe/OR014@3_1.mat,source_12khz_fe,X309_FE_time,12000,24000,36000,2.0,3.0,12000,24000,36000,OR,known_source,1.0,0.014,3.0,FE,FE,1774.0,SKF6203_FE
WIN-a179e3ac14ea80714945,source,RAWFILE-098,source_domain/cwru_12khz_fe/OR014@3_1.mat,source_domain/cwru_12khz_fe/OR014@3_1.mat,source_domain/cwru_12khz_fe/OR014@3_1.mat,source_12khz_fe,X309_FE_time,12000,30000,42000,2.5,3.5,12000,30000,42000,OR,known_source,1.0,0.014,3.0,FE,FE,1774.0,SKF6203_FE
WIN-1bce2fc71404cbcfeb18,source,RAWFILE-098,source_domain/cwru_12khz_fe/OR014@3_1.mat,source_domain/cwru_12khz_fe/OR014@3_1.mat,source_domain/cwru_12khz_fe/OR014@3_1.mat,source_12khz_fe,X309_FE_time,12000,36000,48000,3.0,4.0,12000,36000,48000,OR,known_source,1.0,0.014,3.0,FE,FE,1774.0,SKF6203_FE
WIN-8fec5551862db2f244aa,source,RAWFILE-098,source_domain/cwru_12khz_fe/OR014@3_1.mat,source_domain/cwru_12khz_fe/OR014@3_1.mat,source_domain/cwru_12khz_fe/OR014@3_1.mat,source_12khz_fe,X309_FE_time,12000,42000,54000,3.5,4.5,12000,42000,54000,OR,known_source,1.0,0.014,3.0,FE,FE,1774.0,SKF6203_FE
WIN-e568f4445c9a447c1e92,source,RAWFILE-098,source_domain/cwru_12khz_fe/OR014@3_1.mat,source_domain/cwru_12khz_fe/OR014@3_1.mat,source_domain/cwru_12khz_fe/OR014@3_1.mat,source_12khz_fe,X309_FE_time,12000,48000,60000,4.0,5.0,12000,48000,60000,OR,known_source,1.0,0.014,3.0,FE,FE,1774.0,SKF6203_FE
WIN-cf13bfe3e7d6f5d19f0a,source,RAWFILE-098,source_domain/cwru_12khz_fe/OR014@3_1.mat,source_domain/cwru_12khz_fe/OR014@3_1.mat,source_domain/cwru_12khz_fe/OR014@3_1.mat,source_12khz_fe,X309_FE_time,12000,54000,66000,4.5,5.5,12000,54000,66000,OR,known_source,1.0,0.014,3.0,FE,FE,1774.0,SKF6203_FE
WIN-8b121ef2433d93440359,source,RAWFILE-098,source_domain/cwru_12khz_fe/OR014@3_1.mat,source_domain/cwru_12khz_fe/OR014@3_1.mat,source_domain/cwru_12khz_fe/OR014@3_1.mat,source_12khz_fe,X309_FE_time,12000,60000,72000,5.0,6.0,12000,60000,72000,OR,known_source,1.0,0.014,3.0,FE,FE,1774.0,SKF6203_FE
WIN-32503f132f17adc51e85,source,RAWFILE-098,source_domain/cwru_12khz_fe/OR014@3_1.mat,source_domain/cwru_12khz_fe/OR014@3_1.mat,source_domain/cwru_12khz_fe/OR014@3_1.mat,source_12khz_fe,X309_FE_time,12000,66000,78000,5.5,6.5,12000,66000,78000,OR,known_source,1.0,0.014,3.0,FE,FE,1774.0,SKF6203_FE
WIN-b7d9c4e94ccf982535a2,source,RAWFILE-098,source_domain/cwru_12khz_fe/OR014@3_1.mat,source_domain/cwru_12khz_fe/OR014@3_1.mat,source_domain/cwru_12khz_fe/OR014@3_1.mat,source_12khz_fe,X309_FE_time,12000,72000,84000,6.0,7.0,12000,72000,84000,OR,known_source,1.0,0.014,3.0,FE,FE,1774.0,SKF6203_FE
WIN-9e87a135b2d73e9dd7f6,source,RAWFILE-098,source_domain/cwru_12khz_fe/OR014@3_1.mat,source_domain/cwru_12khz_fe/OR014@3_1.mat,source_domain/cwru_12khz_fe/OR014@3_1.mat,source_12khz_fe,X309_FE_time,12000,78000,90000,6.5,7.5,12000,78000,90000,OR,known_source,1.0,0.014,3.0,FE,FE,1774.0,SKF6203_FE
WIN-593a648bfb02094b8ed8,source,RAWFILE-098,source_domain/cwru_12khz_fe/OR014@3_1.mat,source_domain/cwru_12khz_fe/OR014@3_1.mat,source_domain/cwru_12khz_fe/OR014@3_1.mat,source_12khz_fe,X309_FE_time,12000,84000,96000,7.0,8.0,12000,84000,96000,OR,known_source,1.0,0.014,3.0,FE,FE,1774.0,SKF6203_FE
WIN-57ffa0f255cff11ff648,source,RAWFILE-098,source_domain/cwru_12khz_fe/OR014@3_1.mat,source_domain/cwru_12khz_fe/OR014@3_1.mat,source_domain/cwru_12khz_fe/OR014@3_1.mat,source_12khz_fe,X309_FE_time,12000,90000,102000,7.5,8.5,12000,90000,102000,OR,known_source,1.0,0.014,3.0,FE,FE,1774.0,SKF6203_FE
WIN-59f59b72b33551329818,source,RAWFILE-098,source_domain/cwru_12khz_fe/OR014@3_1.mat,source_domain/cwru_12khz_fe/OR014@3_1.mat,source_domain/cwru_12khz_fe/OR014@3_1.mat,source_12khz_fe,X309_FE_time,12000,96000,108000,8.0,9.0,12000,96000,108000,OR,known_source,1.0,0.014,3.0,FE,FE,1774.0,SKF6203_FE
WIN-26a74af4c843ff6daf41,source,RAWFILE-098,source_domain/cwru_12khz_fe/OR014@3_1.mat,source_domain/cwru_12khz_fe/OR014@3_1.mat,source_domain/cwru_12khz_fe/OR014@3_1.mat,source_12khz_fe,X309_FE_time,12000,102000,114000,8.5,9.5,12000,102000,114000,OR,known_source,1.0,0.014,3.0,FE,FE,1774.0,SKF6203_FE
WIN-14d7f80984a0b752a720,source,RAWFILE-098,source_domain/cwru_12khz_fe/OR014@3_1.mat,source_domain/cwru_12khz_fe/OR014@3_1.mat,source_domain/cwru_12khz_fe/OR014@3_1.mat,source_12khz_fe,X309_FE_time,12000,108000,120000,9.0,10.0,12000,108000,120000,OR,known_source,1.0,0.014,3.0,FE,FE,1774.0,SKF6203_FE
WIN-6af8a9abcc1d54ea6a8f,source,RAWFILE-099,source_domain/cwru_12khz_fe/OR014@3_2.mat,source_domain/cwru_12khz_fe/OR014@3_2.mat,source_domain/cwru_12khz_fe/OR014@3_2.mat,source_12khz_fe,X311_FE_time,12000,0,12000,0.0,1.0,12000,0,12000,OR,known_source,2.0,0.014,3.0,FE,FE,1752.0,SKF6203_FE
WIN-6d3313e3f3f6965f01ad,source,RAWFILE-099,source_domain/cwru_12khz_fe/OR014@3_2.mat,source_domain/cwru_12khz_fe/OR014@3_2.mat,source_domain/cwru_12khz_fe/OR014@3_2.mat,source_12khz_fe,X311_FE_time,12000,6000,18000,0.5,1.5,12000,6000,18000,OR,known_source,2.0,0.014,3.0,FE,FE,1752.0,SKF6203_FE
WIN-37d0018cbfa47696f984,source,RAWFILE-099,source_domain/cwru_12khz_fe/OR014@3_2.mat,source_domain/cwru_12khz_fe/OR014@3_2.mat,source_domain/cwru_12khz_fe/OR014@3_2.mat,source_12khz_fe,X311_FE_time,12000,12000,24000,1.0,2.0,12000,12000,24000,OR,known_source,2.0,0.014,3.0,FE,FE,1752.0,SKF6203_FE
WIN-d92cc1bad4316b7d1a8b,source,RAWFILE-099,source_domain/cwru_12khz_fe/OR014@3_2.mat,source_domain/cwru_12khz_fe/OR014@3_2.mat,source_domain/cwru_12khz_fe/OR014@3_2.mat,source_12khz_fe,X311_FE_time,12000,18000,30000,1.5,2.5,12000,18000,30000,OR,known_source,2.0,0.014,3.0,FE,FE,1752.0,SKF6203_FE
WIN-0bda89a6cbca00fc09ee,source,RAWFILE-099,source_domain/cwru_12khz_fe/OR014@3_2.mat,source_domain/cwru_12khz_fe/OR014@3_2.mat,source_domain/cwru_12khz_fe/OR014@3_2.mat,source_12khz_fe,X311_FE_time,12000,24000,36000,2.0,3.0,12000,24000,36000,OR,known_source,2.0,0.014,3.0,FE,FE,1752.0,SKF6203_FE
WIN-d81d869b3bdb93c8b152,source,RAWFILE-099,source_domain/cwru_12khz_fe/OR014@3_2.mat,source_domain/cwru_12khz_fe/OR014@3_2.mat,source_domain/cwru_12khz_fe/OR014@3_2.mat,source_12khz_fe,X311_FE_time,12000,30000,42000,2.5,3.5,12000,30000,42000,OR,known_source,2.0,0.014,3.0,FE,FE,1752.0,SKF6203_FE
WIN-95032c32fc26b6aa91a4,source,RAWFILE-099,source_domain/cwru_12khz_fe/OR014@3_2.mat,source_domain/cwru_12khz_fe/OR014@3_2.mat,source_domain/cwru_12khz_fe/OR014@3_2.mat,source_12khz_fe,X311_FE_time,12000,36000,48000,3.0,4.0,12000,36000,48000,OR,known_source,2.0,0.014,3.0,FE,FE,1752.0,SKF6203_FE
WIN-b4c1295d21b4bedbce89,source,RAWFILE-099,source_domain/cwru_12khz_fe/OR014@3_2.mat,source_domain/cwru_12khz_fe/OR014@3_2.mat,source_domain/cwru_12khz_fe/OR014@3_2.mat,source_12khz_fe,X311_FE_time,12000,42000,54000,3.5,4.5,12000,42000,54000,OR,known_source,2.0,0.014,3.0,FE,FE,1752.0,SKF6203_FE
WIN-f036030be2575b1e9fac,source,RAWFILE-099,source_domain/cwru_12khz_fe/OR014@3_2.mat,source_domain/cwru_12khz_fe/OR014@3_2.mat,source_domain/cwru_12khz_fe/OR014@3_2.mat,source_12khz_fe,X311_FE_time,12000,48000,60000,4.0,5.0,12000,48000,60000,OR,known_source,2.0,0.014,3.0,FE,FE,1752.0,SKF6203_FE
WIN-36737f655d76b9c438d2,source,RAWFILE-099,source_domain/cwru_12khz_fe/OR014@3_2.mat,source_domain/cwru_12khz_fe/OR014@3_2.mat,source_domain/cwru_12khz_fe/OR014@3_2.mat,source_12khz_fe,X311_FE_time,12000,54000,66000,4.5,5.5,12000,54000,66000,OR,known_source,2.0,0.014,3.0,FE,FE,1752.0,SKF6203_FE
WIN-b6c96400ed4fb9d9799c,source,RAWFILE-099,source_domain/cwru_12khz_fe/OR014@3_2.mat,source_domain/cwru_12khz_fe/OR014@3_2.mat,source_domain/cwru_12khz_fe/OR014@3_2.mat,source_12khz_fe,X311_FE_time,12000,60000,72000,5.0,6.0,12000,60000,72000,OR,known_source,2.0,0.014,3.0,FE,FE,1752.0,SKF6203_FE
WIN-f39a39c07848c2fa8cf4,source,RAWFILE-099,source_domain/cwru_12khz_fe/OR014@3_2.mat,source_domain/cwru_12khz_fe/OR014@3_2.mat,source_domain/cwru_12khz_fe/OR014@3_2.mat,source_12khz_fe,X311_FE_time,12000,66000,78000,5.5,6.5,12000,66000,78000,OR,known_source,2.0,0.014,3.0,FE,FE,1752.0,SKF6203_FE
WIN-c50a0cc2f993812c0db1,source,RAWFILE-099,source_domain/cwru_12khz_fe/OR014@3_2.mat,source_domain/cwru_12khz_fe/OR014@3_2.mat,source_domain/cwru_12khz_fe/OR014@3_2.mat,source_12khz_fe,X311_FE_time,12000,72000,84000,6.0,7.0,12000,72000,84000,OR,known_source,2.0,0.014,3.0,FE,FE,1752.0,SKF6203_FE
WIN-ab70f1377e750813aee3,source,RAWFILE-099,source_domain/cwru_12khz_fe/OR014@3_2.mat,source_domain/cwru_12khz_fe/OR014@3_2.mat,source_domain/cwru_12khz_fe/OR014@3_2.mat,source_12khz_fe,X311_FE_time,12000,78000,90000,6.5,7.5,12000,78000,90000,OR,known_source,2.0,0.014,3.0,FE,FE,1752.0,SKF6203_FE
WIN-778cd539f2bc49785463,source,RAWFILE-099,source_domain/cwru_12khz_fe/OR014@3_2.mat,source_domain/cwru_12khz_fe/OR014@3_2.mat,source_domain/cwru_12khz_fe/OR014@3_2.mat,source_12khz_fe,X311_FE_time,12000,84000,96000,7.0,8.0,12000,84000,96000,OR,known_source,2.0,0.014,3.0,FE,FE,1752.0,SKF6203_FE
WIN-f163cf2d3db17d465291,source,RAWFILE-100,source_domain/cwru_12khz_fe/OR014@3_3.mat,source_domain/cwru_12khz_fe/OR014@3_3.mat,source_domain/cwru_12khz_fe/OR014@3_3.mat,source_12khz_fe,X312_FE_time,12000,0,12000,0.0,1.0,12000,0,12000,OR,known_source,3.0,0.014,3.0,FE,FE,1728.0,SKF6203_FE
WIN-5c43bbbdaa57bc0b8283,source,RAWFILE-100,source_domain/cwru_12khz_fe/OR014@3_3.mat,source_domain/cwru_12khz_fe/OR014@3_3.mat,source_domain/cwru_12khz_fe/OR014@3_3.mat,source_12khz_fe,X312_FE_time,12000,6000,18000,0.5,1.5,12000,6000,18000,OR,known_source,3.0,0.014,3.0,FE,FE,1728.0,SKF6203_FE
WIN-49b7c7da22a45c2bbf70,source,RAWFILE-100,source_domain/cwru_12khz_fe/OR014@3_3.mat,source_domain/cwru_12khz_fe/OR014@3_3.mat,source_domain/cwru_12khz_fe/OR014@3_3.mat,source_12khz_fe,X312_FE_time,12000,12000,24000,1.0,2.0,12000,12000,24000,OR,known_source,3.0,0.014,3.0,FE,FE,1728.0,SKF6203_FE
WIN-fa179cb10c4e051257c3,source,RAWFILE-100,source_domain/cwru_12khz_fe/OR014@3_3.mat,source_domain/cwru_12khz_fe/OR014@3_3.mat,source_domain/cwru_12khz_fe/OR014@3_3.mat,source_12khz_fe,X312_FE_time,12000,18000,30000,1.5,2.5,12000,18000,30000,OR,known_source,3.0,0.014,3.0,FE,FE,1728.0,SKF6203_FE
WIN-29f7163d7050e10356e5,source,RAWFILE-100,source_domain/cwru_12khz_fe/OR014@3_3.mat,source_domain/cwru_12khz_fe/OR014@3_3.mat,source_domain/cwru_12khz_fe/OR014@3_3.mat,source_12khz_fe,X312_FE_time,12000,24000,36000,2.0,3.0,12000,24000,36000,OR,known_source,3.0,0.014,3.0,FE,FE,1728.0,SKF6203_FE
WIN-2b3b8ca4b94f1a66a6f0,source,RAWFILE-100,source_domain/cwru_12khz_fe/OR014@3_3.mat,source_domain/cwru_12khz_fe/OR014@3_3.mat,source_domain/cwru_12khz_fe/OR014@3_3.mat,source_12khz_fe,X312_FE_time,12000,30000,42000,2.5,3.5,12000,30000,42000,OR,known_source,3.0,0.014,3.0,FE,FE,1728.0,SKF6203_FE
WIN-7b42bfb24ae6986130ca,source,RAWFILE-100,source_domain/cwru_12khz_fe/OR014@3_3.mat,source_domain/cwru_12khz_fe/OR014@3_3.mat,source_domain/cwru_12khz_fe/OR014@3_3.mat,source_12khz_fe,X312_FE_time,12000,36000,48000,3.0,4.0,12000,36000,48000,OR,known_source,3.0,0.014,3.0,FE,FE,1728.0,SKF6203_FE
WIN-e2fa3d0026ee95555403,source,RAWFILE-100,source_domain/cwru_12khz_fe/OR014@3_3.mat,source_domain/cwru_12khz_fe/OR014@3_3.mat,source_domain/cwru_12khz_fe/OR014@3_3.mat,source_12khz_fe,X312_FE_time,12000,42000,54000,3.5,4.5,12000,42000,54000,OR,known_source,3.0,0.014,3.0,FE,FE,1728.0,SKF6203_FE
WIN-ad3af21f425470679c9c,source,RAWFILE-100,source_domain/cwru_12khz_fe/OR014@3_3.mat,source_domain/cwru_12khz_fe/OR014@3_3.mat,source_domain/cwru_12khz_fe/OR014@3_3.mat,source_12khz_fe,X312_FE_time,12000,48000,60000,4.0,5.0,12000,48000,60000,OR,known_source,3.0,0.014,3.0,FE,FE,1728.0,SKF6203_FE
WIN-75570d12349ecbec0685,source,RAWFILE-100,source_domain/cwru_12khz_fe/OR014@3_3.mat,source_domain/cwru_12khz_fe/OR014@3_3.mat,source_domain/cwru_12khz_fe/OR014@3_3.mat,source_12khz_fe,X312_FE_time,12000,54000,66000,4.5,5.5,12000,54000,66000,OR,known_source,3.0,0.014,3.0,FE,FE,1728.0,SKF6203_FE
WIN-ae7a7867fc2e531edd24,source,RAWFILE-100,source_domain/cwru_12khz_fe/OR014@3_3.mat,source_domain/cwru_12khz_fe/OR014@3_3.mat,source_domain/cwru_12khz_fe/OR014@3_3.mat,source_12khz_fe,X312_FE_time,12000,60000,72000,5.0,6.0,12000,60000,72000,OR,known_source,3.0,0.014,3.0,FE,FE,1728.0,SKF6203_FE
WIN-a68a755ce2cd8aba8b22,source,RAWFILE-100,source_domain/cwru_12khz_fe/OR014@3_3.mat,source_domain/cwru_12khz_fe/OR014@3_3.mat,source_domain/cwru_12khz_fe/OR014@3_3.mat,source_12khz_fe,X312_FE_time,12000,66000,78000,5.5,6.5,12000,66000,78000,OR,known_source,3.0,0.014,3.0,FE,FE,1728.0,SKF6203_FE
WIN-9fdc1c898741ccabff1f,source,RAWFILE-100,source_domain/cwru_12khz_fe/OR014@3_3.mat,source_domain/cwru_12khz_fe/OR014@3_3.mat,source_domain/cwru_12khz_fe/OR014@3_3.mat,source_12khz_fe,X312_FE_time,12000,72000,84000,6.0,7.0,12000,72000,84000,OR,known_source,3.0,0.014,3.0,FE,FE,1728.0,SKF6203_FE
WIN-080d5625586964f3de4f,source,RAWFILE-100,source_domain/cwru_12khz_fe/OR014@3_3.mat,source_domain/cwru_12khz_fe/OR014@3_3.mat,source_domain/cwru_12khz_fe/OR014@3_3.mat,source_12khz_fe,X312_FE_time,12000,78000,90000,6.5,7.5,12000,78000,90000,OR,known_source,3.0,0.014,3.0,FE,FE,1728.0,SKF6203_FE
WIN-3f6f9bd370ee0e1cacb2,source,RAWFILE-100,source_domain/cwru_12khz_fe/OR014@3_3.mat,source_domain/cwru_12khz_fe/OR014@3_3.mat,source_domain/cwru_12khz_fe/OR014@3_3.mat,source_12khz_fe,X312_FE_time,12000,84000,96000,7.0,8.0,12000,84000,96000,OR,known_source,3.0,0.014,3.0,FE,FE,1728.0,SKF6203_FE
WIN-5ad94d4e628802dd6857,source,RAWFILE-101,source_domain/cwru_12khz_fe/OR014@6_0.mat,source_domain/cwru_12khz_fe/OR014@6_0.mat,source_domain/cwru_12khz_fe/OR014@6_0.mat,source_12khz_fe,X313_FE_time,12000,0,12000,0.0,1.0,12000,0,12000,OR,known_source,0.0,0.014,6.0,FE,FE,1797.0,SKF6203_FE
WIN-5eedd0fe9bcf5a217b64,source,RAWFILE-101,source_domain/cwru_12khz_fe/OR014@6_0.mat,source_domain/cwru_12khz_fe/OR014@6_0.mat,source_domain/cwru_12khz_fe/OR014@6_0.mat,source_12khz_fe,X313_FE_time,12000,6000,18000,0.5,1.5,12000,6000,18000,OR,known_source,0.0,0.014,6.0,FE,FE,1797.0,SKF6203_FE
WIN-547b02a05f39fb8095fd,source,RAWFILE-101,source_domain/cwru_12khz_fe/OR014@6_0.mat,source_domain/cwru_12khz_fe/OR014@6_0.mat,source_domain/cwru_12khz_fe/OR014@6_0.mat,source_12khz_fe,X313_FE_time,12000,12000,24000,1.0,2.0,12000,12000,24000,OR,known_source,0.0,0.014,6.0,FE,FE,1797.0,SKF6203_FE
WIN-fcdcbf55808d3e381b2c,source,RAWFILE-101,source_domain/cwru_12khz_fe/OR014@6_0.mat,source_domain/cwru_12khz_fe/OR014@6_0.mat,source_domain/cwru_12khz_fe/OR014@6_0.mat,source_12khz_fe,X313_FE_time,12000,18000,30000,1.5,2.5,12000,18000,30000,OR,known_source,0.0,0.014,6.0,FE,FE,1797.0,SKF6203_FE
WIN-e5b681c0cecbae63719b,source,RAWFILE-101,source_domain/cwru_12khz_fe/OR014@6_0.mat,source_domain/cwru_12khz_fe/OR014@6_0.mat,source_domain/cwru_12khz_fe/OR014@6_0.mat,source_12khz_fe,X313_FE_time,12000,24000,36000,2.0,3.0,12000,24000,36000,OR,known_source,0.0,0.014,6.0,FE,FE,1797.0,SKF6203_FE
WIN-07f38edef3f6b93344a6,source,RAWFILE-101,source_domain/cwru_12khz_fe/OR014@6_0.mat,source_domain/cwru_12khz_fe/OR014@6_0.mat,source_domain/cwru_12khz_fe/OR014@6_0.mat,source_12khz_fe,X313_FE_time,12000,30000,42000,2.5,3.5,12000,30000,42000,OR,known_source,0.0,0.014,6.0,FE,FE,1797.0,SKF6203_FE
WIN-aa42f9a7e7486a82c05e,source,RAWFILE-101,source_domain/cwru_12khz_fe/OR014@6_0.mat,source_domain/cwru_12khz_fe/OR014@6_0.mat,source_domain/cwru_12khz_fe/OR014@6_0.mat,source_12khz_fe,X313_FE_time,12000,36000,48000,3.0,4.0,12000,36000,48000,OR,known_source,0.0,0.014,6.0,FE,FE,1797.0,SKF6203_FE
WIN-01cff3d488db378ca630,source,RAWFILE-101,source_domain/cwru_12khz_fe/OR014@6_0.mat,source_domain/cwru_12khz_fe/OR014@6_0.mat,source_domain/cwru_12khz_fe/OR014@6_0.mat,source_12khz_fe,X313_FE_time,12000,42000,54000,3.5,4.5,12000,42000,54000,OR,known_source,0.0,0.014,6.0,FE,FE,1797.0,SKF6203_FE
WIN-f0a68ac5d1127cb495ad,source,RAWFILE-101,source_domain/cwru_12khz_fe/OR014@6_0.mat,source_domain/cwru_12khz_fe/OR014@6_0.mat,source_domain/cwru_12khz_fe/OR014@6_0.mat,source_12khz_fe,X313_FE_time,12000,48000,60000,4.0,5.0,12000,48000,60000,OR,known_source,0.0,0.014,6.0,FE,FE,1797.0,SKF6203_FE
WIN-28518b8bcd0e885f3cab,source,RAWFILE-101,source_domain/cwru_12khz_fe/OR014@6_0.mat,source_domain/cwru_12khz_fe/OR014@6_0.mat,source_domain/cwru_12khz_fe/OR014@6_0.mat,source_12khz_fe,X313_FE_time,12000,54000,66000,4.5,5.5,12000,54000,66000,OR,known_source,0.0,0.014,6.0,FE,FE,1797.0,SKF6203_FE
WIN-4fa2d139ff8968b73993,source,RAWFILE-101,source_domain/cwru_12khz_fe/OR014@6_0.mat,source_domain/cwru_12khz_fe/OR014@6_0.mat,source_domain/cwru_12khz_fe/OR014@6_0.mat,source_12khz_fe,X313_FE_time,12000,60000,72000,5.0,6.0,12000,60000,72000,OR,known_source,0.0,0.014,6.0,FE,FE,1797.0,SKF6203_FE
WIN-2a4a1d86a40bc34f048b,source,RAWFILE-101,source_domain/cwru_12khz_fe/OR014@6_0.mat,source_domain/cwru_12khz_fe/OR014@6_0.mat,source_domain/cwru_12khz_fe/OR014@6_0.mat,source_12khz_fe,X313_FE_time,12000,66000,78000,5.5,6.5,12000,66000,78000,OR,known_source,0.0,0.014,6.0,FE,FE,1797.0,SKF6203_FE
WIN-1dd6ce5799388f713725,source,RAWFILE-101,source_domain/cwru_12khz_fe/OR014@6_0.mat,source_domain/cwru_12khz_fe/OR014@6_0.mat,source_domain/cwru_12khz_fe/OR014@6_0.mat,source_12khz_fe,X313_FE_time,12000,72000,84000,6.0,7.0,12000,72000,84000,OR,known_source,0.0,0.014,6.0,FE,FE,1797.0,SKF6203_FE
WIN-4da49e5c8cc7085934cf,source,RAWFILE-101,source_domain/cwru_12khz_fe/OR014@6_0.mat,source_domain/cwru_12khz_fe/OR014@6_0.mat,source_domain/cwru_12khz_fe/OR014@6_0.mat,source_12khz_fe,X313_FE_time,12000,78000,90000,6.5,7.5,12000,78000,90000,OR,known_source,0.0,0.014,6.0,FE,FE,1797.0,SKF6203_FE
WIN-ad7f51c2af33460b8889,source,RAWFILE-101,source_domain/cwru_12khz_fe/OR014@6_0.mat,source_domain/cwru_12khz_fe/OR014@6_0.mat,source_domain/cwru_12khz_fe/OR014@6_0.mat,source_12khz_fe,X313_FE_time,12000,84000,96000,7.0,8.0,12000,84000,96000,OR,known_source,0.0,0.014,6.0,FE,FE,1797.0,SKF6203_FE
WIN-5c9d2d493f28a606838c,source,RAWFILE-102,source_domain/cwru_12khz_fe/OR021@3_1.mat,source_domain/cwru_12khz_fe/OR021@3_1.mat,source_domain/cwru_12khz_fe/OR021@3_1.mat,source_12khz_fe,X316_FE_time,12000,0,12000,0.0,1.0,12000,0,12000,OR,known_source,1.0,0.021,3.0,FE,FE,1773.0,SKF6203_FE
WIN-e4a835c1be23abfa3f3b,source,RAWFILE-102,source_domain/cwru_12khz_fe/OR021@3_1.mat,source_domain/cwru_12khz_fe/OR021@3_1.mat,source_domain/cwru_12khz_fe/OR021@3_1.mat,source_12khz_fe,X316_FE_time,12000,6000,18000,0.5,1.5,12000,6000,18000,OR,known_source,1.0,0.021,3.0,FE,FE,1773.0,SKF6203_FE
WIN-76a68346c3fe343dec57,source,RAWFILE-102,source_domain/cwru_12khz_fe/OR021@3_1.mat,source_domain/cwru_12khz_fe/OR021@3_1.mat,source_domain/cwru_12khz_fe/OR021@3_1.mat,source_12khz_fe,X316_FE_time,12000,12000,24000,1.0,2.0,12000,12000,24000,OR,known_source,1.0,0.021,3.0,FE,FE,1773.0,SKF6203_FE
WIN-856c4e23e82cb229d131,source,RAWFILE-102,source_domain/cwru_12khz_fe/OR021@3_1.mat,source_domain/cwru_12khz_fe/OR021@3_1.mat,source_domain/cwru_12khz_fe/OR021@3_1.mat,source_12khz_fe,X316_FE_time,12000,18000,30000,1.5,2.5,12000,18000,30000,OR,known_source,1.0,0.021,3.0,FE,FE,1773.0,SKF6203_FE
WIN-3ce6f7a4251c2fe11955,source,RAWFILE-102,source_domain/cwru_12khz_fe/OR021@3_1.mat,source_domain/cwru_12khz_fe/OR021@3_1.mat,source_domain/cwru_12khz_fe/OR021@3_1.mat,source_12khz_fe,X316_FE_time,12000,24000,36000,2.0,3.0,12000,24000,36000,OR,known_source,1.0,0.021,3.0,FE,FE,1773.0,SKF6203_FE
WIN-e5a588eb3f003ad8dec5,source,RAWFILE-102,source_domain/cwru_12khz_fe/OR021@3_1.mat,source_domain/cwru_12khz_fe/OR021@3_1.mat,source_domain/cwru_12khz_fe/OR021@3_1.mat,source_12khz_fe,X316_FE_time,12000,30000,42000,2.5,3.5,12000,30000,42000,OR,known_source,1.0,0.021,3.0,FE,FE,1773.0,SKF6203_FE
WIN-ab9d2599ba76962ca7c7,source,RAWFILE-102,source_domain/cwru_12khz_fe/OR021@3_1.mat,source_domain/cwru_12khz_fe/OR021@3_1.mat,source_domain/cwru_12khz_fe/OR021@3_1.mat,source_12khz_fe,X316_FE_time,12000,36000,48000,3.0,4.0,12000,36000,48000,OR,known_source,1.0,0.021,3.0,FE,FE,1773.0,SKF6203_FE
WIN-10e8dc8f39d4df490350,source,RAWFILE-102,source_domain/cwru_12khz_fe/OR021@3_1.mat,source_domain/cwru_12khz_fe/OR021@3_1.mat,source_domain/cwru_12khz_fe/OR021@3_1.mat,source_12khz_fe,X316_FE_time,12000,42000,54000,3.5,4.5,12000,42000,54000,OR,known_source,1.0,0.021,3.0,FE,FE,1773.0,SKF6203_FE
WIN-546d4e125ce7c47c6959,source,RAWFILE-102,source_domain/cwru_12khz_fe/OR021@3_1.mat,source_domain/cwru_12khz_fe/OR021@3_1.mat,source_domain/cwru_12khz_fe/OR021@3_1.mat,source_12khz_fe,X316_FE_time,12000,48000,60000,4.0,5.0,12000,48000,60000,OR,known_source,1.0,0.021,3.0,FE,FE,1773.0,SKF6203_FE
WIN-3098ef6423c054b0089b,source,RAWFILE-102,source_domain/cwru_12khz_fe/OR021@3_1.mat,source_domain/cwru_12khz_fe/OR021@3_1.mat,source_domain/cwru_12khz_fe/OR021@3_1.mat,source_12khz_fe,X316_FE_time,12000,54000,66000,4.5,5.5,12000,54000,66000,OR,known_source,1.0,0.021,3.0,FE,FE,1773.0,SKF6203_FE
WIN-9001442a19087f321438,source,RAWFILE-102,source_domain/cwru_12khz_fe/OR021@3_1.mat,source_domain/cwru_12khz_fe/OR021@3_1.mat,source_domain/cwru_12khz_fe/OR021@3_1.mat,source_12khz_fe,X316_FE_time,12000,60000,72000,5.0,6.0,12000,60000,72000,OR,known_source,1.0,0.021,3.0,FE,FE,1773.0,SKF6203_FE
WIN-db2e07613041ce43123d,source,RAWFILE-102,source_domain/cwru_12khz_fe/OR021@3_1.mat,source_domain/cwru_12khz_fe/OR021@3_1.mat,source_domain/cwru_12khz_fe/OR021@3_1.mat,source_12khz_fe,X316_FE_time,12000,66000,78000,5.5,6.5,12000,66000,78000,OR,known_source,1.0,0.021,3.0,FE,FE,1773.0,SKF6203_FE
WIN-de3ffd0eec3ac944aa6f,source,RAWFILE-102,source_domain/cwru_12khz_fe/OR021@3_1.mat,source_domain/cwru_12khz_fe/OR021@3_1.mat,source_domain/cwru_12khz_fe/OR021@3_1.mat,source_12khz_fe,X316_FE_time,12000,72000,84000,6.0,7.0,12000,72000,84000,OR,known_source,1.0,0.021,3.0,FE,FE,1773.0,SKF6203_FE
WIN-c310b4ced66b95fa6539,source,RAWFILE-102,source_domain/cwru_12khz_fe/OR021@3_1.mat,source_domain/cwru_12khz_fe/OR021@3_1.mat,source_domain/cwru_12khz_fe/OR021@3_1.mat,source_12khz_fe,X316_FE_time,12000,78000,90000,6.5,7.5,12000,78000,90000,OR,known_source,1.0,0.021,3.0,FE,FE,1773.0,SKF6203_FE
WIN-f3bdad289752ad98ff1d,source,RAWFILE-102,source_domain/cwru_12khz_fe/OR021@3_1.mat,source_domain/cwru_12khz_fe/OR021@3_1.mat,source_domain/cwru_12khz_fe/OR021@3_1.mat,source_12khz_fe,X316_FE_time,12000,84000,96000,7.0,8.0,12000,84000,96000,OR,known_source,1.0,0.021,3.0,FE,FE,1773.0,SKF6203_FE
WIN-cd511d89f0ae8602c18f,source,RAWFILE-103,source_domain/cwru_12khz_fe/OR021@3_2.mat,source_domain/cwru_12khz_fe/OR021@3_2.mat,source_domain/cwru_12khz_fe/OR021@3_2.mat,source_12khz_fe,X317_FE_time,12000,0,12000,0.0,1.0,12000,0,12000,OR,known_source,2.0,0.021,3.0,FE,FE,1751.0,SKF6203_FE
WIN-bb0222b9ae77b51d728e,source,RAWFILE-103,source_domain/cwru_12khz_fe/OR021@3_2.mat,source_domain/cwru_12khz_fe/OR021@3_2.mat,source_domain/cwru_12khz_fe/OR021@3_2.mat,source_12khz_fe,X317_FE_time,12000,6000,18000,0.5,1.5,12000,6000,18000,OR,known_source,2.0,0.021,3.0,FE,FE,1751.0,SKF6203_FE
WIN-bd60552c9ac1eb806ebb,source,RAWFILE-103,source_domain/cwru_12khz_fe/OR021@3_2.mat,source_domain/cwru_12khz_fe/OR021@3_2.mat,source_domain/cwru_12khz_fe/OR021@3_2.mat,source_12khz_fe,X317_FE_time,12000,12000,24000,1.0,2.0,12000,12000,24000,OR,known_source,2.0,0.021,3.0,FE,FE,1751.0,SKF6203_FE
WIN-63a924876d6240986625,source,RAWFILE-103,source_domain/cwru_12khz_fe/OR021@3_2.mat,source_domain/cwru_12khz_fe/OR021@3_2.mat,source_domain/cwru_12khz_fe/OR021@3_2.mat,source_12khz_fe,X317_FE_time,12000,18000,30000,1.5,2.5,12000,18000,30000,OR,known_source,2.0,0.021,3.0,FE,FE,1751.0,SKF6203_FE
WIN-8f4d77f6658dd2d49e9d,source,RAWFILE-103,source_domain/cwru_12khz_fe/OR021@3_2.mat,source_domain/cwru_12khz_fe/OR021@3_2.mat,source_domain/cwru_12khz_fe/OR021@3_2.mat,source_12khz_fe,X317_FE_time,12000,24000,36000,2.0,3.0,12000,24000,36000,OR,known_source,2.0,0.021,3.0,FE,FE,1751.0,SKF6203_FE
WIN-7bd755f1fe2fbcfdc305,source,RAWFILE-103,source_domain/cwru_12khz_fe/OR021@3_2.mat,source_domain/cwru_12khz_fe/OR021@3_2.mat,source_domain/cwru_12khz_fe/OR021@3_2.mat,source_12khz_fe,X317_FE_time,12000,30000,42000,2.5,3.5,12000,30000,42000,OR,known_source,2.0,0.021,3.0,FE,FE,1751.0,SKF6203_FE
WIN-cc1df41c2e92e448ef9f,source,RAWFILE-103,source_domain/cwru_12khz_fe/OR021@3_2.mat,source_domain/cwru_12khz_fe/OR021@3_2.mat,source_domain/cwru_12khz_fe/OR021@3_2.mat,source_12khz_fe,X317_FE_time,12000,36000,48000,3.0,4.0,12000,36000,48000,OR,known_source,2.0,0.021,3.0,FE,FE,1751.0,SKF6203_FE
WIN-a828af66f9ef88a58d2f,source,RAWFILE-103,source_domain/cwru_12khz_fe/OR021@3_2.mat,source_domain/cwru_12khz_fe/OR021@3_2.mat,source_domain/cwru_12khz_fe/OR021@3_2.mat,source_12khz_fe,X317_FE_time,12000,42000,54000,3.5,4.5,12000,42000,54000,OR,known_source,2.0,0.021,3.0,FE,FE,1751.0,SKF6203_FE
WIN-7cbecb309ffd4e741c77,source,RAWFILE-103,source_domain/cwru_12khz_fe/OR021@3_2.mat,source_domain/cwru_12khz_fe/OR021@3_2.mat,source_domain/cwru_12khz_fe/OR021@3_2.mat,source_12khz_fe,X317_FE_time,12000,48000,60000,4.0,5.0,12000,48000,60000,OR,known_source,2.0,0.021,3.0,FE,FE,1751.0,SKF6203_FE
WIN-1582ebec5619786b7c43,source,RAWFILE-103,source_domain/cwru_12khz_fe/OR021@3_2.mat,source_domain/cwru_12khz_fe/OR021@3_2.mat,source_domain/cwru_12khz_fe/OR021@3_2.mat,source_12khz_fe,X317_FE_time,12000,54000,66000,4.5,5.5,12000,54000,66000,OR,known_source,2.0,0.021,3.0,FE,FE,1751.0,SKF6203_FE
WIN-a1acf3c5b4be577decb9,source,RAWFILE-103,source_domain/cwru_12khz_fe/OR021@3_2.mat,source_domain/cwru_12khz_fe/OR021@3_2.mat,source_domain/cwru_12khz_fe/OR021@3_2.mat,source_12khz_fe,X317_FE_time,12000,60000,72000,5.0,6.0,12000,60000,72000,OR,known_source,2.0,0.021,3.0,FE,FE,1751.0,SKF6203_FE
WIN-9ba3bf25052407fbc3dd,source,RAWFILE-103,source_domain/cwru_12khz_fe/OR021@3_2.mat,source_domain/cwru_12khz_fe/OR021@3_2.mat,source_domain/cwru_12khz_fe/OR021@3_2.mat,source_12khz_fe,X317_FE_time,12000,66000,78000,5.5,6.5,12000,66000,78000,OR,known_source,2.0,0.021,3.0,FE,FE,1751.0,SKF6203_FE
WIN-339e3f773ea4f04d351c,source,RAWFILE-103,source_domain/cwru_12khz_fe/OR021@3_2.mat,source_domain/cwru_12khz_fe/OR021@3_2.mat,source_domain/cwru_12khz_fe/OR021@3_2.mat,source_12khz_fe,X317_FE_time,12000,72000,84000,6.0,7.0,12000,72000,84000,OR,known_source,2.0,0.021,3.0,FE,FE,1751.0,SKF6203_FE
WIN-a4e448fee6f9c3945fb8,source,RAWFILE-103,source_domain/cwru_12khz_fe/OR021@3_2.mat,source_domain/cwru_12khz_fe/OR021@3_2.mat,source_domain/cwru_12khz_fe/OR021@3_2.mat,source_12khz_fe,X317_FE_time,12000,78000,90000,6.5,7.5,12000,78000,90000,OR,known_source,2.0,0.021,3.0,FE,FE,1751.0,SKF6203_FE
WIN-ce287412b59f15c08bda,source,RAWFILE-103,source_domain/cwru_12khz_fe/OR021@3_2.mat,source_domain/cwru_12khz_fe/OR021@3_2.mat,source_domain/cwru_12khz_fe/OR021@3_2.mat,source_12khz_fe,X317_FE_time,12000,84000,96000,7.0,8.0,12000,84000,96000,OR,known_source,2.0,0.021,3.0,FE,FE,1751.0,SKF6203_FE
WIN-22861ff2e6f49afcc8b2,source,RAWFILE-104,source_domain/cwru_12khz_fe/OR021@3_3.mat,source_domain/cwru_12khz_fe/OR021@3_3.mat,source_domain/cwru_12khz_fe/OR021@3_3.mat,source_12khz_fe,X318_FE_time,12000,0,12000,0.0,1.0,12000,0,12000,OR,known_source,3.0,0.021,3.0,FE,FE,1728.0,SKF6203_FE
WIN-9212e9dc5a40e0082ec4,source,RAWFILE-104,source_domain/cwru_12khz_fe/OR021@3_3.mat,source_domain/cwru_12khz_fe/OR021@3_3.mat,source_domain/cwru_12khz_fe/OR021@3_3.mat,source_12khz_fe,X318_FE_time,12000,6000,18000,0.5,1.5,12000,6000,18000,OR,known_source,3.0,0.021,3.0,FE,FE,1728.0,SKF6203_FE
WIN-3a9e83e77d84853f1aeb,source,RAWFILE-104,source_domain/cwru_12khz_fe/OR021@3_3.mat,source_domain/cwru_12khz_fe/OR021@3_3.mat,source_domain/cwru_12khz_fe/OR021@3_3.mat,source_12khz_fe,X318_FE_time,12000,12000,24000,1.0,2.0,12000,12000,24000,OR,known_source,3.0,0.021,3.0,FE,FE,1728.0,SKF6203_FE
WIN-51d629ba51f44e20dd74,source,RAWFILE-104,source_domain/cwru_12khz_fe/OR021@3_3.mat,source_domain/cwru_12khz_fe/OR021@3_3.mat,source_domain/cwru_12khz_fe/OR021@3_3.mat,source_12khz_fe,X318_FE_time,12000,18000,30000,1.5,2.5,12000,18000,30000,OR,known_source,3.0,0.021,3.0,FE,FE,1728.0,SKF6203_FE
WIN-0297ffec380417832d0e,source,RAWFILE-104,source_domain/cwru_12khz_fe/OR021@3_3.mat,source_domain/cwru_12khz_fe/OR021@3_3.mat,source_domain/cwru_12khz_fe/OR021@3_3.mat,source_12khz_fe,X318_FE_time,12000,24000,36000,2.0,3.0,12000,24000,36000,OR,known_source,3.0,0.021,3.0,FE,FE,1728.0,SKF6203_FE
WIN-252e8bea01a0f5b582a5,source,RAWFILE-104,source_domain/cwru_12khz_fe/OR021@3_3.mat,source_domain/cwru_12khz_fe/OR021@3_3.mat,source_domain/cwru_12khz_fe/OR021@3_3.mat,source_12khz_fe,X318_FE_time,12000,30000,42000,2.5,3.5,12000,30000,42000,OR,known_source,3.0,0.021,3.0,FE,FE,1728.0,SKF6203_FE
WIN-b158b83a5a5ec2e74b67,source,RAWFILE-104,source_domain/cwru_12khz_fe/OR021@3_3.mat,source_domain/cwru_12khz_fe/OR021@3_3.mat,source_domain/cwru_12khz_fe/OR021@3_3.mat,source_12khz_fe,X318_FE_time,12000,36000,48000,3.0,4.0,12000,36000,48000,OR,known_source,3.0,0.021,3.0,FE,FE,1728.0,SKF6203_FE
WIN-62ddf0ccf489b542318f,source,RAWFILE-104,source_domain/cwru_12khz_fe/OR021@3_3.mat,source_domain/cwru_12khz_fe/OR021@3_3.mat,source_domain/cwru_12khz_fe/OR021@3_3.mat,source_12khz_fe,X318_FE_time,12000,42000,54000,3.5,4.5,12000,42000,54000,OR,known_source,3.0,0.021,3.0,FE,FE,1728.0,SKF6203_FE
WIN-07fcc2c91ce2a7cd6b31,source,RAWFILE-104,source_domain/cwru_12khz_fe/OR021@3_3.mat,source_domain/cwru_12khz_fe/OR021@3_3.mat,source_domain/cwru_12khz_fe/OR021@3_3.mat,source_12khz_fe,X318_FE_time,12000,48000,60000,4.0,5.0,12000,48000,60000,OR,known_source,3.0,0.021,3.0,FE,FE,1728.0,SKF6203_FE
WIN-3b6a745344041b8d0011,source,RAWFILE-104,source_domain/cwru_12khz_fe/OR021@3_3.mat,source_domain/cwru_12khz_fe/OR021@3_3.mat,source_domain/cwru_12khz_fe/OR021@3_3.mat,source_12khz_fe,X318_FE_time,12000,54000,66000,4.5,5.5,12000,54000,66000,OR,known_source,3.0,0.021,3.0,FE,FE,1728.0,SKF6203_FE
WIN-907d01cc68cbfe1c7d12,source,RAWFILE-104,source_domain/cwru_12khz_fe/OR021@3_3.mat,source_domain/cwru_12khz_fe/OR021@3_3.mat,source_domain/cwru_12khz_fe/OR021@3_3.mat,source_12khz_fe,X318_FE_time,12000,60000,72000,5.0,6.0,12000,60000,72000,OR,known_source,3.0,0.021,3.0,FE,FE,1728.0,SKF6203_FE
WIN-1b8396892fe0446f563e,source,RAWFILE-104,source_domain/cwru_12khz_fe/OR021@3_3.mat,source_domain/cwru_12khz_fe/OR021@3_3.mat,source_domain/cwru_12khz_fe/OR021@3_3.mat,source_12khz_fe,X318_FE_time,12000,66000,78000,5.5,6.5,12000,66000,78000,OR,known_source,3.0,0.021,3.0,FE,FE,1728.0,SKF6203_FE
WIN-caefd20b04b889329c77,source,RAWFILE-104,source_domain/cwru_12khz_fe/OR021@3_3.mat,source_domain/cwru_12khz_fe/OR021@3_3.mat,source_domain/cwru_12khz_fe/OR021@3_3.mat,source_12khz_fe,X318_FE_time,12000,72000,84000,6.0,7.0,12000,72000,84000,OR,known_source,3.0,0.021,3.0,FE,FE,1728.0,SKF6203_FE
WIN-71f16ee93267b0d021d0,source,RAWFILE-104,source_domain/cwru_12khz_fe/OR021@3_3.mat,source_domain/cwru_12khz_fe/OR021@3_3.mat,source_domain/cwru_12khz_fe/OR021@3_3.mat,source_12khz_fe,X318_FE_time,12000,78000,90000,6.5,7.5,12000,78000,90000,OR,known_source,3.0,0.021,3.0,FE,FE,1728.0,SKF6203_FE
WIN-81938c28b2f4f804277b,source,RAWFILE-104,source_domain/cwru_12khz_fe/OR021@3_3.mat,source_domain/cwru_12khz_fe/OR021@3_3.mat,source_domain/cwru_12khz_fe/OR021@3_3.mat,source_12khz_fe,X318_FE_time,12000,84000,96000,7.0,8.0,12000,84000,96000,OR,known_source,3.0,0.021,3.0,FE,FE,1728.0,SKF6203_FE
WIN-0ba128c164e469d0c0bc,source,RAWFILE-105,source_domain/cwru_12khz_fe/OR021@6_0.mat,source_domain/cwru_12khz_fe/OR021@6_0.mat,source_domain/cwru_12khz_fe/OR021@6_0.mat,source_12khz_fe,X315_FE_time,12000,0,12000,0.0,1.0,12000,0,12000,OR,known_source,0.0,0.021,6.0,FE,FE,1797.0,SKF6203_FE
WIN-3b8c35af845397bd5522,source,RAWFILE-105,source_domain/cwru_12khz_fe/OR021@6_0.mat,source_domain/cwru_12khz_fe/OR021@6_0.mat,source_domain/cwru_12khz_fe/OR021@6_0.mat,source_12khz_fe,X315_FE_time,12000,6000,18000,0.5,1.5,12000,6000,18000,OR,known_source,0.0,0.021,6.0,FE,FE,1797.0,SKF6203_FE
WIN-63866879c08e4a2904da,source,RAWFILE-105,source_domain/cwru_12khz_fe/OR021@6_0.mat,source_domain/cwru_12khz_fe/OR021@6_0.mat,source_domain/cwru_12khz_fe/OR021@6_0.mat,source_12khz_fe,X315_FE_time,12000,12000,24000,1.0,2.0,12000,12000,24000,OR,known_source,0.0,0.021,6.0,FE,FE,1797.0,SKF6203_FE
WIN-fcbf080e78a5ca2bbded,source,RAWFILE-105,source_domain/cwru_12khz_fe/OR021@6_0.mat,source_domain/cwru_12khz_fe/OR021@6_0.mat,source_domain/cwru_12khz_fe/OR021@6_0.mat,source_12khz_fe,X315_FE_time,12000,18000,30000,1.5,2.5,12000,18000,30000,OR,known_source,0.0,0.021,6.0,FE,FE,1797.0,SKF6203_FE
WIN-564b4c395a2c1c75b5b8,source,RAWFILE-105,source_domain/cwru_12khz_fe/OR021@6_0.mat,source_domain/cwru_12khz_fe/OR021@6_0.mat,source_domain/cwru_12khz_fe/OR021@6_0.mat,source_12khz_fe,X315_FE_time,12000,24000,36000,2.0,3.0,12000,24000,36000,OR,known_source,0.0,0.021,6.0,FE,FE,1797.0,SKF6203_FE
WIN-6f6cf52d77fe016559b7,source,RAWFILE-105,source_domain/cwru_12khz_fe/OR021@6_0.mat,source_domain/cwru_12khz_fe/OR021@6_0.mat,source_domain/cwru_12khz_fe/OR021@6_0.mat,source_12khz_fe,X315_FE_time,12000,30000,42000,2.5,3.5,12000,30000,42000,OR,known_source,0.0,0.021,6.0,FE,FE,1797.0,SKF6203_FE
WIN-21b7fe8298b88f759464,source,RAWFILE-105,source_domain/cwru_12khz_fe/OR021@6_0.mat,source_domain/cwru_12khz_fe/OR021@6_0.mat,source_domain/cwru_12khz_fe/OR021@6_0.mat,source_12khz_fe,X315_FE_time,12000,36000,48000,3.0,4.0,12000,36000,48000,OR,known_source,0.0,0.021,6.0,FE,FE,1797.0,SKF6203_FE
WIN-42eae0496d1ad7775eee,source,RAWFILE-105,source_domain/cwru_12khz_fe/OR021@6_0.mat,source_domain/cwru_12khz_fe/OR021@6_0.mat,source_domain/cwru_12khz_fe/OR021@6_0.mat,source_12khz_fe,X315_FE_time,12000,42000,54000,3.5,4.5,12000,42000,54000,OR,known_source,0.0,0.021,6.0,FE,FE,1797.0,SKF6203_FE
WIN-032596b6bf6d9dec92fc,source,RAWFILE-105,source_domain/cwru_12khz_fe/OR021@6_0.mat,source_domain/cwru_12khz_fe/OR021@6_0.mat,source_domain/cwru_12khz_fe/OR021@6_0.mat,source_12khz_fe,X315_FE_time,12000,48000,60000,4.0,5.0,12000,48000,60000,OR,known_source,0.0,0.021,6.0,FE,FE,1797.0,SKF6203_FE
WIN-9f82d6912851152fae90,source,RAWFILE-105,source_domain/cwru_12khz_fe/OR021@6_0.mat,source_domain/cwru_12khz_fe/OR021@6_0.mat,source_domain/cwru_12khz_fe/OR021@6_0.mat,source_12khz_fe,X315_FE_time,12000,54000,66000,4.5,5.5,12000,54000,66000,OR,known_source,0.0,0.021,6.0,FE,FE,1797.0,SKF6203_FE
WIN-31648a63cd80c8a96c11,source,RAWFILE-105,source_domain/cwru_12khz_fe/OR021@6_0.mat,source_domain/cwru_12khz_fe/OR021@6_0.mat,source_domain/cwru_12khz_fe/OR021@6_0.mat,source_12khz_fe,X315_FE_time,12000,60000,72000,5.0,6.0,12000,60000,72000,OR,known_source,0.0,0.021,6.0,FE,FE,1797.0,SKF6203_FE
WIN-df3f7cf61898e5591ee7,source,RAWFILE-105,source_domain/cwru_12khz_fe/OR021@6_0.mat,source_domain/cwru_12khz_fe/OR021@6_0.mat,source_domain/cwru_12khz_fe/OR021@6_0.mat,source_12khz_fe,X315_FE_time,12000,66000,78000,5.5,6.5,12000,66000,78000,OR,known_source,0.0,0.021,6.0,FE,FE,1797.0,SKF6203_FE
WIN-43d4db7b433b4ec20d3b,source,RAWFILE-105,source_domain/cwru_12khz_fe/OR021@6_0.mat,source_domain/cwru_12khz_fe/OR021@6_0.mat,source_domain/cwru_12khz_fe/OR021@6_0.mat,source_12khz_fe,X315_FE_time,12000,72000,84000,6.0,7.0,12000,72000,84000,OR,known_source,0.0,0.021,6.0,FE,FE,1797.0,SKF6203_FE
WIN-7d812714370f91f9fec4,source,RAWFILE-105,source_domain/cwru_12khz_fe/OR021@6_0.mat,source_domain/cwru_12khz_fe/OR021@6_0.mat,source_domain/cwru_12khz_fe/OR021@6_0.mat,source_12khz_fe,X315_FE_time,12000,78000,90000,6.5,7.5,12000,78000,90000,OR,known_source,0.0,0.021,6.0,FE,FE,1797.0,SKF6203_FE
WIN-fd59d8cc6db88352eade,source,RAWFILE-105,source_domain/cwru_12khz_fe/OR021@6_0.mat,source_domain/cwru_12khz_fe/OR021@6_0.mat,source_domain/cwru_12khz_fe/OR021@6_0.mat,source_12khz_fe,X315_FE_time,12000,84000,96000,7.0,8.0,12000,84000,96000,OR,known_source,0.0,0.021,6.0,FE,FE,1797.0,SKF6203_FE
WIN-4a618f2138cdc85801af,source,RAWFILE-158,source_domain/cwru_48khz_normal/N_0.mat,source_domain/cwru_48khz_normal/N_0.mat,source_domain/cwru_48khz_normal/N_0.mat,source_48khz_normal,X097_DE_time,12000,0,12000,0.0,1.0,48000,0,48000,N,known_source,0.0,,,NONE,DE,1796.0,SKF6205_DE
WIN-502ec8334ffa1a8d63e3,source,RAWFILE-158,source_domain/cwru_48khz_normal/N_0.mat,source_domain/cwru_48khz_normal/N_0.mat,source_domain/cwru_48khz_normal/N_0.mat,source_48khz_normal,X097_DE_time,12000,6000,18000,0.5,1.5,48000,24000,72000,N,known_source,0.0,,,NONE,DE,1796.0,SKF6205_DE
WIN-7f0ad7fca14b73edeb2a,source,RAWFILE-158,source_domain/cwru_48khz_normal/N_0.mat,source_domain/cwru_48khz_normal/N_0.mat,source_domain/cwru_48khz_normal/N_0.mat,source_48khz_normal,X097_DE_time,12000,12000,24000,1.0,2.0,48000,48000,96000,N,known_source,0.0,,,NONE,DE,1796.0,SKF6205_DE
WIN-fce5ea864f9cca37ec58,source,RAWFILE-158,source_domain/cwru_48khz_normal/N_0.mat,source_domain/cwru_48khz_normal/N_0.mat,source_domain/cwru_48khz_normal/N_0.mat,source_48khz_normal,X097_DE_time,12000,18000,30000,1.5,2.5,48000,72000,120000,N,known_source,0.0,,,NONE,DE,1796.0,SKF6205_DE
WIN-d0137db01b87aabbc0bd,source,RAWFILE-158,source_domain/cwru_48khz_normal/N_0.mat,source_domain/cwru_48khz_normal/N_0.mat,source_domain/cwru_48khz_normal/N_0.mat,source_48khz_normal,X097_DE_time,12000,24000,36000,2.0,3.0,48000,96000,144000,N,known_source,0.0,,,NONE,DE,1796.0,SKF6205_DE
WIN-dac6e6bdf1c2ddf450df,source,RAWFILE-158,source_domain/cwru_48khz_normal/N_0.mat,source_domain/cwru_48khz_normal/N_0.mat,source_domain/cwru_48khz_normal/N_0.mat,source_48khz_normal,X097_DE_time,12000,30000,42000,2.5,3.5,48000,120000,168000,N,known_source,0.0,,,NONE,DE,1796.0,SKF6205_DE
WIN-322a18d691cfd36a08b3,source,RAWFILE-158,source_domain/cwru_48khz_normal/N_0.mat,source_domain/cwru_48khz_normal/N_0.mat,source_domain/cwru_48khz_normal/N_0.mat,source_48khz_normal,X097_DE_time,12000,36000,48000,3.0,4.0,48000,144000,192000,N,known_source,0.0,,,NONE,DE,1796.0,SKF6205_DE
WIN-8960803c077ecbaf51d0,source,RAWFILE-158,source_domain/cwru_48khz_normal/N_0.mat,source_domain/cwru_48khz_normal/N_0.mat,source_domain/cwru_48khz_normal/N_0.mat,source_48khz_normal,X097_DE_time,12000,42000,54000,3.5,4.5,48000,168000,216000,N,known_source,0.0,,,NONE,DE,1796.0,SKF6205_DE
WIN-b2620e28c94bd7adacec,source,RAWFILE-158,source_domain/cwru_48khz_normal/N_0.mat,source_domain/cwru_48khz_normal/N_0.mat,source_domain/cwru_48khz_normal/N_0.mat,source_48khz_normal,X097_DE_time,12000,48000,60000,4.0,5.0,48000,192000,240000,N,known_source,0.0,,,NONE,DE,1796.0,SKF6205_DE
WIN-8a062282a23aa1a2503c,source,RAWFILE-159,source_domain/cwru_48khz_normal/N_1_(1772rpm).mat,source_domain/cwru_48khz_normal/N_1_(1772rpm).mat,source_domain/cwru_48khz_normal/N_1_(1772rpm).mat,source_48khz_normal,X098_DE_time,12000,0,12000,0.0,1.0,48000,0,48000,N,known_source,1.0,,,NONE,DE,1772.0,SKF6205_DE
WIN-d147d1070c37681385ef,source,RAWFILE-159,source_domain/cwru_48khz_normal/N_1_(1772rpm).mat,source_domain/cwru_48khz_normal/N_1_(1772rpm).mat,source_domain/cwru_48khz_normal/N_1_(1772rpm).mat,source_48khz_normal,X098_DE_time,12000,6000,18000,0.5,1.5,48000,24000,72000,N,known_source,1.0,,,NONE,DE,1772.0,SKF6205_DE
WIN-37d8f92347dd98db598f,source,RAWFILE-159,source_domain/cwru_48khz_normal/N_1_(1772rpm).mat,source_domain/cwru_48khz_normal/N_1_(1772rpm).mat,source_domain/cwru_48khz_normal/N_1_(1772rpm).mat,source_48khz_normal,X098_DE_time,12000,12000,24000,1.0,2.0,48000,48000,96000,N,known_source,1.0,,,NONE,DE,1772.0,SKF6205_DE
WIN-2461ba3554b3e960c49c,source,RAWFILE-159,source_domain/cwru_48khz_normal/N_1_(1772rpm).mat,source_domain/cwru_48khz_normal/N_1_(1772rpm).mat,source_domain/cwru_48khz_normal/N_1_(1772rpm).mat,source_48khz_normal,X098_DE_time,12000,18000,30000,1.5,2.5,48000,72000,120000,N,known_source,1.0,,,NONE,DE,1772.0,SKF6205_DE
WIN-d0491981c44a2afa2401,source,RAWFILE-159,source_domain/cwru_48khz_normal/N_1_(1772rpm).mat,source_domain/cwru_48khz_normal/N_1_(1772rpm).mat,source_domain/cwru_48khz_normal/N_1_(1772rpm).mat,source_48khz_normal,X098_DE_time,12000,24000,36000,2.0,3.0,48000,96000,144000,N,known_source,1.0,,,NONE,DE,1772.0,SKF6205_DE
WIN-05faa8d3c8303cdaaa50,source,RAWFILE-159,source_domain/cwru_48khz_normal/N_1_(1772rpm).mat,source_domain/cwru_48khz_normal/N_1_(1772rpm).mat,source_domain/cwru_48khz_normal/N_1_(1772rpm).mat,source_48khz_normal,X098_DE_time,12000,30000,42000,2.5,3.5,48000,120000,168000,N,known_source,1.0,,,NONE,DE,1772.0,SKF6205_DE
WIN-c7c4e0c3ec613da8ab91,source,RAWFILE-159,source_domain/cwru_48khz_normal/N_1_(1772rpm).mat,source_domain/cwru_48khz_normal/N_1_(1772rpm).mat,source_domain/cwru_48khz_normal/N_1_(1772rpm).mat,source_48khz_normal,X098_DE_time,12000,36000,48000,3.0,4.0,48000,144000,192000,N,known_source,1.0,,,NONE,DE,1772.0,SKF6205_DE
WIN-cda646d6bace99617b25,source,RAWFILE-159,source_domain/cwru_48khz_normal/N_1_(1772rpm).mat,source_domain/cwru_48khz_normal/N_1_(1772rpm).mat,source_domain/cwru_48khz_normal/N_1_(1772rpm).mat,source_48khz_normal,X098_DE_time,12000,42000,54000,3.5,4.5,48000,168000,216000,N,known_source,1.0,,,NONE,DE,1772.0,SKF6205_DE
WIN-c9e90dcf6a76244daa9a,source,RAWFILE-159,source_domain/cwru_48khz_normal/N_1_(1772rpm).mat,source_domain/cwru_48khz_normal/N_1_(1772rpm).mat,source_domain/cwru_48khz_normal/N_1_(1772rpm).mat,source_48khz_normal,X098_DE_time,12000,48000,60000,4.0,5.0,48000,192000,240000,N,known_source,1.0,,,NONE,DE,1772.0,SKF6205_DE
WIN-153eca5c76a7ffc64a5d,source,RAWFILE-159,source_domain/cwru_48khz_normal/N_1_(1772rpm).mat,source_domain/cwru_48khz_normal/N_1_(1772rpm).mat,source_domain/cwru_48khz_normal/N_1_(1772rpm).mat,source_48khz_normal,X098_DE_time,12000,54000,66000,4.5,5.5,48000,216000,264000,N,known_source,1.0,,,NONE,DE,1772.0,SKF6205_DE
WIN-2c7646152da2226dde21,source,RAWFILE-159,source_domain/cwru_48khz_normal/N_1_(1772rpm).mat,source_domain/cwru_48khz_normal/N_1_(1772rpm).mat,source_domain/cwru_48khz_normal/N_1_(1772rpm).mat,source_48khz_normal,X098_DE_time,12000,60000,72000,5.0,6.0,48000,240000,288000,N,known_source,1.0,,,NONE,DE,1772.0,SKF6205_DE
WIN-f92b67ed88c20bfd5bc5,source,RAWFILE-159,source_domain/cwru_48khz_normal/N_1_(1772rpm).mat,source_domain/cwru_48khz_normal/N_1_(1772rpm).mat,source_domain/cwru_48khz_normal/N_1_(1772rpm).mat,source_48khz_normal,X098_DE_time,12000,66000,78000,5.5,6.5,48000,264000,312000,N,known_source,1.0,,,NONE,DE,1772.0,SKF6205_DE
WIN-377f0242b913af013f10,source,RAWFILE-159,source_domain/cwru_48khz_normal/N_1_(1772rpm).mat,source_domain/cwru_48khz_normal/N_1_(1772rpm).mat,source_domain/cwru_48khz_normal/N_1_(1772rpm).mat,source_48khz_normal,X098_DE_time,12000,72000,84000,6.0,7.0,48000,288000,336000,N,known_source,1.0,,,NONE,DE,1772.0,SKF6205_DE
WIN-a0eee795005bd4b96ac1,source,RAWFILE-159,source_domain/cwru_48khz_normal/N_1_(1772rpm).mat,source_domain/cwru_48khz_normal/N_1_(1772rpm).mat,source_domain/cwru_48khz_normal/N_1_(1772rpm).mat,source_48khz_normal,X098_DE_time,12000,78000,90000,6.5,7.5,48000,312000,360000,N,known_source,1.0,,,NONE,DE,1772.0,SKF6205_DE
WIN-b41d078c21a5ce4af4b3,source,RAWFILE-159,source_domain/cwru_48khz_normal/N_1_(1772rpm).mat,source_domain/cwru_48khz_normal/N_1_(1772rpm).mat,source_domain/cwru_48khz_normal/N_1_(1772rpm).mat,source_48khz_normal,X098_DE_time,12000,84000,96000,7.0,8.0,48000,336000,384000,N,known_source,1.0,,,NONE,DE,1772.0,SKF6205_DE
WIN-00350287a61f20ce9d7e,source,RAWFILE-160,source_domain/cwru_48khz_normal/N_2_(1750rpm).mat,source_domain/cwru_48khz_normal/N_2_(1750rpm).mat,source_domain/cwru_48khz_normal/N_2_(1750rpm).mat,source_48khz_normal,X099_DE_time,12000,0,12000,0.0,1.0,48000,0,48000,N,known_source,2.0,,,NONE,DE,1750.0,SKF6205_DE
WIN-3d58573682716e5c5064,source,RAWFILE-160,source_domain/cwru_48khz_normal/N_2_(1750rpm).mat,source_domain/cwru_48khz_normal/N_2_(1750rpm).mat,source_domain/cwru_48khz_normal/N_2_(1750rpm).mat,source_48khz_normal,X099_DE_time,12000,6000,18000,0.5,1.5,48000,24000,72000,N,known_source,2.0,,,NONE,DE,1750.0,SKF6205_DE
WIN-b2411d5297f747d4822e,source,RAWFILE-160,source_domain/cwru_48khz_normal/N_2_(1750rpm).mat,source_domain/cwru_48khz_normal/N_2_(1750rpm).mat,source_domain/cwru_48khz_normal/N_2_(1750rpm).mat,source_48khz_normal,X099_DE_time,12000,12000,24000,1.0,2.0,48000,48000,96000,N,known_source,2.0,,,NONE,DE,1750.0,SKF6205_DE
WIN-9bcb88a8ab46670aca83,source,RAWFILE-160,source_domain/cwru_48khz_normal/N_2_(1750rpm).mat,source_domain/cwru_48khz_normal/N_2_(1750rpm).mat,source_domain/cwru_48khz_normal/N_2_(1750rpm).mat,source_48khz_normal,X099_DE_time,12000,18000,30000,1.5,2.5,48000,72000,120000,N,known_source,2.0,,,NONE,DE,1750.0,SKF6205_DE
WIN-686716d79ca7aa62b9ea,source,RAWFILE-160,source_domain/cwru_48khz_normal/N_2_(1750rpm).mat,source_domain/cwru_48khz_normal/N_2_(1750rpm).mat,source_domain/cwru_48khz_normal/N_2_(1750rpm).mat,source_48khz_normal,X099_DE_time,12000,24000,36000,2.0,3.0,48000,96000,144000,N,known_source,2.0,,,NONE,DE,1750.0,SKF6205_DE
WIN-a01d42224d12e8be9754,source,RAWFILE-160,source_domain/cwru_48khz_normal/N_2_(1750rpm).mat,source_domain/cwru_48khz_normal/N_2_(1750rpm).mat,source_domain/cwru_48khz_normal/N_2_(1750rpm).mat,source_48khz_normal,X099_DE_time,12000,30000,42000,2.5,3.5,48000,120000,168000,N,known_source,2.0,,,NONE,DE,1750.0,SKF6205_DE
WIN-23c8cd5488a5d65e01b4,source,RAWFILE-160,source_domain/cwru_48khz_normal/N_2_(1750rpm).mat,source_domain/cwru_48khz_normal/N_2_(1750rpm).mat,source_domain/cwru_48khz_normal/N_2_(1750rpm).mat,source_48khz_normal,X099_DE_time,12000,36000,48000,3.0,4.0,48000,144000,192000,N,known_source,2.0,,,NONE,DE,1750.0,SKF6205_DE
WIN-a5e6488c5864a2354157,source,RAWFILE-160,source_domain/cwru_48khz_normal/N_2_(1750rpm).mat,source_domain/cwru_48khz_normal/N_2_(1750rpm).mat,source_domain/cwru_48khz_normal/N_2_(1750rpm).mat,source_48khz_normal,X099_DE_time,12000,42000,54000,3.5,4.5,48000,168000,216000,N,known_source,2.0,,,NONE,DE,1750.0,SKF6205_DE
WIN-6cc9877e5c381959ced4,source,RAWFILE-160,source_domain/cwru_48khz_normal/N_2_(1750rpm).mat,source_domain/cwru_48khz_normal/N_2_(1750rpm).mat,source_domain/cwru_48khz_normal/N_2_(1750rpm).mat,source_48khz_normal,X099_DE_time,12000,48000,60000,4.0,5.0,48000,192000,240000,N,known_source,2.0,,,NONE,DE,1750.0,SKF6205_DE
WIN-5ed6be496e68b8bb544b,source,RAWFILE-160,source_domain/cwru_48khz_normal/N_2_(1750rpm).mat,source_domain/cwru_48khz_normal/N_2_(1750rpm).mat,source_domain/cwru_48khz_normal/N_2_(1750rpm).mat,source_48khz_normal,X099_DE_time,12000,54000,66000,4.5,5.5,48000,216000,264000,N,known_source,2.0,,,NONE,DE,1750.0,SKF6205_DE
WIN-4d8793b610fe83ca8f23,source,RAWFILE-160,source_domain/cwru_48khz_normal/N_2_(1750rpm).mat,source_domain/cwru_48khz_normal/N_2_(1750rpm).mat,source_domain/cwru_48khz_normal/N_2_(1750rpm).mat,source_48khz_normal,X099_DE_time,12000,60000,72000,5.0,6.0,48000,240000,288000,N,known_source,2.0,,,NONE,DE,1750.0,SKF6205_DE
WIN-765f077ef09f54555dec,source,RAWFILE-160,source_domain/cwru_48khz_normal/N_2_(1750rpm).mat,source_domain/cwru_48khz_normal/N_2_(1750rpm).mat,source_domain/cwru_48khz_normal/N_2_(1750rpm).mat,source_48khz_normal,X099_DE_time,12000,66000,78000,5.5,6.5,48000,264000,312000,N,known_source,2.0,,,NONE,DE,1750.0,SKF6205_DE
WIN-78d37d352e3fd4ed36f6,source,RAWFILE-160,source_domain/cwru_48khz_normal/N_2_(1750rpm).mat,source_domain/cwru_48khz_normal/N_2_(1750rpm).mat,source_domain/cwru_48khz_normal/N_2_(1750rpm).mat,source_48khz_normal,X099_DE_time,12000,72000,84000,6.0,7.0,48000,288000,336000,N,known_source,2.0,,,NONE,DE,1750.0,SKF6205_DE
WIN-7c837798ee77a25be18b,source,RAWFILE-160,source_domain/cwru_48khz_normal/N_2_(1750rpm).mat,source_domain/cwru_48khz_normal/N_2_(1750rpm).mat,source_domain/cwru_48khz_normal/N_2_(1750rpm).mat,source_48khz_normal,X099_DE_time,12000,78000,90000,6.5,7.5,48000,312000,360000,N,known_source,2.0,,,NONE,DE,1750.0,SKF6205_DE
WIN-f9742f5fb2bf8c4da815,source,RAWFILE-160,source_domain/cwru_48khz_normal/N_2_(1750rpm).mat,source_domain/cwru_48khz_normal/N_2_(1750rpm).mat,source_domain/cwru_48khz_normal/N_2_(1750rpm).mat,source_48khz_normal,X099_DE_time,12000,84000,96000,7.0,8.0,48000,336000,384000,N,known_source,2.0,,,NONE,DE,1750.0,SKF6205_DE
WIN-b9ada340e976456d07f6,source,RAWFILE-161,source_domain/cwru_48khz_normal/N_3.mat,source_domain/cwru_48khz_normal/N_3.mat,source_domain/cwru_48khz_normal/N_3.mat,source_48khz_normal,X100_DE_time,12000,0,12000,0.0,1.0,48000,0,48000,N,known_source,3.0,,,NONE,DE,1725.0,SKF6205_DE
WIN-4c4641ae399d641dcb8d,source,RAWFILE-161,source_domain/cwru_48khz_normal/N_3.mat,source_domain/cwru_48khz_normal/N_3.mat,source_domain/cwru_48khz_normal/N_3.mat,source_48khz_normal,X100_DE_time,12000,6000,18000,0.5,1.5,48000,24000,72000,N,known_source,3.0,,,NONE,DE,1725.0,SKF6205_DE
WIN-e99483e6afe0dd9ea470,source,RAWFILE-161,source_domain/cwru_48khz_normal/N_3.mat,source_domain/cwru_48khz_normal/N_3.mat,source_domain/cwru_48khz_normal/N_3.mat,source_48khz_normal,X100_DE_time,12000,12000,24000,1.0,2.0,48000,48000,96000,N,known_source,3.0,,,NONE,DE,1725.0,SKF6205_DE
WIN-eabf2e5e388ad51c4050,source,RAWFILE-161,source_domain/cwru_48khz_normal/N_3.mat,source_domain/cwru_48khz_normal/N_3.mat,source_domain/cwru_48khz_normal/N_3.mat,source_48khz_normal,X100_DE_time,12000,18000,30000,1.5,2.5,48000,72000,120000,N,known_source,3.0,,,NONE,DE,1725.0,SKF6205_DE
WIN-9cae389eae9c405ad2ab,source,RAWFILE-161,source_domain/cwru_48khz_normal/N_3.mat,source_domain/cwru_48khz_normal/N_3.mat,source_domain/cwru_48khz_normal/N_3.mat,source_48khz_normal,X100_DE_time,12000,24000,36000,2.0,3.0,48000,96000,144000,N,known_source,3.0,,,NONE,DE,1725.0,SKF6205_DE
WIN-8f40c0c199e2dbb3056e,source,RAWFILE-161,source_domain/cwru_48khz_normal/N_3.mat,source_domain/cwru_48khz_normal/N_3.mat,source_domain/cwru_48khz_normal/N_3.mat,source_48khz_normal,X100_DE_time,12000,30000,42000,2.5,3.5,48000,120000,168000,N,known_source,3.0,,,NONE,DE,1725.0,SKF6205_DE
WIN-b7d5045ea15bb00f29be,source,RAWFILE-161,source_domain/cwru_48khz_normal/N_3.mat,source_domain/cwru_48khz_normal/N_3.mat,source_domain/cwru_48khz_normal/N_3.mat,source_48khz_normal,X100_DE_time,12000,36000,48000,3.0,4.0,48000,144000,192000,N,known_source,3.0,,,NONE,DE,1725.0,SKF6205_DE
WIN-b2096ed61872a8544781,source,RAWFILE-161,source_domain/cwru_48khz_normal/N_3.mat,source_domain/cwru_48khz_normal/N_3.mat,source_domain/cwru_48khz_normal/N_3.mat,source_48khz_normal,X100_DE_time,12000,42000,54000,3.5,4.5,48000,168000,216000,N,known_source,3.0,,,NONE,DE,1725.0,SKF6205_DE
WIN-a5078da3b8f0a47407a3,source,RAWFILE-161,source_domain/cwru_48khz_normal/N_3.mat,source_domain/cwru_48khz_normal/N_3.mat,source_domain/cwru_48khz_normal/N_3.mat,source_48khz_normal,X100_DE_time,12000,48000,60000,4.0,5.0,48000,192000,240000,N,known_source,3.0,,,NONE,DE,1725.0,SKF6205_DE
WIN-24c4685f42c93d8a615c,source,RAWFILE-161,source_domain/cwru_48khz_normal/N_3.mat,source_domain/cwru_48khz_normal/N_3.mat,source_domain/cwru_48khz_normal/N_3.mat,source_48khz_normal,X100_DE_time,12000,54000,66000,4.5,5.5,48000,216000,264000,N,known_source,3.0,,,NONE,DE,1725.0,SKF6205_DE
WIN-4e9168008e6b27b5d723,source,RAWFILE-161,source_domain/cwru_48khz_normal/N_3.mat,source_domain/cwru_48khz_normal/N_3.mat,source_domain/cwru_48khz_normal/N_3.mat,source_48khz_normal,X100_DE_time,12000,60000,72000,5.0,6.0,48000,240000,288000,N,known_source,3.0,,,NONE,DE,1725.0,SKF6205_DE
WIN-a33729b2941a383413bc,source,RAWFILE-161,source_domain/cwru_48khz_normal/N_3.mat,source_domain/cwru_48khz_normal/N_3.mat,source_domain/cwru_48khz_normal/N_3.mat,source_48khz_normal,X100_DE_time,12000,66000,78000,5.5,6.5,48000,264000,312000,N,known_source,3.0,,,NONE,DE,1725.0,SKF6205_DE
WIN-e1ec0df17de660c289ac,source,RAWFILE-161,source_domain/cwru_48khz_normal/N_3.mat,source_domain/cwru_48khz_normal/N_3.mat,source_domain/cwru_48khz_normal/N_3.mat,source_48khz_normal,X100_DE_time,12000,72000,84000,6.0,7.0,48000,288000,336000,N,known_source,3.0,,,NONE,DE,1725.0,SKF6205_DE
WIN-be62712cf7984f4beba5,source,RAWFILE-161,source_domain/cwru_48khz_normal/N_3.mat,source_domain/cwru_48khz_normal/N_3.mat,source_domain/cwru_48khz_normal/N_3.mat,source_48khz_normal,X100_DE_time,12000,78000,90000,6.5,7.5,48000,312000,360000,N,known_source,3.0,,,NONE,DE,1725.0,SKF6205_DE
WIN-1e84f33a83def8b9b6ed,source,RAWFILE-161,source_domain/cwru_48khz_normal/N_3.mat,source_domain/cwru_48khz_normal/N_3.mat,source_domain/cwru_48khz_normal/N_3.mat,source_48khz_normal,X100_DE_time,12000,84000,96000,7.0,8.0,48000,336000,384000,N,known_source,3.0,,,NONE,DE,1725.0,SKF6205_DE
