case_id,window_id,window_start_s,domain,explained_label,feature,window_score,score_drop_when_occluded
SRC_OR_REP,WIN-b6b2759f8352f91385c6,0.0,source,OR,mean,1.0,0.0
SRC_OR_REP,WIN-b6b2759f8352f91385c6,0.0,source,OR,std,1.0,0.10999999999999999
SRC_OR_REP,WIN-b6b2759f8352f91385c6,0.0,source,OR,rms,1.0,0.10333333333333339
SRC_OR_REP,WIN-b6b2759f8352f91385c6,0.0,source,OR,mean_abs,1.0,0.020000000000000018
SRC_OR_REP,WIN-b6b2759f8352f91385c6,0.0,source,OR,peak_abs,1.0,0.01666666666666672
SRC_OR_REP,WIN-b6b2759f8352f91385c6,0.0,source,OR,peak_to_peak,1.0,0.033333333333333326
SRC_OR_REP,WIN-b6b2759f8352f91385c6,0.0,source,OR,skewness,1.0,0.0
SRC_OR_REP,WIN-b6b2759f8352f91385c6,0.0,source,OR,kurtosis,1.0,0.013333333333333308
SRC_OR_REP,WIN-b6b2759f8352f91385c6,0.0,source,OR,crest_factor,1.0,0.026666666666666616
SRC_OR_REP,WIN-b6b2759f8352f91385c6,0.0,source,OR,impulse_factor,1.0,0.06333333333333335
SRC_OR_REP,WIN-b6b2759f8352f91385c6,0.0,source,OR,shape_factor,1.0,0.030000000000000027
SRC_OR_REP,WIN-b6b2759f8352f91385c6,0.0,source,OR,clearance_factor,1.0,0.08933333333333338
SRC_OR_REP,WIN-b6b2759f8352f91385c6,0.0,source,OR,zero_cross_rate,1.0,0.0
SRC_OR_REP,WIN-b6b2759f8352f91385c6,0.0,source,OR,spectral_centroid_hz,1.0,0.0
SRC_OR_REP,WIN-b6b2759f8352f91385c6,0.0,source,OR,spectral_rms_hz,1.0,0.0
SRC_OR_REP,WIN-b6b2759f8352f91385c6,0.0,source,OR,spectral_entropy,1.0,0.0
SRC_OR_REP,WIN-b6b2759f8352f91385c6,0.0,source,OR,spectral_flatness,1.0,0.030000000000000027
SRC_OR_REP,WIN-b6b2759f8352f91385c6,0.0,source,OR,dominant_frequency_hz,1.0,0.0
SRC_OR_REP,WIN-b6b2759f8352f91385c6,0.0,source,OR,rolloff95_hz,1.0,0.2433333333333333
SRC_OR_REP,WIN-b6b2759f8352f91385c6,0.0,source,OR,band_ratio_0_500,1.0,0.09333333333333338
SRC_OR_REP,WIN-b6b2759f8352f91385c6,0.0,source,OR,band_ratio_500_1500,1.0,0.0033333333333332993
SRC_OR_REP,WIN-b6b2759f8352f91385c6,0.0,source,OR,band_ratio_1500_3000,1.0,0.010000000000000009
SRC_OR_REP,WIN-b6b2759f8352f91385c6,0.0,source,OR,band_ratio_3000_5500,1.0,0.023333333333333317
SRC_OR_REP,WIN-b6b2759f8352f91385c6,0.0,source,OR,envelope_rms,1.0,0.13
SRC_OR_REP,WIN-b6b2759f8352f91385c6,0.0,source,OR,envelope_kurtosis,1.0,0.06611111111111123
SRC_OR_REP,WIN-b6b2759f8352f91385c6,0.0,source,OR,envelope_spectral_entropy,1.0,0.19333333333333336
SRC_OR_REP,WIN-9229e6a5f10d3103b3a0,0.5,source,OR,mean,1.0,0.0
SRC_OR_REP,WIN-9229e6a5f10d3103b3a0,0.5,source,OR,std,1.0,0.1166666666666667
SRC_OR_REP,WIN-9229e6a5f10d3103b3a0,0.5,source,OR,rms,1.0,0.09666666666666668
SRC_OR_REP,WIN-9229e6a5f10d3103b3a0,0.5,source,OR,mean_abs,1.0,0.026666666666666616
SRC_OR_REP,WIN-9229e6a5f10d3103b3a0,0.5,source,OR,peak_abs,1.0,0.01666666666666672
SRC_OR_REP,WIN-9229e6a5f10d3103b3a0,0.5,source,OR,peak_to_peak,1.0,0.030000000000000027
SRC_OR_REP,WIN-9229e6a5f10d3103b3a0,0.5,source,OR,skewness,1.0,0.0
SRC_OR_REP,WIN-9229e6a5f10d3103b3a0,0.5,source,OR,kurtosis,1.0,0.013333333333333308
SRC_OR_REP,WIN-9229e6a5f10d3103b3a0,0.5,source,OR,crest_factor,1.0,0.0332635253054101
SRC_OR_REP,WIN-9229e6a5f10d3103b3a0,0.5,source,OR,impulse_factor,1.0,0.06999999999999995
SRC_OR_REP,WIN-9229e6a5f10d3103b3a0,0.5,source,OR,shape_factor,1.0,0.030000000000000027
SRC_OR_REP,WIN-9229e6a5f10d3103b3a0,0.5,source,OR,clearance_factor,1.0,0.09933333333333338
SRC_OR_REP,WIN-9229e6a5f10d3103b3a0,0.5,source,OR,zero_cross_rate,1.0,0.0
SRC_OR_REP,WIN-9229e6a5f10d3103b3a0,0.5,source,OR,spectral_centroid_hz,1.0,0.0
SRC_OR_REP,WIN-9229e6a5f10d3103b3a0,0.5,source,OR,spectral_rms_hz,1.0,0.0
SRC_OR_REP,WIN-9229e6a5f10d3103b3a0,0.5,source,OR,spectral_entropy,1.0,0.0
SRC_OR_REP,WIN-9229e6a5f10d3103b3a0,0.5,source,OR,spectral_flatness,1.0,0.033333333333333326
SRC_OR_REP,WIN-9229e6a5f10d3103b3a0,0.5,source,OR,dominant_frequency_hz,1.0,0.0
SRC_OR_REP,WIN-9229e6a5f10d3103b3a0,0.5,source,OR,rolloff95_hz,1.0,0.25
SRC_OR_REP,WIN-9229e6a5f10d3103b3a0,0.5,source,OR,band_ratio_0_500,1.0,0.10333333333333339
SRC_OR_REP,WIN-9229e6a5f10d3103b3a0,0.5,source,OR,band_ratio_500_1500,1.0,0.0033333333333332993
SRC_OR_REP,WIN-9229e6a5f10d3103b3a0,0.5,source,OR,band_ratio_1500_3000,1.0,0.00666666666666671
SRC_OR_REP,WIN-9229e6a5f10d3103b3a0,0.5,source,OR,band_ratio_3000_5500,1.0,0.020000000000000018
SRC_OR_REP,WIN-9229e6a5f10d3103b3a0,0.5,source,OR,envelope_rms,1.0,0.1333333333333333
SRC_OR_REP,WIN-9229e6a5f10d3103b3a0,0.5,source,OR,envelope_kurtosis,1.0,0.07194444444444459
SRC_OR_REP,WIN-9229e6a5f10d3103b3a0,0.5,source,OR,envelope_spectral_entropy,1.0,0.20666666666666667
SRC_OR_REP,WIN-ff675681894bc84fb826,1.0,source,OR,mean,1.0,0.0
SRC_OR_REP,WIN-ff675681894bc84fb826,1.0,source,OR,std,1.0,0.10333333333333339
SRC_OR_REP,WIN-ff675681894bc84fb826,1.0,source,OR,rms,1.0,0.09571428571428575
SRC_OR_REP,WIN-ff675681894bc84fb826,1.0,source,OR,mean_abs,1.0,0.020000000000000018
SRC_OR_REP,WIN-ff675681894bc84fb826,1.0,source,OR,peak_abs,1.0,0.020000000000000018
SRC_OR_REP,WIN-ff675681894bc84fb826,1.0,source,OR,peak_to_peak,1.0,0.0311111111111112
SRC_OR_REP,WIN-ff675681894bc84fb826,1.0,source,OR,skewness,1.0,0.0
SRC_OR_REP,WIN-ff675681894bc84fb826,1.0,source,OR,kurtosis,1.0,0.01666666666666672
SRC_OR_REP,WIN-ff675681894bc84fb826,1.0,source,OR,crest_factor,1.0,0.026666666666666616
SRC_OR_REP,WIN-ff675681894bc84fb826,1.0,source,OR,impulse_factor,1.0,0.05794871794871781
SRC_OR_REP,WIN-ff675681894bc84fb826,1.0,source,OR,shape_factor,1.0,0.032777777777777684
SRC_OR_REP,WIN-ff675681894bc84fb826,1.0,source,OR,clearance_factor,1.0,0.09266666666666667
SRC_OR_REP,WIN-ff675681894bc84fb826,1.0,source,OR,zero_cross_rate,1.0,0.0
SRC_OR_REP,WIN-ff675681894bc84fb826,1.0,source,OR,spectral_centroid_hz,1.0,0.0
SRC_OR_REP,WIN-ff675681894bc84fb826,1.0,source,OR,spectral_rms_hz,1.0,0.0
SRC_OR_REP,WIN-ff675681894bc84fb826,1.0,source,OR,spectral_entropy,1.0,0.0
SRC_OR_REP,WIN-ff675681894bc84fb826,1.0,source,OR,spectral_flatness,1.0,0.023333333333333317
SRC_OR_REP,WIN-ff675681894bc84fb826,1.0,source,OR,dominant_frequency_hz,1.0,0.0
SRC_OR_REP,WIN-ff675681894bc84fb826,1.0,source,OR,rolloff95_hz,1.0,0.24
SRC_OR_REP,WIN-ff675681894bc84fb826,1.0,source,OR,band_ratio_0_500,1.0,0.07333333333333336
SRC_OR_REP,WIN-ff675681894bc84fb826,1.0,source,OR,band_ratio_500_1500,1.0,0.0033333333333332993
SRC_OR_REP,WIN-ff675681894bc84fb826,1.0,source,OR,band_ratio_1500_3000,1.0,0.010000000000000009
SRC_OR_REP,WIN-ff675681894bc84fb826,1.0,source,OR,band_ratio_3000_5500,1.0,0.023333333333333317
SRC_OR_REP,WIN-ff675681894bc84fb826,1.0,source,OR,envelope_rms,1.0,0.12
SRC_OR_REP,WIN-ff675681894bc84fb826,1.0,source,OR,envelope_kurtosis,1.0,0.06459595959595954
SRC_OR_REP,WIN-ff675681894bc84fb826,1.0,source,OR,envelope_spectral_entropy,1.0,0.18333333333333335
SRC_OR_REP,WIN-aa46db7a66608312e249,1.5,source,OR,mean,1.0,0.0
SRC_OR_REP,WIN-aa46db7a66608312e249,1.5,source,OR,std,1.0,0.10333333333333339
SRC_OR_REP,WIN-aa46db7a66608312e249,1.5,source,OR,rms,1.0,0.09571428571428575
SRC_OR_REP,WIN-aa46db7a66608312e249,1.5,source,OR,mean_abs,1.0,0.01666666666666672
SRC_OR_REP,WIN-aa46db7a66608312e249,1.5,source,OR,peak_abs,1.0,0.03428571428571425
SRC_OR_REP,WIN-aa46db7a66608312e249,1.5,source,OR,peak_to_peak,1.0,0.03777777777777791
SRC_OR_REP,WIN-aa46db7a66608312e249,1.5,source,OR,skewness,1.0,0.0
SRC_OR_REP,WIN-aa46db7a66608312e249,1.5,source,OR,kurtosis,1.0,0.01666666666666672
SRC_OR_REP,WIN-aa46db7a66608312e249,1.5,source,OR,crest_factor,1.0,0.026666666666666616
SRC_OR_REP,WIN-aa46db7a66608312e249,1.5,source,OR,impulse_factor,1.0,0.06333333333333335
SRC_OR_REP,WIN-aa46db7a66608312e249,1.5,source,OR,shape_factor,1.0,0.036111111111111094
SRC_OR_REP,WIN-aa46db7a66608312e249,1.5,source,OR,clearance_factor,1.0,0.09600000000000009
SRC_OR_REP,WIN-aa46db7a66608312e249,1.5,source,OR,zero_cross_rate,1.0,0.0
SRC_OR_REP,WIN-aa46db7a66608312e249,1.5,source,OR,spectral_centroid_hz,1.0,0.0
SRC_OR_REP,WIN-aa46db7a66608312e249,1.5,source,OR,spectral_rms_hz,1.0,0.0
SRC_OR_REP,WIN-aa46db7a66608312e249,1.5,source,OR,spectral_entropy,1.0,0.0
SRC_OR_REP,WIN-aa46db7a66608312e249,1.5,source,OR,spectral_flatness,1.0,0.023333333333333317
SRC_OR_REP,WIN-aa46db7a66608312e249,1.5,source,OR,dominant_frequency_hz,1.0,0.0
SRC_OR_REP,WIN-aa46db7a66608312e249,1.5,source,OR,rolloff95_hz,1.0,0.23333333333333328
SRC_OR_REP,WIN-aa46db7a66608312e249,1.5,source,OR,band_ratio_0_500,1.0,0.08666666666666667
SRC_OR_REP,WIN-aa46db7a66608312e249,1.5,source,OR,band_ratio_500_1500,1.0,0.0033333333333332993
SRC_OR_REP,WIN-aa46db7a66608312e249,1.5,source,OR,band_ratio_1500_3000,1.0,0.010000000000000009
SRC_OR_REP,WIN-aa46db7a66608312e249,1.5,source,OR,band_ratio_3000_5500,1.0,0.020000000000000018
SRC_OR_REP,WIN-aa46db7a66608312e249,1.5,source,OR,envelope_rms,1.0,0.1233333333333333
SRC_OR_REP,WIN-aa46db7a66608312e249,1.5,source,OR,envelope_kurtosis,1.0,0.07459595959595955
SRC_OR_REP,WIN-aa46db7a66608312e249,1.5,source,OR,envelope_spectral_entropy,1.0,0.18666666666666665
SRC_OR_REP,WIN-379f90e88480a639fdbd,2.0,source,OR,mean,0.9966666666666667,0.0
SRC_OR_REP,WIN-379f90e88480a639fdbd,2.0,source,OR,std,0.9966666666666667,0.10999999999999999
SRC_OR_REP,WIN-379f90e88480a639fdbd,2.0,source,OR,rms,0.9966666666666667,0.09571428571428575
SRC_OR_REP,WIN-379f90e88480a639fdbd,2.0,source,OR,mean_abs,0.9966666666666667,0.01666666666666672
SRC_OR_REP,WIN-379f90e88480a639fdbd,2.0,source,OR,peak_abs,0.9966666666666667,0.030952380952380953
SRC_OR_REP,WIN-379f90e88480a639fdbd,2.0,source,OR,peak_to_peak,0.9966666666666667,0.03777777777777791
SRC_OR_REP,WIN-379f90e88480a639fdbd,2.0,source,OR,skewness,0.9966666666666667,0.0
SRC_OR_REP,WIN-379f90e88480a639fdbd,2.0,source,OR,kurtosis,0.9966666666666667,0.01666666666666672
SRC_OR_REP,WIN-379f90e88480a639fdbd,2.0,source,OR,crest_factor,0.9966666666666667,0.026666666666666727
SRC_OR_REP,WIN-379f90e88480a639fdbd,2.0,source,OR,impulse_factor,0.9966666666666667,0.06666666666666665
SRC_OR_REP,WIN-379f90e88480a639fdbd,2.0,source,OR,shape_factor,0.9966666666666667,0.04166666666666674
SRC_OR_REP,WIN-379f90e88480a639fdbd,2.0,source,OR,clearance_factor,0.9966666666666667,0.08933333333333338
SRC_OR_REP,WIN-379f90e88480a639fdbd,2.0,source,OR,zero_cross_rate,0.9966666666666667,0.0
SRC_OR_REP,WIN-379f90e88480a639fdbd,2.0,source,OR,spectral_centroid_hz,0.9966666666666667,0.0
SRC_OR_REP,WIN-379f90e88480a639fdbd,2.0,source,OR,spectral_rms_hz,0.9966666666666667,0.0
SRC_OR_REP,WIN-379f90e88480a639fdbd,2.0,source,OR,spectral_entropy,0.9966666666666667,0.0
SRC_OR_REP,WIN-379f90e88480a639fdbd,2.0,source,OR,spectral_flatness,0.9966666666666667,0.023333333333333317
SRC_OR_REP,WIN-379f90e88480a639fdbd,2.0,source,OR,dominant_frequency_hz,0.9966666666666667,0.0
SRC_OR_REP,WIN-379f90e88480a639fdbd,2.0,source,OR,rolloff95_hz,0.9966666666666667,0.22999999999999998
SRC_OR_REP,WIN-379f90e88480a639fdbd,2.0,source,OR,band_ratio_0_500,0.9966666666666667,0.09000000000000008
SRC_OR_REP,WIN-379f90e88480a639fdbd,2.0,source,OR,band_ratio_500_1500,0.9966666666666667,0.0033333333333334103
SRC_OR_REP,WIN-379f90e88480a639fdbd,2.0,source,OR,band_ratio_1500_3000,0.9966666666666667,0.010000000000000009
SRC_OR_REP,WIN-379f90e88480a639fdbd,2.0,source,OR,band_ratio_3000_5500,0.9966666666666667,0.020000000000000018
SRC_OR_REP,WIN-379f90e88480a639fdbd,2.0,source,OR,envelope_rms,0.9966666666666667,0.1233333333333334
SRC_OR_REP,WIN-379f90e88480a639fdbd,2.0,source,OR,envelope_kurtosis,0.9966666666666667,0.06792929292929295
SRC_OR_REP,WIN-379f90e88480a639fdbd,2.0,source,OR,envelope_spectral_entropy,0.9966666666666667,0.19000000000000006
SRC_OR_REP,WIN-339a9add6d74c0b99029,2.5,source,OR,mean,1.0,0.0
SRC_OR_REP,WIN-339a9add6d74c0b99029,2.5,source,OR,std,1.0,0.10999999999999999
SRC_OR_REP,WIN-339a9add6d74c0b99029,2.5,source,OR,rms,1.0,0.09571428571428575
SRC_OR_REP,WIN-339a9add6d74c0b99029,2.5,source,OR,mean_abs,1.0,0.01666666666666672
SRC_OR_REP,WIN-339a9add6d74c0b99029,2.5,source,OR,peak_abs,1.0,0.030952380952380953
SRC_OR_REP,WIN-339a9add6d74c0b99029,2.5,source,OR,peak_to_peak,1.0,0.04111111111111121
SRC_OR_REP,WIN-339a9add6d74c0b99029,2.5,source,OR,skewness,1.0,0.0
SRC_OR_REP,WIN-339a9add6d74c0b99029,2.5,source,OR,kurtosis,1.0,0.01666666666666672
SRC_OR_REP,WIN-339a9add6d74c0b99029,2.5,source,OR,crest_factor,1.0,0.026666666666666616
SRC_OR_REP,WIN-339a9add6d74c0b99029,2.5,source,OR,impulse_factor,1.0,0.06666666666666665
SRC_OR_REP,WIN-339a9add6d74c0b99029,2.5,source,OR,shape_factor,1.0,0.03833333333333333
SRC_OR_REP,WIN-339a9add6d74c0b99029,2.5,source,OR,clearance_factor,1.0,0.09266666666666667
SRC_OR_REP,WIN-339a9add6d74c0b99029,2.5,source,OR,zero_cross_rate,1.0,0.0
SRC_OR_REP,WIN-339a9add6d74c0b99029,2.5,source,OR,spectral_centroid_hz,1.0,0.0
SRC_OR_REP,WIN-339a9add6d74c0b99029,2.5,source,OR,spectral_rms_hz,1.0,0.0
SRC_OR_REP,WIN-339a9add6d74c0b99029,2.5,source,OR,spectral_entropy,1.0,0.0
SRC_OR_REP,WIN-339a9add6d74c0b99029,2.5,source,OR,spectral_flatness,1.0,0.023333333333333317
SRC_OR_REP,WIN-339a9add6d74c0b99029,2.5,source,OR,dominant_frequency_hz,1.0,0.0
SRC_OR_REP,WIN-339a9add6d74c0b99029,2.5,source,OR,rolloff95_hz,1.0,0.23333333333333328
SRC_OR_REP,WIN-339a9add6d74c0b99029,2.5,source,OR,band_ratio_0_500,1.0,0.08999999999999997
SRC_OR_REP,WIN-339a9add6d74c0b99029,2.5,source,OR,band_ratio_500_1500,1.0,0.0033333333333332993
SRC_OR_REP,WIN-339a9add6d74c0b99029,2.5,source,OR,band_ratio_1500_3000,1.0,0.010000000000000009
SRC_OR_REP,WIN-339a9add6d74c0b99029,2.5,source,OR,band_ratio_3000_5500,1.0,0.020000000000000018
SRC_OR_REP,WIN-339a9add6d74c0b99029,2.5,source,OR,envelope_rms,1.0,0.1233333333333333
SRC_OR_REP,WIN-339a9add6d74c0b99029,2.5,source,OR,envelope_kurtosis,1.0,0.07126262626262625
SRC_OR_REP,WIN-339a9add6d74c0b99029,2.5,source,OR,envelope_spectral_entropy,1.0,0.18999999999999995
SRC_OR_REP,WIN-b9eea8e72338bc41f2b0,3.0,source,OR,mean,0.9933333333333333,0.0
SRC_OR_REP,WIN-b9eea8e72338bc41f2b0,3.0,source,OR,std,0.9933333333333333,0.12
SRC_OR_REP,WIN-b9eea8e72338bc41f2b0,3.0,source,OR,rms,0.9933333333333333,0.09666666666666668
SRC_OR_REP,WIN-b9eea8e72338bc41f2b0,3.0,source,OR,mean_abs,0.9933333333333333,0.026666666666666616
SRC_OR_REP,WIN-b9eea8e72338bc41f2b0,3.0,source,OR,peak_abs,0.9933333333333333,0.016666666666666607
SRC_OR_REP,WIN-b9eea8e72338bc41f2b0,3.0,source,OR,peak_to_peak,0.9933333333333333,0.033333333333333326
SRC_OR_REP,WIN-b9eea8e72338bc41f2b0,3.0,source,OR,skewness,0.9933333333333333,0.0
SRC_OR_REP,WIN-b9eea8e72338bc41f2b0,3.0,source,OR,kurtosis,0.9933333333333333,0.013333333333333308
SRC_OR_REP,WIN-b9eea8e72338bc41f2b0,3.0,source,OR,crest_factor,0.9933333333333333,0.026666666666666616
SRC_OR_REP,WIN-b9eea8e72338bc41f2b0,3.0,source,OR,impulse_factor,0.9933333333333333,0.05666666666666664
SRC_OR_REP,WIN-b9eea8e72338bc41f2b0,3.0,source,OR,shape_factor,0.9933333333333333,0.029999999999999916
SRC_OR_REP,WIN-b9eea8e72338bc41f2b0,3.0,source,OR,clearance_factor,0.9933333333333333,0.08599999999999997
SRC_OR_REP,WIN-b9eea8e72338bc41f2b0,3.0,source,OR,zero_cross_rate,0.9933333333333333,0.0
SRC_OR_REP,WIN-b9eea8e72338bc41f2b0,3.0,source,OR,spectral_centroid_hz,0.9933333333333333,0.0
SRC_OR_REP,WIN-b9eea8e72338bc41f2b0,3.0,source,OR,spectral_rms_hz,0.9933333333333333,0.0
SRC_OR_REP,WIN-b9eea8e72338bc41f2b0,3.0,source,OR,spectral_entropy,0.9933333333333333,0.0
SRC_OR_REP,WIN-b9eea8e72338bc41f2b0,3.0,source,OR,spectral_flatness,0.9933333333333333,0.029999999999999916
SRC_OR_REP,WIN-b9eea8e72338bc41f2b0,3.0,source,OR,dominant_frequency_hz,0.9933333333333333,0.0
SRC_OR_REP,WIN-b9eea8e72338bc41f2b0,3.0,source,OR,rolloff95_hz,0.9933333333333333,0.2433333333333333
SRC_OR_REP,WIN-b9eea8e72338bc41f2b0,3.0,source,OR,band_ratio_0_500,0.9933333333333333,0.09666666666666668
SRC_OR_REP,WIN-b9eea8e72338bc41f2b0,3.0,source,OR,band_ratio_500_1500,0.9933333333333333,0.0033333333333332993
SRC_OR_REP,WIN-b9eea8e72338bc41f2b0,3.0,source,OR,band_ratio_1500_3000,0.9933333333333333,0.010000000000000009
SRC_OR_REP,WIN-b9eea8e72338bc41f2b0,3.0,source,OR,band_ratio_3000_5500,0.9933333333333333,0.019999999999999907
SRC_OR_REP,WIN-b9eea8e72338bc41f2b0,3.0,source,OR,envelope_rms,0.9933333333333333,0.1233333333333333
SRC_OR_REP,WIN-b9eea8e72338bc41f2b0,3.0,source,OR,envelope_kurtosis,0.9933333333333333,0.06944444444444453
SRC_OR_REP,WIN-b9eea8e72338bc41f2b0,3.0,source,OR,envelope_spectral_entropy,0.9933333333333333,0.18999999999999995
SRC_OR_REP,WIN-dfcba3e61544b077929a,3.5,source,OR,mean,1.0,0.0
SRC_OR_REP,WIN-dfcba3e61544b077929a,3.5,source,OR,std,1.0,0.1166666666666667
SRC_OR_REP,WIN-dfcba3e61544b077929a,3.5,source,OR,rms,1.0,0.09999999999999998
SRC_OR_REP,WIN-dfcba3e61544b077929a,3.5,source,OR,mean_abs,1.0,0.020000000000000018
SRC_OR_REP,WIN-dfcba3e61544b077929a,3.5,source,OR,peak_abs,1.0,0.01666666666666672
SRC_OR_REP,WIN-dfcba3e61544b077929a,3.5,source,OR,peak_to_peak,1.0,0.033333333333333326
SRC_OR_REP,WIN-dfcba3e61544b077929a,3.5,source,OR,skewness,1.0,0.0
SRC_OR_REP,WIN-dfcba3e61544b077929a,3.5,source,OR,kurtosis,1.0,0.013333333333333308
SRC_OR_REP,WIN-dfcba3e61544b077929a,3.5,source,OR,crest_factor,1.0,0.026666666666666616
SRC_OR_REP,WIN-dfcba3e61544b077929a,3.5,source,OR,impulse_factor,1.0,0.06333333333333335
SRC_OR_REP,WIN-dfcba3e61544b077929a,3.5,source,OR,shape_factor,1.0,0.030000000000000027
SRC_OR_REP,WIN-dfcba3e61544b077929a,3.5,source,OR,clearance_factor,1.0,0.08933333333333338
SRC_OR_REP,WIN-dfcba3e61544b077929a,3.5,source,OR,zero_cross_rate,1.0,0.0
SRC_OR_REP,WIN-dfcba3e61544b077929a,3.5,source,OR,spectral_centroid_hz,1.0,0.0
SRC_OR_REP,WIN-dfcba3e61544b077929a,3.5,source,OR,spectral_rms_hz,1.0,0.0
SRC_OR_REP,WIN-dfcba3e61544b077929a,3.5,source,OR,spectral_entropy,1.0,0.0
SRC_OR_REP,WIN-dfcba3e61544b077929a,3.5,source,OR,spectral_flatness,1.0,0.030000000000000027
SRC_OR_REP,WIN-dfcba3e61544b077929a,3.5,source,OR,dominant_frequency_hz,1.0,0.0
SRC_OR_REP,WIN-dfcba3e61544b077929a,3.5,source,OR,rolloff95_hz,1.0,0.2466666666666667
SRC_OR_REP,WIN-dfcba3e61544b077929a,3.5,source,OR,band_ratio_0_500,1.0,0.09333333333333338
SRC_OR_REP,WIN-dfcba3e61544b077929a,3.5,source,OR,band_ratio_500_1500,1.0,0.0033333333333332993
SRC_OR_REP,WIN-dfcba3e61544b077929a,3.5,source,OR,band_ratio_1500_3000,1.0,0.00666666666666671
SRC_OR_REP,WIN-dfcba3e61544b077929a,3.5,source,OR,band_ratio_3000_5500,1.0,0.020000000000000018
SRC_OR_REP,WIN-dfcba3e61544b077929a,3.5,source,OR,envelope_rms,1.0,0.1266666666666667
SRC_OR_REP,WIN-dfcba3e61544b077929a,3.5,source,OR,envelope_kurtosis,1.0,0.06611111111111123
SRC_OR_REP,WIN-dfcba3e61544b077929a,3.5,source,OR,envelope_spectral_entropy,1.0,0.19999999999999996
SRC_OR_REP,WIN-a8cfe540110d3943574d,4.0,source,OR,mean,0.9933333333333333,0.0
SRC_OR_REP,WIN-a8cfe540110d3943574d,4.0,source,OR,std,0.9933333333333333,0.11666666666666659
SRC_OR_REP,WIN-a8cfe540110d3943574d,4.0,source,OR,rms,0.9933333333333333,0.10333333333333328
SRC_OR_REP,WIN-a8cfe540110d3943574d,4.0,source,OR,mean_abs,0.9933333333333333,0.033333333333333326
SRC_OR_REP,WIN-a8cfe540110d3943574d,4.0,source,OR,peak_abs,0.9933333333333333,0.016666666666666607
SRC_OR_REP,WIN-a8cfe540110d3943574d,4.0,source,OR,peak_to_peak,0.9933333333333333,0.03600000000000003
SRC_OR_REP,WIN-a8cfe540110d3943574d,4.0,source,OR,skewness,0.9933333333333333,0.0
SRC_OR_REP,WIN-a8cfe540110d3943574d,4.0,source,OR,kurtosis,0.9933333333333333,0.016666666666666607
SRC_OR_REP,WIN-a8cfe540110d3943574d,4.0,source,OR,crest_factor,0.9933333333333333,0.029930191972076692
SRC_OR_REP,WIN-a8cfe540110d3943574d,4.0,source,OR,impulse_factor,0.9933333333333333,0.06333333333333324
SRC_OR_REP,WIN-a8cfe540110d3943574d,4.0,source,OR,shape_factor,0.9933333333333333,0.029999999999999916
SRC_OR_REP,WIN-a8cfe540110d3943574d,4.0,source,OR,clearance_factor,0.9933333333333333,0.08933333333333338
SRC_OR_REP,WIN-a8cfe540110d3943574d,4.0,source,OR,zero_cross_rate,0.9933333333333333,0.0
SRC_OR_REP,WIN-a8cfe540110d3943574d,4.0,source,OR,spectral_centroid_hz,0.9933333333333333,0.0
SRC_OR_REP,WIN-a8cfe540110d3943574d,4.0,source,OR,spectral_rms_hz,0.9933333333333333,0.0
SRC_OR_REP,WIN-a8cfe540110d3943574d,4.0,source,OR,spectral_entropy,0.9933333333333333,0.0
SRC_OR_REP,WIN-a8cfe540110d3943574d,4.0,source,OR,spectral_flatness,0.9933333333333333,0.036666666666666625
SRC_OR_REP,WIN-a8cfe540110d3943574d,4.0,source,OR,dominant_frequency_hz,0.9933333333333333,0.0
SRC_OR_REP,WIN-a8cfe540110d3943574d,4.0,source,OR,rolloff95_hz,0.9933333333333333,0.25
SRC_OR_REP,WIN-a8cfe540110d3943574d,4.0,source,OR,band_ratio_0_500,0.9933333333333333,0.10333333333333328
SRC_OR_REP,WIN-a8cfe540110d3943574d,4.0,source,OR,band_ratio_500_1500,0.9933333333333333,0.0033333333333332993
SRC_OR_REP,WIN-a8cfe540110d3943574d,4.0,source,OR,band_ratio_1500_3000,0.9933333333333333,0.0033333333333332993
SRC_OR_REP,WIN-a8cfe540110d3943574d,4.0,source,OR,band_ratio_3000_5500,0.9933333333333333,0.019999999999999907
SRC_OR_REP,WIN-a8cfe540110d3943574d,4.0,source,OR,envelope_rms,0.9933333333333333,0.13
SRC_OR_REP,WIN-a8cfe540110d3943574d,4.0,source,OR,envelope_kurtosis,0.9933333333333333,0.07856864826610055
SRC_OR_REP,WIN-a8cfe540110d3943574d,4.0,source,OR,envelope_spectral_entropy,0.9933333333333333,0.20999999999999996
SRC_OR_REP,WIN-c58af995928a333482a0,4.5,source,OR,mean,1.0,0.0
SRC_OR_REP,WIN-c58af995928a333482a0,4.5,source,OR,std,1.0,0.11333333333333329
SRC_OR_REP,WIN-c58af995928a333482a0,4.5,source,OR,rms,1.0,0.09999999999999998
SRC_OR_REP,WIN-c58af995928a333482a0,4.5,source,OR,mean_abs,1.0,0.020000000000000018
SRC_OR_REP,WIN-c58af995928a333482a0,4.5,source,OR,peak_abs,1.0,0.01666666666666672
SRC_OR_REP,WIN-c58af995928a333482a0,4.5,source,OR,peak_to_peak,1.0,0.030000000000000027
SRC_OR_REP,WIN-c58af995928a333482a0,4.5,source,OR,skewness,1.0,0.0
SRC_OR_REP,WIN-c58af995928a333482a0,4.5,source,OR,kurtosis,1.0,0.013333333333333308
SRC_OR_REP,WIN-c58af995928a333482a0,4.5,source,OR,crest_factor,1.0,0.026666666666666616
SRC_OR_REP,WIN-c58af995928a333482a0,4.5,source,OR,impulse_factor,1.0,0.06333333333333335
SRC_OR_REP,WIN-c58af995928a333482a0,4.5,source,OR,shape_factor,1.0,0.030000000000000027
SRC_OR_REP,WIN-c58af995928a333482a0,4.5,source,OR,clearance_factor,1.0,0.08266666666666667
SRC_OR_REP,WIN-c58af995928a333482a0,4.5,source,OR,zero_cross_rate,1.0,0.0
SRC_OR_REP,WIN-c58af995928a333482a0,4.5,source,OR,spectral_centroid_hz,1.0,0.0
SRC_OR_REP,WIN-c58af995928a333482a0,4.5,source,OR,spectral_rms_hz,1.0,0.0
SRC_OR_REP,WIN-c58af995928a333482a0,4.5,source,OR,spectral_entropy,1.0,0.0
SRC_OR_REP,WIN-c58af995928a333482a0,4.5,source,OR,spectral_flatness,1.0,0.030000000000000027
SRC_OR_REP,WIN-c58af995928a333482a0,4.5,source,OR,dominant_frequency_hz,1.0,0.0
SRC_OR_REP,WIN-c58af995928a333482a0,4.5,source,OR,rolloff95_hz,1.0,0.2433333333333333
SRC_OR_REP,WIN-c58af995928a333482a0,4.5,source,OR,band_ratio_0_500,1.0,0.08999999999999997
SRC_OR_REP,WIN-c58af995928a333482a0,4.5,source,OR,band_ratio_500_1500,1.0,0.0033333333333332993
SRC_OR_REP,WIN-c58af995928a333482a0,4.5,source,OR,band_ratio_1500_3000,1.0,0.00666666666666671
SRC_OR_REP,WIN-c58af995928a333482a0,4.5,source,OR,band_ratio_3000_5500,1.0,0.020000000000000018
SRC_OR_REP,WIN-c58af995928a333482a0,4.5,source,OR,envelope_rms,1.0,0.1266666666666667
SRC_OR_REP,WIN-c58af995928a333482a0,4.5,source,OR,envelope_kurtosis,1.0,0.06611111111111123
SRC_OR_REP,WIN-c58af995928a333482a0,4.5,source,OR,envelope_spectral_entropy,1.0,0.19333333333333336
SRC_OR_REP,WIN-b1bba7d08a3993e6a2af,5.0,source,OR,mean,0.9833333333333333,0.0
SRC_OR_REP,WIN-b1bba7d08a3993e6a2af,5.0,source,OR,std,0.9833333333333333,0.12
SRC_OR_REP,WIN-b1bba7d08a3993e6a2af,5.0,source,OR,rms,0.9833333333333333,0.09666666666666657
SRC_OR_REP,WIN-b1bba7d08a3993e6a2af,5.0,source,OR,mean_abs,0.9833333333333333,0.026666666666666616
SRC_OR_REP,WIN-b1bba7d08a3993e6a2af,5.0,source,OR,peak_abs,0.9833333333333333,0.016666666666666607
SRC_OR_REP,WIN-b1bba7d08a3993e6a2af,5.0,source,OR,peak_to_peak,0.9833333333333333,0.033333333333333326
SRC_OR_REP,WIN-b1bba7d08a3993e6a2af,5.0,source,OR,skewness,0.9833333333333333,0.0
SRC_OR_REP,WIN-b1bba7d08a3993e6a2af,5.0,source,OR,kurtosis,0.9833333333333333,0.013333333333333308
SRC_OR_REP,WIN-b1bba7d08a3993e6a2af,5.0,source,OR,crest_factor,0.9833333333333333,0.0399301919720767
SRC_OR_REP,WIN-b1bba7d08a3993e6a2af,5.0,source,OR,impulse_factor,0.9833333333333333,0.05666666666666664
SRC_OR_REP,WIN-b1bba7d08a3993e6a2af,5.0,source,OR,shape_factor,0.9833333333333333,0.029999999999999916
SRC_OR_REP,WIN-b1bba7d08a3993e6a2af,5.0,source,OR,clearance_factor,0.9833333333333333,0.08933333333333326
SRC_OR_REP,WIN-b1bba7d08a3993e6a2af,5.0,source,OR,zero_cross_rate,0.9833333333333333,-0.01333333333333342
SRC_OR_REP,WIN-b1bba7d08a3993e6a2af,5.0,source,OR,spectral_centroid_hz,0.9833333333333333,0.0
SRC_OR_REP,WIN-b1bba7d08a3993e6a2af,5.0,source,OR,spectral_rms_hz,0.9833333333333333,0.0
SRC_OR_REP,WIN-b1bba7d08a3993e6a2af,5.0,source,OR,spectral_entropy,0.9833333333333333,0.0
SRC_OR_REP,WIN-b1bba7d08a3993e6a2af,5.0,source,OR,spectral_flatness,0.9833333333333333,0.033333333333333326
SRC_OR_REP,WIN-b1bba7d08a3993e6a2af,5.0,source,OR,dominant_frequency_hz,0.9833333333333333,0.0033333333333332993
SRC_OR_REP,WIN-b1bba7d08a3993e6a2af,5.0,source,OR,rolloff95_hz,0.9833333333333333,0.24
SRC_OR_REP,WIN-b1bba7d08a3993e6a2af,5.0,source,OR,band_ratio_0_500,0.9833333333333333,0.08999999999999997
SRC_OR_REP,WIN-b1bba7d08a3993e6a2af,5.0,source,OR,band_ratio_500_1500,0.9833333333333333,0.0033333333333332993
SRC_OR_REP,WIN-b1bba7d08a3993e6a2af,5.0,source,OR,band_ratio_1500_3000,0.9833333333333333,0.009999999999999898
SRC_OR_REP,WIN-b1bba7d08a3993e6a2af,5.0,source,OR,band_ratio_3000_5500,0.9833333333333333,0.019999999999999907
SRC_OR_REP,WIN-b1bba7d08a3993e6a2af,5.0,source,OR,envelope_rms,0.9833333333333333,0.1266666666666666
SRC_OR_REP,WIN-b1bba7d08a3993e6a2af,5.0,source,OR,envelope_kurtosis,0.9833333333333333,0.07194444444444448
SRC_OR_REP,WIN-b1bba7d08a3993e6a2af,5.0,source,OR,envelope_spectral_entropy,0.9833333333333333,0.20333333333333325
SRC_OR_REP,WIN-4241aeffaee17b9a0e3d,5.5,source,OR,mean,0.99,0.0
SRC_OR_REP,WIN-4241aeffaee17b9a0e3d,5.5,source,OR,std,0.99,0.10999999999999999
SRC_OR_REP,WIN-4241aeffaee17b9a0e3d,5.5,source,OR,rms,0.99,0.09666666666666668
SRC_OR_REP,WIN-4241aeffaee17b9a0e3d,5.5,source,OR,mean_abs,0.99,0.020000000000000018
SRC_OR_REP,WIN-4241aeffaee17b9a0e3d,5.5,source,OR,peak_abs,0.99,0.016666666666666607
SRC_OR_REP,WIN-4241aeffaee17b9a0e3d,5.5,source,OR,peak_to_peak,0.99,0.033333333333333326
SRC_OR_REP,WIN-4241aeffaee17b9a0e3d,5.5,source,OR,skewness,0.99,0.0
SRC_OR_REP,WIN-4241aeffaee17b9a0e3d,5.5,source,OR,kurtosis,0.99,0.013333333333333308
SRC_OR_REP,WIN-4241aeffaee17b9a0e3d,5.5,source,OR,crest_factor,0.99,0.036666666666666625
SRC_OR_REP,WIN-4241aeffaee17b9a0e3d,5.5,source,OR,impulse_factor,0.99,0.05999999999999994
SRC_OR_REP,WIN-4241aeffaee17b9a0e3d,5.5,source,OR,shape_factor,0.99,0.030000000000000027
SRC_OR_REP,WIN-4241aeffaee17b9a0e3d,5.5,source,OR,clearance_factor,0.99,0.07933333333333337
SRC_OR_REP,WIN-4241aeffaee17b9a0e3d,5.5,source,OR,zero_cross_rate,0.99,-0.010000000000000009
SRC_OR_REP,WIN-4241aeffaee17b9a0e3d,5.5,source,OR,spectral_centroid_hz,0.99,0.0033333333333332993
SRC_OR_REP,WIN-4241aeffaee17b9a0e3d,5.5,source,OR,spectral_rms_hz,0.99,0.0
SRC_OR_REP,WIN-4241aeffaee17b9a0e3d,5.5,source,OR,spectral_entropy,0.99,0.0
SRC_OR_REP,WIN-4241aeffaee17b9a0e3d,5.5,source,OR,spectral_flatness,0.99,0.030000000000000027
SRC_OR_REP,WIN-4241aeffaee17b9a0e3d,5.5,source,OR,dominant_frequency_hz,0.99,0.00666666666666671
SRC_OR_REP,WIN-4241aeffaee17b9a0e3d,5.5,source,OR,rolloff95_hz,0.99,0.24
SRC_OR_REP,WIN-4241aeffaee17b9a0e3d,5.5,source,OR,band_ratio_0_500,0.99,0.07999999999999996
SRC_OR_REP,WIN-4241aeffaee17b9a0e3d,5.5,source,OR,band_ratio_500_1500,0.99,0.0033333333333332993
SRC_OR_REP,WIN-4241aeffaee17b9a0e3d,5.5,source,OR,band_ratio_1500_3000,0.99,0.016666666666666607
SRC_OR_REP,WIN-4241aeffaee17b9a0e3d,5.5,source,OR,band_ratio_3000_5500,0.99,0.023333333333333317
SRC_OR_REP,WIN-4241aeffaee17b9a0e3d,5.5,source,OR,envelope_rms,0.99,0.12
SRC_OR_REP,WIN-4241aeffaee17b9a0e3d,5.5,source,OR,envelope_kurtosis,0.99,0.06277777777777793
SRC_OR_REP,WIN-4241aeffaee17b9a0e3d,5.5,source,OR,envelope_spectral_entropy,0.99,0.18999999999999995
SRC_OR_REP,WIN-bd222c7f925c41456329,6.0,source,OR,mean,1.0,0.0
SRC_OR_REP,WIN-bd222c7f925c41456329,6.0,source,OR,std,1.0,0.10999999999999999
SRC_OR_REP,WIN-bd222c7f925c41456329,6.0,source,OR,rms,1.0,0.09571428571428575
SRC_OR_REP,WIN-bd222c7f925c41456329,6.0,source,OR,mean_abs,1.0,0.020000000000000018
SRC_OR_REP,WIN-bd222c7f925c41456329,6.0,source,OR,peak_abs,1.0,0.030952380952380953
SRC_OR_REP,WIN-bd222c7f925c41456329,6.0,source,OR,peak_to_peak,1.0,0.04111111111111121
SRC_OR_REP,WIN-bd222c7f925c41456329,6.0,source,OR,skewness,1.0,0.0
SRC_OR_REP,WIN-bd222c7f925c41456329,6.0,source,OR,kurtosis,1.0,0.01666666666666672
SRC_OR_REP,WIN-bd222c7f925c41456329,6.0,source,OR,crest_factor,1.0,0.026666666666666616
SRC_OR_REP,WIN-bd222c7f925c41456329,6.0,source,OR,impulse_factor,1.0,0.06666666666666665
SRC_OR_REP,WIN-bd222c7f925c41456329,6.0,source,OR,shape_factor,1.0,0.04166666666666663
SRC_OR_REP,WIN-bd222c7f925c41456329,6.0,source,OR,clearance_factor,1.0,0.08933333333333338
SRC_OR_REP,WIN-bd222c7f925c41456329,6.0,source,OR,zero_cross_rate,1.0,0.0
SRC_OR_REP,WIN-bd222c7f925c41456329,6.0,source,OR,spectral_centroid_hz,1.0,0.0
SRC_OR_REP,WIN-bd222c7f925c41456329,6.0,source,OR,spectral_rms_hz,1.0,0.0
SRC_OR_REP,WIN-bd222c7f925c41456329,6.0,source,OR,spectral_entropy,1.0,0.0
SRC_OR_REP,WIN-bd222c7f925c41456329,6.0,source,OR,spectral_flatness,1.0,0.023333333333333317
SRC_OR_REP,WIN-bd222c7f925c41456329,6.0,source,OR,dominant_frequency_hz,1.0,0.0
SRC_OR_REP,WIN-bd222c7f925c41456329,6.0,source,OR,rolloff95_hz,1.0,0.22999999999999998
SRC_OR_REP,WIN-bd222c7f925c41456329,6.0,source,OR,band_ratio_0_500,1.0,0.08999999999999997
SRC_OR_REP,WIN-bd222c7f925c41456329,6.0,source,OR,band_ratio_500_1500,1.0,0.0033333333333332993
SRC_OR_REP,WIN-bd222c7f925c41456329,6.0,source,OR,band_ratio_1500_3000,1.0,0.013333333333333308
SRC_OR_REP,WIN-bd222c7f925c41456329,6.0,source,OR,band_ratio_3000_5500,1.0,0.020000000000000018
SRC_OR_REP,WIN-bd222c7f925c41456329,6.0,source,OR,envelope_rms,1.0,0.1233333333333333
SRC_OR_REP,WIN-bd222c7f925c41456329,6.0,source,OR,envelope_kurtosis,1.0,0.07126262626262625
SRC_OR_REP,WIN-bd222c7f925c41456329,6.0,source,OR,envelope_spectral_entropy,1.0,0.18999999999999995
SRC_OR_REP,WIN-339607495d82db0420a3,6.5,source,OR,mean,1.0,0.0
SRC_OR_REP,WIN-339607495d82db0420a3,6.5,source,OR,std,1.0,0.1166666666666667
SRC_OR_REP,WIN-339607495d82db0420a3,6.5,source,OR,rms,1.0,0.10333333333333339
SRC_OR_REP,WIN-339607495d82db0420a3,6.5,source,OR,mean_abs,1.0,0.020000000000000018
SRC_OR_REP,WIN-339607495d82db0420a3,6.5,source,OR,peak_abs,1.0,0.01666666666666672
SRC_OR_REP,WIN-339607495d82db0420a3,6.5,source,OR,peak_to_peak,1.0,0.033333333333333326
SRC_OR_REP,WIN-339607495d82db0420a3,6.5,source,OR,skewness,1.0,0.0
SRC_OR_REP,WIN-339607495d82db0420a3,6.5,source,OR,kurtosis,1.0,0.013333333333333308
SRC_OR_REP,WIN-339607495d82db0420a3,6.5,source,OR,crest_factor,1.0,0.023333333333333317
SRC_OR_REP,WIN-339607495d82db0420a3,6.5,source,OR,impulse_factor,1.0,0.06333333333333335
SRC_OR_REP,WIN-339607495d82db0420a3,6.5,source,OR,shape_factor,1.0,0.030000000000000027
SRC_OR_REP,WIN-339607495d82db0420a3,6.5,source,OR,clearance_factor,1.0,0.08266666666666667
SRC_OR_REP,WIN-339607495d82db0420a3,6.5,source,OR,zero_cross_rate,1.0,0.0
SRC_OR_REP,WIN-339607495d82db0420a3,6.5,source,OR,spectral_centroid_hz,1.0,0.0
SRC_OR_REP,WIN-339607495d82db0420a3,6.5,source,OR,spectral_rms_hz,1.0,0.0
SRC_OR_REP,WIN-339607495d82db0420a3,6.5,source,OR,spectral_entropy,1.0,0.0
SRC_OR_REP,WIN-339607495d82db0420a3,6.5,source,OR,spectral_flatness,1.0,0.030000000000000027
SRC_OR_REP,WIN-339607495d82db0420a3,6.5,source,OR,dominant_frequency_hz,1.0,0.0
SRC_OR_REP,WIN-339607495d82db0420a3,6.5,source,OR,rolloff95_hz,1.0,0.2466666666666667
SRC_OR_REP,WIN-339607495d82db0420a3,6.5,source,OR,band_ratio_0_500,1.0,0.09333333333333338
SRC_OR_REP,WIN-339607495d82db0420a3,6.5,source,OR,band_ratio_500_1500,1.0,0.0033333333333332993
SRC_OR_REP,WIN-339607495d82db0420a3,6.5,source,OR,band_ratio_1500_3000,1.0,0.013333333333333308
SRC_OR_REP,WIN-339607495d82db0420a3,6.5,source,OR,band_ratio_3000_5500,1.0,0.023333333333333317
SRC_OR_REP,WIN-339607495d82db0420a3,6.5,source,OR,envelope_rms,1.0,0.1266666666666667
SRC_OR_REP,WIN-339607495d82db0420a3,6.5,source,OR,envelope_kurtosis,1.0,0.06944444444444453
SRC_OR_REP,WIN-339607495d82db0420a3,6.5,source,OR,envelope_spectral_entropy,1.0,0.19333333333333336
SRC_OR_REP,WIN-73a0de716e379e199bf4,7.0,source,OR,mean,0.9966666666666667,0.0
SRC_OR_REP,WIN-73a0de716e379e199bf4,7.0,source,OR,std,0.9966666666666667,0.1166666666666667
SRC_OR_REP,WIN-73a0de716e379e199bf4,7.0,source,OR,rms,0.9966666666666667,0.09666666666666668
SRC_OR_REP,WIN-73a0de716e379e199bf4,7.0,source,OR,mean_abs,0.9966666666666667,0.030000000000000027
SRC_OR_REP,WIN-73a0de716e379e199bf4,7.0,source,OR,peak_abs,0.9966666666666667,0.01666666666666672
SRC_OR_REP,WIN-73a0de716e379e199bf4,7.0,source,OR,peak_to_peak,0.9966666666666667,0.033333333333333326
SRC_OR_REP,WIN-73a0de716e379e199bf4,7.0,source,OR,skewness,0.9966666666666667,0.0
SRC_OR_REP,WIN-73a0de716e379e199bf4,7.0,source,OR,kurtosis,0.9966666666666667,0.01333333333333342
SRC_OR_REP,WIN-73a0de716e379e199bf4,7.0,source,OR,crest_factor,0.9966666666666667,0.029930191972076803
SRC_OR_REP,WIN-73a0de716e379e199bf4,7.0,source,OR,impulse_factor,0.9966666666666667,0.06000000000000005
SRC_OR_REP,WIN-73a0de716e379e199bf4,7.0,source,OR,shape_factor,0.9966666666666667,0.030000000000000027
SRC_OR_REP,WIN-73a0de716e379e199bf4,7.0,source,OR,clearance_factor,0.9966666666666667,0.08933333333333338
SRC_OR_REP,WIN-73a0de716e379e199bf4,7.0,source,OR,zero_cross_rate,0.9966666666666667,0.0
SRC_OR_REP,WIN-73a0de716e379e199bf4,7.0,source,OR,spectral_centroid_hz,0.9966666666666667,0.0
SRC_OR_REP,WIN-73a0de716e379e199bf4,7.0,source,OR,spectral_rms_hz,0.9966666666666667,0.0
SRC_OR_REP,WIN-73a0de716e379e199bf4,7.0,source,OR,spectral_entropy,0.9966666666666667,0.0
SRC_OR_REP,WIN-73a0de716e379e199bf4,7.0,source,OR,spectral_flatness,0.9966666666666667,0.033333333333333326
SRC_OR_REP,WIN-73a0de716e379e199bf4,7.0,source,OR,dominant_frequency_hz,0.9966666666666667,0.0
SRC_OR_REP,WIN-73a0de716e379e199bf4,7.0,source,OR,rolloff95_hz,0.9966666666666667,0.25
SRC_OR_REP,WIN-73a0de716e379e199bf4,7.0,source,OR,band_ratio_0_500,0.9966666666666667,0.09666666666666668
SRC_OR_REP,WIN-73a0de716e379e199bf4,7.0,source,OR,band_ratio_500_1500,0.9966666666666667,0.0033333333333334103
SRC_OR_REP,WIN-73a0de716e379e199bf4,7.0,source,OR,band_ratio_1500_3000,0.9966666666666667,0.0033333333333334103
SRC_OR_REP,WIN-73a0de716e379e199bf4,7.0,source,OR,band_ratio_3000_5500,0.9966666666666667,0.020000000000000018
SRC_OR_REP,WIN-73a0de716e379e199bf4,7.0,source,OR,envelope_rms,0.9966666666666667,0.1266666666666667
SRC_OR_REP,WIN-73a0de716e379e199bf4,7.0,source,OR,envelope_kurtosis,0.9966666666666667,0.06861111111111129
SRC_OR_REP,WIN-73a0de716e379e199bf4,7.0,source,OR,envelope_spectral_entropy,0.9966666666666667,0.20666666666666667
SRC_IR_REP,WIN-85ae90faabadab7d5828,0.0,source,IR,mean,0.9958749025444888,0.0
SRC_IR_REP,WIN-85ae90faabadab7d5828,0.0,source,IR,std,0.9958749025444888,0.0
SRC_IR_REP,WIN-85ae90faabadab7d5828,0.0,source,IR,rms,0.9958749025444888,0.0
SRC_IR_REP,WIN-85ae90faabadab7d5828,0.0,source,IR,mean_abs,0.9958749025444888,0.00315315315315301
SRC_IR_REP,WIN-85ae90faabadab7d5828,0.0,source,IR,peak_abs,0.9958749025444888,0.0
SRC_IR_REP,WIN-85ae90faabadab7d5828,0.0,source,IR,peak_to_peak,0.9958749025444888,0.00666666666666671
SRC_IR_REP,WIN-85ae90faabadab7d5828,0.0,source,IR,skewness,0.9958749025444888,0.0
SRC_IR_REP,WIN-85ae90faabadab7d5828,0.0,source,IR,kurtosis,0.9958749025444888,0.006744186046511613
SRC_IR_REP,WIN-85ae90faabadab7d5828,0.0,source,IR,crest_factor,0.9958749025444888,0.0
SRC_IR_REP,WIN-85ae90faabadab7d5828,0.0,source,IR,impulse_factor,0.9958749025444888,0.0
SRC_IR_REP,WIN-85ae90faabadab7d5828,0.0,source,IR,shape_factor,0.9958749025444888,0.0
SRC_IR_REP,WIN-85ae90faabadab7d5828,0.0,source,IR,clearance_factor,0.9958749025444888,0.0
SRC_IR_REP,WIN-85ae90faabadab7d5828,0.0,source,IR,zero_cross_rate,0.9958749025444888,0.0
SRC_IR_REP,WIN-85ae90faabadab7d5828,0.0,source,IR,spectral_centroid_hz,0.9958749025444888,0.0
SRC_IR_REP,WIN-85ae90faabadab7d5828,0.0,source,IR,spectral_rms_hz,0.9958749025444888,0.0
SRC_IR_REP,WIN-85ae90faabadab7d5828,0.0,source,IR,spectral_entropy,0.9958749025444888,0.009855072463768155
SRC_IR_REP,WIN-85ae90faabadab7d5828,0.0,source,IR,spectral_flatness,0.9958749025444888,0.019999999999999907
SRC_IR_REP,WIN-85ae90faabadab7d5828,0.0,source,IR,dominant_frequency_hz,0.9958749025444888,0.0
SRC_IR_REP,WIN-85ae90faabadab7d5828,0.0,source,IR,rolloff95_hz,0.9958749025444888,0.022916666666666474
SRC_IR_REP,WIN-85ae90faabadab7d5828,0.0,source,IR,band_ratio_0_500,0.9958749025444888,0.0033333333333331883
SRC_IR_REP,WIN-85ae90faabadab7d5828,0.0,source,IR,band_ratio_500_1500,0.9958749025444888,0.0
SRC_IR_REP,WIN-85ae90faabadab7d5828,0.0,source,IR,band_ratio_1500_3000,0.9958749025444888,0.025873015873015937
SRC_IR_REP,WIN-85ae90faabadab7d5828,0.0,source,IR,band_ratio_3000_5500,0.9958749025444888,0.02386666666666637
SRC_IR_REP,WIN-85ae90faabadab7d5828,0.0,source,IR,envelope_rms,0.9958749025444888,0.0066666666666664876
SRC_IR_REP,WIN-85ae90faabadab7d5828,0.0,source,IR,envelope_kurtosis,0.9958749025444888,0.0033333333333331883
SRC_IR_REP,WIN-85ae90faabadab7d5828,0.0,source,IR,envelope_spectral_entropy,0.9958749025444888,0.0
SRC_IR_REP,WIN-bfd566badf798378011f,0.5,source,IR,mean,0.9953450286967166,0.0
SRC_IR_REP,WIN-bfd566badf798378011f,0.5,source,IR,std,0.9953450286967166,0.0033333333333331883
SRC_IR_REP,WIN-bfd566badf798378011f,0.5,source,IR,rms,0.9953450286967166,0.0
SRC_IR_REP,WIN-bfd566badf798378011f,0.5,source,IR,mean_abs,0.9953450286967166,0.00315315315315301
SRC_IR_REP,WIN-bfd566badf798378011f,0.5,source,IR,peak_abs,0.9953450286967166,0.0
SRC_IR_REP,WIN-bfd566badf798378011f,0.5,source,IR,peak_to_peak,0.9953450286967166,0.00666666666666671
SRC_IR_REP,WIN-bfd566badf798378011f,0.5,source,IR,skewness,0.9953450286967166,0.0
SRC_IR_REP,WIN-bfd566badf798378011f,0.5,source,IR,kurtosis,0.9953450286967166,0.006744186046511613
SRC_IR_REP,WIN-bfd566badf798378011f,0.5,source,IR,crest_factor,0.9953450286967166,0.0
SRC_IR_REP,WIN-bfd566badf798378011f,0.5,source,IR,impulse_factor,0.9953450286967166,0.0
SRC_IR_REP,WIN-bfd566badf798378011f,0.5,source,IR,shape_factor,0.9953450286967166,0.0
SRC_IR_REP,WIN-bfd566badf798378011f,0.5,source,IR,clearance_factor,0.9953450286967166,0.0
SRC_IR_REP,WIN-bfd566badf798378011f,0.5,source,IR,zero_cross_rate,0.9953450286967166,-0.00010752688172044333
SRC_IR_REP,WIN-bfd566badf798378011f,0.5,source,IR,spectral_centroid_hz,0.9953450286967166,0.0
SRC_IR_REP,WIN-bfd566badf798378011f,0.5,source,IR,spectral_rms_hz,0.9953450286967166,0.0
SRC_IR_REP,WIN-bfd566badf798378011f,0.5,source,IR,spectral_entropy,0.9953450286967166,0.009432725497716232
SRC_IR_REP,WIN-bfd566badf798378011f,0.5,source,IR,spectral_flatness,0.9953450286967166,0.023333333333333206
SRC_IR_REP,WIN-bfd566badf798378011f,0.5,source,IR,dominant_frequency_hz,0.9953450286967166,0.0
SRC_IR_REP,WIN-bfd566badf798378011f,0.5,source,IR,rolloff95_hz,0.9953450286967166,0.022916666666666474
SRC_IR_REP,WIN-bfd566badf798378011f,0.5,source,IR,band_ratio_0_500,0.9953450286967166,0.0033333333333331883
SRC_IR_REP,WIN-bfd566badf798378011f,0.5,source,IR,band_ratio_500_1500,0.9953450286967166,0.0
SRC_IR_REP,WIN-bfd566badf798378011f,0.5,source,IR,band_ratio_1500_3000,0.9953450286967166,0.025873015873015937
SRC_IR_REP,WIN-bfd566badf798378011f,0.5,source,IR,band_ratio_3000_5500,0.9953450286967166,0.020533333333333292
SRC_IR_REP,WIN-bfd566badf798378011f,0.5,source,IR,envelope_rms,0.9953450286967166,0.0066666666666664876
SRC_IR_REP,WIN-bfd566badf798378011f,0.5,source,IR,envelope_kurtosis,0.9953450286967166,0.0033333333333331883
SRC_IR_REP,WIN-bfd566badf798378011f,0.5,source,IR,envelope_spectral_entropy,0.9953450286967166,0.0
SRC_IR_REP,WIN-a7acf3397ee9375b0e93,1.0,source,IR,mean,0.9923404514186668,0.0
SRC_IR_REP,WIN-a7acf3397ee9375b0e93,1.0,source,IR,std,0.9923404514186668,0.0033333333333335213
SRC_IR_REP,WIN-a7acf3397ee9375b0e93,1.0,source,IR,rms,0.9923404514186668,0.0
SRC_IR_REP,WIN-a7acf3397ee9375b0e93,1.0,source,IR,mean_abs,0.9923404514186668,0.003153153153153343
SRC_IR_REP,WIN-a7acf3397ee9375b0e93,1.0,source,IR,peak_abs,0.9923404514186668,0.0
SRC_IR_REP,WIN-a7acf3397ee9375b0e93,1.0,source,IR,peak_to_peak,0.9923404514186668,0.00666666666666671
SRC_IR_REP,WIN-a7acf3397ee9375b0e93,1.0,source,IR,skewness,0.9923404514186668,0.0
SRC_IR_REP,WIN-a7acf3397ee9375b0e93,1.0,source,IR,kurtosis,0.9923404514186668,0.006744186046511613
SRC_IR_REP,WIN-a7acf3397ee9375b0e93,1.0,source,IR,crest_factor,0.9923404514186668,-0.003112104159770257
SRC_IR_REP,WIN-a7acf3397ee9375b0e93,1.0,source,IR,impulse_factor,0.9923404514186668,0.0
SRC_IR_REP,WIN-a7acf3397ee9375b0e93,1.0,source,IR,shape_factor,0.9923404514186668,0.0
SRC_IR_REP,WIN-a7acf3397ee9375b0e93,1.0,source,IR,clearance_factor,0.9923404514186668,0.0
SRC_IR_REP,WIN-a7acf3397ee9375b0e93,1.0,source,IR,zero_cross_rate,0.9923404514186668,0.0
SRC_IR_REP,WIN-a7acf3397ee9375b0e93,1.0,source,IR,spectral_centroid_hz,0.9923404514186668,0.0
SRC_IR_REP,WIN-a7acf3397ee9375b0e93,1.0,source,IR,spectral_rms_hz,0.9923404514186668,0.0
SRC_IR_REP,WIN-a7acf3397ee9375b0e93,1.0,source,IR,spectral_entropy,0.9923404514186668,0.009432725497716565
SRC_IR_REP,WIN-a7acf3397ee9375b0e93,1.0,source,IR,spectral_flatness,0.9923404514186668,0.023333333333333317
SRC_IR_REP,WIN-a7acf3397ee9375b0e93,1.0,source,IR,dominant_frequency_hz,0.9923404514186668,0.0
SRC_IR_REP,WIN-a7acf3397ee9375b0e93,1.0,source,IR,rolloff95_hz,0.9923404514186668,0.019583333333333508
SRC_IR_REP,WIN-a7acf3397ee9375b0e93,1.0,source,IR,band_ratio_0_500,0.9923404514186668,0.0033333333333335213
SRC_IR_REP,WIN-a7acf3397ee9375b0e93,1.0,source,IR,band_ratio_500_1500,0.9923404514186668,0.0
SRC_IR_REP,WIN-a7acf3397ee9375b0e93,1.0,source,IR,band_ratio_1500_3000,0.9923404514186668,0.025873015873016048
SRC_IR_REP,WIN-a7acf3397ee9375b0e93,1.0,source,IR,band_ratio_3000_5500,0.9923404514186668,0.020533333333333625
SRC_IR_REP,WIN-a7acf3397ee9375b0e93,1.0,source,IR,envelope_rms,0.9923404514186668,0.006666666666666821
SRC_IR_REP,WIN-a7acf3397ee9375b0e93,1.0,source,IR,envelope_kurtosis,0.9923404514186668,0.0033333333333335213
SRC_IR_REP,WIN-a7acf3397ee9375b0e93,1.0,source,IR,envelope_spectral_entropy,0.9923404514186668,0.0
SRC_IR_REP,WIN-3826c922b4c105df2f7d,1.5,source,IR,mean,0.9955662578702794,0.0
SRC_IR_REP,WIN-3826c922b4c105df2f7d,1.5,source,IR,std,0.9955662578702794,0.0033333333333332993
SRC_IR_REP,WIN-3826c922b4c105df2f7d,1.5,source,IR,rms,0.9955662578702794,0.0
SRC_IR_REP,WIN-3826c922b4c105df2f7d,1.5,source,IR,mean_abs,0.9955662578702794,0.003153153153153121
SRC_IR_REP,WIN-3826c922b4c105df2f7d,1.5,source,IR,peak_abs,0.9955662578702794,0.0
SRC_IR_REP,WIN-3826c922b4c105df2f7d,1.5,source,IR,peak_to_peak,0.9955662578702794,0.00666666666666671
SRC_IR_REP,WIN-3826c922b4c105df2f7d,1.5,source,IR,skewness,0.9955662578702794,0.0
SRC_IR_REP,WIN-3826c922b4c105df2f7d,1.5,source,IR,kurtosis,0.9955662578702794,0.006744186046511613
SRC_IR_REP,WIN-3826c922b4c105df2f7d,1.5,source,IR,crest_factor,0.9955662578702794,0.00022122917356282024
SRC_IR_REP,WIN-3826c922b4c105df2f7d,1.5,source,IR,impulse_factor,0.9955662578702794,0.0
SRC_IR_REP,WIN-3826c922b4c105df2f7d,1.5,source,IR,shape_factor,0.9955662578702794,0.0
SRC_IR_REP,WIN-3826c922b4c105df2f7d,1.5,source,IR,clearance_factor,0.9955662578702794,0.0
SRC_IR_REP,WIN-3826c922b4c105df2f7d,1.5,source,IR,zero_cross_rate,0.9955662578702794,-0.00010752688172055436
SRC_IR_REP,WIN-3826c922b4c105df2f7d,1.5,source,IR,spectral_centroid_hz,0.9955662578702794,0.0
SRC_IR_REP,WIN-3826c922b4c105df2f7d,1.5,source,IR,spectral_rms_hz,0.9955662578702794,0.0
SRC_IR_REP,WIN-3826c922b4c105df2f7d,1.5,source,IR,spectral_entropy,0.9955662578702794,0.009432725497716232
SRC_IR_REP,WIN-3826c922b4c105df2f7d,1.5,source,IR,spectral_flatness,0.9955662578702794,0.023333333333333317
SRC_IR_REP,WIN-3826c922b4c105df2f7d,1.5,source,IR,dominant_frequency_hz,0.9955662578702794,0.0
SRC_IR_REP,WIN-3826c922b4c105df2f7d,1.5,source,IR,rolloff95_hz,0.9955662578702794,0.022916666666666696
SRC_IR_REP,WIN-3826c922b4c105df2f7d,1.5,source,IR,band_ratio_0_500,0.9955662578702794,0.0033333333333332993
SRC_IR_REP,WIN-3826c922b4c105df2f7d,1.5,source,IR,band_ratio_500_1500,0.9955662578702794,0.0
SRC_IR_REP,WIN-3826c922b4c105df2f7d,1.5,source,IR,band_ratio_1500_3000,0.9955662578702794,0.025873015873015714
SRC_IR_REP,WIN-3826c922b4c105df2f7d,1.5,source,IR,band_ratio_3000_5500,0.9955662578702794,0.020533333333333292
SRC_IR_REP,WIN-3826c922b4c105df2f7d,1.5,source,IR,envelope_rms,0.9955662578702794,0.00666666666666671
SRC_IR_REP,WIN-3826c922b4c105df2f7d,1.5,source,IR,envelope_kurtosis,0.9955662578702794,0.0033333333333332993
SRC_IR_REP,WIN-3826c922b4c105df2f7d,1.5,source,IR,envelope_spectral_entropy,0.9955662578702794,0.0
SRC_IR_REP,WIN-42e666986313bfbb88ab,2.0,source,IR,mean,0.9956923032705185,0.0
SRC_IR_REP,WIN-42e666986313bfbb88ab,2.0,source,IR,std,0.9956923032705185,0.0033333333333332993
SRC_IR_REP,WIN-42e666986313bfbb88ab,2.0,source,IR,rms,0.9956923032705185,0.0
SRC_IR_REP,WIN-42e666986313bfbb88ab,2.0,source,IR,mean_abs,0.9956923032705185,0.003153153153153121
SRC_IR_REP,WIN-42e666986313bfbb88ab,2.0,source,IR,peak_abs,0.9956923032705185,0.0
SRC_IR_REP,WIN-42e666986313bfbb88ab,2.0,source,IR,peak_to_peak,0.9956923032705185,0.006666666666666599
SRC_IR_REP,WIN-42e666986313bfbb88ab,2.0,source,IR,skewness,0.9956923032705185,0.0
SRC_IR_REP,WIN-42e666986313bfbb88ab,2.0,source,IR,kurtosis,0.9956923032705185,0.006744186046511502
SRC_IR_REP,WIN-42e666986313bfbb88ab,2.0,source,IR,crest_factor,0.9956923032705185,0.00022122917356282024
SRC_IR_REP,WIN-42e666986313bfbb88ab,2.0,source,IR,impulse_factor,0.9956923032705185,0.0
SRC_IR_REP,WIN-42e666986313bfbb88ab,2.0,source,IR,shape_factor,0.9956923032705185,0.0
SRC_IR_REP,WIN-42e666986313bfbb88ab,2.0,source,IR,clearance_factor,0.9956923032705185,0.0
SRC_IR_REP,WIN-42e666986313bfbb88ab,2.0,source,IR,zero_cross_rate,0.9956923032705185,0.0
SRC_IR_REP,WIN-42e666986313bfbb88ab,2.0,source,IR,spectral_centroid_hz,0.9956923032705185,0.0
SRC_IR_REP,WIN-42e666986313bfbb88ab,2.0,source,IR,spectral_rms_hz,0.9956923032705185,0.0
SRC_IR_REP,WIN-42e666986313bfbb88ab,2.0,source,IR,spectral_entropy,0.9956923032705185,0.00934013290512381
SRC_IR_REP,WIN-42e666986313bfbb88ab,2.0,source,IR,spectral_flatness,0.9956923032705185,0.02344444444444449
SRC_IR_REP,WIN-42e666986313bfbb88ab,2.0,source,IR,dominant_frequency_hz,0.9956923032705185,0.0
SRC_IR_REP,WIN-42e666986313bfbb88ab,2.0,source,IR,rolloff95_hz,0.9956923032705185,0.022916666666666585
SRC_IR_REP,WIN-42e666986313bfbb88ab,2.0,source,IR,band_ratio_0_500,0.9956923032705185,0.0033333333333332993
SRC_IR_REP,WIN-42e666986313bfbb88ab,2.0,source,IR,band_ratio_500_1500,0.9956923032705185,0.0
SRC_IR_REP,WIN-42e666986313bfbb88ab,2.0,source,IR,band_ratio_1500_3000,0.9956923032705185,0.025873015873015603
SRC_IR_REP,WIN-42e666986313bfbb88ab,2.0,source,IR,band_ratio_3000_5500,0.9956923032705185,0.02053333333333318
SRC_IR_REP,WIN-42e666986313bfbb88ab,2.0,source,IR,envelope_rms,0.9956923032705185,0.006666666666666599
SRC_IR_REP,WIN-42e666986313bfbb88ab,2.0,source,IR,envelope_kurtosis,0.9956923032705185,0.0033333333333332993
SRC_IR_REP,WIN-42e666986313bfbb88ab,2.0,source,IR,envelope_spectral_entropy,0.9956923032705185,0.0
SRC_IR_REP,WIN-ec477fae56320663b28f,2.5,source,IR,mean,0.9948242487001304,0.0
SRC_IR_REP,WIN-ec477fae56320663b28f,2.5,source,IR,std,0.9948242487001304,0.0033333333333332993
SRC_IR_REP,WIN-ec477fae56320663b28f,2.5,source,IR,rms,0.9948242487001304,0.0
SRC_IR_REP,WIN-ec477fae56320663b28f,2.5,source,IR,mean_abs,0.9948242487001304,0.003153153153153121
SRC_IR_REP,WIN-ec477fae56320663b28f,2.5,source,IR,peak_abs,0.9948242487001304,0.0
SRC_IR_REP,WIN-ec477fae56320663b28f,2.5,source,IR,peak_to_peak,0.9948242487001304,0.006666666666666599
SRC_IR_REP,WIN-ec477fae56320663b28f,2.5,source,IR,skewness,0.9948242487001304,0.0
SRC_IR_REP,WIN-ec477fae56320663b28f,2.5,source,IR,kurtosis,0.9948242487001304,0.006744186046511613
SRC_IR_REP,WIN-ec477fae56320663b28f,2.5,source,IR,crest_factor,0.9948242487001304,0.0
SRC_IR_REP,WIN-ec477fae56320663b28f,2.5,source,IR,impulse_factor,0.9948242487001304,0.0
SRC_IR_REP,WIN-ec477fae56320663b28f,2.5,source,IR,shape_factor,0.9948242487001304,0.0
SRC_IR_REP,WIN-ec477fae56320663b28f,2.5,source,IR,clearance_factor,0.9948242487001304,0.0
SRC_IR_REP,WIN-ec477fae56320663b28f,2.5,source,IR,zero_cross_rate,0.9948242487001304,0.0
SRC_IR_REP,WIN-ec477fae56320663b28f,2.5,source,IR,spectral_centroid_hz,0.9948242487001304,0.0
SRC_IR_REP,WIN-ec477fae56320663b28f,2.5,source,IR,spectral_rms_hz,0.9948242487001304,0.0
SRC_IR_REP,WIN-ec477fae56320663b28f,2.5,source,IR,spectral_entropy,0.9948242487001304,0.008693307508298553
SRC_IR_REP,WIN-ec477fae56320663b28f,2.5,source,IR,spectral_flatness,0.9948242487001304,0.0267777777777779
SRC_IR_REP,WIN-ec477fae56320663b28f,2.5,source,IR,dominant_frequency_hz,0.9948242487001304,0.0
SRC_IR_REP,WIN-ec477fae56320663b28f,2.5,source,IR,rolloff95_hz,0.9948242487001304,0.022916666666666696
SRC_IR_REP,WIN-ec477fae56320663b28f,2.5,source,IR,band_ratio_0_500,0.9948242487001304,0.0033333333333332993
SRC_IR_REP,WIN-ec477fae56320663b28f,2.5,source,IR,band_ratio_500_1500,0.9948242487001304,0.0
SRC_IR_REP,WIN-ec477fae56320663b28f,2.5,source,IR,band_ratio_1500_3000,0.9948242487001304,0.025873015873015826
SRC_IR_REP,WIN-ec477fae56320663b28f,2.5,source,IR,band_ratio_3000_5500,0.9948242487001304,0.023866666666666703
SRC_IR_REP,WIN-ec477fae56320663b28f,2.5,source,IR,envelope_rms,0.9948242487001304,0.006666666666666599
SRC_IR_REP,WIN-ec477fae56320663b28f,2.5,source,IR,envelope_kurtosis,0.9948242487001304,0.0033333333333332993
SRC_IR_REP,WIN-ec477fae56320663b28f,2.5,source,IR,envelope_spectral_entropy,0.9948242487001304,0.0
SRC_IR_REP,WIN-c99d826df9499e731fbf,3.0,source,IR,mean,0.9948242487001304,0.0
SRC_IR_REP,WIN-c99d826df9499e731fbf,3.0,source,IR,std,0.9948242487001304,0.0033333333333332993
SRC_IR_REP,WIN-c99d826df9499e731fbf,3.0,source,IR,rms,0.9948242487001304,0.0
SRC_IR_REP,WIN-c99d826df9499e731fbf,3.0,source,IR,mean_abs,0.9948242487001304,0.003153153153153121
SRC_IR_REP,WIN-c99d826df9499e731fbf,3.0,source,IR,peak_abs,0.9948242487001304,0.0
SRC_IR_REP,WIN-c99d826df9499e731fbf,3.0,source,IR,peak_to_peak,0.9948242487001304,0.006666666666666599
SRC_IR_REP,WIN-c99d826df9499e731fbf,3.0,source,IR,skewness,0.9948242487001304,0.0
SRC_IR_REP,WIN-c99d826df9499e731fbf,3.0,source,IR,kurtosis,0.9948242487001304,0.006744186046511613
SRC_IR_REP,WIN-c99d826df9499e731fbf,3.0,source,IR,crest_factor,0.9948242487001304,0.0
SRC_IR_REP,WIN-c99d826df9499e731fbf,3.0,source,IR,impulse_factor,0.9948242487001304,0.0
SRC_IR_REP,WIN-c99d826df9499e731fbf,3.0,source,IR,shape_factor,0.9948242487001304,0.0
SRC_IR_REP,WIN-c99d826df9499e731fbf,3.0,source,IR,clearance_factor,0.9948242487001304,0.0
SRC_IR_REP,WIN-c99d826df9499e731fbf,3.0,source,IR,zero_cross_rate,0.9948242487001304,0.0
SRC_IR_REP,WIN-c99d826df9499e731fbf,3.0,source,IR,spectral_centroid_hz,0.9948242487001304,0.0
SRC_IR_REP,WIN-c99d826df9499e731fbf,3.0,source,IR,spectral_rms_hz,0.9948242487001304,0.0
SRC_IR_REP,WIN-c99d826df9499e731fbf,3.0,source,IR,spectral_entropy,0.9948242487001304,0.008693307508298553
SRC_IR_REP,WIN-c99d826df9499e731fbf,3.0,source,IR,spectral_flatness,0.9948242487001304,0.0267777777777779
SRC_IR_REP,WIN-c99d826df9499e731fbf,3.0,source,IR,dominant_frequency_hz,0.9948242487001304,0.0
SRC_IR_REP,WIN-c99d826df9499e731fbf,3.0,source,IR,rolloff95_hz,0.9948242487001304,0.022916666666666696
SRC_IR_REP,WIN-c99d826df9499e731fbf,3.0,source,IR,band_ratio_0_500,0.9948242487001304,0.0033333333333332993
SRC_IR_REP,WIN-c99d826df9499e731fbf,3.0,source,IR,band_ratio_500_1500,0.9948242487001304,0.0
SRC_IR_REP,WIN-c99d826df9499e731fbf,3.0,source,IR,band_ratio_1500_3000,0.9948242487001304,0.025873015873015826
SRC_IR_REP,WIN-c99d826df9499e731fbf,3.0,source,IR,band_ratio_3000_5500,0.9948242487001304,0.023866666666666703
SRC_IR_REP,WIN-c99d826df9499e731fbf,3.0,source,IR,envelope_rms,0.9948242487001304,0.006666666666666599
SRC_IR_REP,WIN-c99d826df9499e731fbf,3.0,source,IR,envelope_kurtosis,0.9948242487001304,0.0033333333333332993
SRC_IR_REP,WIN-c99d826df9499e731fbf,3.0,source,IR,envelope_spectral_entropy,0.9948242487001304,0.0
SRC_IR_REP,WIN-cdc328545af4f4423377,3.5,source,IR,mean,0.9580678609530122,0.0
SRC_IR_REP,WIN-cdc328545af4f4423377,3.5,source,IR,std,0.9580678609530122,0.0033333333333335213
SRC_IR_REP,WIN-cdc328545af4f4423377,3.5,source,IR,rms,0.9580678609530122,0.0
SRC_IR_REP,WIN-cdc328545af4f4423377,3.5,source,IR,mean_abs,0.9580678609530122,-0.00018018018018017834
SRC_IR_REP,WIN-cdc328545af4f4423377,3.5,source,IR,peak_abs,0.9580678609530122,-0.0016298342541436472
SRC_IR_REP,WIN-cdc328545af4f4423377,3.5,source,IR,peak_to_peak,0.9580678609530122,-0.011093694077424443
SRC_IR_REP,WIN-cdc328545af4f4423377,3.5,source,IR,skewness,0.9580678609530122,0.0
SRC_IR_REP,WIN-cdc328545af4f4423377,3.5,source,IR,kurtosis,0.9580678609530122,0.006744186046511835
SRC_IR_REP,WIN-cdc328545af4f4423377,3.5,source,IR,crest_factor,0.9580678609530122,-0.014052819495390168
SRC_IR_REP,WIN-cdc328545af4f4423377,3.5,source,IR,impulse_factor,0.9580678609530122,-0.0033133732534929017
SRC_IR_REP,WIN-cdc328545af4f4423377,3.5,source,IR,shape_factor,0.9580678609530122,0.0
SRC_IR_REP,WIN-cdc328545af4f4423377,3.5,source,IR,clearance_factor,0.9580678609530122,-0.0033333333333332993
SRC_IR_REP,WIN-cdc328545af4f4423377,3.5,source,IR,zero_cross_rate,0.9580678609530122,0.0
SRC_IR_REP,WIN-cdc328545af4f4423377,3.5,source,IR,spectral_centroid_hz,0.9580678609530122,0.0
SRC_IR_REP,WIN-cdc328545af4f4423377,3.5,source,IR,spectral_rms_hz,0.9580678609530122,0.0
SRC_IR_REP,WIN-cdc328545af4f4423377,3.5,source,IR,spectral_entropy,0.9580678609530122,0.019667666482657387
SRC_IR_REP,WIN-cdc328545af4f4423377,3.5,source,IR,spectral_flatness,0.9580678609530122,0.040000000000000036
SRC_IR_REP,WIN-cdc328545af4f4423377,3.5,source,IR,dominant_frequency_hz,0.9580678609530122,0.008888888888888946
SRC_IR_REP,WIN-cdc328545af4f4423377,3.5,source,IR,rolloff95_hz,0.9580678609530122,0.019583333333333397
SRC_IR_REP,WIN-cdc328545af4f4423377,3.5,source,IR,band_ratio_0_500,0.9580678609530122,0.010000000000000231
SRC_IR_REP,WIN-cdc328545af4f4423377,3.5,source,IR,band_ratio_500_1500,0.9580678609530122,0.0033333333333335213
SRC_IR_REP,WIN-cdc328545af4f4423377,3.5,source,IR,band_ratio_1500_3000,0.9580678609530122,0.01920634920634945
SRC_IR_REP,WIN-cdc328545af4f4423377,3.5,source,IR,band_ratio_3000_5500,0.9580678609530122,0.024977777777777765
SRC_IR_REP,WIN-cdc328545af4f4423377,3.5,source,IR,envelope_rms,0.9580678609530122,0.006666666666666821
SRC_IR_REP,WIN-cdc328545af4f4423377,3.5,source,IR,envelope_kurtosis,0.9580678609530122,0.0
SRC_IR_REP,WIN-cdc328545af4f4423377,3.5,source,IR,envelope_spectral_entropy,0.9580678609530122,0.0
SRC_IR_REP,WIN-2290f757189fbcbee4aa,4.0,source,IR,mean,0.991657923891191,0.0
SRC_IR_REP,WIN-2290f757189fbcbee4aa,4.0,source,IR,std,0.991657923891191,0.0033333333333334103
SRC_IR_REP,WIN-2290f757189fbcbee4aa,4.0,source,IR,rms,0.991657923891191,0.0
SRC_IR_REP,WIN-2290f757189fbcbee4aa,4.0,source,IR,mean_abs,0.991657923891191,0.003153153153153232
SRC_IR_REP,WIN-2290f757189fbcbee4aa,4.0,source,IR,peak_abs,0.991657923891191,0.0
SRC_IR_REP,WIN-2290f757189fbcbee4aa,4.0,source,IR,peak_to_peak,0.991657923891191,0.00666666666666671
SRC_IR_REP,WIN-2290f757189fbcbee4aa,4.0,source,IR,skewness,0.991657923891191,0.0
SRC_IR_REP,WIN-2290f757189fbcbee4aa,4.0,source,IR,kurtosis,0.991657923891191,0.006744186046511613
SRC_IR_REP,WIN-2290f757189fbcbee4aa,4.0,source,IR,crest_factor,0.991657923891191,-0.00026640026640012415
SRC_IR_REP,WIN-2290f757189fbcbee4aa,4.0,source,IR,impulse_factor,0.991657923891191,0.000263157894736854
SRC_IR_REP,WIN-2290f757189fbcbee4aa,4.0,source,IR,shape_factor,0.991657923891191,0.0
SRC_IR_REP,WIN-2290f757189fbcbee4aa,4.0,source,IR,clearance_factor,0.991657923891191,-0.003055555555555367
SRC_IR_REP,WIN-2290f757189fbcbee4aa,4.0,source,IR,zero_cross_rate,0.991657923891191,-0.00010752688172044333
SRC_IR_REP,WIN-2290f757189fbcbee4aa,4.0,source,IR,spectral_centroid_hz,0.991657923891191,0.0
SRC_IR_REP,WIN-2290f757189fbcbee4aa,4.0,source,IR,spectral_rms_hz,0.991657923891191,0.0
SRC_IR_REP,WIN-2290f757189fbcbee4aa,4.0,source,IR,spectral_entropy,0.991657923891191,0.008693307508298442
SRC_IR_REP,WIN-2290f757189fbcbee4aa,4.0,source,IR,spectral_flatness,0.991657923891191,0.0267777777777779
SRC_IR_REP,WIN-2290f757189fbcbee4aa,4.0,source,IR,dominant_frequency_hz,0.991657923891191,0.0
SRC_IR_REP,WIN-2290f757189fbcbee4aa,4.0,source,IR,rolloff95_hz,0.991657923891191,0.022916666666666696
SRC_IR_REP,WIN-2290f757189fbcbee4aa,4.0,source,IR,band_ratio_0_500,0.991657923891191,0.0033333333333334103
SRC_IR_REP,WIN-2290f757189fbcbee4aa,4.0,source,IR,band_ratio_500_1500,0.991657923891191,0.0
SRC_IR_REP,WIN-2290f757189fbcbee4aa,4.0,source,IR,band_ratio_1500_3000,0.991657923891191,0.021111111111111303
SRC_IR_REP,WIN-2290f757189fbcbee4aa,4.0,source,IR,band_ratio_3000_5500,0.991657923891191,0.02386666666666659
SRC_IR_REP,WIN-2290f757189fbcbee4aa,4.0,source,IR,envelope_rms,0.991657923891191,0.00666666666666671
SRC_IR_REP,WIN-2290f757189fbcbee4aa,4.0,source,IR,envelope_kurtosis,0.991657923891191,0.0025000000000000577
SRC_IR_REP,WIN-2290f757189fbcbee4aa,4.0,source,IR,envelope_spectral_entropy,0.991657923891191,0.0
SRC_IR_REP,WIN-cc3fd51f324cf584e730,4.5,source,IR,mean,0.9906139356213964,0.0
SRC_IR_REP,WIN-cc3fd51f324cf584e730,4.5,source,IR,std,0.9906139356213964,0.0033333333333335213
SRC_IR_REP,WIN-cc3fd51f324cf584e730,4.5,source,IR,rms,0.9906139356213964,0.0
SRC_IR_REP,WIN-cc3fd51f324cf584e730,4.5,source,IR,mean_abs,0.9906139356213964,0.003153153153153343
SRC_IR_REP,WIN-cc3fd51f324cf584e730,4.5,source,IR,peak_abs,0.9906139356213964,0.0
SRC_IR_REP,WIN-cc3fd51f324cf584e730,4.5,source,IR,peak_to_peak,0.9906139356213964,0.00666666666666671
SRC_IR_REP,WIN-cc3fd51f324cf584e730,4.5,source,IR,skewness,0.9906139356213964,0.0
SRC_IR_REP,WIN-cc3fd51f324cf584e730,4.5,source,IR,kurtosis,0.9906139356213964,0.006744186046511613
SRC_IR_REP,WIN-cc3fd51f324cf584e730,4.5,source,IR,crest_factor,0.9906139356213964,-0.00026640026640012415
SRC_IR_REP,WIN-cc3fd51f324cf584e730,4.5,source,IR,impulse_factor,0.9906139356213964,0.000263157894736854
SRC_IR_REP,WIN-cc3fd51f324cf584e730,4.5,source,IR,shape_factor,0.9906139356213964,0.0
SRC_IR_REP,WIN-cc3fd51f324cf584e730,4.5,source,IR,clearance_factor,0.9906139356213964,-0.004207070707070493
SRC_IR_REP,WIN-cc3fd51f324cf584e730,4.5,source,IR,zero_cross_rate,0.9906139356213964,0.0
SRC_IR_REP,WIN-cc3fd51f324cf584e730,4.5,source,IR,spectral_centroid_hz,0.9906139356213964,0.0
SRC_IR_REP,WIN-cc3fd51f324cf584e730,4.5,source,IR,spectral_rms_hz,0.9906139356213964,0.0
SRC_IR_REP,WIN-cc3fd51f324cf584e730,4.5,source,IR,spectral_entropy,0.9906139356213964,0.00934013290512381
SRC_IR_REP,WIN-cc3fd51f324cf584e730,4.5,source,IR,spectral_flatness,0.9906139356213964,0.0267777777777779
SRC_IR_REP,WIN-cc3fd51f324cf584e730,4.5,source,IR,dominant_frequency_hz,0.9906139356213964,0.0
SRC_IR_REP,WIN-cc3fd51f324cf584e730,4.5,source,IR,rolloff95_hz,0.9906139356213964,0.022916666666666696
SRC_IR_REP,WIN-cc3fd51f324cf584e730,4.5,source,IR,band_ratio_0_500,0.9906139356213964,0.0033333333333335213
SRC_IR_REP,WIN-cc3fd51f324cf584e730,4.5,source,IR,band_ratio_500_1500,0.9906139356213964,0.0
SRC_IR_REP,WIN-cc3fd51f324cf584e730,4.5,source,IR,band_ratio_1500_3000,0.9906139356213964,0.021111111111111303
SRC_IR_REP,WIN-cc3fd51f324cf584e730,4.5,source,IR,band_ratio_3000_5500,0.9906139356213964,0.023866666666666814
SRC_IR_REP,WIN-cc3fd51f324cf584e730,4.5,source,IR,envelope_rms,0.9906139356213964,0.006666666666666821
SRC_IR_REP,WIN-cc3fd51f324cf584e730,4.5,source,IR,envelope_kurtosis,0.9906139356213964,0.0025000000000001688
SRC_IR_REP,WIN-cc3fd51f324cf584e730,4.5,source,IR,envelope_spectral_entropy,0.9906139356213964,0.0
SRC_IR_REP,WIN-de8659e3136d7a79549a,5.0,source,IR,mean,0.9956923032705185,0.0
SRC_IR_REP,WIN-de8659e3136d7a79549a,5.0,source,IR,std,0.9956923032705185,0.0033333333333332993
SRC_IR_REP,WIN-de8659e3136d7a79549a,5.0,source,IR,rms,0.9956923032705185,0.0
SRC_IR_REP,WIN-de8659e3136d7a79549a,5.0,source,IR,mean_abs,0.9956923032705185,0.003153153153153121
SRC_IR_REP,WIN-de8659e3136d7a79549a,5.0,source,IR,peak_abs,0.9956923032705185,0.0
SRC_IR_REP,WIN-de8659e3136d7a79549a,5.0,source,IR,peak_to_peak,0.9956923032705185,0.006666666666666599
SRC_IR_REP,WIN-de8659e3136d7a79549a,5.0,source,IR,skewness,0.9956923032705185,0.0
SRC_IR_REP,WIN-de8659e3136d7a79549a,5.0,source,IR,kurtosis,0.9956923032705185,0.006744186046511502
SRC_IR_REP,WIN-de8659e3136d7a79549a,5.0,source,IR,crest_factor,0.9956923032705185,0.00022122917356282024
SRC_IR_REP,WIN-de8659e3136d7a79549a,5.0,source,IR,impulse_factor,0.9956923032705185,0.0
SRC_IR_REP,WIN-de8659e3136d7a79549a,5.0,source,IR,shape_factor,0.9956923032705185,0.0
SRC_IR_REP,WIN-de8659e3136d7a79549a,5.0,source,IR,clearance_factor,0.9956923032705185,0.0
SRC_IR_REP,WIN-de8659e3136d7a79549a,5.0,source,IR,zero_cross_rate,0.9956923032705185,0.0
SRC_IR_REP,WIN-de8659e3136d7a79549a,5.0,source,IR,spectral_centroid_hz,0.9956923032705185,0.0
SRC_IR_REP,WIN-de8659e3136d7a79549a,5.0,source,IR,spectral_rms_hz,0.9956923032705185,0.0
SRC_IR_REP,WIN-de8659e3136d7a79549a,5.0,source,IR,spectral_entropy,0.9956923032705185,0.00934013290512381
SRC_IR_REP,WIN-de8659e3136d7a79549a,5.0,source,IR,spectral_flatness,0.9956923032705185,0.02677777777777779
SRC_IR_REP,WIN-de8659e3136d7a79549a,5.0,source,IR,dominant_frequency_hz,0.9956923032705185,0.0
SRC_IR_REP,WIN-de8659e3136d7a79549a,5.0,source,IR,rolloff95_hz,0.9956923032705185,0.022916666666666585
SRC_IR_REP,WIN-de8659e3136d7a79549a,5.0,source,IR,band_ratio_0_500,0.9956923032705185,0.0033333333333332993
SRC_IR_REP,WIN-de8659e3136d7a79549a,5.0,source,IR,band_ratio_500_1500,0.9956923032705185,0.0
SRC_IR_REP,WIN-de8659e3136d7a79549a,5.0,source,IR,band_ratio_1500_3000,0.9956923032705185,0.026666666666666616
SRC_IR_REP,WIN-de8659e3136d7a79549a,5.0,source,IR,band_ratio_3000_5500,0.9956923032705185,0.02386666666666648
SRC_IR_REP,WIN-de8659e3136d7a79549a,5.0,source,IR,envelope_rms,0.9956923032705185,0.006666666666666599
SRC_IR_REP,WIN-de8659e3136d7a79549a,5.0,source,IR,envelope_kurtosis,0.9956923032705185,0.0033333333333332993
SRC_IR_REP,WIN-de8659e3136d7a79549a,5.0,source,IR,envelope_spectral_entropy,0.9956923032705185,0.0
SRC_IR_REP,WIN-8a9c1c6fa65078d2c247,5.5,source,IR,mean,0.9956923032705185,0.0
SRC_IR_REP,WIN-8a9c1c6fa65078d2c247,5.5,source,IR,std,0.9956923032705185,0.0033333333333332993
SRC_IR_REP,WIN-8a9c1c6fa65078d2c247,5.5,source,IR,rms,0.9956923032705185,0.0
SRC_IR_REP,WIN-8a9c1c6fa65078d2c247,5.5,source,IR,mean_abs,0.9956923032705185,0.003153153153153121
SRC_IR_REP,WIN-8a9c1c6fa65078d2c247,5.5,source,IR,peak_abs,0.9956923032705185,0.0
SRC_IR_REP,WIN-8a9c1c6fa65078d2c247,5.5,source,IR,peak_to_peak,0.9956923032705185,0.006666666666666599
SRC_IR_REP,WIN-8a9c1c6fa65078d2c247,5.5,source,IR,skewness,0.9956923032705185,0.0
SRC_IR_REP,WIN-8a9c1c6fa65078d2c247,5.5,source,IR,kurtosis,0.9956923032705185,0.006744186046511502
SRC_IR_REP,WIN-8a9c1c6fa65078d2c247,5.5,source,IR,crest_factor,0.9956923032705185,0.00022122917356282024
SRC_IR_REP,WIN-8a9c1c6fa65078d2c247,5.5,source,IR,impulse_factor,0.9956923032705185,0.0
SRC_IR_REP,WIN-8a9c1c6fa65078d2c247,5.5,source,IR,shape_factor,0.9956923032705185,0.0
SRC_IR_REP,WIN-8a9c1c6fa65078d2c247,5.5,source,IR,clearance_factor,0.9956923032705185,0.0
SRC_IR_REP,WIN-8a9c1c6fa65078d2c247,5.5,source,IR,zero_cross_rate,0.9956923032705185,0.0
SRC_IR_REP,WIN-8a9c1c6fa65078d2c247,5.5,source,IR,spectral_centroid_hz,0.9956923032705185,0.0
SRC_IR_REP,WIN-8a9c1c6fa65078d2c247,5.5,source,IR,spectral_rms_hz,0.9956923032705185,0.0
SRC_IR_REP,WIN-8a9c1c6fa65078d2c247,5.5,source,IR,spectral_entropy,0.9956923032705185,0.00934013290512381
SRC_IR_REP,WIN-8a9c1c6fa65078d2c247,5.5,source,IR,spectral_flatness,0.9956923032705185,0.02344444444444449
SRC_IR_REP,WIN-8a9c1c6fa65078d2c247,5.5,source,IR,dominant_frequency_hz,0.9956923032705185,0.0
SRC_IR_REP,WIN-8a9c1c6fa65078d2c247,5.5,source,IR,rolloff95_hz,0.9956923032705185,0.022916666666666585
SRC_IR_REP,WIN-8a9c1c6fa65078d2c247,5.5,source,IR,band_ratio_0_500,0.9956923032705185,0.0033333333333332993
SRC_IR_REP,WIN-8a9c1c6fa65078d2c247,5.5,source,IR,band_ratio_500_1500,0.9956923032705185,0.0
SRC_IR_REP,WIN-8a9c1c6fa65078d2c247,5.5,source,IR,band_ratio_1500_3000,0.9956923032705185,0.025873015873015603
SRC_IR_REP,WIN-8a9c1c6fa65078d2c247,5.5,source,IR,band_ratio_3000_5500,0.9956923032705185,0.02386666666666648
SRC_IR_REP,WIN-8a9c1c6fa65078d2c247,5.5,source,IR,envelope_rms,0.9956923032705185,0.006666666666666599
SRC_IR_REP,WIN-8a9c1c6fa65078d2c247,5.5,source,IR,envelope_kurtosis,0.9956923032705185,0.0033333333333332993
SRC_IR_REP,WIN-8a9c1c6fa65078d2c247,5.5,source,IR,envelope_spectral_entropy,0.9956923032705185,0.0
SRC_IR_REP,WIN-9e326f99a153645d35c6,6.0,source,IR,mean,0.9955811921594073,0.0
SRC_IR_REP,WIN-9e326f99a153645d35c6,6.0,source,IR,std,0.9955811921594073,0.0033333333333332993
SRC_IR_REP,WIN-9e326f99a153645d35c6,6.0,source,IR,rms,0.9955811921594073,0.0
SRC_IR_REP,WIN-9e326f99a153645d35c6,6.0,source,IR,mean_abs,0.9955811921594073,0.003153153153153121
SRC_IR_REP,WIN-9e326f99a153645d35c6,6.0,source,IR,peak_abs,0.9955811921594073,0.0
SRC_IR_REP,WIN-9e326f99a153645d35c6,6.0,source,IR,peak_to_peak,0.9955811921594073,0.006666666666666599
SRC_IR_REP,WIN-9e326f99a153645d35c6,6.0,source,IR,skewness,0.9955811921594073,0.0
SRC_IR_REP,WIN-9e326f99a153645d35c6,6.0,source,IR,kurtosis,0.9955811921594073,0.006744186046511613
SRC_IR_REP,WIN-9e326f99a153645d35c6,6.0,source,IR,crest_factor,0.9955811921594073,0.00022122917356282024
SRC_IR_REP,WIN-9e326f99a153645d35c6,6.0,source,IR,impulse_factor,0.9955811921594073,0.0
SRC_IR_REP,WIN-9e326f99a153645d35c6,6.0,source,IR,shape_factor,0.9955811921594073,0.0
SRC_IR_REP,WIN-9e326f99a153645d35c6,6.0,source,IR,clearance_factor,0.9955811921594073,0.0
SRC_IR_REP,WIN-9e326f99a153645d35c6,6.0,source,IR,zero_cross_rate,0.9955811921594073,0.0
SRC_IR_REP,WIN-9e326f99a153645d35c6,6.0,source,IR,spectral_centroid_hz,0.9955811921594073,0.0
SRC_IR_REP,WIN-9e326f99a153645d35c6,6.0,source,IR,spectral_rms_hz,0.9955811921594073,0.0
SRC_IR_REP,WIN-9e326f99a153645d35c6,6.0,source,IR,spectral_entropy,0.9955811921594073,0.00934013290512381
SRC_IR_REP,WIN-9e326f99a153645d35c6,6.0,source,IR,spectral_flatness,0.9955811921594073,0.026666666666666616
SRC_IR_REP,WIN-9e326f99a153645d35c6,6.0,source,IR,dominant_frequency_hz,0.9955811921594073,0.0
SRC_IR_REP,WIN-9e326f99a153645d35c6,6.0,source,IR,rolloff95_hz,0.9955811921594073,0.022916666666666585
SRC_IR_REP,WIN-9e326f99a153645d35c6,6.0,source,IR,band_ratio_0_500,0.9955811921594073,0.0033333333333332993
SRC_IR_REP,WIN-9e326f99a153645d35c6,6.0,source,IR,band_ratio_500_1500,0.9955811921594073,0.0
SRC_IR_REP,WIN-9e326f99a153645d35c6,6.0,source,IR,band_ratio_1500_3000,0.9955811921594073,0.025873015873015603
SRC_IR_REP,WIN-9e326f99a153645d35c6,6.0,source,IR,band_ratio_3000_5500,0.9955811921594073,0.02053333333333318
SRC_IR_REP,WIN-9e326f99a153645d35c6,6.0,source,IR,envelope_rms,0.9955811921594073,0.006666666666666599
SRC_IR_REP,WIN-9e326f99a153645d35c6,6.0,source,IR,envelope_kurtosis,0.9955811921594073,0.0033333333333332993
SRC_IR_REP,WIN-9e326f99a153645d35c6,6.0,source,IR,envelope_spectral_entropy,0.9955811921594073,0.0
SRC_IR_REP,WIN-c6091c5f9ebb00bcb9ad,6.5,source,IR,mean,0.995673784752,0.0
SRC_IR_REP,WIN-c6091c5f9ebb00bcb9ad,6.5,source,IR,std,0.995673784752,0.0033333333333331883
SRC_IR_REP,WIN-c6091c5f9ebb00bcb9ad,6.5,source,IR,rms,0.995673784752,0.0
SRC_IR_REP,WIN-c6091c5f9ebb00bcb9ad,6.5,source,IR,mean_abs,0.995673784752,0.00315315315315301
SRC_IR_REP,WIN-c6091c5f9ebb00bcb9ad,6.5,source,IR,peak_abs,0.995673784752,0.0
SRC_IR_REP,WIN-c6091c5f9ebb00bcb9ad,6.5,source,IR,peak_to_peak,0.995673784752,0.00666666666666671
SRC_IR_REP,WIN-c6091c5f9ebb00bcb9ad,6.5,source,IR,skewness,0.995673784752,0.0
SRC_IR_REP,WIN-c6091c5f9ebb00bcb9ad,6.5,source,IR,kurtosis,0.995673784752,0.006744186046511613
SRC_IR_REP,WIN-c6091c5f9ebb00bcb9ad,6.5,source,IR,crest_factor,0.995673784752,0.00022122917356293126
SRC_IR_REP,WIN-c6091c5f9ebb00bcb9ad,6.5,source,IR,impulse_factor,0.995673784752,0.0
SRC_IR_REP,WIN-c6091c5f9ebb00bcb9ad,6.5,source,IR,shape_factor,0.995673784752,0.0
SRC_IR_REP,WIN-c6091c5f9ebb00bcb9ad,6.5,source,IR,clearance_factor,0.995673784752,0.0
SRC_IR_REP,WIN-c6091c5f9ebb00bcb9ad,6.5,source,IR,zero_cross_rate,0.995673784752,0.0
SRC_IR_REP,WIN-c6091c5f9ebb00bcb9ad,6.5,source,IR,spectral_centroid_hz,0.995673784752,0.0
SRC_IR_REP,WIN-c6091c5f9ebb00bcb9ad,6.5,source,IR,spectral_rms_hz,0.995673784752,0.0
SRC_IR_REP,WIN-c6091c5f9ebb00bcb9ad,6.5,source,IR,spectral_entropy,0.995673784752,0.009432725497716454
SRC_IR_REP,WIN-c6091c5f9ebb00bcb9ad,6.5,source,IR,spectral_flatness,0.995673784752,0.023333333333333206
SRC_IR_REP,WIN-c6091c5f9ebb00bcb9ad,6.5,source,IR,dominant_frequency_hz,0.995673784752,0.0
SRC_IR_REP,WIN-c6091c5f9ebb00bcb9ad,6.5,source,IR,rolloff95_hz,0.995673784752,0.022916666666666696
SRC_IR_REP,WIN-c6091c5f9ebb00bcb9ad,6.5,source,IR,band_ratio_0_500,0.995673784752,0.0033333333333331883
SRC_IR_REP,WIN-c6091c5f9ebb00bcb9ad,6.5,source,IR,band_ratio_500_1500,0.995673784752,0.0
SRC_IR_REP,WIN-c6091c5f9ebb00bcb9ad,6.5,source,IR,band_ratio_1500_3000,0.995673784752,0.025873015873015937
SRC_IR_REP,WIN-c6091c5f9ebb00bcb9ad,6.5,source,IR,band_ratio_3000_5500,0.995673784752,0.020533333333333292
SRC_IR_REP,WIN-c6091c5f9ebb00bcb9ad,6.5,source,IR,envelope_rms,0.995673784752,0.0066666666666664876
SRC_IR_REP,WIN-c6091c5f9ebb00bcb9ad,6.5,source,IR,envelope_kurtosis,0.995673784752,0.0033333333333331883
SRC_IR_REP,WIN-c6091c5f9ebb00bcb9ad,6.5,source,IR,envelope_spectral_entropy,0.995673784752,0.0
SRC_IR_REP,WIN-230fdb831982ad274196,7.0,source,IR,mean,0.9926852790048734,0.0
SRC_IR_REP,WIN-230fdb831982ad274196,7.0,source,IR,std,0.9926852790048734,0.0
SRC_IR_REP,WIN-230fdb831982ad274196,7.0,source,IR,rms,0.9926852790048734,0.0
SRC_IR_REP,WIN-230fdb831982ad274196,7.0,source,IR,mean_abs,0.9926852790048734,0.003153153153153121
SRC_IR_REP,WIN-230fdb831982ad274196,7.0,source,IR,peak_abs,0.9926852790048734,0.0
SRC_IR_REP,WIN-230fdb831982ad274196,7.0,source,IR,peak_to_peak,0.9926852790048734,0.0066666666666664876
SRC_IR_REP,WIN-230fdb831982ad274196,7.0,source,IR,skewness,0.9926852790048734,0.0
SRC_IR_REP,WIN-230fdb831982ad274196,7.0,source,IR,kurtosis,0.9926852790048734,0.003410852713178203
SRC_IR_REP,WIN-230fdb831982ad274196,7.0,source,IR,crest_factor,0.9926852790048734,0.0002212291735625982
SRC_IR_REP,WIN-230fdb831982ad274196,7.0,source,IR,impulse_factor,0.9926852790048734,0.0
SRC_IR_REP,WIN-230fdb831982ad274196,7.0,source,IR,shape_factor,0.9926852790048734,0.0
SRC_IR_REP,WIN-230fdb831982ad274196,7.0,source,IR,clearance_factor,0.9926852790048734,0.0
SRC_IR_REP,WIN-230fdb831982ad274196,7.0,source,IR,zero_cross_rate,0.9926852790048734,0.0
SRC_IR_REP,WIN-230fdb831982ad274196,7.0,source,IR,spectral_centroid_hz,0.9926852790048734,0.0
SRC_IR_REP,WIN-230fdb831982ad274196,7.0,source,IR,spectral_rms_hz,0.9926852790048734,0.0
SRC_IR_REP,WIN-230fdb831982ad274196,7.0,source,IR,spectral_entropy,0.9926852790048734,0.00977755308392314
SRC_IR_REP,WIN-230fdb831982ad274196,7.0,source,IR,spectral_flatness,0.9926852790048734,0.016666666666666607
SRC_IR_REP,WIN-230fdb831982ad274196,7.0,source,IR,dominant_frequency_hz,0.9926852790048734,0.0
SRC_IR_REP,WIN-230fdb831982ad274196,7.0,source,IR,rolloff95_hz,0.9926852790048734,0.022916666666666474
SRC_IR_REP,WIN-230fdb831982ad274196,7.0,source,IR,band_ratio_0_500,0.9926852790048734,0.0033333333333332993
SRC_IR_REP,WIN-230fdb831982ad274196,7.0,source,IR,band_ratio_500_1500,0.9926852790048734,0.0
SRC_IR_REP,WIN-230fdb831982ad274196,7.0,source,IR,band_ratio_1500_3000,0.9926852790048734,0.025873015873015603
SRC_IR_REP,WIN-230fdb831982ad274196,7.0,source,IR,band_ratio_3000_5500,0.9926852790048734,0.02053333333333318
SRC_IR_REP,WIN-230fdb831982ad274196,7.0,source,IR,envelope_rms,0.9926852790048734,0.006666666666666599
SRC_IR_REP,WIN-230fdb831982ad274196,7.0,source,IR,envelope_kurtosis,0.9926852790048734,0.0
SRC_IR_REP,WIN-230fdb831982ad274196,7.0,source,IR,envelope_spectral_entropy,0.9926852790048734,0.0
SRC_B_REP,WIN-25c24932c6ba90148763,0.0,source,B,mean,1.0,0.0
SRC_B_REP,WIN-25c24932c6ba90148763,0.0,source,B,std,1.0,0.0
SRC_B_REP,WIN-25c24932c6ba90148763,0.0,source,B,rms,1.0,0.0
SRC_B_REP,WIN-25c24932c6ba90148763,0.0,source,B,mean_abs,1.0,0.0
SRC_B_REP,WIN-25c24932c6ba90148763,0.0,source,B,peak_abs,1.0,0.0
SRC_B_REP,WIN-25c24932c6ba90148763,0.0,source,B,peak_to_peak,1.0,7.407407407411526e-05
SRC_B_REP,WIN-25c24932c6ba90148763,0.0,source,B,skewness,1.0,0.0
SRC_B_REP,WIN-25c24932c6ba90148763,0.0,source,B,kurtosis,1.0,0.03318840579710147
SRC_B_REP,WIN-25c24932c6ba90148763,0.0,source,B,crest_factor,1.0,0.18169620554288746
SRC_B_REP,WIN-25c24932c6ba90148763,0.0,source,B,impulse_factor,1.0,0.14433145009416193
SRC_B_REP,WIN-25c24932c6ba90148763,0.0,source,B,shape_factor,1.0,0.0033333333333332993
SRC_B_REP,WIN-25c24932c6ba90148763,0.0,source,B,clearance_factor,1.0,0.1199800399201596
SRC_B_REP,WIN-25c24932c6ba90148763,0.0,source,B,zero_cross_rate,1.0,0.023333333333333317
SRC_B_REP,WIN-25c24932c6ba90148763,0.0,source,B,spectral_centroid_hz,1.0,0.0033333333333332993
SRC_B_REP,WIN-25c24932c6ba90148763,0.0,source,B,spectral_rms_hz,1.0,0.0
SRC_B_REP,WIN-25c24932c6ba90148763,0.0,source,B,spectral_entropy,1.0,0.0033333333333332993
SRC_B_REP,WIN-25c24932c6ba90148763,0.0,source,B,spectral_flatness,1.0,0.0
SRC_B_REP,WIN-25c24932c6ba90148763,0.0,source,B,dominant_frequency_hz,1.0,0.0
SRC_B_REP,WIN-25c24932c6ba90148763,0.0,source,B,rolloff95_hz,1.0,0.0
SRC_B_REP,WIN-25c24932c6ba90148763,0.0,source,B,band_ratio_0_500,1.0,0.0
SRC_B_REP,WIN-25c24932c6ba90148763,0.0,source,B,band_ratio_500_1500,1.0,0.01666666666666672
SRC_B_REP,WIN-25c24932c6ba90148763,0.0,source,B,band_ratio_1500_3000,1.0,0.0
SRC_B_REP,WIN-25c24932c6ba90148763,0.0,source,B,band_ratio_3000_5500,1.0,0.0
SRC_B_REP,WIN-25c24932c6ba90148763,0.0,source,B,envelope_rms,1.0,0.0
SRC_B_REP,WIN-25c24932c6ba90148763,0.0,source,B,envelope_kurtosis,1.0,0.10847211056860318
SRC_B_REP,WIN-25c24932c6ba90148763,0.0,source,B,envelope_spectral_entropy,1.0,0.0
SRC_B_REP,WIN-fbf0bf5d0844273a42a6,0.5,source,B,mean,1.0,0.0
SRC_B_REP,WIN-fbf0bf5d0844273a42a6,0.5,source,B,std,1.0,0.0
SRC_B_REP,WIN-fbf0bf5d0844273a42a6,0.5,source,B,rms,1.0,0.0
SRC_B_REP,WIN-fbf0bf5d0844273a42a6,0.5,source,B,mean_abs,1.0,0.0
SRC_B_REP,WIN-fbf0bf5d0844273a42a6,0.5,source,B,peak_abs,1.0,0.0
SRC_B_REP,WIN-fbf0bf5d0844273a42a6,0.5,source,B,peak_to_peak,1.0,7.407407407411526e-05
SRC_B_REP,WIN-fbf0bf5d0844273a42a6,0.5,source,B,skewness,1.0,0.0
SRC_B_REP,WIN-fbf0bf5d0844273a42a6,0.5,source,B,kurtosis,1.0,0.029855072463768173
SRC_B_REP,WIN-fbf0bf5d0844273a42a6,0.5,source,B,crest_factor,1.0,0.16780647235831225
SRC_B_REP,WIN-fbf0bf5d0844273a42a6,0.5,source,B,impulse_factor,1.0,0.12444444444444436
SRC_B_REP,WIN-fbf0bf5d0844273a42a6,0.5,source,B,shape_factor,1.0,0.0
SRC_B_REP,WIN-fbf0bf5d0844273a42a6,0.5,source,B,clearance_factor,1.0,0.10998003992015959
SRC_B_REP,WIN-fbf0bf5d0844273a42a6,0.5,source,B,zero_cross_rate,1.0,0.013333333333333308
SRC_B_REP,WIN-fbf0bf5d0844273a42a6,0.5,source,B,spectral_centroid_hz,1.0,0.0
SRC_B_REP,WIN-fbf0bf5d0844273a42a6,0.5,source,B,spectral_rms_hz,1.0,0.0033333333333332993
SRC_B_REP,WIN-fbf0bf5d0844273a42a6,0.5,source,B,spectral_entropy,1.0,0.0033333333333332993
SRC_B_REP,WIN-fbf0bf5d0844273a42a6,0.5,source,B,spectral_flatness,1.0,0.0
SRC_B_REP,WIN-fbf0bf5d0844273a42a6,0.5,source,B,dominant_frequency_hz,1.0,0.0
SRC_B_REP,WIN-fbf0bf5d0844273a42a6,0.5,source,B,rolloff95_hz,1.0,0.0
SRC_B_REP,WIN-fbf0bf5d0844273a42a6,0.5,source,B,band_ratio_0_500,1.0,0.0
SRC_B_REP,WIN-fbf0bf5d0844273a42a6,0.5,source,B,band_ratio_500_1500,1.0,0.01666666666666672
SRC_B_REP,WIN-fbf0bf5d0844273a42a6,0.5,source,B,band_ratio_1500_3000,1.0,0.0
SRC_B_REP,WIN-fbf0bf5d0844273a42a6,0.5,source,B,band_ratio_3000_5500,1.0,0.0
SRC_B_REP,WIN-fbf0bf5d0844273a42a6,0.5,source,B,envelope_rms,1.0,0.0
SRC_B_REP,WIN-fbf0bf5d0844273a42a6,0.5,source,B,envelope_kurtosis,1.0,0.14718466945205044
SRC_B_REP,WIN-fbf0bf5d0844273a42a6,0.5,source,B,envelope_spectral_entropy,1.0,0.0
SRC_B_REP,WIN-e28340f0d7d9453a9caa,1.0,source,B,mean,1.0,0.0
SRC_B_REP,WIN-e28340f0d7d9453a9caa,1.0,source,B,std,1.0,0.0
SRC_B_REP,WIN-e28340f0d7d9453a9caa,1.0,source,B,rms,1.0,0.0
SRC_B_REP,WIN-e28340f0d7d9453a9caa,1.0,source,B,mean_abs,1.0,0.0
SRC_B_REP,WIN-e28340f0d7d9453a9caa,1.0,source,B,peak_abs,1.0,0.0
SRC_B_REP,WIN-e28340f0d7d9453a9caa,1.0,source,B,peak_to_peak,1.0,7.407407407411526e-05
SRC_B_REP,WIN-e28340f0d7d9453a9caa,1.0,source,B,skewness,1.0,0.0
SRC_B_REP,WIN-e28340f0d7d9453a9caa,1.0,source,B,kurtosis,1.0,0.029855072463768173
SRC_B_REP,WIN-e28340f0d7d9453a9caa,1.0,source,B,crest_factor,1.0,0.17431440886624883
SRC_B_REP,WIN-e28340f0d7d9453a9caa,1.0,source,B,impulse_factor,1.0,0.12777777777777777
SRC_B_REP,WIN-e28340f0d7d9453a9caa,1.0,source,B,shape_factor,1.0,0.0
SRC_B_REP,WIN-e28340f0d7d9453a9caa,1.0,source,B,clearance_factor,1.0,0.113313373253493
SRC_B_REP,WIN-e28340f0d7d9453a9caa,1.0,source,B,zero_cross_rate,1.0,0.00666666666666671
SRC_B_REP,WIN-e28340f0d7d9453a9caa,1.0,source,B,spectral_centroid_hz,1.0,0.0
SRC_B_REP,WIN-e28340f0d7d9453a9caa,1.0,source,B,spectral_rms_hz,1.0,0.0033333333333332993
SRC_B_REP,WIN-e28340f0d7d9453a9caa,1.0,source,B,spectral_entropy,1.0,0.0033333333333332993
SRC_B_REP,WIN-e28340f0d7d9453a9caa,1.0,source,B,spectral_flatness,1.0,0.0
SRC_B_REP,WIN-e28340f0d7d9453a9caa,1.0,source,B,dominant_frequency_hz,1.0,0.0
SRC_B_REP,WIN-e28340f0d7d9453a9caa,1.0,source,B,rolloff95_hz,1.0,0.0
SRC_B_REP,WIN-e28340f0d7d9453a9caa,1.0,source,B,band_ratio_0_500,1.0,0.0
SRC_B_REP,WIN-e28340f0d7d9453a9caa,1.0,source,B,band_ratio_500_1500,1.0,0.01666666666666672
SRC_B_REP,WIN-e28340f0d7d9453a9caa,1.0,source,B,band_ratio_1500_3000,1.0,0.0
SRC_B_REP,WIN-e28340f0d7d9453a9caa,1.0,source,B,band_ratio_3000_5500,1.0,0.0
SRC_B_REP,WIN-e28340f0d7d9453a9caa,1.0,source,B,envelope_rms,1.0,0.0
SRC_B_REP,WIN-e28340f0d7d9453a9caa,1.0,source,B,envelope_kurtosis,1.0,0.14718466945205044
SRC_B_REP,WIN-e28340f0d7d9453a9caa,1.0,source,B,envelope_spectral_entropy,1.0,0.0
SRC_B_REP,WIN-f77c4cc3d3a83b436b63,1.5,source,B,mean,1.0,0.0
SRC_B_REP,WIN-f77c4cc3d3a83b436b63,1.5,source,B,std,1.0,0.0
SRC_B_REP,WIN-f77c4cc3d3a83b436b63,1.5,source,B,rms,1.0,0.0
SRC_B_REP,WIN-f77c4cc3d3a83b436b63,1.5,source,B,mean_abs,1.0,0.0
SRC_B_REP,WIN-f77c4cc3d3a83b436b63,1.5,source,B,peak_abs,1.0,0.0033333333333332993
SRC_B_REP,WIN-f77c4cc3d3a83b436b63,1.5,source,B,peak_to_peak,1.0,7.407407407411526e-05
SRC_B_REP,WIN-f77c4cc3d3a83b436b63,1.5,source,B,skewness,1.0,0.0
SRC_B_REP,WIN-f77c4cc3d3a83b436b63,1.5,source,B,kurtosis,1.0,0.03652173913043477
SRC_B_REP,WIN-f77c4cc3d3a83b436b63,1.5,source,B,crest_factor,1.0,0.19302953887622087
SRC_B_REP,WIN-f77c4cc3d3a83b436b63,1.5,source,B,impulse_factor,1.0,0.14444444444444438
SRC_B_REP,WIN-f77c4cc3d3a83b436b63,1.5,source,B,shape_factor,1.0,0.0033333333333332993
SRC_B_REP,WIN-f77c4cc3d3a83b436b63,1.5,source,B,clearance_factor,1.0,0.1166467065868263
SRC_B_REP,WIN-f77c4cc3d3a83b436b63,1.5,source,B,zero_cross_rate,1.0,0.030000000000000027
SRC_B_REP,WIN-f77c4cc3d3a83b436b63,1.5,source,B,spectral_centroid_hz,1.0,0.0033333333333332993
SRC_B_REP,WIN-f77c4cc3d3a83b436b63,1.5,source,B,spectral_rms_hz,1.0,0.0
SRC_B_REP,WIN-f77c4cc3d3a83b436b63,1.5,source,B,spectral_entropy,1.0,0.0033333333333332993
SRC_B_REP,WIN-f77c4cc3d3a83b436b63,1.5,source,B,spectral_flatness,1.0,0.0
SRC_B_REP,WIN-f77c4cc3d3a83b436b63,1.5,source,B,dominant_frequency_hz,1.0,0.0
SRC_B_REP,WIN-f77c4cc3d3a83b436b63,1.5,source,B,rolloff95_hz,1.0,0.0
SRC_B_REP,WIN-f77c4cc3d3a83b436b63,1.5,source,B,band_ratio_0_500,1.0,0.0
SRC_B_REP,WIN-f77c4cc3d3a83b436b63,1.5,source,B,band_ratio_500_1500,1.0,0.023333333333333317
SRC_B_REP,WIN-f77c4cc3d3a83b436b63,1.5,source,B,band_ratio_1500_3000,1.0,0.0
SRC_B_REP,WIN-f77c4cc3d3a83b436b63,1.5,source,B,band_ratio_3000_5500,1.0,0.0
SRC_B_REP,WIN-f77c4cc3d3a83b436b63,1.5,source,B,envelope_rms,1.0,0.0
SRC_B_REP,WIN-f77c4cc3d3a83b436b63,1.5,source,B,envelope_kurtosis,1.0,0.11513877723526988
SRC_B_REP,WIN-f77c4cc3d3a83b436b63,1.5,source,B,envelope_spectral_entropy,1.0,0.0
SRC_B_REP,WIN-42ef98b4686408af7196,2.0,source,B,mean,1.0,0.0
SRC_B_REP,WIN-42ef98b4686408af7196,2.0,source,B,std,1.0,0.0
SRC_B_REP,WIN-42ef98b4686408af7196,2.0,source,B,rms,1.0,0.0
SRC_B_REP,WIN-42ef98b4686408af7196,2.0,source,B,mean_abs,1.0,0.0
SRC_B_REP,WIN-42ef98b4686408af7196,2.0,source,B,peak_abs,1.0,0.0033333333333332993
SRC_B_REP,WIN-42ef98b4686408af7196,2.0,source,B,peak_to_peak,1.0,0.0034074074074074145
SRC_B_REP,WIN-42ef98b4686408af7196,2.0,source,B,skewness,1.0,0.0
SRC_B_REP,WIN-42ef98b4686408af7196,2.0,source,B,kurtosis,1.0,0.04985507246376808
SRC_B_REP,WIN-42ef98b4686408af7196,2.0,source,B,crest_factor,1.0,0.19102953887622087
SRC_B_REP,WIN-42ef98b4686408af7196,2.0,source,B,impulse_factor,1.0,0.14088575721026686
SRC_B_REP,WIN-42ef98b4686408af7196,2.0,source,B,shape_factor,1.0,0.0033333333333332993
SRC_B_REP,WIN-42ef98b4686408af7196,2.0,source,B,clearance_factor,1.0,0.1333133732534929
SRC_B_REP,WIN-42ef98b4686408af7196,2.0,source,B,zero_cross_rate,1.0,0.033333333333333326
SRC_B_REP,WIN-42ef98b4686408af7196,2.0,source,B,spectral_centroid_hz,1.0,0.0033333333333332993
SRC_B_REP,WIN-42ef98b4686408af7196,2.0,source,B,spectral_rms_hz,1.0,0.0
SRC_B_REP,WIN-42ef98b4686408af7196,2.0,source,B,spectral_entropy,1.0,0.013333333333333308
SRC_B_REP,WIN-42ef98b4686408af7196,2.0,source,B,spectral_flatness,1.0,0.00666666666666671
SRC_B_REP,WIN-42ef98b4686408af7196,2.0,source,B,dominant_frequency_hz,1.0,0.0
SRC_B_REP,WIN-42ef98b4686408af7196,2.0,source,B,rolloff95_hz,1.0,0.00666666666666671
SRC_B_REP,WIN-42ef98b4686408af7196,2.0,source,B,band_ratio_0_500,1.0,0.0
SRC_B_REP,WIN-42ef98b4686408af7196,2.0,source,B,band_ratio_500_1500,1.0,0.020000000000000018
SRC_B_REP,WIN-42ef98b4686408af7196,2.0,source,B,band_ratio_1500_3000,1.0,0.0033333333333332993
SRC_B_REP,WIN-42ef98b4686408af7196,2.0,source,B,band_ratio_3000_5500,1.0,0.0
SRC_B_REP,WIN-42ef98b4686408af7196,2.0,source,B,envelope_rms,1.0,0.0
SRC_B_REP,WIN-42ef98b4686408af7196,2.0,source,B,envelope_kurtosis,1.0,0.12413712377738606
SRC_B_REP,WIN-42ef98b4686408af7196,2.0,source,B,envelope_spectral_entropy,1.0,0.0
SRC_B_REP,WIN-a65048188e9c2363e19a,2.5,source,B,mean,1.0,0.0
SRC_B_REP,WIN-a65048188e9c2363e19a,2.5,source,B,std,1.0,0.0
SRC_B_REP,WIN-a65048188e9c2363e19a,2.5,source,B,rms,1.0,0.0
SRC_B_REP,WIN-a65048188e9c2363e19a,2.5,source,B,mean_abs,1.0,0.0
SRC_B_REP,WIN-a65048188e9c2363e19a,2.5,source,B,peak_abs,1.0,0.0
SRC_B_REP,WIN-a65048188e9c2363e19a,2.5,source,B,peak_to_peak,1.0,7.407407407411526e-05
SRC_B_REP,WIN-a65048188e9c2363e19a,2.5,source,B,skewness,1.0,0.0
SRC_B_REP,WIN-a65048188e9c2363e19a,2.5,source,B,kurtosis,1.0,0.03985507246376807
SRC_B_REP,WIN-a65048188e9c2363e19a,2.5,source,B,crest_factor,1.0,0.16833292738476724
SRC_B_REP,WIN-a65048188e9c2363e19a,2.5,source,B,impulse_factor,1.0,0.13777777777777767
SRC_B_REP,WIN-a65048188e9c2363e19a,2.5,source,B,shape_factor,1.0,0.0033333333333332993
SRC_B_REP,WIN-a65048188e9c2363e19a,2.5,source,B,clearance_factor,1.0,0.113313373253493
SRC_B_REP,WIN-a65048188e9c2363e19a,2.5,source,B,zero_cross_rate,1.0,0.026666666666666616
SRC_B_REP,WIN-a65048188e9c2363e19a,2.5,source,B,spectral_centroid_hz,1.0,0.0033333333333332993
SRC_B_REP,WIN-a65048188e9c2363e19a,2.5,source,B,spectral_rms_hz,1.0,0.0033333333333332993
SRC_B_REP,WIN-a65048188e9c2363e19a,2.5,source,B,spectral_entropy,1.0,0.0033333333333332993
SRC_B_REP,WIN-a65048188e9c2363e19a,2.5,source,B,spectral_flatness,1.0,0.0
SRC_B_REP,WIN-a65048188e9c2363e19a,2.5,source,B,dominant_frequency_hz,1.0,0.0
SRC_B_REP,WIN-a65048188e9c2363e19a,2.5,source,B,rolloff95_hz,1.0,0.0
SRC_B_REP,WIN-a65048188e9c2363e19a,2.5,source,B,band_ratio_0_500,1.0,0.0
SRC_B_REP,WIN-a65048188e9c2363e19a,2.5,source,B,band_ratio_500_1500,1.0,0.01666666666666672
SRC_B_REP,WIN-a65048188e9c2363e19a,2.5,source,B,band_ratio_1500_3000,1.0,0.0
SRC_B_REP,WIN-a65048188e9c2363e19a,2.5,source,B,band_ratio_3000_5500,1.0,0.0
SRC_B_REP,WIN-a65048188e9c2363e19a,2.5,source,B,envelope_rms,1.0,0.0
SRC_B_REP,WIN-a65048188e9c2363e19a,2.5,source,B,envelope_kurtosis,1.0,0.14387016851043088
SRC_B_REP,WIN-a65048188e9c2363e19a,2.5,source,B,envelope_spectral_entropy,1.0,0.0
SRC_B_REP,WIN-ddf60ff253e37de91ced,3.0,source,B,mean,1.0,0.0
SRC_B_REP,WIN-ddf60ff253e37de91ced,3.0,source,B,std,1.0,0.0
SRC_B_REP,WIN-ddf60ff253e37de91ced,3.0,source,B,rms,1.0,0.0
SRC_B_REP,WIN-ddf60ff253e37de91ced,3.0,source,B,mean_abs,1.0,0.0
SRC_B_REP,WIN-ddf60ff253e37de91ced,3.0,source,B,peak_abs,1.0,0.0
SRC_B_REP,WIN-ddf60ff253e37de91ced,3.0,source,B,peak_to_peak,1.0,7.407407407411526e-05
SRC_B_REP,WIN-ddf60ff253e37de91ced,3.0,source,B,skewness,1.0,0.0
SRC_B_REP,WIN-ddf60ff253e37de91ced,3.0,source,B,kurtosis,1.0,0.03985507246376807
SRC_B_REP,WIN-ddf60ff253e37de91ced,3.0,source,B,crest_factor,1.0,0.1674440384958784
SRC_B_REP,WIN-ddf60ff253e37de91ced,3.0,source,B,impulse_factor,1.0,0.1443320848938826
SRC_B_REP,WIN-ddf60ff253e37de91ced,3.0,source,B,shape_factor,1.0,0.0033333333333332993
SRC_B_REP,WIN-ddf60ff253e37de91ced,3.0,source,B,clearance_factor,1.0,0.1199800399201596
SRC_B_REP,WIN-ddf60ff253e37de91ced,3.0,source,B,zero_cross_rate,1.0,0.026666666666666616
SRC_B_REP,WIN-ddf60ff253e37de91ced,3.0,source,B,spectral_centroid_hz,1.0,0.0033333333333332993
SRC_B_REP,WIN-ddf60ff253e37de91ced,3.0,source,B,spectral_rms_hz,1.0,0.00666666666666671
SRC_B_REP,WIN-ddf60ff253e37de91ced,3.0,source,B,spectral_entropy,1.0,0.0033333333333332993
SRC_B_REP,WIN-ddf60ff253e37de91ced,3.0,source,B,spectral_flatness,1.0,0.0
SRC_B_REP,WIN-ddf60ff253e37de91ced,3.0,source,B,dominant_frequency_hz,1.0,0.0
SRC_B_REP,WIN-ddf60ff253e37de91ced,3.0,source,B,rolloff95_hz,1.0,0.0
SRC_B_REP,WIN-ddf60ff253e37de91ced,3.0,source,B,band_ratio_0_500,1.0,0.0
SRC_B_REP,WIN-ddf60ff253e37de91ced,3.0,source,B,band_ratio_500_1500,1.0,0.01666666666666672
SRC_B_REP,WIN-ddf60ff253e37de91ced,3.0,source,B,band_ratio_1500_3000,1.0,0.0
SRC_B_REP,WIN-ddf60ff253e37de91ced,3.0,source,B,band_ratio_3000_5500,1.0,0.0
SRC_B_REP,WIN-ddf60ff253e37de91ced,3.0,source,B,envelope_rms,1.0,0.0
SRC_B_REP,WIN-ddf60ff253e37de91ced,3.0,source,B,envelope_kurtosis,1.0,0.13398380487406714
SRC_B_REP,WIN-ddf60ff253e37de91ced,3.0,source,B,envelope_spectral_entropy,1.0,0.0
SRC_B_REP,WIN-643b84d5e705c0c4f20e,3.5,source,B,mean,1.0,0.0
SRC_B_REP,WIN-643b84d5e705c0c4f20e,3.5,source,B,std,1.0,0.0
SRC_B_REP,WIN-643b84d5e705c0c4f20e,3.5,source,B,rms,1.0,0.0
SRC_B_REP,WIN-643b84d5e705c0c4f20e,3.5,source,B,mean_abs,1.0,0.0
SRC_B_REP,WIN-643b84d5e705c0c4f20e,3.5,source,B,peak_abs,1.0,0.0
SRC_B_REP,WIN-643b84d5e705c0c4f20e,3.5,source,B,peak_to_peak,1.0,7.407407407411526e-05
SRC_B_REP,WIN-643b84d5e705c0c4f20e,3.5,source,B,skewness,1.0,0.0
SRC_B_REP,WIN-643b84d5e705c0c4f20e,3.5,source,B,kurtosis,1.0,0.03652173913043477
SRC_B_REP,WIN-643b84d5e705c0c4f20e,3.5,source,B,crest_factor,1.0,0.15604389678447883
SRC_B_REP,WIN-643b84d5e705c0c4f20e,3.5,source,B,impulse_factor,1.0,0.15111111111111108
SRC_B_REP,WIN-643b84d5e705c0c4f20e,3.5,source,B,shape_factor,1.0,0.0
SRC_B_REP,WIN-643b84d5e705c0c4f20e,3.5,source,B,clearance_factor,1.0,0.1166467065868263
SRC_B_REP,WIN-643b84d5e705c0c4f20e,3.5,source,B,zero_cross_rate,1.0,0.030000000000000027
SRC_B_REP,WIN-643b84d5e705c0c4f20e,3.5,source,B,spectral_centroid_hz,1.0,0.0
SRC_B_REP,WIN-643b84d5e705c0c4f20e,3.5,source,B,spectral_rms_hz,1.0,0.0
SRC_B_REP,WIN-643b84d5e705c0c4f20e,3.5,source,B,spectral_entropy,1.0,0.0033333333333332993
SRC_B_REP,WIN-643b84d5e705c0c4f20e,3.5,source,B,spectral_flatness,1.0,0.0
SRC_B_REP,WIN-643b84d5e705c0c4f20e,3.5,source,B,dominant_frequency_hz,1.0,0.0
SRC_B_REP,WIN-643b84d5e705c0c4f20e,3.5,source,B,rolloff95_hz,1.0,0.0
SRC_B_REP,WIN-643b84d5e705c0c4f20e,3.5,source,B,band_ratio_0_500,1.0,0.0
SRC_B_REP,WIN-643b84d5e705c0c4f20e,3.5,source,B,band_ratio_500_1500,1.0,0.020000000000000018
SRC_B_REP,WIN-643b84d5e705c0c4f20e,3.5,source,B,band_ratio_1500_3000,1.0,0.0
SRC_B_REP,WIN-643b84d5e705c0c4f20e,3.5,source,B,band_ratio_3000_5500,1.0,0.0
SRC_B_REP,WIN-643b84d5e705c0c4f20e,3.5,source,B,envelope_rms,1.0,0.0
SRC_B_REP,WIN-643b84d5e705c0c4f20e,3.5,source,B,envelope_kurtosis,1.0,0.11831879166528436
SRC_B_REP,WIN-643b84d5e705c0c4f20e,3.5,source,B,envelope_spectral_entropy,1.0,0.0
SRC_B_REP,WIN-da858fbc7f7d6cd0a253,4.0,source,B,mean,1.0,0.0033333333333332993
SRC_B_REP,WIN-da858fbc7f7d6cd0a253,4.0,source,B,std,1.0,0.0
SRC_B_REP,WIN-da858fbc7f7d6cd0a253,4.0,source,B,rms,1.0,0.0
SRC_B_REP,WIN-da858fbc7f7d6cd0a253,4.0,source,B,mean_abs,1.0,0.0
SRC_B_REP,WIN-da858fbc7f7d6cd0a253,4.0,source,B,peak_abs,1.0,0.0033333333333332993
SRC_B_REP,WIN-da858fbc7f7d6cd0a253,4.0,source,B,peak_to_peak,1.0,7.407407407411526e-05
SRC_B_REP,WIN-da858fbc7f7d6cd0a253,4.0,source,B,skewness,1.0,0.0
SRC_B_REP,WIN-da858fbc7f7d6cd0a253,4.0,source,B,kurtosis,1.0,0.019855072463768164
SRC_B_REP,WIN-da858fbc7f7d6cd0a253,4.0,source,B,crest_factor,1.0,0.1139094473009099
SRC_B_REP,WIN-da858fbc7f7d6cd0a253,4.0,source,B,impulse_factor,1.0,0.06999999999999995
SRC_B_REP,WIN-da858fbc7f7d6cd0a253,4.0,source,B,shape_factor,1.0,0.0
SRC_B_REP,WIN-da858fbc7f7d6cd0a253,4.0,source,B,clearance_factor,1.0,0.07331337325349296
SRC_B_REP,WIN-da858fbc7f7d6cd0a253,4.0,source,B,zero_cross_rate,1.0,0.011666666666666714
SRC_B_REP,WIN-da858fbc7f7d6cd0a253,4.0,source,B,spectral_centroid_hz,1.0,0.0
SRC_B_REP,WIN-da858fbc7f7d6cd0a253,4.0,source,B,spectral_rms_hz,1.0,0.0
SRC_B_REP,WIN-da858fbc7f7d6cd0a253,4.0,source,B,spectral_entropy,1.0,0.0
SRC_B_REP,WIN-da858fbc7f7d6cd0a253,4.0,source,B,spectral_flatness,1.0,0.0
SRC_B_REP,WIN-da858fbc7f7d6cd0a253,4.0,source,B,dominant_frequency_hz,1.0,0.0
SRC_B_REP,WIN-da858fbc7f7d6cd0a253,4.0,source,B,rolloff95_hz,1.0,0.0
SRC_B_REP,WIN-da858fbc7f7d6cd0a253,4.0,source,B,band_ratio_0_500,1.0,0.0
SRC_B_REP,WIN-da858fbc7f7d6cd0a253,4.0,source,B,band_ratio_500_1500,1.0,0.013333333333333308
SRC_B_REP,WIN-da858fbc7f7d6cd0a253,4.0,source,B,band_ratio_1500_3000,1.0,0.0
SRC_B_REP,WIN-da858fbc7f7d6cd0a253,4.0,source,B,band_ratio_3000_5500,1.0,0.0
SRC_B_REP,WIN-da858fbc7f7d6cd0a253,4.0,source,B,envelope_rms,1.0,0.0
SRC_B_REP,WIN-da858fbc7f7d6cd0a253,4.0,source,B,envelope_kurtosis,1.0,0.1405558815732625
SRC_B_REP,WIN-da858fbc7f7d6cd0a253,4.0,source,B,envelope_spectral_entropy,1.0,0.0
SRC_B_REP,WIN-c5ffba9fa48ee2d2f8e6,4.5,source,B,mean,0.983484946498642,0.0
SRC_B_REP,WIN-c5ffba9fa48ee2d2f8e6,4.5,source,B,std,0.983484946498642,0.0
SRC_B_REP,WIN-c5ffba9fa48ee2d2f8e6,4.5,source,B,rms,0.983484946498642,0.0
SRC_B_REP,WIN-c5ffba9fa48ee2d2f8e6,4.5,source,B,mean_abs,0.983484946498642,0.0
SRC_B_REP,WIN-c5ffba9fa48ee2d2f8e6,4.5,source,B,peak_abs,0.983484946498642,0.0
SRC_B_REP,WIN-c5ffba9fa48ee2d2f8e6,4.5,source,B,peak_to_peak,0.983484946498642,0.0
SRC_B_REP,WIN-c5ffba9fa48ee2d2f8e6,4.5,source,B,skewness,0.983484946498642,0.0
SRC_B_REP,WIN-c5ffba9fa48ee2d2f8e6,4.5,source,B,kurtosis,0.983484946498642,0.0
SRC_B_REP,WIN-c5ffba9fa48ee2d2f8e6,4.5,source,B,crest_factor,0.983484946498642,0.06352619779841673
SRC_B_REP,WIN-c5ffba9fa48ee2d2f8e6,4.5,source,B,impulse_factor,0.983484946498642,0.060949731952706365
SRC_B_REP,WIN-c5ffba9fa48ee2d2f8e6,4.5,source,B,shape_factor,0.983484946498642,0.0
SRC_B_REP,WIN-c5ffba9fa48ee2d2f8e6,4.5,source,B,clearance_factor,0.983484946498642,0.030000000000000027
SRC_B_REP,WIN-c5ffba9fa48ee2d2f8e6,4.5,source,B,zero_cross_rate,0.983484946498642,0.0033333333333332993
SRC_B_REP,WIN-c5ffba9fa48ee2d2f8e6,4.5,source,B,spectral_centroid_hz,0.983484946498642,0.0
SRC_B_REP,WIN-c5ffba9fa48ee2d2f8e6,4.5,source,B,spectral_rms_hz,0.983484946498642,0.0
SRC_B_REP,WIN-c5ffba9fa48ee2d2f8e6,4.5,source,B,spectral_entropy,0.983484946498642,0.007544973544973632
SRC_B_REP,WIN-c5ffba9fa48ee2d2f8e6,4.5,source,B,spectral_flatness,0.983484946498642,-0.0033333333333332993
SRC_B_REP,WIN-c5ffba9fa48ee2d2f8e6,4.5,source,B,dominant_frequency_hz,0.983484946498642,0.0
SRC_B_REP,WIN-c5ffba9fa48ee2d2f8e6,4.5,source,B,rolloff95_hz,0.983484946498642,0.0
SRC_B_REP,WIN-c5ffba9fa48ee2d2f8e6,4.5,source,B,band_ratio_0_500,0.983484946498642,0.013188405797101455
SRC_B_REP,WIN-c5ffba9fa48ee2d2f8e6,4.5,source,B,band_ratio_500_1500,0.983484946498642,0.009925925925926116
SRC_B_REP,WIN-c5ffba9fa48ee2d2f8e6,4.5,source,B,band_ratio_1500_3000,0.983484946498642,0.0
SRC_B_REP,WIN-c5ffba9fa48ee2d2f8e6,4.5,source,B,band_ratio_3000_5500,0.983484946498642,0.0
SRC_B_REP,WIN-c5ffba9fa48ee2d2f8e6,4.5,source,B,envelope_rms,0.983484946498642,0.0
SRC_B_REP,WIN-c5ffba9fa48ee2d2f8e6,4.5,source,B,envelope_kurtosis,0.983484946498642,0.13729237198656397
SRC_B_REP,WIN-c5ffba9fa48ee2d2f8e6,4.5,source,B,envelope_spectral_entropy,0.983484946498642,0.03866666666666674
SRC_B_REP,WIN-7c366f0765f7f25a5d45,5.0,source,B,mean,1.0,0.0
SRC_B_REP,WIN-7c366f0765f7f25a5d45,5.0,source,B,std,1.0,0.0
SRC_B_REP,WIN-7c366f0765f7f25a5d45,5.0,source,B,rms,1.0,0.0
SRC_B_REP,WIN-7c366f0765f7f25a5d45,5.0,source,B,mean_abs,1.0,0.0
SRC_B_REP,WIN-7c366f0765f7f25a5d45,5.0,source,B,peak_abs,1.0,0.0
SRC_B_REP,WIN-7c366f0765f7f25a5d45,5.0,source,B,peak_to_peak,1.0,7.407407407411526e-05
SRC_B_REP,WIN-7c366f0765f7f25a5d45,5.0,source,B,skewness,1.0,0.0
SRC_B_REP,WIN-7c366f0765f7f25a5d45,5.0,source,B,kurtosis,1.0,0.03318840579710147
SRC_B_REP,WIN-7c366f0765f7f25a5d45,5.0,source,B,crest_factor,1.0,0.16445402492209527
SRC_B_REP,WIN-7c366f0765f7f25a5d45,5.0,source,B,impulse_factor,1.0,0.14444444444444438
SRC_B_REP,WIN-7c366f0765f7f25a5d45,5.0,source,B,shape_factor,1.0,0.0
SRC_B_REP,WIN-7c366f0765f7f25a5d45,5.0,source,B,clearance_factor,1.0,0.1166467065868263
SRC_B_REP,WIN-7c366f0765f7f25a5d45,5.0,source,B,zero_cross_rate,1.0,0.026666666666666616
SRC_B_REP,WIN-7c366f0765f7f25a5d45,5.0,source,B,spectral_centroid_hz,1.0,0.0
SRC_B_REP,WIN-7c366f0765f7f25a5d45,5.0,source,B,spectral_rms_hz,1.0,0.00666666666666671
SRC_B_REP,WIN-7c366f0765f7f25a5d45,5.0,source,B,spectral_entropy,1.0,0.0033333333333332993
SRC_B_REP,WIN-7c366f0765f7f25a5d45,5.0,source,B,spectral_flatness,1.0,0.0
SRC_B_REP,WIN-7c366f0765f7f25a5d45,5.0,source,B,dominant_frequency_hz,1.0,0.0
SRC_B_REP,WIN-7c366f0765f7f25a5d45,5.0,source,B,rolloff95_hz,1.0,0.0
SRC_B_REP,WIN-7c366f0765f7f25a5d45,5.0,source,B,band_ratio_0_500,1.0,0.0
SRC_B_REP,WIN-7c366f0765f7f25a5d45,5.0,source,B,band_ratio_500_1500,1.0,0.01666666666666672
SRC_B_REP,WIN-7c366f0765f7f25a5d45,5.0,source,B,band_ratio_1500_3000,1.0,0.0
SRC_B_REP,WIN-7c366f0765f7f25a5d45,5.0,source,B,band_ratio_3000_5500,1.0,0.0
SRC_B_REP,WIN-7c366f0765f7f25a5d45,5.0,source,B,envelope_rms,1.0,0.0
SRC_B_REP,WIN-7c366f0765f7f25a5d45,5.0,source,B,envelope_kurtosis,1.0,0.1306316391490202
SRC_B_REP,WIN-7c366f0765f7f25a5d45,5.0,source,B,envelope_spectral_entropy,1.0,0.0
SRC_B_REP,WIN-dbfe99d6cb64529c7d03,5.5,source,B,mean,1.0,0.0
SRC_B_REP,WIN-dbfe99d6cb64529c7d03,5.5,source,B,std,1.0,0.0
SRC_B_REP,WIN-dbfe99d6cb64529c7d03,5.5,source,B,rms,1.0,0.0
SRC_B_REP,WIN-dbfe99d6cb64529c7d03,5.5,source,B,mean_abs,1.0,0.0
SRC_B_REP,WIN-dbfe99d6cb64529c7d03,5.5,source,B,peak_abs,1.0,0.0
SRC_B_REP,WIN-dbfe99d6cb64529c7d03,5.5,source,B,peak_to_peak,1.0,7.407407407411526e-05
SRC_B_REP,WIN-dbfe99d6cb64529c7d03,5.5,source,B,skewness,1.0,0.0
SRC_B_REP,WIN-dbfe99d6cb64529c7d03,5.5,source,B,kurtosis,1.0,0.04318840579710148
SRC_B_REP,WIN-dbfe99d6cb64529c7d03,5.5,source,B,crest_factor,1.0,0.1799104127648843
SRC_B_REP,WIN-dbfe99d6cb64529c7d03,5.5,source,B,impulse_factor,1.0,0.1409987515605493
SRC_B_REP,WIN-dbfe99d6cb64529c7d03,5.5,source,B,shape_factor,1.0,0.0033333333333332993
SRC_B_REP,WIN-dbfe99d6cb64529c7d03,5.5,source,B,clearance_factor,1.0,0.1199800399201596
SRC_B_REP,WIN-dbfe99d6cb64529c7d03,5.5,source,B,zero_cross_rate,1.0,0.026666666666666616
SRC_B_REP,WIN-dbfe99d6cb64529c7d03,5.5,source,B,spectral_centroid_hz,1.0,0.0033333333333332993
SRC_B_REP,WIN-dbfe99d6cb64529c7d03,5.5,source,B,spectral_rms_hz,1.0,0.0
SRC_B_REP,WIN-dbfe99d6cb64529c7d03,5.5,source,B,spectral_entropy,1.0,0.0033333333333332993
SRC_B_REP,WIN-dbfe99d6cb64529c7d03,5.5,source,B,spectral_flatness,1.0,0.0
SRC_B_REP,WIN-dbfe99d6cb64529c7d03,5.5,source,B,dominant_frequency_hz,1.0,0.0
SRC_B_REP,WIN-dbfe99d6cb64529c7d03,5.5,source,B,rolloff95_hz,1.0,0.0
SRC_B_REP,WIN-dbfe99d6cb64529c7d03,5.5,source,B,band_ratio_0_500,1.0,0.0
SRC_B_REP,WIN-dbfe99d6cb64529c7d03,5.5,source,B,band_ratio_500_1500,1.0,0.01666666666666672
SRC_B_REP,WIN-dbfe99d6cb64529c7d03,5.5,source,B,band_ratio_1500_3000,1.0,0.0
SRC_B_REP,WIN-dbfe99d6cb64529c7d03,5.5,source,B,band_ratio_3000_5500,1.0,0.0
SRC_B_REP,WIN-dbfe99d6cb64529c7d03,5.5,source,B,envelope_rms,1.0,0.0
SRC_B_REP,WIN-dbfe99d6cb64529c7d03,5.5,source,B,envelope_kurtosis,1.0,0.14387016851043088
SRC_B_REP,WIN-dbfe99d6cb64529c7d03,5.5,source,B,envelope_spectral_entropy,1.0,0.0
SRC_B_REP,WIN-f794c617abb0155a5f49,6.0,source,B,mean,1.0,0.0
SRC_B_REP,WIN-f794c617abb0155a5f49,6.0,source,B,std,1.0,0.0
SRC_B_REP,WIN-f794c617abb0155a5f49,6.0,source,B,rms,1.0,0.0
SRC_B_REP,WIN-f794c617abb0155a5f49,6.0,source,B,mean_abs,1.0,0.0
SRC_B_REP,WIN-f794c617abb0155a5f49,6.0,source,B,peak_abs,1.0,0.0
SRC_B_REP,WIN-f794c617abb0155a5f49,6.0,source,B,peak_to_peak,1.0,7.407407407411526e-05
SRC_B_REP,WIN-f794c617abb0155a5f49,6.0,source,B,skewness,1.0,0.0
SRC_B_REP,WIN-f794c617abb0155a5f49,6.0,source,B,kurtosis,1.0,0.03318840579710147
SRC_B_REP,WIN-f794c617abb0155a5f49,6.0,source,B,crest_factor,1.0,0.1872437460982176
SRC_B_REP,WIN-f794c617abb0155a5f49,6.0,source,B,impulse_factor,1.0,0.12444444444444436
SRC_B_REP,WIN-f794c617abb0155a5f49,6.0,source,B,shape_factor,1.0,0.0
SRC_B_REP,WIN-f794c617abb0155a5f49,6.0,source,B,clearance_factor,1.0,0.10998003992015959
SRC_B_REP,WIN-f794c617abb0155a5f49,6.0,source,B,zero_cross_rate,1.0,0.026666666666666616
SRC_B_REP,WIN-f794c617abb0155a5f49,6.0,source,B,spectral_centroid_hz,1.0,0.0
SRC_B_REP,WIN-f794c617abb0155a5f49,6.0,source,B,spectral_rms_hz,1.0,0.0
SRC_B_REP,WIN-f794c617abb0155a5f49,6.0,source,B,spectral_entropy,1.0,0.0033333333333332993
SRC_B_REP,WIN-f794c617abb0155a5f49,6.0,source,B,spectral_flatness,1.0,0.0
SRC_B_REP,WIN-f794c617abb0155a5f49,6.0,source,B,dominant_frequency_hz,1.0,0.0
SRC_B_REP,WIN-f794c617abb0155a5f49,6.0,source,B,rolloff95_hz,1.0,0.0
SRC_B_REP,WIN-f794c617abb0155a5f49,6.0,source,B,band_ratio_0_500,1.0,0.0
SRC_B_REP,WIN-f794c617abb0155a5f49,6.0,source,B,band_ratio_500_1500,1.0,0.01666666666666672
SRC_B_REP,WIN-f794c617abb0155a5f49,6.0,source,B,band_ratio_1500_3000,1.0,0.0
SRC_B_REP,WIN-f794c617abb0155a5f49,6.0,source,B,band_ratio_3000_5500,1.0,0.0
SRC_B_REP,WIN-f794c617abb0155a5f49,6.0,source,B,envelope_rms,1.0,0.0
SRC_B_REP,WIN-f794c617abb0155a5f49,6.0,source,B,envelope_kurtosis,1.0,0.14061259275285498
SRC_B_REP,WIN-f794c617abb0155a5f49,6.0,source,B,envelope_spectral_entropy,1.0,0.0
SRC_B_REP,WIN-71a23180ca05c3f356d7,6.5,source,B,mean,1.0,0.0
SRC_B_REP,WIN-71a23180ca05c3f356d7,6.5,source,B,std,1.0,0.0
SRC_B_REP,WIN-71a23180ca05c3f356d7,6.5,source,B,rms,1.0,0.0
SRC_B_REP,WIN-71a23180ca05c3f356d7,6.5,source,B,mean_abs,1.0,0.0
SRC_B_REP,WIN-71a23180ca05c3f356d7,6.5,source,B,peak_abs,1.0,0.0
SRC_B_REP,WIN-71a23180ca05c3f356d7,6.5,source,B,peak_to_peak,1.0,7.407407407411526e-05
SRC_B_REP,WIN-71a23180ca05c3f356d7,6.5,source,B,skewness,1.0,0.0
SRC_B_REP,WIN-71a23180ca05c3f356d7,6.5,source,B,kurtosis,1.0,0.029855072463768173
SRC_B_REP,WIN-71a23180ca05c3f356d7,6.5,source,B,crest_factor,1.0,0.17005062440509588
SRC_B_REP,WIN-71a23180ca05c3f356d7,6.5,source,B,impulse_factor,1.0,0.12444444444444436
SRC_B_REP,WIN-71a23180ca05c3f356d7,6.5,source,B,shape_factor,1.0,0.0
SRC_B_REP,WIN-71a23180ca05c3f356d7,6.5,source,B,clearance_factor,1.0,0.10998003992015959
SRC_B_REP,WIN-71a23180ca05c3f356d7,6.5,source,B,zero_cross_rate,1.0,0.01666666666666672
SRC_B_REP,WIN-71a23180ca05c3f356d7,6.5,source,B,spectral_centroid_hz,1.0,0.0
SRC_B_REP,WIN-71a23180ca05c3f356d7,6.5,source,B,spectral_rms_hz,1.0,0.0
SRC_B_REP,WIN-71a23180ca05c3f356d7,6.5,source,B,spectral_entropy,1.0,0.0033333333333332993
SRC_B_REP,WIN-71a23180ca05c3f356d7,6.5,source,B,spectral_flatness,1.0,0.0
SRC_B_REP,WIN-71a23180ca05c3f356d7,6.5,source,B,dominant_frequency_hz,1.0,0.0
SRC_B_REP,WIN-71a23180ca05c3f356d7,6.5,source,B,rolloff95_hz,1.0,0.0
SRC_B_REP,WIN-71a23180ca05c3f356d7,6.5,source,B,band_ratio_0_500,1.0,0.0
SRC_B_REP,WIN-71a23180ca05c3f356d7,6.5,source,B,band_ratio_500_1500,1.0,0.01666666666666672
SRC_B_REP,WIN-71a23180ca05c3f356d7,6.5,source,B,band_ratio_1500_3000,1.0,0.0
SRC_B_REP,WIN-71a23180ca05c3f356d7,6.5,source,B,band_ratio_3000_5500,1.0,0.0
SRC_B_REP,WIN-71a23180ca05c3f356d7,6.5,source,B,envelope_rms,1.0,0.0
SRC_B_REP,WIN-71a23180ca05c3f356d7,6.5,source,B,envelope_kurtosis,1.0,0.13726042702780816
SRC_B_REP,WIN-71a23180ca05c3f356d7,6.5,source,B,envelope_spectral_entropy,1.0,0.0
SRC_B_REP,WIN-e1f8581ec72156e4c40d,7.0,source,B,mean,0.9999259259259259,0.0
SRC_B_REP,WIN-e1f8581ec72156e4c40d,7.0,source,B,std,0.9999259259259259,0.0
SRC_B_REP,WIN-e1f8581ec72156e4c40d,7.0,source,B,rms,0.9999259259259259,0.0
SRC_B_REP,WIN-e1f8581ec72156e4c40d,7.0,source,B,mean_abs,0.9999259259259259,0.0
SRC_B_REP,WIN-e1f8581ec72156e4c40d,7.0,source,B,peak_abs,0.9999259259259259,0.0
SRC_B_REP,WIN-e1f8581ec72156e4c40d,7.0,source,B,peak_to_peak,0.9999259259259259,0.0
SRC_B_REP,WIN-e1f8581ec72156e4c40d,7.0,source,B,skewness,0.9999259259259259,0.0
SRC_B_REP,WIN-e1f8581ec72156e4c40d,7.0,source,B,kurtosis,0.9999259259259259,0.026521739130434763
SRC_B_REP,WIN-e1f8581ec72156e4c40d,7.0,source,B,crest_factor,0.9999259259259259,0.17412601845131137
SRC_B_REP,WIN-e1f8581ec72156e4c40d,7.0,source,B,impulse_factor,0.9999259259259259,0.1276654182272159
SRC_B_REP,WIN-e1f8581ec72156e4c40d,7.0,source,B,shape_factor,0.9999259259259259,0.0
SRC_B_REP,WIN-e1f8581ec72156e4c40d,7.0,source,B,clearance_factor,0.9999259259259259,0.10998003992015959
SRC_B_REP,WIN-e1f8581ec72156e4c40d,7.0,source,B,zero_cross_rate,0.9999259259259259,0.00666666666666671
SRC_B_REP,WIN-e1f8581ec72156e4c40d,7.0,source,B,spectral_centroid_hz,0.9999259259259259,0.0
SRC_B_REP,WIN-e1f8581ec72156e4c40d,7.0,source,B,spectral_rms_hz,0.9999259259259259,0.0033333333333332993
SRC_B_REP,WIN-e1f8581ec72156e4c40d,7.0,source,B,spectral_entropy,0.9999259259259259,-7.407407407411526e-05
SRC_B_REP,WIN-e1f8581ec72156e4c40d,7.0,source,B,spectral_flatness,0.9999259259259259,0.0
SRC_B_REP,WIN-e1f8581ec72156e4c40d,7.0,source,B,dominant_frequency_hz,0.9999259259259259,0.0
SRC_B_REP,WIN-e1f8581ec72156e4c40d,7.0,source,B,rolloff95_hz,0.9999259259259259,0.0
SRC_B_REP,WIN-e1f8581ec72156e4c40d,7.0,source,B,band_ratio_0_500,0.9999259259259259,0.0033333333333332993
SRC_B_REP,WIN-e1f8581ec72156e4c40d,7.0,source,B,band_ratio_500_1500,0.9999259259259259,0.016592592592592603
SRC_B_REP,WIN-e1f8581ec72156e4c40d,7.0,source,B,band_ratio_1500_3000,0.9999259259259259,0.0
SRC_B_REP,WIN-e1f8581ec72156e4c40d,7.0,source,B,band_ratio_3000_5500,0.9999259259259259,0.0
SRC_B_REP,WIN-e1f8581ec72156e4c40d,7.0,source,B,envelope_rms,0.9999259259259259,0.0
SRC_B_REP,WIN-e1f8581ec72156e4c40d,7.0,source,B,envelope_kurtosis,0.9999259259259259,0.180501336118717
SRC_B_REP,WIN-e1f8581ec72156e4c40d,7.0,source,B,envelope_spectral_entropy,0.9999259259259259,0.0
SRC_N_REP,WIN-8a062282a23aa1a2503c,0.0,source,N,mean,1.0,0.0
SRC_N_REP,WIN-8a062282a23aa1a2503c,0.0,source,N,std,1.0,0.1466666666666666
SRC_N_REP,WIN-8a062282a23aa1a2503c,0.0,source,N,rms,1.0,0.17333333333333334
SRC_N_REP,WIN-8a062282a23aa1a2503c,0.0,source,N,mean_abs,1.0,0.14
SRC_N_REP,WIN-8a062282a23aa1a2503c,0.0,source,N,peak_abs,1.0,0.16666666666666663
SRC_N_REP,WIN-8a062282a23aa1a2503c,0.0,source,N,peak_to_peak,1.0,0.15000000000000002
SRC_N_REP,WIN-8a062282a23aa1a2503c,0.0,source,N,skewness,1.0,0.0
SRC_N_REP,WIN-8a062282a23aa1a2503c,0.0,source,N,kurtosis,1.0,0.026666666666666616
SRC_N_REP,WIN-8a062282a23aa1a2503c,0.0,source,N,crest_factor,1.0,0.0033333333333332993
SRC_N_REP,WIN-8a062282a23aa1a2503c,0.0,source,N,impulse_factor,1.0,0.010000000000000009
SRC_N_REP,WIN-8a062282a23aa1a2503c,0.0,source,N,shape_factor,1.0,0.026666666666666616
SRC_N_REP,WIN-8a062282a23aa1a2503c,0.0,source,N,clearance_factor,1.0,0.0033333333333332993
SRC_N_REP,WIN-8a062282a23aa1a2503c,0.0,source,N,zero_cross_rate,1.0,0.0
SRC_N_REP,WIN-8a062282a23aa1a2503c,0.0,source,N,spectral_centroid_hz,1.0,0.0033333333333332993
SRC_N_REP,WIN-8a062282a23aa1a2503c,0.0,source,N,spectral_rms_hz,1.0,0.0
SRC_N_REP,WIN-8a062282a23aa1a2503c,0.0,source,N,spectral_entropy,1.0,0.01666666666666672
SRC_N_REP,WIN-8a062282a23aa1a2503c,0.0,source,N,spectral_flatness,1.0,0.0
SRC_N_REP,WIN-8a062282a23aa1a2503c,0.0,source,N,dominant_frequency_hz,1.0,0.00666666666666671
SRC_N_REP,WIN-8a062282a23aa1a2503c,0.0,source,N,rolloff95_hz,1.0,0.01666666666666672
SRC_N_REP,WIN-8a062282a23aa1a2503c,0.0,source,N,band_ratio_0_500,1.0,0.043333333333333335
SRC_N_REP,WIN-8a062282a23aa1a2503c,0.0,source,N,band_ratio_500_1500,1.0,0.0
SRC_N_REP,WIN-8a062282a23aa1a2503c,0.0,source,N,band_ratio_1500_3000,1.0,0.0
SRC_N_REP,WIN-8a062282a23aa1a2503c,0.0,source,N,band_ratio_3000_5500,1.0,0.0
SRC_N_REP,WIN-8a062282a23aa1a2503c,0.0,source,N,envelope_rms,1.0,0.1433333333333333
SRC_N_REP,WIN-8a062282a23aa1a2503c,0.0,source,N,envelope_kurtosis,1.0,0.010000000000000009
SRC_N_REP,WIN-8a062282a23aa1a2503c,0.0,source,N,envelope_spectral_entropy,1.0,0.0
SRC_N_REP,WIN-d147d1070c37681385ef,0.5,source,N,mean,1.0,0.0
SRC_N_REP,WIN-d147d1070c37681385ef,0.5,source,N,std,1.0,0.1466666666666666
SRC_N_REP,WIN-d147d1070c37681385ef,0.5,source,N,rms,1.0,0.17333333333333334
SRC_N_REP,WIN-d147d1070c37681385ef,0.5,source,N,mean_abs,1.0,0.14
SRC_N_REP,WIN-d147d1070c37681385ef,0.5,source,N,peak_abs,1.0,0.16666666666666663
SRC_N_REP,WIN-d147d1070c37681385ef,0.5,source,N,peak_to_peak,1.0,0.15000000000000002
SRC_N_REP,WIN-d147d1070c37681385ef,0.5,source,N,skewness,1.0,0.0
SRC_N_REP,WIN-d147d1070c37681385ef,0.5,source,N,kurtosis,1.0,0.023333333333333317
SRC_N_REP,WIN-d147d1070c37681385ef,0.5,source,N,crest_factor,1.0,0.0033333333333332993
SRC_N_REP,WIN-d147d1070c37681385ef,0.5,source,N,impulse_factor,1.0,0.010000000000000009
SRC_N_REP,WIN-d147d1070c37681385ef,0.5,source,N,shape_factor,1.0,0.023333333333333317
SRC_N_REP,WIN-d147d1070c37681385ef,0.5,source,N,clearance_factor,1.0,0.0033333333333332993
SRC_N_REP,WIN-d147d1070c37681385ef,0.5,source,N,zero_cross_rate,1.0,0.0
SRC_N_REP,WIN-d147d1070c37681385ef,0.5,source,N,spectral_centroid_hz,1.0,0.0033333333333332993
SRC_N_REP,WIN-d147d1070c37681385ef,0.5,source,N,spectral_rms_hz,1.0,0.0
SRC_N_REP,WIN-d147d1070c37681385ef,0.5,source,N,spectral_entropy,1.0,0.01666666666666672
SRC_N_REP,WIN-d147d1070c37681385ef,0.5,source,N,spectral_flatness,1.0,0.0
SRC_N_REP,WIN-d147d1070c37681385ef,0.5,source,N,dominant_frequency_hz,1.0,0.00666666666666671
SRC_N_REP,WIN-d147d1070c37681385ef,0.5,source,N,rolloff95_hz,1.0,0.01666666666666672
SRC_N_REP,WIN-d147d1070c37681385ef,0.5,source,N,band_ratio_0_500,1.0,0.043333333333333335
SRC_N_REP,WIN-d147d1070c37681385ef,0.5,source,N,band_ratio_500_1500,1.0,0.0
SRC_N_REP,WIN-d147d1070c37681385ef,0.5,source,N,band_ratio_1500_3000,1.0,0.0
SRC_N_REP,WIN-d147d1070c37681385ef,0.5,source,N,band_ratio_3000_5500,1.0,0.0
SRC_N_REP,WIN-d147d1070c37681385ef,0.5,source,N,envelope_rms,1.0,0.1433333333333333
SRC_N_REP,WIN-d147d1070c37681385ef,0.5,source,N,envelope_kurtosis,1.0,0.010000000000000009
SRC_N_REP,WIN-d147d1070c37681385ef,0.5,source,N,envelope_spectral_entropy,1.0,0.0
SRC_N_REP,WIN-37d8f92347dd98db598f,1.0,source,N,mean,1.0,0.0
SRC_N_REP,WIN-37d8f92347dd98db598f,1.0,source,N,std,1.0,0.1466666666666666
SRC_N_REP,WIN-37d8f92347dd98db598f,1.0,source,N,rms,1.0,0.17333333333333334
SRC_N_REP,WIN-37d8f92347dd98db598f,1.0,source,N,mean_abs,1.0,0.14
SRC_N_REP,WIN-37d8f92347dd98db598f,1.0,source,N,peak_abs,1.0,0.16666666666666663
SRC_N_REP,WIN-37d8f92347dd98db598f,1.0,source,N,peak_to_peak,1.0,0.15000000000000002
SRC_N_REP,WIN-37d8f92347dd98db598f,1.0,source,N,skewness,1.0,0.0
SRC_N_REP,WIN-37d8f92347dd98db598f,1.0,source,N,kurtosis,1.0,0.026666666666666616
SRC_N_REP,WIN-37d8f92347dd98db598f,1.0,source,N,crest_factor,1.0,0.0033333333333332993
SRC_N_REP,WIN-37d8f92347dd98db598f,1.0,source,N,impulse_factor,1.0,0.010000000000000009
SRC_N_REP,WIN-37d8f92347dd98db598f,1.0,source,N,shape_factor,1.0,0.026666666666666616
SRC_N_REP,WIN-37d8f92347dd98db598f,1.0,source,N,clearance_factor,1.0,0.0033333333333332993
SRC_N_REP,WIN-37d8f92347dd98db598f,1.0,source,N,zero_cross_rate,1.0,0.0
SRC_N_REP,WIN-37d8f92347dd98db598f,1.0,source,N,spectral_centroid_hz,1.0,0.0033333333333332993
SRC_N_REP,WIN-37d8f92347dd98db598f,1.0,source,N,spectral_rms_hz,1.0,0.0
SRC_N_REP,WIN-37d8f92347dd98db598f,1.0,source,N,spectral_entropy,1.0,0.01666666666666672
SRC_N_REP,WIN-37d8f92347dd98db598f,1.0,source,N,spectral_flatness,1.0,0.0
SRC_N_REP,WIN-37d8f92347dd98db598f,1.0,source,N,dominant_frequency_hz,1.0,0.00666666666666671
SRC_N_REP,WIN-37d8f92347dd98db598f,1.0,source,N,rolloff95_hz,1.0,0.01666666666666672
SRC_N_REP,WIN-37d8f92347dd98db598f,1.0,source,N,band_ratio_0_500,1.0,0.043333333333333335
SRC_N_REP,WIN-37d8f92347dd98db598f,1.0,source,N,band_ratio_500_1500,1.0,0.0
SRC_N_REP,WIN-37d8f92347dd98db598f,1.0,source,N,band_ratio_1500_3000,1.0,0.0
SRC_N_REP,WIN-37d8f92347dd98db598f,1.0,source,N,band_ratio_3000_5500,1.0,0.0
SRC_N_REP,WIN-37d8f92347dd98db598f,1.0,source,N,envelope_rms,1.0,0.1433333333333333
SRC_N_REP,WIN-37d8f92347dd98db598f,1.0,source,N,envelope_kurtosis,1.0,0.010000000000000009
SRC_N_REP,WIN-37d8f92347dd98db598f,1.0,source,N,envelope_spectral_entropy,1.0,0.0
SRC_N_REP,WIN-2461ba3554b3e960c49c,1.5,source,N,mean,1.0,0.0
SRC_N_REP,WIN-2461ba3554b3e960c49c,1.5,source,N,std,1.0,0.1466666666666666
SRC_N_REP,WIN-2461ba3554b3e960c49c,1.5,source,N,rms,1.0,0.17333333333333334
SRC_N_REP,WIN-2461ba3554b3e960c49c,1.5,source,N,mean_abs,1.0,0.14
SRC_N_REP,WIN-2461ba3554b3e960c49c,1.5,source,N,peak_abs,1.0,0.16666666666666663
SRC_N_REP,WIN-2461ba3554b3e960c49c,1.5,source,N,peak_to_peak,1.0,0.15000000000000002
SRC_N_REP,WIN-2461ba3554b3e960c49c,1.5,source,N,skewness,1.0,0.0
SRC_N_REP,WIN-2461ba3554b3e960c49c,1.5,source,N,kurtosis,1.0,0.026666666666666616
SRC_N_REP,WIN-2461ba3554b3e960c49c,1.5,source,N,crest_factor,1.0,0.0033333333333332993
SRC_N_REP,WIN-2461ba3554b3e960c49c,1.5,source,N,impulse_factor,1.0,0.010000000000000009
SRC_N_REP,WIN-2461ba3554b3e960c49c,1.5,source,N,shape_factor,1.0,0.026666666666666616
SRC_N_REP,WIN-2461ba3554b3e960c49c,1.5,source,N,clearance_factor,1.0,0.0033333333333332993
SRC_N_REP,WIN-2461ba3554b3e960c49c,1.5,source,N,zero_cross_rate,1.0,0.0
SRC_N_REP,WIN-2461ba3554b3e960c49c,1.5,source,N,spectral_centroid_hz,1.0,0.0033333333333332993
SRC_N_REP,WIN-2461ba3554b3e960c49c,1.5,source,N,spectral_rms_hz,1.0,0.0
SRC_N_REP,WIN-2461ba3554b3e960c49c,1.5,source,N,spectral_entropy,1.0,0.01666666666666672
SRC_N_REP,WIN-2461ba3554b3e960c49c,1.5,source,N,spectral_flatness,1.0,0.0
SRC_N_REP,WIN-2461ba3554b3e960c49c,1.5,source,N,dominant_frequency_hz,1.0,0.00666666666666671
SRC_N_REP,WIN-2461ba3554b3e960c49c,1.5,source,N,rolloff95_hz,1.0,0.01666666666666672
SRC_N_REP,WIN-2461ba3554b3e960c49c,1.5,source,N,band_ratio_0_500,1.0,0.043333333333333335
SRC_N_REP,WIN-2461ba3554b3e960c49c,1.5,source,N,band_ratio_500_1500,1.0,0.0
SRC_N_REP,WIN-2461ba3554b3e960c49c,1.5,source,N,band_ratio_1500_3000,1.0,0.0
SRC_N_REP,WIN-2461ba3554b3e960c49c,1.5,source,N,band_ratio_3000_5500,1.0,0.0
SRC_N_REP,WIN-2461ba3554b3e960c49c,1.5,source,N,envelope_rms,1.0,0.1433333333333333
SRC_N_REP,WIN-2461ba3554b3e960c49c,1.5,source,N,envelope_kurtosis,1.0,0.010000000000000009
SRC_N_REP,WIN-2461ba3554b3e960c49c,1.5,source,N,envelope_spectral_entropy,1.0,0.0
SRC_N_REP,WIN-d0491981c44a2afa2401,2.0,source,N,mean,1.0,0.0
SRC_N_REP,WIN-d0491981c44a2afa2401,2.0,source,N,std,1.0,0.1466666666666666
SRC_N_REP,WIN-d0491981c44a2afa2401,2.0,source,N,rms,1.0,0.17333333333333334
SRC_N_REP,WIN-d0491981c44a2afa2401,2.0,source,N,mean_abs,1.0,0.14
SRC_N_REP,WIN-d0491981c44a2afa2401,2.0,source,N,peak_abs,1.0,0.16666666666666663
SRC_N_REP,WIN-d0491981c44a2afa2401,2.0,source,N,peak_to_peak,1.0,0.15000000000000002
SRC_N_REP,WIN-d0491981c44a2afa2401,2.0,source,N,skewness,1.0,0.0
SRC_N_REP,WIN-d0491981c44a2afa2401,2.0,source,N,kurtosis,1.0,0.026666666666666616
SRC_N_REP,WIN-d0491981c44a2afa2401,2.0,source,N,crest_factor,1.0,0.0033333333333332993
SRC_N_REP,WIN-d0491981c44a2afa2401,2.0,source,N,impulse_factor,1.0,0.010000000000000009
SRC_N_REP,WIN-d0491981c44a2afa2401,2.0,source,N,shape_factor,1.0,0.026666666666666616
SRC_N_REP,WIN-d0491981c44a2afa2401,2.0,source,N,clearance_factor,1.0,0.0033333333333332993
SRC_N_REP,WIN-d0491981c44a2afa2401,2.0,source,N,zero_cross_rate,1.0,0.0
SRC_N_REP,WIN-d0491981c44a2afa2401,2.0,source,N,spectral_centroid_hz,1.0,0.0033333333333332993
SRC_N_REP,WIN-d0491981c44a2afa2401,2.0,source,N,spectral_rms_hz,1.0,0.0
SRC_N_REP,WIN-d0491981c44a2afa2401,2.0,source,N,spectral_entropy,1.0,0.01666666666666672
SRC_N_REP,WIN-d0491981c44a2afa2401,2.0,source,N,spectral_flatness,1.0,0.0
SRC_N_REP,WIN-d0491981c44a2afa2401,2.0,source,N,dominant_frequency_hz,1.0,0.00666666666666671
SRC_N_REP,WIN-d0491981c44a2afa2401,2.0,source,N,rolloff95_hz,1.0,0.01666666666666672
SRC_N_REP,WIN-d0491981c44a2afa2401,2.0,source,N,band_ratio_0_500,1.0,0.043333333333333335
SRC_N_REP,WIN-d0491981c44a2afa2401,2.0,source,N,band_ratio_500_1500,1.0,0.0
SRC_N_REP,WIN-d0491981c44a2afa2401,2.0,source,N,band_ratio_1500_3000,1.0,0.0
SRC_N_REP,WIN-d0491981c44a2afa2401,2.0,source,N,band_ratio_3000_5500,1.0,0.0
SRC_N_REP,WIN-d0491981c44a2afa2401,2.0,source,N,envelope_rms,1.0,0.1433333333333333
SRC_N_REP,WIN-d0491981c44a2afa2401,2.0,source,N,envelope_kurtosis,1.0,0.010000000000000009
SRC_N_REP,WIN-d0491981c44a2afa2401,2.0,source,N,envelope_spectral_entropy,1.0,0.0
SRC_N_REP,WIN-05faa8d3c8303cdaaa50,2.5,source,N,mean,1.0,0.0
SRC_N_REP,WIN-05faa8d3c8303cdaaa50,2.5,source,N,std,1.0,0.1466666666666666
SRC_N_REP,WIN-05faa8d3c8303cdaaa50,2.5,source,N,rms,1.0,0.17333333333333334
SRC_N_REP,WIN-05faa8d3c8303cdaaa50,2.5,source,N,mean_abs,1.0,0.14
SRC_N_REP,WIN-05faa8d3c8303cdaaa50,2.5,source,N,peak_abs,1.0,0.16666666666666663
SRC_N_REP,WIN-05faa8d3c8303cdaaa50,2.5,source,N,peak_to_peak,1.0,0.15000000000000002
SRC_N_REP,WIN-05faa8d3c8303cdaaa50,2.5,source,N,skewness,1.0,0.0
SRC_N_REP,WIN-05faa8d3c8303cdaaa50,2.5,source,N,kurtosis,1.0,0.026666666666666616
SRC_N_REP,WIN-05faa8d3c8303cdaaa50,2.5,source,N,crest_factor,1.0,0.0033333333333332993
SRC_N_REP,WIN-05faa8d3c8303cdaaa50,2.5,source,N,impulse_factor,1.0,0.010000000000000009
SRC_N_REP,WIN-05faa8d3c8303cdaaa50,2.5,source,N,shape_factor,1.0,0.026666666666666616
SRC_N_REP,WIN-05faa8d3c8303cdaaa50,2.5,source,N,clearance_factor,1.0,0.0033333333333332993
SRC_N_REP,WIN-05faa8d3c8303cdaaa50,2.5,source,N,zero_cross_rate,1.0,0.0
SRC_N_REP,WIN-05faa8d3c8303cdaaa50,2.5,source,N,spectral_centroid_hz,1.0,0.0033333333333332993
SRC_N_REP,WIN-05faa8d3c8303cdaaa50,2.5,source,N,spectral_rms_hz,1.0,0.0
SRC_N_REP,WIN-05faa8d3c8303cdaaa50,2.5,source,N,spectral_entropy,1.0,0.01666666666666672
SRC_N_REP,WIN-05faa8d3c8303cdaaa50,2.5,source,N,spectral_flatness,1.0,0.0
SRC_N_REP,WIN-05faa8d3c8303cdaaa50,2.5,source,N,dominant_frequency_hz,1.0,0.00666666666666671
SRC_N_REP,WIN-05faa8d3c8303cdaaa50,2.5,source,N,rolloff95_hz,1.0,0.01666666666666672
SRC_N_REP,WIN-05faa8d3c8303cdaaa50,2.5,source,N,band_ratio_0_500,1.0,0.043333333333333335
SRC_N_REP,WIN-05faa8d3c8303cdaaa50,2.5,source,N,band_ratio_500_1500,1.0,0.0
SRC_N_REP,WIN-05faa8d3c8303cdaaa50,2.5,source,N,band_ratio_1500_3000,1.0,0.0
SRC_N_REP,WIN-05faa8d3c8303cdaaa50,2.5,source,N,band_ratio_3000_5500,1.0,0.0
SRC_N_REP,WIN-05faa8d3c8303cdaaa50,2.5,source,N,envelope_rms,1.0,0.1433333333333333
SRC_N_REP,WIN-05faa8d3c8303cdaaa50,2.5,source,N,envelope_kurtosis,1.0,0.010000000000000009
SRC_N_REP,WIN-05faa8d3c8303cdaaa50,2.5,source,N,envelope_spectral_entropy,1.0,0.0
SRC_N_REP,WIN-c7c4e0c3ec613da8ab91,3.0,source,N,mean,1.0,0.0
SRC_N_REP,WIN-c7c4e0c3ec613da8ab91,3.0,source,N,std,1.0,0.1466666666666666
SRC_N_REP,WIN-c7c4e0c3ec613da8ab91,3.0,source,N,rms,1.0,0.16666666666666663
SRC_N_REP,WIN-c7c4e0c3ec613da8ab91,3.0,source,N,mean_abs,1.0,0.1433333333333333
SRC_N_REP,WIN-c7c4e0c3ec613da8ab91,3.0,source,N,peak_abs,1.0,0.16666666666666663
SRC_N_REP,WIN-c7c4e0c3ec613da8ab91,3.0,source,N,peak_to_peak,1.0,0.15000000000000002
SRC_N_REP,WIN-c7c4e0c3ec613da8ab91,3.0,source,N,skewness,1.0,0.0
SRC_N_REP,WIN-c7c4e0c3ec613da8ab91,3.0,source,N,kurtosis,1.0,0.030000000000000027
SRC_N_REP,WIN-c7c4e0c3ec613da8ab91,3.0,source,N,crest_factor,1.0,0.0033333333333332993
SRC_N_REP,WIN-c7c4e0c3ec613da8ab91,3.0,source,N,impulse_factor,1.0,0.013333333333333308
SRC_N_REP,WIN-c7c4e0c3ec613da8ab91,3.0,source,N,shape_factor,1.0,0.026666666666666616
SRC_N_REP,WIN-c7c4e0c3ec613da8ab91,3.0,source,N,clearance_factor,1.0,0.00666666666666671
SRC_N_REP,WIN-c7c4e0c3ec613da8ab91,3.0,source,N,zero_cross_rate,1.0,0.0
SRC_N_REP,WIN-c7c4e0c3ec613da8ab91,3.0,source,N,spectral_centroid_hz,1.0,0.00666666666666671
SRC_N_REP,WIN-c7c4e0c3ec613da8ab91,3.0,source,N,spectral_rms_hz,1.0,0.0
SRC_N_REP,WIN-c7c4e0c3ec613da8ab91,3.0,source,N,spectral_entropy,1.0,0.01666666666666672
SRC_N_REP,WIN-c7c4e0c3ec613da8ab91,3.0,source,N,spectral_flatness,1.0,0.0
SRC_N_REP,WIN-c7c4e0c3ec613da8ab91,3.0,source,N,dominant_frequency_hz,1.0,0.00666666666666671
SRC_N_REP,WIN-c7c4e0c3ec613da8ab91,3.0,source,N,rolloff95_hz,1.0,0.020000000000000018
SRC_N_REP,WIN-c7c4e0c3ec613da8ab91,3.0,source,N,band_ratio_0_500,1.0,0.050000000000000044
SRC_N_REP,WIN-c7c4e0c3ec613da8ab91,3.0,source,N,band_ratio_500_1500,1.0,0.0
SRC_N_REP,WIN-c7c4e0c3ec613da8ab91,3.0,source,N,band_ratio_1500_3000,1.0,0.0
SRC_N_REP,WIN-c7c4e0c3ec613da8ab91,3.0,source,N,band_ratio_3000_5500,1.0,0.0033333333333332993
SRC_N_REP,WIN-c7c4e0c3ec613da8ab91,3.0,source,N,envelope_rms,1.0,0.1466666666666666
SRC_N_REP,WIN-c7c4e0c3ec613da8ab91,3.0,source,N,envelope_kurtosis,1.0,0.010000000000000009
SRC_N_REP,WIN-c7c4e0c3ec613da8ab91,3.0,source,N,envelope_spectral_entropy,1.0,0.0
SRC_N_REP,WIN-cda646d6bace99617b25,3.5,source,N,mean,1.0,0.0
SRC_N_REP,WIN-cda646d6bace99617b25,3.5,source,N,std,1.0,0.1466666666666666
SRC_N_REP,WIN-cda646d6bace99617b25,3.5,source,N,rms,1.0,0.16666666666666663
SRC_N_REP,WIN-cda646d6bace99617b25,3.5,source,N,mean_abs,1.0,0.14
SRC_N_REP,WIN-cda646d6bace99617b25,3.5,source,N,peak_abs,1.0,0.16666666666666663
SRC_N_REP,WIN-cda646d6bace99617b25,3.5,source,N,peak_to_peak,1.0,0.15000000000000002
SRC_N_REP,WIN-cda646d6bace99617b25,3.5,source,N,skewness,1.0,0.0
SRC_N_REP,WIN-cda646d6bace99617b25,3.5,source,N,kurtosis,1.0,0.030000000000000027
SRC_N_REP,WIN-cda646d6bace99617b25,3.5,source,N,crest_factor,1.0,0.00666666666666671
SRC_N_REP,WIN-cda646d6bace99617b25,3.5,source,N,impulse_factor,1.0,0.01666666666666672
SRC_N_REP,WIN-cda646d6bace99617b25,3.5,source,N,shape_factor,1.0,0.026666666666666616
SRC_N_REP,WIN-cda646d6bace99617b25,3.5,source,N,clearance_factor,1.0,0.010000000000000009
SRC_N_REP,WIN-cda646d6bace99617b25,3.5,source,N,zero_cross_rate,1.0,0.0
SRC_N_REP,WIN-cda646d6bace99617b25,3.5,source,N,spectral_centroid_hz,1.0,0.00666666666666671
SRC_N_REP,WIN-cda646d6bace99617b25,3.5,source,N,spectral_rms_hz,1.0,0.0
SRC_N_REP,WIN-cda646d6bace99617b25,3.5,source,N,spectral_entropy,1.0,0.01666666666666672
SRC_N_REP,WIN-cda646d6bace99617b25,3.5,source,N,spectral_flatness,1.0,0.0
SRC_N_REP,WIN-cda646d6bace99617b25,3.5,source,N,dominant_frequency_hz,1.0,0.00666666666666671
SRC_N_REP,WIN-cda646d6bace99617b25,3.5,source,N,rolloff95_hz,1.0,0.01666666666666672
SRC_N_REP,WIN-cda646d6bace99617b25,3.5,source,N,band_ratio_0_500,1.0,0.053333333333333344
SRC_N_REP,WIN-cda646d6bace99617b25,3.5,source,N,band_ratio_500_1500,1.0,0.0
SRC_N_REP,WIN-cda646d6bace99617b25,3.5,source,N,band_ratio_1500_3000,1.0,0.0
SRC_N_REP,WIN-cda646d6bace99617b25,3.5,source,N,band_ratio_3000_5500,1.0,0.0033333333333332993
SRC_N_REP,WIN-cda646d6bace99617b25,3.5,source,N,envelope_rms,1.0,0.1466666666666666
SRC_N_REP,WIN-cda646d6bace99617b25,3.5,source,N,envelope_kurtosis,1.0,0.010000000000000009
SRC_N_REP,WIN-cda646d6bace99617b25,3.5,source,N,envelope_spectral_entropy,1.0,0.0
SRC_N_REP,WIN-c9e90dcf6a76244daa9a,4.0,source,N,mean,1.0,0.0
SRC_N_REP,WIN-c9e90dcf6a76244daa9a,4.0,source,N,std,1.0,0.1466666666666666
SRC_N_REP,WIN-c9e90dcf6a76244daa9a,4.0,source,N,rms,1.0,0.16666666666666663
SRC_N_REP,WIN-c9e90dcf6a76244daa9a,4.0,source,N,mean_abs,1.0,0.1433333333333333
SRC_N_REP,WIN-c9e90dcf6a76244daa9a,4.0,source,N,peak_abs,1.0,0.16666666666666663
SRC_N_REP,WIN-c9e90dcf6a76244daa9a,4.0,source,N,peak_to_peak,1.0,0.15000000000000002
SRC_N_REP,WIN-c9e90dcf6a76244daa9a,4.0,source,N,skewness,1.0,0.0
SRC_N_REP,WIN-c9e90dcf6a76244daa9a,4.0,source,N,kurtosis,1.0,0.026666666666666616
SRC_N_REP,WIN-c9e90dcf6a76244daa9a,4.0,source,N,crest_factor,1.0,0.0033333333333332993
SRC_N_REP,WIN-c9e90dcf6a76244daa9a,4.0,source,N,impulse_factor,1.0,0.013333333333333308
SRC_N_REP,WIN-c9e90dcf6a76244daa9a,4.0,source,N,shape_factor,1.0,0.026666666666666616
SRC_N_REP,WIN-c9e90dcf6a76244daa9a,4.0,source,N,clearance_factor,1.0,0.0033333333333332993
SRC_N_REP,WIN-c9e90dcf6a76244daa9a,4.0,source,N,zero_cross_rate,1.0,0.0
SRC_N_REP,WIN-c9e90dcf6a76244daa9a,4.0,source,N,spectral_centroid_hz,1.0,0.00666666666666671
SRC_N_REP,WIN-c9e90dcf6a76244daa9a,4.0,source,N,spectral_rms_hz,1.0,0.0
SRC_N_REP,WIN-c9e90dcf6a76244daa9a,4.0,source,N,spectral_entropy,1.0,0.01666666666666672
SRC_N_REP,WIN-c9e90dcf6a76244daa9a,4.0,source,N,spectral_flatness,1.0,0.0
SRC_N_REP,WIN-c9e90dcf6a76244daa9a,4.0,source,N,dominant_frequency_hz,1.0,0.00666666666666671
SRC_N_REP,WIN-c9e90dcf6a76244daa9a,4.0,source,N,rolloff95_hz,1.0,0.020000000000000018
SRC_N_REP,WIN-c9e90dcf6a76244daa9a,4.0,source,N,band_ratio_0_500,1.0,0.050000000000000044
SRC_N_REP,WIN-c9e90dcf6a76244daa9a,4.0,source,N,band_ratio_500_1500,1.0,0.0
SRC_N_REP,WIN-c9e90dcf6a76244daa9a,4.0,source,N,band_ratio_1500_3000,1.0,0.0
SRC_N_REP,WIN-c9e90dcf6a76244daa9a,4.0,source,N,band_ratio_3000_5500,1.0,0.0
SRC_N_REP,WIN-c9e90dcf6a76244daa9a,4.0,source,N,envelope_rms,1.0,0.1466666666666666
SRC_N_REP,WIN-c9e90dcf6a76244daa9a,4.0,source,N,envelope_kurtosis,1.0,0.010000000000000009
SRC_N_REP,WIN-c9e90dcf6a76244daa9a,4.0,source,N,envelope_spectral_entropy,1.0,0.0
SRC_N_REP,WIN-153eca5c76a7ffc64a5d,4.5,source,N,mean,1.0,0.0
SRC_N_REP,WIN-153eca5c76a7ffc64a5d,4.5,source,N,std,1.0,0.1466666666666666
SRC_N_REP,WIN-153eca5c76a7ffc64a5d,4.5,source,N,rms,1.0,0.17333333333333334
SRC_N_REP,WIN-153eca5c76a7ffc64a5d,4.5,source,N,mean_abs,1.0,0.14
SRC_N_REP,WIN-153eca5c76a7ffc64a5d,4.5,source,N,peak_abs,1.0,0.16666666666666663
SRC_N_REP,WIN-153eca5c76a7ffc64a5d,4.5,source,N,peak_to_peak,1.0,0.15000000000000002
SRC_N_REP,WIN-153eca5c76a7ffc64a5d,4.5,source,N,skewness,1.0,0.0
SRC_N_REP,WIN-153eca5c76a7ffc64a5d,4.5,source,N,kurtosis,1.0,0.026666666666666616
SRC_N_REP,WIN-153eca5c76a7ffc64a5d,4.5,source,N,crest_factor,1.0,0.0033333333333332993
SRC_N_REP,WIN-153eca5c76a7ffc64a5d,4.5,source,N,impulse_factor,1.0,0.010000000000000009
SRC_N_REP,WIN-153eca5c76a7ffc64a5d,4.5,source,N,shape_factor,1.0,0.026666666666666616
SRC_N_REP,WIN-153eca5c76a7ffc64a5d,4.5,source,N,clearance_factor,1.0,0.0033333333333332993
SRC_N_REP,WIN-153eca5c76a7ffc64a5d,4.5,source,N,zero_cross_rate,1.0,0.0
SRC_N_REP,WIN-153eca5c76a7ffc64a5d,4.5,source,N,spectral_centroid_hz,1.0,0.0033333333333332993
SRC_N_REP,WIN-153eca5c76a7ffc64a5d,4.5,source,N,spectral_rms_hz,1.0,0.0
SRC_N_REP,WIN-153eca5c76a7ffc64a5d,4.5,source,N,spectral_entropy,1.0,0.01666666666666672
SRC_N_REP,WIN-153eca5c76a7ffc64a5d,4.5,source,N,spectral_flatness,1.0,0.0
SRC_N_REP,WIN-153eca5c76a7ffc64a5d,4.5,source,N,dominant_frequency_hz,1.0,0.00666666666666671
SRC_N_REP,WIN-153eca5c76a7ffc64a5d,4.5,source,N,rolloff95_hz,1.0,0.01666666666666672
SRC_N_REP,WIN-153eca5c76a7ffc64a5d,4.5,source,N,band_ratio_0_500,1.0,0.043333333333333335
SRC_N_REP,WIN-153eca5c76a7ffc64a5d,4.5,source,N,band_ratio_500_1500,1.0,0.0
SRC_N_REP,WIN-153eca5c76a7ffc64a5d,4.5,source,N,band_ratio_1500_3000,1.0,0.0
SRC_N_REP,WIN-153eca5c76a7ffc64a5d,4.5,source,N,band_ratio_3000_5500,1.0,0.0
SRC_N_REP,WIN-153eca5c76a7ffc64a5d,4.5,source,N,envelope_rms,1.0,0.1433333333333333
SRC_N_REP,WIN-153eca5c76a7ffc64a5d,4.5,source,N,envelope_kurtosis,1.0,0.010000000000000009
SRC_N_REP,WIN-153eca5c76a7ffc64a5d,4.5,source,N,envelope_spectral_entropy,1.0,0.0
SRC_N_REP,WIN-2c7646152da2226dde21,5.0,source,N,mean,1.0,0.0
SRC_N_REP,WIN-2c7646152da2226dde21,5.0,source,N,std,1.0,0.1466666666666666
SRC_N_REP,WIN-2c7646152da2226dde21,5.0,source,N,rms,1.0,0.17333333333333334
SRC_N_REP,WIN-2c7646152da2226dde21,5.0,source,N,mean_abs,1.0,0.14
SRC_N_REP,WIN-2c7646152da2226dde21,5.0,source,N,peak_abs,1.0,0.16666666666666663
SRC_N_REP,WIN-2c7646152da2226dde21,5.0,source,N,peak_to_peak,1.0,0.15000000000000002
SRC_N_REP,WIN-2c7646152da2226dde21,5.0,source,N,skewness,1.0,0.0
SRC_N_REP,WIN-2c7646152da2226dde21,5.0,source,N,kurtosis,1.0,0.023333333333333317
SRC_N_REP,WIN-2c7646152da2226dde21,5.0,source,N,crest_factor,1.0,0.0033333333333332993
SRC_N_REP,WIN-2c7646152da2226dde21,5.0,source,N,impulse_factor,1.0,0.010000000000000009
SRC_N_REP,WIN-2c7646152da2226dde21,5.0,source,N,shape_factor,1.0,0.023333333333333317
SRC_N_REP,WIN-2c7646152da2226dde21,5.0,source,N,clearance_factor,1.0,0.0033333333333332993
SRC_N_REP,WIN-2c7646152da2226dde21,5.0,source,N,zero_cross_rate,1.0,0.0
SRC_N_REP,WIN-2c7646152da2226dde21,5.0,source,N,spectral_centroid_hz,1.0,0.0033333333333332993
SRC_N_REP,WIN-2c7646152da2226dde21,5.0,source,N,spectral_rms_hz,1.0,0.0
SRC_N_REP,WIN-2c7646152da2226dde21,5.0,source,N,spectral_entropy,1.0,0.01666666666666672
SRC_N_REP,WIN-2c7646152da2226dde21,5.0,source,N,spectral_flatness,1.0,0.0
SRC_N_REP,WIN-2c7646152da2226dde21,5.0,source,N,dominant_frequency_hz,1.0,0.00666666666666671
SRC_N_REP,WIN-2c7646152da2226dde21,5.0,source,N,rolloff95_hz,1.0,0.01666666666666672
SRC_N_REP,WIN-2c7646152da2226dde21,5.0,source,N,band_ratio_0_500,1.0,0.043333333333333335
SRC_N_REP,WIN-2c7646152da2226dde21,5.0,source,N,band_ratio_500_1500,1.0,0.0
SRC_N_REP,WIN-2c7646152da2226dde21,5.0,source,N,band_ratio_1500_3000,1.0,0.0
SRC_N_REP,WIN-2c7646152da2226dde21,5.0,source,N,band_ratio_3000_5500,1.0,0.0
SRC_N_REP,WIN-2c7646152da2226dde21,5.0,source,N,envelope_rms,1.0,0.1433333333333333
SRC_N_REP,WIN-2c7646152da2226dde21,5.0,source,N,envelope_kurtosis,1.0,0.010000000000000009
SRC_N_REP,WIN-2c7646152da2226dde21,5.0,source,N,envelope_spectral_entropy,1.0,0.0
SRC_N_REP,WIN-f92b67ed88c20bfd5bc5,5.5,source,N,mean,1.0,0.0
SRC_N_REP,WIN-f92b67ed88c20bfd5bc5,5.5,source,N,std,1.0,0.1466666666666666
SRC_N_REP,WIN-f92b67ed88c20bfd5bc5,5.5,source,N,rms,1.0,0.17333333333333334
SRC_N_REP,WIN-f92b67ed88c20bfd5bc5,5.5,source,N,mean_abs,1.0,0.14
SRC_N_REP,WIN-f92b67ed88c20bfd5bc5,5.5,source,N,peak_abs,1.0,0.16666666666666663
SRC_N_REP,WIN-f92b67ed88c20bfd5bc5,5.5,source,N,peak_to_peak,1.0,0.15000000000000002
SRC_N_REP,WIN-f92b67ed88c20bfd5bc5,5.5,source,N,skewness,1.0,0.0
SRC_N_REP,WIN-f92b67ed88c20bfd5bc5,5.5,source,N,kurtosis,1.0,0.026666666666666616
SRC_N_REP,WIN-f92b67ed88c20bfd5bc5,5.5,source,N,crest_factor,1.0,0.0033333333333332993
SRC_N_REP,WIN-f92b67ed88c20bfd5bc5,5.5,source,N,impulse_factor,1.0,0.010000000000000009
SRC_N_REP,WIN-f92b67ed88c20bfd5bc5,5.5,source,N,shape_factor,1.0,0.026666666666666616
SRC_N_REP,WIN-f92b67ed88c20bfd5bc5,5.5,source,N,clearance_factor,1.0,0.0033333333333332993
SRC_N_REP,WIN-f92b67ed88c20bfd5bc5,5.5,source,N,zero_cross_rate,1.0,0.0
SRC_N_REP,WIN-f92b67ed88c20bfd5bc5,5.5,source,N,spectral_centroid_hz,1.0,0.0033333333333332993
SRC_N_REP,WIN-f92b67ed88c20bfd5bc5,5.5,source,N,spectral_rms_hz,1.0,0.0
SRC_N_REP,WIN-f92b67ed88c20bfd5bc5,5.5,source,N,spectral_entropy,1.0,0.01666666666666672
SRC_N_REP,WIN-f92b67ed88c20bfd5bc5,5.5,source,N,spectral_flatness,1.0,0.0
SRC_N_REP,WIN-f92b67ed88c20bfd5bc5,5.5,source,N,dominant_frequency_hz,1.0,0.00666666666666671
SRC_N_REP,WIN-f92b67ed88c20bfd5bc5,5.5,source,N,rolloff95_hz,1.0,0.01666666666666672
SRC_N_REP,WIN-f92b67ed88c20bfd5bc5,5.5,source,N,band_ratio_0_500,1.0,0.043333333333333335
SRC_N_REP,WIN-f92b67ed88c20bfd5bc5,5.5,source,N,band_ratio_500_1500,1.0,0.0
SRC_N_REP,WIN-f92b67ed88c20bfd5bc5,5.5,source,N,band_ratio_1500_3000,1.0,0.0
SRC_N_REP,WIN-f92b67ed88c20bfd5bc5,5.5,source,N,band_ratio_3000_5500,1.0,0.0
SRC_N_REP,WIN-f92b67ed88c20bfd5bc5,5.5,source,N,envelope_rms,1.0,0.1433333333333333
SRC_N_REP,WIN-f92b67ed88c20bfd5bc5,5.5,source,N,envelope_kurtosis,1.0,0.010000000000000009
SRC_N_REP,WIN-f92b67ed88c20bfd5bc5,5.5,source,N,envelope_spectral_entropy,1.0,0.0
SRC_N_REP,WIN-377f0242b913af013f10,6.0,source,N,mean,1.0,0.0
SRC_N_REP,WIN-377f0242b913af013f10,6.0,source,N,std,1.0,0.1466666666666666
SRC_N_REP,WIN-377f0242b913af013f10,6.0,source,N,rms,1.0,0.17333333333333334
SRC_N_REP,WIN-377f0242b913af013f10,6.0,source,N,mean_abs,1.0,0.14
SRC_N_REP,WIN-377f0242b913af013f10,6.0,source,N,peak_abs,1.0,0.16666666666666663
SRC_N_REP,WIN-377f0242b913af013f10,6.0,source,N,peak_to_peak,1.0,0.15000000000000002
SRC_N_REP,WIN-377f0242b913af013f10,6.0,source,N,skewness,1.0,0.0
SRC_N_REP,WIN-377f0242b913af013f10,6.0,source,N,kurtosis,1.0,0.023333333333333317
SRC_N_REP,WIN-377f0242b913af013f10,6.0,source,N,crest_factor,1.0,0.0033333333333332993
SRC_N_REP,WIN-377f0242b913af013f10,6.0,source,N,impulse_factor,1.0,0.010000000000000009
SRC_N_REP,WIN-377f0242b913af013f10,6.0,source,N,shape_factor,1.0,0.026666666666666616
SRC_N_REP,WIN-377f0242b913af013f10,6.0,source,N,clearance_factor,1.0,0.0033333333333332993
SRC_N_REP,WIN-377f0242b913af013f10,6.0,source,N,zero_cross_rate,1.0,0.0
SRC_N_REP,WIN-377f0242b913af013f10,6.0,source,N,spectral_centroid_hz,1.0,0.0033333333333332993
SRC_N_REP,WIN-377f0242b913af013f10,6.0,source,N,spectral_rms_hz,1.0,0.0
SRC_N_REP,WIN-377f0242b913af013f10,6.0,source,N,spectral_entropy,1.0,0.01666666666666672
SRC_N_REP,WIN-377f0242b913af013f10,6.0,source,N,spectral_flatness,1.0,0.0
SRC_N_REP,WIN-377f0242b913af013f10,6.0,source,N,dominant_frequency_hz,1.0,0.00666666666666671
SRC_N_REP,WIN-377f0242b913af013f10,6.0,source,N,rolloff95_hz,1.0,0.01666666666666672
SRC_N_REP,WIN-377f0242b913af013f10,6.0,source,N,band_ratio_0_500,1.0,0.043333333333333335
SRC_N_REP,WIN-377f0242b913af013f10,6.0,source,N,band_ratio_500_1500,1.0,0.0
SRC_N_REP,WIN-377f0242b913af013f10,6.0,source,N,band_ratio_1500_3000,1.0,0.0
SRC_N_REP,WIN-377f0242b913af013f10,6.0,source,N,band_ratio_3000_5500,1.0,0.0
SRC_N_REP,WIN-377f0242b913af013f10,6.0,source,N,envelope_rms,1.0,0.1433333333333333
SRC_N_REP,WIN-377f0242b913af013f10,6.0,source,N,envelope_kurtosis,1.0,0.010000000000000009
SRC_N_REP,WIN-377f0242b913af013f10,6.0,source,N,envelope_spectral_entropy,1.0,0.0
SRC_N_REP,WIN-a0eee795005bd4b96ac1,6.5,source,N,mean,1.0,0.0
SRC_N_REP,WIN-a0eee795005bd4b96ac1,6.5,source,N,std,1.0,0.1466666666666666
SRC_N_REP,WIN-a0eee795005bd4b96ac1,6.5,source,N,rms,1.0,0.17333333333333334
SRC_N_REP,WIN-a0eee795005bd4b96ac1,6.5,source,N,mean_abs,1.0,0.14
SRC_N_REP,WIN-a0eee795005bd4b96ac1,6.5,source,N,peak_abs,1.0,0.16666666666666663
SRC_N_REP,WIN-a0eee795005bd4b96ac1,6.5,source,N,peak_to_peak,1.0,0.15000000000000002
SRC_N_REP,WIN-a0eee795005bd4b96ac1,6.5,source,N,skewness,1.0,0.0
SRC_N_REP,WIN-a0eee795005bd4b96ac1,6.5,source,N,kurtosis,1.0,0.026666666666666616
SRC_N_REP,WIN-a0eee795005bd4b96ac1,6.5,source,N,crest_factor,1.0,0.0033333333333332993
SRC_N_REP,WIN-a0eee795005bd4b96ac1,6.5,source,N,impulse_factor,1.0,0.010000000000000009
SRC_N_REP,WIN-a0eee795005bd4b96ac1,6.5,source,N,shape_factor,1.0,0.026666666666666616
SRC_N_REP,WIN-a0eee795005bd4b96ac1,6.5,source,N,clearance_factor,1.0,0.0033333333333332993
SRC_N_REP,WIN-a0eee795005bd4b96ac1,6.5,source,N,zero_cross_rate,1.0,0.0
SRC_N_REP,WIN-a0eee795005bd4b96ac1,6.5,source,N,spectral_centroid_hz,1.0,0.0033333333333332993
SRC_N_REP,WIN-a0eee795005bd4b96ac1,6.5,source,N,spectral_rms_hz,1.0,0.0
SRC_N_REP,WIN-a0eee795005bd4b96ac1,6.5,source,N,spectral_entropy,1.0,0.01666666666666672
SRC_N_REP,WIN-a0eee795005bd4b96ac1,6.5,source,N,spectral_flatness,1.0,0.0
SRC_N_REP,WIN-a0eee795005bd4b96ac1,6.5,source,N,dominant_frequency_hz,1.0,0.00666666666666671
SRC_N_REP,WIN-a0eee795005bd4b96ac1,6.5,source,N,rolloff95_hz,1.0,0.01666666666666672
SRC_N_REP,WIN-a0eee795005bd4b96ac1,6.5,source,N,band_ratio_0_500,1.0,0.043333333333333335
SRC_N_REP,WIN-a0eee795005bd4b96ac1,6.5,source,N,band_ratio_500_1500,1.0,0.0
SRC_N_REP,WIN-a0eee795005bd4b96ac1,6.5,source,N,band_ratio_1500_3000,1.0,0.0
SRC_N_REP,WIN-a0eee795005bd4b96ac1,6.5,source,N,band_ratio_3000_5500,1.0,0.0
SRC_N_REP,WIN-a0eee795005bd4b96ac1,6.5,source,N,envelope_rms,1.0,0.1433333333333333
SRC_N_REP,WIN-a0eee795005bd4b96ac1,6.5,source,N,envelope_kurtosis,1.0,0.010000000000000009
SRC_N_REP,WIN-a0eee795005bd4b96ac1,6.5,source,N,envelope_spectral_entropy,1.0,0.0
SRC_N_REP,WIN-b41d078c21a5ce4af4b3,7.0,source,N,mean,1.0,0.0
SRC_N_REP,WIN-b41d078c21a5ce4af4b3,7.0,source,N,std,1.0,0.1466666666666666
SRC_N_REP,WIN-b41d078c21a5ce4af4b3,7.0,source,N,rms,1.0,0.17333333333333334
SRC_N_REP,WIN-b41d078c21a5ce4af4b3,7.0,source,N,mean_abs,1.0,0.14
SRC_N_REP,WIN-b41d078c21a5ce4af4b3,7.0,source,N,peak_abs,1.0,0.16666666666666663
SRC_N_REP,WIN-b41d078c21a5ce4af4b3,7.0,source,N,peak_to_peak,1.0,0.15000000000000002
SRC_N_REP,WIN-b41d078c21a5ce4af4b3,7.0,source,N,skewness,1.0,0.0
SRC_N_REP,WIN-b41d078c21a5ce4af4b3,7.0,source,N,kurtosis,1.0,0.026666666666666616
SRC_N_REP,WIN-b41d078c21a5ce4af4b3,7.0,source,N,crest_factor,1.0,0.0033333333333332993
SRC_N_REP,WIN-b41d078c21a5ce4af4b3,7.0,source,N,impulse_factor,1.0,0.010000000000000009
SRC_N_REP,WIN-b41d078c21a5ce4af4b3,7.0,source,N,shape_factor,1.0,0.026666666666666616
SRC_N_REP,WIN-b41d078c21a5ce4af4b3,7.0,source,N,clearance_factor,1.0,0.0033333333333332993
SRC_N_REP,WIN-b41d078c21a5ce4af4b3,7.0,source,N,zero_cross_rate,1.0,0.0
SRC_N_REP,WIN-b41d078c21a5ce4af4b3,7.0,source,N,spectral_centroid_hz,1.0,0.0033333333333332993
SRC_N_REP,WIN-b41d078c21a5ce4af4b3,7.0,source,N,spectral_rms_hz,1.0,0.0
SRC_N_REP,WIN-b41d078c21a5ce4af4b3,7.0,source,N,spectral_entropy,1.0,0.01666666666666672
SRC_N_REP,WIN-b41d078c21a5ce4af4b3,7.0,source,N,spectral_flatness,1.0,0.0
SRC_N_REP,WIN-b41d078c21a5ce4af4b3,7.0,source,N,dominant_frequency_hz,1.0,0.00666666666666671
SRC_N_REP,WIN-b41d078c21a5ce4af4b3,7.0,source,N,rolloff95_hz,1.0,0.01666666666666672
SRC_N_REP,WIN-b41d078c21a5ce4af4b3,7.0,source,N,band_ratio_0_500,1.0,0.043333333333333335
SRC_N_REP,WIN-b41d078c21a5ce4af4b3,7.0,source,N,band_ratio_500_1500,1.0,0.0
SRC_N_REP,WIN-b41d078c21a5ce4af4b3,7.0,source,N,band_ratio_1500_3000,1.0,0.0
SRC_N_REP,WIN-b41d078c21a5ce4af4b3,7.0,source,N,band_ratio_3000_5500,1.0,0.0
SRC_N_REP,WIN-b41d078c21a5ce4af4b3,7.0,source,N,envelope_rms,1.0,0.1433333333333333
SRC_N_REP,WIN-b41d078c21a5ce4af4b3,7.0,source,N,envelope_kurtosis,1.0,0.010000000000000009
SRC_N_REP,WIN-b41d078c21a5ce4af4b3,7.0,source,N,envelope_spectral_entropy,1.0,0.0
SRC_OOF_DIFFICULT,WIN-cd511d89f0ae8602c18f,0.0,source,OR,mean,0.9423296231569179,0.0
SRC_OOF_DIFFICULT,WIN-cd511d89f0ae8602c18f,0.0,source,OR,std,0.9423296231569179,0.004281609195402325
SRC_OOF_DIFFICULT,WIN-cd511d89f0ae8602c18f,0.0,source,OR,rms,0.9423296231569179,0.0
SRC_OOF_DIFFICULT,WIN-cd511d89f0ae8602c18f,0.0,source,OR,mean_abs,0.9423296231569179,0.01139601139601154
SRC_OOF_DIFFICULT,WIN-cd511d89f0ae8602c18f,0.0,source,OR,peak_abs,0.9423296231569179,0.03361111111111126
SRC_OOF_DIFFICULT,WIN-cd511d89f0ae8602c18f,0.0,source,OR,peak_to_peak,0.9423296231569179,0.055453655790721146
SRC_OOF_DIFFICULT,WIN-cd511d89f0ae8602c18f,0.0,source,OR,skewness,0.9423296231569179,0.0
SRC_OOF_DIFFICULT,WIN-cd511d89f0ae8602c18f,0.0,source,OR,kurtosis,0.9423296231569179,0.1418945089528475
SRC_OOF_DIFFICULT,WIN-cd511d89f0ae8602c18f,0.0,source,OR,crest_factor,0.9423296231569179,0.1494784510069136
SRC_OOF_DIFFICULT,WIN-cd511d89f0ae8602c18f,0.0,source,OR,impulse_factor,0.9423296231569179,0.1540059082249925
SRC_OOF_DIFFICULT,WIN-cd511d89f0ae8602c18f,0.0,source,OR,shape_factor,0.9423296231569179,0.19871862991355438
SRC_OOF_DIFFICULT,WIN-cd511d89f0ae8602c18f,0.0,source,OR,clearance_factor,0.9423296231569179,0.14300229320943614
SRC_OOF_DIFFICULT,WIN-cd511d89f0ae8602c18f,0.0,source,OR,zero_cross_rate,0.9423296231569179,-0.007179487179487132
SRC_OOF_DIFFICULT,WIN-cd511d89f0ae8602c18f,0.0,source,OR,spectral_centroid_hz,0.9423296231569179,-0.0040000000000000036
SRC_OOF_DIFFICULT,WIN-cd511d89f0ae8602c18f,0.0,source,OR,spectral_rms_hz,0.9423296231569179,0.00023809523809514843
SRC_OOF_DIFFICULT,WIN-cd511d89f0ae8602c18f,0.0,source,OR,spectral_entropy,0.9423296231569179,0.03157264957264938
SRC_OOF_DIFFICULT,WIN-cd511d89f0ae8602c18f,0.0,source,OR,spectral_flatness,0.9423296231569179,0.04461279461279466
SRC_OOF_DIFFICULT,WIN-cd511d89f0ae8602c18f,0.0,source,OR,dominant_frequency_hz,0.9423296231569179,0.00242424242424244
SRC_OOF_DIFFICULT,WIN-cd511d89f0ae8602c18f,0.0,source,OR,rolloff95_hz,0.9423296231569179,0.016666666666666607
SRC_OOF_DIFFICULT,WIN-cd511d89f0ae8602c18f,0.0,source,OR,band_ratio_0_500,0.9423296231569179,-0.00838888888888889
SRC_OOF_DIFFICULT,WIN-cd511d89f0ae8602c18f,0.0,source,OR,band_ratio_500_1500,0.9423296231569179,-0.0033333333333332993
SRC_OOF_DIFFICULT,WIN-cd511d89f0ae8602c18f,0.0,source,OR,band_ratio_1500_3000,0.9423296231569179,0.00666666666666671
SRC_OOF_DIFFICULT,WIN-cd511d89f0ae8602c18f,0.0,source,OR,band_ratio_3000_5500,0.9423296231569179,0.009166666666666656
SRC_OOF_DIFFICULT,WIN-cd511d89f0ae8602c18f,0.0,source,OR,envelope_rms,0.9423296231569179,0.007575757575757458
SRC_OOF_DIFFICULT,WIN-cd511d89f0ae8602c18f,0.0,source,OR,envelope_kurtosis,0.9423296231569179,0.16780814215024742
SRC_OOF_DIFFICULT,WIN-cd511d89f0ae8602c18f,0.0,source,OR,envelope_spectral_entropy,0.9423296231569179,0.07947006294832382
SRC_OOF_DIFFICULT,WIN-bb0222b9ae77b51d728e,0.5,source,OR,mean,0.9782581945854891,0.0
SRC_OOF_DIFFICULT,WIN-bb0222b9ae77b51d728e,0.5,source,OR,std,0.9782581945854891,0.004281609195402325
SRC_OOF_DIFFICULT,WIN-bb0222b9ae77b51d728e,0.5,source,OR,rms,0.9782581945854891,0.0
SRC_OOF_DIFFICULT,WIN-bb0222b9ae77b51d728e,0.5,source,OR,mean_abs,0.9782581945854891,0.00806267806267802
SRC_OOF_DIFFICULT,WIN-bb0222b9ae77b51d728e,0.5,source,OR,peak_abs,0.9782581945854891,0.033611111111110925
SRC_OOF_DIFFICULT,WIN-bb0222b9ae77b51d728e,0.5,source,OR,peak_to_peak,0.9782581945854891,0.058786989124054556
SRC_OOF_DIFFICULT,WIN-bb0222b9ae77b51d728e,0.5,source,OR,skewness,0.9782581945854891,0.0
SRC_OOF_DIFFICULT,WIN-bb0222b9ae77b51d728e,0.5,source,OR,kurtosis,0.9782581945854891,0.14832308038141861
SRC_OOF_DIFFICULT,WIN-bb0222b9ae77b51d728e,0.5,source,OR,crest_factor,0.9782581945854891,0.1594784510069135
SRC_OOF_DIFFICULT,WIN-bb0222b9ae77b51d728e,0.5,source,OR,impulse_factor,0.9782581945854891,0.16487892409800808
SRC_OOF_DIFFICULT,WIN-bb0222b9ae77b51d728e,0.5,source,OR,shape_factor,0.9782581945854891,0.20821862991355422
SRC_OOF_DIFFICULT,WIN-bb0222b9ae77b51d728e,0.5,source,OR,clearance_factor,0.9782581945854891,0.14633562654276933
SRC_OOF_DIFFICULT,WIN-bb0222b9ae77b51d728e,0.5,source,OR,zero_cross_rate,0.9782581945854891,-0.0005128205128206442
SRC_OOF_DIFFICULT,WIN-bb0222b9ae77b51d728e,0.5,source,OR,spectral_centroid_hz,0.9782581945854891,-0.004000000000000115
SRC_OOF_DIFFICULT,WIN-bb0222b9ae77b51d728e,0.5,source,OR,spectral_rms_hz,0.9782581945854891,0.0033333333333332993
SRC_OOF_DIFFICULT,WIN-bb0222b9ae77b51d728e,0.5,source,OR,spectral_entropy,0.9782581945854891,0.0449059829059828
SRC_OOF_DIFFICULT,WIN-bb0222b9ae77b51d728e,0.5,source,OR,spectral_flatness,0.9782581945854891,0.044612794612794326
SRC_OOF_DIFFICULT,WIN-bb0222b9ae77b51d728e,0.5,source,OR,dominant_frequency_hz,0.9782581945854891,0.002424242424242329
SRC_OOF_DIFFICULT,WIN-bb0222b9ae77b51d728e,0.5,source,OR,rolloff95_hz,0.9782581945854891,0.01666666666666672
SRC_OOF_DIFFICULT,WIN-bb0222b9ae77b51d728e,0.5,source,OR,band_ratio_0_500,0.9782581945854891,-0.0022222222222222365
SRC_OOF_DIFFICULT,WIN-bb0222b9ae77b51d728e,0.5,source,OR,band_ratio_500_1500,0.9782581945854891,0.0
SRC_OOF_DIFFICULT,WIN-bb0222b9ae77b51d728e,0.5,source,OR,band_ratio_1500_3000,0.9782581945854891,0.0033333333333332993
SRC_OOF_DIFFICULT,WIN-bb0222b9ae77b51d728e,0.5,source,OR,band_ratio_3000_5500,0.9782581945854891,0.009166666666666656
SRC_OOF_DIFFICULT,WIN-bb0222b9ae77b51d728e,0.5,source,OR,envelope_rms,0.9782581945854891,0.007575757575757569
SRC_OOF_DIFFICULT,WIN-bb0222b9ae77b51d728e,0.5,source,OR,envelope_kurtosis,0.9782581945854891,0.1711414754835805
SRC_OOF_DIFFICULT,WIN-bb0222b9ae77b51d728e,0.5,source,OR,envelope_spectral_entropy,0.9782581945854891,0.09613672961499031
SRC_OOF_DIFFICULT,WIN-bd60552c9ac1eb806ebb,1.0,source,OR,mean,0.9761478049750997,0.0
SRC_OOF_DIFFICULT,WIN-bd60552c9ac1eb806ebb,1.0,source,OR,std,0.9761478049750997,0.0009482758620690257
SRC_OOF_DIFFICULT,WIN-bd60552c9ac1eb806ebb,1.0,source,OR,rms,0.9761478049750997,0.0
SRC_OOF_DIFFICULT,WIN-bd60552c9ac1eb806ebb,1.0,source,OR,mean_abs,0.9761478049750997,0.008062678062678241
SRC_OOF_DIFFICULT,WIN-bd60552c9ac1eb806ebb,1.0,source,OR,peak_abs,0.9761478049750997,0.02111111111111108
SRC_OOF_DIFFICULT,WIN-bd60552c9ac1eb806ebb,1.0,source,OR,peak_to_peak,0.9761478049750997,0.06295365579072132
SRC_OOF_DIFFICULT,WIN-bd60552c9ac1eb806ebb,1.0,source,OR,skewness,0.9761478049750997,0.0
SRC_OOF_DIFFICULT,WIN-bd60552c9ac1eb806ebb,1.0,source,OR,kurtosis,0.9761478049750997,0.1452278422861807
SRC_OOF_DIFFICULT,WIN-bd60552c9ac1eb806ebb,1.0,source,OR,crest_factor,0.9761478049750997,0.14477715230561494
SRC_OOF_DIFFICULT,WIN-bd60552c9ac1eb806ebb,1.0,source,OR,impulse_factor,0.9761478049750997,0.15080515064923483
SRC_OOF_DIFFICULT,WIN-bd60552c9ac1eb806ebb,1.0,source,OR,shape_factor,0.9761478049750997,0.20155196324688773
SRC_OOF_DIFFICULT,WIN-bd60552c9ac1eb806ebb,1.0,source,OR,clearance_factor,0.9761478049750997,0.14364666550380845
SRC_OOF_DIFFICULT,WIN-bd60552c9ac1eb806ebb,1.0,source,OR,zero_cross_rate,0.9761478049750997,-0.0005128205128206442
SRC_OOF_DIFFICULT,WIN-bd60552c9ac1eb806ebb,1.0,source,OR,spectral_centroid_hz,0.9761478049750997,-0.0039999999999997815
SRC_OOF_DIFFICULT,WIN-bd60552c9ac1eb806ebb,1.0,source,OR,spectral_rms_hz,0.9761478049750997,-0.002943722943722804
SRC_OOF_DIFFICULT,WIN-bd60552c9ac1eb806ebb,1.0,source,OR,spectral_entropy,0.9761478049750997,0.0482393162393161
SRC_OOF_DIFFICULT,WIN-bd60552c9ac1eb806ebb,1.0,source,OR,spectral_flatness,0.9761478049750997,0.04461279461279466
SRC_OOF_DIFFICULT,WIN-bd60552c9ac1eb806ebb,1.0,source,OR,dominant_frequency_hz,0.9761478049750997,0.00242424242424244
SRC_OOF_DIFFICULT,WIN-bd60552c9ac1eb806ebb,1.0,source,OR,rolloff95_hz,0.9761478049750997,0.016666666666666607
SRC_OOF_DIFFICULT,WIN-bd60552c9ac1eb806ebb,1.0,source,OR,band_ratio_0_500,0.9761478049750997,-0.0022222222222221255
SRC_OOF_DIFFICULT,WIN-bd60552c9ac1eb806ebb,1.0,source,OR,band_ratio_500_1500,0.9761478049750997,0.0
SRC_OOF_DIFFICULT,WIN-bd60552c9ac1eb806ebb,1.0,source,OR,band_ratio_1500_3000,0.9761478049750997,0.006666666666666599
SRC_OOF_DIFFICULT,WIN-bd60552c9ac1eb806ebb,1.0,source,OR,band_ratio_3000_5500,0.9761478049750997,0.005833333333333357
SRC_OOF_DIFFICULT,WIN-bd60552c9ac1eb806ebb,1.0,source,OR,envelope_rms,0.9761478049750997,0.00757575757575768
SRC_OOF_DIFFICULT,WIN-bd60552c9ac1eb806ebb,1.0,source,OR,envelope_kurtosis,0.9761478049750997,0.1644748088169139
SRC_OOF_DIFFICULT,WIN-bd60552c9ac1eb806ebb,1.0,source,OR,envelope_spectral_entropy,0.9761478049750997,0.09280339628165712
SRC_OOF_DIFFICULT,WIN-63a924876d6240986625,1.5,source,OR,mean,0.9663329901602848,0.0
SRC_OOF_DIFFICULT,WIN-63a924876d6240986625,1.5,source,OR,std,0.9663329901602848,0.0009482758620690257
SRC_OOF_DIFFICULT,WIN-63a924876d6240986625,1.5,source,OR,rms,0.9663329901602848,0.0
SRC_OOF_DIFFICULT,WIN-63a924876d6240986625,1.5,source,OR,mean_abs,0.9663329901602848,0.008062678062678241
SRC_OOF_DIFFICULT,WIN-63a924876d6240986625,1.5,source,OR,peak_abs,0.9663329901602848,0.01777777777777778
SRC_OOF_DIFFICULT,WIN-63a924876d6240986625,1.5,source,OR,peak_to_peak,0.9663329901602848,0.06628698912405451
SRC_OOF_DIFFICULT,WIN-63a924876d6240986625,1.5,source,OR,skewness,0.9663329901602848,0.00666666666666671
SRC_OOF_DIFFICULT,WIN-63a924876d6240986625,1.5,source,OR,kurtosis,0.9663329901602848,0.14541302747136586
SRC_OOF_DIFFICULT,WIN-63a924876d6240986625,1.5,source,OR,crest_factor,0.9663329901602848,0.14477715230561483
SRC_OOF_DIFFICULT,WIN-63a924876d6240986625,1.5,source,OR,impulse_factor,0.9663329901602848,0.15413848398256813
SRC_OOF_DIFFICULT,WIN-63a924876d6240986625,1.5,source,OR,shape_factor,0.9663329901602848,0.20488529658022103
SRC_OOF_DIFFICULT,WIN-63a924876d6240986625,1.5,source,OR,clearance_factor,0.9663329901602848,0.14531333217047504
SRC_OOF_DIFFICULT,WIN-63a924876d6240986625,1.5,source,OR,zero_cross_rate,0.9663329901602848,-0.0005128205128206442
SRC_OOF_DIFFICULT,WIN-63a924876d6240986625,1.5,source,OR,spectral_centroid_hz,0.9663329901602848,-0.0006666666666664822
SRC_OOF_DIFFICULT,WIN-63a924876d6240986625,1.5,source,OR,spectral_rms_hz,0.9663329901602848,-0.006091871091870926
SRC_OOF_DIFFICULT,WIN-63a924876d6240986625,1.5,source,OR,spectral_entropy,0.9663329901602848,0.04157264957264939
SRC_OOF_DIFFICULT,WIN-63a924876d6240986625,1.5,source,OR,spectral_flatness,0.9663329901602848,0.03813131313131313
SRC_OOF_DIFFICULT,WIN-63a924876d6240986625,1.5,source,OR,dominant_frequency_hz,0.9663329901602848,0.002424242424242551
SRC_OOF_DIFFICULT,WIN-63a924876d6240986625,1.5,source,OR,rolloff95_hz,0.9663329901602848,0.01666666666666672
SRC_OOF_DIFFICULT,WIN-63a924876d6240986625,1.5,source,OR,band_ratio_0_500,0.9663329901602848,-0.0022222222222221255
SRC_OOF_DIFFICULT,WIN-63a924876d6240986625,1.5,source,OR,band_ratio_500_1500,0.9663329901602848,0.0
SRC_OOF_DIFFICULT,WIN-63a924876d6240986625,1.5,source,OR,band_ratio_1500_3000,0.9663329901602848,0.010000000000000009
SRC_OOF_DIFFICULT,WIN-63a924876d6240986625,1.5,source,OR,band_ratio_3000_5500,0.9663329901602848,0.0025000000000000577
SRC_OOF_DIFFICULT,WIN-63a924876d6240986625,1.5,source,OR,envelope_rms,0.9663329901602848,0.009004329004329015
SRC_OOF_DIFFICULT,WIN-63a924876d6240986625,1.5,source,OR,envelope_kurtosis,0.9663329901602848,0.164474808816914
SRC_OOF_DIFFICULT,WIN-63a924876d6240986625,1.5,source,OR,envelope_spectral_entropy,0.9663329901602848,0.09947006294832361
SRC_OOF_DIFFICULT,WIN-8f4d77f6658dd2d49e9d,2.0,source,OR,mean,0.9404873855194995,0.0033333333333332993
SRC_OOF_DIFFICULT,WIN-8f4d77f6658dd2d49e9d,2.0,source,OR,std,0.9404873855194995,0.0009482758620690257
SRC_OOF_DIFFICULT,WIN-8f4d77f6658dd2d49e9d,2.0,source,OR,rms,0.9404873855194995,-0.0033333333333332993
SRC_OOF_DIFFICULT,WIN-8f4d77f6658dd2d49e9d,2.0,source,OR,mean_abs,0.9404873855194995,0.008062678062678241
SRC_OOF_DIFFICULT,WIN-8f4d77f6658dd2d49e9d,2.0,source,OR,peak_abs,0.9404873855194995,0.01361111111111124
SRC_OOF_DIFFICULT,WIN-8f4d77f6658dd2d49e9d,2.0,source,OR,peak_to_peak,0.9404873855194995,0.05303397707586177
SRC_OOF_DIFFICULT,WIN-8f4d77f6658dd2d49e9d,2.0,source,OR,skewness,0.9404873855194995,0.006666666666666599
SRC_OOF_DIFFICULT,WIN-8f4d77f6658dd2d49e9d,2.0,source,OR,kurtosis,0.9404873855194995,0.14216001542317314
SRC_OOF_DIFFICULT,WIN-8f4d77f6658dd2d49e9d,2.0,source,OR,crest_factor,0.9404873855194995,0.14477715230561483
SRC_OOF_DIFFICULT,WIN-8f4d77f6658dd2d49e9d,2.0,source,OR,impulse_factor,0.9404873855194995,0.15413848398256802
SRC_OOF_DIFFICULT,WIN-8f4d77f6658dd2d49e9d,2.0,source,OR,shape_factor,0.9404873855194995,0.19905196324688768
SRC_OOF_DIFFICULT,WIN-8f4d77f6658dd2d49e9d,2.0,source,OR,clearance_factor,0.9404873855194995,0.14772073957788245
SRC_OOF_DIFFICULT,WIN-8f4d77f6658dd2d49e9d,2.0,source,OR,zero_cross_rate,0.9404873855194995,-0.0005128205128206442
SRC_OOF_DIFFICULT,WIN-8f4d77f6658dd2d49e9d,2.0,source,OR,spectral_centroid_hz,0.9404873855194995,-0.020586345381525817
SRC_OOF_DIFFICULT,WIN-8f4d77f6658dd2d49e9d,2.0,source,OR,spectral_rms_hz,0.9404873855194995,-0.006091871091871148
SRC_OOF_DIFFICULT,WIN-8f4d77f6658dd2d49e9d,2.0,source,OR,spectral_entropy,0.9404873855194995,0.03823931623931609
SRC_OOF_DIFFICULT,WIN-8f4d77f6658dd2d49e9d,2.0,source,OR,spectral_flatness,0.9404873855194995,0.03813131313131313
SRC_OOF_DIFFICULT,WIN-8f4d77f6658dd2d49e9d,2.0,source,OR,dominant_frequency_hz,0.9404873855194995,0.00242424242424244
SRC_OOF_DIFFICULT,WIN-8f4d77f6658dd2d49e9d,2.0,source,OR,rolloff95_hz,0.9404873855194995,0.016666666666666607
SRC_OOF_DIFFICULT,WIN-8f4d77f6658dd2d49e9d,2.0,source,OR,band_ratio_0_500,0.9404873855194995,-0.0022222222222221255
SRC_OOF_DIFFICULT,WIN-8f4d77f6658dd2d49e9d,2.0,source,OR,band_ratio_500_1500,0.9404873855194995,0.0
SRC_OOF_DIFFICULT,WIN-8f4d77f6658dd2d49e9d,2.0,source,OR,band_ratio_1500_3000,0.9404873855194995,0.013333333333333308
SRC_OOF_DIFFICULT,WIN-8f4d77f6658dd2d49e9d,2.0,source,OR,band_ratio_3000_5500,0.9404873855194995,0.0
SRC_OOF_DIFFICULT,WIN-8f4d77f6658dd2d49e9d,2.0,source,OR,envelope_rms,0.9404873855194995,0.009004329004329015
SRC_OOF_DIFFICULT,WIN-8f4d77f6658dd2d49e9d,2.0,source,OR,envelope_kurtosis,0.9404873855194995,0.1578081421502473
SRC_OOF_DIFFICULT,WIN-8f4d77f6658dd2d49e9d,2.0,source,OR,envelope_spectral_entropy,0.9404873855194995,0.09280339628165701
SRC_OOF_DIFFICULT,WIN-7bd755f1fe2fbcfdc305,2.5,source,OR,mean,0.9422671106919663,0.0007407407407407085
SRC_OOF_DIFFICULT,WIN-7bd755f1fe2fbcfdc305,2.5,source,OR,std,0.9422671106919663,0.004281609195402325
SRC_OOF_DIFFICULT,WIN-7bd755f1fe2fbcfdc305,2.5,source,OR,rms,0.9422671106919663,-0.0033333333333332993
SRC_OOF_DIFFICULT,WIN-7bd755f1fe2fbcfdc305,2.5,source,OR,mean_abs,0.9422671106919663,0.008062678062678241
SRC_OOF_DIFFICULT,WIN-7bd755f1fe2fbcfdc305,2.5,source,OR,peak_abs,0.9422671106919663,0.03361111111111126
SRC_OOF_DIFFICULT,WIN-7bd755f1fe2fbcfdc305,2.5,source,OR,peak_to_peak,0.9422671106919663,0.055453655790721146
SRC_OOF_DIFFICULT,WIN-7bd755f1fe2fbcfdc305,2.5,source,OR,skewness,0.9422671106919663,0.00666666666666671
SRC_OOF_DIFFICULT,WIN-7bd755f1fe2fbcfdc305,2.5,source,OR,kurtosis,0.9422671106919663,0.14731778937612783
SRC_OOF_DIFFICULT,WIN-7bd755f1fe2fbcfdc305,2.5,source,OR,crest_factor,0.9422671106919663,0.15150516413118753
SRC_OOF_DIFFICULT,WIN-7bd755f1fe2fbcfdc305,2.5,source,OR,impulse_factor,0.9422671106919663,0.15730487729715725
SRC_OOF_DIFFICULT,WIN-7bd755f1fe2fbcfdc305,2.5,source,OR,shape_factor,0.9422671106919663,0.20488529658022092
SRC_OOF_DIFFICULT,WIN-7bd755f1fe2fbcfdc305,2.5,source,OR,clearance_factor,0.9422671106919663,0.14170407291121578
SRC_OOF_DIFFICULT,WIN-7bd755f1fe2fbcfdc305,2.5,source,OR,zero_cross_rate,0.9422671106919663,-0.017057535959975056
SRC_OOF_DIFFICULT,WIN-7bd755f1fe2fbcfdc305,2.5,source,OR,spectral_centroid_hz,0.9422671106919663,-0.0006666666666668153
SRC_OOF_DIFFICULT,WIN-7bd755f1fe2fbcfdc305,2.5,source,OR,spectral_rms_hz,0.9422671106919663,-0.006091871091871148
SRC_OOF_DIFFICULT,WIN-7bd755f1fe2fbcfdc305,2.5,source,OR,spectral_entropy,0.9422671106919663,0.02823931623931608
SRC_OOF_DIFFICULT,WIN-7bd755f1fe2fbcfdc305,2.5,source,OR,spectral_flatness,0.9422671106919663,0.03813131313131313
SRC_OOF_DIFFICULT,WIN-7bd755f1fe2fbcfdc305,2.5,source,OR,dominant_frequency_hz,0.9422671106919663,0.00242424242424244
SRC_OOF_DIFFICULT,WIN-7bd755f1fe2fbcfdc305,2.5,source,OR,rolloff95_hz,0.9422671106919663,0.013333333333333308
SRC_OOF_DIFFICULT,WIN-7bd755f1fe2fbcfdc305,2.5,source,OR,band_ratio_0_500,0.9422671106919663,-0.0022222222222221255
SRC_OOF_DIFFICULT,WIN-7bd755f1fe2fbcfdc305,2.5,source,OR,band_ratio_500_1500,0.9422671106919663,0.0
SRC_OOF_DIFFICULT,WIN-7bd755f1fe2fbcfdc305,2.5,source,OR,band_ratio_1500_3000,0.9422671106919663,0.013999999999999901
SRC_OOF_DIFFICULT,WIN-7bd755f1fe2fbcfdc305,2.5,source,OR,band_ratio_3000_5500,0.9422671106919663,0.0024999999999999467
SRC_OOF_DIFFICULT,WIN-7bd755f1fe2fbcfdc305,2.5,source,OR,envelope_rms,0.9422671106919663,0.007575757575757458
SRC_OOF_DIFFICULT,WIN-7bd755f1fe2fbcfdc305,2.5,source,OR,envelope_kurtosis,0.9422671106919663,0.1611414754835805
SRC_OOF_DIFFICULT,WIN-7bd755f1fe2fbcfdc305,2.5,source,OR,envelope_spectral_entropy,0.9422671106919663,0.09947006294832372
SRC_OOF_DIFFICULT,WIN-cc1df41c2e92e448ef9f,3.0,source,OR,mean,0.9758322686595633,0.0007407407407408195
SRC_OOF_DIFFICULT,WIN-cc1df41c2e92e448ef9f,3.0,source,OR,std,0.9758322686595633,0.004281609195402325
SRC_OOF_DIFFICULT,WIN-cc1df41c2e92e448ef9f,3.0,source,OR,rms,0.9758322686595633,-0.0033333333333332993
SRC_OOF_DIFFICULT,WIN-cc1df41c2e92e448ef9f,3.0,source,OR,mean_abs,0.9758322686595633,0.00806267806267802
SRC_OOF_DIFFICULT,WIN-cc1df41c2e92e448ef9f,3.0,source,OR,peak_abs,0.9758322686595633,0.026944444444444215
SRC_OOF_DIFFICULT,WIN-cc1df41c2e92e448ef9f,3.0,source,OR,peak_to_peak,0.9758322686595633,0.06545365579072104
SRC_OOF_DIFFICULT,WIN-cc1df41c2e92e448ef9f,3.0,source,OR,skewness,0.9758322686595633,0.004166666666666763
SRC_OOF_DIFFICULT,WIN-cc1df41c2e92e448ef9f,3.0,source,OR,kurtosis,0.9758322686595633,0.15165641371475214
SRC_OOF_DIFFICULT,WIN-cc1df41c2e92e448ef9f,3.0,source,OR,crest_factor,0.9758322686595633,0.14411048563894813
SRC_OOF_DIFFICULT,WIN-cc1df41c2e92e448ef9f,3.0,source,OR,impulse_factor,0.9758322686595633,0.167066782059062
SRC_OOF_DIFFICULT,WIN-cc1df41c2e92e448ef9f,3.0,source,OR,shape_factor,0.9758322686595633,0.20571862991355427
SRC_OOF_DIFFICULT,WIN-cc1df41c2e92e448ef9f,3.0,source,OR,clearance_factor,0.9758322686595633,0.14307636728351014
SRC_OOF_DIFFICULT,WIN-cc1df41c2e92e448ef9f,3.0,source,OR,zero_cross_rate,0.9758322686595633,-0.0005128205128205332
SRC_OOF_DIFFICULT,WIN-cc1df41c2e92e448ef9f,3.0,source,OR,spectral_centroid_hz,0.9758322686595633,-0.0006666666666668153
SRC_OOF_DIFFICULT,WIN-cc1df41c2e92e448ef9f,3.0,source,OR,spectral_rms_hz,0.9758322686595633,0.0033333333333334103
SRC_OOF_DIFFICULT,WIN-cc1df41c2e92e448ef9f,3.0,source,OR,spectral_entropy,0.9758322686595633,0.03490598290598257
SRC_OOF_DIFFICULT,WIN-cc1df41c2e92e448ef9f,3.0,source,OR,spectral_flatness,0.9758322686595633,0.04127946127946103
SRC_OOF_DIFFICULT,WIN-cc1df41c2e92e448ef9f,3.0,source,OR,dominant_frequency_hz,0.9758322686595633,0.002424242424242329
SRC_OOF_DIFFICULT,WIN-cc1df41c2e92e448ef9f,3.0,source,OR,rolloff95_hz,0.9758322686595633,0.01333333333333342
SRC_OOF_DIFFICULT,WIN-cc1df41c2e92e448ef9f,3.0,source,OR,band_ratio_0_500,0.9758322686595633,-0.004722222222222183
SRC_OOF_DIFFICULT,WIN-cc1df41c2e92e448ef9f,3.0,source,OR,band_ratio_500_1500,0.9758322686595633,0.0
SRC_OOF_DIFFICULT,WIN-cc1df41c2e92e448ef9f,3.0,source,OR,band_ratio_1500_3000,0.9758322686595633,0.00666666666666671
SRC_OOF_DIFFICULT,WIN-cc1df41c2e92e448ef9f,3.0,source,OR,band_ratio_3000_5500,0.9758322686595633,0.005833333333333357
SRC_OOF_DIFFICULT,WIN-cc1df41c2e92e448ef9f,3.0,source,OR,envelope_rms,0.9758322686595633,0.01227705627705622
SRC_OOF_DIFFICULT,WIN-cc1df41c2e92e448ef9f,3.0,source,OR,envelope_kurtosis,0.9758322686595633,0.1744748088169138
SRC_OOF_DIFFICULT,WIN-cc1df41c2e92e448ef9f,3.0,source,OR,envelope_spectral_entropy,0.9758322686595633,0.10278160978928219
SRC_OOF_DIFFICULT,WIN-a828af66f9ef88a58d2f,3.5,source,OR,mean,0.9297806813579761,0.0007407407407408195
SRC_OOF_DIFFICULT,WIN-a828af66f9ef88a58d2f,3.5,source,OR,std,0.9297806813579761,0.004281609195402325
SRC_OOF_DIFFICULT,WIN-a828af66f9ef88a58d2f,3.5,source,OR,rms,0.9297806813579761,-0.00666666666666671
SRC_OOF_DIFFICULT,WIN-a828af66f9ef88a58d2f,3.5,source,OR,mean_abs,0.9297806813579761,0.010370370370370252
SRC_OOF_DIFFICULT,WIN-a828af66f9ef88a58d2f,3.5,source,OR,peak_abs,0.9297806813579761,0.025277777777777732
SRC_OOF_DIFFICULT,WIN-a828af66f9ef88a58d2f,3.5,source,OR,peak_to_peak,0.9297806813579761,0.058231433568499025
SRC_OOF_DIFFICULT,WIN-a828af66f9ef88a58d2f,3.5,source,OR,skewness,0.9297806813579761,0.004166666666666652
SRC_OOF_DIFFICULT,WIN-a828af66f9ef88a58d2f,3.5,source,OR,kurtosis,0.9297806813579761,0.1494341914925299
SRC_OOF_DIFFICULT,WIN-a828af66f9ef88a58d2f,3.5,source,OR,crest_factor,0.9297806813579761,0.12299937452783716
SRC_OOF_DIFFICULT,WIN-a828af66f9ef88a58d2f,3.5,source,OR,impulse_factor,0.9297806813579761,0.14559483318891742
SRC_OOF_DIFFICULT,WIN-a828af66f9ef88a58d2f,3.5,source,OR,shape_factor,0.9297806813579761,0.18571862991355437
SRC_OOF_DIFFICULT,WIN-a828af66f9ef88a58d2f,3.5,source,OR,clearance_factor,0.9297806813579761,0.14526763712478008
SRC_OOF_DIFFICULT,WIN-a828af66f9ef88a58d2f,3.5,source,OR,zero_cross_rate,0.9297806813579761,-0.0005128205128206442
SRC_OOF_DIFFICULT,WIN-a828af66f9ef88a58d2f,3.5,source,OR,spectral_centroid_hz,0.9297806813579761,-0.0006666666666668153
SRC_OOF_DIFFICULT,WIN-a828af66f9ef88a58d2f,3.5,source,OR,spectral_rms_hz,0.9297806813579761,0.0033333333333332993
SRC_OOF_DIFFICULT,WIN-a828af66f9ef88a58d2f,3.5,source,OR,spectral_entropy,0.9297806813579761,0.03823931623931609
SRC_OOF_DIFFICULT,WIN-a828af66f9ef88a58d2f,3.5,source,OR,spectral_flatness,0.9297806813579761,0.04461279461279466
SRC_OOF_DIFFICULT,WIN-a828af66f9ef88a58d2f,3.5,source,OR,dominant_frequency_hz,0.9297806813579761,0.002424242424242551
SRC_OOF_DIFFICULT,WIN-a828af66f9ef88a58d2f,3.5,source,OR,rolloff95_hz,0.9297806813579761,0.010000000000000009
SRC_OOF_DIFFICULT,WIN-a828af66f9ef88a58d2f,3.5,source,OR,band_ratio_0_500,0.9297806813579761,-0.005833333333333357
SRC_OOF_DIFFICULT,WIN-a828af66f9ef88a58d2f,3.5,source,OR,band_ratio_500_1500,0.9297806813579761,0.0
SRC_OOF_DIFFICULT,WIN-a828af66f9ef88a58d2f,3.5,source,OR,band_ratio_1500_3000,0.9297806813579761,0.00666666666666671
SRC_OOF_DIFFICULT,WIN-a828af66f9ef88a58d2f,3.5,source,OR,band_ratio_3000_5500,0.9297806813579761,0.005833333333333357
SRC_OOF_DIFFICULT,WIN-a828af66f9ef88a58d2f,3.5,source,OR,envelope_rms,0.9297806813579761,0.01227705627705633
SRC_OOF_DIFFICULT,WIN-a828af66f9ef88a58d2f,3.5,source,OR,envelope_kurtosis,0.9297806813579761,0.17780814215024732
SRC_OOF_DIFFICULT,WIN-a828af66f9ef88a58d2f,3.5,source,OR,envelope_spectral_entropy,0.9297806813579761,0.10292653732551416
SRC_OOF_DIFFICULT,WIN-7cbecb309ffd4e741c77,4.0,source,OR,mean,0.9514845706059831,0.0
SRC_OOF_DIFFICULT,WIN-7cbecb309ffd4e741c77,4.0,source,OR,std,0.9514845706059831,-0.0021286472148540625
SRC_OOF_DIFFICULT,WIN-7cbecb309ffd4e741c77,4.0,source,OR,rms,0.9514845706059831,-0.00666666666666671
SRC_OOF_DIFFICULT,WIN-7cbecb309ffd4e741c77,4.0,source,OR,mean_abs,0.9514845706059831,0.007454212454212739
SRC_OOF_DIFFICULT,WIN-7cbecb309ffd4e741c77,4.0,source,OR,peak_abs,0.9514845706059831,0.024444444444444602
SRC_OOF_DIFFICULT,WIN-7cbecb309ffd4e741c77,4.0,source,OR,peak_to_peak,0.9514845706059831,0.0596203224573878
SRC_OOF_DIFFICULT,WIN-7cbecb309ffd4e741c77,4.0,source,OR,skewness,0.9514845706059831,0.0033333333333332993
SRC_OOF_DIFFICULT,WIN-7cbecb309ffd4e741c77,4.0,source,OR,kurtosis,0.9514845706059831,0.1477348450873014
SRC_OOF_DIFFICULT,WIN-7cbecb309ffd4e741c77,4.0,source,OR,crest_factor,0.9514845706059831,0.14477715230561505
SRC_OOF_DIFFICULT,WIN-7cbecb309ffd4e741c77,4.0,source,OR,impulse_factor,0.9514845706059831,0.1541567990008833
SRC_OOF_DIFFICULT,WIN-7cbecb309ffd4e741c77,4.0,source,OR,shape_factor,0.9514845706059831,0.19598204297108524
SRC_OOF_DIFFICULT,WIN-7cbecb309ffd4e741c77,4.0,source,OR,clearance_factor,0.9514845706059831,0.13122001807716122
SRC_OOF_DIFFICULT,WIN-7cbecb309ffd4e741c77,4.0,source,OR,zero_cross_rate,0.9514845706059831,-0.0038461538461539435
SRC_OOF_DIFFICULT,WIN-7cbecb309ffd4e741c77,4.0,source,OR,spectral_centroid_hz,0.9514845706059831,-0.0006666666666665932
SRC_OOF_DIFFICULT,WIN-7cbecb309ffd4e741c77,4.0,source,OR,spectral_rms_hz,0.9514845706059831,0.0
SRC_OOF_DIFFICULT,WIN-7cbecb309ffd4e741c77,4.0,source,OR,spectral_entropy,0.9514845706059831,0.0442975172975173
SRC_OOF_DIFFICULT,WIN-7cbecb309ffd4e741c77,4.0,source,OR,spectral_flatness,0.9514845706059831,0.04461279461279466
SRC_OOF_DIFFICULT,WIN-7cbecb309ffd4e741c77,4.0,source,OR,dominant_frequency_hz,0.9514845706059831,0.00242424242424244
SRC_OOF_DIFFICULT,WIN-7cbecb309ffd4e741c77,4.0,source,OR,rolloff95_hz,0.9514845706059831,0.016666666666666607
SRC_OOF_DIFFICULT,WIN-7cbecb309ffd4e741c77,4.0,source,OR,band_ratio_0_500,0.9514845706059831,-0.0022222222222221255
SRC_OOF_DIFFICULT,WIN-7cbecb309ffd4e741c77,4.0,source,OR,band_ratio_500_1500,0.9514845706059831,0.0
SRC_OOF_DIFFICULT,WIN-7cbecb309ffd4e741c77,4.0,source,OR,band_ratio_1500_3000,0.9514845706059831,0.00666666666666671
SRC_OOF_DIFFICULT,WIN-7cbecb309ffd4e741c77,4.0,source,OR,band_ratio_3000_5500,0.9514845706059831,0.005833333333333357
SRC_OOF_DIFFICULT,WIN-7cbecb309ffd4e741c77,4.0,source,OR,envelope_rms,0.9514845706059831,-0.002424242424242329
SRC_OOF_DIFFICULT,WIN-7cbecb309ffd4e741c77,4.0,source,OR,envelope_kurtosis,0.9514845706059831,0.16114147548358082
SRC_OOF_DIFFICULT,WIN-7cbecb309ffd4e741c77,4.0,source,OR,envelope_spectral_entropy,0.9514845706059831,0.09280339628165712
SRC_OOF_DIFFICULT,WIN-1582ebec5619786b7c43,4.5,source,OR,mean,0.9824248612521558,0.0
SRC_OOF_DIFFICULT,WIN-1582ebec5619786b7c43,4.5,source,OR,std,0.9824248612521558,0.0009482758620690257
SRC_OOF_DIFFICULT,WIN-1582ebec5619786b7c43,4.5,source,OR,rms,0.9824248612521558,0.0
SRC_OOF_DIFFICULT,WIN-1582ebec5619786b7c43,4.5,source,OR,mean_abs,0.9824248612521558,0.00806267806267802
SRC_OOF_DIFFICULT,WIN-1582ebec5619786b7c43,4.5,source,OR,peak_abs,0.9824248612521558,0.01777777777777756
SRC_OOF_DIFFICULT,WIN-1582ebec5619786b7c43,4.5,source,OR,peak_to_peak,0.9824248612521558,0.0562869891240545
SRC_OOF_DIFFICULT,WIN-1582ebec5619786b7c43,4.5,source,OR,skewness,0.9824248612521558,0.0033333333333332993
SRC_OOF_DIFFICULT,WIN-1582ebec5619786b7c43,4.5,source,OR,kurtosis,0.9824248612521558,0.15165641371475191
SRC_OOF_DIFFICULT,WIN-1582ebec5619786b7c43,4.5,source,OR,crest_factor,0.9824248612521558,0.15061048563894808
SRC_OOF_DIFFICULT,WIN-1582ebec5619786b7c43,4.5,source,OR,impulse_factor,0.9824248612521558,0.15723372207780606
SRC_OOF_DIFFICULT,WIN-1582ebec5619786b7c43,4.5,source,OR,shape_factor,0.9824248612521558,0.2015519632468875
SRC_OOF_DIFFICULT,WIN-1582ebec5619786b7c43,4.5,source,OR,clearance_factor,0.9824248612521558,0.1451618170189598
SRC_OOF_DIFFICULT,WIN-1582ebec5619786b7c43,4.5,source,OR,zero_cross_rate,0.9824248612521558,-0.0005128205128206442
SRC_OOF_DIFFICULT,WIN-1582ebec5619786b7c43,4.5,source,OR,spectral_centroid_hz,0.9824248612521558,-0.0006666666666668153
SRC_OOF_DIFFICULT,WIN-1582ebec5619786b7c43,4.5,source,OR,spectral_rms_hz,0.9824248612521558,0.0033333333333332993
SRC_OOF_DIFFICULT,WIN-1582ebec5619786b7c43,4.5,source,OR,spectral_entropy,0.9824248612521558,0.0482393162393161
SRC_OOF_DIFFICULT,WIN-1582ebec5619786b7c43,4.5,source,OR,spectral_flatness,0.9824248612521558,0.047946127946127626
SRC_OOF_DIFFICULT,WIN-1582ebec5619786b7c43,4.5,source,OR,dominant_frequency_hz,0.9824248612521558,0.002424242424242329
SRC_OOF_DIFFICULT,WIN-1582ebec5619786b7c43,4.5,source,OR,rolloff95_hz,0.9824248612521558,0.01666666666666672
SRC_OOF_DIFFICULT,WIN-1582ebec5619786b7c43,4.5,source,OR,band_ratio_0_500,0.9824248612521558,-0.0022222222222222365
SRC_OOF_DIFFICULT,WIN-1582ebec5619786b7c43,4.5,source,OR,band_ratio_500_1500,0.9824248612521558,0.0
SRC_OOF_DIFFICULT,WIN-1582ebec5619786b7c43,4.5,source,OR,band_ratio_1500_3000,0.9824248612521558,0.00666666666666671
SRC_OOF_DIFFICULT,WIN-1582ebec5619786b7c43,4.5,source,OR,band_ratio_3000_5500,0.9824248612521558,0.005833333333333357
SRC_OOF_DIFFICULT,WIN-1582ebec5619786b7c43,4.5,source,OR,envelope_rms,0.9824248612521558,0.007575757575757458
SRC_OOF_DIFFICULT,WIN-1582ebec5619786b7c43,4.5,source,OR,envelope_kurtosis,0.9824248612521558,0.1644748088169138
SRC_OOF_DIFFICULT,WIN-1582ebec5619786b7c43,4.5,source,OR,envelope_spectral_entropy,0.9824248612521558,0.09280339628165679
SRC_OOF_DIFFICULT,WIN-a1acf3c5b4be577decb9,5.0,source,OR,mean,0.9868885457158405,0.0007407407407408195
SRC_OOF_DIFFICULT,WIN-a1acf3c5b4be577decb9,5.0,source,OR,std,0.9868885457158405,0.004281609195402325
SRC_OOF_DIFFICULT,WIN-a1acf3c5b4be577decb9,5.0,source,OR,rms,0.9868885457158405,0.0033333333333334103
SRC_OOF_DIFFICULT,WIN-a1acf3c5b4be577decb9,5.0,source,OR,mean_abs,0.9868885457158405,0.008062678062678241
SRC_OOF_DIFFICULT,WIN-a1acf3c5b4be577decb9,5.0,source,OR,peak_abs,0.9868885457158405,0.024444444444444602
SRC_OOF_DIFFICULT,WIN-a1acf3c5b4be577decb9,5.0,source,OR,peak_to_peak,0.9868885457158405,0.06295365579072143
SRC_OOF_DIFFICULT,WIN-a1acf3c5b4be577decb9,5.0,source,OR,skewness,0.9868885457158405,0.00666666666666671
SRC_OOF_DIFFICULT,WIN-a1acf3c5b4be577decb9,5.0,source,OR,kurtosis,0.9868885457158405,0.1552278422861808
SRC_OOF_DIFFICULT,WIN-a1acf3c5b4be577decb9,5.0,source,OR,crest_factor,0.9868885457158405,0.147277152305615
SRC_OOF_DIFFICULT,WIN-a1acf3c5b4be577decb9,5.0,source,OR,impulse_factor,0.9868885457158405,0.15524959509367942
SRC_OOF_DIFFICULT,WIN-a1acf3c5b4be577decb9,5.0,source,OR,shape_factor,0.9868885457158405,0.20488529658022114
SRC_OOF_DIFFICULT,WIN-a1acf3c5b4be577decb9,5.0,source,OR,clearance_factor,0.9868885457158405,0.14605407291121597
SRC_OOF_DIFFICULT,WIN-a1acf3c5b4be577decb9,5.0,source,OR,zero_cross_rate,0.9868885457158405,-0.0005128205128205332
SRC_OOF_DIFFICULT,WIN-a1acf3c5b4be577decb9,5.0,source,OR,spectral_centroid_hz,0.9868885457158405,-0.0006666666666663712
SRC_OOF_DIFFICULT,WIN-a1acf3c5b4be577decb9,5.0,source,OR,spectral_rms_hz,0.9868885457158405,0.0037229437229440165
SRC_OOF_DIFFICULT,WIN-a1acf3c5b4be577decb9,5.0,source,OR,spectral_entropy,0.9868885457158405,0.0482393162393161
SRC_OOF_DIFFICULT,WIN-a1acf3c5b4be577decb9,5.0,source,OR,spectral_flatness,0.9868885457158405,0.04127946127946136
SRC_OOF_DIFFICULT,WIN-a1acf3c5b4be577decb9,5.0,source,OR,dominant_frequency_hz,0.9868885457158405,0.002424242424242551
SRC_OOF_DIFFICULT,WIN-a1acf3c5b4be577decb9,5.0,source,OR,rolloff95_hz,0.9868885457158405,0.01666666666666672
SRC_OOF_DIFFICULT,WIN-a1acf3c5b4be577decb9,5.0,source,OR,band_ratio_0_500,0.9868885457158405,-0.0022222222222220145
SRC_OOF_DIFFICULT,WIN-a1acf3c5b4be577decb9,5.0,source,OR,band_ratio_500_1500,0.9868885457158405,0.0
SRC_OOF_DIFFICULT,WIN-a1acf3c5b4be577decb9,5.0,source,OR,band_ratio_1500_3000,0.9868885457158405,0.00666666666666671
SRC_OOF_DIFFICULT,WIN-a1acf3c5b4be577decb9,5.0,source,OR,band_ratio_3000_5500,0.9868885457158405,0.005833333333333357
SRC_OOF_DIFFICULT,WIN-a1acf3c5b4be577decb9,5.0,source,OR,envelope_rms,0.9868885457158405,0.00666666666666671
SRC_OOF_DIFFICULT,WIN-a1acf3c5b4be577decb9,5.0,source,OR,envelope_kurtosis,0.9868885457158405,0.1611414754835807
SRC_OOF_DIFFICULT,WIN-a1acf3c5b4be577decb9,5.0,source,OR,envelope_spectral_entropy,0.9868885457158405,0.09280339628165724
SRC_OOF_DIFFICULT,WIN-9ba3bf25052407fbc3dd,5.5,source,OR,mean,0.9798322686595632,0.0007407407407407085
SRC_OOF_DIFFICULT,WIN-9ba3bf25052407fbc3dd,5.5,source,OR,std,0.9798322686595632,0.004281609195402325
SRC_OOF_DIFFICULT,WIN-9ba3bf25052407fbc3dd,5.5,source,OR,rms,0.9798322686595632,0.0
SRC_OOF_DIFFICULT,WIN-9ba3bf25052407fbc3dd,5.5,source,OR,mean_abs,0.9798322686595632,0.00806267806267802
SRC_OOF_DIFFICULT,WIN-9ba3bf25052407fbc3dd,5.5,source,OR,peak_abs,0.9798322686595632,0.01777777777777767
SRC_OOF_DIFFICULT,WIN-9ba3bf25052407fbc3dd,5.5,source,OR,peak_to_peak,0.9798322686595632,0.0562869891240545
SRC_OOF_DIFFICULT,WIN-9ba3bf25052407fbc3dd,5.5,source,OR,skewness,0.9798322686595632,0.0033333333333332993
SRC_OOF_DIFFICULT,WIN-9ba3bf25052407fbc3dd,5.5,source,OR,kurtosis,0.9798322686595632,0.15165641371475191
SRC_OOF_DIFFICULT,WIN-9ba3bf25052407fbc3dd,5.5,source,OR,crest_factor,0.9798322686595632,0.15061048563894808
SRC_OOF_DIFFICULT,WIN-9ba3bf25052407fbc3dd,5.5,source,OR,impulse_factor,0.9798322686595632,0.15501149985558382
SRC_OOF_DIFFICULT,WIN-9ba3bf25052407fbc3dd,5.5,source,OR,shape_factor,0.9798322686595632,0.2048852965802208
SRC_OOF_DIFFICULT,WIN-9ba3bf25052407fbc3dd,5.5,source,OR,clearance_factor,0.9798322686595632,0.1459025577597005
SRC_OOF_DIFFICULT,WIN-9ba3bf25052407fbc3dd,5.5,source,OR,zero_cross_rate,0.9798322686595632,-0.0005128205128206442
SRC_OOF_DIFFICULT,WIN-9ba3bf25052407fbc3dd,5.5,source,OR,spectral_centroid_hz,0.9798322686595632,-0.0006666666666668153
SRC_OOF_DIFFICULT,WIN-9ba3bf25052407fbc3dd,5.5,source,OR,spectral_rms_hz,0.9798322686595632,0.0033333333333332993
SRC_OOF_DIFFICULT,WIN-9ba3bf25052407fbc3dd,5.5,source,OR,spectral_entropy,0.9798322686595632,0.0482393162393161
SRC_OOF_DIFFICULT,WIN-9ba3bf25052407fbc3dd,5.5,source,OR,spectral_flatness,0.9798322686595632,0.041279461279460916
SRC_OOF_DIFFICULT,WIN-9ba3bf25052407fbc3dd,5.5,source,OR,dominant_frequency_hz,0.9798322686595632,0.002424242424242329
SRC_OOF_DIFFICULT,WIN-9ba3bf25052407fbc3dd,5.5,source,OR,rolloff95_hz,0.9798322686595632,0.016666666666666607
SRC_OOF_DIFFICULT,WIN-9ba3bf25052407fbc3dd,5.5,source,OR,band_ratio_0_500,0.9798322686595632,-0.0022222222222223476
SRC_OOF_DIFFICULT,WIN-9ba3bf25052407fbc3dd,5.5,source,OR,band_ratio_500_1500,0.9798322686595632,0.0
SRC_OOF_DIFFICULT,WIN-9ba3bf25052407fbc3dd,5.5,source,OR,band_ratio_1500_3000,0.9798322686595632,0.006666666666666599
SRC_OOF_DIFFICULT,WIN-9ba3bf25052407fbc3dd,5.5,source,OR,band_ratio_3000_5500,0.9798322686595632,0.005833333333333357
SRC_OOF_DIFFICULT,WIN-9ba3bf25052407fbc3dd,5.5,source,OR,envelope_rms,0.9798322686595632,0.006666666666666599
SRC_OOF_DIFFICULT,WIN-9ba3bf25052407fbc3dd,5.5,source,OR,envelope_kurtosis,0.9798322686595632,0.15780814215024708
SRC_OOF_DIFFICULT,WIN-9ba3bf25052407fbc3dd,5.5,source,OR,envelope_spectral_entropy,0.9798322686595632,0.09280339628165679
SRC_OOF_DIFFICULT,WIN-339e3f773ea4f04d351c,6.0,source,OR,mean,0.9792370305643252,-9.259259259264407e-05
SRC_OOF_DIFFICULT,WIN-339e3f773ea4f04d351c,6.0,source,OR,std,0.9792370305643252,0.004281609195402325
SRC_OOF_DIFFICULT,WIN-339e3f773ea4f04d351c,6.0,source,OR,rms,0.9792370305643252,0.0
SRC_OOF_DIFFICULT,WIN-339e3f773ea4f04d351c,6.0,source,OR,mean_abs,0.9792370305643252,0.00806267806267802
SRC_OOF_DIFFICULT,WIN-339e3f773ea4f04d351c,6.0,source,OR,peak_abs,0.9792370305643252,0.02444444444444438
SRC_OOF_DIFFICULT,WIN-339e3f773ea4f04d351c,6.0,source,OR,peak_to_peak,0.9792370305643252,0.05962032245738802
SRC_OOF_DIFFICULT,WIN-339e3f773ea4f04d351c,6.0,source,OR,skewness,0.9792370305643252,0.006666666666666599
SRC_OOF_DIFFICULT,WIN-339e3f773ea4f04d351c,6.0,source,OR,kurtosis,0.9792370305643252,0.1552278422861807
SRC_OOF_DIFFICULT,WIN-339e3f773ea4f04d351c,6.0,source,OR,crest_factor,0.9792370305643252,0.1472771523056149
SRC_OOF_DIFFICULT,WIN-339e3f773ea4f04d351c,6.0,source,OR,impulse_factor,0.9792370305643252,0.14858292842701248
SRC_OOF_DIFFICULT,WIN-339e3f773ea4f04d351c,6.0,source,OR,shape_factor,0.9792370305643252,0.20155196324688762
SRC_OOF_DIFFICULT,WIN-339e3f773ea4f04d351c,6.0,source,OR,clearance_factor,0.9792370305643252,0.14506922442636738
SRC_OOF_DIFFICULT,WIN-339e3f773ea4f04d351c,6.0,source,OR,zero_cross_rate,0.9792370305643252,-0.0005128205128206442
SRC_OOF_DIFFICULT,WIN-339e3f773ea4f04d351c,6.0,source,OR,spectral_centroid_hz,0.9792370305643252,-0.0006666666666667043
SRC_OOF_DIFFICULT,WIN-339e3f773ea4f04d351c,6.0,source,OR,spectral_rms_hz,0.9792370305643252,0.00023809523809537048
SRC_OOF_DIFFICULT,WIN-339e3f773ea4f04d351c,6.0,source,OR,spectral_entropy,0.9792370305643252,0.04490598290598269
SRC_OOF_DIFFICULT,WIN-339e3f773ea4f04d351c,6.0,source,OR,spectral_flatness,0.9792370305643252,0.04461279461279444
SRC_OOF_DIFFICULT,WIN-339e3f773ea4f04d351c,6.0,source,OR,dominant_frequency_hz,0.9792370305643252,0.00242424242424244
SRC_OOF_DIFFICULT,WIN-339e3f773ea4f04d351c,6.0,source,OR,rolloff95_hz,0.9792370305643252,0.016666666666666607
SRC_OOF_DIFFICULT,WIN-339e3f773ea4f04d351c,6.0,source,OR,band_ratio_0_500,0.9792370305643252,-0.0022222222222223476
SRC_OOF_DIFFICULT,WIN-339e3f773ea4f04d351c,6.0,source,OR,band_ratio_500_1500,0.9792370305643252,0.0
SRC_OOF_DIFFICULT,WIN-339e3f773ea4f04d351c,6.0,source,OR,band_ratio_1500_3000,0.9792370305643252,0.006666666666666599
SRC_OOF_DIFFICULT,WIN-339e3f773ea4f04d351c,6.0,source,OR,band_ratio_3000_5500,0.9792370305643252,0.005833333333333246
SRC_OOF_DIFFICULT,WIN-339e3f773ea4f04d351c,6.0,source,OR,envelope_rms,0.9792370305643252,0.006666666666666599
SRC_OOF_DIFFICULT,WIN-339e3f773ea4f04d351c,6.0,source,OR,envelope_kurtosis,0.9792370305643252,0.1611414754835806
SRC_OOF_DIFFICULT,WIN-339e3f773ea4f04d351c,6.0,source,OR,envelope_spectral_entropy,0.9792370305643252,0.0928033962816569
SRC_OOF_DIFFICULT,WIN-a4e448fee6f9c3945fb8,6.5,source,OR,mean,0.985582755988998,-0.00017543859649105098
SRC_OOF_DIFFICULT,WIN-a4e448fee6f9c3945fb8,6.5,source,OR,std,0.985582755988998,0.004281609195402325
SRC_OOF_DIFFICULT,WIN-a4e448fee6f9c3945fb8,6.5,source,OR,rms,0.985582755988998,0.0
SRC_OOF_DIFFICULT,WIN-a4e448fee6f9c3945fb8,6.5,source,OR,mean_abs,0.985582755988998,0.00806267806267813
SRC_OOF_DIFFICULT,WIN-a4e448fee6f9c3945fb8,6.5,source,OR,peak_abs,0.985582755988998,0.01777777777777778
SRC_OOF_DIFFICULT,WIN-a4e448fee6f9c3945fb8,6.5,source,OR,peak_to_peak,0.985582755988998,0.05611155052756345
SRC_OOF_DIFFICULT,WIN-a4e448fee6f9c3945fb8,6.5,source,OR,skewness,0.985582755988998,0.006000000000000116
SRC_OOF_DIFFICULT,WIN-a4e448fee6f9c3945fb8,6.5,source,OR,kurtosis,0.985582755988998,0.15498974704808555
SRC_OOF_DIFFICULT,WIN-a4e448fee6f9c3945fb8,6.5,source,OR,crest_factor,0.985582755988998,0.15144381897228154
SRC_OOF_DIFFICULT,WIN-a4e448fee6f9c3945fb8,6.5,source,OR,impulse_factor,0.985582755988998,0.15167816652225063
SRC_OOF_DIFFICULT,WIN-a4e448fee6f9c3945fb8,6.5,source,OR,shape_factor,0.985582755988998,0.20488529658022092
SRC_OOF_DIFFICULT,WIN-a4e448fee6f9c3945fb8,6.5,source,OR,clearance_factor,0.985582755988998,0.14849515035229321
SRC_OOF_DIFFICULT,WIN-a4e448fee6f9c3945fb8,6.5,source,OR,zero_cross_rate,0.985582755988998,-0.0005128205128205332
SRC_OOF_DIFFICULT,WIN-a4e448fee6f9c3945fb8,6.5,source,OR,spectral_centroid_hz,0.985582755988998,-0.0006666666666665932
SRC_OOF_DIFFICULT,WIN-a4e448fee6f9c3945fb8,6.5,source,OR,spectral_rms_hz,0.985582755988998,0.0033333333333334103
SRC_OOF_DIFFICULT,WIN-a4e448fee6f9c3945fb8,6.5,source,OR,spectral_entropy,0.985582755988998,0.04157264957264928
SRC_OOF_DIFFICULT,WIN-a4e448fee6f9c3945fb8,6.5,source,OR,spectral_flatness,0.985582755988998,0.04461279461279455
SRC_OOF_DIFFICULT,WIN-a4e448fee6f9c3945fb8,6.5,source,OR,dominant_frequency_hz,0.985582755988998,0.002424242424242329
SRC_OOF_DIFFICULT,WIN-a4e448fee6f9c3945fb8,6.5,source,OR,rolloff95_hz,0.985582755988998,0.01666666666666672
SRC_OOF_DIFFICULT,WIN-a4e448fee6f9c3945fb8,6.5,source,OR,band_ratio_0_500,0.985582755988998,-0.0022222222222222365
SRC_OOF_DIFFICULT,WIN-a4e448fee6f9c3945fb8,6.5,source,OR,band_ratio_500_1500,0.985582755988998,0.0
SRC_OOF_DIFFICULT,WIN-a4e448fee6f9c3945fb8,6.5,source,OR,band_ratio_1500_3000,0.985582755988998,0.00666666666666671
SRC_OOF_DIFFICULT,WIN-a4e448fee6f9c3945fb8,6.5,source,OR,band_ratio_3000_5500,0.985582755988998,0.005833333333333357
SRC_OOF_DIFFICULT,WIN-a4e448fee6f9c3945fb8,6.5,source,OR,envelope_rms,0.985582755988998,0.007575757575757791
SRC_OOF_DIFFICULT,WIN-a4e448fee6f9c3945fb8,6.5,source,OR,envelope_kurtosis,0.985582755988998,0.1678081421502472
SRC_OOF_DIFFICULT,WIN-a4e448fee6f9c3945fb8,6.5,source,OR,envelope_spectral_entropy,0.985582755988998,0.09947006294832372
SRC_OOF_DIFFICULT,WIN-ce287412b59f15c08bda,7.0,source,OR,mean,0.8580530178868079,-0.008649765195817727
SRC_OOF_DIFFICULT,WIN-ce287412b59f15c08bda,7.0,source,OR,std,0.8580530178868079,0.007614942528735735
SRC_OOF_DIFFICULT,WIN-ce287412b59f15c08bda,7.0,source,OR,rms,0.8580530178868079,0.0016666666666667052
SRC_OOF_DIFFICULT,WIN-ce287412b59f15c08bda,7.0,source,OR,mean_abs,0.8580530178868079,0.007037037037037064
SRC_OOF_DIFFICULT,WIN-ce287412b59f15c08bda,7.0,source,OR,peak_abs,0.8580530178868079,0.03194444444444455
SRC_OOF_DIFFICULT,WIN-ce287412b59f15c08bda,7.0,source,OR,peak_to_peak,0.8580530178868079,0.06812009753611037
SRC_OOF_DIFFICULT,WIN-ce287412b59f15c08bda,7.0,source,OR,skewness,0.8580530178868079,0.010166666666666768
SRC_OOF_DIFFICULT,WIN-ce287412b59f15c08bda,7.0,source,OR,kurtosis,0.8580530178868079,0.13893154598988455
SRC_OOF_DIFFICULT,WIN-ce287412b59f15c08bda,7.0,source,OR,crest_factor,0.8580530178868079,0.1163751707061812
SRC_OOF_DIFFICULT,WIN-ce287412b59f15c08bda,7.0,source,OR,impulse_factor,0.8580530178868079,0.11842552101960535
SRC_OOF_DIFFICULT,WIN-ce287412b59f15c08bda,7.0,source,OR,shape_factor,0.8580530178868079,0.17588087738830183
SRC_OOF_DIFFICULT,WIN-ce287412b59f15c08bda,7.0,source,OR,clearance_factor,0.8580530178868079,0.12104204789919093
SRC_OOF_DIFFICULT,WIN-ce287412b59f15c08bda,7.0,source,OR,zero_cross_rate,0.8580530178868079,-0.0005128205128204222
SRC_OOF_DIFFICULT,WIN-ce287412b59f15c08bda,7.0,source,OR,spectral_centroid_hz,0.8580530178868079,-0.0006666666666668153
SRC_OOF_DIFFICULT,WIN-ce287412b59f15c08bda,7.0,source,OR,spectral_rms_hz,0.8580530178868079,0.006818181818181834
SRC_OOF_DIFFICULT,WIN-ce287412b59f15c08bda,7.0,source,OR,spectral_entropy,0.8580530178868079,0.033239316239316086
SRC_OOF_DIFFICULT,WIN-ce287412b59f15c08bda,7.0,source,OR,spectral_flatness,0.8580530178868079,0.04127946127946125
SRC_OOF_DIFFICULT,WIN-ce287412b59f15c08bda,7.0,source,OR,dominant_frequency_hz,0.8580530178868079,0.002424242424242551
SRC_OOF_DIFFICULT,WIN-ce287412b59f15c08bda,7.0,source,OR,rolloff95_hz,0.8580530178868079,0.010000000000000009
SRC_OOF_DIFFICULT,WIN-ce287412b59f15c08bda,7.0,source,OR,band_ratio_0_500,0.8580530178868079,-0.015333333333333421
SRC_OOF_DIFFICULT,WIN-ce287412b59f15c08bda,7.0,source,OR,band_ratio_500_1500,0.8580530178868079,0.0
SRC_OOF_DIFFICULT,WIN-ce287412b59f15c08bda,7.0,source,OR,band_ratio_1500_3000,0.8580530178868079,0.0033333333333334103
SRC_OOF_DIFFICULT,WIN-ce287412b59f15c08bda,7.0,source,OR,band_ratio_3000_5500,0.8580530178868079,0.0025000000000000577
SRC_OOF_DIFFICULT,WIN-ce287412b59f15c08bda,7.0,source,OR,envelope_rms,0.8580530178868079,0.009701298701298655
SRC_OOF_DIFFICULT,WIN-ce287412b59f15c08bda,7.0,source,OR,envelope_kurtosis,0.8580530178868079,0.16704425326135852
SRC_OOF_DIFFICULT,WIN-ce287412b59f15c08bda,7.0,source,OR,envelope_spectral_entropy,0.8580530178868079,0.08949419409119086
TGT_STABLE_OR,WIN-0a28f8c5333ffbed60e5,0.0,target,OR,mean,0.7685963563953017,-0.0125925925925926
TGT_STABLE_OR,WIN-0a28f8c5333ffbed60e5,0.0,target,OR,std,0.7685963563953017,0.013333333333333308
TGT_STABLE_OR,WIN-0a28f8c5333ffbed60e5,0.0,target,OR,rms,0.7685963563953017,0.0034999999999999476
TGT_STABLE_OR,WIN-0a28f8c5333ffbed60e5,0.0,target,OR,mean_abs,0.7685963563953017,-0.010000000000000009
TGT_STABLE_OR,WIN-0a28f8c5333ffbed60e5,0.0,target,OR,peak_abs,0.7685963563953017,-0.0033333333333332993
TGT_STABLE_OR,WIN-0a28f8c5333ffbed60e5,0.0,target,OR,peak_to_peak,0.7685963563953017,0.004444444444444473
TGT_STABLE_OR,WIN-0a28f8c5333ffbed60e5,0.0,target,OR,skewness,0.7685963563953017,-0.0033333333333332993
TGT_STABLE_OR,WIN-0a28f8c5333ffbed60e5,0.0,target,OR,kurtosis,0.7685963563953017,0.062121553884711855
TGT_STABLE_OR,WIN-0a28f8c5333ffbed60e5,0.0,target,OR,crest_factor,0.7685963563953017,0.04417932343047526
TGT_STABLE_OR,WIN-0a28f8c5333ffbed60e5,0.0,target,OR,impulse_factor,0.7685963563953017,0.076740462266778
TGT_STABLE_OR,WIN-0a28f8c5333ffbed60e5,0.0,target,OR,shape_factor,0.7685963563953017,0.05154399464703918
TGT_STABLE_OR,WIN-0a28f8c5333ffbed60e5,0.0,target,OR,clearance_factor,0.7685963563953017,0.08770802734213645
TGT_STABLE_OR,WIN-0a28f8c5333ffbed60e5,0.0,target,OR,zero_cross_rate,0.7685963563953017,-0.010000000000000009
TGT_STABLE_OR,WIN-0a28f8c5333ffbed60e5,0.0,target,OR,spectral_centroid_hz,0.7685963563953017,-0.006666666666666599
TGT_STABLE_OR,WIN-0a28f8c5333ffbed60e5,0.0,target,OR,spectral_rms_hz,0.7685963563953017,0.01666666666666672
TGT_STABLE_OR,WIN-0a28f8c5333ffbed60e5,0.0,target,OR,spectral_entropy,0.7685963563953017,-0.010000000000000009
TGT_STABLE_OR,WIN-0a28f8c5333ffbed60e5,0.0,target,OR,spectral_flatness,0.7685963563953017,-0.03318840579710147
TGT_STABLE_OR,WIN-0a28f8c5333ffbed60e5,0.0,target,OR,dominant_frequency_hz,0.7685963563953017,0.0033333333333334103
TGT_STABLE_OR,WIN-0a28f8c5333ffbed60e5,0.0,target,OR,rolloff95_hz,0.7685963563953017,-0.013166666666666549
TGT_STABLE_OR,WIN-0a28f8c5333ffbed60e5,0.0,target,OR,band_ratio_0_500,0.7685963563953017,0.0033333333333334103
TGT_STABLE_OR,WIN-0a28f8c5333ffbed60e5,0.0,target,OR,band_ratio_500_1500,0.7685963563953017,0.0
TGT_STABLE_OR,WIN-0a28f8c5333ffbed60e5,0.0,target,OR,band_ratio_1500_3000,0.7685963563953017,0.0033333333333334103
TGT_STABLE_OR,WIN-0a28f8c5333ffbed60e5,0.0,target,OR,band_ratio_3000_5500,0.7685963563953017,-0.03073790233636775
TGT_STABLE_OR,WIN-0a28f8c5333ffbed60e5,0.0,target,OR,envelope_rms,0.7685963563953017,7.861312770884865e-05
TGT_STABLE_OR,WIN-0a28f8c5333ffbed60e5,0.0,target,OR,envelope_kurtosis,0.7685963563953017,0.051934249077731476
TGT_STABLE_OR,WIN-0a28f8c5333ffbed60e5,0.0,target,OR,envelope_spectral_entropy,0.7685963563953017,0.04211499048455569
TGT_STABLE_OR,WIN-da6b40cdee08a07f9f65,0.5,target,OR,mean,0.7776919176967454,-0.013333333333333308
TGT_STABLE_OR,WIN-da6b40cdee08a07f9f65,0.5,target,OR,std,0.7776919176967454,0.01333333333333342
TGT_STABLE_OR,WIN-da6b40cdee08a07f9f65,0.5,target,OR,rms,0.7776919176967454,0.0035000000000000586
TGT_STABLE_OR,WIN-da6b40cdee08a07f9f65,0.5,target,OR,mean_abs,0.7776919176967454,-0.010000000000000009
TGT_STABLE_OR,WIN-da6b40cdee08a07f9f65,0.5,target,OR,peak_abs,0.7776919176967454,-0.0033333333333332993
TGT_STABLE_OR,WIN-da6b40cdee08a07f9f65,0.5,target,OR,peak_to_peak,0.7776919176967454,0.004444444444444473
TGT_STABLE_OR,WIN-da6b40cdee08a07f9f65,0.5,target,OR,skewness,0.7776919176967454,0.0035714285714286698
TGT_STABLE_OR,WIN-da6b40cdee08a07f9f65,0.5,target,OR,kurtosis,0.7776919176967454,0.059026315789473816
TGT_STABLE_OR,WIN-da6b40cdee08a07f9f65,0.5,target,OR,crest_factor,0.7776919176967454,0.04976755872459293
TGT_STABLE_OR,WIN-da6b40cdee08a07f9f65,0.5,target,OR,impulse_factor,0.7776919176967454,0.08024778827410406
TGT_STABLE_OR,WIN-da6b40cdee08a07f9f65,0.5,target,OR,shape_factor,0.7776919176967454,0.059877327980372486
TGT_STABLE_OR,WIN-da6b40cdee08a07f9f65,0.5,target,OR,clearance_factor,0.7776919176967454,0.08437469400880326
TGT_STABLE_OR,WIN-da6b40cdee08a07f9f65,0.5,target,OR,zero_cross_rate,0.7776919176967454,-0.010000000000000009
TGT_STABLE_OR,WIN-da6b40cdee08a07f9f65,0.5,target,OR,spectral_centroid_hz,0.7776919176967454,-0.006666666666666599
TGT_STABLE_OR,WIN-da6b40cdee08a07f9f65,0.5,target,OR,spectral_rms_hz,0.7776919176967454,0.01666666666666672
TGT_STABLE_OR,WIN-da6b40cdee08a07f9f65,0.5,target,OR,spectral_entropy,0.7776919176967454,-0.006666666666666599
TGT_STABLE_OR,WIN-da6b40cdee08a07f9f65,0.5,target,OR,spectral_flatness,0.7776919176967454,-0.033333333333333326
TGT_STABLE_OR,WIN-da6b40cdee08a07f9f65,0.5,target,OR,dominant_frequency_hz,0.7776919176967454,0.0033333333333334103
TGT_STABLE_OR,WIN-da6b40cdee08a07f9f65,0.5,target,OR,rolloff95_hz,0.7776919176967454,-0.013166666666666549
TGT_STABLE_OR,WIN-da6b40cdee08a07f9f65,0.5,target,OR,band_ratio_0_500,0.7776919176967454,0.0
TGT_STABLE_OR,WIN-da6b40cdee08a07f9f65,0.5,target,OR,band_ratio_500_1500,0.7776919176967454,0.0
TGT_STABLE_OR,WIN-da6b40cdee08a07f9f65,0.5,target,OR,band_ratio_1500_3000,0.7776919176967454,0.0033333333333334103
TGT_STABLE_OR,WIN-da6b40cdee08a07f9f65,0.5,target,OR,band_ratio_3000_5500,0.7776919176967454,-0.03073790233636764
TGT_STABLE_OR,WIN-da6b40cdee08a07f9f65,0.5,target,OR,envelope_rms,0.7776919176967454,-0.0002388471897515343
TGT_STABLE_OR,WIN-da6b40cdee08a07f9f65,0.5,target,OR,envelope_kurtosis,0.7776919176967454,0.05412504847441324
TGT_STABLE_OR,WIN-da6b40cdee08a07f9f65,0.5,target,OR,envelope_spectral_entropy,0.7776919176967454,0.042948323817889045
TGT_STABLE_OR,WIN-d94656bb8ab6a1247edd,1.0,target,OR,mean,0.7710252510300787,-0.013333333333333308
TGT_STABLE_OR,WIN-d94656bb8ab6a1247edd,1.0,target,OR,std,0.7710252510300787,0.013333333333333308
TGT_STABLE_OR,WIN-d94656bb8ab6a1247edd,1.0,target,OR,rms,0.7710252510300787,0.0035000000000000586
TGT_STABLE_OR,WIN-d94656bb8ab6a1247edd,1.0,target,OR,mean_abs,0.7710252510300787,-0.00666666666666671
TGT_STABLE_OR,WIN-d94656bb8ab6a1247edd,1.0,target,OR,peak_abs,0.7710252510300787,-0.0033333333333332993
TGT_STABLE_OR,WIN-d94656bb8ab6a1247edd,1.0,target,OR,peak_to_peak,0.7710252510300787,0.004444444444444473
TGT_STABLE_OR,WIN-d94656bb8ab6a1247edd,1.0,target,OR,skewness,0.7710252510300787,0.0035714285714285587
TGT_STABLE_OR,WIN-d94656bb8ab6a1247edd,1.0,target,OR,kurtosis,0.7710252510300787,0.062359649122807115
TGT_STABLE_OR,WIN-d94656bb8ab6a1247edd,1.0,target,OR,crest_factor,0.7710252510300787,0.04643422539125952
TGT_STABLE_OR,WIN-d94656bb8ab6a1247edd,1.0,target,OR,impulse_factor,0.7710252510300787,0.07691445494077076
TGT_STABLE_OR,WIN-d94656bb8ab6a1247edd,1.0,target,OR,shape_factor,0.7710252510300787,0.059877327980372486
TGT_STABLE_OR,WIN-d94656bb8ab6a1247edd,1.0,target,OR,clearance_factor,0.7710252510300787,0.08437469400880315
TGT_STABLE_OR,WIN-d94656bb8ab6a1247edd,1.0,target,OR,zero_cross_rate,0.7710252510300787,-0.010000000000000009
TGT_STABLE_OR,WIN-d94656bb8ab6a1247edd,1.0,target,OR,spectral_centroid_hz,0.7710252510300787,-0.010000000000000009
TGT_STABLE_OR,WIN-d94656bb8ab6a1247edd,1.0,target,OR,spectral_rms_hz,0.7710252510300787,0.007094017094017135
TGT_STABLE_OR,WIN-d94656bb8ab6a1247edd,1.0,target,OR,spectral_entropy,0.7710252510300787,-0.01666666666666672
TGT_STABLE_OR,WIN-d94656bb8ab6a1247edd,1.0,target,OR,spectral_flatness,0.7710252510300787,-0.033333333333333326
TGT_STABLE_OR,WIN-d94656bb8ab6a1247edd,1.0,target,OR,dominant_frequency_hz,0.7710252510300787,0.0033333333333332993
TGT_STABLE_OR,WIN-d94656bb8ab6a1247edd,1.0,target,OR,rolloff95_hz,0.7710252510300787,-0.01316666666666666
TGT_STABLE_OR,WIN-d94656bb8ab6a1247edd,1.0,target,OR,band_ratio_0_500,0.7710252510300787,0.0033333333333332993
TGT_STABLE_OR,WIN-d94656bb8ab6a1247edd,1.0,target,OR,band_ratio_500_1500,0.7710252510300787,0.0
TGT_STABLE_OR,WIN-d94656bb8ab6a1247edd,1.0,target,OR,band_ratio_1500_3000,0.7710252510300787,0.0033333333333332993
TGT_STABLE_OR,WIN-d94656bb8ab6a1247edd,1.0,target,OR,band_ratio_3000_5500,0.7710252510300787,-0.03073790233636775
TGT_STABLE_OR,WIN-d94656bb8ab6a1247edd,1.0,target,OR,envelope_rms,0.7710252510300787,-0.0002388471897515343
TGT_STABLE_OR,WIN-d94656bb8ab6a1247edd,1.0,target,OR,envelope_kurtosis,0.7710252510300787,0.05412504847441324
TGT_STABLE_OR,WIN-d94656bb8ab6a1247edd,1.0,target,OR,envelope_spectral_entropy,0.7710252510300787,0.036281657151222335
TGT_STABLE_OR,WIN-55dfeb981a68a15e6ff5,1.5,target,OR,mean,0.7710252510300787,-0.013333333333333308
TGT_STABLE_OR,WIN-55dfeb981a68a15e6ff5,1.5,target,OR,std,0.7710252510300787,0.013333333333333308
TGT_STABLE_OR,WIN-55dfeb981a68a15e6ff5,1.5,target,OR,rms,0.7710252510300787,0.0035000000000000586
TGT_STABLE_OR,WIN-55dfeb981a68a15e6ff5,1.5,target,OR,mean_abs,0.7710252510300787,-0.013333333333333308
TGT_STABLE_OR,WIN-55dfeb981a68a15e6ff5,1.5,target,OR,peak_abs,0.7710252510300787,-0.0033333333333332993
TGT_STABLE_OR,WIN-55dfeb981a68a15e6ff5,1.5,target,OR,peak_to_peak,0.7710252510300787,0.004444444444444473
TGT_STABLE_OR,WIN-55dfeb981a68a15e6ff5,1.5,target,OR,skewness,0.7710252510300787,0.0035714285714285587
TGT_STABLE_OR,WIN-55dfeb981a68a15e6ff5,1.5,target,OR,kurtosis,0.7710252510300787,0.062359649122807115
TGT_STABLE_OR,WIN-55dfeb981a68a15e6ff5,1.5,target,OR,crest_factor,0.7710252510300787,0.04643422539125952
TGT_STABLE_OR,WIN-55dfeb981a68a15e6ff5,1.5,target,OR,impulse_factor,0.7710252510300787,0.08358112160743736
TGT_STABLE_OR,WIN-55dfeb981a68a15e6ff5,1.5,target,OR,shape_factor,0.7710252510300787,0.059877327980372486
TGT_STABLE_OR,WIN-55dfeb981a68a15e6ff5,1.5,target,OR,clearance_factor,0.7710252510300787,0.09104136067546975
TGT_STABLE_OR,WIN-55dfeb981a68a15e6ff5,1.5,target,OR,zero_cross_rate,0.7710252510300787,-0.010000000000000009
TGT_STABLE_OR,WIN-55dfeb981a68a15e6ff5,1.5,target,OR,spectral_centroid_hz,0.7710252510300787,-0.010000000000000009
TGT_STABLE_OR,WIN-55dfeb981a68a15e6ff5,1.5,target,OR,spectral_rms_hz,0.7710252510300787,0.00042735042735042583
TGT_STABLE_OR,WIN-55dfeb981a68a15e6ff5,1.5,target,OR,spectral_entropy,0.7710252510300787,-0.020000000000000018
TGT_STABLE_OR,WIN-55dfeb981a68a15e6ff5,1.5,target,OR,spectral_flatness,0.7710252510300787,-0.033333333333333326
TGT_STABLE_OR,WIN-55dfeb981a68a15e6ff5,1.5,target,OR,dominant_frequency_hz,0.7710252510300787,0.0033333333333332993
TGT_STABLE_OR,WIN-55dfeb981a68a15e6ff5,1.5,target,OR,rolloff95_hz,0.7710252510300787,-0.00983333333333325
TGT_STABLE_OR,WIN-55dfeb981a68a15e6ff5,1.5,target,OR,band_ratio_0_500,0.7710252510300787,0.0033333333333332993
TGT_STABLE_OR,WIN-55dfeb981a68a15e6ff5,1.5,target,OR,band_ratio_500_1500,0.7710252510300787,0.0
TGT_STABLE_OR,WIN-55dfeb981a68a15e6ff5,1.5,target,OR,band_ratio_1500_3000,0.7710252510300787,0.0033333333333332993
TGT_STABLE_OR,WIN-55dfeb981a68a15e6ff5,1.5,target,OR,band_ratio_3000_5500,0.7710252510300787,-0.03073790233636775
TGT_STABLE_OR,WIN-55dfeb981a68a15e6ff5,1.5,target,OR,envelope_rms,0.7710252510300787,-0.0002388471897515343
TGT_STABLE_OR,WIN-55dfeb981a68a15e6ff5,1.5,target,OR,envelope_kurtosis,0.7710252510300787,0.04745838180774653
TGT_STABLE_OR,WIN-55dfeb981a68a15e6ff5,1.5,target,OR,envelope_spectral_entropy,0.7710252510300787,0.039614990484555745
TGT_STABLE_OR,WIN-37bfbe64e8466170367b,2.0,target,OR,mean,0.7710252510300787,-0.013333333333333308
TGT_STABLE_OR,WIN-37bfbe64e8466170367b,2.0,target,OR,std,0.7710252510300787,0.013333333333333308
TGT_STABLE_OR,WIN-37bfbe64e8466170367b,2.0,target,OR,rms,0.7710252510300787,0.0035000000000000586
TGT_STABLE_OR,WIN-37bfbe64e8466170367b,2.0,target,OR,mean_abs,0.7710252510300787,-0.013333333333333308
TGT_STABLE_OR,WIN-37bfbe64e8466170367b,2.0,target,OR,peak_abs,0.7710252510300787,-0.0033333333333332993
TGT_STABLE_OR,WIN-37bfbe64e8466170367b,2.0,target,OR,peak_to_peak,0.7710252510300787,0.004444444444444473
TGT_STABLE_OR,WIN-37bfbe64e8466170367b,2.0,target,OR,skewness,0.7710252510300787,0.0035714285714285587
TGT_STABLE_OR,WIN-37bfbe64e8466170367b,2.0,target,OR,kurtosis,0.7710252510300787,0.062359649122807115
TGT_STABLE_OR,WIN-37bfbe64e8466170367b,2.0,target,OR,crest_factor,0.7710252510300787,0.04643422539125952
TGT_STABLE_OR,WIN-37bfbe64e8466170367b,2.0,target,OR,impulse_factor,0.7710252510300787,0.08358112160743736
TGT_STABLE_OR,WIN-37bfbe64e8466170367b,2.0,target,OR,shape_factor,0.7710252510300787,0.059877327980372486
TGT_STABLE_OR,WIN-37bfbe64e8466170367b,2.0,target,OR,clearance_factor,0.7710252510300787,0.08437469400880315
TGT_STABLE_OR,WIN-37bfbe64e8466170367b,2.0,target,OR,zero_cross_rate,0.7710252510300787,-0.010000000000000009
TGT_STABLE_OR,WIN-37bfbe64e8466170367b,2.0,target,OR,spectral_centroid_hz,0.7710252510300787,-0.010000000000000009
TGT_STABLE_OR,WIN-37bfbe64e8466170367b,2.0,target,OR,spectral_rms_hz,0.7710252510300787,0.003760683760683836
TGT_STABLE_OR,WIN-37bfbe64e8466170367b,2.0,target,OR,spectral_entropy,0.7710252510300787,-0.020000000000000018
TGT_STABLE_OR,WIN-37bfbe64e8466170367b,2.0,target,OR,spectral_flatness,0.7710252510300787,-0.033333333333333326
TGT_STABLE_OR,WIN-37bfbe64e8466170367b,2.0,target,OR,dominant_frequency_hz,0.7710252510300787,0.0033333333333332993
TGT_STABLE_OR,WIN-37bfbe64e8466170367b,2.0,target,OR,rolloff95_hz,0.7710252510300787,-0.00983333333333325
TGT_STABLE_OR,WIN-37bfbe64e8466170367b,2.0,target,OR,band_ratio_0_500,0.7710252510300787,0.0033333333333332993
TGT_STABLE_OR,WIN-37bfbe64e8466170367b,2.0,target,OR,band_ratio_500_1500,0.7710252510300787,0.0
TGT_STABLE_OR,WIN-37bfbe64e8466170367b,2.0,target,OR,band_ratio_1500_3000,0.7710252510300787,0.0033333333333332993
TGT_STABLE_OR,WIN-37bfbe64e8466170367b,2.0,target,OR,band_ratio_3000_5500,0.7710252510300787,-0.02740456900303434
TGT_STABLE_OR,WIN-37bfbe64e8466170367b,2.0,target,OR,envelope_rms,0.7710252510300787,-0.0002388471897515343
TGT_STABLE_OR,WIN-37bfbe64e8466170367b,2.0,target,OR,envelope_kurtosis,0.7710252510300787,0.04745838180774653
TGT_STABLE_OR,WIN-37bfbe64e8466170367b,2.0,target,OR,envelope_spectral_entropy,0.7710252510300787,0.039614990484555745
TGT_STABLE_OR,WIN-1757ec2fd99d3ddd5ac1,2.5,target,OR,mean,0.7641204891253167,-0.0125925925925926
TGT_STABLE_OR,WIN-1757ec2fd99d3ddd5ac1,2.5,target,OR,std,0.7641204891253167,0.013333333333333308
TGT_STABLE_OR,WIN-1757ec2fd99d3ddd5ac1,2.5,target,OR,rms,0.7641204891253167,0.0034999999999999476
TGT_STABLE_OR,WIN-1757ec2fd99d3ddd5ac1,2.5,target,OR,mean_abs,0.7641204891253167,-0.010000000000000009
TGT_STABLE_OR,WIN-1757ec2fd99d3ddd5ac1,2.5,target,OR,peak_abs,0.7641204891253167,-0.0033333333333334103
TGT_STABLE_OR,WIN-1757ec2fd99d3ddd5ac1,2.5,target,OR,peak_to_peak,0.7641204891253167,0.004444444444444473
TGT_STABLE_OR,WIN-1757ec2fd99d3ddd5ac1,2.5,target,OR,skewness,0.7641204891253167,-0.0033333333333334103
TGT_STABLE_OR,WIN-1757ec2fd99d3ddd5ac1,2.5,target,OR,kurtosis,0.7641204891253167,0.06212155388471163
TGT_STABLE_OR,WIN-1757ec2fd99d3ddd5ac1,2.5,target,OR,crest_factor,0.7641204891253167,0.04643422539125952
TGT_STABLE_OR,WIN-1757ec2fd99d3ddd5ac1,2.5,target,OR,impulse_factor,0.7641204891253167,0.0800096930360088
TGT_STABLE_OR,WIN-1757ec2fd99d3ddd5ac1,2.5,target,OR,shape_factor,0.7641204891253167,0.053210661313705776
TGT_STABLE_OR,WIN-1757ec2fd99d3ddd5ac1,2.5,target,OR,clearance_factor,0.7641204891253167,0.09104136067546975
TGT_STABLE_OR,WIN-1757ec2fd99d3ddd5ac1,2.5,target,OR,zero_cross_rate,0.7641204891253167,-0.010000000000000009
TGT_STABLE_OR,WIN-1757ec2fd99d3ddd5ac1,2.5,target,OR,spectral_centroid_hz,0.7641204891253167,-0.010000000000000009
TGT_STABLE_OR,WIN-1757ec2fd99d3ddd5ac1,2.5,target,OR,spectral_rms_hz,0.7641204891253167,0.010000000000000009
TGT_STABLE_OR,WIN-1757ec2fd99d3ddd5ac1,2.5,target,OR,spectral_entropy,0.7641204891253167,-0.01666666666666672
TGT_STABLE_OR,WIN-1757ec2fd99d3ddd5ac1,2.5,target,OR,spectral_flatness,0.7641204891253167,-0.033333333333333326
TGT_STABLE_OR,WIN-1757ec2fd99d3ddd5ac1,2.5,target,OR,dominant_frequency_hz,0.7641204891253167,0.0033333333333332993
TGT_STABLE_OR,WIN-1757ec2fd99d3ddd5ac1,2.5,target,OR,rolloff95_hz,0.7641204891253167,-0.01316666666666666
TGT_STABLE_OR,WIN-1757ec2fd99d3ddd5ac1,2.5,target,OR,band_ratio_0_500,0.7641204891253167,0.0033333333333332993
TGT_STABLE_OR,WIN-1757ec2fd99d3ddd5ac1,2.5,target,OR,band_ratio_500_1500,0.7641204891253167,0.0
TGT_STABLE_OR,WIN-1757ec2fd99d3ddd5ac1,2.5,target,OR,band_ratio_1500_3000,0.7641204891253167,0.0033333333333332993
TGT_STABLE_OR,WIN-1757ec2fd99d3ddd5ac1,2.5,target,OR,band_ratio_3000_5500,0.7641204891253167,-0.03073790233636786
TGT_STABLE_OR,WIN-1757ec2fd99d3ddd5ac1,2.5,target,OR,envelope_rms,0.7641204891253167,-0.0002388471897515343
TGT_STABLE_OR,WIN-1757ec2fd99d3ddd5ac1,2.5,target,OR,envelope_kurtosis,0.7641204891253167,0.05079171514107983
TGT_STABLE_OR,WIN-1757ec2fd99d3ddd5ac1,2.5,target,OR,envelope_spectral_entropy,0.7641204891253167,0.036281657151222335
TGT_STABLE_OR,WIN-5086ffbd3eed606e70c4,3.0,target,OR,mean,0.6702094858463984,-0.009792309055466908
TGT_STABLE_OR,WIN-5086ffbd3eed606e70c4,3.0,target,OR,std,0.6702094858463984,0.023333333333333317
TGT_STABLE_OR,WIN-5086ffbd3eed606e70c4,3.0,target,OR,rms,0.6702094858463984,0.016833333333333256
TGT_STABLE_OR,WIN-5086ffbd3eed606e70c4,3.0,target,OR,mean_abs,0.6702094858463984,-0.002666666666666706
TGT_STABLE_OR,WIN-5086ffbd3eed606e70c4,3.0,target,OR,peak_abs,0.6702094858463984,-0.00019318181818184232
TGT_STABLE_OR,WIN-5086ffbd3eed606e70c4,3.0,target,OR,peak_to_peak,0.6702094858463984,0.007777777777777772
TGT_STABLE_OR,WIN-5086ffbd3eed606e70c4,3.0,target,OR,skewness,0.6702094858463984,0.010740740740740717
TGT_STABLE_OR,WIN-5086ffbd3eed606e70c4,3.0,target,OR,kurtosis,0.6702094858463984,0.05342592592592599
TGT_STABLE_OR,WIN-5086ffbd3eed606e70c4,3.0,target,OR,crest_factor,0.6702094858463984,0.016544715447154412
TGT_STABLE_OR,WIN-5086ffbd3eed606e70c4,3.0,target,OR,impulse_factor,0.6702094858463984,0.03497001049632631
TGT_STABLE_OR,WIN-5086ffbd3eed606e70c4,3.0,target,OR,shape_factor,0.6702094858463984,0.043657476403378026
TGT_STABLE_OR,WIN-5086ffbd3eed606e70c4,3.0,target,OR,clearance_factor,0.6702094858463984,0.0541750841750841
TGT_STABLE_OR,WIN-5086ffbd3eed606e70c4,3.0,target,OR,zero_cross_rate,0.6702094858463984,-0.00666666666666671
TGT_STABLE_OR,WIN-5086ffbd3eed606e70c4,3.0,target,OR,spectral_centroid_hz,0.6702094858463984,0.006000000000000005
TGT_STABLE_OR,WIN-5086ffbd3eed606e70c4,3.0,target,OR,spectral_rms_hz,0.6702094858463984,0.00042735042735042583
TGT_STABLE_OR,WIN-5086ffbd3eed606e70c4,3.0,target,OR,spectral_entropy,0.6702094858463984,-0.020000000000000018
TGT_STABLE_OR,WIN-5086ffbd3eed606e70c4,3.0,target,OR,spectral_flatness,0.6702094858463984,-0.030000000000000027
TGT_STABLE_OR,WIN-5086ffbd3eed606e70c4,3.0,target,OR,dominant_frequency_hz,0.6702094858463984,0.006666666666666599
TGT_STABLE_OR,WIN-5086ffbd3eed606e70c4,3.0,target,OR,rolloff95_hz,0.6702094858463984,-0.0029166666666666785
TGT_STABLE_OR,WIN-5086ffbd3eed606e70c4,3.0,target,OR,band_ratio_0_500,0.6702094858463984,0.006666666666666599
TGT_STABLE_OR,WIN-5086ffbd3eed606e70c4,3.0,target,OR,band_ratio_500_1500,0.6702094858463984,0.0
TGT_STABLE_OR,WIN-5086ffbd3eed606e70c4,3.0,target,OR,band_ratio_1500_3000,0.6702094858463984,0.0014285714285713347
TGT_STABLE_OR,WIN-5086ffbd3eed606e70c4,3.0,target,OR,band_ratio_3000_5500,0.6702094858463984,-0.008221876695342245
TGT_STABLE_OR,WIN-5086ffbd3eed606e70c4,3.0,target,OR,envelope_rms,0.6702094858463984,0.012618295667391255
TGT_STABLE_OR,WIN-5086ffbd3eed606e70c4,3.0,target,OR,envelope_kurtosis,0.6702094858463984,0.05926539935160624
TGT_STABLE_OR,WIN-5086ffbd3eed606e70c4,3.0,target,OR,envelope_spectral_entropy,0.6702094858463984,0.034244620114185276
TGT_STABLE_OR,WIN-9d1101108d96156d79a5,3.5,target,OR,mean,0.6623980380349507,-0.006458975722133498
TGT_STABLE_OR,WIN-9d1101108d96156d79a5,3.5,target,OR,std,0.6623980380349507,0.026666666666666616
TGT_STABLE_OR,WIN-9d1101108d96156d79a5,3.5,target,OR,rms,0.6623980380349507,0.016833333333333367
TGT_STABLE_OR,WIN-9d1101108d96156d79a5,3.5,target,OR,mean_abs,0.6623980380349507,-0.002666666666666706
TGT_STABLE_OR,WIN-9d1101108d96156d79a5,3.5,target,OR,peak_abs,0.6623980380349507,-0.00019318181818184232
TGT_STABLE_OR,WIN-9d1101108d96156d79a5,3.5,target,OR,peak_to_peak,0.6623980380349507,0.011111111111111183
TGT_STABLE_OR,WIN-9d1101108d96156d79a5,3.5,target,OR,skewness,0.6623980380349507,0.010000000000000009
TGT_STABLE_OR,WIN-9d1101108d96156d79a5,3.5,target,OR,kurtosis,0.6623980380349507,0.05675925925925929
TGT_STABLE_OR,WIN-9d1101108d96156d79a5,3.5,target,OR,crest_factor,0.6623980380349507,0.016544715447154523
TGT_STABLE_OR,WIN-9d1101108d96156d79a5,3.5,target,OR,impulse_factor,0.6623980380349507,0.03830334382965972
TGT_STABLE_OR,WIN-9d1101108d96156d79a5,3.5,target,OR,shape_factor,0.6623980380349507,0.046990809736711325
TGT_STABLE_OR,WIN-9d1101108d96156d79a5,3.5,target,OR,clearance_factor,0.6623980380349507,0.043030303030303085
TGT_STABLE_OR,WIN-9d1101108d96156d79a5,3.5,target,OR,zero_cross_rate,0.6623980380349507,-0.010000000000000009
TGT_STABLE_OR,WIN-9d1101108d96156d79a5,3.5,target,OR,spectral_centroid_hz,0.6623980380349507,0.009333333333333305
TGT_STABLE_OR,WIN-9d1101108d96156d79a5,3.5,target,OR,spectral_rms_hz,0.6623980380349507,0.00042735042735042583
TGT_STABLE_OR,WIN-9d1101108d96156d79a5,3.5,target,OR,spectral_entropy,0.6623980380349507,-0.020000000000000018
TGT_STABLE_OR,WIN-9d1101108d96156d79a5,3.5,target,OR,spectral_flatness,0.6623980380349507,-0.030000000000000027
TGT_STABLE_OR,WIN-9d1101108d96156d79a5,3.5,target,OR,dominant_frequency_hz,0.6623980380349507,0.006666666666666599
TGT_STABLE_OR,WIN-9d1101108d96156d79a5,3.5,target,OR,rolloff95_hz,0.6623980380349507,-0.0029166666666666785
TGT_STABLE_OR,WIN-9d1101108d96156d79a5,3.5,target,OR,band_ratio_0_500,0.6623980380349507,0.006666666666666599
TGT_STABLE_OR,WIN-9d1101108d96156d79a5,3.5,target,OR,band_ratio_500_1500,0.6623980380349507,0.006666666666666599
TGT_STABLE_OR,WIN-9d1101108d96156d79a5,3.5,target,OR,band_ratio_1500_3000,0.6623980380349507,0.0014285714285714457
TGT_STABLE_OR,WIN-9d1101108d96156d79a5,3.5,target,OR,band_ratio_3000_5500,0.6623980380349507,-0.008221876695342134
TGT_STABLE_OR,WIN-9d1101108d96156d79a5,3.5,target,OR,envelope_rms,0.6623980380349507,0.012618295667391366
TGT_STABLE_OR,WIN-9d1101108d96156d79a5,3.5,target,OR,envelope_kurtosis,0.6623980380349507,0.06754691921343714
TGT_STABLE_OR,WIN-9d1101108d96156d79a5,3.5,target,OR,envelope_spectral_entropy,0.6623980380349507,0.034244620114185276
TGT_STABLE_OR,WIN-c094d80ce7b12a61da10,4.0,target,OR,mean,0.7745662753079451,-0.009792309055466908
TGT_STABLE_OR,WIN-c094d80ce7b12a61da10,4.0,target,OR,std,0.7745662753079451,0.013333333333333308
TGT_STABLE_OR,WIN-c094d80ce7b12a61da10,4.0,target,OR,rms,0.7745662753079451,0.006833333333333247
TGT_STABLE_OR,WIN-c094d80ce7b12a61da10,4.0,target,OR,mean_abs,0.7745662753079451,-0.010000000000000009
TGT_STABLE_OR,WIN-c094d80ce7b12a61da10,4.0,target,OR,peak_abs,0.7745662753079451,-0.0033333333333334103
TGT_STABLE_OR,WIN-c094d80ce7b12a61da10,4.0,target,OR,peak_to_peak,0.7745662753079451,0.004444444444444473
TGT_STABLE_OR,WIN-c094d80ce7b12a61da10,4.0,target,OR,skewness,0.7745662753079451,0.004312169312169378
TGT_STABLE_OR,WIN-c094d80ce7b12a61da10,4.0,target,OR,kurtosis,0.7745662753079451,0.0667592592592593
TGT_STABLE_OR,WIN-c094d80ce7b12a61da10,4.0,target,OR,crest_factor,0.7745662753079451,0.04976755872459282
TGT_STABLE_OR,WIN-c094d80ce7b12a61da10,4.0,target,OR,impulse_factor,0.7745662753079451,0.08280601660552822
TGT_STABLE_OR,WIN-c094d80ce7b12a61da10,4.0,target,OR,shape_factor,0.7745662753079451,0.059574297677342125
TGT_STABLE_OR,WIN-c094d80ce7b12a61da10,4.0,target,OR,clearance_factor,0.7745662753079451,0.08740499703910609
TGT_STABLE_OR,WIN-c094d80ce7b12a61da10,4.0,target,OR,zero_cross_rate,0.7745662753079451,-0.010000000000000009
TGT_STABLE_OR,WIN-c094d80ce7b12a61da10,4.0,target,OR,spectral_centroid_hz,0.7745662753079451,-0.0040000000000000036
TGT_STABLE_OR,WIN-c094d80ce7b12a61da10,4.0,target,OR,spectral_rms_hz,0.7745662753079451,0.00042735042735042583
TGT_STABLE_OR,WIN-c094d80ce7b12a61da10,4.0,target,OR,spectral_entropy,0.7745662753079451,-0.020000000000000018
TGT_STABLE_OR,WIN-c094d80ce7b12a61da10,4.0,target,OR,spectral_flatness,0.7745662753079451,-0.030000000000000027
TGT_STABLE_OR,WIN-c094d80ce7b12a61da10,4.0,target,OR,dominant_frequency_hz,0.7745662753079451,0.0033333333333332993
TGT_STABLE_OR,WIN-c094d80ce7b12a61da10,4.0,target,OR,rolloff95_hz,0.7745662753079451,-0.00983333333333336
TGT_STABLE_OR,WIN-c094d80ce7b12a61da10,4.0,target,OR,band_ratio_0_500,0.7745662753079451,0.0033333333333332993
TGT_STABLE_OR,WIN-c094d80ce7b12a61da10,4.0,target,OR,band_ratio_500_1500,0.7745662753079451,0.0
TGT_STABLE_OR,WIN-c094d80ce7b12a61da10,4.0,target,OR,band_ratio_1500_3000,0.7745662753079451,0.0033333333333332993
TGT_STABLE_OR,WIN-c094d80ce7b12a61da10,4.0,target,OR,band_ratio_3000_5500,0.7745662753079451,-0.03682586529933074
TGT_STABLE_OR,WIN-c094d80ce7b12a61da10,4.0,target,OR,envelope_rms,0.7745662753079451,-0.0002388471897515343
TGT_STABLE_OR,WIN-c094d80ce7b12a61da10,4.0,target,OR,envelope_kurtosis,0.7745662753079451,0.05148762157382836
TGT_STABLE_OR,WIN-c094d80ce7b12a61da10,4.0,target,OR,envelope_spectral_entropy,0.7745662753079451,0.039614990484555634
TGT_STABLE_OR,WIN-af3a96837adf7ba65bde,4.5,target,OR,mean,0.7778996086412785,-0.009792309055466908
TGT_STABLE_OR,WIN-af3a96837adf7ba65bde,4.5,target,OR,std,0.7778996086412785,0.01333333333333342
TGT_STABLE_OR,WIN-af3a96837adf7ba65bde,4.5,target,OR,rms,0.7778996086412785,0.006833333333333358
TGT_STABLE_OR,WIN-af3a96837adf7ba65bde,4.5,target,OR,mean_abs,0.7778996086412785,-0.013333333333333308
TGT_STABLE_OR,WIN-af3a96837adf7ba65bde,4.5,target,OR,peak_abs,0.7778996086412785,-0.0033333333333332993
TGT_STABLE_OR,WIN-af3a96837adf7ba65bde,4.5,target,OR,peak_to_peak,0.7778996086412785,0.004444444444444473
TGT_STABLE_OR,WIN-af3a96837adf7ba65bde,4.5,target,OR,skewness,0.7778996086412785,0.004312169312169378
TGT_STABLE_OR,WIN-af3a96837adf7ba65bde,4.5,target,OR,kurtosis,0.7778996086412785,0.06675925925925941
TGT_STABLE_OR,WIN-af3a96837adf7ba65bde,4.5,target,OR,crest_factor,0.7778996086412785,0.05310089205792623
TGT_STABLE_OR,WIN-af3a96837adf7ba65bde,4.5,target,OR,impulse_factor,0.7778996086412785,0.07617371420003005
TGT_STABLE_OR,WIN-af3a96837adf7ba65bde,4.5,target,OR,shape_factor,0.7778996086412785,0.059574297677342236
TGT_STABLE_OR,WIN-af3a96837adf7ba65bde,4.5,target,OR,clearance_factor,0.7778996086412785,0.0840716637057729
TGT_STABLE_OR,WIN-af3a96837adf7ba65bde,4.5,target,OR,zero_cross_rate,0.7778996086412785,-0.009999999999999898
TGT_STABLE_OR,WIN-af3a96837adf7ba65bde,4.5,target,OR,spectral_centroid_hz,0.7778996086412785,-0.0039999999999998925
TGT_STABLE_OR,WIN-af3a96837adf7ba65bde,4.5,target,OR,spectral_rms_hz,0.7778996086412785,0.00042735042735053685
TGT_STABLE_OR,WIN-af3a96837adf7ba65bde,4.5,target,OR,spectral_entropy,0.7778996086412785,-0.019999999999999907
TGT_STABLE_OR,WIN-af3a96837adf7ba65bde,4.5,target,OR,spectral_flatness,0.7778996086412785,-0.029999999999999916
TGT_STABLE_OR,WIN-af3a96837adf7ba65bde,4.5,target,OR,dominant_frequency_hz,0.7778996086412785,0.0033333333333334103
TGT_STABLE_OR,WIN-af3a96837adf7ba65bde,4.5,target,OR,rolloff95_hz,0.7778996086412785,-0.00649999999999995
TGT_STABLE_OR,WIN-af3a96837adf7ba65bde,4.5,target,OR,band_ratio_0_500,0.7778996086412785,0.0033333333333334103
TGT_STABLE_OR,WIN-af3a96837adf7ba65bde,4.5,target,OR,band_ratio_500_1500,0.7778996086412785,0.0
TGT_STABLE_OR,WIN-af3a96837adf7ba65bde,4.5,target,OR,band_ratio_1500_3000,0.7778996086412785,0.0033333333333334103
TGT_STABLE_OR,WIN-af3a96837adf7ba65bde,4.5,target,OR,band_ratio_3000_5500,0.7778996086412785,-0.03349253196599733
TGT_STABLE_OR,WIN-af3a96837adf7ba65bde,4.5,target,OR,envelope_rms,0.7778996086412785,-0.0002388471897515343
TGT_STABLE_OR,WIN-af3a96837adf7ba65bde,4.5,target,OR,envelope_kurtosis,0.7778996086412785,0.05148762157382847
TGT_STABLE_OR,WIN-af3a96837adf7ba65bde,4.5,target,OR,envelope_spectral_entropy,0.7778996086412785,0.042948323817889045
TGT_STABLE_OR,WIN-17a348861ab34fa94b2c,5.0,target,OR,mean,0.7778996086412785,-0.009792309055466908
TGT_STABLE_OR,WIN-17a348861ab34fa94b2c,5.0,target,OR,std,0.7778996086412785,0.01333333333333342
TGT_STABLE_OR,WIN-17a348861ab34fa94b2c,5.0,target,OR,rms,0.7778996086412785,0.006833333333333358
TGT_STABLE_OR,WIN-17a348861ab34fa94b2c,5.0,target,OR,mean_abs,0.7778996086412785,-0.006666666666666599
TGT_STABLE_OR,WIN-17a348861ab34fa94b2c,5.0,target,OR,peak_abs,0.7778996086412785,-0.0033333333333332993
TGT_STABLE_OR,WIN-17a348861ab34fa94b2c,5.0,target,OR,peak_to_peak,0.7778996086412785,0.004444444444444473
TGT_STABLE_OR,WIN-17a348861ab34fa94b2c,5.0,target,OR,skewness,0.7778996086412785,0.004312169312169378
TGT_STABLE_OR,WIN-17a348861ab34fa94b2c,5.0,target,OR,kurtosis,0.7778996086412785,0.0600925925925927
TGT_STABLE_OR,WIN-17a348861ab34fa94b2c,5.0,target,OR,crest_factor,0.7778996086412785,0.05310089205792623
TGT_STABLE_OR,WIN-17a348861ab34fa94b2c,5.0,target,OR,impulse_factor,0.7778996086412785,0.06950704753336334
TGT_STABLE_OR,WIN-17a348861ab34fa94b2c,5.0,target,OR,shape_factor,0.7778996086412785,0.059574297677342236
TGT_STABLE_OR,WIN-17a348861ab34fa94b2c,5.0,target,OR,clearance_factor,0.7778996086412785,0.0840716637057729
TGT_STABLE_OR,WIN-17a348861ab34fa94b2c,5.0,target,OR,zero_cross_rate,0.7778996086412785,-0.016666666666666607
TGT_STABLE_OR,WIN-17a348861ab34fa94b2c,5.0,target,OR,spectral_centroid_hz,0.7778996086412785,0.006000000000000116
TGT_STABLE_OR,WIN-17a348861ab34fa94b2c,5.0,target,OR,spectral_rms_hz,0.7778996086412785,0.010000000000000009
TGT_STABLE_OR,WIN-17a348861ab34fa94b2c,5.0,target,OR,spectral_entropy,0.7778996086412785,-0.006666666666666599
TGT_STABLE_OR,WIN-17a348861ab34fa94b2c,5.0,target,OR,spectral_flatness,0.7778996086412785,-0.029999999999999916
TGT_STABLE_OR,WIN-17a348861ab34fa94b2c,5.0,target,OR,dominant_frequency_hz,0.7778996086412785,0.0033333333333334103
TGT_STABLE_OR,WIN-17a348861ab34fa94b2c,5.0,target,OR,rolloff95_hz,0.7778996086412785,-0.013166666666666549
TGT_STABLE_OR,WIN-17a348861ab34fa94b2c,5.0,target,OR,band_ratio_0_500,0.7778996086412785,0.0033333333333334103
TGT_STABLE_OR,WIN-17a348861ab34fa94b2c,5.0,target,OR,band_ratio_500_1500,0.7778996086412785,0.0
TGT_STABLE_OR,WIN-17a348861ab34fa94b2c,5.0,target,OR,band_ratio_1500_3000,0.7778996086412785,0.0033333333333334103
TGT_STABLE_OR,WIN-17a348861ab34fa94b2c,5.0,target,OR,band_ratio_3000_5500,0.7778996086412785,-0.028492531965997325
TGT_STABLE_OR,WIN-17a348861ab34fa94b2c,5.0,target,OR,envelope_rms,0.7778996086412785,-0.006905513856418133
TGT_STABLE_OR,WIN-17a348861ab34fa94b2c,5.0,target,OR,envelope_kurtosis,0.7778996086412785,0.05482095490716177
TGT_STABLE_OR,WIN-17a348861ab34fa94b2c,5.0,target,OR,envelope_spectral_entropy,0.7778996086412785,0.039614990484555745
TGT_STABLE_OR,WIN-7eb502011a23d91d142d,5.5,target,OR,mean,0.7745662753079451,-0.009792309055466908
TGT_STABLE_OR,WIN-7eb502011a23d91d142d,5.5,target,OR,std,0.7745662753079451,0.013333333333333308
TGT_STABLE_OR,WIN-7eb502011a23d91d142d,5.5,target,OR,rms,0.7745662753079451,0.006833333333333247
TGT_STABLE_OR,WIN-7eb502011a23d91d142d,5.5,target,OR,mean_abs,0.7745662753079451,-0.013333333333333308
TGT_STABLE_OR,WIN-7eb502011a23d91d142d,5.5,target,OR,peak_abs,0.7745662753079451,-0.0033333333333334103
TGT_STABLE_OR,WIN-7eb502011a23d91d142d,5.5,target,OR,peak_to_peak,0.7745662753079451,0.004444444444444473
TGT_STABLE_OR,WIN-7eb502011a23d91d142d,5.5,target,OR,skewness,0.7745662753079451,0.004312169312169378
TGT_STABLE_OR,WIN-7eb502011a23d91d142d,5.5,target,OR,kurtosis,0.7745662753079451,0.063425925925926
TGT_STABLE_OR,WIN-7eb502011a23d91d142d,5.5,target,OR,crest_factor,0.7745662753079451,0.04976755872459282
TGT_STABLE_OR,WIN-7eb502011a23d91d142d,5.5,target,OR,impulse_factor,0.7745662753079451,0.07284038086669664
TGT_STABLE_OR,WIN-7eb502011a23d91d142d,5.5,target,OR,shape_factor,0.7745662753079451,0.059574297677342125
TGT_STABLE_OR,WIN-7eb502011a23d91d142d,5.5,target,OR,clearance_factor,0.7745662753079451,0.08407166370577279
TGT_STABLE_OR,WIN-7eb502011a23d91d142d,5.5,target,OR,zero_cross_rate,0.7745662753079451,-0.010000000000000009
TGT_STABLE_OR,WIN-7eb502011a23d91d142d,5.5,target,OR,spectral_centroid_hz,0.7745662753079451,-0.0040000000000000036
TGT_STABLE_OR,WIN-7eb502011a23d91d142d,5.5,target,OR,spectral_rms_hz,0.7745662753079451,0.003760683760683725
TGT_STABLE_OR,WIN-7eb502011a23d91d142d,5.5,target,OR,spectral_entropy,0.7745662753079451,-0.020000000000000018
TGT_STABLE_OR,WIN-7eb502011a23d91d142d,5.5,target,OR,spectral_flatness,0.7745662753079451,-0.030000000000000027
TGT_STABLE_OR,WIN-7eb502011a23d91d142d,5.5,target,OR,dominant_frequency_hz,0.7745662753079451,0.0033333333333332993
TGT_STABLE_OR,WIN-7eb502011a23d91d142d,5.5,target,OR,rolloff95_hz,0.7745662753079451,-0.00649999999999995
TGT_STABLE_OR,WIN-7eb502011a23d91d142d,5.5,target,OR,band_ratio_0_500,0.7745662753079451,0.0033333333333332993
TGT_STABLE_OR,WIN-7eb502011a23d91d142d,5.5,target,OR,band_ratio_500_1500,0.7745662753079451,0.0
TGT_STABLE_OR,WIN-7eb502011a23d91d142d,5.5,target,OR,band_ratio_1500_3000,0.7745662753079451,0.0033333333333332993
TGT_STABLE_OR,WIN-7eb502011a23d91d142d,5.5,target,OR,band_ratio_3000_5500,0.7745662753079451,-0.03682586529933074
TGT_STABLE_OR,WIN-7eb502011a23d91d142d,5.5,target,OR,envelope_rms,0.7745662753079451,-0.0002388471897515343
TGT_STABLE_OR,WIN-7eb502011a23d91d142d,5.5,target,OR,envelope_kurtosis,0.7745662753079451,0.05148762157382836
TGT_STABLE_OR,WIN-7eb502011a23d91d142d,5.5,target,OR,envelope_spectral_entropy,0.7745662753079451,0.039614990484555634
TGT_STABLE_OR,WIN-120f43c377770374543c,6.0,target,OR,mean,0.7707871557919834,-0.00925925925925919
TGT_STABLE_OR,WIN-120f43c377770374543c,6.0,target,OR,std,0.7707871557919834,0.013333333333333308
TGT_STABLE_OR,WIN-120f43c377770374543c,6.0,target,OR,rms,0.7707871557919834,0.006833333333333247
TGT_STABLE_OR,WIN-120f43c377770374543c,6.0,target,OR,mean_abs,0.7707871557919834,-0.010000000000000009
TGT_STABLE_OR,WIN-120f43c377770374543c,6.0,target,OR,peak_abs,0.7707871557919834,-0.0033333333333332993
TGT_STABLE_OR,WIN-120f43c377770374543c,6.0,target,OR,peak_to_peak,0.7707871557919834,0.004444444444444473
TGT_STABLE_OR,WIN-120f43c377770374543c,6.0,target,OR,skewness,0.7707871557919834,-0.0033333333333332993
TGT_STABLE_OR,WIN-120f43c377770374543c,6.0,target,OR,kurtosis,0.7707871557919834,0.06545488721804504
TGT_STABLE_OR,WIN-120f43c377770374543c,6.0,target,OR,crest_factor,0.7707871557919834,0.04310089205792622
TGT_STABLE_OR,WIN-120f43c377770374543c,6.0,target,OR,impulse_factor,0.7707871557919834,0.0833430263693421
TGT_STABLE_OR,WIN-120f43c377770374543c,6.0,target,OR,shape_factor,0.7707871557919834,0.053210661313705776
TGT_STABLE_OR,WIN-120f43c377770374543c,6.0,target,OR,clearance_factor,0.7707871557919834,0.09437469400880316
TGT_STABLE_OR,WIN-120f43c377770374543c,6.0,target,OR,zero_cross_rate,0.7707871557919834,-0.010000000000000009
TGT_STABLE_OR,WIN-120f43c377770374543c,6.0,target,OR,spectral_centroid_hz,0.7707871557919834,-0.010000000000000009
TGT_STABLE_OR,WIN-120f43c377770374543c,6.0,target,OR,spectral_rms_hz,0.7707871557919834,0.00042735042735053685
TGT_STABLE_OR,WIN-120f43c377770374543c,6.0,target,OR,spectral_entropy,0.7707871557919834,-0.016666666666666607
TGT_STABLE_OR,WIN-120f43c377770374543c,6.0,target,OR,spectral_flatness,0.7707871557919834,-0.030000000000000027
TGT_STABLE_OR,WIN-120f43c377770374543c,6.0,target,OR,dominant_frequency_hz,0.7707871557919834,0.0033333333333332993
TGT_STABLE_OR,WIN-120f43c377770374543c,6.0,target,OR,rolloff95_hz,0.7707871557919834,-0.00649999999999995
TGT_STABLE_OR,WIN-120f43c377770374543c,6.0,target,OR,band_ratio_0_500,0.7707871557919834,0.0033333333333332993
TGT_STABLE_OR,WIN-120f43c377770374543c,6.0,target,OR,band_ratio_500_1500,0.7707871557919834,0.0
TGT_STABLE_OR,WIN-120f43c377770374543c,6.0,target,OR,band_ratio_1500_3000,0.7707871557919834,0.0033333333333332993
TGT_STABLE_OR,WIN-120f43c377770374543c,6.0,target,OR,band_ratio_3000_5500,0.7707871557919834,-0.03407123566970116
TGT_STABLE_OR,WIN-120f43c377770374543c,6.0,target,OR,envelope_rms,0.7707871557919834,-0.0002388471897515343
TGT_STABLE_OR,WIN-120f43c377770374543c,6.0,target,OR,envelope_kurtosis,0.7707871557919834,0.05412504847441324
TGT_STABLE_OR,WIN-120f43c377770374543c,6.0,target,OR,envelope_spectral_entropy,0.7707871557919834,0.039614990484555745
TGT_STABLE_OR,WIN-474d599169840e7119a9,6.5,target,OR,mean,0.6332041111754267,-0.010000000000000009
TGT_STABLE_OR,WIN-474d599169840e7119a9,6.5,target,OR,std,0.6332041111754267,0.030000000000000027
TGT_STABLE_OR,WIN-474d599169840e7119a9,6.5,target,OR,rms,0.6332041111754267,0.016833333333333367
TGT_STABLE_OR,WIN-474d599169840e7119a9,6.5,target,OR,mean_abs,0.6332041111754267,-0.008222222222222242
TGT_STABLE_OR,WIN-474d599169840e7119a9,6.5,target,OR,peak_abs,0.6332041111754267,0.003140151515151457
TGT_STABLE_OR,WIN-474d599169840e7119a9,6.5,target,OR,peak_to_peak,0.6332041111754267,0.011111111111111072
TGT_STABLE_OR,WIN-474d599169840e7119a9,6.5,target,OR,skewness,0.6332041111754267,0.010000000000000009
TGT_STABLE_OR,WIN-474d599169840e7119a9,6.5,target,OR,kurtosis,0.6332041111754267,0.053192982456140236
TGT_STABLE_OR,WIN-474d599169840e7119a9,6.5,target,OR,crest_factor,0.6332041111754267,0.013333333333333308
TGT_STABLE_OR,WIN-474d599169840e7119a9,6.5,target,OR,impulse_factor,0.6332041111754267,0.02660256410256412
TGT_STABLE_OR,WIN-474d599169840e7119a9,6.5,target,OR,shape_factor,0.6332041111754267,0.04396050670640839
TGT_STABLE_OR,WIN-474d599169840e7119a9,6.5,target,OR,clearance_factor,0.6332041111754267,0.026666666666666616
TGT_STABLE_OR,WIN-474d599169840e7119a9,6.5,target,OR,zero_cross_rate,0.6332041111754267,-0.00666666666666671
TGT_STABLE_OR,WIN-474d599169840e7119a9,6.5,target,OR,spectral_centroid_hz,0.6332041111754267,0.0
TGT_STABLE_OR,WIN-474d599169840e7119a9,6.5,target,OR,spectral_rms_hz,0.6332041111754267,0.006666666666666599
TGT_STABLE_OR,WIN-474d599169840e7119a9,6.5,target,OR,spectral_entropy,0.6332041111754267,-0.01666666666666672
TGT_STABLE_OR,WIN-474d599169840e7119a9,6.5,target,OR,spectral_flatness,0.6332041111754267,-0.030000000000000027
TGT_STABLE_OR,WIN-474d599169840e7119a9,6.5,target,OR,dominant_frequency_hz,0.6332041111754267,0.010000000000000009
TGT_STABLE_OR,WIN-474d599169840e7119a9,6.5,target,OR,rolloff95_hz,0.6332041111754267,0.003750000000000031
TGT_STABLE_OR,WIN-474d599169840e7119a9,6.5,target,OR,band_ratio_0_500,0.6332041111754267,0.010000000000000009
TGT_STABLE_OR,WIN-474d599169840e7119a9,6.5,target,OR,band_ratio_500_1500,0.6332041111754267,0.006666666666666599
TGT_STABLE_OR,WIN-474d599169840e7119a9,6.5,target,OR,band_ratio_1500_3000,0.6332041111754267,-0.0019047619047618536
TGT_STABLE_OR,WIN-474d599169840e7119a9,6.5,target,OR,band_ratio_3000_5500,0.6332041111754267,-0.008430210028675611
TGT_STABLE_OR,WIN-474d599169840e7119a9,6.5,target,OR,envelope_rms,0.6332041111754267,0.0158693244739756
TGT_STABLE_OR,WIN-474d599169840e7119a9,6.5,target,OR,envelope_kurtosis,0.6332041111754267,0.06018434611402168
TGT_STABLE_OR,WIN-474d599169840e7119a9,6.5,target,OR,envelope_spectral_entropy,0.6332041111754267,0.03424462011418539
TGT_STABLE_OR,WIN-a656789906a13b010c70,7.0,target,OR,mean,0.6332041111754267,-0.0033333333333332993
TGT_STABLE_OR,WIN-a656789906a13b010c70,7.0,target,OR,std,0.6332041111754267,0.030000000000000027
TGT_STABLE_OR,WIN-a656789906a13b010c70,7.0,target,OR,rms,0.6332041111754267,0.016833333333333367
TGT_STABLE_OR,WIN-a656789906a13b010c70,7.0,target,OR,mean_abs,0.6332041111754267,-0.008222222222222242
TGT_STABLE_OR,WIN-a656789906a13b010c70,7.0,target,OR,peak_abs,0.6332041111754267,0.003140151515151457
TGT_STABLE_OR,WIN-a656789906a13b010c70,7.0,target,OR,peak_to_peak,0.6332041111754267,0.011111111111111072
TGT_STABLE_OR,WIN-a656789906a13b010c70,7.0,target,OR,skewness,0.6332041111754267,0.010000000000000009
TGT_STABLE_OR,WIN-a656789906a13b010c70,7.0,target,OR,kurtosis,0.6332041111754267,0.05652631578947365
TGT_STABLE_OR,WIN-a656789906a13b010c70,7.0,target,OR,crest_factor,0.6332041111754267,0.013333333333333308
TGT_STABLE_OR,WIN-a656789906a13b010c70,7.0,target,OR,impulse_factor,0.6332041111754267,0.02660256410256412
TGT_STABLE_OR,WIN-a656789906a13b010c70,7.0,target,OR,shape_factor,0.6332041111754267,0.04396050670640839
TGT_STABLE_OR,WIN-a656789906a13b010c70,7.0,target,OR,clearance_factor,0.6332041111754267,0.026666666666666616
TGT_STABLE_OR,WIN-a656789906a13b010c70,7.0,target,OR,zero_cross_rate,0.6332041111754267,-0.00666666666666671
TGT_STABLE_OR,WIN-a656789906a13b010c70,7.0,target,OR,spectral_centroid_hz,0.6332041111754267,0.0033333333333332993
TGT_STABLE_OR,WIN-a656789906a13b010c70,7.0,target,OR,spectral_rms_hz,0.6332041111754267,0.006666666666666599
TGT_STABLE_OR,WIN-a656789906a13b010c70,7.0,target,OR,spectral_entropy,0.6332041111754267,-0.01666666666666672
TGT_STABLE_OR,WIN-a656789906a13b010c70,7.0,target,OR,spectral_flatness,0.6332041111754267,-0.030000000000000027
TGT_STABLE_OR,WIN-a656789906a13b010c70,7.0,target,OR,dominant_frequency_hz,0.6332041111754267,0.010000000000000009
TGT_STABLE_OR,WIN-a656789906a13b010c70,7.0,target,OR,rolloff95_hz,0.6332041111754267,0.003750000000000031
TGT_STABLE_OR,WIN-a656789906a13b010c70,7.0,target,OR,band_ratio_0_500,0.6332041111754267,0.010000000000000009
TGT_STABLE_OR,WIN-a656789906a13b010c70,7.0,target,OR,band_ratio_500_1500,0.6332041111754267,0.0
TGT_STABLE_OR,WIN-a656789906a13b010c70,7.0,target,OR,band_ratio_1500_3000,0.6332041111754267,-0.0019047619047618536
TGT_STABLE_OR,WIN-a656789906a13b010c70,7.0,target,OR,band_ratio_3000_5500,0.6332041111754267,-0.008430210028675611
TGT_STABLE_OR,WIN-a656789906a13b010c70,7.0,target,OR,envelope_rms,0.6332041111754267,0.0158693244739756
TGT_STABLE_OR,WIN-a656789906a13b010c70,7.0,target,OR,envelope_kurtosis,0.6332041111754267,0.05685101278068849
TGT_STABLE_OR,WIN-a656789906a13b010c70,7.0,target,OR,envelope_spectral_entropy,0.6332041111754267,0.03424462011418539
TGT_STABLE_B,WIN-fe4b7ab8b9cbd48e48d6,0.0,target,B,mean,0.5386841269841269,-0.00666666666666671
TGT_STABLE_B,WIN-fe4b7ab8b9cbd48e48d6,0.0,target,B,std,0.5386841269841269,-0.046666666666666745
TGT_STABLE_B,WIN-fe4b7ab8b9cbd48e48d6,0.0,target,B,rms,0.5386841269841269,-0.04358530893974166
TGT_STABLE_B,WIN-fe4b7ab8b9cbd48e48d6,0.0,target,B,mean_abs,0.5386841269841269,-0.011111111111111183
TGT_STABLE_B,WIN-fe4b7ab8b9cbd48e48d6,0.0,target,B,peak_abs,0.5386841269841269,-0.01348989898989894
TGT_STABLE_B,WIN-fe4b7ab8b9cbd48e48d6,0.0,target,B,peak_to_peak,0.5386841269841269,-0.02111111111111119
TGT_STABLE_B,WIN-fe4b7ab8b9cbd48e48d6,0.0,target,B,skewness,0.5386841269841269,0.0
TGT_STABLE_B,WIN-fe4b7ab8b9cbd48e48d6,0.0,target,B,kurtosis,0.5386841269841269,0.05136189214690551
TGT_STABLE_B,WIN-fe4b7ab8b9cbd48e48d6,0.0,target,B,crest_factor,0.5386841269841269,0.0
TGT_STABLE_B,WIN-fe4b7ab8b9cbd48e48d6,0.0,target,B,impulse_factor,0.5386841269841269,-0.010000000000000009
TGT_STABLE_B,WIN-fe4b7ab8b9cbd48e48d6,0.0,target,B,shape_factor,0.5386841269841269,0.053255813953488274
TGT_STABLE_B,WIN-fe4b7ab8b9cbd48e48d6,0.0,target,B,clearance_factor,0.5386841269841269,-0.0033333333333334103
TGT_STABLE_B,WIN-fe4b7ab8b9cbd48e48d6,0.0,target,B,zero_cross_rate,0.5386841269841269,0.013333333333333308
TGT_STABLE_B,WIN-fe4b7ab8b9cbd48e48d6,0.0,target,B,spectral_centroid_hz,0.5386841269841269,0.0
TGT_STABLE_B,WIN-fe4b7ab8b9cbd48e48d6,0.0,target,B,spectral_rms_hz,0.5386841269841269,-0.0033333333333334103
TGT_STABLE_B,WIN-fe4b7ab8b9cbd48e48d6,0.0,target,B,spectral_entropy,0.5386841269841269,0.036666666666666625
TGT_STABLE_B,WIN-fe4b7ab8b9cbd48e48d6,0.0,target,B,spectral_flatness,0.5386841269841269,0.013333333333333308
TGT_STABLE_B,WIN-fe4b7ab8b9cbd48e48d6,0.0,target,B,dominant_frequency_hz,0.5386841269841269,-0.009307017543859764
TGT_STABLE_B,WIN-fe4b7ab8b9cbd48e48d6,0.0,target,B,rolloff95_hz,0.5386841269841269,-0.010000000000000009
TGT_STABLE_B,WIN-fe4b7ab8b9cbd48e48d6,0.0,target,B,band_ratio_0_500,0.5386841269841269,0.14652264807403287
TGT_STABLE_B,WIN-fe4b7ab8b9cbd48e48d6,0.0,target,B,band_ratio_500_1500,0.5386841269841269,0.0033333333333332993
TGT_STABLE_B,WIN-fe4b7ab8b9cbd48e48d6,0.0,target,B,band_ratio_1500_3000,0.5386841269841269,-0.010000000000000009
TGT_STABLE_B,WIN-fe4b7ab8b9cbd48e48d6,0.0,target,B,band_ratio_3000_5500,0.5386841269841269,0.002424242424242329
TGT_STABLE_B,WIN-fe4b7ab8b9cbd48e48d6,0.0,target,B,envelope_rms,0.5386841269841269,-0.019699248120300772
TGT_STABLE_B,WIN-fe4b7ab8b9cbd48e48d6,0.0,target,B,envelope_kurtosis,0.5386841269841269,0.033871617731721315
TGT_STABLE_B,WIN-fe4b7ab8b9cbd48e48d6,0.0,target,B,envelope_spectral_entropy,0.5386841269841269,0.11888888888888888
TGT_STABLE_B,WIN-71189cdb3b575c7bd4de,0.5,target,B,mean,0.56,-0.0033333333333332993
TGT_STABLE_B,WIN-71189cdb3b575c7bd4de,0.5,target,B,std,0.56,-0.033333333333333326
TGT_STABLE_B,WIN-71189cdb3b575c7bd4de,0.5,target,B,rms,0.56,-0.04347294938917967
TGT_STABLE_B,WIN-71189cdb3b575c7bd4de,0.5,target,B,mean_abs,0.56,-0.006666666666666599
TGT_STABLE_B,WIN-71189cdb3b575c7bd4de,0.5,target,B,peak_abs,0.56,-0.009999999999999898
TGT_STABLE_B,WIN-71189cdb3b575c7bd4de,0.5,target,B,peak_to_peak,0.56,-0.011111111111111072
TGT_STABLE_B,WIN-71189cdb3b575c7bd4de,0.5,target,B,skewness,0.56,0.0033333333333334103
TGT_STABLE_B,WIN-71189cdb3b575c7bd4de,0.5,target,B,kurtosis,0.56,0.06000000000000005
TGT_STABLE_B,WIN-71189cdb3b575c7bd4de,0.5,target,B,crest_factor,0.56,-0.014761904761904754
TGT_STABLE_B,WIN-71189cdb3b575c7bd4de,0.5,target,B,impulse_factor,0.56,0.01777777777777778
TGT_STABLE_B,WIN-71189cdb3b575c7bd4de,0.5,target,B,shape_factor,0.56,0.04658914728682173
TGT_STABLE_B,WIN-71189cdb3b575c7bd4de,0.5,target,B,clearance_factor,0.56,0.0016333333333333755
TGT_STABLE_B,WIN-71189cdb3b575c7bd4de,0.5,target,B,zero_cross_rate,0.56,0.036666666666666736
TGT_STABLE_B,WIN-71189cdb3b575c7bd4de,0.5,target,B,spectral_centroid_hz,0.56,0.01666666666666672
TGT_STABLE_B,WIN-71189cdb3b575c7bd4de,0.5,target,B,spectral_rms_hz,0.56,0.002991452991453092
TGT_STABLE_B,WIN-71189cdb3b575c7bd4de,0.5,target,B,spectral_entropy,0.56,0.030000000000000027
TGT_STABLE_B,WIN-71189cdb3b575c7bd4de,0.5,target,B,spectral_flatness,0.56,0.020000000000000018
TGT_STABLE_B,WIN-71189cdb3b575c7bd4de,0.5,target,B,dominant_frequency_hz,0.56,0.008192982456140308
TGT_STABLE_B,WIN-71189cdb3b575c7bd4de,0.5,target,B,rolloff95_hz,0.56,-0.019999999999999907
TGT_STABLE_B,WIN-71189cdb3b575c7bd4de,0.5,target,B,band_ratio_0_500,0.56,0.1765345368916798
TGT_STABLE_B,WIN-71189cdb3b575c7bd4de,0.5,target,B,band_ratio_500_1500,0.56,0.0
TGT_STABLE_B,WIN-71189cdb3b575c7bd4de,0.5,target,B,band_ratio_1500_3000,0.56,-0.006666666666666599
TGT_STABLE_B,WIN-71189cdb3b575c7bd4de,0.5,target,B,band_ratio_3000_5500,0.56,0.04073790233636798
TGT_STABLE_B,WIN-71189cdb3b575c7bd4de,0.5,target,B,envelope_rms,0.56,-0.026190476190476097
TGT_STABLE_B,WIN-71189cdb3b575c7bd4de,0.5,target,B,envelope_kurtosis,0.56,0.046666666666666745
TGT_STABLE_B,WIN-71189cdb3b575c7bd4de,0.5,target,B,envelope_spectral_entropy,0.56,0.15666666666666673
TGT_STABLE_B,WIN-893b295add1273511a5f,1.0,target,B,mean,0.56,-0.0033333333333332993
TGT_STABLE_B,WIN-893b295add1273511a5f,1.0,target,B,std,0.56,-0.033333333333333326
TGT_STABLE_B,WIN-893b295add1273511a5f,1.0,target,B,rms,0.56,-0.04347294938917967
TGT_STABLE_B,WIN-893b295add1273511a5f,1.0,target,B,mean_abs,0.56,-0.0033333333333332993
TGT_STABLE_B,WIN-893b295add1273511a5f,1.0,target,B,peak_abs,0.56,-0.009999999999999898
TGT_STABLE_B,WIN-893b295add1273511a5f,1.0,target,B,peak_to_peak,0.56,-0.011111111111111072
TGT_STABLE_B,WIN-893b295add1273511a5f,1.0,target,B,skewness,0.56,0.0033333333333334103
TGT_STABLE_B,WIN-893b295add1273511a5f,1.0,target,B,kurtosis,0.56,0.056666666666666754
TGT_STABLE_B,WIN-893b295add1273511a5f,1.0,target,B,crest_factor,0.56,-0.014761904761904754
TGT_STABLE_B,WIN-893b295add1273511a5f,1.0,target,B,impulse_factor,0.56,0.02111111111111108
TGT_STABLE_B,WIN-893b295add1273511a5f,1.0,target,B,shape_factor,0.56,0.05325581395348844
TGT_STABLE_B,WIN-893b295add1273511a5f,1.0,target,B,clearance_factor,0.56,0.0016333333333333755
TGT_STABLE_B,WIN-893b295add1273511a5f,1.0,target,B,zero_cross_rate,0.56,0.030000000000000027
TGT_STABLE_B,WIN-893b295add1273511a5f,1.0,target,B,spectral_centroid_hz,0.56,0.01666666666666672
TGT_STABLE_B,WIN-893b295add1273511a5f,1.0,target,B,spectral_rms_hz,0.56,0.002991452991453092
TGT_STABLE_B,WIN-893b295add1273511a5f,1.0,target,B,spectral_entropy,0.56,0.030000000000000027
TGT_STABLE_B,WIN-893b295add1273511a5f,1.0,target,B,spectral_flatness,0.56,0.01333333333333342
TGT_STABLE_B,WIN-893b295add1273511a5f,1.0,target,B,dominant_frequency_hz,0.56,0.004859649122807008
TGT_STABLE_B,WIN-893b295add1273511a5f,1.0,target,B,rolloff95_hz,0.56,-0.019999999999999907
TGT_STABLE_B,WIN-893b295add1273511a5f,1.0,target,B,band_ratio_0_500,0.56,0.17659863945578236
TGT_STABLE_B,WIN-893b295add1273511a5f,1.0,target,B,band_ratio_500_1500,0.56,0.0033333333333334103
TGT_STABLE_B,WIN-893b295add1273511a5f,1.0,target,B,band_ratio_1500_3000,0.56,-0.006666666666666599
TGT_STABLE_B,WIN-893b295add1273511a5f,1.0,target,B,band_ratio_3000_5500,0.56,0.03799280429715224
TGT_STABLE_B,WIN-893b295add1273511a5f,1.0,target,B,envelope_rms,0.56,-0.026190476190476097
TGT_STABLE_B,WIN-893b295add1273511a5f,1.0,target,B,envelope_kurtosis,0.56,0.043333333333333335
TGT_STABLE_B,WIN-893b295add1273511a5f,1.0,target,B,envelope_spectral_entropy,0.56,0.15000000000000008
TGT_STABLE_B,WIN-0a4a85e0ad526bf5efee,1.5,target,B,mean,0.57,-0.0033333333333334103
TGT_STABLE_B,WIN-0a4a85e0ad526bf5efee,1.5,target,B,std,0.57,-0.03333333333333344
TGT_STABLE_B,WIN-0a4a85e0ad526bf5efee,1.5,target,B,rms,0.57,-0.043333333333333335
TGT_STABLE_B,WIN-0a4a85e0ad526bf5efee,1.5,target,B,mean_abs,0.57,-0.0033333333333334103
TGT_STABLE_B,WIN-0a4a85e0ad526bf5efee,1.5,target,B,peak_abs,0.57,-0.010000000000000009
TGT_STABLE_B,WIN-0a4a85e0ad526bf5efee,1.5,target,B,peak_to_peak,0.57,-0.011111111111111183
TGT_STABLE_B,WIN-0a4a85e0ad526bf5efee,1.5,target,B,skewness,0.57,0.0033333333333332993
TGT_STABLE_B,WIN-0a4a85e0ad526bf5efee,1.5,target,B,kurtosis,0.57,0.05666666666666664
TGT_STABLE_B,WIN-0a4a85e0ad526bf5efee,1.5,target,B,crest_factor,0.57,-0.014761904761904865
TGT_STABLE_B,WIN-0a4a85e0ad526bf5efee,1.5,target,B,impulse_factor,0.57,0.02111111111111097
TGT_STABLE_B,WIN-0a4a85e0ad526bf5efee,1.5,target,B,shape_factor,0.57,0.04992248062015503
TGT_STABLE_B,WIN-0a4a85e0ad526bf5efee,1.5,target,B,clearance_factor,0.57,-0.0017000000000000348
TGT_STABLE_B,WIN-0a4a85e0ad526bf5efee,1.5,target,B,zero_cross_rate,0.57,0.033333333333333326
TGT_STABLE_B,WIN-0a4a85e0ad526bf5efee,1.5,target,B,spectral_centroid_hz,0.57,0.016666666666666607
TGT_STABLE_B,WIN-0a4a85e0ad526bf5efee,1.5,target,B,spectral_rms_hz,0.57,0.002991452991452981
TGT_STABLE_B,WIN-0a4a85e0ad526bf5efee,1.5,target,B,spectral_entropy,0.57,0.033333333333333326
TGT_STABLE_B,WIN-0a4a85e0ad526bf5efee,1.5,target,B,spectral_flatness,0.57,0.019999999999999907
TGT_STABLE_B,WIN-0a4a85e0ad526bf5efee,1.5,target,B,dominant_frequency_hz,0.57,0.004859649122806897
TGT_STABLE_B,WIN-0a4a85e0ad526bf5efee,1.5,target,B,rolloff95_hz,0.57,-0.020000000000000018
TGT_STABLE_B,WIN-0a4a85e0ad526bf5efee,1.5,target,B,band_ratio_0_500,0.57,0.17326530612244895
TGT_STABLE_B,WIN-0a4a85e0ad526bf5efee,1.5,target,B,band_ratio_500_1500,0.57,0.0033333333333332993
TGT_STABLE_B,WIN-0a4a85e0ad526bf5efee,1.5,target,B,band_ratio_1500_3000,0.57,-0.00666666666666671
TGT_STABLE_B,WIN-0a4a85e0ad526bf5efee,1.5,target,B,band_ratio_3000_5500,0.57,0.03465947096381872
TGT_STABLE_B,WIN-0a4a85e0ad526bf5efee,1.5,target,B,envelope_rms,0.57,-0.02619047619047621
TGT_STABLE_B,WIN-0a4a85e0ad526bf5efee,1.5,target,B,envelope_kurtosis,0.57,0.05666666666666664
TGT_STABLE_B,WIN-0a4a85e0ad526bf5efee,1.5,target,B,envelope_spectral_entropy,0.57,0.15333333333333327
TGT_STABLE_B,WIN-16ce80a8f27c1630d814,2.0,target,B,mean,0.5766666666666667,0.0
TGT_STABLE_B,WIN-16ce80a8f27c1630d814,2.0,target,B,std,0.5766666666666667,-0.033333333333333326
TGT_STABLE_B,WIN-16ce80a8f27c1630d814,2.0,target,B,rms,0.5766666666666667,-0.040000000000000036
TGT_STABLE_B,WIN-16ce80a8f27c1630d814,2.0,target,B,mean_abs,0.5766666666666667,-0.00666666666666671
TGT_STABLE_B,WIN-16ce80a8f27c1630d814,2.0,target,B,peak_abs,0.5766666666666667,-0.010000000000000009
TGT_STABLE_B,WIN-16ce80a8f27c1630d814,2.0,target,B,peak_to_peak,0.5766666666666667,-0.007777777777777772
TGT_STABLE_B,WIN-16ce80a8f27c1630d814,2.0,target,B,skewness,0.5766666666666667,0.0033333333333332993
TGT_STABLE_B,WIN-16ce80a8f27c1630d814,2.0,target,B,kurtosis,0.5766666666666667,0.053333333333333344
TGT_STABLE_B,WIN-16ce80a8f27c1630d814,2.0,target,B,crest_factor,0.5766666666666667,-0.018095238095238164
TGT_STABLE_B,WIN-16ce80a8f27c1630d814,2.0,target,B,impulse_factor,0.5766666666666667,0.014444444444444371
TGT_STABLE_B,WIN-16ce80a8f27c1630d814,2.0,target,B,shape_factor,0.5766666666666667,0.04992248062015503
TGT_STABLE_B,WIN-16ce80a8f27c1630d814,2.0,target,B,clearance_factor,0.5766666666666667,-0.0016999999999999238
TGT_STABLE_B,WIN-16ce80a8f27c1630d814,2.0,target,B,zero_cross_rate,0.5766666666666667,0.036666666666666625
TGT_STABLE_B,WIN-16ce80a8f27c1630d814,2.0,target,B,spectral_centroid_hz,0.5766666666666667,0.013999999999999901
TGT_STABLE_B,WIN-16ce80a8f27c1630d814,2.0,target,B,spectral_rms_hz,0.5766666666666667,0.002991452991452981
TGT_STABLE_B,WIN-16ce80a8f27c1630d814,2.0,target,B,spectral_entropy,0.5766666666666667,0.033333333333333326
TGT_STABLE_B,WIN-16ce80a8f27c1630d814,2.0,target,B,spectral_flatness,0.5766666666666667,0.020000000000000018
TGT_STABLE_B,WIN-16ce80a8f27c1630d814,2.0,target,B,dominant_frequency_hz,0.5766666666666667,-0.0016666666666667052
TGT_STABLE_B,WIN-16ce80a8f27c1630d814,2.0,target,B,rolloff95_hz,0.5766666666666667,-0.01666666666666672
TGT_STABLE_B,WIN-16ce80a8f27c1630d814,2.0,target,B,band_ratio_0_500,0.5766666666666667,0.1682012035583464
TGT_STABLE_B,WIN-16ce80a8f27c1630d814,2.0,target,B,band_ratio_500_1500,0.5766666666666667,0.0033333333333332993
TGT_STABLE_B,WIN-16ce80a8f27c1630d814,2.0,target,B,band_ratio_1500_3000,0.5766666666666667,-0.00666666666666671
TGT_STABLE_B,WIN-16ce80a8f27c1630d814,2.0,target,B,band_ratio_3000_5500,0.5766666666666667,0.034289100593448474
TGT_STABLE_B,WIN-16ce80a8f27c1630d814,2.0,target,B,envelope_rms,0.5766666666666667,-0.02619047619047621
TGT_STABLE_B,WIN-16ce80a8f27c1630d814,2.0,target,B,envelope_kurtosis,0.5766666666666667,0.05999999999999994
TGT_STABLE_B,WIN-16ce80a8f27c1630d814,2.0,target,B,envelope_spectral_entropy,0.5766666666666667,0.15666666666666668
TGT_STABLE_B,WIN-e2163cdd2fc2c02ec823,2.5,target,B,mean,0.5766666666666667,0.0
TGT_STABLE_B,WIN-e2163cdd2fc2c02ec823,2.5,target,B,std,0.5766666666666667,-0.030000000000000027
TGT_STABLE_B,WIN-e2163cdd2fc2c02ec823,2.5,target,B,rms,0.5766666666666667,-0.043333333333333335
TGT_STABLE_B,WIN-e2163cdd2fc2c02ec823,2.5,target,B,mean_abs,0.5766666666666667,-0.00666666666666671
TGT_STABLE_B,WIN-e2163cdd2fc2c02ec823,2.5,target,B,peak_abs,0.5766666666666667,-0.010000000000000009
TGT_STABLE_B,WIN-e2163cdd2fc2c02ec823,2.5,target,B,peak_to_peak,0.5766666666666667,-0.007777777777777772
TGT_STABLE_B,WIN-e2163cdd2fc2c02ec823,2.5,target,B,skewness,0.5766666666666667,0.0033333333333332993
TGT_STABLE_B,WIN-e2163cdd2fc2c02ec823,2.5,target,B,kurtosis,0.5766666666666667,0.06333333333333335
TGT_STABLE_B,WIN-e2163cdd2fc2c02ec823,2.5,target,B,crest_factor,0.5766666666666667,-0.011428571428571455
TGT_STABLE_B,WIN-e2163cdd2fc2c02ec823,2.5,target,B,impulse_factor,0.5766666666666667,0.01777777777777767
TGT_STABLE_B,WIN-e2163cdd2fc2c02ec823,2.5,target,B,shape_factor,0.5766666666666667,0.04658914728682173
TGT_STABLE_B,WIN-e2163cdd2fc2c02ec823,2.5,target,B,clearance_factor,0.5766666666666667,-0.0016999999999999238
TGT_STABLE_B,WIN-e2163cdd2fc2c02ec823,2.5,target,B,zero_cross_rate,0.5766666666666667,0.036666666666666625
TGT_STABLE_B,WIN-e2163cdd2fc2c02ec823,2.5,target,B,spectral_centroid_hz,0.5766666666666667,0.013999999999999901
TGT_STABLE_B,WIN-e2163cdd2fc2c02ec823,2.5,target,B,spectral_rms_hz,0.5766666666666667,0.002991452991452981
TGT_STABLE_B,WIN-e2163cdd2fc2c02ec823,2.5,target,B,spectral_entropy,0.5766666666666667,0.036666666666666625
TGT_STABLE_B,WIN-e2163cdd2fc2c02ec823,2.5,target,B,spectral_flatness,0.5766666666666667,0.020000000000000018
TGT_STABLE_B,WIN-e2163cdd2fc2c02ec823,2.5,target,B,dominant_frequency_hz,0.5766666666666667,-0.0016666666666667052
TGT_STABLE_B,WIN-e2163cdd2fc2c02ec823,2.5,target,B,rolloff95_hz,0.5766666666666667,-0.020000000000000018
TGT_STABLE_B,WIN-e2163cdd2fc2c02ec823,2.5,target,B,band_ratio_0_500,0.5766666666666667,0.16159863945578234
TGT_STABLE_B,WIN-e2163cdd2fc2c02ec823,2.5,target,B,band_ratio_500_1500,0.5766666666666667,0.0
TGT_STABLE_B,WIN-e2163cdd2fc2c02ec823,2.5,target,B,band_ratio_1500_3000,0.5766666666666667,-0.00666666666666671
TGT_STABLE_B,WIN-e2163cdd2fc2c02ec823,2.5,target,B,band_ratio_3000_5500,0.5766666666666667,0.043700865299330705
TGT_STABLE_B,WIN-e2163cdd2fc2c02ec823,2.5,target,B,envelope_rms,0.5766666666666667,-0.02285714285714291
TGT_STABLE_B,WIN-e2163cdd2fc2c02ec823,2.5,target,B,envelope_kurtosis,0.5766666666666667,0.053333333333333344
TGT_STABLE_B,WIN-e2163cdd2fc2c02ec823,2.5,target,B,envelope_spectral_entropy,0.5766666666666667,0.15642857142857142
TGT_STABLE_B,WIN-82608dea963e30eb90c1,3.0,target,B,mean,0.5833333333333334,0.0
TGT_STABLE_B,WIN-82608dea963e30eb90c1,3.0,target,B,std,0.5833333333333334,-0.033333333333333326
TGT_STABLE_B,WIN-82608dea963e30eb90c1,3.0,target,B,rms,0.5833333333333334,-0.039999999999999925
TGT_STABLE_B,WIN-82608dea963e30eb90c1,3.0,target,B,mean_abs,0.5833333333333334,-0.0033333333333332993
TGT_STABLE_B,WIN-82608dea963e30eb90c1,3.0,target,B,peak_abs,0.5833333333333334,-0.010000000000000009
TGT_STABLE_B,WIN-82608dea963e30eb90c1,3.0,target,B,peak_to_peak,0.5833333333333334,-0.007777777777777772
TGT_STABLE_B,WIN-82608dea963e30eb90c1,3.0,target,B,skewness,0.5833333333333334,0.0
TGT_STABLE_B,WIN-82608dea963e30eb90c1,3.0,target,B,kurtosis,0.5833333333333334,0.050000000000000044
TGT_STABLE_B,WIN-82608dea963e30eb90c1,3.0,target,B,crest_factor,0.5833333333333334,-0.011428571428571455
TGT_STABLE_B,WIN-82608dea963e30eb90c1,3.0,target,B,impulse_factor,0.5833333333333334,0.014444444444444371
TGT_STABLE_B,WIN-82608dea963e30eb90c1,3.0,target,B,shape_factor,0.5833333333333334,0.04992248062015514
TGT_STABLE_B,WIN-82608dea963e30eb90c1,3.0,target,B,clearance_factor,0.5833333333333334,-0.0016999999999999238
TGT_STABLE_B,WIN-82608dea963e30eb90c1,3.0,target,B,zero_cross_rate,0.5833333333333334,0.036666666666666736
TGT_STABLE_B,WIN-82608dea963e30eb90c1,3.0,target,B,spectral_centroid_hz,0.5833333333333334,0.014000000000000012
TGT_STABLE_B,WIN-82608dea963e30eb90c1,3.0,target,B,spectral_rms_hz,0.5833333333333334,0.006324786324786391
TGT_STABLE_B,WIN-82608dea963e30eb90c1,3.0,target,B,spectral_entropy,0.5833333333333334,0.036666666666666736
TGT_STABLE_B,WIN-82608dea963e30eb90c1,3.0,target,B,spectral_flatness,0.5833333333333334,0.020000000000000018
TGT_STABLE_B,WIN-82608dea963e30eb90c1,3.0,target,B,dominant_frequency_hz,0.5833333333333334,0.0016666666666667052
TGT_STABLE_B,WIN-82608dea963e30eb90c1,3.0,target,B,rolloff95_hz,0.5833333333333334,-0.016666666666666607
TGT_STABLE_B,WIN-82608dea963e30eb90c1,3.0,target,B,band_ratio_0_500,0.5833333333333334,0.1649319727891157
TGT_STABLE_B,WIN-82608dea963e30eb90c1,3.0,target,B,band_ratio_500_1500,0.5833333333333334,0.0033333333333334103
TGT_STABLE_B,WIN-82608dea963e30eb90c1,3.0,target,B,band_ratio_1500_3000,0.5833333333333334,-0.006666666666666599
TGT_STABLE_B,WIN-82608dea963e30eb90c1,3.0,target,B,band_ratio_3000_5500,0.5833333333333334,0.03762243392678177
TGT_STABLE_B,WIN-82608dea963e30eb90c1,3.0,target,B,envelope_rms,0.5833333333333334,-0.022857142857142798
TGT_STABLE_B,WIN-82608dea963e30eb90c1,3.0,target,B,envelope_kurtosis,0.5833333333333334,0.06000000000000005
TGT_STABLE_B,WIN-82608dea963e30eb90c1,3.0,target,B,envelope_spectral_entropy,0.5833333333333334,0.14976190476190487
TGT_STABLE_B,WIN-17a26aed11afe13fea45,3.5,target,B,mean,0.5566666666666666,-0.0033333333333334103
TGT_STABLE_B,WIN-17a26aed11afe13fea45,3.5,target,B,std,0.5566666666666666,-0.033333333333333326
TGT_STABLE_B,WIN-17a26aed11afe13fea45,3.5,target,B,rms,0.5566666666666666,-0.04347294938917967
TGT_STABLE_B,WIN-17a26aed11afe13fea45,3.5,target,B,mean_abs,0.5566666666666666,-0.0033333333333334103
TGT_STABLE_B,WIN-17a26aed11afe13fea45,3.5,target,B,peak_abs,0.5566666666666666,-0.010000000000000009
TGT_STABLE_B,WIN-17a26aed11afe13fea45,3.5,target,B,peak_to_peak,0.5566666666666666,-0.011111111111111183
TGT_STABLE_B,WIN-17a26aed11afe13fea45,3.5,target,B,skewness,0.5566666666666666,0.0
TGT_STABLE_B,WIN-17a26aed11afe13fea45,3.5,target,B,kurtosis,0.5566666666666666,0.053333333333333344
TGT_STABLE_B,WIN-17a26aed11afe13fea45,3.5,target,B,crest_factor,0.5566666666666666,-0.014761904761904865
TGT_STABLE_B,WIN-17a26aed11afe13fea45,3.5,target,B,impulse_factor,0.5566666666666666,0.014444444444444371
TGT_STABLE_B,WIN-17a26aed11afe13fea45,3.5,target,B,shape_factor,0.5566666666666666,0.04992248062015503
TGT_STABLE_B,WIN-17a26aed11afe13fea45,3.5,target,B,clearance_factor,0.5566666666666666,-0.0017000000000000348
TGT_STABLE_B,WIN-17a26aed11afe13fea45,3.5,target,B,zero_cross_rate,0.5566666666666666,0.033333333333333326
TGT_STABLE_B,WIN-17a26aed11afe13fea45,3.5,target,B,spectral_centroid_hz,0.5566666666666666,0.016666666666666607
TGT_STABLE_B,WIN-17a26aed11afe13fea45,3.5,target,B,spectral_rms_hz,0.5566666666666666,0.002991452991452981
TGT_STABLE_B,WIN-17a26aed11afe13fea45,3.5,target,B,spectral_entropy,0.5566666666666666,0.030000000000000027
TGT_STABLE_B,WIN-17a26aed11afe13fea45,3.5,target,B,spectral_flatness,0.5566666666666666,0.020000000000000018
TGT_STABLE_B,WIN-17a26aed11afe13fea45,3.5,target,B,dominant_frequency_hz,0.5566666666666666,0.008192982456140308
TGT_STABLE_B,WIN-17a26aed11afe13fea45,3.5,target,B,rolloff95_hz,0.5566666666666666,-0.023333333333333317
TGT_STABLE_B,WIN-17a26aed11afe13fea45,3.5,target,B,band_ratio_0_500,0.5566666666666666,0.16653453689167974
TGT_STABLE_B,WIN-17a26aed11afe13fea45,3.5,target,B,band_ratio_500_1500,0.5566666666666666,0.0033333333333332993
TGT_STABLE_B,WIN-17a26aed11afe13fea45,3.5,target,B,band_ratio_1500_3000,0.5566666666666666,-0.00666666666666671
TGT_STABLE_B,WIN-17a26aed11afe13fea45,3.5,target,B,band_ratio_3000_5500,0.5566666666666666,0.03799280429715213
TGT_STABLE_B,WIN-17a26aed11afe13fea45,3.5,target,B,envelope_rms,0.5566666666666666,-0.02619047619047621
TGT_STABLE_B,WIN-17a26aed11afe13fea45,3.5,target,B,envelope_kurtosis,0.5566666666666666,0.046666666666666634
TGT_STABLE_B,WIN-17a26aed11afe13fea45,3.5,target,B,envelope_spectral_entropy,0.5566666666666666,0.1464285714285714
TGT_STABLE_B,WIN-83940a96afb52c14dd4b,4.0,target,B,mean,0.57,-0.0033333333333334103
TGT_STABLE_B,WIN-83940a96afb52c14dd4b,4.0,target,B,std,0.57,-0.03333333333333344
TGT_STABLE_B,WIN-83940a96afb52c14dd4b,4.0,target,B,rms,0.57,-0.04347294938917978
TGT_STABLE_B,WIN-83940a96afb52c14dd4b,4.0,target,B,mean_abs,0.57,0.0
TGT_STABLE_B,WIN-83940a96afb52c14dd4b,4.0,target,B,peak_abs,0.57,-0.010000000000000009
TGT_STABLE_B,WIN-83940a96afb52c14dd4b,4.0,target,B,peak_to_peak,0.57,-0.011111111111111183
TGT_STABLE_B,WIN-83940a96afb52c14dd4b,4.0,target,B,skewness,0.57,0.0033333333333332993
TGT_STABLE_B,WIN-83940a96afb52c14dd4b,4.0,target,B,kurtosis,0.57,0.05333333333333323
TGT_STABLE_B,WIN-83940a96afb52c14dd4b,4.0,target,B,crest_factor,0.57,-0.008095238095238155
TGT_STABLE_B,WIN-83940a96afb52c14dd4b,4.0,target,B,impulse_factor,0.57,0.02111111111111097
TGT_STABLE_B,WIN-83940a96afb52c14dd4b,4.0,target,B,shape_factor,0.57,0.05658914728682163
TGT_STABLE_B,WIN-83940a96afb52c14dd4b,4.0,target,B,clearance_factor,0.57,0.004966666666666675
TGT_STABLE_B,WIN-83940a96afb52c14dd4b,4.0,target,B,zero_cross_rate,0.57,0.036666666666666625
TGT_STABLE_B,WIN-83940a96afb52c14dd4b,4.0,target,B,spectral_centroid_hz,0.57,0.023333333333333317
TGT_STABLE_B,WIN-83940a96afb52c14dd4b,4.0,target,B,spectral_rms_hz,0.57,0.002991452991452981
TGT_STABLE_B,WIN-83940a96afb52c14dd4b,4.0,target,B,spectral_entropy,0.57,0.033333333333333326
TGT_STABLE_B,WIN-83940a96afb52c14dd4b,4.0,target,B,spectral_flatness,0.57,0.013333333333333308
TGT_STABLE_B,WIN-83940a96afb52c14dd4b,4.0,target,B,dominant_frequency_hz,0.57,0.011526315789473607
TGT_STABLE_B,WIN-83940a96afb52c14dd4b,4.0,target,B,rolloff95_hz,0.57,-0.01666666666666672
TGT_STABLE_B,WIN-83940a96afb52c14dd4b,4.0,target,B,band_ratio_0_500,0.57,0.1732012035583464
TGT_STABLE_B,WIN-83940a96afb52c14dd4b,4.0,target,B,band_ratio_500_1500,0.57,0.0033333333333332993
TGT_STABLE_B,WIN-83940a96afb52c14dd4b,4.0,target,B,band_ratio_1500_3000,0.57,-0.00666666666666671
TGT_STABLE_B,WIN-83940a96afb52c14dd4b,4.0,target,B,band_ratio_3000_5500,0.57,0.04132613763048543
TGT_STABLE_B,WIN-83940a96afb52c14dd4b,4.0,target,B,envelope_rms,0.57,-0.02619047619047621
TGT_STABLE_B,WIN-83940a96afb52c14dd4b,4.0,target,B,envelope_kurtosis,0.57,0.04325252525252521
TGT_STABLE_B,WIN-83940a96afb52c14dd4b,4.0,target,B,envelope_spectral_entropy,0.57,0.15294372294372288
TGT_STABLE_B,WIN-edfdb9eb64863d58d428,4.5,target,B,mean,0.5633333333333334,0.0
TGT_STABLE_B,WIN-edfdb9eb64863d58d428,4.5,target,B,std,0.5633333333333334,-0.030000000000000027
TGT_STABLE_B,WIN-edfdb9eb64863d58d428,4.5,target,B,rms,0.5633333333333334,-0.04347294938917967
TGT_STABLE_B,WIN-edfdb9eb64863d58d428,4.5,target,B,mean_abs,0.5633333333333334,-0.0033333333333332993
TGT_STABLE_B,WIN-edfdb9eb64863d58d428,4.5,target,B,peak_abs,0.5633333333333334,-0.010000000000000009
TGT_STABLE_B,WIN-edfdb9eb64863d58d428,4.5,target,B,peak_to_peak,0.5633333333333334,-0.007777777777777772
TGT_STABLE_B,WIN-edfdb9eb64863d58d428,4.5,target,B,skewness,0.5633333333333334,0.0
TGT_STABLE_B,WIN-edfdb9eb64863d58d428,4.5,target,B,kurtosis,0.5633333333333334,0.050000000000000044
TGT_STABLE_B,WIN-edfdb9eb64863d58d428,4.5,target,B,crest_factor,0.5633333333333334,-0.011428571428571455
TGT_STABLE_B,WIN-edfdb9eb64863d58d428,4.5,target,B,impulse_factor,0.5633333333333334,0.014444444444444371
TGT_STABLE_B,WIN-edfdb9eb64863d58d428,4.5,target,B,shape_factor,0.5633333333333334,0.05325581395348844
TGT_STABLE_B,WIN-edfdb9eb64863d58d428,4.5,target,B,clearance_factor,0.5633333333333334,0.0016333333333333755
TGT_STABLE_B,WIN-edfdb9eb64863d58d428,4.5,target,B,zero_cross_rate,0.5633333333333334,0.043333333333333335
TGT_STABLE_B,WIN-edfdb9eb64863d58d428,4.5,target,B,spectral_centroid_hz,0.5633333333333334,0.023333333333333317
TGT_STABLE_B,WIN-edfdb9eb64863d58d428,4.5,target,B,spectral_rms_hz,0.5633333333333334,0.002991452991453092
TGT_STABLE_B,WIN-edfdb9eb64863d58d428,4.5,target,B,spectral_entropy,0.5633333333333334,0.033333333333333326
TGT_STABLE_B,WIN-edfdb9eb64863d58d428,4.5,target,B,spectral_flatness,0.5633333333333334,0.013333333333333308
TGT_STABLE_B,WIN-edfdb9eb64863d58d428,4.5,target,B,dominant_frequency_hz,0.5633333333333334,0.0016666666666667052
TGT_STABLE_B,WIN-edfdb9eb64863d58d428,4.5,target,B,rolloff95_hz,0.5633333333333334,-0.016666666666666607
TGT_STABLE_B,WIN-edfdb9eb64863d58d428,4.5,target,B,band_ratio_0_500,0.5633333333333334,0.16820120355834645
TGT_STABLE_B,WIN-edfdb9eb64863d58d428,4.5,target,B,band_ratio_500_1500,0.5633333333333334,0.0
TGT_STABLE_B,WIN-edfdb9eb64863d58d428,4.5,target,B,band_ratio_1500_3000,0.5633333333333334,-0.006666666666666599
TGT_STABLE_B,WIN-edfdb9eb64863d58d428,4.5,target,B,band_ratio_3000_5500,0.5633333333333334,0.047034198632664115
TGT_STABLE_B,WIN-edfdb9eb64863d58d428,4.5,target,B,envelope_rms,0.5633333333333334,-0.02017543859649118
TGT_STABLE_B,WIN-edfdb9eb64863d58d428,4.5,target,B,envelope_kurtosis,0.5633333333333334,0.043333333333333335
TGT_STABLE_B,WIN-edfdb9eb64863d58d428,4.5,target,B,envelope_spectral_entropy,0.5633333333333334,0.14905483405483405
TGT_STABLE_B,WIN-20a56e82c61d96e78eda,5.0,target,B,mean,0.57,-0.0033333333333334103
TGT_STABLE_B,WIN-20a56e82c61d96e78eda,5.0,target,B,std,0.57,-0.03333333333333344
TGT_STABLE_B,WIN-20a56e82c61d96e78eda,5.0,target,B,rms,0.57,-0.04347294938917978
TGT_STABLE_B,WIN-20a56e82c61d96e78eda,5.0,target,B,mean_abs,0.57,0.0
TGT_STABLE_B,WIN-20a56e82c61d96e78eda,5.0,target,B,peak_abs,0.57,-0.010000000000000009
TGT_STABLE_B,WIN-20a56e82c61d96e78eda,5.0,target,B,peak_to_peak,0.57,-0.011111111111111183
TGT_STABLE_B,WIN-20a56e82c61d96e78eda,5.0,target,B,skewness,0.57,0.0
TGT_STABLE_B,WIN-20a56e82c61d96e78eda,5.0,target,B,kurtosis,0.57,0.05333333333333323
TGT_STABLE_B,WIN-20a56e82c61d96e78eda,5.0,target,B,crest_factor,0.57,-0.008095238095238155
TGT_STABLE_B,WIN-20a56e82c61d96e78eda,5.0,target,B,impulse_factor,0.57,0.014444444444444371
TGT_STABLE_B,WIN-20a56e82c61d96e78eda,5.0,target,B,shape_factor,0.57,0.05658914728682163
TGT_STABLE_B,WIN-20a56e82c61d96e78eda,5.0,target,B,clearance_factor,0.57,0.0016333333333332645
TGT_STABLE_B,WIN-20a56e82c61d96e78eda,5.0,target,B,zero_cross_rate,0.57,0.036666666666666625
TGT_STABLE_B,WIN-20a56e82c61d96e78eda,5.0,target,B,spectral_centroid_hz,0.57,0.023333333333333317
TGT_STABLE_B,WIN-20a56e82c61d96e78eda,5.0,target,B,spectral_rms_hz,0.57,0.002991452991452981
TGT_STABLE_B,WIN-20a56e82c61d96e78eda,5.0,target,B,spectral_entropy,0.57,0.033333333333333326
TGT_STABLE_B,WIN-20a56e82c61d96e78eda,5.0,target,B,spectral_flatness,0.57,0.013333333333333308
TGT_STABLE_B,WIN-20a56e82c61d96e78eda,5.0,target,B,dominant_frequency_hz,0.57,0.011526315789473607
TGT_STABLE_B,WIN-20a56e82c61d96e78eda,5.0,target,B,rolloff95_hz,0.57,-0.01666666666666672
TGT_STABLE_B,WIN-20a56e82c61d96e78eda,5.0,target,B,band_ratio_0_500,0.57,0.1732012035583464
TGT_STABLE_B,WIN-20a56e82c61d96e78eda,5.0,target,B,band_ratio_500_1500,0.57,0.0033333333333332993
TGT_STABLE_B,WIN-20a56e82c61d96e78eda,5.0,target,B,band_ratio_1500_3000,0.57,-0.00666666666666671
TGT_STABLE_B,WIN-20a56e82c61d96e78eda,5.0,target,B,band_ratio_3000_5500,0.57,0.04132613763048543
TGT_STABLE_B,WIN-20a56e82c61d96e78eda,5.0,target,B,envelope_rms,0.57,-0.02952380952380962
TGT_STABLE_B,WIN-20a56e82c61d96e78eda,5.0,target,B,envelope_kurtosis,0.57,0.04991919191919181
TGT_STABLE_B,WIN-20a56e82c61d96e78eda,5.0,target,B,envelope_spectral_entropy,0.57,0.14961038961038958
TGT_STABLE_B,WIN-6cf5050e64338923b0db,5.5,target,B,mean,0.5633333333333334,-0.0033333333333332993
TGT_STABLE_B,WIN-6cf5050e64338923b0db,5.5,target,B,std,0.5633333333333334,-0.033333333333333326
TGT_STABLE_B,WIN-6cf5050e64338923b0db,5.5,target,B,rms,0.5633333333333334,-0.04347294938917967
TGT_STABLE_B,WIN-6cf5050e64338923b0db,5.5,target,B,mean_abs,0.5633333333333334,0.0
TGT_STABLE_B,WIN-6cf5050e64338923b0db,5.5,target,B,peak_abs,0.5633333333333334,-0.010000000000000009
TGT_STABLE_B,WIN-6cf5050e64338923b0db,5.5,target,B,peak_to_peak,0.5633333333333334,-0.011111111111111072
TGT_STABLE_B,WIN-6cf5050e64338923b0db,5.5,target,B,skewness,0.5633333333333334,0.0033333333333332993
TGT_STABLE_B,WIN-6cf5050e64338923b0db,5.5,target,B,kurtosis,0.5633333333333334,0.05666666666666664
TGT_STABLE_B,WIN-6cf5050e64338923b0db,5.5,target,B,crest_factor,0.5633333333333334,-0.008095238095238155
TGT_STABLE_B,WIN-6cf5050e64338923b0db,5.5,target,B,impulse_factor,0.5633333333333334,0.01777777777777778
TGT_STABLE_B,WIN-6cf5050e64338923b0db,5.5,target,B,shape_factor,0.5633333333333334,0.04992248062015503
TGT_STABLE_B,WIN-6cf5050e64338923b0db,5.5,target,B,clearance_factor,0.5633333333333334,-0.005033333333333334
TGT_STABLE_B,WIN-6cf5050e64338923b0db,5.5,target,B,zero_cross_rate,0.5633333333333334,0.033333333333333326
TGT_STABLE_B,WIN-6cf5050e64338923b0db,5.5,target,B,spectral_centroid_hz,0.5633333333333334,0.01666666666666672
TGT_STABLE_B,WIN-6cf5050e64338923b0db,5.5,target,B,spectral_rms_hz,0.5633333333333334,0.002991452991453092
TGT_STABLE_B,WIN-6cf5050e64338923b0db,5.5,target,B,spectral_entropy,0.5633333333333334,0.033333333333333326
TGT_STABLE_B,WIN-6cf5050e64338923b0db,5.5,target,B,spectral_flatness,0.5633333333333334,0.020000000000000018
TGT_STABLE_B,WIN-6cf5050e64338923b0db,5.5,target,B,dominant_frequency_hz,0.5633333333333334,0.011526315789473607
TGT_STABLE_B,WIN-6cf5050e64338923b0db,5.5,target,B,rolloff95_hz,0.5633333333333334,-0.023333333333333317
TGT_STABLE_B,WIN-6cf5050e64338923b0db,5.5,target,B,band_ratio_0_500,0.5633333333333334,0.1598678702250131
TGT_STABLE_B,WIN-6cf5050e64338923b0db,5.5,target,B,band_ratio_500_1500,0.5633333333333334,0.0033333333333332993
TGT_STABLE_B,WIN-6cf5050e64338923b0db,5.5,target,B,band_ratio_1500_3000,0.5633333333333334,-0.006666666666666599
TGT_STABLE_B,WIN-6cf5050e64338923b0db,5.5,target,B,band_ratio_3000_5500,0.5633333333333334,0.04132613763048554
TGT_STABLE_B,WIN-6cf5050e64338923b0db,5.5,target,B,envelope_rms,0.5633333333333334,-0.02619047619047621
TGT_STABLE_B,WIN-6cf5050e64338923b0db,5.5,target,B,envelope_kurtosis,0.5633333333333334,0.040000000000000036
TGT_STABLE_B,WIN-6cf5050e64338923b0db,5.5,target,B,envelope_spectral_entropy,0.5633333333333334,0.14976190476190476
TGT_STABLE_B,WIN-0f44785cb43f7476b713,6.0,target,B,mean,0.5666666666666667,0.0
TGT_STABLE_B,WIN-0f44785cb43f7476b713,6.0,target,B,std,0.5666666666666667,-0.033333333333333326
TGT_STABLE_B,WIN-0f44785cb43f7476b713,6.0,target,B,rms,0.5666666666666667,-0.043333333333333335
TGT_STABLE_B,WIN-0f44785cb43f7476b713,6.0,target,B,mean_abs,0.5666666666666667,-0.0033333333333332993
TGT_STABLE_B,WIN-0f44785cb43f7476b713,6.0,target,B,peak_abs,0.5666666666666667,-0.010000000000000009
TGT_STABLE_B,WIN-0f44785cb43f7476b713,6.0,target,B,peak_to_peak,0.5666666666666667,-0.007777777777777772
TGT_STABLE_B,WIN-0f44785cb43f7476b713,6.0,target,B,skewness,0.5666666666666667,0.0
TGT_STABLE_B,WIN-0f44785cb43f7476b713,6.0,target,B,kurtosis,0.5666666666666667,0.04999999999999993
TGT_STABLE_B,WIN-0f44785cb43f7476b713,6.0,target,B,crest_factor,0.5666666666666667,-0.011428571428571455
TGT_STABLE_B,WIN-0f44785cb43f7476b713,6.0,target,B,impulse_factor,0.5666666666666667,0.011111111111111072
TGT_STABLE_B,WIN-0f44785cb43f7476b713,6.0,target,B,shape_factor,0.5666666666666667,0.04992248062015503
TGT_STABLE_B,WIN-0f44785cb43f7476b713,6.0,target,B,clearance_factor,0.5666666666666667,-0.0017000000000000348
TGT_STABLE_B,WIN-0f44785cb43f7476b713,6.0,target,B,zero_cross_rate,0.5666666666666667,0.040000000000000036
TGT_STABLE_B,WIN-0f44785cb43f7476b713,6.0,target,B,spectral_centroid_hz,0.5666666666666667,0.013999999999999901
TGT_STABLE_B,WIN-0f44785cb43f7476b713,6.0,target,B,spectral_rms_hz,0.5666666666666667,0.002991452991452981
TGT_STABLE_B,WIN-0f44785cb43f7476b713,6.0,target,B,spectral_entropy,0.5666666666666667,0.033333333333333326
TGT_STABLE_B,WIN-0f44785cb43f7476b713,6.0,target,B,spectral_flatness,0.5666666666666667,0.020000000000000018
TGT_STABLE_B,WIN-0f44785cb43f7476b713,6.0,target,B,dominant_frequency_hz,0.5666666666666667,0.004859649122807008
TGT_STABLE_B,WIN-0f44785cb43f7476b713,6.0,target,B,rolloff95_hz,0.5666666666666667,-0.023333333333333317
TGT_STABLE_B,WIN-0f44785cb43f7476b713,6.0,target,B,band_ratio_0_500,0.5666666666666667,0.15486787022501308
TGT_STABLE_B,WIN-0f44785cb43f7476b713,6.0,target,B,band_ratio_500_1500,0.5666666666666667,0.0033333333333332993
TGT_STABLE_B,WIN-0f44785cb43f7476b713,6.0,target,B,band_ratio_1500_3000,0.5666666666666667,-0.00666666666666671
TGT_STABLE_B,WIN-0f44785cb43f7476b713,6.0,target,B,band_ratio_3000_5500,0.5666666666666667,0.03762243392678177
TGT_STABLE_B,WIN-0f44785cb43f7476b713,6.0,target,B,envelope_rms,0.5666666666666667,-0.02619047619047621
TGT_STABLE_B,WIN-0f44785cb43f7476b713,6.0,target,B,envelope_kurtosis,0.5666666666666667,0.046666666666666634
TGT_STABLE_B,WIN-0f44785cb43f7476b713,6.0,target,B,envelope_spectral_entropy,0.5666666666666667,0.14920634920634918
TGT_STABLE_B,WIN-cb122ffa9e566616b241,6.5,target,B,mean,0.57,-0.0033333333333334103
TGT_STABLE_B,WIN-cb122ffa9e566616b241,6.5,target,B,std,0.57,-0.030000000000000027
TGT_STABLE_B,WIN-cb122ffa9e566616b241,6.5,target,B,rms,0.57,-0.043333333333333335
TGT_STABLE_B,WIN-cb122ffa9e566616b241,6.5,target,B,mean_abs,0.57,0.0
TGT_STABLE_B,WIN-cb122ffa9e566616b241,6.5,target,B,peak_abs,0.57,-0.010000000000000009
TGT_STABLE_B,WIN-cb122ffa9e566616b241,6.5,target,B,peak_to_peak,0.57,-0.011111111111111183
TGT_STABLE_B,WIN-cb122ffa9e566616b241,6.5,target,B,skewness,0.57,0.0
TGT_STABLE_B,WIN-cb122ffa9e566616b241,6.5,target,B,kurtosis,0.57,0.06333333333333324
TGT_STABLE_B,WIN-cb122ffa9e566616b241,6.5,target,B,crest_factor,0.57,-0.008095238095238155
TGT_STABLE_B,WIN-cb122ffa9e566616b241,6.5,target,B,impulse_factor,0.57,0.014444444444444371
TGT_STABLE_B,WIN-cb122ffa9e566616b241,6.5,target,B,shape_factor,0.57,0.04658914728682162
TGT_STABLE_B,WIN-cb122ffa9e566616b241,6.5,target,B,clearance_factor,0.57,-0.0017000000000000348
TGT_STABLE_B,WIN-cb122ffa9e566616b241,6.5,target,B,zero_cross_rate,0.57,0.033333333333333326
TGT_STABLE_B,WIN-cb122ffa9e566616b241,6.5,target,B,spectral_centroid_hz,0.57,0.016666666666666607
TGT_STABLE_B,WIN-cb122ffa9e566616b241,6.5,target,B,spectral_rms_hz,0.57,0.002991452991452981
TGT_STABLE_B,WIN-cb122ffa9e566616b241,6.5,target,B,spectral_entropy,0.57,0.036666666666666625
TGT_STABLE_B,WIN-cb122ffa9e566616b241,6.5,target,B,spectral_flatness,0.57,0.019999999999999907
TGT_STABLE_B,WIN-cb122ffa9e566616b241,6.5,target,B,dominant_frequency_hz,0.57,0.011526315789473607
TGT_STABLE_B,WIN-cb122ffa9e566616b241,6.5,target,B,rolloff95_hz,0.57,-0.020000000000000018
TGT_STABLE_B,WIN-cb122ffa9e566616b241,6.5,target,B,band_ratio_0_500,0.57,0.16320120355834639
TGT_STABLE_B,WIN-cb122ffa9e566616b241,6.5,target,B,band_ratio_500_1500,0.57,0.0
TGT_STABLE_B,WIN-cb122ffa9e566616b241,6.5,target,B,band_ratio_1500_3000,0.57,-0.00666666666666671
TGT_STABLE_B,WIN-cb122ffa9e566616b241,6.5,target,B,band_ratio_3000_5500,0.57,0.04407123566970117
TGT_STABLE_B,WIN-cb122ffa9e566616b241,6.5,target,B,envelope_rms,0.57,-0.02619047619047621
TGT_STABLE_B,WIN-cb122ffa9e566616b241,6.5,target,B,envelope_kurtosis,0.57,0.05333333333333323
TGT_STABLE_B,WIN-cb122ffa9e566616b241,6.5,target,B,envelope_spectral_entropy,0.57,0.15309523809523806
TGT_STABLE_B,WIN-439d6c2bd9156d2ff5b9,7.0,target,B,mean,0.57,-0.0033333333333334103
TGT_STABLE_B,WIN-439d6c2bd9156d2ff5b9,7.0,target,B,std,0.57,-0.030000000000000027
TGT_STABLE_B,WIN-439d6c2bd9156d2ff5b9,7.0,target,B,rms,0.57,-0.040000000000000036
TGT_STABLE_B,WIN-439d6c2bd9156d2ff5b9,7.0,target,B,mean_abs,0.57,0.0
TGT_STABLE_B,WIN-439d6c2bd9156d2ff5b9,7.0,target,B,peak_abs,0.57,-0.010000000000000009
TGT_STABLE_B,WIN-439d6c2bd9156d2ff5b9,7.0,target,B,peak_to_peak,0.57,-0.011111111111111183
TGT_STABLE_B,WIN-439d6c2bd9156d2ff5b9,7.0,target,B,skewness,0.57,0.0033333333333332993
TGT_STABLE_B,WIN-439d6c2bd9156d2ff5b9,7.0,target,B,kurtosis,0.57,0.06333333333333324
TGT_STABLE_B,WIN-439d6c2bd9156d2ff5b9,7.0,target,B,crest_factor,0.57,-0.014761904761904865
TGT_STABLE_B,WIN-439d6c2bd9156d2ff5b9,7.0,target,B,impulse_factor,0.57,0.02111111111111097
TGT_STABLE_B,WIN-439d6c2bd9156d2ff5b9,7.0,target,B,shape_factor,0.57,0.04658914728682162
TGT_STABLE_B,WIN-439d6c2bd9156d2ff5b9,7.0,target,B,clearance_factor,0.57,0.0016333333333332645
TGT_STABLE_B,WIN-439d6c2bd9156d2ff5b9,7.0,target,B,zero_cross_rate,0.57,0.033333333333333326
TGT_STABLE_B,WIN-439d6c2bd9156d2ff5b9,7.0,target,B,spectral_centroid_hz,0.57,0.016666666666666607
TGT_STABLE_B,WIN-439d6c2bd9156d2ff5b9,7.0,target,B,spectral_rms_hz,0.57,0.002991452991452981
TGT_STABLE_B,WIN-439d6c2bd9156d2ff5b9,7.0,target,B,spectral_entropy,0.57,0.033333333333333326
TGT_STABLE_B,WIN-439d6c2bd9156d2ff5b9,7.0,target,B,spectral_flatness,0.57,0.023333333333333317
TGT_STABLE_B,WIN-439d6c2bd9156d2ff5b9,7.0,target,B,dominant_frequency_hz,0.57,0.004859649122806897
TGT_STABLE_B,WIN-439d6c2bd9156d2ff5b9,7.0,target,B,rolloff95_hz,0.57,-0.020000000000000018
TGT_STABLE_B,WIN-439d6c2bd9156d2ff5b9,7.0,target,B,band_ratio_0_500,0.57,0.1699319727891156
TGT_STABLE_B,WIN-439d6c2bd9156d2ff5b9,7.0,target,B,band_ratio_500_1500,0.57,0.0
TGT_STABLE_B,WIN-439d6c2bd9156d2ff5b9,7.0,target,B,band_ratio_1500_3000,0.57,-0.00666666666666671
TGT_STABLE_B,WIN-439d6c2bd9156d2ff5b9,7.0,target,B,band_ratio_3000_5500,0.57,0.03740456900303457
TGT_STABLE_B,WIN-439d6c2bd9156d2ff5b9,7.0,target,B,envelope_rms,0.57,-0.02619047619047621
TGT_STABLE_B,WIN-439d6c2bd9156d2ff5b9,7.0,target,B,envelope_kurtosis,0.57,0.05999999999999994
TGT_STABLE_B,WIN-439d6c2bd9156d2ff5b9,7.0,target,B,envelope_spectral_entropy,0.57,0.15309523809523806
TGT_LOW_BOOT,WIN-7f21bd81e973cc6b56c1,0.0,target,OR,mean,0.5020085470085469,0.0
TGT_LOW_BOOT,WIN-7f21bd81e973cc6b56c1,0.0,target,OR,std,0.5020085470085469,0.04999999999999993
TGT_LOW_BOOT,WIN-7f21bd81e973cc6b56c1,0.0,target,OR,rms,0.5020085470085469,0.040444444444444394
TGT_LOW_BOOT,WIN-7f21bd81e973cc6b56c1,0.0,target,OR,mean_abs,0.5020085470085469,-0.010000000000000009
TGT_LOW_BOOT,WIN-7f21bd81e973cc6b56c1,0.0,target,OR,peak_abs,0.5020085470085469,0.0039999999999998925
TGT_LOW_BOOT,WIN-7f21bd81e973cc6b56c1,0.0,target,OR,peak_to_peak,0.5020085470085469,0.0011111111111109517
TGT_LOW_BOOT,WIN-7f21bd81e973cc6b56c1,0.0,target,OR,skewness,0.5020085470085469,0.0
TGT_LOW_BOOT,WIN-7f21bd81e973cc6b56c1,0.0,target,OR,kurtosis,0.5020085470085469,-0.0008333333333333526
TGT_LOW_BOOT,WIN-7f21bd81e973cc6b56c1,0.0,target,OR,crest_factor,0.5020085470085469,0.026196853394305553
TGT_LOW_BOOT,WIN-7f21bd81e973cc6b56c1,0.0,target,OR,impulse_factor,0.5020085470085469,0.05045708873028448
TGT_LOW_BOOT,WIN-7f21bd81e973cc6b56c1,0.0,target,OR,shape_factor,0.5020085470085469,-0.010000000000000009
TGT_LOW_BOOT,WIN-7f21bd81e973cc6b56c1,0.0,target,OR,clearance_factor,0.5020085470085469,0.03164794007490623
TGT_LOW_BOOT,WIN-7f21bd81e973cc6b56c1,0.0,target,OR,zero_cross_rate,0.5020085470085469,-0.06795032553653257
TGT_LOW_BOOT,WIN-7f21bd81e973cc6b56c1,0.0,target,OR,spectral_centroid_hz,0.5020085470085469,-0.036598639455782345
TGT_LOW_BOOT,WIN-7f21bd81e973cc6b56c1,0.0,target,OR,spectral_rms_hz,0.5020085470085469,-0.01666666666666672
TGT_LOW_BOOT,WIN-7f21bd81e973cc6b56c1,0.0,target,OR,spectral_entropy,0.5020085470085469,0.01623931623931618
TGT_LOW_BOOT,WIN-7f21bd81e973cc6b56c1,0.0,target,OR,spectral_flatness,0.5020085470085469,0.0033333333333332993
TGT_LOW_BOOT,WIN-7f21bd81e973cc6b56c1,0.0,target,OR,dominant_frequency_hz,0.5020085470085469,-0.03319298245614033
TGT_LOW_BOOT,WIN-7f21bd81e973cc6b56c1,0.0,target,OR,rolloff95_hz,0.5020085470085469,0.006666666666666599
TGT_LOW_BOOT,WIN-7f21bd81e973cc6b56c1,0.0,target,OR,band_ratio_0_500,0.5020085470085469,0.0
TGT_LOW_BOOT,WIN-7f21bd81e973cc6b56c1,0.0,target,OR,band_ratio_500_1500,0.5020085470085469,-0.04552287581699366
TGT_LOW_BOOT,WIN-7f21bd81e973cc6b56c1,0.0,target,OR,band_ratio_1500_3000,0.5020085470085469,0.014761904761904698
TGT_LOW_BOOT,WIN-7f21bd81e973cc6b56c1,0.0,target,OR,band_ratio_3000_5500,0.5020085470085469,-0.0031818181818182856
TGT_LOW_BOOT,WIN-7f21bd81e973cc6b56c1,0.0,target,OR,envelope_rms,0.5020085470085469,0.022857142857142743
TGT_LOW_BOOT,WIN-7f21bd81e973cc6b56c1,0.0,target,OR,envelope_kurtosis,0.5020085470085469,0.025224786324786197
TGT_LOW_BOOT,WIN-7f21bd81e973cc6b56c1,0.0,target,OR,envelope_spectral_entropy,0.5020085470085469,0.0033333333333332993
TGT_LOW_BOOT,WIN-cc507b9e3a381fc7583b,0.5,target,OR,mean,0.4524358974358974,-0.003333333333333355
TGT_LOW_BOOT,WIN-cc507b9e3a381fc7583b,0.5,target,OR,std,0.4524358974358974,0.053333333333333344
TGT_LOW_BOOT,WIN-cc507b9e3a381fc7583b,0.5,target,OR,rms,0.4524358974358974,0.040444444444444394
TGT_LOW_BOOT,WIN-cc507b9e3a381fc7583b,0.5,target,OR,mean_abs,0.4524358974358974,-0.010000000000000009
TGT_LOW_BOOT,WIN-cc507b9e3a381fc7583b,0.5,target,OR,peak_abs,0.4524358974358974,0.003999999999999948
TGT_LOW_BOOT,WIN-cc507b9e3a381fc7583b,0.5,target,OR,peak_to_peak,0.4524358974358974,0.007777777777777772
TGT_LOW_BOOT,WIN-cc507b9e3a381fc7583b,0.5,target,OR,skewness,0.4524358974358974,0.0
TGT_LOW_BOOT,WIN-cc507b9e3a381fc7583b,0.5,target,OR,kurtosis,0.4524358974358974,-0.004166666666666707
TGT_LOW_BOOT,WIN-cc507b9e3a381fc7583b,0.5,target,OR,crest_factor,0.4524358974358974,0.013290870488322726
TGT_LOW_BOOT,WIN-cc507b9e3a381fc7583b,0.5,target,OR,impulse_factor,0.4524358974358974,0.03715811965811966
TGT_LOW_BOOT,WIN-cc507b9e3a381fc7583b,0.5,target,OR,shape_factor,0.4524358974358974,-0.013333333333333364
TGT_LOW_BOOT,WIN-cc507b9e3a381fc7583b,0.5,target,OR,clearance_factor,0.4524358974358974,0.021647940074906336
TGT_LOW_BOOT,WIN-cc507b9e3a381fc7583b,0.5,target,OR,zero_cross_rate,0.4524358974358974,-0.061283658869865754
TGT_LOW_BOOT,WIN-cc507b9e3a381fc7583b,0.5,target,OR,spectral_centroid_hz,0.4524358974358974,-0.036598639455782345
TGT_LOW_BOOT,WIN-cc507b9e3a381fc7583b,0.5,target,OR,spectral_rms_hz,0.4524358974358974,-0.023333333333333373
TGT_LOW_BOOT,WIN-cc507b9e3a381fc7583b,0.5,target,OR,spectral_entropy,0.4524358974358974,0.016666666666666663
TGT_LOW_BOOT,WIN-cc507b9e3a381fc7583b,0.5,target,OR,spectral_flatness,0.4524358974358974,0.0033333333333332993
TGT_LOW_BOOT,WIN-cc507b9e3a381fc7583b,0.5,target,OR,dominant_frequency_hz,0.4524358974358974,-0.02319298245614032
TGT_LOW_BOOT,WIN-cc507b9e3a381fc7583b,0.5,target,OR,rolloff95_hz,0.4524358974358974,0.0033333333333332993
TGT_LOW_BOOT,WIN-cc507b9e3a381fc7583b,0.5,target,OR,band_ratio_0_500,0.4524358974358974,-0.006239316239316228
TGT_LOW_BOOT,WIN-cc507b9e3a381fc7583b,0.5,target,OR,band_ratio_500_1500,0.4524358974358974,-0.042189542483660136
TGT_LOW_BOOT,WIN-cc507b9e3a381fc7583b,0.5,target,OR,band_ratio_1500_3000,0.4524358974358974,0.016666666666666663
TGT_LOW_BOOT,WIN-cc507b9e3a381fc7583b,0.5,target,OR,band_ratio_3000_5500,0.4524358974358974,-0.033181818181818146
TGT_LOW_BOOT,WIN-cc507b9e3a381fc7583b,0.5,target,OR,envelope_rms,0.4524358974358974,0.029523809523809508
TGT_LOW_BOOT,WIN-cc507b9e3a381fc7583b,0.5,target,OR,envelope_kurtosis,0.4524358974358974,0.015224786324786299
TGT_LOW_BOOT,WIN-cc507b9e3a381fc7583b,0.5,target,OR,envelope_spectral_entropy,0.4524358974358974,-0.013333333333333364
TGT_LOW_BOOT,WIN-a14f29dd5255f05efb59,1.0,target,OR,mean,0.4556929824561403,-0.0033333333333332993
TGT_LOW_BOOT,WIN-a14f29dd5255f05efb59,1.0,target,OR,std,0.4556929824561403,0.04999999999999993
TGT_LOW_BOOT,WIN-a14f29dd5255f05efb59,1.0,target,OR,rms,0.4556929824561403,0.030629629629629618
TGT_LOW_BOOT,WIN-a14f29dd5255f05efb59,1.0,target,OR,mean_abs,0.4556929824561403,-0.013333333333333308
TGT_LOW_BOOT,WIN-a14f29dd5255f05efb59,1.0,target,OR,peak_abs,0.4556929824561403,0.003999999999999948
TGT_LOW_BOOT,WIN-a14f29dd5255f05efb59,1.0,target,OR,peak_to_peak,0.4556929824561403,0.007777777777777717
TGT_LOW_BOOT,WIN-a14f29dd5255f05efb59,1.0,target,OR,skewness,0.4556929824561403,0.0
TGT_LOW_BOOT,WIN-a14f29dd5255f05efb59,1.0,target,OR,kurtosis,0.4556929824561403,0.005692982456140305
TGT_LOW_BOOT,WIN-a14f29dd5255f05efb59,1.0,target,OR,crest_factor,0.4556929824561403,-0.005280558083105846
TGT_LOW_BOOT,WIN-a14f29dd5255f05efb59,1.0,target,OR,impulse_factor,0.4556929824561403,0.03388888888888886
TGT_LOW_BOOT,WIN-a14f29dd5255f05efb59,1.0,target,OR,shape_factor,0.4556929824561403,-0.016666666666666663
TGT_LOW_BOOT,WIN-a14f29dd5255f05efb59,1.0,target,OR,clearance_factor,0.4556929824561403,0.018297940074906316
TGT_LOW_BOOT,WIN-a14f29dd5255f05efb59,1.0,target,OR,zero_cross_rate,0.4556929824561403,-0.06007483146538628
TGT_LOW_BOOT,WIN-a14f29dd5255f05efb59,1.0,target,OR,spectral_centroid_hz,0.4556929824561403,-0.029931972789115635
TGT_LOW_BOOT,WIN-a14f29dd5255f05efb59,1.0,target,OR,spectral_rms_hz,0.4556929824561403,-0.016666666666666663
TGT_LOW_BOOT,WIN-a14f29dd5255f05efb59,1.0,target,OR,spectral_entropy,0.4556929824561403,0.020000000000000018
TGT_LOW_BOOT,WIN-a14f29dd5255f05efb59,1.0,target,OR,spectral_flatness,0.4556929824561403,0.006666666666666654
TGT_LOW_BOOT,WIN-a14f29dd5255f05efb59,1.0,target,OR,dominant_frequency_hz,0.4556929824561403,0.0
TGT_LOW_BOOT,WIN-a14f29dd5255f05efb59,1.0,target,OR,rolloff95_hz,0.4556929824561403,0.006666666666666654
TGT_LOW_BOOT,WIN-a14f29dd5255f05efb59,1.0,target,OR,band_ratio_0_500,0.4556929824561403,-0.0033333333333332993
TGT_LOW_BOOT,WIN-a14f29dd5255f05efb59,1.0,target,OR,band_ratio_500_1500,0.4556929824561403,-0.039765300059417696
TGT_LOW_BOOT,WIN-a14f29dd5255f05efb59,1.0,target,OR,band_ratio_1500_3000,0.4556929824561403,0.016666666666666663
TGT_LOW_BOOT,WIN-a14f29dd5255f05efb59,1.0,target,OR,band_ratio_3000_5500,0.4556929824561403,-0.05318181818181822
TGT_LOW_BOOT,WIN-a14f29dd5255f05efb59,1.0,target,OR,envelope_rms,0.4556929824561403,0.029523809523809508
TGT_LOW_BOOT,WIN-a14f29dd5255f05efb59,1.0,target,OR,envelope_kurtosis,0.4556929824561403,0.007370760233918083
TGT_LOW_BOOT,WIN-a14f29dd5255f05efb59,1.0,target,OR,envelope_spectral_entropy,0.4556929824561403,-0.007500000000000007
TGT_LOW_BOOT,WIN-21ccaec5dca897932e69,1.5,target,OR,mean,0.4952015294646874,-0.0033333333333332993
TGT_LOW_BOOT,WIN-21ccaec5dca897932e69,1.5,target,OR,std,0.4952015294646874,0.04999999999999999
TGT_LOW_BOOT,WIN-21ccaec5dca897932e69,1.5,target,OR,rms,0.4952015294646874,0.03396296296296297
TGT_LOW_BOOT,WIN-21ccaec5dca897932e69,1.5,target,OR,mean_abs,0.4952015294646874,-0.009999999999999953
TGT_LOW_BOOT,WIN-21ccaec5dca897932e69,1.5,target,OR,peak_abs,0.4952015294646874,0.004000000000000059
TGT_LOW_BOOT,WIN-21ccaec5dca897932e69,1.5,target,OR,peak_to_peak,0.4952015294646874,0.004444444444444473
TGT_LOW_BOOT,WIN-21ccaec5dca897932e69,1.5,target,OR,skewness,0.4952015294646874,0.0
TGT_LOW_BOOT,WIN-21ccaec5dca897932e69,1.5,target,OR,kurtosis,0.4952015294646874,0.005692982456140416
TGT_LOW_BOOT,WIN-21ccaec5dca897932e69,1.5,target,OR,crest_factor,0.4952015294646874,0.002863520060972291
TGT_LOW_BOOT,WIN-21ccaec5dca897932e69,1.5,target,OR,impulse_factor,0.4952015294646874,0.04382478632478631
TGT_LOW_BOOT,WIN-21ccaec5dca897932e69,1.5,target,OR,shape_factor,0.4952015294646874,-0.009999999999999953
TGT_LOW_BOOT,WIN-21ccaec5dca897932e69,1.5,target,OR,clearance_factor,0.4952015294646874,0.03829794007490639
TGT_LOW_BOOT,WIN-21ccaec5dca897932e69,1.5,target,OR,zero_cross_rate,0.4952015294646874,-0.06787786176841654
TGT_LOW_BOOT,WIN-21ccaec5dca897932e69,1.5,target,OR,spectral_centroid_hz,0.4952015294646874,-0.03659863945578218
TGT_LOW_BOOT,WIN-21ccaec5dca897932e69,1.5,target,OR,spectral_rms_hz,0.4952015294646874,-0.023333333333333373
TGT_LOW_BOOT,WIN-21ccaec5dca897932e69,1.5,target,OR,spectral_entropy,0.4952015294646874,0.016239316239316293
TGT_LOW_BOOT,WIN-21ccaec5dca897932e69,1.5,target,OR,spectral_flatness,0.4952015294646874,0.006666666666666654
TGT_LOW_BOOT,WIN-21ccaec5dca897932e69,1.5,target,OR,dominant_frequency_hz,0.4952015294646874,0.0
TGT_LOW_BOOT,WIN-21ccaec5dca897932e69,1.5,target,OR,rolloff95_hz,0.4952015294646874,0.003333333333333355
TGT_LOW_BOOT,WIN-21ccaec5dca897932e69,1.5,target,OR,band_ratio_0_500,0.4952015294646874,-0.0033333333333332993
TGT_LOW_BOOT,WIN-21ccaec5dca897932e69,1.5,target,OR,band_ratio_500_1500,0.4952015294646874,-0.04309863339275094
TGT_LOW_BOOT,WIN-21ccaec5dca897932e69,1.5,target,OR,band_ratio_1500_3000,0.4952015294646874,0.016666666666666663
TGT_LOW_BOOT,WIN-21ccaec5dca897932e69,1.5,target,OR,band_ratio_3000_5500,0.4952015294646874,-0.029848484848484735
TGT_LOW_BOOT,WIN-21ccaec5dca897932e69,1.5,target,OR,envelope_rms,0.4952015294646874,0.029523809523809563
TGT_LOW_BOOT,WIN-21ccaec5dca897932e69,1.5,target,OR,envelope_kurtosis,0.4952015294646874,0.02063999100314895
TGT_LOW_BOOT,WIN-21ccaec5dca897932e69,1.5,target,OR,envelope_spectral_entropy,0.4952015294646874,-0.009999999999999953
TGT_LOW_BOOT,WIN-c178bf9254d753461d10,2.0,target,OR,mean,0.4724358974358974,-0.003333333333333355
TGT_LOW_BOOT,WIN-c178bf9254d753461d10,2.0,target,OR,std,0.4724358974358974,0.04999999999999999
TGT_LOW_BOOT,WIN-c178bf9254d753461d10,2.0,target,OR,rms,0.4724358974358974,0.04377777777777775
TGT_LOW_BOOT,WIN-c178bf9254d753461d10,2.0,target,OR,mean_abs,0.4724358974358974,-0.006666666666666654
TGT_LOW_BOOT,WIN-c178bf9254d753461d10,2.0,target,OR,peak_abs,0.4724358974358974,0.003999999999999948
TGT_LOW_BOOT,WIN-c178bf9254d753461d10,2.0,target,OR,peak_to_peak,0.4724358974358974,0.004444444444444473
TGT_LOW_BOOT,WIN-c178bf9254d753461d10,2.0,target,OR,skewness,0.4724358974358974,0.0
TGT_LOW_BOOT,WIN-c178bf9254d753461d10,2.0,target,OR,kurtosis,0.4724358974358974,-0.004166666666666652
TGT_LOW_BOOT,WIN-c178bf9254d753461d10,2.0,target,OR,crest_factor,0.4724358974358974,0.013290870488322726
TGT_LOW_BOOT,WIN-c178bf9254d753461d10,2.0,target,OR,impulse_factor,0.4724358974358974,0.040491452991453014
TGT_LOW_BOOT,WIN-c178bf9254d753461d10,2.0,target,OR,shape_factor,0.4724358974358974,-0.016666666666666663
TGT_LOW_BOOT,WIN-c178bf9254d753461d10,2.0,target,OR,clearance_factor,0.4724358974358974,0.031647940074906344
TGT_LOW_BOOT,WIN-c178bf9254d753461d10,2.0,target,OR,zero_cross_rate,0.4724358974358974,-0.06795032553653246
TGT_LOW_BOOT,WIN-c178bf9254d753461d10,2.0,target,OR,spectral_centroid_hz,0.4724358974358974,-0.036598639455782345
TGT_LOW_BOOT,WIN-c178bf9254d753461d10,2.0,target,OR,spectral_rms_hz,0.4724358974358974,-0.023333333333333317
TGT_LOW_BOOT,WIN-c178bf9254d753461d10,2.0,target,OR,spectral_entropy,0.4724358974358974,0.016666666666666663
TGT_LOW_BOOT,WIN-c178bf9254d753461d10,2.0,target,OR,spectral_flatness,0.4724358974358974,0.003333333333333355
TGT_LOW_BOOT,WIN-c178bf9254d753461d10,2.0,target,OR,dominant_frequency_hz,0.4724358974358974,-0.02652631578947362
TGT_LOW_BOOT,WIN-c178bf9254d753461d10,2.0,target,OR,rolloff95_hz,0.4724358974358974,0.003333333333333355
TGT_LOW_BOOT,WIN-c178bf9254d753461d10,2.0,target,OR,band_ratio_0_500,0.4724358974358974,-0.006239316239316228
TGT_LOW_BOOT,WIN-c178bf9254d753461d10,2.0,target,OR,band_ratio_500_1500,0.4724358974358974,-0.045522875816993436
TGT_LOW_BOOT,WIN-c178bf9254d753461d10,2.0,target,OR,band_ratio_1500_3000,0.4724358974358974,0.016666666666666663
TGT_LOW_BOOT,WIN-c178bf9254d753461d10,2.0,target,OR,band_ratio_3000_5500,0.4724358974358974,-0.016515151515151483
TGT_LOW_BOOT,WIN-c178bf9254d753461d10,2.0,target,OR,envelope_rms,0.4724358974358974,0.029523809523809563
TGT_LOW_BOOT,WIN-c178bf9254d753461d10,2.0,target,OR,envelope_kurtosis,0.4724358974358974,0.018558119658119654
TGT_LOW_BOOT,WIN-c178bf9254d753461d10,2.0,target,OR,envelope_spectral_entropy,0.4724358974358974,-0.003333333333333355
TGT_LOW_BOOT,WIN-6788a34f705f3ba63b19,2.5,target,OR,mean,0.4291025641025641,-0.003333333333333355
TGT_LOW_BOOT,WIN-6788a34f705f3ba63b19,2.5,target,OR,std,0.4291025641025641,0.053333333333333344
TGT_LOW_BOOT,WIN-6788a34f705f3ba63b19,2.5,target,OR,rms,0.4291025641025641,0.043333333333333335
TGT_LOW_BOOT,WIN-6788a34f705f3ba63b19,2.5,target,OR,mean_abs,0.4291025641025641,-0.010000000000000009
TGT_LOW_BOOT,WIN-6788a34f705f3ba63b19,2.5,target,OR,peak_abs,0.4291025641025641,0.0040000000000000036
TGT_LOW_BOOT,WIN-6788a34f705f3ba63b19,2.5,target,OR,peak_to_peak,0.4291025641025641,0.011111111111111127
TGT_LOW_BOOT,WIN-6788a34f705f3ba63b19,2.5,target,OR,skewness,0.4291025641025641,0.0
TGT_LOW_BOOT,WIN-6788a34f705f3ba63b19,2.5,target,OR,kurtosis,0.4291025641025641,-0.007500000000000007
TGT_LOW_BOOT,WIN-6788a34f705f3ba63b19,2.5,target,OR,crest_factor,0.4291025641025641,0.006624203821656072
TGT_LOW_BOOT,WIN-6788a34f705f3ba63b19,2.5,target,OR,impulse_factor,0.4291025641025641,0.02715811965811965
TGT_LOW_BOOT,WIN-6788a34f705f3ba63b19,2.5,target,OR,shape_factor,0.4291025641025641,-0.026666666666666672
TGT_LOW_BOOT,WIN-6788a34f705f3ba63b19,2.5,target,OR,clearance_factor,0.4291025641025641,0.011647940074906382
TGT_LOW_BOOT,WIN-6788a34f705f3ba63b19,2.5,target,OR,zero_cross_rate,0.4291025641025641,-0.061283658869865754
TGT_LOW_BOOT,WIN-6788a34f705f3ba63b19,2.5,target,OR,spectral_centroid_hz,0.4291025641025641,-0.03326530612244899
TGT_LOW_BOOT,WIN-6788a34f705f3ba63b19,2.5,target,OR,spectral_rms_hz,0.4291025641025641,-0.023333333333333317
TGT_LOW_BOOT,WIN-6788a34f705f3ba63b19,2.5,target,OR,spectral_entropy,0.4291025641025641,0.016666666666666663
TGT_LOW_BOOT,WIN-6788a34f705f3ba63b19,2.5,target,OR,spectral_flatness,0.4291025641025641,0.003333333333333355
TGT_LOW_BOOT,WIN-6788a34f705f3ba63b19,2.5,target,OR,dominant_frequency_hz,0.4291025641025641,-0.02319298245614032
TGT_LOW_BOOT,WIN-6788a34f705f3ba63b19,2.5,target,OR,rolloff95_hz,0.4291025641025641,0.003333333333333355
TGT_LOW_BOOT,WIN-6788a34f705f3ba63b19,2.5,target,OR,band_ratio_0_500,0.4291025641025641,0.003333333333333355
TGT_LOW_BOOT,WIN-6788a34f705f3ba63b19,2.5,target,OR,band_ratio_500_1500,0.4291025641025641,-0.04277777777777769
TGT_LOW_BOOT,WIN-6788a34f705f3ba63b19,2.5,target,OR,band_ratio_1500_3000,0.4291025641025641,0.016666666666666663
TGT_LOW_BOOT,WIN-6788a34f705f3ba63b19,2.5,target,OR,band_ratio_3000_5500,0.4291025641025641,-0.04984848484848481
TGT_LOW_BOOT,WIN-6788a34f705f3ba63b19,2.5,target,OR,envelope_rms,0.4291025641025641,0.03619047619047622
TGT_LOW_BOOT,WIN-6788a34f705f3ba63b19,2.5,target,OR,envelope_kurtosis,0.4291025641025641,0.001891452991452991
TGT_LOW_BOOT,WIN-6788a34f705f3ba63b19,2.5,target,OR,envelope_spectral_entropy,0.4291025641025641,-0.010000000000000009
TGT_LOW_BOOT,WIN-b7bbefe68cdfc4b9c92e,3.0,target,OR,mean,0.43576923076923074,-0.003333333333333355
TGT_LOW_BOOT,WIN-b7bbefe68cdfc4b9c92e,3.0,target,OR,std,0.43576923076923074,0.053333333333333344
TGT_LOW_BOOT,WIN-b7bbefe68cdfc4b9c92e,3.0,target,OR,rms,0.43576923076923074,0.03413238770685573
TGT_LOW_BOOT,WIN-b7bbefe68cdfc4b9c92e,3.0,target,OR,mean_abs,0.43576923076923074,-0.010000000000000009
TGT_LOW_BOOT,WIN-b7bbefe68cdfc4b9c92e,3.0,target,OR,peak_abs,0.43576923076923074,0.003999999999999948
TGT_LOW_BOOT,WIN-b7bbefe68cdfc4b9c92e,3.0,target,OR,peak_to_peak,0.43576923076923074,0.007777777777777772
TGT_LOW_BOOT,WIN-b7bbefe68cdfc4b9c92e,3.0,target,OR,skewness,0.43576923076923074,0.006666666666666654
TGT_LOW_BOOT,WIN-b7bbefe68cdfc4b9c92e,3.0,target,OR,kurtosis,0.43576923076923074,-0.017500000000000016
TGT_LOW_BOOT,WIN-b7bbefe68cdfc4b9c92e,3.0,target,OR,crest_factor,0.43576923076923074,0.009957537154989371
TGT_LOW_BOOT,WIN-b7bbefe68cdfc4b9c92e,3.0,target,OR,impulse_factor,0.43576923076923074,0.033824786324786305
TGT_LOW_BOOT,WIN-b7bbefe68cdfc4b9c92e,3.0,target,OR,shape_factor,0.43576923076923074,-0.026666666666666672
TGT_LOW_BOOT,WIN-b7bbefe68cdfc4b9c92e,3.0,target,OR,clearance_factor,0.43576923076923074,0.018314606741573036
TGT_LOW_BOOT,WIN-b7bbefe68cdfc4b9c92e,3.0,target,OR,zero_cross_rate,0.43576923076923074,-0.061283658869865754
TGT_LOW_BOOT,WIN-b7bbefe68cdfc4b9c92e,3.0,target,OR,spectral_centroid_hz,0.43576923076923074,-0.03326530612244899
TGT_LOW_BOOT,WIN-b7bbefe68cdfc4b9c92e,3.0,target,OR,spectral_rms_hz,0.43576923076923074,-0.020000000000000018
TGT_LOW_BOOT,WIN-b7bbefe68cdfc4b9c92e,3.0,target,OR,spectral_entropy,0.43576923076923074,0.016666666666666663
TGT_LOW_BOOT,WIN-b7bbefe68cdfc4b9c92e,3.0,target,OR,spectral_flatness,0.43576923076923074,0.0033333333333332993
TGT_LOW_BOOT,WIN-b7bbefe68cdfc4b9c92e,3.0,target,OR,dominant_frequency_hz,0.43576923076923074,-0.026526315789473676
TGT_LOW_BOOT,WIN-b7bbefe68cdfc4b9c92e,3.0,target,OR,rolloff95_hz,0.43576923076923074,0.006666666666666654
TGT_LOW_BOOT,WIN-b7bbefe68cdfc4b9c92e,3.0,target,OR,band_ratio_0_500,0.43576923076923074,-0.003333333333333355
TGT_LOW_BOOT,WIN-b7bbefe68cdfc4b9c92e,3.0,target,OR,band_ratio_500_1500,0.43576923076923074,-0.042189542483660136
TGT_LOW_BOOT,WIN-b7bbefe68cdfc4b9c92e,3.0,target,OR,band_ratio_1500_3000,0.43576923076923074,0.016666666666666663
TGT_LOW_BOOT,WIN-b7bbefe68cdfc4b9c92e,3.0,target,OR,band_ratio_3000_5500,0.43576923076923074,-0.02651515151515149
TGT_LOW_BOOT,WIN-b7bbefe68cdfc4b9c92e,3.0,target,OR,envelope_rms,0.43576923076923074,0.029523809523809508
TGT_LOW_BOOT,WIN-b7bbefe68cdfc4b9c92e,3.0,target,OR,envelope_kurtosis,0.43576923076923074,0.005224786324786346
TGT_LOW_BOOT,WIN-b7bbefe68cdfc4b9c92e,3.0,target,OR,envelope_spectral_entropy,0.43576923076923074,-0.010000000000000009
TGT_LOW_BOOT,WIN-edd415dd3f1a3aae0b0f,3.5,target,OR,mean,0.4441025641025641,-0.0050000000000000044
TGT_LOW_BOOT,WIN-edd415dd3f1a3aae0b0f,3.5,target,OR,std,0.4441025641025641,0.053333333333333344
TGT_LOW_BOOT,WIN-edd415dd3f1a3aae0b0f,3.5,target,OR,rms,0.4441025641025641,0.04368794326241138
TGT_LOW_BOOT,WIN-edd415dd3f1a3aae0b0f,3.5,target,OR,mean_abs,0.4441025641025641,-0.010000000000000009
TGT_LOW_BOOT,WIN-edd415dd3f1a3aae0b0f,3.5,target,OR,peak_abs,0.4441025641025641,0.003999999999999948
TGT_LOW_BOOT,WIN-edd415dd3f1a3aae0b0f,3.5,target,OR,peak_to_peak,0.4441025641025641,0.011111111111111183
TGT_LOW_BOOT,WIN-edd415dd3f1a3aae0b0f,3.5,target,OR,skewness,0.4441025641025641,0.0
TGT_LOW_BOOT,WIN-edd415dd3f1a3aae0b0f,3.5,target,OR,kurtosis,0.4441025641025641,-0.009166666666666656
TGT_LOW_BOOT,WIN-edd415dd3f1a3aae0b0f,3.5,target,OR,crest_factor,0.4441025641025641,0.01662420382165608
TGT_LOW_BOOT,WIN-edd415dd3f1a3aae0b0f,3.5,target,OR,impulse_factor,0.4441025641025641,0.020491452991452996
TGT_LOW_BOOT,WIN-edd415dd3f1a3aae0b0f,3.5,target,OR,shape_factor,0.4441025641025641,-0.033333333333333326
TGT_LOW_BOOT,WIN-edd415dd3f1a3aae0b0f,3.5,target,OR,clearance_factor,0.4441025641025641,0.018314606741573036
TGT_LOW_BOOT,WIN-edd415dd3f1a3aae0b0f,3.5,target,OR,zero_cross_rate,0.4441025641025641,-0.061283658869865754
TGT_LOW_BOOT,WIN-edd415dd3f1a3aae0b0f,3.5,target,OR,spectral_centroid_hz,0.4441025641025641,-0.03289493575207858
TGT_LOW_BOOT,WIN-edd415dd3f1a3aae0b0f,3.5,target,OR,spectral_rms_hz,0.4441025641025641,-0.02066666666666661
TGT_LOW_BOOT,WIN-edd415dd3f1a3aae0b0f,3.5,target,OR,spectral_entropy,0.4441025641025641,0.016666666666666663
TGT_LOW_BOOT,WIN-edd415dd3f1a3aae0b0f,3.5,target,OR,spectral_flatness,0.4441025641025641,0.003333333333333355
TGT_LOW_BOOT,WIN-edd415dd3f1a3aae0b0f,3.5,target,OR,dominant_frequency_hz,0.4441025641025641,-0.023333333333333317
TGT_LOW_BOOT,WIN-edd415dd3f1a3aae0b0f,3.5,target,OR,rolloff95_hz,0.4441025641025641,0.0
TGT_LOW_BOOT,WIN-edd415dd3f1a3aae0b0f,3.5,target,OR,band_ratio_0_500,0.4441025641025641,-0.0029059829059828735
TGT_LOW_BOOT,WIN-edd415dd3f1a3aae0b0f,3.5,target,OR,band_ratio_500_1500,0.4441025641025641,-0.045370370370370394
TGT_LOW_BOOT,WIN-edd415dd3f1a3aae0b0f,3.5,target,OR,band_ratio_1500_3000,0.4441025641025641,0.016666666666666663
TGT_LOW_BOOT,WIN-edd415dd3f1a3aae0b0f,3.5,target,OR,band_ratio_3000_5500,0.4441025641025641,-0.023181818181818137
TGT_LOW_BOOT,WIN-edd415dd3f1a3aae0b0f,3.5,target,OR,envelope_rms,0.4441025641025641,0.03619047619047622
TGT_LOW_BOOT,WIN-edd415dd3f1a3aae0b0f,3.5,target,OR,envelope_kurtosis,0.4441025641025641,0.0085581196581197
TGT_LOW_BOOT,WIN-edd415dd3f1a3aae0b0f,3.5,target,OR,envelope_spectral_entropy,0.4441025641025641,-0.019999999999999962
TGT_LOW_BOOT,WIN-400e2aeb4c8dda201560,4.0,target,OR,mean,0.45076923076923076,-0.0050000000000000044
TGT_LOW_BOOT,WIN-400e2aeb4c8dda201560,4.0,target,OR,std,0.45076923076923076,0.04999999999999999
TGT_LOW_BOOT,WIN-400e2aeb4c8dda201560,4.0,target,OR,rms,0.45076923076923076,0.043333333333333335
TGT_LOW_BOOT,WIN-400e2aeb4c8dda201560,4.0,target,OR,mean_abs,0.45076923076923076,-0.010000000000000009
TGT_LOW_BOOT,WIN-400e2aeb4c8dda201560,4.0,target,OR,peak_abs,0.45076923076923076,0.003999999999999948
TGT_LOW_BOOT,WIN-400e2aeb4c8dda201560,4.0,target,OR,peak_to_peak,0.45076923076923076,0.011111111111111127
TGT_LOW_BOOT,WIN-400e2aeb4c8dda201560,4.0,target,OR,skewness,0.45076923076923076,-0.003333333333333355
TGT_LOW_BOOT,WIN-400e2aeb4c8dda201560,4.0,target,OR,kurtosis,0.45076923076923076,-0.009166666666666656
TGT_LOW_BOOT,WIN-400e2aeb4c8dda201560,4.0,target,OR,crest_factor,0.45076923076923076,0.013290870488322726
TGT_LOW_BOOT,WIN-400e2aeb4c8dda201560,4.0,target,OR,impulse_factor,0.45076923076923076,0.02382478632478635
TGT_LOW_BOOT,WIN-400e2aeb4c8dda201560,4.0,target,OR,shape_factor,0.45076923076923076,-0.030000000000000027
TGT_LOW_BOOT,WIN-400e2aeb4c8dda201560,4.0,target,OR,clearance_factor,0.45076923076923076,0.018314606741573036
TGT_LOW_BOOT,WIN-400e2aeb4c8dda201560,4.0,target,OR,zero_cross_rate,0.45076923076923076,-0.06128365886986581
TGT_LOW_BOOT,WIN-400e2aeb4c8dda201560,4.0,target,OR,spectral_centroid_hz,0.45076923076923076,-0.032894935752078636
TGT_LOW_BOOT,WIN-400e2aeb4c8dda201560,4.0,target,OR,spectral_rms_hz,0.45076923076923076,-0.023999999999999966
TGT_LOW_BOOT,WIN-400e2aeb4c8dda201560,4.0,target,OR,spectral_entropy,0.45076923076923076,0.016666666666666663
TGT_LOW_BOOT,WIN-400e2aeb4c8dda201560,4.0,target,OR,spectral_flatness,0.45076923076923076,0.003333333333333355
TGT_LOW_BOOT,WIN-400e2aeb4c8dda201560,4.0,target,OR,dominant_frequency_hz,0.45076923076923076,-0.023333333333333317
TGT_LOW_BOOT,WIN-400e2aeb4c8dda201560,4.0,target,OR,rolloff95_hz,0.45076923076923076,0.003333333333333355
TGT_LOW_BOOT,WIN-400e2aeb4c8dda201560,4.0,target,OR,band_ratio_0_500,0.45076923076923076,-0.0029059829059828735
TGT_LOW_BOOT,WIN-400e2aeb4c8dda201560,4.0,target,OR,band_ratio_500_1500,0.45076923076923076,-0.048703703703703694
TGT_LOW_BOOT,WIN-400e2aeb4c8dda201560,4.0,target,OR,band_ratio_1500_3000,0.45076923076923076,0.016666666666666663
TGT_LOW_BOOT,WIN-400e2aeb4c8dda201560,4.0,target,OR,band_ratio_3000_5500,0.45076923076923076,-0.016515151515151483
TGT_LOW_BOOT,WIN-400e2aeb4c8dda201560,4.0,target,OR,envelope_rms,0.45076923076923076,0.03619047619047622
TGT_LOW_BOOT,WIN-400e2aeb4c8dda201560,4.0,target,OR,envelope_kurtosis,0.45076923076923076,0.011891452991453
TGT_LOW_BOOT,WIN-400e2aeb4c8dda201560,4.0,target,OR,envelope_spectral_entropy,0.45076923076923076,-0.016666666666666663
TGT_LOW_BOOT,WIN-410e5498c2e0e01f9773,4.5,target,OR,mean,0.4291025641025641,-0.003333333333333355
TGT_LOW_BOOT,WIN-410e5498c2e0e01f9773,4.5,target,OR,std,0.4291025641025641,0.053333333333333344
TGT_LOW_BOOT,WIN-410e5498c2e0e01f9773,4.5,target,OR,rms,0.4291025641025641,0.040799054373522436
TGT_LOW_BOOT,WIN-410e5498c2e0e01f9773,4.5,target,OR,mean_abs,0.4291025641025641,-0.006666666666666654
TGT_LOW_BOOT,WIN-410e5498c2e0e01f9773,4.5,target,OR,peak_abs,0.4291025641025641,0.0040000000000000036
TGT_LOW_BOOT,WIN-410e5498c2e0e01f9773,4.5,target,OR,peak_to_peak,0.4291025641025641,0.004444444444444473
TGT_LOW_BOOT,WIN-410e5498c2e0e01f9773,4.5,target,OR,skewness,0.4291025641025641,0.0
TGT_LOW_BOOT,WIN-410e5498c2e0e01f9773,4.5,target,OR,kurtosis,0.4291025641025641,-0.017500000000000016
TGT_LOW_BOOT,WIN-410e5498c2e0e01f9773,4.5,target,OR,crest_factor,0.4291025641025641,0.006624203821656072
TGT_LOW_BOOT,WIN-410e5498c2e0e01f9773,4.5,target,OR,impulse_factor,0.4291025641025641,0.030491452991453005
TGT_LOW_BOOT,WIN-410e5498c2e0e01f9773,4.5,target,OR,shape_factor,0.4291025641025641,-0.033333333333333326
TGT_LOW_BOOT,WIN-410e5498c2e0e01f9773,4.5,target,OR,clearance_factor,0.4291025641025641,0.02498127340823969
TGT_LOW_BOOT,WIN-410e5498c2e0e01f9773,4.5,target,OR,zero_cross_rate,0.4291025641025641,-0.06461699220319911
TGT_LOW_BOOT,WIN-410e5498c2e0e01f9773,4.5,target,OR,spectral_centroid_hz,0.4291025641025641,-0.036598639455782345
TGT_LOW_BOOT,WIN-410e5498c2e0e01f9773,4.5,target,OR,spectral_rms_hz,0.4291025641025641,-0.023333333333333317
TGT_LOW_BOOT,WIN-410e5498c2e0e01f9773,4.5,target,OR,spectral_entropy,0.4291025641025641,0.016666666666666663
TGT_LOW_BOOT,WIN-410e5498c2e0e01f9773,4.5,target,OR,spectral_flatness,0.4291025641025641,0.003333333333333355
TGT_LOW_BOOT,WIN-410e5498c2e0e01f9773,4.5,target,OR,dominant_frequency_hz,0.4291025641025641,-0.019859649122806966
TGT_LOW_BOOT,WIN-410e5498c2e0e01f9773,4.5,target,OR,rolloff95_hz,0.4291025641025641,0.003333333333333355
TGT_LOW_BOOT,WIN-410e5498c2e0e01f9773,4.5,target,OR,band_ratio_0_500,0.4291025641025641,-0.006239316239316228
TGT_LOW_BOOT,WIN-410e5498c2e0e01f9773,4.5,target,OR,band_ratio_500_1500,0.4291025641025641,-0.045522875816993436
TGT_LOW_BOOT,WIN-410e5498c2e0e01f9773,4.5,target,OR,band_ratio_1500_3000,0.4291025641025641,0.016666666666666663
TGT_LOW_BOOT,WIN-410e5498c2e0e01f9773,4.5,target,OR,band_ratio_3000_5500,0.4291025641025641,-0.036515151515151445
TGT_LOW_BOOT,WIN-410e5498c2e0e01f9773,4.5,target,OR,envelope_rms,0.4291025641025641,0.029523809523809563
TGT_LOW_BOOT,WIN-410e5498c2e0e01f9773,4.5,target,OR,envelope_kurtosis,0.4291025641025641,0.011891452991453
TGT_LOW_BOOT,WIN-410e5498c2e0e01f9773,4.5,target,OR,envelope_spectral_entropy,0.4291025641025641,-0.013333333333333308
TGT_LOW_BOOT,WIN-b3232a2409ab3d912138,5.0,target,OR,mean,0.42576923076923073,-0.003333333333333355
TGT_LOW_BOOT,WIN-b3232a2409ab3d912138,5.0,target,OR,std,0.42576923076923073,0.05333333333333329
TGT_LOW_BOOT,WIN-b3232a2409ab3d912138,5.0,target,OR,rms,0.42576923076923073,0.040444444444444394
TGT_LOW_BOOT,WIN-b3232a2409ab3d912138,5.0,target,OR,mean_abs,0.42576923076923073,-0.00666666666666671
TGT_LOW_BOOT,WIN-b3232a2409ab3d912138,5.0,target,OR,peak_abs,0.42576923076923073,0.0040000000000000036
TGT_LOW_BOOT,WIN-b3232a2409ab3d912138,5.0,target,OR,peak_to_peak,0.42576923076923073,0.004444444444444473
TGT_LOW_BOOT,WIN-b3232a2409ab3d912138,5.0,target,OR,skewness,0.42576923076923073,0.0033333333333332993
TGT_LOW_BOOT,WIN-b3232a2409ab3d912138,5.0,target,OR,kurtosis,0.42576923076923073,-0.007500000000000007
TGT_LOW_BOOT,WIN-b3232a2409ab3d912138,5.0,target,OR,crest_factor,0.42576923076923073,0.008052775250227462
TGT_LOW_BOOT,WIN-b3232a2409ab3d912138,5.0,target,OR,impulse_factor,0.42576923076923073,0.02715811965811965
TGT_LOW_BOOT,WIN-b3232a2409ab3d912138,5.0,target,OR,shape_factor,0.42576923076923073,-0.026666666666666672
TGT_LOW_BOOT,WIN-b3232a2409ab3d912138,5.0,target,OR,clearance_factor,0.42576923076923073,0.021647940074906336
TGT_LOW_BOOT,WIN-b3232a2409ab3d912138,5.0,target,OR,zero_cross_rate,0.42576923076923073,-0.06128365886986581
TGT_LOW_BOOT,WIN-b3232a2409ab3d912138,5.0,target,OR,spectral_centroid_hz,0.42576923076923073,-0.036598639455782345
TGT_LOW_BOOT,WIN-b3232a2409ab3d912138,5.0,target,OR,spectral_rms_hz,0.42576923076923073,-0.023333333333333373
TGT_LOW_BOOT,WIN-b3232a2409ab3d912138,5.0,target,OR,spectral_entropy,0.42576923076923073,0.016666666666666663
TGT_LOW_BOOT,WIN-b3232a2409ab3d912138,5.0,target,OR,spectral_flatness,0.42576923076923073,0.006666666666666654
TGT_LOW_BOOT,WIN-b3232a2409ab3d912138,5.0,target,OR,dominant_frequency_hz,0.42576923076923073,-0.02319298245614032
TGT_LOW_BOOT,WIN-b3232a2409ab3d912138,5.0,target,OR,rolloff95_hz,0.42576923076923073,0.0033333333333332993
TGT_LOW_BOOT,WIN-b3232a2409ab3d912138,5.0,target,OR,band_ratio_0_500,0.42576923076923073,-0.006239316239316228
TGT_LOW_BOOT,WIN-b3232a2409ab3d912138,5.0,target,OR,band_ratio_500_1500,0.42576923076923073,-0.04552287581699349
TGT_LOW_BOOT,WIN-b3232a2409ab3d912138,5.0,target,OR,band_ratio_1500_3000,0.42576923076923073,0.016666666666666663
TGT_LOW_BOOT,WIN-b3232a2409ab3d912138,5.0,target,OR,band_ratio_3000_5500,0.42576923076923073,-0.05651515151515146
TGT_LOW_BOOT,WIN-b3232a2409ab3d912138,5.0,target,OR,envelope_rms,0.42576923076923073,0.029523809523809508
TGT_LOW_BOOT,WIN-b3232a2409ab3d912138,5.0,target,OR,envelope_kurtosis,0.42576923076923073,0.008558119658119645
TGT_LOW_BOOT,WIN-b3232a2409ab3d912138,5.0,target,OR,envelope_spectral_entropy,0.42576923076923073,-0.010000000000000009
TGT_LOW_BOOT,WIN-efe1c8108140a66d12fc,5.5,target,OR,mean,0.4741025641025641,-0.0050000000000000044
TGT_LOW_BOOT,WIN-efe1c8108140a66d12fc,5.5,target,OR,std,0.4741025641025641,0.04999999999999999
TGT_LOW_BOOT,WIN-efe1c8108140a66d12fc,5.5,target,OR,rms,0.4741025641025641,0.037111111111111095
TGT_LOW_BOOT,WIN-efe1c8108140a66d12fc,5.5,target,OR,mean_abs,0.4741025641025641,-0.010000000000000009
TGT_LOW_BOOT,WIN-efe1c8108140a66d12fc,5.5,target,OR,peak_abs,0.4741025641025641,0.003999999999999948
TGT_LOW_BOOT,WIN-efe1c8108140a66d12fc,5.5,target,OR,peak_to_peak,0.4741025641025641,0.007777777777777772
TGT_LOW_BOOT,WIN-efe1c8108140a66d12fc,5.5,target,OR,skewness,0.4741025641025641,0.0
TGT_LOW_BOOT,WIN-efe1c8108140a66d12fc,5.5,target,OR,kurtosis,0.4741025641025641,-0.005833333333333357
TGT_LOW_BOOT,WIN-efe1c8108140a66d12fc,5.5,target,OR,crest_factor,0.4741025641025641,0.01995753715498938
TGT_LOW_BOOT,WIN-efe1c8108140a66d12fc,5.5,target,OR,impulse_factor,0.4741025641025641,0.04382478632478637
TGT_LOW_BOOT,WIN-efe1c8108140a66d12fc,5.5,target,OR,shape_factor,0.4741025641025641,-0.010000000000000009
TGT_LOW_BOOT,WIN-efe1c8108140a66d12fc,5.5,target,OR,clearance_factor,0.4741025641025641,0.018314606741573036
TGT_LOW_BOOT,WIN-efe1c8108140a66d12fc,5.5,target,OR,zero_cross_rate,0.4741025641025641,-0.06128365886986581
TGT_LOW_BOOT,WIN-efe1c8108140a66d12fc,5.5,target,OR,spectral_centroid_hz,0.4741025641025641,-0.036228269085411935
TGT_LOW_BOOT,WIN-efe1c8108140a66d12fc,5.5,target,OR,spectral_rms_hz,0.4741025641025641,-0.01733333333333331
TGT_LOW_BOOT,WIN-efe1c8108140a66d12fc,5.5,target,OR,spectral_entropy,0.4741025641025641,0.016666666666666663
TGT_LOW_BOOT,WIN-efe1c8108140a66d12fc,5.5,target,OR,spectral_flatness,0.4741025641025641,0.0033333333333332993
TGT_LOW_BOOT,WIN-efe1c8108140a66d12fc,5.5,target,OR,dominant_frequency_hz,0.4741025641025641,-0.023333333333333373
TGT_LOW_BOOT,WIN-efe1c8108140a66d12fc,5.5,target,OR,rolloff95_hz,0.4741025641025641,0.006666666666666654
TGT_LOW_BOOT,WIN-efe1c8108140a66d12fc,5.5,target,OR,band_ratio_0_500,0.4741025641025641,-0.003333333333333355
TGT_LOW_BOOT,WIN-efe1c8108140a66d12fc,5.5,target,OR,band_ratio_500_1500,0.4741025641025641,-0.04478213507625267
TGT_LOW_BOOT,WIN-efe1c8108140a66d12fc,5.5,target,OR,band_ratio_1500_3000,0.4741025641025641,0.016666666666666663
TGT_LOW_BOOT,WIN-efe1c8108140a66d12fc,5.5,target,OR,band_ratio_3000_5500,0.4741025641025641,-0.009848484848484829
TGT_LOW_BOOT,WIN-efe1c8108140a66d12fc,5.5,target,OR,envelope_rms,0.4741025641025641,0.029523809523809508
TGT_LOW_BOOT,WIN-efe1c8108140a66d12fc,5.5,target,OR,envelope_kurtosis,0.4741025641025641,0.015224786324786299
TGT_LOW_BOOT,WIN-efe1c8108140a66d12fc,5.5,target,OR,envelope_spectral_entropy,0.4741025641025641,-0.003333333333333355
TGT_LOW_BOOT,WIN-5eae5d42d39dbfccf81f,6.0,target,OR,mean,0.4807692307692308,-0.008192982456140308
TGT_LOW_BOOT,WIN-5eae5d42d39dbfccf81f,6.0,target,OR,std,0.4807692307692308,0.043333333333333335
TGT_LOW_BOOT,WIN-5eae5d42d39dbfccf81f,6.0,target,OR,rms,0.4807692307692308,0.03396296296296303
TGT_LOW_BOOT,WIN-5eae5d42d39dbfccf81f,6.0,target,OR,mean_abs,0.4807692307692308,-0.013333333333333308
TGT_LOW_BOOT,WIN-5eae5d42d39dbfccf81f,6.0,target,OR,peak_abs,0.4807692307692308,0.0040000000000000036
TGT_LOW_BOOT,WIN-5eae5d42d39dbfccf81f,6.0,target,OR,peak_to_peak,0.4807692307692308,0.007777777777777828
TGT_LOW_BOOT,WIN-5eae5d42d39dbfccf81f,6.0,target,OR,skewness,0.4807692307692308,0.0
TGT_LOW_BOOT,WIN-5eae5d42d39dbfccf81f,6.0,target,OR,kurtosis,0.4807692307692308,0.0008333333333333526
TGT_LOW_BOOT,WIN-5eae5d42d39dbfccf81f,6.0,target,OR,crest_factor,0.4807692307692308,0.006624203821656072
TGT_LOW_BOOT,WIN-5eae5d42d39dbfccf81f,6.0,target,OR,impulse_factor,0.4807692307692308,0.033824786324786416
TGT_LOW_BOOT,WIN-5eae5d42d39dbfccf81f,6.0,target,OR,shape_factor,0.4807692307692308,-0.026666666666666672
TGT_LOW_BOOT,WIN-5eae5d42d39dbfccf81f,6.0,target,OR,clearance_factor,0.4807692307692308,0.02496460674157308
TGT_LOW_BOOT,WIN-5eae5d42d39dbfccf81f,6.0,target,OR,zero_cross_rate,0.4807692307692308,-0.06121119510174994
TGT_LOW_BOOT,WIN-5eae5d42d39dbfccf81f,6.0,target,OR,spectral_centroid_hz,0.4807692307692308,-0.036228269085411935
TGT_LOW_BOOT,WIN-5eae5d42d39dbfccf81f,6.0,target,OR,spectral_rms_hz,0.4807692307692308,-0.017333333333333256
TGT_LOW_BOOT,WIN-5eae5d42d39dbfccf81f,6.0,target,OR,spectral_entropy,0.4807692307692308,0.01666666666666672
TGT_LOW_BOOT,WIN-5eae5d42d39dbfccf81f,6.0,target,OR,spectral_flatness,0.4807692307692308,0.00666666666666671
TGT_LOW_BOOT,WIN-5eae5d42d39dbfccf81f,6.0,target,OR,dominant_frequency_hz,0.4807692307692308,0.0
TGT_LOW_BOOT,WIN-5eae5d42d39dbfccf81f,6.0,target,OR,rolloff95_hz,0.4807692307692308,0.00666666666666671
TGT_LOW_BOOT,WIN-5eae5d42d39dbfccf81f,6.0,target,OR,band_ratio_0_500,0.4807692307692308,-0.0033333333333332993
TGT_LOW_BOOT,WIN-5eae5d42d39dbfccf81f,6.0,target,OR,band_ratio_500_1500,0.4807692307692308,-0.04235789265201023
TGT_LOW_BOOT,WIN-5eae5d42d39dbfccf81f,6.0,target,OR,band_ratio_1500_3000,0.4807692307692308,0.01666666666666672
TGT_LOW_BOOT,WIN-5eae5d42d39dbfccf81f,6.0,target,OR,band_ratio_3000_5500,0.4807692307692308,-0.009848484848484773
TGT_LOW_BOOT,WIN-5eae5d42d39dbfccf81f,6.0,target,OR,envelope_rms,0.4807692307692308,0.029523809523809563
TGT_LOW_BOOT,WIN-5eae5d42d39dbfccf81f,6.0,target,OR,envelope_kurtosis,0.4807692307692308,0.011891452991453
TGT_LOW_BOOT,WIN-5eae5d42d39dbfccf81f,6.0,target,OR,envelope_spectral_entropy,0.4807692307692308,-0.0033333333333332993
TGT_LOW_BOOT,WIN-4dc557640a67fb24cec0,6.5,target,OR,mean,0.44076923076923075,-0.0050000000000000044
TGT_LOW_BOOT,WIN-4dc557640a67fb24cec0,6.5,target,OR,std,0.44076923076923075,0.04999999999999999
TGT_LOW_BOOT,WIN-4dc557640a67fb24cec0,6.5,target,OR,rms,0.44076923076923075,0.03413238770685573
TGT_LOW_BOOT,WIN-4dc557640a67fb24cec0,6.5,target,OR,mean_abs,0.44076923076923075,-0.010000000000000009
TGT_LOW_BOOT,WIN-4dc557640a67fb24cec0,6.5,target,OR,peak_abs,0.44076923076923075,0.003999999999999948
TGT_LOW_BOOT,WIN-4dc557640a67fb24cec0,6.5,target,OR,peak_to_peak,0.44076923076923075,0.007777777777777828
TGT_LOW_BOOT,WIN-4dc557640a67fb24cec0,6.5,target,OR,skewness,0.44076923076923075,0.006666666666666654
TGT_LOW_BOOT,WIN-4dc557640a67fb24cec0,6.5,target,OR,kurtosis,0.44076923076923075,-0.019166666666666665
TGT_LOW_BOOT,WIN-4dc557640a67fb24cec0,6.5,target,OR,crest_factor,0.44076923076923075,0.01662420382165608
TGT_LOW_BOOT,WIN-4dc557640a67fb24cec0,6.5,target,OR,impulse_factor,0.44076923076923075,0.02715811965811965
TGT_LOW_BOOT,WIN-4dc557640a67fb24cec0,6.5,target,OR,shape_factor,0.44076923076923075,-0.026666666666666672
TGT_LOW_BOOT,WIN-4dc557640a67fb24cec0,6.5,target,OR,clearance_factor,0.44076923076923075,0.014981273408239681
TGT_LOW_BOOT,WIN-4dc557640a67fb24cec0,6.5,target,OR,zero_cross_rate,0.44076923076923075,-0.06128365886986581
TGT_LOW_BOOT,WIN-4dc557640a67fb24cec0,6.5,target,OR,spectral_centroid_hz,0.44076923076923075,-0.032894935752078636
TGT_LOW_BOOT,WIN-4dc557640a67fb24cec0,6.5,target,OR,spectral_rms_hz,0.44076923076923075,-0.01733333333333331
TGT_LOW_BOOT,WIN-4dc557640a67fb24cec0,6.5,target,OR,spectral_entropy,0.44076923076923075,0.018333333333333313
TGT_LOW_BOOT,WIN-4dc557640a67fb24cec0,6.5,target,OR,spectral_flatness,0.44076923076923075,0.0033333333333332993
TGT_LOW_BOOT,WIN-4dc557640a67fb24cec0,6.5,target,OR,dominant_frequency_hz,0.44076923076923075,-0.020000000000000018
TGT_LOW_BOOT,WIN-4dc557640a67fb24cec0,6.5,target,OR,rolloff95_hz,0.44076923076923075,0.006666666666666654
TGT_LOW_BOOT,WIN-4dc557640a67fb24cec0,6.5,target,OR,band_ratio_0_500,0.44076923076923075,-0.003333333333333355
TGT_LOW_BOOT,WIN-4dc557640a67fb24cec0,6.5,target,OR,band_ratio_500_1500,0.44076923076923075,-0.04144880174291937
TGT_LOW_BOOT,WIN-4dc557640a67fb24cec0,6.5,target,OR,band_ratio_1500_3000,0.44076923076923075,0.016666666666666663
TGT_LOW_BOOT,WIN-4dc557640a67fb24cec0,6.5,target,OR,band_ratio_3000_5500,0.44076923076923075,-0.019848484848484782
TGT_LOW_BOOT,WIN-4dc557640a67fb24cec0,6.5,target,OR,envelope_rms,0.44076923076923075,0.029523809523809508
TGT_LOW_BOOT,WIN-4dc557640a67fb24cec0,6.5,target,OR,envelope_kurtosis,0.44076923076923075,0.008558119658119645
TGT_LOW_BOOT,WIN-4dc557640a67fb24cec0,6.5,target,OR,envelope_spectral_entropy,0.44076923076923075,-0.010000000000000009
TGT_LOW_BOOT,WIN-d478cb5d33ae268f24ae,7.0,target,OR,mean,0.42743589743589744,-0.0050000000000000044
TGT_LOW_BOOT,WIN-d478cb5d33ae268f24ae,7.0,target,OR,std,0.42743589743589744,0.053333333333333344
TGT_LOW_BOOT,WIN-d478cb5d33ae268f24ae,7.0,target,OR,rms,0.42743589743589744,0.037111111111111095
TGT_LOW_BOOT,WIN-d478cb5d33ae268f24ae,7.0,target,OR,mean_abs,0.42743589743589744,-0.010000000000000009
TGT_LOW_BOOT,WIN-d478cb5d33ae268f24ae,7.0,target,OR,peak_abs,0.42743589743589744,0.0040000000000000036
TGT_LOW_BOOT,WIN-d478cb5d33ae268f24ae,7.0,target,OR,peak_to_peak,0.42743589743589744,0.007777777777777828
TGT_LOW_BOOT,WIN-d478cb5d33ae268f24ae,7.0,target,OR,skewness,0.42743589743589744,0.0
TGT_LOW_BOOT,WIN-d478cb5d33ae268f24ae,7.0,target,OR,kurtosis,0.42743589743589744,-0.0025000000000000022
TGT_LOW_BOOT,WIN-d478cb5d33ae268f24ae,7.0,target,OR,crest_factor,0.42743589743589744,0.014719441916894171
TGT_LOW_BOOT,WIN-d478cb5d33ae268f24ae,7.0,target,OR,impulse_factor,0.42743589743589744,0.02382478632478635
TGT_LOW_BOOT,WIN-d478cb5d33ae268f24ae,7.0,target,OR,shape_factor,0.42743589743589744,-0.023333333333333317
TGT_LOW_BOOT,WIN-d478cb5d33ae268f24ae,7.0,target,OR,clearance_factor,0.42743589743589744,0.008314606741573027
TGT_LOW_BOOT,WIN-d478cb5d33ae268f24ae,7.0,target,OR,zero_cross_rate,0.42743589743589744,-0.0579503255365324
TGT_LOW_BOOT,WIN-d478cb5d33ae268f24ae,7.0,target,OR,spectral_centroid_hz,0.42743589743589744,-0.036228269085411935
TGT_LOW_BOOT,WIN-d478cb5d33ae268f24ae,7.0,target,OR,spectral_rms_hz,0.42743589743589744,-0.017333333333333256
TGT_LOW_BOOT,WIN-d478cb5d33ae268f24ae,7.0,target,OR,spectral_entropy,0.42743589743589744,0.015000000000000013
TGT_LOW_BOOT,WIN-d478cb5d33ae268f24ae,7.0,target,OR,spectral_flatness,0.42743589743589744,0.003333333333333355
TGT_LOW_BOOT,WIN-d478cb5d33ae268f24ae,7.0,target,OR,dominant_frequency_hz,0.42743589743589744,-0.019999999999999962
TGT_LOW_BOOT,WIN-d478cb5d33ae268f24ae,7.0,target,OR,rolloff95_hz,0.42743589743589744,0.00666666666666671
TGT_LOW_BOOT,WIN-d478cb5d33ae268f24ae,7.0,target,OR,band_ratio_0_500,0.42743589743589744,0.0
TGT_LOW_BOOT,WIN-d478cb5d33ae268f24ae,7.0,target,OR,band_ratio_500_1500,0.42743589743589744,-0.048115468409586026
TGT_LOW_BOOT,WIN-d478cb5d33ae268f24ae,7.0,target,OR,band_ratio_1500_3000,0.42743589743589744,0.016666666666666663
TGT_LOW_BOOT,WIN-d478cb5d33ae268f24ae,7.0,target,OR,band_ratio_3000_5500,0.42743589743589744,-0.05318181818181811
TGT_LOW_BOOT,WIN-d478cb5d33ae268f24ae,7.0,target,OR,envelope_rms,0.42743589743589744,0.029523809523809563
TGT_LOW_BOOT,WIN-d478cb5d33ae268f24ae,7.0,target,OR,envelope_kurtosis,0.42743589743589744,0.001891452991452991
TGT_LOW_BOOT,WIN-d478cb5d33ae268f24ae,7.0,target,OR,envelope_spectral_entropy,0.42743589743589744,-0.010000000000000009
TGT_LOW_SETTING,WIN-9cdfcb0fb30880bc2c42,0.0,target,OR,mean,0.43333333333333335,0.006666666666666654
TGT_LOW_SETTING,WIN-9cdfcb0fb30880bc2c42,0.0,target,OR,std,0.43333333333333335,0.11000000000000004
TGT_LOW_SETTING,WIN-9cdfcb0fb30880bc2c42,0.0,target,OR,rms,0.43333333333333335,0.09666666666666668
TGT_LOW_SETTING,WIN-9cdfcb0fb30880bc2c42,0.0,target,OR,mean_abs,0.43333333333333335,0.003333333333333355
TGT_LOW_SETTING,WIN-9cdfcb0fb30880bc2c42,0.0,target,OR,peak_abs,0.43333333333333335,-0.006666666666666654
TGT_LOW_SETTING,WIN-9cdfcb0fb30880bc2c42,0.0,target,OR,peak_to_peak,0.43333333333333335,0.023333333333333373
TGT_LOW_SETTING,WIN-9cdfcb0fb30880bc2c42,0.0,target,OR,skewness,0.43333333333333335,0.0
TGT_LOW_SETTING,WIN-9cdfcb0fb30880bc2c42,0.0,target,OR,kurtosis,0.43333333333333335,0.016666666666666663
TGT_LOW_SETTING,WIN-9cdfcb0fb30880bc2c42,0.0,target,OR,crest_factor,0.43333333333333335,-0.0637962962962963
TGT_LOW_SETTING,WIN-9cdfcb0fb30880bc2c42,0.0,target,OR,impulse_factor,0.43333333333333335,-0.006666666666666654
TGT_LOW_SETTING,WIN-9cdfcb0fb30880bc2c42,0.0,target,OR,shape_factor,0.43333333333333335,-0.0033333333333332993
TGT_LOW_SETTING,WIN-9cdfcb0fb30880bc2c42,0.0,target,OR,clearance_factor,0.43333333333333335,0.010151515151515189
TGT_LOW_SETTING,WIN-9cdfcb0fb30880bc2c42,0.0,target,OR,zero_cross_rate,0.43333333333333335,0.003333333333333355
TGT_LOW_SETTING,WIN-9cdfcb0fb30880bc2c42,0.0,target,OR,spectral_centroid_hz,0.43333333333333335,0.006666666666666654
TGT_LOW_SETTING,WIN-9cdfcb0fb30880bc2c42,0.0,target,OR,spectral_rms_hz,0.43333333333333335,0.016666666666666663
TGT_LOW_SETTING,WIN-9cdfcb0fb30880bc2c42,0.0,target,OR,spectral_entropy,0.43333333333333335,-0.016666666666666663
TGT_LOW_SETTING,WIN-9cdfcb0fb30880bc2c42,0.0,target,OR,spectral_flatness,0.43333333333333335,-0.006666666666666654
TGT_LOW_SETTING,WIN-9cdfcb0fb30880bc2c42,0.0,target,OR,dominant_frequency_hz,0.43333333333333335,0.0
TGT_LOW_SETTING,WIN-9cdfcb0fb30880bc2c42,0.0,target,OR,rolloff95_hz,0.43333333333333335,0.0
TGT_LOW_SETTING,WIN-9cdfcb0fb30880bc2c42,0.0,target,OR,band_ratio_0_500,0.43333333333333335,0.020000000000000018
TGT_LOW_SETTING,WIN-9cdfcb0fb30880bc2c42,0.0,target,OR,band_ratio_500_1500,0.43333333333333335,-0.013333333333333308
TGT_LOW_SETTING,WIN-9cdfcb0fb30880bc2c42,0.0,target,OR,band_ratio_1500_3000,0.43333333333333335,0.0
TGT_LOW_SETTING,WIN-9cdfcb0fb30880bc2c42,0.0,target,OR,band_ratio_3000_5500,0.43333333333333335,0.003333333333333355
TGT_LOW_SETTING,WIN-9cdfcb0fb30880bc2c42,0.0,target,OR,envelope_rms,0.43333333333333335,0.1166666666666667
TGT_LOW_SETTING,WIN-9cdfcb0fb30880bc2c42,0.0,target,OR,envelope_kurtosis,0.43333333333333335,-0.014209129511677243
TGT_LOW_SETTING,WIN-9cdfcb0fb30880bc2c42,0.0,target,OR,envelope_spectral_entropy,0.43333333333333335,-0.026666666666666672
TGT_LOW_SETTING,WIN-2eee7bc9f992a6457bf5,0.5,target,OR,mean,0.4666666666666667,0.003333333333333355
TGT_LOW_SETTING,WIN-2eee7bc9f992a6457bf5,0.5,target,OR,std,0.4666666666666667,0.10999999999999999
TGT_LOW_SETTING,WIN-2eee7bc9f992a6457bf5,0.5,target,OR,rms,0.4666666666666667,0.09666666666666668
TGT_LOW_SETTING,WIN-2eee7bc9f992a6457bf5,0.5,target,OR,mean_abs,0.4666666666666667,0.003333333333333355
TGT_LOW_SETTING,WIN-2eee7bc9f992a6457bf5,0.5,target,OR,peak_abs,0.4666666666666667,-0.006666666666666654
TGT_LOW_SETTING,WIN-2eee7bc9f992a6457bf5,0.5,target,OR,peak_to_peak,0.4666666666666667,0.023333333333333317
TGT_LOW_SETTING,WIN-2eee7bc9f992a6457bf5,0.5,target,OR,skewness,0.4666666666666667,0.0
TGT_LOW_SETTING,WIN-2eee7bc9f992a6457bf5,0.5,target,OR,kurtosis,0.4666666666666667,0.013333333333333364
TGT_LOW_SETTING,WIN-2eee7bc9f992a6457bf5,0.5,target,OR,crest_factor,0.4666666666666667,-0.04712962962962963
TGT_LOW_SETTING,WIN-2eee7bc9f992a6457bf5,0.5,target,OR,impulse_factor,0.4666666666666667,-0.0033333333333332993
TGT_LOW_SETTING,WIN-2eee7bc9f992a6457bf5,0.5,target,OR,shape_factor,0.4666666666666667,-0.0033333333333332993
TGT_LOW_SETTING,WIN-2eee7bc9f992a6457bf5,0.5,target,OR,clearance_factor,0.4666666666666667,0.013484848484848544
TGT_LOW_SETTING,WIN-2eee7bc9f992a6457bf5,0.5,target,OR,zero_cross_rate,0.4666666666666667,-0.006666666666666654
TGT_LOW_SETTING,WIN-2eee7bc9f992a6457bf5,0.5,target,OR,spectral_centroid_hz,0.4666666666666667,0.003333333333333355
TGT_LOW_SETTING,WIN-2eee7bc9f992a6457bf5,0.5,target,OR,spectral_rms_hz,0.4666666666666667,0.010000000000000009
TGT_LOW_SETTING,WIN-2eee7bc9f992a6457bf5,0.5,target,OR,spectral_entropy,0.4666666666666667,-0.016666666666666663
TGT_LOW_SETTING,WIN-2eee7bc9f992a6457bf5,0.5,target,OR,spectral_flatness,0.4666666666666667,-0.006666666666666654
TGT_LOW_SETTING,WIN-2eee7bc9f992a6457bf5,0.5,target,OR,dominant_frequency_hz,0.4666666666666667,0.0
TGT_LOW_SETTING,WIN-2eee7bc9f992a6457bf5,0.5,target,OR,rolloff95_hz,0.4666666666666667,0.0
TGT_LOW_SETTING,WIN-2eee7bc9f992a6457bf5,0.5,target,OR,band_ratio_0_500,0.4666666666666667,0.053333333333333344
TGT_LOW_SETTING,WIN-2eee7bc9f992a6457bf5,0.5,target,OR,band_ratio_500_1500,0.4666666666666667,-0.010000000000000009
TGT_LOW_SETTING,WIN-2eee7bc9f992a6457bf5,0.5,target,OR,band_ratio_1500_3000,0.4666666666666667,0.0
TGT_LOW_SETTING,WIN-2eee7bc9f992a6457bf5,0.5,target,OR,band_ratio_3000_5500,0.4666666666666667,0.003333333333333355
TGT_LOW_SETTING,WIN-2eee7bc9f992a6457bf5,0.5,target,OR,envelope_rms,0.4666666666666667,0.12
TGT_LOW_SETTING,WIN-2eee7bc9f992a6457bf5,0.5,target,OR,envelope_kurtosis,0.4666666666666667,-0.004209129511677234
TGT_LOW_SETTING,WIN-2eee7bc9f992a6457bf5,0.5,target,OR,envelope_spectral_entropy,0.4666666666666667,-0.023333333333333317
TGT_LOW_SETTING,WIN-1d4bec60f7a389cbd66f,1.0,target,OR,mean,0.5333165229182733,-0.0033333333333334103
TGT_LOW_SETTING,WIN-1d4bec60f7a389cbd66f,1.0,target,OR,std,0.5333165229182733,0.03685185185185175
TGT_LOW_SETTING,WIN-1d4bec60f7a389cbd66f,1.0,target,OR,rms,0.5333165229182733,0.03999999999999998
TGT_LOW_SETTING,WIN-1d4bec60f7a389cbd66f,1.0,target,OR,mean_abs,0.5333165229182733,-0.005555555555555536
TGT_LOW_SETTING,WIN-1d4bec60f7a389cbd66f,1.0,target,OR,peak_abs,0.5333165229182733,0.013140151515151466
TGT_LOW_SETTING,WIN-1d4bec60f7a389cbd66f,1.0,target,OR,peak_to_peak,0.5333165229182733,0.02444444444444438
TGT_LOW_SETTING,WIN-1d4bec60f7a389cbd66f,1.0,target,OR,skewness,0.5333165229182733,0.0033333333333332993
TGT_LOW_SETTING,WIN-1d4bec60f7a389cbd66f,1.0,target,OR,kurtosis,0.5333165229182733,0.02985964912280692
TGT_LOW_SETTING,WIN-1d4bec60f7a389cbd66f,1.0,target,OR,crest_factor,0.5333165229182733,-0.010000000000000009
TGT_LOW_SETTING,WIN-1d4bec60f7a389cbd66f,1.0,target,OR,impulse_factor,0.5333165229182733,0.0
TGT_LOW_SETTING,WIN-1d4bec60f7a389cbd66f,1.0,target,OR,shape_factor,0.5333165229182733,0.003960506706408351
TGT_LOW_SETTING,WIN-1d4bec60f7a389cbd66f,1.0,target,OR,clearance_factor,0.5333165229182733,0.0
TGT_LOW_SETTING,WIN-1d4bec60f7a389cbd66f,1.0,target,OR,zero_cross_rate,0.5333165229182733,0.0
TGT_LOW_SETTING,WIN-1d4bec60f7a389cbd66f,1.0,target,OR,spectral_centroid_hz,0.5333165229182733,0.006666666666666599
TGT_LOW_SETTING,WIN-1d4bec60f7a389cbd66f,1.0,target,OR,spectral_rms_hz,0.5333165229182733,0.009999999999999898
TGT_LOW_SETTING,WIN-1d4bec60f7a389cbd66f,1.0,target,OR,spectral_entropy,0.5333165229182733,-0.01666666666666672
TGT_LOW_SETTING,WIN-1d4bec60f7a389cbd66f,1.0,target,OR,spectral_flatness,0.5333165229182733,-0.010000000000000009
TGT_LOW_SETTING,WIN-1d4bec60f7a389cbd66f,1.0,target,OR,dominant_frequency_hz,0.5333165229182733,0.0033333333333332993
TGT_LOW_SETTING,WIN-1d4bec60f7a389cbd66f,1.0,target,OR,rolloff95_hz,0.5333165229182733,0.00708333333333333
TGT_LOW_SETTING,WIN-1d4bec60f7a389cbd66f,1.0,target,OR,band_ratio_0_500,0.5333165229182733,0.0033333333333332993
TGT_LOW_SETTING,WIN-1d4bec60f7a389cbd66f,1.0,target,OR,band_ratio_500_1500,0.5333165229182733,-0.01661835748792273
TGT_LOW_SETTING,WIN-1d4bec60f7a389cbd66f,1.0,target,OR,band_ratio_1500_3000,0.5333165229182733,0.0014285714285714457
TGT_LOW_SETTING,WIN-1d4bec60f7a389cbd66f,1.0,target,OR,band_ratio_3000_5500,0.5333165229182733,0.004242424242424159
TGT_LOW_SETTING,WIN-1d4bec60f7a389cbd66f,1.0,target,OR,envelope_rms,0.5333165229182733,0.022535991140642198
TGT_LOW_SETTING,WIN-1d4bec60f7a389cbd66f,1.0,target,OR,envelope_kurtosis,0.5333165229182733,0.060248448678124344
TGT_LOW_SETTING,WIN-1d4bec60f7a389cbd66f,1.0,target,OR,envelope_spectral_entropy,0.5333165229182733,0.000959595959595938
TGT_LOW_SETTING,WIN-6d16a9de444e2cb28c22,1.5,target,OR,mean,0.41,0.0
TGT_LOW_SETTING,WIN-6d16a9de444e2cb28c22,1.5,target,OR,std,0.41,0.10666666666666663
TGT_LOW_SETTING,WIN-6d16a9de444e2cb28c22,1.5,target,OR,rms,0.41,0.08999999999999997
TGT_LOW_SETTING,WIN-6d16a9de444e2cb28c22,1.5,target,OR,mean_abs,0.41,-0.00666666666666671
TGT_LOW_SETTING,WIN-6d16a9de444e2cb28c22,1.5,target,OR,peak_abs,0.41,-0.013333333333333364
TGT_LOW_SETTING,WIN-6d16a9de444e2cb28c22,1.5,target,OR,peak_to_peak,0.41,0.019999999999999962
TGT_LOW_SETTING,WIN-6d16a9de444e2cb28c22,1.5,target,OR,skewness,0.41,0.006666666666666654
TGT_LOW_SETTING,WIN-6d16a9de444e2cb28c22,1.5,target,OR,kurtosis,0.41,0.0
TGT_LOW_SETTING,WIN-6d16a9de444e2cb28c22,1.5,target,OR,crest_factor,0.41,-0.060462962962962996
TGT_LOW_SETTING,WIN-6d16a9de444e2cb28c22,1.5,target,OR,impulse_factor,0.41,-0.010000000000000009
TGT_LOW_SETTING,WIN-6d16a9de444e2cb28c22,1.5,target,OR,shape_factor,0.41,-0.00666666666666671
TGT_LOW_SETTING,WIN-6d16a9de444e2cb28c22,1.5,target,OR,clearance_factor,0.41,0.016818181818181788
TGT_LOW_SETTING,WIN-6d16a9de444e2cb28c22,1.5,target,OR,zero_cross_rate,0.41,0.0033333333333332993
TGT_LOW_SETTING,WIN-6d16a9de444e2cb28c22,1.5,target,OR,spectral_centroid_hz,0.41,0.009999999999999953
TGT_LOW_SETTING,WIN-6d16a9de444e2cb28c22,1.5,target,OR,spectral_rms_hz,0.41,0.009999999999999953
TGT_LOW_SETTING,WIN-6d16a9de444e2cb28c22,1.5,target,OR,spectral_entropy,0.41,-0.010000000000000009
TGT_LOW_SETTING,WIN-6d16a9de444e2cb28c22,1.5,target,OR,spectral_flatness,0.41,-0.00666666666666671
TGT_LOW_SETTING,WIN-6d16a9de444e2cb28c22,1.5,target,OR,dominant_frequency_hz,0.41,0.0
TGT_LOW_SETTING,WIN-6d16a9de444e2cb28c22,1.5,target,OR,rolloff95_hz,0.41,0.0
TGT_LOW_SETTING,WIN-6d16a9de444e2cb28c22,1.5,target,OR,band_ratio_0_500,0.41,0.0033333333333332993
TGT_LOW_SETTING,WIN-6d16a9de444e2cb28c22,1.5,target,OR,band_ratio_500_1500,0.41,-0.020000000000000018
TGT_LOW_SETTING,WIN-6d16a9de444e2cb28c22,1.5,target,OR,band_ratio_1500_3000,0.41,0.0033333333333332993
TGT_LOW_SETTING,WIN-6d16a9de444e2cb28c22,1.5,target,OR,band_ratio_3000_5500,0.41,0.0033333333333332993
TGT_LOW_SETTING,WIN-6d16a9de444e2cb28c22,1.5,target,OR,envelope_rms,0.41,0.09999999999999998
TGT_LOW_SETTING,WIN-6d16a9de444e2cb28c22,1.5,target,OR,envelope_kurtosis,0.41,0.0024575371549893643
TGT_LOW_SETTING,WIN-6d16a9de444e2cb28c22,1.5,target,OR,envelope_spectral_entropy,0.41,-0.01666666666666672
TGT_LOW_SETTING,WIN-b445f79e29010ffc69ea,2.0,target,OR,mean,0.41,0.0
TGT_LOW_SETTING,WIN-b445f79e29010ffc69ea,2.0,target,OR,std,0.41,0.10666666666666663
TGT_LOW_SETTING,WIN-b445f79e29010ffc69ea,2.0,target,OR,rms,0.41,0.08999999999999997
TGT_LOW_SETTING,WIN-b445f79e29010ffc69ea,2.0,target,OR,mean_abs,0.41,-0.00666666666666671
TGT_LOW_SETTING,WIN-b445f79e29010ffc69ea,2.0,target,OR,peak_abs,0.41,-0.013333333333333364
TGT_LOW_SETTING,WIN-b445f79e29010ffc69ea,2.0,target,OR,peak_to_peak,0.41,0.019999999999999962
TGT_LOW_SETTING,WIN-b445f79e29010ffc69ea,2.0,target,OR,skewness,0.41,0.006666666666666654
TGT_LOW_SETTING,WIN-b445f79e29010ffc69ea,2.0,target,OR,kurtosis,0.41,0.0
TGT_LOW_SETTING,WIN-b445f79e29010ffc69ea,2.0,target,OR,crest_factor,0.41,-0.06712962962962965
TGT_LOW_SETTING,WIN-b445f79e29010ffc69ea,2.0,target,OR,impulse_factor,0.41,-0.013333333333333364
TGT_LOW_SETTING,WIN-b445f79e29010ffc69ea,2.0,target,OR,shape_factor,0.41,-0.010000000000000009
TGT_LOW_SETTING,WIN-b445f79e29010ffc69ea,2.0,target,OR,clearance_factor,0.41,0.016818181818181788
TGT_LOW_SETTING,WIN-b445f79e29010ffc69ea,2.0,target,OR,zero_cross_rate,0.41,0.0033333333333332993
TGT_LOW_SETTING,WIN-b445f79e29010ffc69ea,2.0,target,OR,spectral_centroid_hz,0.41,0.009999999999999953
TGT_LOW_SETTING,WIN-b445f79e29010ffc69ea,2.0,target,OR,spectral_rms_hz,0.41,0.009999999999999953
TGT_LOW_SETTING,WIN-b445f79e29010ffc69ea,2.0,target,OR,spectral_entropy,0.41,-0.010000000000000009
TGT_LOW_SETTING,WIN-b445f79e29010ffc69ea,2.0,target,OR,spectral_flatness,0.41,-0.00666666666666671
TGT_LOW_SETTING,WIN-b445f79e29010ffc69ea,2.0,target,OR,dominant_frequency_hz,0.41,0.0
TGT_LOW_SETTING,WIN-b445f79e29010ffc69ea,2.0,target,OR,rolloff95_hz,0.41,0.0
TGT_LOW_SETTING,WIN-b445f79e29010ffc69ea,2.0,target,OR,band_ratio_0_500,0.41,0.0033333333333332993
TGT_LOW_SETTING,WIN-b445f79e29010ffc69ea,2.0,target,OR,band_ratio_500_1500,0.41,-0.020000000000000018
TGT_LOW_SETTING,WIN-b445f79e29010ffc69ea,2.0,target,OR,band_ratio_1500_3000,0.41,0.0033333333333332993
TGT_LOW_SETTING,WIN-b445f79e29010ffc69ea,2.0,target,OR,band_ratio_3000_5500,0.41,0.0033333333333332993
TGT_LOW_SETTING,WIN-b445f79e29010ffc69ea,2.0,target,OR,envelope_rms,0.41,0.09999999999999998
TGT_LOW_SETTING,WIN-b445f79e29010ffc69ea,2.0,target,OR,envelope_kurtosis,0.41,0.0024575371549893643
TGT_LOW_SETTING,WIN-b445f79e29010ffc69ea,2.0,target,OR,envelope_spectral_entropy,0.41,-0.01666666666666672
TGT_LOW_SETTING,WIN-0416bab4dc33c42cb4c2,2.5,target,OR,mean,0.6722381179446254,-0.0092592592592593
TGT_LOW_SETTING,WIN-0416bab4dc33c42cb4c2,2.5,target,OR,std,0.6722381179446254,0.016851851851851785
TGT_LOW_SETTING,WIN-0416bab4dc33c42cb4c2,2.5,target,OR,rms,0.6722381179446254,0.007187943262411345
TGT_LOW_SETTING,WIN-0416bab4dc33c42cb4c2,2.5,target,OR,mean_abs,0.6722381179446254,-0.01666666666666672
TGT_LOW_SETTING,WIN-0416bab4dc33c42cb4c2,2.5,target,OR,peak_abs,0.6722381179446254,0.0033333333333332993
TGT_LOW_SETTING,WIN-0416bab4dc33c42cb4c2,2.5,target,OR,peak_to_peak,0.6722381179446254,0.01111111111111096
TGT_LOW_SETTING,WIN-0416bab4dc33c42cb4c2,2.5,target,OR,skewness,0.6722381179446254,-0.0033333333333334103
TGT_LOW_SETTING,WIN-0416bab4dc33c42cb4c2,2.5,target,OR,kurtosis,0.6722381179446254,0.028788220551378196
TGT_LOW_SETTING,WIN-0416bab4dc33c42cb4c2,2.5,target,OR,crest_factor,0.6722381179446254,0.020915150969745944
TGT_LOW_SETTING,WIN-0416bab4dc33c42cb4c2,2.5,target,OR,impulse_factor,0.6722381179446254,0.05358669108669101
TGT_LOW_SETTING,WIN-0416bab4dc33c42cb4c2,2.5,target,OR,shape_factor,0.6722381179446254,0.013877327980372334
TGT_LOW_SETTING,WIN-0416bab4dc33c42cb4c2,2.5,target,OR,clearance_factor,0.6722381179446254,0.07141173104584009
TGT_LOW_SETTING,WIN-0416bab4dc33c42cb4c2,2.5,target,OR,zero_cross_rate,0.6722381179446254,-0.0033333333333334103
TGT_LOW_SETTING,WIN-0416bab4dc33c42cb4c2,2.5,target,OR,spectral_centroid_hz,0.6722381179446254,0.0
TGT_LOW_SETTING,WIN-0416bab4dc33c42cb4c2,2.5,target,OR,spectral_rms_hz,0.6722381179446254,0.023333333333333206
TGT_LOW_SETTING,WIN-0416bab4dc33c42cb4c2,2.5,target,OR,spectral_entropy,0.6722381179446254,-0.0033333333333334103
TGT_LOW_SETTING,WIN-0416bab4dc33c42cb4c2,2.5,target,OR,spectral_flatness,0.6722381179446254,-0.023333333333333317
TGT_LOW_SETTING,WIN-0416bab4dc33c42cb4c2,2.5,target,OR,dominant_frequency_hz,0.6722381179446254,0.0
TGT_LOW_SETTING,WIN-0416bab4dc33c42cb4c2,2.5,target,OR,rolloff95_hz,0.6722381179446254,-0.0033333333333334103
TGT_LOW_SETTING,WIN-0416bab4dc33c42cb4c2,2.5,target,OR,band_ratio_0_500,0.6722381179446254,0.00042735042735042583
TGT_LOW_SETTING,WIN-0416bab4dc33c42cb4c2,2.5,target,OR,band_ratio_500_1500,0.6722381179446254,-0.06939613526570054
TGT_LOW_SETTING,WIN-0416bab4dc33c42cb4c2,2.5,target,OR,band_ratio_1500_3000,0.6722381179446254,0.009999999999999898
TGT_LOW_SETTING,WIN-0416bab4dc33c42cb4c2,2.5,target,OR,band_ratio_3000_5500,0.6722381179446254,-0.027326137630485636
TGT_LOW_SETTING,WIN-0416bab4dc33c42cb4c2,2.5,target,OR,envelope_rms,0.6722381179446254,0.019523809523809388
TGT_LOW_SETTING,WIN-0416bab4dc33c42cb4c2,2.5,target,OR,envelope_kurtosis,0.6722381179446254,0.05745838180774643
TGT_LOW_SETTING,WIN-0416bab4dc33c42cb4c2,2.5,target,OR,envelope_spectral_entropy,0.6722381179446254,0.006515151515151474
TGT_LOW_SETTING,WIN-88eb1ef3da16e7d6fd5f,3.0,target,OR,mean,0.6882381179446255,-0.00592592592592589
TGT_LOW_SETTING,WIN-88eb1ef3da16e7d6fd5f,3.0,target,OR,std,0.6882381179446255,0.016851851851851896
TGT_LOW_SETTING,WIN-88eb1ef3da16e7d6fd5f,3.0,target,OR,rms,0.6882381179446255,0.017187943262411354
TGT_LOW_SETTING,WIN-88eb1ef3da16e7d6fd5f,3.0,target,OR,mean_abs,0.6882381179446255,-0.016666666666666607
TGT_LOW_SETTING,WIN-88eb1ef3da16e7d6fd5f,3.0,target,OR,peak_abs,0.6882381179446255,0.0033333333333334103
TGT_LOW_SETTING,WIN-88eb1ef3da16e7d6fd5f,3.0,target,OR,peak_to_peak,0.6882381179446255,0.007777777777777772
TGT_LOW_SETTING,WIN-88eb1ef3da16e7d6fd5f,3.0,target,OR,skewness,0.6882381179446255,-0.0033333333333332993
TGT_LOW_SETTING,WIN-88eb1ef3da16e7d6fd5f,3.0,target,OR,kurtosis,0.6882381179446255,0.045454887218045026
TGT_LOW_SETTING,WIN-88eb1ef3da16e7d6fd5f,3.0,target,OR,crest_factor,0.6882381179446255,0.0232228432774384
TGT_LOW_SETTING,WIN-88eb1ef3da16e7d6fd5f,3.0,target,OR,impulse_factor,0.6882381179446255,0.066885660158856
TGT_LOW_SETTING,WIN-88eb1ef3da16e7d6fd5f,3.0,target,OR,shape_factor,0.6882381179446255,0.01654399464703915
TGT_LOW_SETTING,WIN-88eb1ef3da16e7d6fd5f,3.0,target,OR,clearance_factor,0.6882381179446255,0.0780783977125068
TGT_LOW_SETTING,WIN-88eb1ef3da16e7d6fd5f,3.0,target,OR,zero_cross_rate,0.6882381179446255,-0.0033333333333332993
TGT_LOW_SETTING,WIN-88eb1ef3da16e7d6fd5f,3.0,target,OR,spectral_centroid_hz,0.6882381179446255,0.0
TGT_LOW_SETTING,WIN-88eb1ef3da16e7d6fd5f,3.0,target,OR,spectral_rms_hz,0.6882381179446255,0.016666666666666607
TGT_LOW_SETTING,WIN-88eb1ef3da16e7d6fd5f,3.0,target,OR,spectral_entropy,0.6882381179446255,-0.009878048780487814
TGT_LOW_SETTING,WIN-88eb1ef3da16e7d6fd5f,3.0,target,OR,spectral_flatness,0.6882381179446255,-0.016666666666666607
TGT_LOW_SETTING,WIN-88eb1ef3da16e7d6fd5f,3.0,target,OR,dominant_frequency_hz,0.6882381179446255,0.0
TGT_LOW_SETTING,WIN-88eb1ef3da16e7d6fd5f,3.0,target,OR,rolloff95_hz,0.6882381179446255,-0.00316666666666654
TGT_LOW_SETTING,WIN-88eb1ef3da16e7d6fd5f,3.0,target,OR,band_ratio_0_500,0.6882381179446255,-0.0029059829059828735
TGT_LOW_SETTING,WIN-88eb1ef3da16e7d6fd5f,3.0,target,OR,band_ratio_500_1500,0.6882381179446255,-0.06600432240020337
TGT_LOW_SETTING,WIN-88eb1ef3da16e7d6fd5f,3.0,target,OR,band_ratio_1500_3000,0.6882381179446255,0.010000000000000009
TGT_LOW_SETTING,WIN-88eb1ef3da16e7d6fd5f,3.0,target,OR,band_ratio_3000_5500,0.6882381179446255,-0.03799280429715224
TGT_LOW_SETTING,WIN-88eb1ef3da16e7d6fd5f,3.0,target,OR,envelope_rms,0.6882381179446255,0.006345514950166109
TGT_LOW_SETTING,WIN-88eb1ef3da16e7d6fd5f,3.0,target,OR,envelope_kurtosis,0.6882381179446255,0.05745838180774654
TGT_LOW_SETTING,WIN-88eb1ef3da16e7d6fd5f,3.0,target,OR,envelope_spectral_entropy,0.6882381179446255,0.013181818181818183
TGT_LOW_SETTING,WIN-6ae521da620db7e8b18c,3.5,target,OR,mean,0.6788610135675212,-0.005303030303030254
TGT_LOW_SETTING,WIN-6ae521da620db7e8b18c,3.5,target,OR,std,0.6788610135675212,0.016851851851851896
TGT_LOW_SETTING,WIN-6ae521da620db7e8b18c,3.5,target,OR,rms,0.6788610135675212,0.017187943262411465
TGT_LOW_SETTING,WIN-6ae521da620db7e8b18c,3.5,target,OR,mean_abs,0.6788610135675212,-0.016000000000000014
TGT_LOW_SETTING,WIN-6ae521da620db7e8b18c,3.5,target,OR,peak_abs,0.6788610135675212,0.009939393939394026
TGT_LOW_SETTING,WIN-6ae521da620db7e8b18c,3.5,target,OR,peak_to_peak,0.6788610135675212,0.011111111111111183
TGT_LOW_SETTING,WIN-6ae521da620db7e8b18c,3.5,target,OR,skewness,0.6788610135675212,-0.0033333333333332993
TGT_LOW_SETTING,WIN-6ae521da620db7e8b18c,3.5,target,OR,kurtosis,0.6788610135675212,0.03712155388471183
TGT_LOW_SETTING,WIN-6ae521da620db7e8b18c,3.5,target,OR,crest_factor,0.6788610135675212,0.01655617661077169
TGT_LOW_SETTING,WIN-6ae521da620db7e8b18c,3.5,target,OR,impulse_factor,0.6788610135675212,0.05688566015885599
TGT_LOW_SETTING,WIN-6ae521da620db7e8b18c,3.5,target,OR,shape_factor,0.6788610135675212,0.0062409643440088924
TGT_LOW_SETTING,WIN-6ae521da620db7e8b18c,3.5,target,OR,clearance_factor,0.6788610135675212,0.06703462666873572
TGT_LOW_SETTING,WIN-6ae521da620db7e8b18c,3.5,target,OR,zero_cross_rate,0.6788610135675212,-0.0033333333333332993
TGT_LOW_SETTING,WIN-6ae521da620db7e8b18c,3.5,target,OR,spectral_centroid_hz,0.6788610135675212,0.0
TGT_LOW_SETTING,WIN-6ae521da620db7e8b18c,3.5,target,OR,spectral_rms_hz,0.6788610135675212,0.020000000000000018
TGT_LOW_SETTING,WIN-6ae521da620db7e8b18c,3.5,target,OR,spectral_entropy,0.6788610135675212,-0.00666666666666671
TGT_LOW_SETTING,WIN-6ae521da620db7e8b18c,3.5,target,OR,spectral_flatness,0.6788610135675212,-0.01666666666666672
TGT_LOW_SETTING,WIN-6ae521da620db7e8b18c,3.5,target,OR,dominant_frequency_hz,0.6788610135675212,0.0
TGT_LOW_SETTING,WIN-6ae521da620db7e8b18c,3.5,target,OR,rolloff95_hz,0.6788610135675212,0.0
TGT_LOW_SETTING,WIN-6ae521da620db7e8b18c,3.5,target,OR,band_ratio_0_500,0.6788610135675212,0.003760683760683836
TGT_LOW_SETTING,WIN-6ae521da620db7e8b18c,3.5,target,OR,band_ratio_500_1500,0.6788610135675212,-0.06143317230273748
TGT_LOW_SETTING,WIN-6ae521da620db7e8b18c,3.5,target,OR,band_ratio_1500_3000,0.6788610135675212,0.008095238095238155
TGT_LOW_SETTING,WIN-6ae521da620db7e8b18c,3.5,target,OR,band_ratio_3000_5500,0.6788610135675212,-0.02547677865612652
TGT_LOW_SETTING,WIN-6ae521da620db7e8b18c,3.5,target,OR,envelope_rms,0.6788610135675212,0.0161904761904762
TGT_LOW_SETTING,WIN-6ae521da620db7e8b18c,3.5,target,OR,envelope_kurtosis,0.6788610135675212,0.06745838180774644
TGT_LOW_SETTING,WIN-6ae521da620db7e8b18c,3.5,target,OR,envelope_spectral_entropy,0.6788610135675212,0.006515151515151474
TGT_LOW_SETTING,WIN-4beaf8468c00bb63a8ef,4.0,target,OR,mean,0.6756680311113809,-0.008496012759170557
TGT_LOW_SETTING,WIN-4beaf8468c00bb63a8ef,4.0,target,OR,std,0.6756680311113809,0.016851851851851896
TGT_LOW_SETTING,WIN-4beaf8468c00bb63a8ef,4.0,target,OR,rms,0.6756680311113809,0.013500000000000068
TGT_LOW_SETTING,WIN-4beaf8468c00bb63a8ef,4.0,target,OR,mean_abs,0.6756680311113809,-0.016000000000000014
TGT_LOW_SETTING,WIN-4beaf8468c00bb63a8ef,4.0,target,OR,peak_abs,0.6756680311113809,0.009939393939394026
TGT_LOW_SETTING,WIN-4beaf8468c00bb63a8ef,4.0,target,OR,peak_to_peak,0.6756680311113809,0.011111111111111183
TGT_LOW_SETTING,WIN-4beaf8468c00bb63a8ef,4.0,target,OR,skewness,0.6756680311113809,-0.0033333333333332993
TGT_LOW_SETTING,WIN-4beaf8468c00bb63a8ef,4.0,target,OR,kurtosis,0.6756680311113809,0.03059523809523812
TGT_LOW_SETTING,WIN-4beaf8468c00bb63a8ef,4.0,target,OR,crest_factor,0.6756680311113809,0.01655617661077169
TGT_LOW_SETTING,WIN-4beaf8468c00bb63a8ef,4.0,target,OR,impulse_factor,0.6756680311113809,0.0602189934921894
TGT_LOW_SETTING,WIN-4beaf8468c00bb63a8ef,4.0,target,OR,shape_factor,0.6756680311113809,0.0062409643440088924
TGT_LOW_SETTING,WIN-4beaf8468c00bb63a8ef,4.0,target,OR,clearance_factor,0.6756680311113809,0.06703462666873572
TGT_LOW_SETTING,WIN-4beaf8468c00bb63a8ef,4.0,target,OR,zero_cross_rate,0.6756680311113809,-0.0033333333333332993
TGT_LOW_SETTING,WIN-4beaf8468c00bb63a8ef,4.0,target,OR,spectral_centroid_hz,0.6756680311113809,0.0
TGT_LOW_SETTING,WIN-4beaf8468c00bb63a8ef,4.0,target,OR,spectral_rms_hz,0.6756680311113809,0.016666666666666607
TGT_LOW_SETTING,WIN-4beaf8468c00bb63a8ef,4.0,target,OR,spectral_entropy,0.6756680311113809,-0.00666666666666671
TGT_LOW_SETTING,WIN-4beaf8468c00bb63a8ef,4.0,target,OR,spectral_flatness,0.6756680311113809,-0.01666666666666672
TGT_LOW_SETTING,WIN-4beaf8468c00bb63a8ef,4.0,target,OR,dominant_frequency_hz,0.6756680311113809,0.0
TGT_LOW_SETTING,WIN-4beaf8468c00bb63a8ef,4.0,target,OR,rolloff95_hz,0.6756680311113809,0.0
TGT_LOW_SETTING,WIN-4beaf8468c00bb63a8ef,4.0,target,OR,band_ratio_0_500,0.6756680311113809,0.003760683760683836
TGT_LOW_SETTING,WIN-4beaf8468c00bb63a8ef,4.0,target,OR,band_ratio_500_1500,0.6756680311113809,-0.06143317230273748
TGT_LOW_SETTING,WIN-4beaf8468c00bb63a8ef,4.0,target,OR,band_ratio_1500_3000,0.6756680311113809,0.008095238095238155
TGT_LOW_SETTING,WIN-4beaf8468c00bb63a8ef,4.0,target,OR,band_ratio_3000_5500,0.6756680311113809,-0.02547677865612652
TGT_LOW_SETTING,WIN-4beaf8468c00bb63a8ef,4.0,target,OR,envelope_rms,0.6756680311113809,0.0161904761904762
TGT_LOW_SETTING,WIN-4beaf8468c00bb63a8ef,4.0,target,OR,envelope_kurtosis,0.6756680311113809,0.06537651046271731
TGT_LOW_SETTING,WIN-4beaf8468c00bb63a8ef,4.0,target,OR,envelope_spectral_entropy,0.6756680311113809,0.006515151515151474
TGT_LOW_SETTING,WIN-f7841712081a0157c586,4.5,target,OR,mean,0.41,0.0
TGT_LOW_SETTING,WIN-f7841712081a0157c586,4.5,target,OR,std,0.41,0.10666666666666663
TGT_LOW_SETTING,WIN-f7841712081a0157c586,4.5,target,OR,rms,0.41,0.08999999999999997
TGT_LOW_SETTING,WIN-f7841712081a0157c586,4.5,target,OR,mean_abs,0.41,0.0
TGT_LOW_SETTING,WIN-f7841712081a0157c586,4.5,target,OR,peak_abs,0.41,-0.013333333333333364
TGT_LOW_SETTING,WIN-f7841712081a0157c586,4.5,target,OR,peak_to_peak,0.41,0.019999999999999962
TGT_LOW_SETTING,WIN-f7841712081a0157c586,4.5,target,OR,skewness,0.41,0.006666666666666654
TGT_LOW_SETTING,WIN-f7841712081a0157c586,4.5,target,OR,kurtosis,0.41,0.0
TGT_LOW_SETTING,WIN-f7841712081a0157c586,4.5,target,OR,crest_factor,0.41,-0.0637962962962963
TGT_LOW_SETTING,WIN-f7841712081a0157c586,4.5,target,OR,impulse_factor,0.41,-0.013333333333333364
TGT_LOW_SETTING,WIN-f7841712081a0157c586,4.5,target,OR,shape_factor,0.41,-0.00666666666666671
TGT_LOW_SETTING,WIN-f7841712081a0157c586,4.5,target,OR,clearance_factor,0.41,0.016818181818181788
TGT_LOW_SETTING,WIN-f7841712081a0157c586,4.5,target,OR,zero_cross_rate,0.41,0.0033333333333332993
TGT_LOW_SETTING,WIN-f7841712081a0157c586,4.5,target,OR,spectral_centroid_hz,0.41,0.009999999999999953
TGT_LOW_SETTING,WIN-f7841712081a0157c586,4.5,target,OR,spectral_rms_hz,0.41,0.009999999999999953
TGT_LOW_SETTING,WIN-f7841712081a0157c586,4.5,target,OR,spectral_entropy,0.41,-0.010000000000000009
TGT_LOW_SETTING,WIN-f7841712081a0157c586,4.5,target,OR,spectral_flatness,0.41,-0.00666666666666671
TGT_LOW_SETTING,WIN-f7841712081a0157c586,4.5,target,OR,dominant_frequency_hz,0.41,0.0
TGT_LOW_SETTING,WIN-f7841712081a0157c586,4.5,target,OR,rolloff95_hz,0.41,0.0
TGT_LOW_SETTING,WIN-f7841712081a0157c586,4.5,target,OR,band_ratio_0_500,0.41,0.0033333333333332993
TGT_LOW_SETTING,WIN-f7841712081a0157c586,4.5,target,OR,band_ratio_500_1500,0.41,-0.020000000000000018
TGT_LOW_SETTING,WIN-f7841712081a0157c586,4.5,target,OR,band_ratio_1500_3000,0.41,0.0033333333333332993
TGT_LOW_SETTING,WIN-f7841712081a0157c586,4.5,target,OR,band_ratio_3000_5500,0.41,0.0033333333333332993
TGT_LOW_SETTING,WIN-f7841712081a0157c586,4.5,target,OR,envelope_rms,0.41,0.09999999999999998
TGT_LOW_SETTING,WIN-f7841712081a0157c586,4.5,target,OR,envelope_kurtosis,0.41,0.0024575371549893643
TGT_LOW_SETTING,WIN-f7841712081a0157c586,4.5,target,OR,envelope_spectral_entropy,0.41,-0.01666666666666672
TGT_LOW_SETTING,WIN-de34c22ec8935a2dcaaa,5.0,target,OR,mean,0.41,0.0
TGT_LOW_SETTING,WIN-de34c22ec8935a2dcaaa,5.0,target,OR,std,0.41,0.10666666666666663
TGT_LOW_SETTING,WIN-de34c22ec8935a2dcaaa,5.0,target,OR,rms,0.41,0.08999999999999997
TGT_LOW_SETTING,WIN-de34c22ec8935a2dcaaa,5.0,target,OR,mean_abs,0.41,0.0
TGT_LOW_SETTING,WIN-de34c22ec8935a2dcaaa,5.0,target,OR,peak_abs,0.41,-0.013333333333333364
TGT_LOW_SETTING,WIN-de34c22ec8935a2dcaaa,5.0,target,OR,peak_to_peak,0.41,0.019999999999999962
TGT_LOW_SETTING,WIN-de34c22ec8935a2dcaaa,5.0,target,OR,skewness,0.41,0.006666666666666654
TGT_LOW_SETTING,WIN-de34c22ec8935a2dcaaa,5.0,target,OR,kurtosis,0.41,0.0
TGT_LOW_SETTING,WIN-de34c22ec8935a2dcaaa,5.0,target,OR,crest_factor,0.41,-0.07046296296296295
TGT_LOW_SETTING,WIN-de34c22ec8935a2dcaaa,5.0,target,OR,impulse_factor,0.41,-0.013333333333333364
TGT_LOW_SETTING,WIN-de34c22ec8935a2dcaaa,5.0,target,OR,shape_factor,0.41,-0.010000000000000009
TGT_LOW_SETTING,WIN-de34c22ec8935a2dcaaa,5.0,target,OR,clearance_factor,0.41,0.016818181818181788
TGT_LOW_SETTING,WIN-de34c22ec8935a2dcaaa,5.0,target,OR,zero_cross_rate,0.41,0.0033333333333332993
TGT_LOW_SETTING,WIN-de34c22ec8935a2dcaaa,5.0,target,OR,spectral_centroid_hz,0.41,0.009999999999999953
TGT_LOW_SETTING,WIN-de34c22ec8935a2dcaaa,5.0,target,OR,spectral_rms_hz,0.41,0.009999999999999953
TGT_LOW_SETTING,WIN-de34c22ec8935a2dcaaa,5.0,target,OR,spectral_entropy,0.41,-0.00666666666666671
TGT_LOW_SETTING,WIN-de34c22ec8935a2dcaaa,5.0,target,OR,spectral_flatness,0.41,-0.00666666666666671
TGT_LOW_SETTING,WIN-de34c22ec8935a2dcaaa,5.0,target,OR,dominant_frequency_hz,0.41,0.0
TGT_LOW_SETTING,WIN-de34c22ec8935a2dcaaa,5.0,target,OR,rolloff95_hz,0.41,0.0
TGT_LOW_SETTING,WIN-de34c22ec8935a2dcaaa,5.0,target,OR,band_ratio_0_500,0.41,0.0033333333333332993
TGT_LOW_SETTING,WIN-de34c22ec8935a2dcaaa,5.0,target,OR,band_ratio_500_1500,0.41,-0.020000000000000018
TGT_LOW_SETTING,WIN-de34c22ec8935a2dcaaa,5.0,target,OR,band_ratio_1500_3000,0.41,0.0033333333333332993
TGT_LOW_SETTING,WIN-de34c22ec8935a2dcaaa,5.0,target,OR,band_ratio_3000_5500,0.41,0.0033333333333332993
TGT_LOW_SETTING,WIN-de34c22ec8935a2dcaaa,5.0,target,OR,envelope_rms,0.41,0.09999999999999998
TGT_LOW_SETTING,WIN-de34c22ec8935a2dcaaa,5.0,target,OR,envelope_kurtosis,0.41,-0.000875796178343935
TGT_LOW_SETTING,WIN-de34c22ec8935a2dcaaa,5.0,target,OR,envelope_spectral_entropy,0.41,-0.01666666666666672
TGT_LOW_SETTING,WIN-a83d2708ffa269b4ff14,5.5,target,OR,mean,0.5865857536875041,-0.006666666666666599
TGT_LOW_SETTING,WIN-a83d2708ffa269b4ff14,5.5,target,OR,std,0.5865857536875041,0.030185185185185204
TGT_LOW_SETTING,WIN-a83d2708ffa269b4ff14,5.5,target,OR,rms,0.5865857536875041,0.026833333333333376
TGT_LOW_SETTING,WIN-a83d2708ffa269b4ff14,5.5,target,OR,mean_abs,0.5865857536875041,-0.011555555555555541
TGT_LOW_SETTING,WIN-a83d2708ffa269b4ff14,5.5,target,OR,peak_abs,0.5865857536875041,0.006473484848484867
TGT_LOW_SETTING,WIN-a83d2708ffa269b4ff14,5.5,target,OR,peak_to_peak,0.5865857536875041,0.017777777777777892
TGT_LOW_SETTING,WIN-a83d2708ffa269b4ff14,5.5,target,OR,skewness,0.5865857536875041,0.0
TGT_LOW_SETTING,WIN-a83d2708ffa269b4ff14,5.5,target,OR,kurtosis,0.5865857536875041,0.03652631578947374
TGT_LOW_SETTING,WIN-a83d2708ffa269b4ff14,5.5,target,OR,crest_factor,0.5865857536875041,0.010000000000000009
TGT_LOW_SETTING,WIN-a83d2708ffa269b4ff14,5.5,target,OR,impulse_factor,0.5865857536875041,0.01993589743589752
TGT_LOW_SETTING,WIN-a83d2708ffa269b4ff14,5.5,target,OR,shape_factor,0.5865857536875041,0.01062717337307506
TGT_LOW_SETTING,WIN-a83d2708ffa269b4ff14,5.5,target,OR,clearance_factor,0.5865857536875041,0.026666666666666727
TGT_LOW_SETTING,WIN-a83d2708ffa269b4ff14,5.5,target,OR,zero_cross_rate,0.5865857536875041,-0.0033333333333332993
TGT_LOW_SETTING,WIN-a83d2708ffa269b4ff14,5.5,target,OR,spectral_centroid_hz,0.5865857536875041,0.0033333333333334103
TGT_LOW_SETTING,WIN-a83d2708ffa269b4ff14,5.5,target,OR,spectral_rms_hz,0.5865857536875041,0.01666666666666672
TGT_LOW_SETTING,WIN-a83d2708ffa269b4ff14,5.5,target,OR,spectral_entropy,0.5865857536875041,-0.013333333333333308
TGT_LOW_SETTING,WIN-a83d2708ffa269b4ff14,5.5,target,OR,spectral_flatness,0.5865857536875041,-0.019999999999999907
TGT_LOW_SETTING,WIN-a83d2708ffa269b4ff14,5.5,target,OR,dominant_frequency_hz,0.5865857536875041,0.0033333333333334103
TGT_LOW_SETTING,WIN-a83d2708ffa269b4ff14,5.5,target,OR,rolloff95_hz,0.5865857536875041,0.004166666666666763
TGT_LOW_SETTING,WIN-a83d2708ffa269b4ff14,5.5,target,OR,band_ratio_0_500,0.5865857536875041,0.010000000000000009
TGT_LOW_SETTING,WIN-a83d2708ffa269b4ff14,5.5,target,OR,band_ratio_500_1500,0.5865857536875041,-0.03328502415458934
TGT_LOW_SETTING,WIN-a83d2708ffa269b4ff14,5.5,target,OR,band_ratio_1500_3000,0.5865857536875041,0.0014285714285715567
TGT_LOW_SETTING,WIN-a83d2708ffa269b4ff14,5.5,target,OR,band_ratio_3000_5500,0.5865857536875041,-0.009018445322793056
TGT_LOW_SETTING,WIN-a83d2708ffa269b4ff14,5.5,target,OR,envelope_rms,0.5865857536875041,0.02571428571428591
TGT_LOW_SETTING,WIN-a83d2708ffa269b4ff14,5.5,target,OR,envelope_kurtosis,0.5865857536875041,0.06018434611402179
TGT_LOW_SETTING,WIN-a83d2708ffa269b4ff14,5.5,target,OR,envelope_spectral_entropy,0.5865857536875041,0.020959595959596067
TGT_LOW_SETTING,WIN-a254a630dc6b707787c1,6.0,target,OR,mean,0.42333333333333334,0.0
TGT_LOW_SETTING,WIN-a254a630dc6b707787c1,6.0,target,OR,std,0.42333333333333334,0.10999999999999999
TGT_LOW_SETTING,WIN-a254a630dc6b707787c1,6.0,target,OR,rms,0.42333333333333334,0.09000000000000002
TGT_LOW_SETTING,WIN-a254a630dc6b707787c1,6.0,target,OR,mean_abs,0.42333333333333334,-0.003333333333333355
TGT_LOW_SETTING,WIN-a254a630dc6b707787c1,6.0,target,OR,peak_abs,0.42333333333333334,-0.010000000000000009
TGT_LOW_SETTING,WIN-a254a630dc6b707787c1,6.0,target,OR,peak_to_peak,0.42333333333333334,0.023333333333333317
TGT_LOW_SETTING,WIN-a254a630dc6b707787c1,6.0,target,OR,skewness,0.42333333333333334,0.0
TGT_LOW_SETTING,WIN-a254a630dc6b707787c1,6.0,target,OR,kurtosis,0.42333333333333334,0.013333333333333364
TGT_LOW_SETTING,WIN-a254a630dc6b707787c1,6.0,target,OR,crest_factor,0.42333333333333334,-0.06046296296296294
TGT_LOW_SETTING,WIN-a254a630dc6b707787c1,6.0,target,OR,impulse_factor,0.42333333333333334,-0.013333333333333308
TGT_LOW_SETTING,WIN-a254a630dc6b707787c1,6.0,target,OR,shape_factor,0.42333333333333334,-0.003333333333333355
TGT_LOW_SETTING,WIN-a254a630dc6b707787c1,6.0,target,OR,clearance_factor,0.42333333333333334,0.020151515151515142
TGT_LOW_SETTING,WIN-a254a630dc6b707787c1,6.0,target,OR,zero_cross_rate,0.42333333333333334,0.003333333333333355
TGT_LOW_SETTING,WIN-a254a630dc6b707787c1,6.0,target,OR,spectral_centroid_hz,0.42333333333333334,0.010000000000000009
TGT_LOW_SETTING,WIN-a254a630dc6b707787c1,6.0,target,OR,spectral_rms_hz,0.42333333333333334,0.010000000000000009
TGT_LOW_SETTING,WIN-a254a630dc6b707787c1,6.0,target,OR,spectral_entropy,0.42333333333333334,-0.013333333333333308
TGT_LOW_SETTING,WIN-a254a630dc6b707787c1,6.0,target,OR,spectral_flatness,0.42333333333333334,-0.006666666666666654
TGT_LOW_SETTING,WIN-a254a630dc6b707787c1,6.0,target,OR,dominant_frequency_hz,0.42333333333333334,0.0
TGT_LOW_SETTING,WIN-a254a630dc6b707787c1,6.0,target,OR,rolloff95_hz,0.42333333333333334,0.0
TGT_LOW_SETTING,WIN-a254a630dc6b707787c1,6.0,target,OR,band_ratio_0_500,0.42333333333333334,0.006666666666666654
TGT_LOW_SETTING,WIN-a254a630dc6b707787c1,6.0,target,OR,band_ratio_500_1500,0.42333333333333334,-0.013333333333333308
TGT_LOW_SETTING,WIN-a254a630dc6b707787c1,6.0,target,OR,band_ratio_1500_3000,0.42333333333333334,0.0
TGT_LOW_SETTING,WIN-a254a630dc6b707787c1,6.0,target,OR,band_ratio_3000_5500,0.42333333333333334,0.003333333333333355
TGT_LOW_SETTING,WIN-a254a630dc6b707787c1,6.0,target,OR,envelope_rms,0.42333333333333334,0.11333333333333334
TGT_LOW_SETTING,WIN-a254a630dc6b707787c1,6.0,target,OR,envelope_kurtosis,0.42333333333333334,-0.004209129511677234
TGT_LOW_SETTING,WIN-a254a630dc6b707787c1,6.0,target,OR,envelope_spectral_entropy,0.42333333333333334,-0.026666666666666672
TGT_LOW_SETTING,WIN-5df94f68f55c91d5f00f,6.5,target,OR,mean,0.44333333333333336,0.0
TGT_LOW_SETTING,WIN-5df94f68f55c91d5f00f,6.5,target,OR,std,0.44333333333333336,0.11333333333333334
TGT_LOW_SETTING,WIN-5df94f68f55c91d5f00f,6.5,target,OR,rms,0.44333333333333336,0.09333333333333338
TGT_LOW_SETTING,WIN-5df94f68f55c91d5f00f,6.5,target,OR,mean_abs,0.44333333333333336,-0.0033333333333332993
TGT_LOW_SETTING,WIN-5df94f68f55c91d5f00f,6.5,target,OR,peak_abs,0.44333333333333336,-0.006666666666666654
TGT_LOW_SETTING,WIN-5df94f68f55c91d5f00f,6.5,target,OR,peak_to_peak,0.44333333333333336,0.030000000000000027
TGT_LOW_SETTING,WIN-5df94f68f55c91d5f00f,6.5,target,OR,skewness,0.44333333333333336,0.0
TGT_LOW_SETTING,WIN-5df94f68f55c91d5f00f,6.5,target,OR,kurtosis,0.44333333333333336,0.013333333333333364
TGT_LOW_SETTING,WIN-5df94f68f55c91d5f00f,6.5,target,OR,crest_factor,0.44333333333333336,-0.06379629629629624
TGT_LOW_SETTING,WIN-5df94f68f55c91d5f00f,6.5,target,OR,impulse_factor,0.44333333333333336,-0.009999999999999953
TGT_LOW_SETTING,WIN-5df94f68f55c91d5f00f,6.5,target,OR,shape_factor,0.44333333333333336,-0.0033333333333332993
TGT_LOW_SETTING,WIN-5df94f68f55c91d5f00f,6.5,target,OR,clearance_factor,0.44333333333333336,0.023484848484848497
TGT_LOW_SETTING,WIN-5df94f68f55c91d5f00f,6.5,target,OR,zero_cross_rate,0.44333333333333336,0.003333333333333355
TGT_LOW_SETTING,WIN-5df94f68f55c91d5f00f,6.5,target,OR,spectral_centroid_hz,0.44333333333333336,0.00666666666666671
TGT_LOW_SETTING,WIN-5df94f68f55c91d5f00f,6.5,target,OR,spectral_rms_hz,0.44333333333333336,0.010000000000000009
TGT_LOW_SETTING,WIN-5df94f68f55c91d5f00f,6.5,target,OR,spectral_entropy,0.44333333333333336,-0.016666666666666663
TGT_LOW_SETTING,WIN-5df94f68f55c91d5f00f,6.5,target,OR,spectral_flatness,0.44333333333333336,-0.006666666666666654
TGT_LOW_SETTING,WIN-5df94f68f55c91d5f00f,6.5,target,OR,dominant_frequency_hz,0.44333333333333336,0.0
TGT_LOW_SETTING,WIN-5df94f68f55c91d5f00f,6.5,target,OR,rolloff95_hz,0.44333333333333336,0.0
TGT_LOW_SETTING,WIN-5df94f68f55c91d5f00f,6.5,target,OR,band_ratio_0_500,0.44333333333333336,0.020000000000000018
TGT_LOW_SETTING,WIN-5df94f68f55c91d5f00f,6.5,target,OR,band_ratio_500_1500,0.44333333333333336,-0.009999999999999953
TGT_LOW_SETTING,WIN-5df94f68f55c91d5f00f,6.5,target,OR,band_ratio_1500_3000,0.44333333333333336,0.0
TGT_LOW_SETTING,WIN-5df94f68f55c91d5f00f,6.5,target,OR,band_ratio_3000_5500,0.44333333333333336,0.003333333333333355
TGT_LOW_SETTING,WIN-5df94f68f55c91d5f00f,6.5,target,OR,envelope_rms,0.44333333333333336,0.1166666666666667
TGT_LOW_SETTING,WIN-5df94f68f55c91d5f00f,6.5,target,OR,envelope_kurtosis,0.44333333333333336,-0.000875796178343935
TGT_LOW_SETTING,WIN-5df94f68f55c91d5f00f,6.5,target,OR,envelope_spectral_entropy,0.44333333333333336,-0.026666666666666616
TGT_LOW_SETTING,WIN-d4ee1a98ad3ef847ef25,7.0,target,OR,mean,0.42333333333333334,0.003333333333333355
TGT_LOW_SETTING,WIN-d4ee1a98ad3ef847ef25,7.0,target,OR,std,0.42333333333333334,0.11333333333333334
TGT_LOW_SETTING,WIN-d4ee1a98ad3ef847ef25,7.0,target,OR,rms,0.42333333333333334,0.09000000000000002
TGT_LOW_SETTING,WIN-d4ee1a98ad3ef847ef25,7.0,target,OR,mean_abs,0.42333333333333334,0.003333333333333355
TGT_LOW_SETTING,WIN-d4ee1a98ad3ef847ef25,7.0,target,OR,peak_abs,0.42333333333333334,-0.010000000000000009
TGT_LOW_SETTING,WIN-d4ee1a98ad3ef847ef25,7.0,target,OR,peak_to_peak,0.42333333333333334,0.023333333333333317
TGT_LOW_SETTING,WIN-d4ee1a98ad3ef847ef25,7.0,target,OR,skewness,0.42333333333333334,0.0
TGT_LOW_SETTING,WIN-d4ee1a98ad3ef847ef25,7.0,target,OR,kurtosis,0.42333333333333334,0.013333333333333364
TGT_LOW_SETTING,WIN-d4ee1a98ad3ef847ef25,7.0,target,OR,crest_factor,0.42333333333333334,-0.06046296296296294
TGT_LOW_SETTING,WIN-d4ee1a98ad3ef847ef25,7.0,target,OR,impulse_factor,0.42333333333333334,-0.013333333333333308
TGT_LOW_SETTING,WIN-d4ee1a98ad3ef847ef25,7.0,target,OR,shape_factor,0.42333333333333334,-0.003333333333333355
TGT_LOW_SETTING,WIN-d4ee1a98ad3ef847ef25,7.0,target,OR,clearance_factor,0.42333333333333334,0.023484848484848497
TGT_LOW_SETTING,WIN-d4ee1a98ad3ef847ef25,7.0,target,OR,zero_cross_rate,0.42333333333333334,0.003333333333333355
TGT_LOW_SETTING,WIN-d4ee1a98ad3ef847ef25,7.0,target,OR,spectral_centroid_hz,0.42333333333333334,0.006666666666666654
TGT_LOW_SETTING,WIN-d4ee1a98ad3ef847ef25,7.0,target,OR,spectral_rms_hz,0.42333333333333334,0.013333333333333364
TGT_LOW_SETTING,WIN-d4ee1a98ad3ef847ef25,7.0,target,OR,spectral_entropy,0.42333333333333334,-0.016666666666666663
TGT_LOW_SETTING,WIN-d4ee1a98ad3ef847ef25,7.0,target,OR,spectral_flatness,0.42333333333333334,-0.006666666666666654
TGT_LOW_SETTING,WIN-d4ee1a98ad3ef847ef25,7.0,target,OR,dominant_frequency_hz,0.42333333333333334,0.0
TGT_LOW_SETTING,WIN-d4ee1a98ad3ef847ef25,7.0,target,OR,rolloff95_hz,0.42333333333333334,0.0
TGT_LOW_SETTING,WIN-d4ee1a98ad3ef847ef25,7.0,target,OR,band_ratio_0_500,0.42333333333333334,0.003333333333333355
TGT_LOW_SETTING,WIN-d4ee1a98ad3ef847ef25,7.0,target,OR,band_ratio_500_1500,0.42333333333333334,-0.010000000000000009
TGT_LOW_SETTING,WIN-d4ee1a98ad3ef847ef25,7.0,target,OR,band_ratio_1500_3000,0.42333333333333334,0.0
TGT_LOW_SETTING,WIN-d4ee1a98ad3ef847ef25,7.0,target,OR,band_ratio_3000_5500,0.42333333333333334,0.003333333333333355
TGT_LOW_SETTING,WIN-d4ee1a98ad3ef847ef25,7.0,target,OR,envelope_rms,0.42333333333333334,0.10999999999999999
TGT_LOW_SETTING,WIN-d4ee1a98ad3ef847ef25,7.0,target,OR,envelope_kurtosis,0.42333333333333334,-0.007542462845010589
TGT_LOW_SETTING,WIN-d4ee1a98ad3ef847ef25,7.0,target,OR,envelope_spectral_entropy,0.42333333333333334,-0.026666666666666672
