window_id,group_id,class_label,relative_path,outer_fold,outer_role
WIN-7903ddfdfcd489ea8e7f,source_domain/cwru_12khz_fe/B007_0.mat,B,source_domain/cwru_12khz_fe/B007_0.mat,0,test
WIN-891173c04174ac17a6fb,source_domain/cwru_12khz_fe/B007_0.mat,B,source_domain/cwru_12khz_fe/B007_0.mat,0,test
WIN-ab17f14a1876d835f17f,source_domain/cwru_12khz_fe/B007_0.mat,B,source_domain/cwru_12khz_fe/B007_0.mat,0,test
WIN-eca284a71e0c1ac11041,source_domain/cwru_12khz_fe/B007_0.mat,B,source_domain/cwru_12khz_fe/B007_0.mat,0,test
WIN-2716e506699e08232ff4,source_domain/cwru_12khz_fe/B007_0.mat,B,source_domain/cwru_12khz_fe/B007_0.mat,0,test
WIN-7f96935775ac95b47312,source_domain/cwru_12khz_fe/B007_0.mat,B,source_domain/cwru_12khz_fe/B007_0.mat,0,test
WIN-504f12d19ee97d5f4b97,source_domain/cwru_12khz_fe/B007_0.mat,B,source_domain/cwru_12khz_fe/B007_0.mat,0,test
WIN-ddf026a9aa9e93933961,source_domain/cwru_12khz_fe/B007_0.mat,B,source_domain/cwru_12khz_fe/B007_0.mat,0,test
WIN-7d37f2d28f462c58c7ea,source_domain/cwru_12khz_fe/B007_0.mat,B,source_domain/cwru_12khz_fe/B007_0.mat,0,test
WIN-9635e7302773fb6d7204,source_domain/cwru_12khz_fe/B007_0.mat,B,source_domain/cwru_12khz_fe/B007_0.mat,0,test
WIN-80cf8cdf1be7194dc98f,source_domain/cwru_12khz_fe/B007_0.mat,B,source_domain/cwru_12khz_fe/B007_0.mat,0,test
WIN-f5636ea33223eed9d925,source_domain/cwru_12khz_fe/B007_0.mat,B,source_domain/cwru_12khz_fe/B007_0.mat,0,test
WIN-b8f7e3b7bbb386cf66e0,source_domain/cwru_12khz_fe/B007_0.mat,B,source_domain/cwru_12khz_fe/B007_0.mat,0,test
WIN-e69b8a5f43efd3e341c0,source_domain/cwru_12khz_fe/B007_0.mat,B,source_domain/cwru_12khz_fe/B007_0.mat,0,test
WIN-8fddd937f14d9d075c10,source_domain/cwru_12khz_fe/B007_0.mat,B,source_domain/cwru_12khz_fe/B007_0.mat,0,test
WIN-d473bf538145c5cb6764,source_domain/cwru_12khz_fe/B007_1.mat,B,source_domain/cwru_12khz_fe/B007_1.mat,0,train_pool
WIN-645927b5904522565940,source_domain/cwru_12khz_fe/B007_1.mat,B,source_domain/cwru_12khz_fe/B007_1.mat,0,train_pool
WIN-d542115139eb558ed2f3,source_domain/cwru_12khz_fe/B007_1.mat,B,source_domain/cwru_12khz_fe/B007_1.mat,0,train_pool
WIN-278af3809b54154a0f5e,source_domain/cwru_12khz_fe/B007_1.mat,B,source_domain/cwru_12khz_fe/B007_1.mat,0,train_pool
WIN-e92d52863a4e0f15de93,source_domain/cwru_12khz_fe/B007_1.mat,B,source_domain/cwru_12khz_fe/B007_1.mat,0,train_pool
WIN-e4e32ea1ca545610d69e,source_domain/cwru_12khz_fe/B007_1.mat,B,source_domain/cwru_12khz_fe/B007_1.mat,0,train_pool
WIN-f70b348fbf07a3e841c9,source_domain/cwru_12khz_fe/B007_1.mat,B,source_domain/cwru_12khz_fe/B007_1.mat,0,train_pool
WIN-2d6addfdc68ea4b01135,source_domain/cwru_12khz_fe/B007_1.mat,B,source_domain/cwru_12khz_fe/B007_1.mat,0,train_pool
WIN-cc2d1358a3ab2b7ee442,source_domain/cwru_12khz_fe/B007_1.mat,B,source_domain/cwru_12khz_fe/B007_1.mat,0,train_pool
WIN-8ce4a63029b888f10682,source_domain/cwru_12khz_fe/B007_1.mat,B,source_domain/cwru_12khz_fe/B007_1.mat,0,train_pool
WIN-e3f967093ebd831492ce,source_domain/cwru_12khz_fe/B007_1.mat,B,source_domain/cwru_12khz_fe/B007_1.mat,0,train_pool
WIN-c932afcccfe487deef11,source_domain/cwru_12khz_fe/B007_1.mat,B,source_domain/cwru_12khz_fe/B007_1.mat,0,train_pool
WIN-ca596ac1d7ec980606e5,source_domain/cwru_12khz_fe/B007_1.mat,B,source_domain/cwru_12khz_fe/B007_1.mat,0,train_pool
WIN-ee38cce142716519a1ef,source_domain/cwru_12khz_fe/B007_1.mat,B,source_domain/cwru_12khz_fe/B007_1.mat,0,train_pool
WIN-95891b5a79c5a82166e5,source_domain/cwru_12khz_fe/B007_1.mat,B,source_domain/cwru_12khz_fe/B007_1.mat,0,train_pool
WIN-bed73ae248b507641f53,source_domain/cwru_12khz_fe/B007_2.mat,B,source_domain/cwru_12khz_fe/B007_2.mat,0,train_pool
WIN-ca1b4f5413162000e2fb,source_domain/cwru_12khz_fe/B007_2.mat,B,source_domain/cwru_12khz_fe/B007_2.mat,0,train_pool
WIN-4efaf5f5787c4d068504,source_domain/cwru_12khz_fe/B007_2.mat,B,source_domain/cwru_12khz_fe/B007_2.mat,0,train_pool
WIN-2b5daa9a57e8986f6af4,source_domain/cwru_12khz_fe/B007_2.mat,B,source_domain/cwru_12khz_fe/B007_2.mat,0,train_pool
WIN-17ffaa42ab4e1a7a0bf2,source_domain/cwru_12khz_fe/B007_2.mat,B,source_domain/cwru_12khz_fe/B007_2.mat,0,train_pool
WIN-c8d2aba8f8ee0fe3a0ce,source_domain/cwru_12khz_fe/B007_2.mat,B,source_domain/cwru_12khz_fe/B007_2.mat,0,train_pool
WIN-a3baec2d813e5b5bf25b,source_domain/cwru_12khz_fe/B007_2.mat,B,source_domain/cwru_12khz_fe/B007_2.mat,0,train_pool
WIN-b2c0b1e6ee7c316790e6,source_domain/cwru_12khz_fe/B007_2.mat,B,source_domain/cwru_12khz_fe/B007_2.mat,0,train_pool
WIN-c2ffe1f0417325d8f0d4,source_domain/cwru_12khz_fe/B007_2.mat,B,source_domain/cwru_12khz_fe/B007_2.mat,0,train_pool
WIN-95387c7be4fc1e44a8da,source_domain/cwru_12khz_fe/B007_2.mat,B,source_domain/cwru_12khz_fe/B007_2.mat,0,train_pool
WIN-691dcda830149b752ed4,source_domain/cwru_12khz_fe/B007_2.mat,B,source_domain/cwru_12khz_fe/B007_2.mat,0,train_pool
WIN-17d94a9334029dfa613a,source_domain/cwru_12khz_fe/B007_2.mat,B,source_domain/cwru_12khz_fe/B007_2.mat,0,train_pool
WIN-ce1088821854c23b82d0,source_domain/cwru_12khz_fe/B007_2.mat,B,source_domain/cwru_12khz_fe/B007_2.mat,0,train_pool
WIN-493587db7c0f397b1294,source_domain/cwru_12khz_fe/B007_2.mat,B,source_domain/cwru_12khz_fe/B007_2.mat,0,train_pool
WIN-5759020dae18cf676691,source_domain/cwru_12khz_fe/B007_2.mat,B,source_domain/cwru_12khz_fe/B007_2.mat,0,train_pool
WIN-48bfb74691fab45b7368,source_domain/cwru_12khz_fe/B007_3.mat,B,source_domain/cwru_12khz_fe/B007_3.mat,0,test
WIN-329a0ec73e2cb6f6befe,source_domain/cwru_12khz_fe/B007_3.mat,B,source_domain/cwru_12khz_fe/B007_3.mat,0,test
WIN-b5f69035b70f0781318b,source_domain/cwru_12khz_fe/B007_3.mat,B,source_domain/cwru_12khz_fe/B007_3.mat,0,test
WIN-1700c07dd64b07a5c56f,source_domain/cwru_12khz_fe/B007_3.mat,B,source_domain/cwru_12khz_fe/B007_3.mat,0,test
WIN-c1455f1c48534c1d9942,source_domain/cwru_12khz_fe/B007_3.mat,B,source_domain/cwru_12khz_fe/B007_3.mat,0,test
WIN-d590c1261a8f8a71666e,source_domain/cwru_12khz_fe/B007_3.mat,B,source_domain/cwru_12khz_fe/B007_3.mat,0,test
WIN-cdd1f7ae6646012ac43b,source_domain/cwru_12khz_fe/B007_3.mat,B,source_domain/cwru_12khz_fe/B007_3.mat,0,test
WIN-90a7529848129262ca12,source_domain/cwru_12khz_fe/B007_3.mat,B,source_domain/cwru_12khz_fe/B007_3.mat,0,test
WIN-979526b8b548ff097201,source_domain/cwru_12khz_fe/B007_3.mat,B,source_domain/cwru_12khz_fe/B007_3.mat,0,test
WIN-1e2484005ec9defcf7c5,source_domain/cwru_12khz_fe/B007_3.mat,B,source_domain/cwru_12khz_fe/B007_3.mat,0,test
WIN-e4093a9c255c8e68bc2d,source_domain/cwru_12khz_fe/B007_3.mat,B,source_domain/cwru_12khz_fe/B007_3.mat,0,test
WIN-2601959fec1ce9560ef0,source_domain/cwru_12khz_fe/B007_3.mat,B,source_domain/cwru_12khz_fe/B007_3.mat,0,test
WIN-0320273825c2c88259a7,source_domain/cwru_12khz_fe/B007_3.mat,B,source_domain/cwru_12khz_fe/B007_3.mat,0,test
WIN-3629de27ad58b37be352,source_domain/cwru_12khz_fe/B007_3.mat,B,source_domain/cwru_12khz_fe/B007_3.mat,0,test
WIN-37b08499ea4aef44f627,source_domain/cwru_12khz_fe/B007_3.mat,B,source_domain/cwru_12khz_fe/B007_3.mat,0,test
WIN-b31da23344e493409fb2,source_domain/cwru_12khz_fe/B014_0.mat,B,source_domain/cwru_12khz_fe/B014_0.mat,0,test
WIN-75a3398578e2d3667396,source_domain/cwru_12khz_fe/B014_0.mat,B,source_domain/cwru_12khz_fe/B014_0.mat,0,test
WIN-5b309f969dcbb80a6771,source_domain/cwru_12khz_fe/B014_0.mat,B,source_domain/cwru_12khz_fe/B014_0.mat,0,test
WIN-f94500ae333b46c58a95,source_domain/cwru_12khz_fe/B014_0.mat,B,source_domain/cwru_12khz_fe/B014_0.mat,0,test
WIN-8a2155a2928d0380478f,source_domain/cwru_12khz_fe/B014_0.mat,B,source_domain/cwru_12khz_fe/B014_0.mat,0,test
WIN-12738a8ff1cde1df5252,source_domain/cwru_12khz_fe/B014_0.mat,B,source_domain/cwru_12khz_fe/B014_0.mat,0,test
WIN-35f379154ce90da08c7a,source_domain/cwru_12khz_fe/B014_0.mat,B,source_domain/cwru_12khz_fe/B014_0.mat,0,test
WIN-55f4ef1d25e27ac9d1f9,source_domain/cwru_12khz_fe/B014_0.mat,B,source_domain/cwru_12khz_fe/B014_0.mat,0,test
WIN-8acd47c7423c50b9be33,source_domain/cwru_12khz_fe/B014_0.mat,B,source_domain/cwru_12khz_fe/B014_0.mat,0,test
WIN-3427f9a7fd24dc310f77,source_domain/cwru_12khz_fe/B014_0.mat,B,source_domain/cwru_12khz_fe/B014_0.mat,0,test
WIN-6e721131deeaa0326e30,source_domain/cwru_12khz_fe/B014_0.mat,B,source_domain/cwru_12khz_fe/B014_0.mat,0,test
WIN-a86da486f40b03070c27,source_domain/cwru_12khz_fe/B014_0.mat,B,source_domain/cwru_12khz_fe/B014_0.mat,0,test
WIN-2c5dd68d9a3c2a8bd332,source_domain/cwru_12khz_fe/B014_0.mat,B,source_domain/cwru_12khz_fe/B014_0.mat,0,test
WIN-90ddf32d14f48f6c411c,source_domain/cwru_12khz_fe/B014_0.mat,B,source_domain/cwru_12khz_fe/B014_0.mat,0,test
WIN-4bccca6de03d58d4b6f0,source_domain/cwru_12khz_fe/B014_0.mat,B,source_domain/cwru_12khz_fe/B014_0.mat,0,test
WIN-6973a8c42964be865058,source_domain/cwru_12khz_fe/B014_1.mat,B,source_domain/cwru_12khz_fe/B014_1.mat,0,train_pool
WIN-a3afac2b88e914c9a766,source_domain/cwru_12khz_fe/B014_1.mat,B,source_domain/cwru_12khz_fe/B014_1.mat,0,train_pool
WIN-23a9dffe6f9b7b523adf,source_domain/cwru_12khz_fe/B014_1.mat,B,source_domain/cwru_12khz_fe/B014_1.mat,0,train_pool
WIN-1a5b88ad287551c49d3b,source_domain/cwru_12khz_fe/B014_1.mat,B,source_domain/cwru_12khz_fe/B014_1.mat,0,train_pool
WIN-5ff1104c2d9836b2a716,source_domain/cwru_12khz_fe/B014_1.mat,B,source_domain/cwru_12khz_fe/B014_1.mat,0,train_pool
WIN-7743e9ef6f07f0097f12,source_domain/cwru_12khz_fe/B014_1.mat,B,source_domain/cwru_12khz_fe/B014_1.mat,0,train_pool
WIN-8f186ca87b313d6e1e73,source_domain/cwru_12khz_fe/B014_1.mat,B,source_domain/cwru_12khz_fe/B014_1.mat,0,train_pool
WIN-a04628c5fb57bb17a157,source_domain/cwru_12khz_fe/B014_1.mat,B,source_domain/cwru_12khz_fe/B014_1.mat,0,train_pool
WIN-686a8465e68783e11ea5,source_domain/cwru_12khz_fe/B014_1.mat,B,source_domain/cwru_12khz_fe/B014_1.mat,0,train_pool
WIN-8a4f533e2f54ce9d3b3d,source_domain/cwru_12khz_fe/B014_1.mat,B,source_domain/cwru_12khz_fe/B014_1.mat,0,train_pool
WIN-5945b88ef9480f2adb32,source_domain/cwru_12khz_fe/B014_1.mat,B,source_domain/cwru_12khz_fe/B014_1.mat,0,train_pool
WIN-81b730060fb0f9f3e062,source_domain/cwru_12khz_fe/B014_1.mat,B,source_domain/cwru_12khz_fe/B014_1.mat,0,train_pool
WIN-a757e773381cfe600bc9,source_domain/cwru_12khz_fe/B014_1.mat,B,source_domain/cwru_12khz_fe/B014_1.mat,0,train_pool
WIN-3bd82ba106cb26f6464e,source_domain/cwru_12khz_fe/B014_1.mat,B,source_domain/cwru_12khz_fe/B014_1.mat,0,train_pool
WIN-48c1ad389c8d5489ec76,source_domain/cwru_12khz_fe/B014_1.mat,B,source_domain/cwru_12khz_fe/B014_1.mat,0,train_pool
WIN-ad2f3523d4f033a46aeb,source_domain/cwru_12khz_fe/B014_2.mat,B,source_domain/cwru_12khz_fe/B014_2.mat,0,train_pool
WIN-900d674f1e8f1a8d9ff9,source_domain/cwru_12khz_fe/B014_2.mat,B,source_domain/cwru_12khz_fe/B014_2.mat,0,train_pool
WIN-8138d88731735b2e8334,source_domain/cwru_12khz_fe/B014_2.mat,B,source_domain/cwru_12khz_fe/B014_2.mat,0,train_pool
WIN-28b607de24710b94389b,source_domain/cwru_12khz_fe/B014_2.mat,B,source_domain/cwru_12khz_fe/B014_2.mat,0,train_pool
WIN-af27ccea3ef66e070230,source_domain/cwru_12khz_fe/B014_2.mat,B,source_domain/cwru_12khz_fe/B014_2.mat,0,train_pool
WIN-a5f4b9487c91c5df82b1,source_domain/cwru_12khz_fe/B014_2.mat,B,source_domain/cwru_12khz_fe/B014_2.mat,0,train_pool
WIN-dc43e05f3f0d9055c984,source_domain/cwru_12khz_fe/B014_2.mat,B,source_domain/cwru_12khz_fe/B014_2.mat,0,train_pool
WIN-f71b9d992459d01d5b57,source_domain/cwru_12khz_fe/B014_2.mat,B,source_domain/cwru_12khz_fe/B014_2.mat,0,train_pool
WIN-c99d320ce097697af301,source_domain/cwru_12khz_fe/B014_2.mat,B,source_domain/cwru_12khz_fe/B014_2.mat,0,train_pool
WIN-268397442b83a1f7b44e,source_domain/cwru_12khz_fe/B014_2.mat,B,source_domain/cwru_12khz_fe/B014_2.mat,0,train_pool
WIN-a6b3061c0a348b45bdc6,source_domain/cwru_12khz_fe/B014_2.mat,B,source_domain/cwru_12khz_fe/B014_2.mat,0,train_pool
WIN-557bc71ff309dd260278,source_domain/cwru_12khz_fe/B014_2.mat,B,source_domain/cwru_12khz_fe/B014_2.mat,0,train_pool
WIN-7f27102c94739b8c7b77,source_domain/cwru_12khz_fe/B014_2.mat,B,source_domain/cwru_12khz_fe/B014_2.mat,0,train_pool
WIN-c1f19708361dfef88843,source_domain/cwru_12khz_fe/B014_2.mat,B,source_domain/cwru_12khz_fe/B014_2.mat,0,train_pool
WIN-5227e0521be27aae84c5,source_domain/cwru_12khz_fe/B014_2.mat,B,source_domain/cwru_12khz_fe/B014_2.mat,0,train_pool
WIN-25c24932c6ba90148763,source_domain/cwru_12khz_fe/B014_3.mat,B,source_domain/cwru_12khz_fe/B014_3.mat,0,train_pool
WIN-fbf0bf5d0844273a42a6,source_domain/cwru_12khz_fe/B014_3.mat,B,source_domain/cwru_12khz_fe/B014_3.mat,0,train_pool
WIN-e28340f0d7d9453a9caa,source_domain/cwru_12khz_fe/B014_3.mat,B,source_domain/cwru_12khz_fe/B014_3.mat,0,train_pool
WIN-f77c4cc3d3a83b436b63,source_domain/cwru_12khz_fe/B014_3.mat,B,source_domain/cwru_12khz_fe/B014_3.mat,0,train_pool
WIN-42ef98b4686408af7196,source_domain/cwru_12khz_fe/B014_3.mat,B,source_domain/cwru_12khz_fe/B014_3.mat,0,train_pool
WIN-a65048188e9c2363e19a,source_domain/cwru_12khz_fe/B014_3.mat,B,source_domain/cwru_12khz_fe/B014_3.mat,0,train_pool
WIN-ddf60ff253e37de91ced,source_domain/cwru_12khz_fe/B014_3.mat,B,source_domain/cwru_12khz_fe/B014_3.mat,0,train_pool
WIN-643b84d5e705c0c4f20e,source_domain/cwru_12khz_fe/B014_3.mat,B,source_domain/cwru_12khz_fe/B014_3.mat,0,train_pool
WIN-da858fbc7f7d6cd0a253,source_domain/cwru_12khz_fe/B014_3.mat,B,source_domain/cwru_12khz_fe/B014_3.mat,0,train_pool
WIN-c5ffba9fa48ee2d2f8e6,source_domain/cwru_12khz_fe/B014_3.mat,B,source_domain/cwru_12khz_fe/B014_3.mat,0,train_pool
WIN-7c366f0765f7f25a5d45,source_domain/cwru_12khz_fe/B014_3.mat,B,source_domain/cwru_12khz_fe/B014_3.mat,0,train_pool
WIN-dbfe99d6cb64529c7d03,source_domain/cwru_12khz_fe/B014_3.mat,B,source_domain/cwru_12khz_fe/B014_3.mat,0,train_pool
WIN-f794c617abb0155a5f49,source_domain/cwru_12khz_fe/B014_3.mat,B,source_domain/cwru_12khz_fe/B014_3.mat,0,train_pool
WIN-71a23180ca05c3f356d7,source_domain/cwru_12khz_fe/B014_3.mat,B,source_domain/cwru_12khz_fe/B014_3.mat,0,train_pool
WIN-e1f8581ec72156e4c40d,source_domain/cwru_12khz_fe/B014_3.mat,B,source_domain/cwru_12khz_fe/B014_3.mat,0,train_pool
WIN-4307f92375069babe348,source_domain/cwru_12khz_fe/B021_0.mat,B,source_domain/cwru_12khz_fe/B021_0.mat,0,train_pool
WIN-8ec9e349dc6a2dad86f5,source_domain/cwru_12khz_fe/B021_0.mat,B,source_domain/cwru_12khz_fe/B021_0.mat,0,train_pool
WIN-3b1db9162d81b3487c0c,source_domain/cwru_12khz_fe/B021_0.mat,B,source_domain/cwru_12khz_fe/B021_0.mat,0,train_pool
WIN-bbb6db2261581421a8dc,source_domain/cwru_12khz_fe/B021_0.mat,B,source_domain/cwru_12khz_fe/B021_0.mat,0,train_pool
WIN-a15c4cd52a490317cae7,source_domain/cwru_12khz_fe/B021_0.mat,B,source_domain/cwru_12khz_fe/B021_0.mat,0,train_pool
WIN-478f6d8d3e8f9056d252,source_domain/cwru_12khz_fe/B021_0.mat,B,source_domain/cwru_12khz_fe/B021_0.mat,0,train_pool
WIN-4981f1e708cd35d5472e,source_domain/cwru_12khz_fe/B021_0.mat,B,source_domain/cwru_12khz_fe/B021_0.mat,0,train_pool
WIN-242b37df1ed074df80b3,source_domain/cwru_12khz_fe/B021_0.mat,B,source_domain/cwru_12khz_fe/B021_0.mat,0,train_pool
WIN-8c9b7a85d4ce7c3bc6b1,source_domain/cwru_12khz_fe/B021_0.mat,B,source_domain/cwru_12khz_fe/B021_0.mat,0,train_pool
WIN-d7bd0c8a027e6db2f970,source_domain/cwru_12khz_fe/B021_0.mat,B,source_domain/cwru_12khz_fe/B021_0.mat,0,train_pool
WIN-743bc7cb57880bbee02d,source_domain/cwru_12khz_fe/B021_0.mat,B,source_domain/cwru_12khz_fe/B021_0.mat,0,train_pool
WIN-b91f84ec83a97fa03b8e,source_domain/cwru_12khz_fe/B021_0.mat,B,source_domain/cwru_12khz_fe/B021_0.mat,0,train_pool
WIN-01542cc9fee777f6ce43,source_domain/cwru_12khz_fe/B021_0.mat,B,source_domain/cwru_12khz_fe/B021_0.mat,0,train_pool
WIN-8bd08058b2baee587475,source_domain/cwru_12khz_fe/B021_0.mat,B,source_domain/cwru_12khz_fe/B021_0.mat,0,train_pool
WIN-66227cd413cf12b07cf2,source_domain/cwru_12khz_fe/B021_0.mat,B,source_domain/cwru_12khz_fe/B021_0.mat,0,train_pool
WIN-ce9aed289046dbf88e3d,source_domain/cwru_12khz_fe/B021_1.mat,B,source_domain/cwru_12khz_fe/B021_1.mat,0,train_pool
WIN-b8a176c8599396fcb933,source_domain/cwru_12khz_fe/B021_1.mat,B,source_domain/cwru_12khz_fe/B021_1.mat,0,train_pool
WIN-6a6cd868718760f9beb2,source_domain/cwru_12khz_fe/B021_1.mat,B,source_domain/cwru_12khz_fe/B021_1.mat,0,train_pool
WIN-c73ce4e610533d0e394f,source_domain/cwru_12khz_fe/B021_1.mat,B,source_domain/cwru_12khz_fe/B021_1.mat,0,train_pool
WIN-7ab4e13fbabfbd4e5db3,source_domain/cwru_12khz_fe/B021_1.mat,B,source_domain/cwru_12khz_fe/B021_1.mat,0,train_pool
WIN-842bb62f1c993b737727,source_domain/cwru_12khz_fe/B021_1.mat,B,source_domain/cwru_12khz_fe/B021_1.mat,0,train_pool
WIN-7571657e1d092958db86,source_domain/cwru_12khz_fe/B021_1.mat,B,source_domain/cwru_12khz_fe/B021_1.mat,0,train_pool
WIN-6e194b460a6f9dfb63db,source_domain/cwru_12khz_fe/B021_1.mat,B,source_domain/cwru_12khz_fe/B021_1.mat,0,train_pool
WIN-78752056609514e16c69,source_domain/cwru_12khz_fe/B021_1.mat,B,source_domain/cwru_12khz_fe/B021_1.mat,0,train_pool
WIN-cebfacbec3451fecab55,source_domain/cwru_12khz_fe/B021_1.mat,B,source_domain/cwru_12khz_fe/B021_1.mat,0,train_pool
WIN-2faee3c8f5a2fb07bfb9,source_domain/cwru_12khz_fe/B021_1.mat,B,source_domain/cwru_12khz_fe/B021_1.mat,0,train_pool
WIN-524b6d879559ed5b2440,source_domain/cwru_12khz_fe/B021_1.mat,B,source_domain/cwru_12khz_fe/B021_1.mat,0,train_pool
WIN-ca1dc236c64a0d336eb0,source_domain/cwru_12khz_fe/B021_1.mat,B,source_domain/cwru_12khz_fe/B021_1.mat,0,train_pool
WIN-daf99a564745c1239bc0,source_domain/cwru_12khz_fe/B021_1.mat,B,source_domain/cwru_12khz_fe/B021_1.mat,0,train_pool
WIN-44962460fdc546b555e0,source_domain/cwru_12khz_fe/B021_1.mat,B,source_domain/cwru_12khz_fe/B021_1.mat,0,train_pool
WIN-9256778c4e9f54cc41aa,source_domain/cwru_12khz_fe/B021_2.mat,B,source_domain/cwru_12khz_fe/B021_2.mat,0,train_pool
WIN-651c3edbaed6a47e5dea,source_domain/cwru_12khz_fe/B021_2.mat,B,source_domain/cwru_12khz_fe/B021_2.mat,0,train_pool
WIN-200a713d371478eda482,source_domain/cwru_12khz_fe/B021_2.mat,B,source_domain/cwru_12khz_fe/B021_2.mat,0,train_pool
WIN-c62646b8543263f175d1,source_domain/cwru_12khz_fe/B021_2.mat,B,source_domain/cwru_12khz_fe/B021_2.mat,0,train_pool
WIN-92d189de72817f1e5ada,source_domain/cwru_12khz_fe/B021_2.mat,B,source_domain/cwru_12khz_fe/B021_2.mat,0,train_pool
WIN-3229a1a5c839e1200807,source_domain/cwru_12khz_fe/B021_2.mat,B,source_domain/cwru_12khz_fe/B021_2.mat,0,train_pool
WIN-867730a772b9dcd0ed48,source_domain/cwru_12khz_fe/B021_2.mat,B,source_domain/cwru_12khz_fe/B021_2.mat,0,train_pool
WIN-f899c7d4a17a6b224947,source_domain/cwru_12khz_fe/B021_2.mat,B,source_domain/cwru_12khz_fe/B021_2.mat,0,train_pool
WIN-0f6a3bc9202534158bf2,source_domain/cwru_12khz_fe/B021_2.mat,B,source_domain/cwru_12khz_fe/B021_2.mat,0,train_pool
WIN-71ac72822ad527b35259,source_domain/cwru_12khz_fe/B021_2.mat,B,source_domain/cwru_12khz_fe/B021_2.mat,0,train_pool
WIN-b05c8e4964f9df72bf1f,source_domain/cwru_12khz_fe/B021_2.mat,B,source_domain/cwru_12khz_fe/B021_2.mat,0,train_pool
WIN-091f8a8ee20b9dd7c9e4,source_domain/cwru_12khz_fe/B021_2.mat,B,source_domain/cwru_12khz_fe/B021_2.mat,0,train_pool
WIN-94b1eeafc18011bf8eef,source_domain/cwru_12khz_fe/B021_2.mat,B,source_domain/cwru_12khz_fe/B021_2.mat,0,train_pool
WIN-f2a109bfcb3bd50884d4,source_domain/cwru_12khz_fe/B021_2.mat,B,source_domain/cwru_12khz_fe/B021_2.mat,0,train_pool
WIN-9f44ba4ed2fff4393dbb,source_domain/cwru_12khz_fe/B021_2.mat,B,source_domain/cwru_12khz_fe/B021_2.mat,0,train_pool
WIN-14094409b262f8c91fdc,source_domain/cwru_12khz_fe/B021_3.mat,B,source_domain/cwru_12khz_fe/B021_3.mat,0,train_pool
WIN-9da80ffb14320d8be725,source_domain/cwru_12khz_fe/B021_3.mat,B,source_domain/cwru_12khz_fe/B021_3.mat,0,train_pool
WIN-f0d3fcca08326ff41455,source_domain/cwru_12khz_fe/B021_3.mat,B,source_domain/cwru_12khz_fe/B021_3.mat,0,train_pool
WIN-5816000a95fd48643e4b,source_domain/cwru_12khz_fe/B021_3.mat,B,source_domain/cwru_12khz_fe/B021_3.mat,0,train_pool
WIN-6dc5e027873cf32d4e96,source_domain/cwru_12khz_fe/B021_3.mat,B,source_domain/cwru_12khz_fe/B021_3.mat,0,train_pool
WIN-38a8a954f6798ec86167,source_domain/cwru_12khz_fe/B021_3.mat,B,source_domain/cwru_12khz_fe/B021_3.mat,0,train_pool
WIN-9126f778aa047cde3fb2,source_domain/cwru_12khz_fe/B021_3.mat,B,source_domain/cwru_12khz_fe/B021_3.mat,0,train_pool
WIN-fe66a6b6a14822d2f154,source_domain/cwru_12khz_fe/B021_3.mat,B,source_domain/cwru_12khz_fe/B021_3.mat,0,train_pool
WIN-7fb954901dba6ace533b,source_domain/cwru_12khz_fe/B021_3.mat,B,source_domain/cwru_12khz_fe/B021_3.mat,0,train_pool
WIN-b73493f0cb9947516581,source_domain/cwru_12khz_fe/B021_3.mat,B,source_domain/cwru_12khz_fe/B021_3.mat,0,train_pool
WIN-6dbe514a262c18ead6c6,source_domain/cwru_12khz_fe/B021_3.mat,B,source_domain/cwru_12khz_fe/B021_3.mat,0,train_pool
WIN-226e82c04a54964bbe8f,source_domain/cwru_12khz_fe/B021_3.mat,B,source_domain/cwru_12khz_fe/B021_3.mat,0,train_pool
WIN-fe7b58007106a8a988a6,source_domain/cwru_12khz_fe/B021_3.mat,B,source_domain/cwru_12khz_fe/B021_3.mat,0,train_pool
WIN-b7ba65720aef0997f313,source_domain/cwru_12khz_fe/B021_3.mat,B,source_domain/cwru_12khz_fe/B021_3.mat,0,train_pool
WIN-f6330fca6f78e77e47a2,source_domain/cwru_12khz_fe/B021_3.mat,B,source_domain/cwru_12khz_fe/B021_3.mat,0,train_pool
WIN-aedff8f49043e8611f7b,source_domain/cwru_12khz_fe/IR007_0.mat,IR,source_domain/cwru_12khz_fe/IR007_0.mat,0,test
WIN-687a139507a6a6959bf4,source_domain/cwru_12khz_fe/IR007_0.mat,IR,source_domain/cwru_12khz_fe/IR007_0.mat,0,test
WIN-72976a1165ffddbdf3cd,source_domain/cwru_12khz_fe/IR007_0.mat,IR,source_domain/cwru_12khz_fe/IR007_0.mat,0,test
WIN-583a43f7fd9ebf20deb0,source_domain/cwru_12khz_fe/IR007_0.mat,IR,source_domain/cwru_12khz_fe/IR007_0.mat,0,test
WIN-18101343915a3d7c252f,source_domain/cwru_12khz_fe/IR007_0.mat,IR,source_domain/cwru_12khz_fe/IR007_0.mat,0,test
WIN-db7ef28204ff4354b799,source_domain/cwru_12khz_fe/IR007_0.mat,IR,source_domain/cwru_12khz_fe/IR007_0.mat,0,test
WIN-4858540c7771fcd31f5e,source_domain/cwru_12khz_fe/IR007_0.mat,IR,source_domain/cwru_12khz_fe/IR007_0.mat,0,test
WIN-236290c16e2454609e8f,source_domain/cwru_12khz_fe/IR007_0.mat,IR,source_domain/cwru_12khz_fe/IR007_0.mat,0,test
WIN-daf59a603c9555423e28,source_domain/cwru_12khz_fe/IR007_0.mat,IR,source_domain/cwru_12khz_fe/IR007_0.mat,0,test
WIN-e7a5ec78c744c22f6f7b,source_domain/cwru_12khz_fe/IR007_0.mat,IR,source_domain/cwru_12khz_fe/IR007_0.mat,0,test
WIN-8ea36ad1ed8ed4050ee1,source_domain/cwru_12khz_fe/IR007_0.mat,IR,source_domain/cwru_12khz_fe/IR007_0.mat,0,test
WIN-6df3b1a0e807f9bfdd2a,source_domain/cwru_12khz_fe/IR007_0.mat,IR,source_domain/cwru_12khz_fe/IR007_0.mat,0,test
WIN-3e58b4956f9eb2a15f8f,source_domain/cwru_12khz_fe/IR007_0.mat,IR,source_domain/cwru_12khz_fe/IR007_0.mat,0,test
WIN-fe011dea2903f8cd4c22,source_domain/cwru_12khz_fe/IR007_0.mat,IR,source_domain/cwru_12khz_fe/IR007_0.mat,0,test
WIN-6436369b6b6a5c89b6f4,source_domain/cwru_12khz_fe/IR007_0.mat,IR,source_domain/cwru_12khz_fe/IR007_0.mat,0,test
WIN-76b37ed3bc783c0cc905,source_domain/cwru_12khz_fe/IR007_1.mat,IR,source_domain/cwru_12khz_fe/IR007_1.mat,0,train_pool
WIN-ba35f61877490475d0c1,source_domain/cwru_12khz_fe/IR007_1.mat,IR,source_domain/cwru_12khz_fe/IR007_1.mat,0,train_pool
WIN-7d6464ba2fca178a047a,source_domain/cwru_12khz_fe/IR007_1.mat,IR,source_domain/cwru_12khz_fe/IR007_1.mat,0,train_pool
WIN-818ad005e3cb0f8cfeb1,source_domain/cwru_12khz_fe/IR007_1.mat,IR,source_domain/cwru_12khz_fe/IR007_1.mat,0,train_pool
WIN-81b726fe00d127972160,source_domain/cwru_12khz_fe/IR007_1.mat,IR,source_domain/cwru_12khz_fe/IR007_1.mat,0,train_pool
WIN-5c17bd1b9c8c56bae671,source_domain/cwru_12khz_fe/IR007_1.mat,IR,source_domain/cwru_12khz_fe/IR007_1.mat,0,train_pool
WIN-31d80cf41e038ac53d82,source_domain/cwru_12khz_fe/IR007_1.mat,IR,source_domain/cwru_12khz_fe/IR007_1.mat,0,train_pool
WIN-65b070ef7b219013641f,source_domain/cwru_12khz_fe/IR007_1.mat,IR,source_domain/cwru_12khz_fe/IR007_1.mat,0,train_pool
WIN-675d4546c409d80d86e3,source_domain/cwru_12khz_fe/IR007_1.mat,IR,source_domain/cwru_12khz_fe/IR007_1.mat,0,train_pool
WIN-6c7a4134cbf512b3a28e,source_domain/cwru_12khz_fe/IR007_1.mat,IR,source_domain/cwru_12khz_fe/IR007_1.mat,0,train_pool
WIN-1609a00ca1d3a822e2dd,source_domain/cwru_12khz_fe/IR007_1.mat,IR,source_domain/cwru_12khz_fe/IR007_1.mat,0,train_pool
WIN-c3216774c4460e657567,source_domain/cwru_12khz_fe/IR007_1.mat,IR,source_domain/cwru_12khz_fe/IR007_1.mat,0,train_pool
WIN-793fae25042f4a3987f1,source_domain/cwru_12khz_fe/IR007_1.mat,IR,source_domain/cwru_12khz_fe/IR007_1.mat,0,train_pool
WIN-73592ac81c9a7a22bac3,source_domain/cwru_12khz_fe/IR007_1.mat,IR,source_domain/cwru_12khz_fe/IR007_1.mat,0,train_pool
WIN-6fc76f988f52786ece77,source_domain/cwru_12khz_fe/IR007_1.mat,IR,source_domain/cwru_12khz_fe/IR007_1.mat,0,train_pool
WIN-b5260e2cd6b8d8f6cd67,source_domain/cwru_12khz_fe/IR007_2.mat,IR,source_domain/cwru_12khz_fe/IR007_2.mat,0,train_pool
WIN-ade913420fc52d55847c,source_domain/cwru_12khz_fe/IR007_2.mat,IR,source_domain/cwru_12khz_fe/IR007_2.mat,0,train_pool
WIN-01e7e62f4c2ecbdb18db,source_domain/cwru_12khz_fe/IR007_2.mat,IR,source_domain/cwru_12khz_fe/IR007_2.mat,0,train_pool
WIN-70314c3ab088ce2bee55,source_domain/cwru_12khz_fe/IR007_2.mat,IR,source_domain/cwru_12khz_fe/IR007_2.mat,0,train_pool
WIN-fed04242cbf1719d78bf,source_domain/cwru_12khz_fe/IR007_2.mat,IR,source_domain/cwru_12khz_fe/IR007_2.mat,0,train_pool
WIN-979bf2d8b4fd579dcd33,source_domain/cwru_12khz_fe/IR007_2.mat,IR,source_domain/cwru_12khz_fe/IR007_2.mat,0,train_pool
WIN-858f672a8ed729a64e8e,source_domain/cwru_12khz_fe/IR007_2.mat,IR,source_domain/cwru_12khz_fe/IR007_2.mat,0,train_pool
WIN-75ab10ed4c5e44e818b5,source_domain/cwru_12khz_fe/IR007_2.mat,IR,source_domain/cwru_12khz_fe/IR007_2.mat,0,train_pool
WIN-bd346145ae546172e166,source_domain/cwru_12khz_fe/IR007_2.mat,IR,source_domain/cwru_12khz_fe/IR007_2.mat,0,train_pool
WIN-14dc9dcdf84c6b5f3943,source_domain/cwru_12khz_fe/IR007_2.mat,IR,source_domain/cwru_12khz_fe/IR007_2.mat,0,train_pool
WIN-06b3ee637ecb4727711e,source_domain/cwru_12khz_fe/IR007_2.mat,IR,source_domain/cwru_12khz_fe/IR007_2.mat,0,train_pool
WIN-8c6bd41037c8c6a97b20,source_domain/cwru_12khz_fe/IR007_2.mat,IR,source_domain/cwru_12khz_fe/IR007_2.mat,0,train_pool
WIN-666695e7042d3c8f85e4,source_domain/cwru_12khz_fe/IR007_2.mat,IR,source_domain/cwru_12khz_fe/IR007_2.mat,0,train_pool
WIN-b6c4c97697e059fc19ad,source_domain/cwru_12khz_fe/IR007_2.mat,IR,source_domain/cwru_12khz_fe/IR007_2.mat,0,train_pool
WIN-6096a5f0b148a34900c5,source_domain/cwru_12khz_fe/IR007_2.mat,IR,source_domain/cwru_12khz_fe/IR007_2.mat,0,train_pool
WIN-36c3fb867e1ebbfb7945,source_domain/cwru_12khz_fe/IR007_3.mat,IR,source_domain/cwru_12khz_fe/IR007_3.mat,0,train_pool
WIN-2f3a8feb7ac80dd3054b,source_domain/cwru_12khz_fe/IR007_3.mat,IR,source_domain/cwru_12khz_fe/IR007_3.mat,0,train_pool
WIN-c0c957a2ebecccd09b09,source_domain/cwru_12khz_fe/IR007_3.mat,IR,source_domain/cwru_12khz_fe/IR007_3.mat,0,train_pool
WIN-9e34e8c735e92f8efcc4,source_domain/cwru_12khz_fe/IR007_3.mat,IR,source_domain/cwru_12khz_fe/IR007_3.mat,0,train_pool
WIN-05e3b5dba0b8bf0cec71,source_domain/cwru_12khz_fe/IR007_3.mat,IR,source_domain/cwru_12khz_fe/IR007_3.mat,0,train_pool
WIN-b3826052360ede3025ed,source_domain/cwru_12khz_fe/IR007_3.mat,IR,source_domain/cwru_12khz_fe/IR007_3.mat,0,train_pool
WIN-876fac0ccd4036166ffe,source_domain/cwru_12khz_fe/IR007_3.mat,IR,source_domain/cwru_12khz_fe/IR007_3.mat,0,train_pool
WIN-95ba58e2644691cf9155,source_domain/cwru_12khz_fe/IR007_3.mat,IR,source_domain/cwru_12khz_fe/IR007_3.mat,0,train_pool
WIN-db8aa1c4a131bb7d038d,source_domain/cwru_12khz_fe/IR007_3.mat,IR,source_domain/cwru_12khz_fe/IR007_3.mat,0,train_pool
WIN-39e8b4aaf58b74cc748a,source_domain/cwru_12khz_fe/IR007_3.mat,IR,source_domain/cwru_12khz_fe/IR007_3.mat,0,train_pool
WIN-02135945bb18ff887375,source_domain/cwru_12khz_fe/IR007_3.mat,IR,source_domain/cwru_12khz_fe/IR007_3.mat,0,train_pool
WIN-9b30f7c42b134f3dd64a,source_domain/cwru_12khz_fe/IR007_3.mat,IR,source_domain/cwru_12khz_fe/IR007_3.mat,0,train_pool
WIN-d1c33fd95c8d96968d54,source_domain/cwru_12khz_fe/IR007_3.mat,IR,source_domain/cwru_12khz_fe/IR007_3.mat,0,train_pool
WIN-70fafa99e816d7111b6d,source_domain/cwru_12khz_fe/IR007_3.mat,IR,source_domain/cwru_12khz_fe/IR007_3.mat,0,train_pool
WIN-386787f7137c8175d934,source_domain/cwru_12khz_fe/IR007_3.mat,IR,source_domain/cwru_12khz_fe/IR007_3.mat,0,train_pool
WIN-62696365c983df932a8d,source_domain/cwru_12khz_fe/IR014_0.mat,IR,source_domain/cwru_12khz_fe/IR014_0.mat,0,test
WIN-b1ebedb36966d2107ec7,source_domain/cwru_12khz_fe/IR014_0.mat,IR,source_domain/cwru_12khz_fe/IR014_0.mat,0,test
WIN-21f44ece947d5ffbac4a,source_domain/cwru_12khz_fe/IR014_0.mat,IR,source_domain/cwru_12khz_fe/IR014_0.mat,0,test
WIN-b72afe8ff9e3e40e1833,source_domain/cwru_12khz_fe/IR014_0.mat,IR,source_domain/cwru_12khz_fe/IR014_0.mat,0,test
WIN-06ef77117f462ca4aafc,source_domain/cwru_12khz_fe/IR014_0.mat,IR,source_domain/cwru_12khz_fe/IR014_0.mat,0,test
WIN-14b7f82858bbdbf77eeb,source_domain/cwru_12khz_fe/IR014_0.mat,IR,source_domain/cwru_12khz_fe/IR014_0.mat,0,test
WIN-57fcacb5f64126c65095,source_domain/cwru_12khz_fe/IR014_0.mat,IR,source_domain/cwru_12khz_fe/IR014_0.mat,0,test
WIN-39974fa6f44d1515f03e,source_domain/cwru_12khz_fe/IR014_0.mat,IR,source_domain/cwru_12khz_fe/IR014_0.mat,0,test
WIN-d484361e8fdc962b15cf,source_domain/cwru_12khz_fe/IR014_0.mat,IR,source_domain/cwru_12khz_fe/IR014_0.mat,0,test
WIN-571156a292963ce10be9,source_domain/cwru_12khz_fe/IR014_0.mat,IR,source_domain/cwru_12khz_fe/IR014_0.mat,0,test
WIN-8271e42c86cd42bc4463,source_domain/cwru_12khz_fe/IR014_0.mat,IR,source_domain/cwru_12khz_fe/IR014_0.mat,0,test
WIN-57bd81b8264d6660c5d3,source_domain/cwru_12khz_fe/IR014_0.mat,IR,source_domain/cwru_12khz_fe/IR014_0.mat,0,test
WIN-dad8679918e8871ce2f0,source_domain/cwru_12khz_fe/IR014_0.mat,IR,source_domain/cwru_12khz_fe/IR014_0.mat,0,test
WIN-f7c77baae89c17b6049f,source_domain/cwru_12khz_fe/IR014_0.mat,IR,source_domain/cwru_12khz_fe/IR014_0.mat,0,test
WIN-f743df3c3f350713e282,source_domain/cwru_12khz_fe/IR014_0.mat,IR,source_domain/cwru_12khz_fe/IR014_0.mat,0,test
WIN-85ae90faabadab7d5828,source_domain/cwru_12khz_fe/IR014_1.mat,IR,source_domain/cwru_12khz_fe/IR014_1.mat,0,train_pool
WIN-bfd566badf798378011f,source_domain/cwru_12khz_fe/IR014_1.mat,IR,source_domain/cwru_12khz_fe/IR014_1.mat,0,train_pool
WIN-a7acf3397ee9375b0e93,source_domain/cwru_12khz_fe/IR014_1.mat,IR,source_domain/cwru_12khz_fe/IR014_1.mat,0,train_pool
WIN-3826c922b4c105df2f7d,source_domain/cwru_12khz_fe/IR014_1.mat,IR,source_domain/cwru_12khz_fe/IR014_1.mat,0,train_pool
WIN-42e666986313bfbb88ab,source_domain/cwru_12khz_fe/IR014_1.mat,IR,source_domain/cwru_12khz_fe/IR014_1.mat,0,train_pool
WIN-ec477fae56320663b28f,source_domain/cwru_12khz_fe/IR014_1.mat,IR,source_domain/cwru_12khz_fe/IR014_1.mat,0,train_pool
WIN-c99d826df9499e731fbf,source_domain/cwru_12khz_fe/IR014_1.mat,IR,source_domain/cwru_12khz_fe/IR014_1.mat,0,train_pool
WIN-cdc328545af4f4423377,source_domain/cwru_12khz_fe/IR014_1.mat,IR,source_domain/cwru_12khz_fe/IR014_1.mat,0,train_pool
WIN-2290f757189fbcbee4aa,source_domain/cwru_12khz_fe/IR014_1.mat,IR,source_domain/cwru_12khz_fe/IR014_1.mat,0,train_pool
WIN-cc3fd51f324cf584e730,source_domain/cwru_12khz_fe/IR014_1.mat,IR,source_domain/cwru_12khz_fe/IR014_1.mat,0,train_pool
WIN-de8659e3136d7a79549a,source_domain/cwru_12khz_fe/IR014_1.mat,IR,source_domain/cwru_12khz_fe/IR014_1.mat,0,train_pool
WIN-8a9c1c6fa65078d2c247,source_domain/cwru_12khz_fe/IR014_1.mat,IR,source_domain/cwru_12khz_fe/IR014_1.mat,0,train_pool
WIN-9e326f99a153645d35c6,source_domain/cwru_12khz_fe/IR014_1.mat,IR,source_domain/cwru_12khz_fe/IR014_1.mat,0,train_pool
WIN-c6091c5f9ebb00bcb9ad,source_domain/cwru_12khz_fe/IR014_1.mat,IR,source_domain/cwru_12khz_fe/IR014_1.mat,0,train_pool
WIN-230fdb831982ad274196,source_domain/cwru_12khz_fe/IR014_1.mat,IR,source_domain/cwru_12khz_fe/IR014_1.mat,0,train_pool
WIN-8dd5a29353542d2461f5,source_domain/cwru_12khz_fe/IR014_2.mat,IR,source_domain/cwru_12khz_fe/IR014_2.mat,0,train_pool
WIN-1ac7616db8fc9d99f80d,source_domain/cwru_12khz_fe/IR014_2.mat,IR,source_domain/cwru_12khz_fe/IR014_2.mat,0,train_pool
WIN-86e44c67fde4f980e3f0,source_domain/cwru_12khz_fe/IR014_2.mat,IR,source_domain/cwru_12khz_fe/IR014_2.mat,0,train_pool
WIN-0ea1ca1043aa44936435,source_domain/cwru_12khz_fe/IR014_2.mat,IR,source_domain/cwru_12khz_fe/IR014_2.mat,0,train_pool
WIN-d184189702c1c23867ae,source_domain/cwru_12khz_fe/IR014_2.mat,IR,source_domain/cwru_12khz_fe/IR014_2.mat,0,train_pool
WIN-5b1a9fb52dcc810feee9,source_domain/cwru_12khz_fe/IR014_2.mat,IR,source_domain/cwru_12khz_fe/IR014_2.mat,0,train_pool
WIN-be0f658db58ac0f0ff8a,source_domain/cwru_12khz_fe/IR014_2.mat,IR,source_domain/cwru_12khz_fe/IR014_2.mat,0,train_pool
WIN-c8ed48b34da272d4bdf6,source_domain/cwru_12khz_fe/IR014_2.mat,IR,source_domain/cwru_12khz_fe/IR014_2.mat,0,train_pool
WIN-cfd83e247fe639de1309,source_domain/cwru_12khz_fe/IR014_2.mat,IR,source_domain/cwru_12khz_fe/IR014_2.mat,0,train_pool
WIN-92efb6dd469ce2ac10d0,source_domain/cwru_12khz_fe/IR014_2.mat,IR,source_domain/cwru_12khz_fe/IR014_2.mat,0,train_pool
WIN-b0ec0d90db45a81fe520,source_domain/cwru_12khz_fe/IR014_2.mat,IR,source_domain/cwru_12khz_fe/IR014_2.mat,0,train_pool
WIN-bab8f26b2be44958d70f,source_domain/cwru_12khz_fe/IR014_2.mat,IR,source_domain/cwru_12khz_fe/IR014_2.mat,0,train_pool
WIN-307631e7cb0fb39c919d,source_domain/cwru_12khz_fe/IR014_2.mat,IR,source_domain/cwru_12khz_fe/IR014_2.mat,0,train_pool
WIN-580e7f428d853bf89e27,source_domain/cwru_12khz_fe/IR014_2.mat,IR,source_domain/cwru_12khz_fe/IR014_2.mat,0,train_pool
WIN-683537dfcd7db82db89e,source_domain/cwru_12khz_fe/IR014_2.mat,IR,source_domain/cwru_12khz_fe/IR014_2.mat,0,train_pool
WIN-6bcc910060e6a2783f7c,source_domain/cwru_12khz_fe/IR014_3.mat,IR,source_domain/cwru_12khz_fe/IR014_3.mat,0,test
WIN-9db033efbdf410ea51c3,source_domain/cwru_12khz_fe/IR014_3.mat,IR,source_domain/cwru_12khz_fe/IR014_3.mat,0,test
WIN-5067f4851d1df38bb8ea,source_domain/cwru_12khz_fe/IR014_3.mat,IR,source_domain/cwru_12khz_fe/IR014_3.mat,0,test
WIN-57cbd4a80d5d75533139,source_domain/cwru_12khz_fe/IR014_3.mat,IR,source_domain/cwru_12khz_fe/IR014_3.mat,0,test
WIN-c7f02031e7dae0fdecb6,source_domain/cwru_12khz_fe/IR014_3.mat,IR,source_domain/cwru_12khz_fe/IR014_3.mat,0,test
WIN-b3641b72e6f4775ec2bb,source_domain/cwru_12khz_fe/IR014_3.mat,IR,source_domain/cwru_12khz_fe/IR014_3.mat,0,test
WIN-dffb160c65b929775fa1,source_domain/cwru_12khz_fe/IR014_3.mat,IR,source_domain/cwru_12khz_fe/IR014_3.mat,0,test
WIN-1b34a7d35b846363d699,source_domain/cwru_12khz_fe/IR014_3.mat,IR,source_domain/cwru_12khz_fe/IR014_3.mat,0,test
WIN-08914e4d1f36f7fd0623,source_domain/cwru_12khz_fe/IR014_3.mat,IR,source_domain/cwru_12khz_fe/IR014_3.mat,0,test
WIN-c9757224d240ac23ec8b,source_domain/cwru_12khz_fe/IR014_3.mat,IR,source_domain/cwru_12khz_fe/IR014_3.mat,0,test
WIN-9cbbfa0c8ae645300c76,source_domain/cwru_12khz_fe/IR014_3.mat,IR,source_domain/cwru_12khz_fe/IR014_3.mat,0,test
WIN-a8a5f313c519707a0e89,source_domain/cwru_12khz_fe/IR014_3.mat,IR,source_domain/cwru_12khz_fe/IR014_3.mat,0,test
WIN-d8c2edb9471f1ca481a2,source_domain/cwru_12khz_fe/IR014_3.mat,IR,source_domain/cwru_12khz_fe/IR014_3.mat,0,test
WIN-6ac8f82e3370980eb1d2,source_domain/cwru_12khz_fe/IR014_3.mat,IR,source_domain/cwru_12khz_fe/IR014_3.mat,0,test
WIN-1e336694d1ddc07bc2bd,source_domain/cwru_12khz_fe/IR014_3.mat,IR,source_domain/cwru_12khz_fe/IR014_3.mat,0,test
WIN-f1a58f4f3ed23b97e2f0,source_domain/cwru_12khz_fe/IR021_0.mat,IR,source_domain/cwru_12khz_fe/IR021_0.mat,0,train_pool
WIN-cb72ed354d09b4f3ecad,source_domain/cwru_12khz_fe/IR021_0.mat,IR,source_domain/cwru_12khz_fe/IR021_0.mat,0,train_pool
WIN-a2da8eec5688b9029b80,source_domain/cwru_12khz_fe/IR021_0.mat,IR,source_domain/cwru_12khz_fe/IR021_0.mat,0,train_pool
WIN-766984dc5ab18ce09ac3,source_domain/cwru_12khz_fe/IR021_0.mat,IR,source_domain/cwru_12khz_fe/IR021_0.mat,0,train_pool
WIN-df5af39b8a314ea3f8fc,source_domain/cwru_12khz_fe/IR021_0.mat,IR,source_domain/cwru_12khz_fe/IR021_0.mat,0,train_pool
WIN-8cb9e165024733262024,source_domain/cwru_12khz_fe/IR021_0.mat,IR,source_domain/cwru_12khz_fe/IR021_0.mat,0,train_pool
WIN-ea8ee01bb7d4b7a3cf25,source_domain/cwru_12khz_fe/IR021_0.mat,IR,source_domain/cwru_12khz_fe/IR021_0.mat,0,train_pool
WIN-fe7d6dfecf911e3ccf77,source_domain/cwru_12khz_fe/IR021_0.mat,IR,source_domain/cwru_12khz_fe/IR021_0.mat,0,train_pool
WIN-ebb0533d30429f8136a6,source_domain/cwru_12khz_fe/IR021_0.mat,IR,source_domain/cwru_12khz_fe/IR021_0.mat,0,train_pool
WIN-e937ef2c89b66e754692,source_domain/cwru_12khz_fe/IR021_0.mat,IR,source_domain/cwru_12khz_fe/IR021_0.mat,0,train_pool
WIN-b2dfa1f429227c4b8d2f,source_domain/cwru_12khz_fe/IR021_0.mat,IR,source_domain/cwru_12khz_fe/IR021_0.mat,0,train_pool
WIN-49dbfe60afc8e26b16f0,source_domain/cwru_12khz_fe/IR021_0.mat,IR,source_domain/cwru_12khz_fe/IR021_0.mat,0,train_pool
WIN-7bb0c885759045a6654a,source_domain/cwru_12khz_fe/IR021_0.mat,IR,source_domain/cwru_12khz_fe/IR021_0.mat,0,train_pool
WIN-cce1986cc6e147facd2e,source_domain/cwru_12khz_fe/IR021_0.mat,IR,source_domain/cwru_12khz_fe/IR021_0.mat,0,train_pool
WIN-956cec6db54c9f576589,source_domain/cwru_12khz_fe/IR021_0.mat,IR,source_domain/cwru_12khz_fe/IR021_0.mat,0,train_pool
WIN-af90dedd3ab6bb4603ce,source_domain/cwru_12khz_fe/IR021_1.mat,IR,source_domain/cwru_12khz_fe/IR021_1.mat,0,train_pool
WIN-ae5f60f8b954a932da59,source_domain/cwru_12khz_fe/IR021_1.mat,IR,source_domain/cwru_12khz_fe/IR021_1.mat,0,train_pool
WIN-541679f2292056c93c74,source_domain/cwru_12khz_fe/IR021_1.mat,IR,source_domain/cwru_12khz_fe/IR021_1.mat,0,train_pool
WIN-2815b3949c9296691723,source_domain/cwru_12khz_fe/IR021_1.mat,IR,source_domain/cwru_12khz_fe/IR021_1.mat,0,train_pool
WIN-12b47fd529ff613b50db,source_domain/cwru_12khz_fe/IR021_1.mat,IR,source_domain/cwru_12khz_fe/IR021_1.mat,0,train_pool
WIN-92a05a596e09faf0469e,source_domain/cwru_12khz_fe/IR021_1.mat,IR,source_domain/cwru_12khz_fe/IR021_1.mat,0,train_pool
WIN-ac28aca983a363ed75a1,source_domain/cwru_12khz_fe/IR021_1.mat,IR,source_domain/cwru_12khz_fe/IR021_1.mat,0,train_pool
WIN-b22099acebbf932611c6,source_domain/cwru_12khz_fe/IR021_1.mat,IR,source_domain/cwru_12khz_fe/IR021_1.mat,0,train_pool
WIN-1edb17d9e2db8860f262,source_domain/cwru_12khz_fe/IR021_1.mat,IR,source_domain/cwru_12khz_fe/IR021_1.mat,0,train_pool
WIN-ad0526632af328ea078a,source_domain/cwru_12khz_fe/IR021_1.mat,IR,source_domain/cwru_12khz_fe/IR021_1.mat,0,train_pool
WIN-a12e8064cf48351cf1c4,source_domain/cwru_12khz_fe/IR021_1.mat,IR,source_domain/cwru_12khz_fe/IR021_1.mat,0,train_pool
WIN-645dcea1edad34cd7ebc,source_domain/cwru_12khz_fe/IR021_1.mat,IR,source_domain/cwru_12khz_fe/IR021_1.mat,0,train_pool
WIN-93a655c71ace7cf36461,source_domain/cwru_12khz_fe/IR021_1.mat,IR,source_domain/cwru_12khz_fe/IR021_1.mat,0,train_pool
WIN-ea175eb069f7f0e8a1dc,source_domain/cwru_12khz_fe/IR021_1.mat,IR,source_domain/cwru_12khz_fe/IR021_1.mat,0,train_pool
WIN-02e858828f8d6253d825,source_domain/cwru_12khz_fe/IR021_1.mat,IR,source_domain/cwru_12khz_fe/IR021_1.mat,0,train_pool
WIN-ade818bd37afd0fa0740,source_domain/cwru_12khz_fe/IR021_2.mat,IR,source_domain/cwru_12khz_fe/IR021_2.mat,0,train_pool
WIN-067e8414e36b441ec9ad,source_domain/cwru_12khz_fe/IR021_2.mat,IR,source_domain/cwru_12khz_fe/IR021_2.mat,0,train_pool
WIN-82fc40b80dc0401d1d59,source_domain/cwru_12khz_fe/IR021_2.mat,IR,source_domain/cwru_12khz_fe/IR021_2.mat,0,train_pool
WIN-257b647f86237e701c07,source_domain/cwru_12khz_fe/IR021_2.mat,IR,source_domain/cwru_12khz_fe/IR021_2.mat,0,train_pool
WIN-681f97c80b2d7a4390c4,source_domain/cwru_12khz_fe/IR021_2.mat,IR,source_domain/cwru_12khz_fe/IR021_2.mat,0,train_pool
WIN-ffd41a97997930c06560,source_domain/cwru_12khz_fe/IR021_2.mat,IR,source_domain/cwru_12khz_fe/IR021_2.mat,0,train_pool
WIN-01ddea71fe80693dcd0c,source_domain/cwru_12khz_fe/IR021_2.mat,IR,source_domain/cwru_12khz_fe/IR021_2.mat,0,train_pool
WIN-f7c97c65fdb4734fcde1,source_domain/cwru_12khz_fe/IR021_2.mat,IR,source_domain/cwru_12khz_fe/IR021_2.mat,0,train_pool
WIN-a08c9311a67a450e72fc,source_domain/cwru_12khz_fe/IR021_2.mat,IR,source_domain/cwru_12khz_fe/IR021_2.mat,0,train_pool
WIN-ba515142a0007c4b2629,source_domain/cwru_12khz_fe/IR021_2.mat,IR,source_domain/cwru_12khz_fe/IR021_2.mat,0,train_pool
WIN-3162e5c6e8dc56508eb5,source_domain/cwru_12khz_fe/IR021_2.mat,IR,source_domain/cwru_12khz_fe/IR021_2.mat,0,train_pool
WIN-4efa088d6b62e83b982a,source_domain/cwru_12khz_fe/IR021_2.mat,IR,source_domain/cwru_12khz_fe/IR021_2.mat,0,train_pool
WIN-ac9006c3212e10886f49,source_domain/cwru_12khz_fe/IR021_2.mat,IR,source_domain/cwru_12khz_fe/IR021_2.mat,0,train_pool
WIN-4ea6f053c047ef8704fa,source_domain/cwru_12khz_fe/IR021_2.mat,IR,source_domain/cwru_12khz_fe/IR021_2.mat,0,train_pool
WIN-3f93669f64da8cfeb4f1,source_domain/cwru_12khz_fe/IR021_2.mat,IR,source_domain/cwru_12khz_fe/IR021_2.mat,0,train_pool
WIN-7cfe75c680335acb71fc,source_domain/cwru_12khz_fe/IR021_3.mat,IR,source_domain/cwru_12khz_fe/IR021_3.mat,0,train_pool
WIN-da1b2290cde4e3240e8d,source_domain/cwru_12khz_fe/IR021_3.mat,IR,source_domain/cwru_12khz_fe/IR021_3.mat,0,train_pool
WIN-bf01017e9d620164e839,source_domain/cwru_12khz_fe/IR021_3.mat,IR,source_domain/cwru_12khz_fe/IR021_3.mat,0,train_pool
WIN-648a6afb261a5ec06b8d,source_domain/cwru_12khz_fe/IR021_3.mat,IR,source_domain/cwru_12khz_fe/IR021_3.mat,0,train_pool
WIN-8eb23f44087b49271219,source_domain/cwru_12khz_fe/IR021_3.mat,IR,source_domain/cwru_12khz_fe/IR021_3.mat,0,train_pool
WIN-576502aab2e9e4c4775a,source_domain/cwru_12khz_fe/IR021_3.mat,IR,source_domain/cwru_12khz_fe/IR021_3.mat,0,train_pool
WIN-ff4ea363627c75a13ff7,source_domain/cwru_12khz_fe/IR021_3.mat,IR,source_domain/cwru_12khz_fe/IR021_3.mat,0,train_pool
WIN-fe77534eb996ee41b69b,source_domain/cwru_12khz_fe/IR021_3.mat,IR,source_domain/cwru_12khz_fe/IR021_3.mat,0,train_pool
WIN-a1f094216dd6a49cd973,source_domain/cwru_12khz_fe/IR021_3.mat,IR,source_domain/cwru_12khz_fe/IR021_3.mat,0,train_pool
WIN-bd4fdc3c59effa9f13f6,source_domain/cwru_12khz_fe/IR021_3.mat,IR,source_domain/cwru_12khz_fe/IR021_3.mat,0,train_pool
WIN-00154dd47f4b27756990,source_domain/cwru_12khz_fe/IR021_3.mat,IR,source_domain/cwru_12khz_fe/IR021_3.mat,0,train_pool
WIN-9805925649c8dcb8c2ca,source_domain/cwru_12khz_fe/IR021_3.mat,IR,source_domain/cwru_12khz_fe/IR021_3.mat,0,train_pool
WIN-9439f1aa6712cf6d7c0e,source_domain/cwru_12khz_fe/IR021_3.mat,IR,source_domain/cwru_12khz_fe/IR021_3.mat,0,train_pool
WIN-b98a836d1a68b385c13b,source_domain/cwru_12khz_fe/IR021_3.mat,IR,source_domain/cwru_12khz_fe/IR021_3.mat,0,train_pool
WIN-46747e8a8dc1c5a79865,source_domain/cwru_12khz_fe/IR021_3.mat,IR,source_domain/cwru_12khz_fe/IR021_3.mat,0,train_pool
WIN-fa6c8cafed1699d7517f,source_domain/cwru_12khz_fe/OR007@12_0.mat,OR,source_domain/cwru_12khz_fe/OR007@12_0.mat,0,train_pool
WIN-748be3b276d7164e9abc,source_domain/cwru_12khz_fe/OR007@12_0.mat,OR,source_domain/cwru_12khz_fe/OR007@12_0.mat,0,train_pool
WIN-8bc0f9ecea59ddc8639a,source_domain/cwru_12khz_fe/OR007@12_0.mat,OR,source_domain/cwru_12khz_fe/OR007@12_0.mat,0,train_pool
WIN-5fd668811bc1cd1d4aa5,source_domain/cwru_12khz_fe/OR007@12_0.mat,OR,source_domain/cwru_12khz_fe/OR007@12_0.mat,0,train_pool
WIN-d946fc2423b4c37de0ba,source_domain/cwru_12khz_fe/OR007@12_0.mat,OR,source_domain/cwru_12khz_fe/OR007@12_0.mat,0,train_pool
WIN-c40afc9071dd90c1dd08,source_domain/cwru_12khz_fe/OR007@12_0.mat,OR,source_domain/cwru_12khz_fe/OR007@12_0.mat,0,train_pool
WIN-99e8592999abd62a92ed,source_domain/cwru_12khz_fe/OR007@12_0.mat,OR,source_domain/cwru_12khz_fe/OR007@12_0.mat,0,train_pool
WIN-74dc12ae699664545810,source_domain/cwru_12khz_fe/OR007@12_0.mat,OR,source_domain/cwru_12khz_fe/OR007@12_0.mat,0,train_pool
WIN-9a56271c78fb4a9291b4,source_domain/cwru_12khz_fe/OR007@12_0.mat,OR,source_domain/cwru_12khz_fe/OR007@12_0.mat,0,train_pool
WIN-a08c283a0089fd3a3c77,source_domain/cwru_12khz_fe/OR007@12_0.mat,OR,source_domain/cwru_12khz_fe/OR007@12_0.mat,0,train_pool
WIN-ebe16bfdb825565c17b5,source_domain/cwru_12khz_fe/OR007@12_0.mat,OR,source_domain/cwru_12khz_fe/OR007@12_0.mat,0,train_pool
WIN-85ab41149290cae6fc68,source_domain/cwru_12khz_fe/OR007@12_0.mat,OR,source_domain/cwru_12khz_fe/OR007@12_0.mat,0,train_pool
WIN-fcc50a408ff847057e1f,source_domain/cwru_12khz_fe/OR007@12_0.mat,OR,source_domain/cwru_12khz_fe/OR007@12_0.mat,0,train_pool
WIN-eb08ea4539f25f0f13aa,source_domain/cwru_12khz_fe/OR007@12_0.mat,OR,source_domain/cwru_12khz_fe/OR007@12_0.mat,0,train_pool
WIN-d3143590034485211717,source_domain/cwru_12khz_fe/OR007@12_0.mat,OR,source_domain/cwru_12khz_fe/OR007@12_0.mat,0,train_pool
WIN-7718500823160a4ed834,source_domain/cwru_12khz_fe/OR007@12_1.mat,OR,source_domain/cwru_12khz_fe/OR007@12_1.mat,0,train_pool
WIN-b8cdede8b847e897b910,source_domain/cwru_12khz_fe/OR007@12_1.mat,OR,source_domain/cwru_12khz_fe/OR007@12_1.mat,0,train_pool
WIN-ca8f05b4736b05a7abca,source_domain/cwru_12khz_fe/OR007@12_1.mat,OR,source_domain/cwru_12khz_fe/OR007@12_1.mat,0,train_pool
WIN-1c99fd92750e4cd5b69c,source_domain/cwru_12khz_fe/OR007@12_1.mat,OR,source_domain/cwru_12khz_fe/OR007@12_1.mat,0,train_pool
WIN-cd5cee30908fa9dd322b,source_domain/cwru_12khz_fe/OR007@12_1.mat,OR,source_domain/cwru_12khz_fe/OR007@12_1.mat,0,train_pool
WIN-afc638373581bdc53f82,source_domain/cwru_12khz_fe/OR007@12_1.mat,OR,source_domain/cwru_12khz_fe/OR007@12_1.mat,0,train_pool
WIN-8cabc3cb4a6808623153,source_domain/cwru_12khz_fe/OR007@12_1.mat,OR,source_domain/cwru_12khz_fe/OR007@12_1.mat,0,train_pool
WIN-417a6c5dddcd5efa5b3b,source_domain/cwru_12khz_fe/OR007@12_1.mat,OR,source_domain/cwru_12khz_fe/OR007@12_1.mat,0,train_pool
WIN-62e1ec01435b9a7e2987,source_domain/cwru_12khz_fe/OR007@12_1.mat,OR,source_domain/cwru_12khz_fe/OR007@12_1.mat,0,train_pool
WIN-b0be68aa03be9e5b88f7,source_domain/cwru_12khz_fe/OR007@12_1.mat,OR,source_domain/cwru_12khz_fe/OR007@12_1.mat,0,train_pool
WIN-97a36bbaed1c66c89785,source_domain/cwru_12khz_fe/OR007@12_1.mat,OR,source_domain/cwru_12khz_fe/OR007@12_1.mat,0,train_pool
WIN-85d57386065519c18595,source_domain/cwru_12khz_fe/OR007@12_1.mat,OR,source_domain/cwru_12khz_fe/OR007@12_1.mat,0,train_pool
WIN-5c60b10030023ecb1fa2,source_domain/cwru_12khz_fe/OR007@12_1.mat,OR,source_domain/cwru_12khz_fe/OR007@12_1.mat,0,train_pool
WIN-093bb1843cb54e36e1aa,source_domain/cwru_12khz_fe/OR007@12_1.mat,OR,source_domain/cwru_12khz_fe/OR007@12_1.mat,0,train_pool
WIN-197100a504dd69920efc,source_domain/cwru_12khz_fe/OR007@12_1.mat,OR,source_domain/cwru_12khz_fe/OR007@12_1.mat,0,train_pool
WIN-063ab624c8752b408780,source_domain/cwru_12khz_fe/OR007@12_2.mat,OR,source_domain/cwru_12khz_fe/OR007@12_2.mat,0,train_pool
WIN-f1107cc11bdac17af08c,source_domain/cwru_12khz_fe/OR007@12_2.mat,OR,source_domain/cwru_12khz_fe/OR007@12_2.mat,0,train_pool
WIN-3014bdc518adf9950ef6,source_domain/cwru_12khz_fe/OR007@12_2.mat,OR,source_domain/cwru_12khz_fe/OR007@12_2.mat,0,train_pool
WIN-77a4bd2a6e9de53d89ca,source_domain/cwru_12khz_fe/OR007@12_2.mat,OR,source_domain/cwru_12khz_fe/OR007@12_2.mat,0,train_pool
WIN-5067f5afa2eabe744cf8,source_domain/cwru_12khz_fe/OR007@12_2.mat,OR,source_domain/cwru_12khz_fe/OR007@12_2.mat,0,train_pool
WIN-58be6c5e49ca140386a7,source_domain/cwru_12khz_fe/OR007@12_2.mat,OR,source_domain/cwru_12khz_fe/OR007@12_2.mat,0,train_pool
WIN-19c4a444de9952f7f4cb,source_domain/cwru_12khz_fe/OR007@12_2.mat,OR,source_domain/cwru_12khz_fe/OR007@12_2.mat,0,train_pool
WIN-14fc350ca3de6b08c1fe,source_domain/cwru_12khz_fe/OR007@12_2.mat,OR,source_domain/cwru_12khz_fe/OR007@12_2.mat,0,train_pool
WIN-2300f48ede3c1dfa5ddc,source_domain/cwru_12khz_fe/OR007@12_2.mat,OR,source_domain/cwru_12khz_fe/OR007@12_2.mat,0,train_pool
WIN-993dae3161d23c470ed8,source_domain/cwru_12khz_fe/OR007@12_2.mat,OR,source_domain/cwru_12khz_fe/OR007@12_2.mat,0,train_pool
WIN-75ec544d8283c18f4ce5,source_domain/cwru_12khz_fe/OR007@12_2.mat,OR,source_domain/cwru_12khz_fe/OR007@12_2.mat,0,train_pool
WIN-11a0bf973c6f23ed135a,source_domain/cwru_12khz_fe/OR007@12_2.mat,OR,source_domain/cwru_12khz_fe/OR007@12_2.mat,0,train_pool
WIN-17d812e2b50736529c3d,source_domain/cwru_12khz_fe/OR007@12_2.mat,OR,source_domain/cwru_12khz_fe/OR007@12_2.mat,0,train_pool
WIN-865046b21f0a63655703,source_domain/cwru_12khz_fe/OR007@12_2.mat,OR,source_domain/cwru_12khz_fe/OR007@12_2.mat,0,train_pool
WIN-a7c54d1d3c47c7e8c1ea,source_domain/cwru_12khz_fe/OR007@12_2.mat,OR,source_domain/cwru_12khz_fe/OR007@12_2.mat,0,train_pool
WIN-46706137a5972d3a1ecc,source_domain/cwru_12khz_fe/OR007@12_3.mat,OR,source_domain/cwru_12khz_fe/OR007@12_3.mat,0,train_pool
WIN-2c7eb1f0c7ce0c05eb21,source_domain/cwru_12khz_fe/OR007@12_3.mat,OR,source_domain/cwru_12khz_fe/OR007@12_3.mat,0,train_pool
WIN-7d3864499d7d58bc6502,source_domain/cwru_12khz_fe/OR007@12_3.mat,OR,source_domain/cwru_12khz_fe/OR007@12_3.mat,0,train_pool
WIN-f84ed1c02fdc2dd93018,source_domain/cwru_12khz_fe/OR007@12_3.mat,OR,source_domain/cwru_12khz_fe/OR007@12_3.mat,0,train_pool
WIN-10bf77aae85d6fea8141,source_domain/cwru_12khz_fe/OR007@12_3.mat,OR,source_domain/cwru_12khz_fe/OR007@12_3.mat,0,train_pool
WIN-df325a4f39970a7614b7,source_domain/cwru_12khz_fe/OR007@12_3.mat,OR,source_domain/cwru_12khz_fe/OR007@12_3.mat,0,train_pool
WIN-2ebb9e36f146e958cd29,source_domain/cwru_12khz_fe/OR007@12_3.mat,OR,source_domain/cwru_12khz_fe/OR007@12_3.mat,0,train_pool
WIN-9dc3fc35b87ff32438f9,source_domain/cwru_12khz_fe/OR007@12_3.mat,OR,source_domain/cwru_12khz_fe/OR007@12_3.mat,0,train_pool
WIN-ba912dc1cc30dd45177a,source_domain/cwru_12khz_fe/OR007@12_3.mat,OR,source_domain/cwru_12khz_fe/OR007@12_3.mat,0,train_pool
WIN-cee281a823fc518d678a,source_domain/cwru_12khz_fe/OR007@12_3.mat,OR,source_domain/cwru_12khz_fe/OR007@12_3.mat,0,train_pool
WIN-3ca6b628cde95b69795b,source_domain/cwru_12khz_fe/OR007@12_3.mat,OR,source_domain/cwru_12khz_fe/OR007@12_3.mat,0,train_pool
WIN-d4fe139a2b4ff815788c,source_domain/cwru_12khz_fe/OR007@12_3.mat,OR,source_domain/cwru_12khz_fe/OR007@12_3.mat,0,train_pool
WIN-3129d49023847241fc96,source_domain/cwru_12khz_fe/OR007@12_3.mat,OR,source_domain/cwru_12khz_fe/OR007@12_3.mat,0,train_pool
WIN-b74d8c4470bfeba49f02,source_domain/cwru_12khz_fe/OR007@12_3.mat,OR,source_domain/cwru_12khz_fe/OR007@12_3.mat,0,train_pool
WIN-2aed894203967d14a01b,source_domain/cwru_12khz_fe/OR007@12_3.mat,OR,source_domain/cwru_12khz_fe/OR007@12_3.mat,0,train_pool
WIN-09a41abe2fd00223a4e1,source_domain/cwru_12khz_fe/OR007@3_0.mat,OR,source_domain/cwru_12khz_fe/OR007@3_0.mat,0,train_pool
WIN-2b526834e035ce798e75,source_domain/cwru_12khz_fe/OR007@3_0.mat,OR,source_domain/cwru_12khz_fe/OR007@3_0.mat,0,train_pool
WIN-1715a2eca1dac78ae4a6,source_domain/cwru_12khz_fe/OR007@3_0.mat,OR,source_domain/cwru_12khz_fe/OR007@3_0.mat,0,train_pool
WIN-16cdcd37780c38f5f551,source_domain/cwru_12khz_fe/OR007@3_0.mat,OR,source_domain/cwru_12khz_fe/OR007@3_0.mat,0,train_pool
WIN-24abd296e76c9603c4a2,source_domain/cwru_12khz_fe/OR007@3_0.mat,OR,source_domain/cwru_12khz_fe/OR007@3_0.mat,0,train_pool
WIN-986d4511d7ecbac5c050,source_domain/cwru_12khz_fe/OR007@3_0.mat,OR,source_domain/cwru_12khz_fe/OR007@3_0.mat,0,train_pool
WIN-28369640a77cf3915447,source_domain/cwru_12khz_fe/OR007@3_0.mat,OR,source_domain/cwru_12khz_fe/OR007@3_0.mat,0,train_pool
WIN-43ed1c32539cf447d554,source_domain/cwru_12khz_fe/OR007@3_0.mat,OR,source_domain/cwru_12khz_fe/OR007@3_0.mat,0,train_pool
WIN-9083020b3cc706d9b1b0,source_domain/cwru_12khz_fe/OR007@3_0.mat,OR,source_domain/cwru_12khz_fe/OR007@3_0.mat,0,train_pool
WIN-4cb649991a80a87dfb5f,source_domain/cwru_12khz_fe/OR007@3_0.mat,OR,source_domain/cwru_12khz_fe/OR007@3_0.mat,0,train_pool
WIN-1d9c9219d661f58c147a,source_domain/cwru_12khz_fe/OR007@3_0.mat,OR,source_domain/cwru_12khz_fe/OR007@3_0.mat,0,train_pool
WIN-4f48576279475268a3fb,source_domain/cwru_12khz_fe/OR007@3_0.mat,OR,source_domain/cwru_12khz_fe/OR007@3_0.mat,0,train_pool
WIN-649eeac278ab6d04e72a,source_domain/cwru_12khz_fe/OR007@3_0.mat,OR,source_domain/cwru_12khz_fe/OR007@3_0.mat,0,train_pool
WIN-060be6536c9238296b2e,source_domain/cwru_12khz_fe/OR007@3_0.mat,OR,source_domain/cwru_12khz_fe/OR007@3_0.mat,0,train_pool
WIN-45ac628e7c5ffb741ed6,source_domain/cwru_12khz_fe/OR007@3_0.mat,OR,source_domain/cwru_12khz_fe/OR007@3_0.mat,0,train_pool
WIN-c91ca1e4f1129795cf85,source_domain/cwru_12khz_fe/OR007@3_1.mat,OR,source_domain/cwru_12khz_fe/OR007@3_1.mat,0,train_pool
WIN-8730cf62220464d5f536,source_domain/cwru_12khz_fe/OR007@3_1.mat,OR,source_domain/cwru_12khz_fe/OR007@3_1.mat,0,train_pool
WIN-5371b27d3f4fd2278a77,source_domain/cwru_12khz_fe/OR007@3_1.mat,OR,source_domain/cwru_12khz_fe/OR007@3_1.mat,0,train_pool
WIN-61d9ea2bd10f852051a8,source_domain/cwru_12khz_fe/OR007@3_1.mat,OR,source_domain/cwru_12khz_fe/OR007@3_1.mat,0,train_pool
WIN-ce27f35f0030fee76148,source_domain/cwru_12khz_fe/OR007@3_1.mat,OR,source_domain/cwru_12khz_fe/OR007@3_1.mat,0,train_pool
WIN-6ae733112d12a69e7ae7,source_domain/cwru_12khz_fe/OR007@3_1.mat,OR,source_domain/cwru_12khz_fe/OR007@3_1.mat,0,train_pool
WIN-4aff6e3cec25f00228d7,source_domain/cwru_12khz_fe/OR007@3_1.mat,OR,source_domain/cwru_12khz_fe/OR007@3_1.mat,0,train_pool
WIN-3f8a36c31277d6e80322,source_domain/cwru_12khz_fe/OR007@3_1.mat,OR,source_domain/cwru_12khz_fe/OR007@3_1.mat,0,train_pool
WIN-094267f798a58906c9ca,source_domain/cwru_12khz_fe/OR007@3_1.mat,OR,source_domain/cwru_12khz_fe/OR007@3_1.mat,0,train_pool
WIN-467fd7bf969ee55e40dd,source_domain/cwru_12khz_fe/OR007@3_1.mat,OR,source_domain/cwru_12khz_fe/OR007@3_1.mat,0,train_pool
WIN-f6cd5921401e6227410d,source_domain/cwru_12khz_fe/OR007@3_1.mat,OR,source_domain/cwru_12khz_fe/OR007@3_1.mat,0,train_pool
WIN-4163ae8119f72a0c5051,source_domain/cwru_12khz_fe/OR007@3_1.mat,OR,source_domain/cwru_12khz_fe/OR007@3_1.mat,0,train_pool
WIN-fa79573f80bdc7fd9a4c,source_domain/cwru_12khz_fe/OR007@3_1.mat,OR,source_domain/cwru_12khz_fe/OR007@3_1.mat,0,train_pool
WIN-8a3a29c52b32413e9cea,source_domain/cwru_12khz_fe/OR007@3_1.mat,OR,source_domain/cwru_12khz_fe/OR007@3_1.mat,0,train_pool
WIN-2bb1a868957df2438caa,source_domain/cwru_12khz_fe/OR007@3_1.mat,OR,source_domain/cwru_12khz_fe/OR007@3_1.mat,0,train_pool
WIN-e78714f90f3cdf5a705f,source_domain/cwru_12khz_fe/OR007@3_2.mat,OR,source_domain/cwru_12khz_fe/OR007@3_2.mat,0,test
WIN-25ae8a4c998efccb9a95,source_domain/cwru_12khz_fe/OR007@3_2.mat,OR,source_domain/cwru_12khz_fe/OR007@3_2.mat,0,test
WIN-6f14fa52842f76b09c00,source_domain/cwru_12khz_fe/OR007@3_2.mat,OR,source_domain/cwru_12khz_fe/OR007@3_2.mat,0,test
WIN-911dc83c78639aeeb03e,source_domain/cwru_12khz_fe/OR007@3_2.mat,OR,source_domain/cwru_12khz_fe/OR007@3_2.mat,0,test
WIN-f7d1779290dc740f9691,source_domain/cwru_12khz_fe/OR007@3_2.mat,OR,source_domain/cwru_12khz_fe/OR007@3_2.mat,0,test
WIN-2226684687bb63a2bc84,source_domain/cwru_12khz_fe/OR007@3_2.mat,OR,source_domain/cwru_12khz_fe/OR007@3_2.mat,0,test
WIN-04247458f0f89dc258af,source_domain/cwru_12khz_fe/OR007@3_2.mat,OR,source_domain/cwru_12khz_fe/OR007@3_2.mat,0,test
WIN-f8ac89bd4c4a37b1f9fb,source_domain/cwru_12khz_fe/OR007@3_2.mat,OR,source_domain/cwru_12khz_fe/OR007@3_2.mat,0,test
WIN-dd83643ea7dfa10be4a7,source_domain/cwru_12khz_fe/OR007@3_2.mat,OR,source_domain/cwru_12khz_fe/OR007@3_2.mat,0,test
WIN-229cab111ea86e18fc74,source_domain/cwru_12khz_fe/OR007@3_2.mat,OR,source_domain/cwru_12khz_fe/OR007@3_2.mat,0,test
WIN-fcce1e7f4b60dd6bf5a8,source_domain/cwru_12khz_fe/OR007@3_2.mat,OR,source_domain/cwru_12khz_fe/OR007@3_2.mat,0,test
WIN-dbd53d16f64ce87a7afa,source_domain/cwru_12khz_fe/OR007@3_2.mat,OR,source_domain/cwru_12khz_fe/OR007@3_2.mat,0,test
WIN-2326aed37fcd1746ca1f,source_domain/cwru_12khz_fe/OR007@3_2.mat,OR,source_domain/cwru_12khz_fe/OR007@3_2.mat,0,test
WIN-94d57054d0ad044a8469,source_domain/cwru_12khz_fe/OR007@3_2.mat,OR,source_domain/cwru_12khz_fe/OR007@3_2.mat,0,test
WIN-09c6ee0513abe2933b90,source_domain/cwru_12khz_fe/OR007@3_2.mat,OR,source_domain/cwru_12khz_fe/OR007@3_2.mat,0,test
WIN-8cc9594a7ec26fde7b31,source_domain/cwru_12khz_fe/OR007@3_3.mat,OR,source_domain/cwru_12khz_fe/OR007@3_3.mat,0,train_pool
WIN-c44d77f2cabc193355f0,source_domain/cwru_12khz_fe/OR007@3_3.mat,OR,source_domain/cwru_12khz_fe/OR007@3_3.mat,0,train_pool
WIN-9f6155dbab4dc05e09d2,source_domain/cwru_12khz_fe/OR007@3_3.mat,OR,source_domain/cwru_12khz_fe/OR007@3_3.mat,0,train_pool
WIN-de96314178b62c79dfc4,source_domain/cwru_12khz_fe/OR007@3_3.mat,OR,source_domain/cwru_12khz_fe/OR007@3_3.mat,0,train_pool
WIN-a6e936a49fefcb97c166,source_domain/cwru_12khz_fe/OR007@3_3.mat,OR,source_domain/cwru_12khz_fe/OR007@3_3.mat,0,train_pool
WIN-b93c0389339b6d3c88c9,source_domain/cwru_12khz_fe/OR007@3_3.mat,OR,source_domain/cwru_12khz_fe/OR007@3_3.mat,0,train_pool
WIN-a5adc5e31e6bfe750163,source_domain/cwru_12khz_fe/OR007@3_3.mat,OR,source_domain/cwru_12khz_fe/OR007@3_3.mat,0,train_pool
WIN-256691369c87ea8861f1,source_domain/cwru_12khz_fe/OR007@3_3.mat,OR,source_domain/cwru_12khz_fe/OR007@3_3.mat,0,train_pool
WIN-fdf7795e809a33a3f8c1,source_domain/cwru_12khz_fe/OR007@3_3.mat,OR,source_domain/cwru_12khz_fe/OR007@3_3.mat,0,train_pool
WIN-1a0c31abcfb222be6099,source_domain/cwru_12khz_fe/OR007@3_3.mat,OR,source_domain/cwru_12khz_fe/OR007@3_3.mat,0,train_pool
WIN-055647c4a511d2af9978,source_domain/cwru_12khz_fe/OR007@3_3.mat,OR,source_domain/cwru_12khz_fe/OR007@3_3.mat,0,train_pool
WIN-357083e788948f4d4f13,source_domain/cwru_12khz_fe/OR007@3_3.mat,OR,source_domain/cwru_12khz_fe/OR007@3_3.mat,0,train_pool
WIN-53f07e278771522f73ac,source_domain/cwru_12khz_fe/OR007@3_3.mat,OR,source_domain/cwru_12khz_fe/OR007@3_3.mat,0,train_pool
WIN-b5128d095313b5382eb4,source_domain/cwru_12khz_fe/OR007@3_3.mat,OR,source_domain/cwru_12khz_fe/OR007@3_3.mat,0,train_pool
WIN-8f22f88d4cd64cb7e6b3,source_domain/cwru_12khz_fe/OR007@3_3.mat,OR,source_domain/cwru_12khz_fe/OR007@3_3.mat,0,train_pool
WIN-886c23dd6638591aaec0,source_domain/cwru_12khz_fe/OR007@6_0.mat,OR,source_domain/cwru_12khz_fe/OR007@6_0.mat,0,train_pool
WIN-af97d6a9e04417617add,source_domain/cwru_12khz_fe/OR007@6_0.mat,OR,source_domain/cwru_12khz_fe/OR007@6_0.mat,0,train_pool
WIN-efa30cc3a2ed92816aed,source_domain/cwru_12khz_fe/OR007@6_0.mat,OR,source_domain/cwru_12khz_fe/OR007@6_0.mat,0,train_pool
WIN-7089b82171d8c1f899d1,source_domain/cwru_12khz_fe/OR007@6_0.mat,OR,source_domain/cwru_12khz_fe/OR007@6_0.mat,0,train_pool
WIN-60d9b0ed579c572dcbd5,source_domain/cwru_12khz_fe/OR007@6_0.mat,OR,source_domain/cwru_12khz_fe/OR007@6_0.mat,0,train_pool
WIN-6757cecfcb93696b7e63,source_domain/cwru_12khz_fe/OR007@6_0.mat,OR,source_domain/cwru_12khz_fe/OR007@6_0.mat,0,train_pool
WIN-e9818dd29f3f6707b5d8,source_domain/cwru_12khz_fe/OR007@6_0.mat,OR,source_domain/cwru_12khz_fe/OR007@6_0.mat,0,train_pool
WIN-905dc95e598e76866a63,source_domain/cwru_12khz_fe/OR007@6_0.mat,OR,source_domain/cwru_12khz_fe/OR007@6_0.mat,0,train_pool
WIN-3cdb2e14c08a65d61871,source_domain/cwru_12khz_fe/OR007@6_0.mat,OR,source_domain/cwru_12khz_fe/OR007@6_0.mat,0,train_pool
WIN-bae34b43585f25e9574a,source_domain/cwru_12khz_fe/OR007@6_0.mat,OR,source_domain/cwru_12khz_fe/OR007@6_0.mat,0,train_pool
WIN-871dc132fdd23d7ed86b,source_domain/cwru_12khz_fe/OR007@6_0.mat,OR,source_domain/cwru_12khz_fe/OR007@6_0.mat,0,train_pool
WIN-e1cf6299c65e6f91c02e,source_domain/cwru_12khz_fe/OR007@6_0.mat,OR,source_domain/cwru_12khz_fe/OR007@6_0.mat,0,train_pool
WIN-7cc1389b1dfc1169beba,source_domain/cwru_12khz_fe/OR007@6_0.mat,OR,source_domain/cwru_12khz_fe/OR007@6_0.mat,0,train_pool
WIN-8a06df5c41432d906b4d,source_domain/cwru_12khz_fe/OR007@6_0.mat,OR,source_domain/cwru_12khz_fe/OR007@6_0.mat,0,train_pool
WIN-7ce2dc560e4e02eaaa93,source_domain/cwru_12khz_fe/OR007@6_0.mat,OR,source_domain/cwru_12khz_fe/OR007@6_0.mat,0,train_pool
WIN-b6b2759f8352f91385c6,source_domain/cwru_12khz_fe/OR007@6_1.mat,OR,source_domain/cwru_12khz_fe/OR007@6_1.mat,0,test
WIN-9229e6a5f10d3103b3a0,source_domain/cwru_12khz_fe/OR007@6_1.mat,OR,source_domain/cwru_12khz_fe/OR007@6_1.mat,0,test
WIN-ff675681894bc84fb826,source_domain/cwru_12khz_fe/OR007@6_1.mat,OR,source_domain/cwru_12khz_fe/OR007@6_1.mat,0,test
WIN-aa46db7a66608312e249,source_domain/cwru_12khz_fe/OR007@6_1.mat,OR,source_domain/cwru_12khz_fe/OR007@6_1.mat,0,test
WIN-379f90e88480a639fdbd,source_domain/cwru_12khz_fe/OR007@6_1.mat,OR,source_domain/cwru_12khz_fe/OR007@6_1.mat,0,test
WIN-339a9add6d74c0b99029,source_domain/cwru_12khz_fe/OR007@6_1.mat,OR,source_domain/cwru_12khz_fe/OR007@6_1.mat,0,test
WIN-b9eea8e72338bc41f2b0,source_domain/cwru_12khz_fe/OR007@6_1.mat,OR,source_domain/cwru_12khz_fe/OR007@6_1.mat,0,test
WIN-dfcba3e61544b077929a,source_domain/cwru_12khz_fe/OR007@6_1.mat,OR,source_domain/cwru_12khz_fe/OR007@6_1.mat,0,test
WIN-a8cfe540110d3943574d,source_domain/cwru_12khz_fe/OR007@6_1.mat,OR,source_domain/cwru_12khz_fe/OR007@6_1.mat,0,test
WIN-c58af995928a333482a0,source_domain/cwru_12khz_fe/OR007@6_1.mat,OR,source_domain/cwru_12khz_fe/OR007@6_1.mat,0,test
WIN-b1bba7d08a3993e6a2af,source_domain/cwru_12khz_fe/OR007@6_1.mat,OR,source_domain/cwru_12khz_fe/OR007@6_1.mat,0,test
WIN-4241aeffaee17b9a0e3d,source_domain/cwru_12khz_fe/OR007@6_1.mat,OR,source_domain/cwru_12khz_fe/OR007@6_1.mat,0,test
WIN-bd222c7f925c41456329,source_domain/cwru_12khz_fe/OR007@6_1.mat,OR,source_domain/cwru_12khz_fe/OR007@6_1.mat,0,test
WIN-339607495d82db0420a3,source_domain/cwru_12khz_fe/OR007@6_1.mat,OR,source_domain/cwru_12khz_fe/OR007@6_1.mat,0,test
WIN-73a0de716e379e199bf4,source_domain/cwru_12khz_fe/OR007@6_1.mat,OR,source_domain/cwru_12khz_fe/OR007@6_1.mat,0,test
WIN-d3bec76b06a422742775,source_domain/cwru_12khz_fe/OR007@6_2.mat,OR,source_domain/cwru_12khz_fe/OR007@6_2.mat,0,train_pool
WIN-161295d87b1de77b2471,source_domain/cwru_12khz_fe/OR007@6_2.mat,OR,source_domain/cwru_12khz_fe/OR007@6_2.mat,0,train_pool
WIN-ef58e564314086daa891,source_domain/cwru_12khz_fe/OR007@6_2.mat,OR,source_domain/cwru_12khz_fe/OR007@6_2.mat,0,train_pool
WIN-2e51ffb83fef1ccb0ed4,source_domain/cwru_12khz_fe/OR007@6_2.mat,OR,source_domain/cwru_12khz_fe/OR007@6_2.mat,0,train_pool
WIN-64a5b204c39997d67504,source_domain/cwru_12khz_fe/OR007@6_2.mat,OR,source_domain/cwru_12khz_fe/OR007@6_2.mat,0,train_pool
WIN-77959e2d1634a114c33d,source_domain/cwru_12khz_fe/OR007@6_2.mat,OR,source_domain/cwru_12khz_fe/OR007@6_2.mat,0,train_pool
WIN-65dcd0bcaacab2264c51,source_domain/cwru_12khz_fe/OR007@6_2.mat,OR,source_domain/cwru_12khz_fe/OR007@6_2.mat,0,train_pool
WIN-79eae6840a69221bafd6,source_domain/cwru_12khz_fe/OR007@6_2.mat,OR,source_domain/cwru_12khz_fe/OR007@6_2.mat,0,train_pool
WIN-828e3bb5ef1dd0044a37,source_domain/cwru_12khz_fe/OR007@6_2.mat,OR,source_domain/cwru_12khz_fe/OR007@6_2.mat,0,train_pool
WIN-05233c14afc8918bcc0e,source_domain/cwru_12khz_fe/OR007@6_2.mat,OR,source_domain/cwru_12khz_fe/OR007@6_2.mat,0,train_pool
WIN-57cbcb05ebf0abffd980,source_domain/cwru_12khz_fe/OR007@6_2.mat,OR,source_domain/cwru_12khz_fe/OR007@6_2.mat,0,train_pool
WIN-203830bfa3caa65af3c9,source_domain/cwru_12khz_fe/OR007@6_2.mat,OR,source_domain/cwru_12khz_fe/OR007@6_2.mat,0,train_pool
WIN-a20eb768de36050f92f0,source_domain/cwru_12khz_fe/OR007@6_2.mat,OR,source_domain/cwru_12khz_fe/OR007@6_2.mat,0,train_pool
WIN-e63c6b66cd224b51e862,source_domain/cwru_12khz_fe/OR007@6_2.mat,OR,source_domain/cwru_12khz_fe/OR007@6_2.mat,0,train_pool
WIN-b331cad4b396b50ade9b,source_domain/cwru_12khz_fe/OR007@6_2.mat,OR,source_domain/cwru_12khz_fe/OR007@6_2.mat,0,train_pool
WIN-dc246e026a16a9308b7c,source_domain/cwru_12khz_fe/OR007@6_3.mat,OR,source_domain/cwru_12khz_fe/OR007@6_3.mat,0,test
WIN-2e8b910ee86ff2f7ca91,source_domain/cwru_12khz_fe/OR007@6_3.mat,OR,source_domain/cwru_12khz_fe/OR007@6_3.mat,0,test
WIN-4d214093c1bc71885e69,source_domain/cwru_12khz_fe/OR007@6_3.mat,OR,source_domain/cwru_12khz_fe/OR007@6_3.mat,0,test
WIN-69e67fe1de9f0ba190d1,source_domain/cwru_12khz_fe/OR007@6_3.mat,OR,source_domain/cwru_12khz_fe/OR007@6_3.mat,0,test
WIN-71f201b692d6e86ee3bf,source_domain/cwru_12khz_fe/OR007@6_3.mat,OR,source_domain/cwru_12khz_fe/OR007@6_3.mat,0,test
WIN-c92f8602faf52aa67c41,source_domain/cwru_12khz_fe/OR007@6_3.mat,OR,source_domain/cwru_12khz_fe/OR007@6_3.mat,0,test
WIN-3996d45e1ddf96d6f2e2,source_domain/cwru_12khz_fe/OR007@6_3.mat,OR,source_domain/cwru_12khz_fe/OR007@6_3.mat,0,test
WIN-01b084345d1d1dda81c8,source_domain/cwru_12khz_fe/OR007@6_3.mat,OR,source_domain/cwru_12khz_fe/OR007@6_3.mat,0,test
WIN-5c006f77ce463e42e755,source_domain/cwru_12khz_fe/OR007@6_3.mat,OR,source_domain/cwru_12khz_fe/OR007@6_3.mat,0,test
WIN-c9bca0fa61e360d5746b,source_domain/cwru_12khz_fe/OR007@6_3.mat,OR,source_domain/cwru_12khz_fe/OR007@6_3.mat,0,test
WIN-5ae9f6f3696b756cd399,source_domain/cwru_12khz_fe/OR007@6_3.mat,OR,source_domain/cwru_12khz_fe/OR007@6_3.mat,0,test
WIN-0b13bea642e6d77e074f,source_domain/cwru_12khz_fe/OR007@6_3.mat,OR,source_domain/cwru_12khz_fe/OR007@6_3.mat,0,test
WIN-346596b0929cc42917d6,source_domain/cwru_12khz_fe/OR007@6_3.mat,OR,source_domain/cwru_12khz_fe/OR007@6_3.mat,0,test
WIN-58b278a7e2dcbba4fc07,source_domain/cwru_12khz_fe/OR007@6_3.mat,OR,source_domain/cwru_12khz_fe/OR007@6_3.mat,0,test
WIN-8ad57c0b9255dfa199a4,source_domain/cwru_12khz_fe/OR007@6_3.mat,OR,source_domain/cwru_12khz_fe/OR007@6_3.mat,0,test
WIN-51e64d94e6ba2dd02317,source_domain/cwru_12khz_fe/OR014@3_0.mat,OR,source_domain/cwru_12khz_fe/OR014@3_0.mat,0,test
WIN-f34f88daad4b7a9a13bb,source_domain/cwru_12khz_fe/OR014@3_0.mat,OR,source_domain/cwru_12khz_fe/OR014@3_0.mat,0,test
WIN-d41750cb4ba6b45b374d,source_domain/cwru_12khz_fe/OR014@3_0.mat,OR,source_domain/cwru_12khz_fe/OR014@3_0.mat,0,test
WIN-a6960b575c39988059eb,source_domain/cwru_12khz_fe/OR014@3_0.mat,OR,source_domain/cwru_12khz_fe/OR014@3_0.mat,0,test
WIN-c705729605c8ffcb6f46,source_domain/cwru_12khz_fe/OR014@3_0.mat,OR,source_domain/cwru_12khz_fe/OR014@3_0.mat,0,test
WIN-b44ad2caefaee532dc9c,source_domain/cwru_12khz_fe/OR014@3_0.mat,OR,source_domain/cwru_12khz_fe/OR014@3_0.mat,0,test
WIN-bd613a02750615c9c225,source_domain/cwru_12khz_fe/OR014@3_0.mat,OR,source_domain/cwru_12khz_fe/OR014@3_0.mat,0,test
WIN-d08de811b15bb1987617,source_domain/cwru_12khz_fe/OR014@3_0.mat,OR,source_domain/cwru_12khz_fe/OR014@3_0.mat,0,test
WIN-1cf7daa4a95ef9286808,source_domain/cwru_12khz_fe/OR014@3_0.mat,OR,source_domain/cwru_12khz_fe/OR014@3_0.mat,0,test
WIN-1503c05f80ff9e37c282,source_domain/cwru_12khz_fe/OR014@3_0.mat,OR,source_domain/cwru_12khz_fe/OR014@3_0.mat,0,test
WIN-0e4db0e40ed1f08b6a51,source_domain/cwru_12khz_fe/OR014@3_0.mat,OR,source_domain/cwru_12khz_fe/OR014@3_0.mat,0,test
WIN-fd313f29908670a0da12,source_domain/cwru_12khz_fe/OR014@3_0.mat,OR,source_domain/cwru_12khz_fe/OR014@3_0.mat,0,test
WIN-0f9b2af42d34b44da4c2,source_domain/cwru_12khz_fe/OR014@3_0.mat,OR,source_domain/cwru_12khz_fe/OR014@3_0.mat,0,test
WIN-d2bf5edb6294c03be3e5,source_domain/cwru_12khz_fe/OR014@3_0.mat,OR,source_domain/cwru_12khz_fe/OR014@3_0.mat,0,test
WIN-0dba483cd52e28da632f,source_domain/cwru_12khz_fe/OR014@3_0.mat,OR,source_domain/cwru_12khz_fe/OR014@3_0.mat,0,test
WIN-8c5c2f4a696f556b0d19,source_domain/cwru_12khz_fe/OR014@3_1.mat,OR,source_domain/cwru_12khz_fe/OR014@3_1.mat,0,test
WIN-53a159cc2fc7cc77a379,source_domain/cwru_12khz_fe/OR014@3_1.mat,OR,source_domain/cwru_12khz_fe/OR014@3_1.mat,0,test
WIN-b6b91b00c0fccab7f7f1,source_domain/cwru_12khz_fe/OR014@3_1.mat,OR,source_domain/cwru_12khz_fe/OR014@3_1.mat,0,test
WIN-b10bbdf4c10aaab818af,source_domain/cwru_12khz_fe/OR014@3_1.mat,OR,source_domain/cwru_12khz_fe/OR014@3_1.mat,0,test
WIN-8d67a46a2121dd909f68,source_domain/cwru_12khz_fe/OR014@3_1.mat,OR,source_domain/cwru_12khz_fe/OR014@3_1.mat,0,test
WIN-a179e3ac14ea80714945,source_domain/cwru_12khz_fe/OR014@3_1.mat,OR,source_domain/cwru_12khz_fe/OR014@3_1.mat,0,test
WIN-1bce2fc71404cbcfeb18,source_domain/cwru_12khz_fe/OR014@3_1.mat,OR,source_domain/cwru_12khz_fe/OR014@3_1.mat,0,test
WIN-8fec5551862db2f244aa,source_domain/cwru_12khz_fe/OR014@3_1.mat,OR,source_domain/cwru_12khz_fe/OR014@3_1.mat,0,test
WIN-e568f4445c9a447c1e92,source_domain/cwru_12khz_fe/OR014@3_1.mat,OR,source_domain/cwru_12khz_fe/OR014@3_1.mat,0,test
WIN-cf13bfe3e7d6f5d19f0a,source_domain/cwru_12khz_fe/OR014@3_1.mat,OR,source_domain/cwru_12khz_fe/OR014@3_1.mat,0,test
WIN-8b121ef2433d93440359,source_domain/cwru_12khz_fe/OR014@3_1.mat,OR,source_domain/cwru_12khz_fe/OR014@3_1.mat,0,test
WIN-32503f132f17adc51e85,source_domain/cwru_12khz_fe/OR014@3_1.mat,OR,source_domain/cwru_12khz_fe/OR014@3_1.mat,0,test
WIN-b7d9c4e94ccf982535a2,source_domain/cwru_12khz_fe/OR014@3_1.mat,OR,source_domain/cwru_12khz_fe/OR014@3_1.mat,0,test
WIN-9e87a135b2d73e9dd7f6,source_domain/cwru_12khz_fe/OR014@3_1.mat,OR,source_domain/cwru_12khz_fe/OR014@3_1.mat,0,test
WIN-593a648bfb02094b8ed8,source_domain/cwru_12khz_fe/OR014@3_1.mat,OR,source_domain/cwru_12khz_fe/OR014@3_1.mat,0,test
WIN-57ffa0f255cff11ff648,source_domain/cwru_12khz_fe/OR014@3_1.mat,OR,source_domain/cwru_12khz_fe/OR014@3_1.mat,0,test
WIN-59f59b72b33551329818,source_domain/cwru_12khz_fe/OR014@3_1.mat,OR,source_domain/cwru_12khz_fe/OR014@3_1.mat,0,test
WIN-26a74af4c843ff6daf41,source_domain/cwru_12khz_fe/OR014@3_1.mat,OR,source_domain/cwru_12khz_fe/OR014@3_1.mat,0,test
WIN-14d7f80984a0b752a720,source_domain/cwru_12khz_fe/OR014@3_1.mat,OR,source_domain/cwru_12khz_fe/OR014@3_1.mat,0,test
WIN-6af8a9abcc1d54ea6a8f,source_domain/cwru_12khz_fe/OR014@3_2.mat,OR,source_domain/cwru_12khz_fe/OR014@3_2.mat,0,test
WIN-6d3313e3f3f6965f01ad,source_domain/cwru_12khz_fe/OR014@3_2.mat,OR,source_domain/cwru_12khz_fe/OR014@3_2.mat,0,test
WIN-37d0018cbfa47696f984,source_domain/cwru_12khz_fe/OR014@3_2.mat,OR,source_domain/cwru_12khz_fe/OR014@3_2.mat,0,test
WIN-d92cc1bad4316b7d1a8b,source_domain/cwru_12khz_fe/OR014@3_2.mat,OR,source_domain/cwru_12khz_fe/OR014@3_2.mat,0,test
WIN-0bda89a6cbca00fc09ee,source_domain/cwru_12khz_fe/OR014@3_2.mat,OR,source_domain/cwru_12khz_fe/OR014@3_2.mat,0,test
WIN-d81d869b3bdb93c8b152,source_domain/cwru_12khz_fe/OR014@3_2.mat,OR,source_domain/cwru_12khz_fe/OR014@3_2.mat,0,test
WIN-95032c32fc26b6aa91a4,source_domain/cwru_12khz_fe/OR014@3_2.mat,OR,source_domain/cwru_12khz_fe/OR014@3_2.mat,0,test
WIN-b4c1295d21b4bedbce89,source_domain/cwru_12khz_fe/OR014@3_2.mat,OR,source_domain/cwru_12khz_fe/OR014@3_2.mat,0,test
WIN-f036030be2575b1e9fac,source_domain/cwru_12khz_fe/OR014@3_2.mat,OR,source_domain/cwru_12khz_fe/OR014@3_2.mat,0,test
WIN-36737f655d76b9c438d2,source_domain/cwru_12khz_fe/OR014@3_2.mat,OR,source_domain/cwru_12khz_fe/OR014@3_2.mat,0,test
WIN-b6c96400ed4fb9d9799c,source_domain/cwru_12khz_fe/OR014@3_2.mat,OR,source_domain/cwru_12khz_fe/OR014@3_2.mat,0,test
WIN-f39a39c07848c2fa8cf4,source_domain/cwru_12khz_fe/OR014@3_2.mat,OR,source_domain/cwru_12khz_fe/OR014@3_2.mat,0,test
WIN-c50a0cc2f993812c0db1,source_domain/cwru_12khz_fe/OR014@3_2.mat,OR,source_domain/cwru_12khz_fe/OR014@3_2.mat,0,test
WIN-ab70f1377e750813aee3,source_domain/cwru_12khz_fe/OR014@3_2.mat,OR,source_domain/cwru_12khz_fe/OR014@3_2.mat,0,test
WIN-778cd539f2bc49785463,source_domain/cwru_12khz_fe/OR014@3_2.mat,OR,source_domain/cwru_12khz_fe/OR014@3_2.mat,0,test
WIN-f163cf2d3db17d465291,source_domain/cwru_12khz_fe/OR014@3_3.mat,OR,source_domain/cwru_12khz_fe/OR014@3_3.mat,0,train_pool
WIN-5c43bbbdaa57bc0b8283,source_domain/cwru_12khz_fe/OR014@3_3.mat,OR,source_domain/cwru_12khz_fe/OR014@3_3.mat,0,train_pool
WIN-49b7c7da22a45c2bbf70,source_domain/cwru_12khz_fe/OR014@3_3.mat,OR,source_domain/cwru_12khz_fe/OR014@3_3.mat,0,train_pool
WIN-fa179cb10c4e051257c3,source_domain/cwru_12khz_fe/OR014@3_3.mat,OR,source_domain/cwru_12khz_fe/OR014@3_3.mat,0,train_pool
WIN-29f7163d7050e10356e5,source_domain/cwru_12khz_fe/OR014@3_3.mat,OR,source_domain/cwru_12khz_fe/OR014@3_3.mat,0,train_pool
WIN-2b3b8ca4b94f1a66a6f0,source_domain/cwru_12khz_fe/OR014@3_3.mat,OR,source_domain/cwru_12khz_fe/OR014@3_3.mat,0,train_pool
WIN-7b42bfb24ae6986130ca,source_domain/cwru_12khz_fe/OR014@3_3.mat,OR,source_domain/cwru_12khz_fe/OR014@3_3.mat,0,train_pool
WIN-e2fa3d0026ee95555403,source_domain/cwru_12khz_fe/OR014@3_3.mat,OR,source_domain/cwru_12khz_fe/OR014@3_3.mat,0,train_pool
WIN-ad3af21f425470679c9c,source_domain/cwru_12khz_fe/OR014@3_3.mat,OR,source_domain/cwru_12khz_fe/OR014@3_3.mat,0,train_pool
WIN-75570d12349ecbec0685,source_domain/cwru_12khz_fe/OR014@3_3.mat,OR,source_domain/cwru_12khz_fe/OR014@3_3.mat,0,train_pool
WIN-ae7a7867fc2e531edd24,source_domain/cwru_12khz_fe/OR014@3_3.mat,OR,source_domain/cwru_12khz_fe/OR014@3_3.mat,0,train_pool
WIN-a68a755ce2cd8aba8b22,source_domain/cwru_12khz_fe/OR014@3_3.mat,OR,source_domain/cwru_12khz_fe/OR014@3_3.mat,0,train_pool
WIN-9fdc1c898741ccabff1f,source_domain/cwru_12khz_fe/OR014@3_3.mat,OR,source_domain/cwru_12khz_fe/OR014@3_3.mat,0,train_pool
WIN-080d5625586964f3de4f,source_domain/cwru_12khz_fe/OR014@3_3.mat,OR,source_domain/cwru_12khz_fe/OR014@3_3.mat,0,train_pool
WIN-3f6f9bd370ee0e1cacb2,source_domain/cwru_12khz_fe/OR014@3_3.mat,OR,source_domain/cwru_12khz_fe/OR014@3_3.mat,0,train_pool
WIN-5ad94d4e628802dd6857,source_domain/cwru_12khz_fe/OR014@6_0.mat,OR,source_domain/cwru_12khz_fe/OR014@6_0.mat,0,train_pool
WIN-5eedd0fe9bcf5a217b64,source_domain/cwru_12khz_fe/OR014@6_0.mat,OR,source_domain/cwru_12khz_fe/OR014@6_0.mat,0,train_pool
WIN-547b02a05f39fb8095fd,source_domain/cwru_12khz_fe/OR014@6_0.mat,OR,source_domain/cwru_12khz_fe/OR014@6_0.mat,0,train_pool
WIN-fcdcbf55808d3e381b2c,source_domain/cwru_12khz_fe/OR014@6_0.mat,OR,source_domain/cwru_12khz_fe/OR014@6_0.mat,0,train_pool
WIN-e5b681c0cecbae63719b,source_domain/cwru_12khz_fe/OR014@6_0.mat,OR,source_domain/cwru_12khz_fe/OR014@6_0.mat,0,train_pool
WIN-07f38edef3f6b93344a6,source_domain/cwru_12khz_fe/OR014@6_0.mat,OR,source_domain/cwru_12khz_fe/OR014@6_0.mat,0,train_pool
WIN-aa42f9a7e7486a82c05e,source_domain/cwru_12khz_fe/OR014@6_0.mat,OR,source_domain/cwru_12khz_fe/OR014@6_0.mat,0,train_pool
WIN-01cff3d488db378ca630,source_domain/cwru_12khz_fe/OR014@6_0.mat,OR,source_domain/cwru_12khz_fe/OR014@6_0.mat,0,train_pool
WIN-f0a68ac5d1127cb495ad,source_domain/cwru_12khz_fe/OR014@6_0.mat,OR,source_domain/cwru_12khz_fe/OR014@6_0.mat,0,train_pool
WIN-28518b8bcd0e885f3cab,source_domain/cwru_12khz_fe/OR014@6_0.mat,OR,source_domain/cwru_12khz_fe/OR014@6_0.mat,0,train_pool
WIN-4fa2d139ff8968b73993,source_domain/cwru_12khz_fe/OR014@6_0.mat,OR,source_domain/cwru_12khz_fe/OR014@6_0.mat,0,train_pool
WIN-2a4a1d86a40bc34f048b,source_domain/cwru_12khz_fe/OR014@6_0.mat,OR,source_domain/cwru_12khz_fe/OR014@6_0.mat,0,train_pool
WIN-1dd6ce5799388f713725,source_domain/cwru_12khz_fe/OR014@6_0.mat,OR,source_domain/cwru_12khz_fe/OR014@6_0.mat,0,train_pool
WIN-4da49e5c8cc7085934cf,source_domain/cwru_12khz_fe/OR014@6_0.mat,OR,source_domain/cwru_12khz_fe/OR014@6_0.mat,0,train_pool
WIN-ad7f51c2af33460b8889,source_domain/cwru_12khz_fe/OR014@6_0.mat,OR,source_domain/cwru_12khz_fe/OR014@6_0.mat,0,train_pool
WIN-5c9d2d493f28a606838c,source_domain/cwru_12khz_fe/OR021@3_1.mat,OR,source_domain/cwru_12khz_fe/OR021@3_1.mat,0,train_pool
WIN-e4a835c1be23abfa3f3b,source_domain/cwru_12khz_fe/OR021@3_1.mat,OR,source_domain/cwru_12khz_fe/OR021@3_1.mat,0,train_pool
WIN-76a68346c3fe343dec57,source_domain/cwru_12khz_fe/OR021@3_1.mat,OR,source_domain/cwru_12khz_fe/OR021@3_1.mat,0,train_pool
WIN-856c4e23e82cb229d131,source_domain/cwru_12khz_fe/OR021@3_1.mat,OR,source_domain/cwru_12khz_fe/OR021@3_1.mat,0,train_pool
WIN-3ce6f7a4251c2fe11955,source_domain/cwru_12khz_fe/OR021@3_1.mat,OR,source_domain/cwru_12khz_fe/OR021@3_1.mat,0,train_pool
WIN-e5a588eb3f003ad8dec5,source_domain/cwru_12khz_fe/OR021@3_1.mat,OR,source_domain/cwru_12khz_fe/OR021@3_1.mat,0,train_pool
WIN-ab9d2599ba76962ca7c7,source_domain/cwru_12khz_fe/OR021@3_1.mat,OR,source_domain/cwru_12khz_fe/OR021@3_1.mat,0,train_pool
WIN-10e8dc8f39d4df490350,source_domain/cwru_12khz_fe/OR021@3_1.mat,OR,source_domain/cwru_12khz_fe/OR021@3_1.mat,0,train_pool
WIN-546d4e125ce7c47c6959,source_domain/cwru_12khz_fe/OR021@3_1.mat,OR,source_domain/cwru_12khz_fe/OR021@3_1.mat,0,train_pool
WIN-3098ef6423c054b0089b,source_domain/cwru_12khz_fe/OR021@3_1.mat,OR,source_domain/cwru_12khz_fe/OR021@3_1.mat,0,train_pool
WIN-9001442a19087f321438,source_domain/cwru_12khz_fe/OR021@3_1.mat,OR,source_domain/cwru_12khz_fe/OR021@3_1.mat,0,train_pool
WIN-db2e07613041ce43123d,source_domain/cwru_12khz_fe/OR021@3_1.mat,OR,source_domain/cwru_12khz_fe/OR021@3_1.mat,0,train_pool
WIN-de3ffd0eec3ac944aa6f,source_domain/cwru_12khz_fe/OR021@3_1.mat,OR,source_domain/cwru_12khz_fe/OR021@3_1.mat,0,train_pool
WIN-c310b4ced66b95fa6539,source_domain/cwru_12khz_fe/OR021@3_1.mat,OR,source_domain/cwru_12khz_fe/OR021@3_1.mat,0,train_pool
WIN-f3bdad289752ad98ff1d,source_domain/cwru_12khz_fe/OR021@3_1.mat,OR,source_domain/cwru_12khz_fe/OR021@3_1.mat,0,train_pool
WIN-cd511d89f0ae8602c18f,source_domain/cwru_12khz_fe/OR021@3_2.mat,OR,source_domain/cwru_12khz_fe/OR021@3_2.mat,0,train_pool
WIN-bb0222b9ae77b51d728e,source_domain/cwru_12khz_fe/OR021@3_2.mat,OR,source_domain/cwru_12khz_fe/OR021@3_2.mat,0,train_pool
WIN-bd60552c9ac1eb806ebb,source_domain/cwru_12khz_fe/OR021@3_2.mat,OR,source_domain/cwru_12khz_fe/OR021@3_2.mat,0,train_pool
WIN-63a924876d6240986625,source_domain/cwru_12khz_fe/OR021@3_2.mat,OR,source_domain/cwru_12khz_fe/OR021@3_2.mat,0,train_pool
WIN-8f4d77f6658dd2d49e9d,source_domain/cwru_12khz_fe/OR021@3_2.mat,OR,source_domain/cwru_12khz_fe/OR021@3_2.mat,0,train_pool
WIN-7bd755f1fe2fbcfdc305,source_domain/cwru_12khz_fe/OR021@3_2.mat,OR,source_domain/cwru_12khz_fe/OR021@3_2.mat,0,train_pool
WIN-cc1df41c2e92e448ef9f,source_domain/cwru_12khz_fe/OR021@3_2.mat,OR,source_domain/cwru_12khz_fe/OR021@3_2.mat,0,train_pool
WIN-a828af66f9ef88a58d2f,source_domain/cwru_12khz_fe/OR021@3_2.mat,OR,source_domain/cwru_12khz_fe/OR021@3_2.mat,0,train_pool
WIN-7cbecb309ffd4e741c77,source_domain/cwru_12khz_fe/OR021@3_2.mat,OR,source_domain/cwru_12khz_fe/OR021@3_2.mat,0,train_pool
WIN-1582ebec5619786b7c43,source_domain/cwru_12khz_fe/OR021@3_2.mat,OR,source_domain/cwru_12khz_fe/OR021@3_2.mat,0,train_pool
WIN-a1acf3c5b4be577decb9,source_domain/cwru_12khz_fe/OR021@3_2.mat,OR,source_domain/cwru_12khz_fe/OR021@3_2.mat,0,train_pool
WIN-9ba3bf25052407fbc3dd,source_domain/cwru_12khz_fe/OR021@3_2.mat,OR,source_domain/cwru_12khz_fe/OR021@3_2.mat,0,train_pool
WIN-339e3f773ea4f04d351c,source_domain/cwru_12khz_fe/OR021@3_2.mat,OR,source_domain/cwru_12khz_fe/OR021@3_2.mat,0,train_pool
WIN-a4e448fee6f9c3945fb8,source_domain/cwru_12khz_fe/OR021@3_2.mat,OR,source_domain/cwru_12khz_fe/OR021@3_2.mat,0,train_pool
WIN-ce287412b59f15c08bda,source_domain/cwru_12khz_fe/OR021@3_2.mat,OR,source_domain/cwru_12khz_fe/OR021@3_2.mat,0,train_pool
WIN-22861ff2e6f49afcc8b2,source_domain/cwru_12khz_fe/OR021@3_3.mat,OR,source_domain/cwru_12khz_fe/OR021@3_3.mat,0,train_pool
WIN-9212e9dc5a40e0082ec4,source_domain/cwru_12khz_fe/OR021@3_3.mat,OR,source_domain/cwru_12khz_fe/OR021@3_3.mat,0,train_pool
WIN-3a9e83e77d84853f1aeb,source_domain/cwru_12khz_fe/OR021@3_3.mat,OR,source_domain/cwru_12khz_fe/OR021@3_3.mat,0,train_pool
WIN-51d629ba51f44e20dd74,source_domain/cwru_12khz_fe/OR021@3_3.mat,OR,source_domain/cwru_12khz_fe/OR021@3_3.mat,0,train_pool
WIN-0297ffec380417832d0e,source_domain/cwru_12khz_fe/OR021@3_3.mat,OR,source_domain/cwru_12khz_fe/OR021@3_3.mat,0,train_pool
WIN-252e8bea01a0f5b582a5,source_domain/cwru_12khz_fe/OR021@3_3.mat,OR,source_domain/cwru_12khz_fe/OR021@3_3.mat,0,train_pool
WIN-b158b83a5a5ec2e74b67,source_domain/cwru_12khz_fe/OR021@3_3.mat,OR,source_domain/cwru_12khz_fe/OR021@3_3.mat,0,train_pool
WIN-62ddf0ccf489b542318f,source_domain/cwru_12khz_fe/OR021@3_3.mat,OR,source_domain/cwru_12khz_fe/OR021@3_3.mat,0,train_pool
WIN-07fcc2c91ce2a7cd6b31,source_domain/cwru_12khz_fe/OR021@3_3.mat,OR,source_domain/cwru_12khz_fe/OR021@3_3.mat,0,train_pool
WIN-3b6a745344041b8d0011,source_domain/cwru_12khz_fe/OR021@3_3.mat,OR,source_domain/cwru_12khz_fe/OR021@3_3.mat,0,train_pool
WIN-907d01cc68cbfe1c7d12,source_domain/cwru_12khz_fe/OR021@3_3.mat,OR,source_domain/cwru_12khz_fe/OR021@3_3.mat,0,train_pool
WIN-1b8396892fe0446f563e,source_domain/cwru_12khz_fe/OR021@3_3.mat,OR,source_domain/cwru_12khz_fe/OR021@3_3.mat,0,train_pool
WIN-caefd20b04b889329c77,source_domain/cwru_12khz_fe/OR021@3_3.mat,OR,source_domain/cwru_12khz_fe/OR021@3_3.mat,0,train_pool
WIN-71f16ee93267b0d021d0,source_domain/cwru_12khz_fe/OR021@3_3.mat,OR,source_domain/cwru_12khz_fe/OR021@3_3.mat,0,train_pool
WIN-81938c28b2f4f804277b,source_domain/cwru_12khz_fe/OR021@3_3.mat,OR,source_domain/cwru_12khz_fe/OR021@3_3.mat,0,train_pool
WIN-0ba128c164e469d0c0bc,source_domain/cwru_12khz_fe/OR021@6_0.mat,OR,source_domain/cwru_12khz_fe/OR021@6_0.mat,0,train_pool
WIN-3b8c35af845397bd5522,source_domain/cwru_12khz_fe/OR021@6_0.mat,OR,source_domain/cwru_12khz_fe/OR021@6_0.mat,0,train_pool
WIN-63866879c08e4a2904da,source_domain/cwru_12khz_fe/OR021@6_0.mat,OR,source_domain/cwru_12khz_fe/OR021@6_0.mat,0,train_pool
WIN-fcbf080e78a5ca2bbded,source_domain/cwru_12khz_fe/OR021@6_0.mat,OR,source_domain/cwru_12khz_fe/OR021@6_0.mat,0,train_pool
WIN-564b4c395a2c1c75b5b8,source_domain/cwru_12khz_fe/OR021@6_0.mat,OR,source_domain/cwru_12khz_fe/OR021@6_0.mat,0,train_pool
WIN-6f6cf52d77fe016559b7,source_domain/cwru_12khz_fe/OR021@6_0.mat,OR,source_domain/cwru_12khz_fe/OR021@6_0.mat,0,train_pool
WIN-21b7fe8298b88f759464,source_domain/cwru_12khz_fe/OR021@6_0.mat,OR,source_domain/cwru_12khz_fe/OR021@6_0.mat,0,train_pool
WIN-42eae0496d1ad7775eee,source_domain/cwru_12khz_fe/OR021@6_0.mat,OR,source_domain/cwru_12khz_fe/OR021@6_0.mat,0,train_pool
WIN-032596b6bf6d9dec92fc,source_domain/cwru_12khz_fe/OR021@6_0.mat,OR,source_domain/cwru_12khz_fe/OR021@6_0.mat,0,train_pool
WIN-9f82d6912851152fae90,source_domain/cwru_12khz_fe/OR021@6_0.mat,OR,source_domain/cwru_12khz_fe/OR021@6_0.mat,0,train_pool
WIN-31648a63cd80c8a96c11,source_domain/cwru_12khz_fe/OR021@6_0.mat,OR,source_domain/cwru_12khz_fe/OR021@6_0.mat,0,train_pool
WIN-df3f7cf61898e5591ee7,source_domain/cwru_12khz_fe/OR021@6_0.mat,OR,source_domain/cwru_12khz_fe/OR021@6_0.mat,0,train_pool
WIN-43d4db7b433b4ec20d3b,source_domain/cwru_12khz_fe/OR021@6_0.mat,OR,source_domain/cwru_12khz_fe/OR021@6_0.mat,0,train_pool
WIN-7d812714370f91f9fec4,source_domain/cwru_12khz_fe/OR021@6_0.mat,OR,source_domain/cwru_12khz_fe/OR021@6_0.mat,0,train_pool
WIN-fd59d8cc6db88352eade,source_domain/cwru_12khz_fe/OR021@6_0.mat,OR,source_domain/cwru_12khz_fe/OR021@6_0.mat,0,train_pool
WIN-4a618f2138cdc85801af,source_domain/cwru_48khz_normal/N_0.mat,N,source_domain/cwru_48khz_normal/N_0.mat,0,test
WIN-502ec8334ffa1a8d63e3,source_domain/cwru_48khz_normal/N_0.mat,N,source_domain/cwru_48khz_normal/N_0.mat,0,test
WIN-7f0ad7fca14b73edeb2a,source_domain/cwru_48khz_normal/N_0.mat,N,source_domain/cwru_48khz_normal/N_0.mat,0,test
WIN-fce5ea864f9cca37ec58,source_domain/cwru_48khz_normal/N_0.mat,N,source_domain/cwru_48khz_normal/N_0.mat,0,test
WIN-d0137db01b87aabbc0bd,source_domain/cwru_48khz_normal/N_0.mat,N,source_domain/cwru_48khz_normal/N_0.mat,0,test
WIN-dac6e6bdf1c2ddf450df,source_domain/cwru_48khz_normal/N_0.mat,N,source_domain/cwru_48khz_normal/N_0.mat,0,test
WIN-322a18d691cfd36a08b3,source_domain/cwru_48khz_normal/N_0.mat,N,source_domain/cwru_48khz_normal/N_0.mat,0,test
WIN-8960803c077ecbaf51d0,source_domain/cwru_48khz_normal/N_0.mat,N,source_domain/cwru_48khz_normal/N_0.mat,0,test
WIN-b2620e28c94bd7adacec,source_domain/cwru_48khz_normal/N_0.mat,N,source_domain/cwru_48khz_normal/N_0.mat,0,test
WIN-8a062282a23aa1a2503c,source_domain/cwru_48khz_normal/N_1_(1772rpm).mat,N,source_domain/cwru_48khz_normal/N_1_(1772rpm).mat,0,train_pool
WIN-d147d1070c37681385ef,source_domain/cwru_48khz_normal/N_1_(1772rpm).mat,N,source_domain/cwru_48khz_normal/N_1_(1772rpm).mat,0,train_pool
WIN-37d8f92347dd98db598f,source_domain/cwru_48khz_normal/N_1_(1772rpm).mat,N,source_domain/cwru_48khz_normal/N_1_(1772rpm).mat,0,train_pool
WIN-2461ba3554b3e960c49c,source_domain/cwru_48khz_normal/N_1_(1772rpm).mat,N,source_domain/cwru_48khz_normal/N_1_(1772rpm).mat,0,train_pool
WIN-d0491981c44a2afa2401,source_domain/cwru_48khz_normal/N_1_(1772rpm).mat,N,source_domain/cwru_48khz_normal/N_1_(1772rpm).mat,0,train_pool
WIN-05faa8d3c8303cdaaa50,source_domain/cwru_48khz_normal/N_1_(1772rpm).mat,N,source_domain/cwru_48khz_normal/N_1_(1772rpm).mat,0,train_pool
WIN-c7c4e0c3ec613da8ab91,source_domain/cwru_48khz_normal/N_1_(1772rpm).mat,N,source_domain/cwru_48khz_normal/N_1_(1772rpm).mat,0,train_pool
WIN-cda646d6bace99617b25,source_domain/cwru_48khz_normal/N_1_(1772rpm).mat,N,source_domain/cwru_48khz_normal/N_1_(1772rpm).mat,0,train_pool
WIN-c9e90dcf6a76244daa9a,source_domain/cwru_48khz_normal/N_1_(1772rpm).mat,N,source_domain/cwru_48khz_normal/N_1_(1772rpm).mat,0,train_pool
WIN-153eca5c76a7ffc64a5d,source_domain/cwru_48khz_normal/N_1_(1772rpm).mat,N,source_domain/cwru_48khz_normal/N_1_(1772rpm).mat,0,train_pool
WIN-2c7646152da2226dde21,source_domain/cwru_48khz_normal/N_1_(1772rpm).mat,N,source_domain/cwru_48khz_normal/N_1_(1772rpm).mat,0,train_pool
WIN-f92b67ed88c20bfd5bc5,source_domain/cwru_48khz_normal/N_1_(1772rpm).mat,N,source_domain/cwru_48khz_normal/N_1_(1772rpm).mat,0,train_pool
WIN-377f0242b913af013f10,source_domain/cwru_48khz_normal/N_1_(1772rpm).mat,N,source_domain/cwru_48khz_normal/N_1_(1772rpm).mat,0,train_pool
WIN-a0eee795005bd4b96ac1,source_domain/cwru_48khz_normal/N_1_(1772rpm).mat,N,source_domain/cwru_48khz_normal/N_1_(1772rpm).mat,0,train_pool
WIN-b41d078c21a5ce4af4b3,source_domain/cwru_48khz_normal/N_1_(1772rpm).mat,N,source_domain/cwru_48khz_normal/N_1_(1772rpm).mat,0,train_pool
WIN-00350287a61f20ce9d7e,source_domain/cwru_48khz_normal/N_2_(1750rpm).mat,N,source_domain/cwru_48khz_normal/N_2_(1750rpm).mat,0,train_pool
WIN-3d58573682716e5c5064,source_domain/cwru_48khz_normal/N_2_(1750rpm).mat,N,source_domain/cwru_48khz_normal/N_2_(1750rpm).mat,0,train_pool
WIN-b2411d5297f747d4822e,source_domain/cwru_48khz_normal/N_2_(1750rpm).mat,N,source_domain/cwru_48khz_normal/N_2_(1750rpm).mat,0,train_pool
WIN-9bcb88a8ab46670aca83,source_domain/cwru_48khz_normal/N_2_(1750rpm).mat,N,source_domain/cwru_48khz_normal/N_2_(1750rpm).mat,0,train_pool
WIN-686716d79ca7aa62b9ea,source_domain/cwru_48khz_normal/N_2_(1750rpm).mat,N,source_domain/cwru_48khz_normal/N_2_(1750rpm).mat,0,train_pool
WIN-a01d42224d12e8be9754,source_domain/cwru_48khz_normal/N_2_(1750rpm).mat,N,source_domain/cwru_48khz_normal/N_2_(1750rpm).mat,0,train_pool
WIN-23c8cd5488a5d65e01b4,source_domain/cwru_48khz_normal/N_2_(1750rpm).mat,N,source_domain/cwru_48khz_normal/N_2_(1750rpm).mat,0,train_pool
WIN-a5e6488c5864a2354157,source_domain/cwru_48khz_normal/N_2_(1750rpm).mat,N,source_domain/cwru_48khz_normal/N_2_(1750rpm).mat,0,train_pool
WIN-6cc9877e5c381959ced4,source_domain/cwru_48khz_normal/N_2_(1750rpm).mat,N,source_domain/cwru_48khz_normal/N_2_(1750rpm).mat,0,train_pool
WIN-5ed6be496e68b8bb544b,source_domain/cwru_48khz_normal/N_2_(1750rpm).mat,N,source_domain/cwru_48khz_normal/N_2_(1750rpm).mat,0,train_pool
WIN-4d8793b610fe83ca8f23,source_domain/cwru_48khz_normal/N_2_(1750rpm).mat,N,source_domain/cwru_48khz_normal/N_2_(1750rpm).mat,0,train_pool
WIN-765f077ef09f54555dec,source_domain/cwru_48khz_normal/N_2_(1750rpm).mat,N,source_domain/cwru_48khz_normal/N_2_(1750rpm).mat,0,train_pool
WIN-78d37d352e3fd4ed36f6,source_domain/cwru_48khz_normal/N_2_(1750rpm).mat,N,source_domain/cwru_48khz_normal/N_2_(1750rpm).mat,0,train_pool
WIN-7c837798ee77a25be18b,source_domain/cwru_48khz_normal/N_2_(1750rpm).mat,N,source_domain/cwru_48khz_normal/N_2_(1750rpm).mat,0,train_pool
WIN-f9742f5fb2bf8c4da815,source_domain/cwru_48khz_normal/N_2_(1750rpm).mat,N,source_domain/cwru_48khz_normal/N_2_(1750rpm).mat,0,train_pool
WIN-b9ada340e976456d07f6,source_domain/cwru_48khz_normal/N_3.mat,N,source_domain/cwru_48khz_normal/N_3.mat,0,train_pool
WIN-4c4641ae399d641dcb8d,source_domain/cwru_48khz_normal/N_3.mat,N,source_domain/cwru_48khz_normal/N_3.mat,0,train_pool
WIN-e99483e6afe0dd9ea470,source_domain/cwru_48khz_normal/N_3.mat,N,source_domain/cwru_48khz_normal/N_3.mat,0,train_pool
WIN-eabf2e5e388ad51c4050,source_domain/cwru_48khz_normal/N_3.mat,N,source_domain/cwru_48khz_normal/N_3.mat,0,train_pool
WIN-9cae389eae9c405ad2ab,source_domain/cwru_48khz_normal/N_3.mat,N,source_domain/cwru_48khz_normal/N_3.mat,0,train_pool
WIN-8f40c0c199e2dbb3056e,source_domain/cwru_48khz_normal/N_3.mat,N,source_domain/cwru_48khz_normal/N_3.mat,0,train_pool
WIN-b7d5045ea15bb00f29be,source_domain/cwru_48khz_normal/N_3.mat,N,source_domain/cwru_48khz_normal/N_3.mat,0,train_pool
WIN-b2096ed61872a8544781,source_domain/cwru_48khz_normal/N_3.mat,N,source_domain/cwru_48khz_normal/N_3.mat,0,train_pool
WIN-a5078da3b8f0a47407a3,source_domain/cwru_48khz_normal/N_3.mat,N,source_domain/cwru_48khz_normal/N_3.mat,0,train_pool
WIN-24c4685f42c93d8a615c,source_domain/cwru_48khz_normal/N_3.mat,N,source_domain/cwru_48khz_normal/N_3.mat,0,train_pool
WIN-4e9168008e6b27b5d723,source_domain/cwru_48khz_normal/N_3.mat,N,source_domain/cwru_48khz_normal/N_3.mat,0,train_pool
WIN-a33729b2941a383413bc,source_domain/cwru_48khz_normal/N_3.mat,N,source_domain/cwru_48khz_normal/N_3.mat,0,train_pool
WIN-e1ec0df17de660c289ac,source_domain/cwru_48khz_normal/N_3.mat,N,source_domain/cwru_48khz_normal/N_3.mat,0,train_pool
WIN-be62712cf7984f4beba5,source_domain/cwru_48khz_normal/N_3.mat,N,source_domain/cwru_48khz_normal/N_3.mat,0,train_pool
WIN-1e84f33a83def8b9b6ed,source_domain/cwru_48khz_normal/N_3.mat,N,source_domain/cwru_48khz_normal/N_3.mat,0,train_pool
WIN-7903ddfdfcd489ea8e7f,source_domain/cwru_12khz_fe/B007_0.mat,B,source_domain/cwru_12khz_fe/B007_0.mat,1,train_pool
WIN-891173c04174ac17a6fb,source_domain/cwru_12khz_fe/B007_0.mat,B,source_domain/cwru_12khz_fe/B007_0.mat,1,train_pool
WIN-ab17f14a1876d835f17f,source_domain/cwru_12khz_fe/B007_0.mat,B,source_domain/cwru_12khz_fe/B007_0.mat,1,train_pool
WIN-eca284a71e0c1ac11041,source_domain/cwru_12khz_fe/B007_0.mat,B,source_domain/cwru_12khz_fe/B007_0.mat,1,train_pool
WIN-2716e506699e08232ff4,source_domain/cwru_12khz_fe/B007_0.mat,B,source_domain/cwru_12khz_fe/B007_0.mat,1,train_pool
WIN-7f96935775ac95b47312,source_domain/cwru_12khz_fe/B007_0.mat,B,source_domain/cwru_12khz_fe/B007_0.mat,1,train_pool
WIN-504f12d19ee97d5f4b97,source_domain/cwru_12khz_fe/B007_0.mat,B,source_domain/cwru_12khz_fe/B007_0.mat,1,train_pool
WIN-ddf026a9aa9e93933961,source_domain/cwru_12khz_fe/B007_0.mat,B,source_domain/cwru_12khz_fe/B007_0.mat,1,train_pool
WIN-7d37f2d28f462c58c7ea,source_domain/cwru_12khz_fe/B007_0.mat,B,source_domain/cwru_12khz_fe/B007_0.mat,1,train_pool
WIN-9635e7302773fb6d7204,source_domain/cwru_12khz_fe/B007_0.mat,B,source_domain/cwru_12khz_fe/B007_0.mat,1,train_pool
WIN-80cf8cdf1be7194dc98f,source_domain/cwru_12khz_fe/B007_0.mat,B,source_domain/cwru_12khz_fe/B007_0.mat,1,train_pool
WIN-f5636ea33223eed9d925,source_domain/cwru_12khz_fe/B007_0.mat,B,source_domain/cwru_12khz_fe/B007_0.mat,1,train_pool
WIN-b8f7e3b7bbb386cf66e0,source_domain/cwru_12khz_fe/B007_0.mat,B,source_domain/cwru_12khz_fe/B007_0.mat,1,train_pool
WIN-e69b8a5f43efd3e341c0,source_domain/cwru_12khz_fe/B007_0.mat,B,source_domain/cwru_12khz_fe/B007_0.mat,1,train_pool
WIN-8fddd937f14d9d075c10,source_domain/cwru_12khz_fe/B007_0.mat,B,source_domain/cwru_12khz_fe/B007_0.mat,1,train_pool
WIN-d473bf538145c5cb6764,source_domain/cwru_12khz_fe/B007_1.mat,B,source_domain/cwru_12khz_fe/B007_1.mat,1,train_pool
WIN-645927b5904522565940,source_domain/cwru_12khz_fe/B007_1.mat,B,source_domain/cwru_12khz_fe/B007_1.mat,1,train_pool
WIN-d542115139eb558ed2f3,source_domain/cwru_12khz_fe/B007_1.mat,B,source_domain/cwru_12khz_fe/B007_1.mat,1,train_pool
WIN-278af3809b54154a0f5e,source_domain/cwru_12khz_fe/B007_1.mat,B,source_domain/cwru_12khz_fe/B007_1.mat,1,train_pool
WIN-e92d52863a4e0f15de93,source_domain/cwru_12khz_fe/B007_1.mat,B,source_domain/cwru_12khz_fe/B007_1.mat,1,train_pool
WIN-e4e32ea1ca545610d69e,source_domain/cwru_12khz_fe/B007_1.mat,B,source_domain/cwru_12khz_fe/B007_1.mat,1,train_pool
WIN-f70b348fbf07a3e841c9,source_domain/cwru_12khz_fe/B007_1.mat,B,source_domain/cwru_12khz_fe/B007_1.mat,1,train_pool
WIN-2d6addfdc68ea4b01135,source_domain/cwru_12khz_fe/B007_1.mat,B,source_domain/cwru_12khz_fe/B007_1.mat,1,train_pool
WIN-cc2d1358a3ab2b7ee442,source_domain/cwru_12khz_fe/B007_1.mat,B,source_domain/cwru_12khz_fe/B007_1.mat,1,train_pool
WIN-8ce4a63029b888f10682,source_domain/cwru_12khz_fe/B007_1.mat,B,source_domain/cwru_12khz_fe/B007_1.mat,1,train_pool
WIN-e3f967093ebd831492ce,source_domain/cwru_12khz_fe/B007_1.mat,B,source_domain/cwru_12khz_fe/B007_1.mat,1,train_pool
WIN-c932afcccfe487deef11,source_domain/cwru_12khz_fe/B007_1.mat,B,source_domain/cwru_12khz_fe/B007_1.mat,1,train_pool
WIN-ca596ac1d7ec980606e5,source_domain/cwru_12khz_fe/B007_1.mat,B,source_domain/cwru_12khz_fe/B007_1.mat,1,train_pool
WIN-ee38cce142716519a1ef,source_domain/cwru_12khz_fe/B007_1.mat,B,source_domain/cwru_12khz_fe/B007_1.mat,1,train_pool
WIN-95891b5a79c5a82166e5,source_domain/cwru_12khz_fe/B007_1.mat,B,source_domain/cwru_12khz_fe/B007_1.mat,1,train_pool
WIN-bed73ae248b507641f53,source_domain/cwru_12khz_fe/B007_2.mat,B,source_domain/cwru_12khz_fe/B007_2.mat,1,train_pool
WIN-ca1b4f5413162000e2fb,source_domain/cwru_12khz_fe/B007_2.mat,B,source_domain/cwru_12khz_fe/B007_2.mat,1,train_pool
WIN-4efaf5f5787c4d068504,source_domain/cwru_12khz_fe/B007_2.mat,B,source_domain/cwru_12khz_fe/B007_2.mat,1,train_pool
WIN-2b5daa9a57e8986f6af4,source_domain/cwru_12khz_fe/B007_2.mat,B,source_domain/cwru_12khz_fe/B007_2.mat,1,train_pool
WIN-17ffaa42ab4e1a7a0bf2,source_domain/cwru_12khz_fe/B007_2.mat,B,source_domain/cwru_12khz_fe/B007_2.mat,1,train_pool
WIN-c8d2aba8f8ee0fe3a0ce,source_domain/cwru_12khz_fe/B007_2.mat,B,source_domain/cwru_12khz_fe/B007_2.mat,1,train_pool
WIN-a3baec2d813e5b5bf25b,source_domain/cwru_12khz_fe/B007_2.mat,B,source_domain/cwru_12khz_fe/B007_2.mat,1,train_pool
WIN-b2c0b1e6ee7c316790e6,source_domain/cwru_12khz_fe/B007_2.mat,B,source_domain/cwru_12khz_fe/B007_2.mat,1,train_pool
WIN-c2ffe1f0417325d8f0d4,source_domain/cwru_12khz_fe/B007_2.mat,B,source_domain/cwru_12khz_fe/B007_2.mat,1,train_pool
WIN-95387c7be4fc1e44a8da,source_domain/cwru_12khz_fe/B007_2.mat,B,source_domain/cwru_12khz_fe/B007_2.mat,1,train_pool
WIN-691dcda830149b752ed4,source_domain/cwru_12khz_fe/B007_2.mat,B,source_domain/cwru_12khz_fe/B007_2.mat,1,train_pool
WIN-17d94a9334029dfa613a,source_domain/cwru_12khz_fe/B007_2.mat,B,source_domain/cwru_12khz_fe/B007_2.mat,1,train_pool
WIN-ce1088821854c23b82d0,source_domain/cwru_12khz_fe/B007_2.mat,B,source_domain/cwru_12khz_fe/B007_2.mat,1,train_pool
WIN-493587db7c0f397b1294,source_domain/cwru_12khz_fe/B007_2.mat,B,source_domain/cwru_12khz_fe/B007_2.mat,1,train_pool
WIN-5759020dae18cf676691,source_domain/cwru_12khz_fe/B007_2.mat,B,source_domain/cwru_12khz_fe/B007_2.mat,1,train_pool
WIN-48bfb74691fab45b7368,source_domain/cwru_12khz_fe/B007_3.mat,B,source_domain/cwru_12khz_fe/B007_3.mat,1,train_pool
WIN-329a0ec73e2cb6f6befe,source_domain/cwru_12khz_fe/B007_3.mat,B,source_domain/cwru_12khz_fe/B007_3.mat,1,train_pool
WIN-b5f69035b70f0781318b,source_domain/cwru_12khz_fe/B007_3.mat,B,source_domain/cwru_12khz_fe/B007_3.mat,1,train_pool
WIN-1700c07dd64b07a5c56f,source_domain/cwru_12khz_fe/B007_3.mat,B,source_domain/cwru_12khz_fe/B007_3.mat,1,train_pool
WIN-c1455f1c48534c1d9942,source_domain/cwru_12khz_fe/B007_3.mat,B,source_domain/cwru_12khz_fe/B007_3.mat,1,train_pool
WIN-d590c1261a8f8a71666e,source_domain/cwru_12khz_fe/B007_3.mat,B,source_domain/cwru_12khz_fe/B007_3.mat,1,train_pool
WIN-cdd1f7ae6646012ac43b,source_domain/cwru_12khz_fe/B007_3.mat,B,source_domain/cwru_12khz_fe/B007_3.mat,1,train_pool
WIN-90a7529848129262ca12,source_domain/cwru_12khz_fe/B007_3.mat,B,source_domain/cwru_12khz_fe/B007_3.mat,1,train_pool
WIN-979526b8b548ff097201,source_domain/cwru_12khz_fe/B007_3.mat,B,source_domain/cwru_12khz_fe/B007_3.mat,1,train_pool
WIN-1e2484005ec9defcf7c5,source_domain/cwru_12khz_fe/B007_3.mat,B,source_domain/cwru_12khz_fe/B007_3.mat,1,train_pool
WIN-e4093a9c255c8e68bc2d,source_domain/cwru_12khz_fe/B007_3.mat,B,source_domain/cwru_12khz_fe/B007_3.mat,1,train_pool
WIN-2601959fec1ce9560ef0,source_domain/cwru_12khz_fe/B007_3.mat,B,source_domain/cwru_12khz_fe/B007_3.mat,1,train_pool
WIN-0320273825c2c88259a7,source_domain/cwru_12khz_fe/B007_3.mat,B,source_domain/cwru_12khz_fe/B007_3.mat,1,train_pool
WIN-3629de27ad58b37be352,source_domain/cwru_12khz_fe/B007_3.mat,B,source_domain/cwru_12khz_fe/B007_3.mat,1,train_pool
WIN-37b08499ea4aef44f627,source_domain/cwru_12khz_fe/B007_3.mat,B,source_domain/cwru_12khz_fe/B007_3.mat,1,train_pool
WIN-b31da23344e493409fb2,source_domain/cwru_12khz_fe/B014_0.mat,B,source_domain/cwru_12khz_fe/B014_0.mat,1,train_pool
WIN-75a3398578e2d3667396,source_domain/cwru_12khz_fe/B014_0.mat,B,source_domain/cwru_12khz_fe/B014_0.mat,1,train_pool
WIN-5b309f969dcbb80a6771,source_domain/cwru_12khz_fe/B014_0.mat,B,source_domain/cwru_12khz_fe/B014_0.mat,1,train_pool
WIN-f94500ae333b46c58a95,source_domain/cwru_12khz_fe/B014_0.mat,B,source_domain/cwru_12khz_fe/B014_0.mat,1,train_pool
WIN-8a2155a2928d0380478f,source_domain/cwru_12khz_fe/B014_0.mat,B,source_domain/cwru_12khz_fe/B014_0.mat,1,train_pool
WIN-12738a8ff1cde1df5252,source_domain/cwru_12khz_fe/B014_0.mat,B,source_domain/cwru_12khz_fe/B014_0.mat,1,train_pool
WIN-35f379154ce90da08c7a,source_domain/cwru_12khz_fe/B014_0.mat,B,source_domain/cwru_12khz_fe/B014_0.mat,1,train_pool
WIN-55f4ef1d25e27ac9d1f9,source_domain/cwru_12khz_fe/B014_0.mat,B,source_domain/cwru_12khz_fe/B014_0.mat,1,train_pool
WIN-8acd47c7423c50b9be33,source_domain/cwru_12khz_fe/B014_0.mat,B,source_domain/cwru_12khz_fe/B014_0.mat,1,train_pool
WIN-3427f9a7fd24dc310f77,source_domain/cwru_12khz_fe/B014_0.mat,B,source_domain/cwru_12khz_fe/B014_0.mat,1,train_pool
WIN-6e721131deeaa0326e30,source_domain/cwru_12khz_fe/B014_0.mat,B,source_domain/cwru_12khz_fe/B014_0.mat,1,train_pool
WIN-a86da486f40b03070c27,source_domain/cwru_12khz_fe/B014_0.mat,B,source_domain/cwru_12khz_fe/B014_0.mat,1,train_pool
WIN-2c5dd68d9a3c2a8bd332,source_domain/cwru_12khz_fe/B014_0.mat,B,source_domain/cwru_12khz_fe/B014_0.mat,1,train_pool
WIN-90ddf32d14f48f6c411c,source_domain/cwru_12khz_fe/B014_0.mat,B,source_domain/cwru_12khz_fe/B014_0.mat,1,train_pool
WIN-4bccca6de03d58d4b6f0,source_domain/cwru_12khz_fe/B014_0.mat,B,source_domain/cwru_12khz_fe/B014_0.mat,1,train_pool
WIN-6973a8c42964be865058,source_domain/cwru_12khz_fe/B014_1.mat,B,source_domain/cwru_12khz_fe/B014_1.mat,1,train_pool
WIN-a3afac2b88e914c9a766,source_domain/cwru_12khz_fe/B014_1.mat,B,source_domain/cwru_12khz_fe/B014_1.mat,1,train_pool
WIN-23a9dffe6f9b7b523adf,source_domain/cwru_12khz_fe/B014_1.mat,B,source_domain/cwru_12khz_fe/B014_1.mat,1,train_pool
WIN-1a5b88ad287551c49d3b,source_domain/cwru_12khz_fe/B014_1.mat,B,source_domain/cwru_12khz_fe/B014_1.mat,1,train_pool
WIN-5ff1104c2d9836b2a716,source_domain/cwru_12khz_fe/B014_1.mat,B,source_domain/cwru_12khz_fe/B014_1.mat,1,train_pool
WIN-7743e9ef6f07f0097f12,source_domain/cwru_12khz_fe/B014_1.mat,B,source_domain/cwru_12khz_fe/B014_1.mat,1,train_pool
WIN-8f186ca87b313d6e1e73,source_domain/cwru_12khz_fe/B014_1.mat,B,source_domain/cwru_12khz_fe/B014_1.mat,1,train_pool
WIN-a04628c5fb57bb17a157,source_domain/cwru_12khz_fe/B014_1.mat,B,source_domain/cwru_12khz_fe/B014_1.mat,1,train_pool
WIN-686a8465e68783e11ea5,source_domain/cwru_12khz_fe/B014_1.mat,B,source_domain/cwru_12khz_fe/B014_1.mat,1,train_pool
WIN-8a4f533e2f54ce9d3b3d,source_domain/cwru_12khz_fe/B014_1.mat,B,source_domain/cwru_12khz_fe/B014_1.mat,1,train_pool
WIN-5945b88ef9480f2adb32,source_domain/cwru_12khz_fe/B014_1.mat,B,source_domain/cwru_12khz_fe/B014_1.mat,1,train_pool
WIN-81b730060fb0f9f3e062,source_domain/cwru_12khz_fe/B014_1.mat,B,source_domain/cwru_12khz_fe/B014_1.mat,1,train_pool
WIN-a757e773381cfe600bc9,source_domain/cwru_12khz_fe/B014_1.mat,B,source_domain/cwru_12khz_fe/B014_1.mat,1,train_pool
WIN-3bd82ba106cb26f6464e,source_domain/cwru_12khz_fe/B014_1.mat,B,source_domain/cwru_12khz_fe/B014_1.mat,1,train_pool
WIN-48c1ad389c8d5489ec76,source_domain/cwru_12khz_fe/B014_1.mat,B,source_domain/cwru_12khz_fe/B014_1.mat,1,train_pool
WIN-ad2f3523d4f033a46aeb,source_domain/cwru_12khz_fe/B014_2.mat,B,source_domain/cwru_12khz_fe/B014_2.mat,1,train_pool
WIN-900d674f1e8f1a8d9ff9,source_domain/cwru_12khz_fe/B014_2.mat,B,source_domain/cwru_12khz_fe/B014_2.mat,1,train_pool
WIN-8138d88731735b2e8334,source_domain/cwru_12khz_fe/B014_2.mat,B,source_domain/cwru_12khz_fe/B014_2.mat,1,train_pool
WIN-28b607de24710b94389b,source_domain/cwru_12khz_fe/B014_2.mat,B,source_domain/cwru_12khz_fe/B014_2.mat,1,train_pool
WIN-af27ccea3ef66e070230,source_domain/cwru_12khz_fe/B014_2.mat,B,source_domain/cwru_12khz_fe/B014_2.mat,1,train_pool
WIN-a5f4b9487c91c5df82b1,source_domain/cwru_12khz_fe/B014_2.mat,B,source_domain/cwru_12khz_fe/B014_2.mat,1,train_pool
WIN-dc43e05f3f0d9055c984,source_domain/cwru_12khz_fe/B014_2.mat,B,source_domain/cwru_12khz_fe/B014_2.mat,1,train_pool
WIN-f71b9d992459d01d5b57,source_domain/cwru_12khz_fe/B014_2.mat,B,source_domain/cwru_12khz_fe/B014_2.mat,1,train_pool
WIN-c99d320ce097697af301,source_domain/cwru_12khz_fe/B014_2.mat,B,source_domain/cwru_12khz_fe/B014_2.mat,1,train_pool
WIN-268397442b83a1f7b44e,source_domain/cwru_12khz_fe/B014_2.mat,B,source_domain/cwru_12khz_fe/B014_2.mat,1,train_pool
WIN-a6b3061c0a348b45bdc6,source_domain/cwru_12khz_fe/B014_2.mat,B,source_domain/cwru_12khz_fe/B014_2.mat,1,train_pool
WIN-557bc71ff309dd260278,source_domain/cwru_12khz_fe/B014_2.mat,B,source_domain/cwru_12khz_fe/B014_2.mat,1,train_pool
WIN-7f27102c94739b8c7b77,source_domain/cwru_12khz_fe/B014_2.mat,B,source_domain/cwru_12khz_fe/B014_2.mat,1,train_pool
WIN-c1f19708361dfef88843,source_domain/cwru_12khz_fe/B014_2.mat,B,source_domain/cwru_12khz_fe/B014_2.mat,1,train_pool
WIN-5227e0521be27aae84c5,source_domain/cwru_12khz_fe/B014_2.mat,B,source_domain/cwru_12khz_fe/B014_2.mat,1,train_pool
WIN-25c24932c6ba90148763,source_domain/cwru_12khz_fe/B014_3.mat,B,source_domain/cwru_12khz_fe/B014_3.mat,1,test
WIN-fbf0bf5d0844273a42a6,source_domain/cwru_12khz_fe/B014_3.mat,B,source_domain/cwru_12khz_fe/B014_3.mat,1,test
WIN-e28340f0d7d9453a9caa,source_domain/cwru_12khz_fe/B014_3.mat,B,source_domain/cwru_12khz_fe/B014_3.mat,1,test
WIN-f77c4cc3d3a83b436b63,source_domain/cwru_12khz_fe/B014_3.mat,B,source_domain/cwru_12khz_fe/B014_3.mat,1,test
WIN-42ef98b4686408af7196,source_domain/cwru_12khz_fe/B014_3.mat,B,source_domain/cwru_12khz_fe/B014_3.mat,1,test
WIN-a65048188e9c2363e19a,source_domain/cwru_12khz_fe/B014_3.mat,B,source_domain/cwru_12khz_fe/B014_3.mat,1,test
WIN-ddf60ff253e37de91ced,source_domain/cwru_12khz_fe/B014_3.mat,B,source_domain/cwru_12khz_fe/B014_3.mat,1,test
WIN-643b84d5e705c0c4f20e,source_domain/cwru_12khz_fe/B014_3.mat,B,source_domain/cwru_12khz_fe/B014_3.mat,1,test
WIN-da858fbc7f7d6cd0a253,source_domain/cwru_12khz_fe/B014_3.mat,B,source_domain/cwru_12khz_fe/B014_3.mat,1,test
WIN-c5ffba9fa48ee2d2f8e6,source_domain/cwru_12khz_fe/B014_3.mat,B,source_domain/cwru_12khz_fe/B014_3.mat,1,test
WIN-7c366f0765f7f25a5d45,source_domain/cwru_12khz_fe/B014_3.mat,B,source_domain/cwru_12khz_fe/B014_3.mat,1,test
WIN-dbfe99d6cb64529c7d03,source_domain/cwru_12khz_fe/B014_3.mat,B,source_domain/cwru_12khz_fe/B014_3.mat,1,test
WIN-f794c617abb0155a5f49,source_domain/cwru_12khz_fe/B014_3.mat,B,source_domain/cwru_12khz_fe/B014_3.mat,1,test
WIN-71a23180ca05c3f356d7,source_domain/cwru_12khz_fe/B014_3.mat,B,source_domain/cwru_12khz_fe/B014_3.mat,1,test
WIN-e1f8581ec72156e4c40d,source_domain/cwru_12khz_fe/B014_3.mat,B,source_domain/cwru_12khz_fe/B014_3.mat,1,test
WIN-4307f92375069babe348,source_domain/cwru_12khz_fe/B021_0.mat,B,source_domain/cwru_12khz_fe/B021_0.mat,1,train_pool
WIN-8ec9e349dc6a2dad86f5,source_domain/cwru_12khz_fe/B021_0.mat,B,source_domain/cwru_12khz_fe/B021_0.mat,1,train_pool
WIN-3b1db9162d81b3487c0c,source_domain/cwru_12khz_fe/B021_0.mat,B,source_domain/cwru_12khz_fe/B021_0.mat,1,train_pool
WIN-bbb6db2261581421a8dc,source_domain/cwru_12khz_fe/B021_0.mat,B,source_domain/cwru_12khz_fe/B021_0.mat,1,train_pool
WIN-a15c4cd52a490317cae7,source_domain/cwru_12khz_fe/B021_0.mat,B,source_domain/cwru_12khz_fe/B021_0.mat,1,train_pool
WIN-478f6d8d3e8f9056d252,source_domain/cwru_12khz_fe/B021_0.mat,B,source_domain/cwru_12khz_fe/B021_0.mat,1,train_pool
WIN-4981f1e708cd35d5472e,source_domain/cwru_12khz_fe/B021_0.mat,B,source_domain/cwru_12khz_fe/B021_0.mat,1,train_pool
WIN-242b37df1ed074df80b3,source_domain/cwru_12khz_fe/B021_0.mat,B,source_domain/cwru_12khz_fe/B021_0.mat,1,train_pool
WIN-8c9b7a85d4ce7c3bc6b1,source_domain/cwru_12khz_fe/B021_0.mat,B,source_domain/cwru_12khz_fe/B021_0.mat,1,train_pool
WIN-d7bd0c8a027e6db2f970,source_domain/cwru_12khz_fe/B021_0.mat,B,source_domain/cwru_12khz_fe/B021_0.mat,1,train_pool
WIN-743bc7cb57880bbee02d,source_domain/cwru_12khz_fe/B021_0.mat,B,source_domain/cwru_12khz_fe/B021_0.mat,1,train_pool
WIN-b91f84ec83a97fa03b8e,source_domain/cwru_12khz_fe/B021_0.mat,B,source_domain/cwru_12khz_fe/B021_0.mat,1,train_pool
WIN-01542cc9fee777f6ce43,source_domain/cwru_12khz_fe/B021_0.mat,B,source_domain/cwru_12khz_fe/B021_0.mat,1,train_pool
WIN-8bd08058b2baee587475,source_domain/cwru_12khz_fe/B021_0.mat,B,source_domain/cwru_12khz_fe/B021_0.mat,1,train_pool
WIN-66227cd413cf12b07cf2,source_domain/cwru_12khz_fe/B021_0.mat,B,source_domain/cwru_12khz_fe/B021_0.mat,1,train_pool
WIN-ce9aed289046dbf88e3d,source_domain/cwru_12khz_fe/B021_1.mat,B,source_domain/cwru_12khz_fe/B021_1.mat,1,train_pool
WIN-b8a176c8599396fcb933,source_domain/cwru_12khz_fe/B021_1.mat,B,source_domain/cwru_12khz_fe/B021_1.mat,1,train_pool
WIN-6a6cd868718760f9beb2,source_domain/cwru_12khz_fe/B021_1.mat,B,source_domain/cwru_12khz_fe/B021_1.mat,1,train_pool
WIN-c73ce4e610533d0e394f,source_domain/cwru_12khz_fe/B021_1.mat,B,source_domain/cwru_12khz_fe/B021_1.mat,1,train_pool
WIN-7ab4e13fbabfbd4e5db3,source_domain/cwru_12khz_fe/B021_1.mat,B,source_domain/cwru_12khz_fe/B021_1.mat,1,train_pool
WIN-842bb62f1c993b737727,source_domain/cwru_12khz_fe/B021_1.mat,B,source_domain/cwru_12khz_fe/B021_1.mat,1,train_pool
WIN-7571657e1d092958db86,source_domain/cwru_12khz_fe/B021_1.mat,B,source_domain/cwru_12khz_fe/B021_1.mat,1,train_pool
WIN-6e194b460a6f9dfb63db,source_domain/cwru_12khz_fe/B021_1.mat,B,source_domain/cwru_12khz_fe/B021_1.mat,1,train_pool
WIN-78752056609514e16c69,source_domain/cwru_12khz_fe/B021_1.mat,B,source_domain/cwru_12khz_fe/B021_1.mat,1,train_pool
WIN-cebfacbec3451fecab55,source_domain/cwru_12khz_fe/B021_1.mat,B,source_domain/cwru_12khz_fe/B021_1.mat,1,train_pool
WIN-2faee3c8f5a2fb07bfb9,source_domain/cwru_12khz_fe/B021_1.mat,B,source_domain/cwru_12khz_fe/B021_1.mat,1,train_pool
WIN-524b6d879559ed5b2440,source_domain/cwru_12khz_fe/B021_1.mat,B,source_domain/cwru_12khz_fe/B021_1.mat,1,train_pool
WIN-ca1dc236c64a0d336eb0,source_domain/cwru_12khz_fe/B021_1.mat,B,source_domain/cwru_12khz_fe/B021_1.mat,1,train_pool
WIN-daf99a564745c1239bc0,source_domain/cwru_12khz_fe/B021_1.mat,B,source_domain/cwru_12khz_fe/B021_1.mat,1,train_pool
WIN-44962460fdc546b555e0,source_domain/cwru_12khz_fe/B021_1.mat,B,source_domain/cwru_12khz_fe/B021_1.mat,1,train_pool
WIN-9256778c4e9f54cc41aa,source_domain/cwru_12khz_fe/B021_2.mat,B,source_domain/cwru_12khz_fe/B021_2.mat,1,test
WIN-651c3edbaed6a47e5dea,source_domain/cwru_12khz_fe/B021_2.mat,B,source_domain/cwru_12khz_fe/B021_2.mat,1,test
WIN-200a713d371478eda482,source_domain/cwru_12khz_fe/B021_2.mat,B,source_domain/cwru_12khz_fe/B021_2.mat,1,test
WIN-c62646b8543263f175d1,source_domain/cwru_12khz_fe/B021_2.mat,B,source_domain/cwru_12khz_fe/B021_2.mat,1,test
WIN-92d189de72817f1e5ada,source_domain/cwru_12khz_fe/B021_2.mat,B,source_domain/cwru_12khz_fe/B021_2.mat,1,test
WIN-3229a1a5c839e1200807,source_domain/cwru_12khz_fe/B021_2.mat,B,source_domain/cwru_12khz_fe/B021_2.mat,1,test
WIN-867730a772b9dcd0ed48,source_domain/cwru_12khz_fe/B021_2.mat,B,source_domain/cwru_12khz_fe/B021_2.mat,1,test
WIN-f899c7d4a17a6b224947,source_domain/cwru_12khz_fe/B021_2.mat,B,source_domain/cwru_12khz_fe/B021_2.mat,1,test
WIN-0f6a3bc9202534158bf2,source_domain/cwru_12khz_fe/B021_2.mat,B,source_domain/cwru_12khz_fe/B021_2.mat,1,test
WIN-71ac72822ad527b35259,source_domain/cwru_12khz_fe/B021_2.mat,B,source_domain/cwru_12khz_fe/B021_2.mat,1,test
WIN-b05c8e4964f9df72bf1f,source_domain/cwru_12khz_fe/B021_2.mat,B,source_domain/cwru_12khz_fe/B021_2.mat,1,test
WIN-091f8a8ee20b9dd7c9e4,source_domain/cwru_12khz_fe/B021_2.mat,B,source_domain/cwru_12khz_fe/B021_2.mat,1,test
WIN-94b1eeafc18011bf8eef,source_domain/cwru_12khz_fe/B021_2.mat,B,source_domain/cwru_12khz_fe/B021_2.mat,1,test
WIN-f2a109bfcb3bd50884d4,source_domain/cwru_12khz_fe/B021_2.mat,B,source_domain/cwru_12khz_fe/B021_2.mat,1,test
WIN-9f44ba4ed2fff4393dbb,source_domain/cwru_12khz_fe/B021_2.mat,B,source_domain/cwru_12khz_fe/B021_2.mat,1,test
WIN-14094409b262f8c91fdc,source_domain/cwru_12khz_fe/B021_3.mat,B,source_domain/cwru_12khz_fe/B021_3.mat,1,test
WIN-9da80ffb14320d8be725,source_domain/cwru_12khz_fe/B021_3.mat,B,source_domain/cwru_12khz_fe/B021_3.mat,1,test
WIN-f0d3fcca08326ff41455,source_domain/cwru_12khz_fe/B021_3.mat,B,source_domain/cwru_12khz_fe/B021_3.mat,1,test
WIN-5816000a95fd48643e4b,source_domain/cwru_12khz_fe/B021_3.mat,B,source_domain/cwru_12khz_fe/B021_3.mat,1,test
WIN-6dc5e027873cf32d4e96,source_domain/cwru_12khz_fe/B021_3.mat,B,source_domain/cwru_12khz_fe/B021_3.mat,1,test
WIN-38a8a954f6798ec86167,source_domain/cwru_12khz_fe/B021_3.mat,B,source_domain/cwru_12khz_fe/B021_3.mat,1,test
WIN-9126f778aa047cde3fb2,source_domain/cwru_12khz_fe/B021_3.mat,B,source_domain/cwru_12khz_fe/B021_3.mat,1,test
WIN-fe66a6b6a14822d2f154,source_domain/cwru_12khz_fe/B021_3.mat,B,source_domain/cwru_12khz_fe/B021_3.mat,1,test
WIN-7fb954901dba6ace533b,source_domain/cwru_12khz_fe/B021_3.mat,B,source_domain/cwru_12khz_fe/B021_3.mat,1,test
WIN-b73493f0cb9947516581,source_domain/cwru_12khz_fe/B021_3.mat,B,source_domain/cwru_12khz_fe/B021_3.mat,1,test
WIN-6dbe514a262c18ead6c6,source_domain/cwru_12khz_fe/B021_3.mat,B,source_domain/cwru_12khz_fe/B021_3.mat,1,test
WIN-226e82c04a54964bbe8f,source_domain/cwru_12khz_fe/B021_3.mat,B,source_domain/cwru_12khz_fe/B021_3.mat,1,test
WIN-fe7b58007106a8a988a6,source_domain/cwru_12khz_fe/B021_3.mat,B,source_domain/cwru_12khz_fe/B021_3.mat,1,test
WIN-b7ba65720aef0997f313,source_domain/cwru_12khz_fe/B021_3.mat,B,source_domain/cwru_12khz_fe/B021_3.mat,1,test
WIN-f6330fca6f78e77e47a2,source_domain/cwru_12khz_fe/B021_3.mat,B,source_domain/cwru_12khz_fe/B021_3.mat,1,test
WIN-aedff8f49043e8611f7b,source_domain/cwru_12khz_fe/IR007_0.mat,IR,source_domain/cwru_12khz_fe/IR007_0.mat,1,train_pool
WIN-687a139507a6a6959bf4,source_domain/cwru_12khz_fe/IR007_0.mat,IR,source_domain/cwru_12khz_fe/IR007_0.mat,1,train_pool
WIN-72976a1165ffddbdf3cd,source_domain/cwru_12khz_fe/IR007_0.mat,IR,source_domain/cwru_12khz_fe/IR007_0.mat,1,train_pool
WIN-583a43f7fd9ebf20deb0,source_domain/cwru_12khz_fe/IR007_0.mat,IR,source_domain/cwru_12khz_fe/IR007_0.mat,1,train_pool
WIN-18101343915a3d7c252f,source_domain/cwru_12khz_fe/IR007_0.mat,IR,source_domain/cwru_12khz_fe/IR007_0.mat,1,train_pool
WIN-db7ef28204ff4354b799,source_domain/cwru_12khz_fe/IR007_0.mat,IR,source_domain/cwru_12khz_fe/IR007_0.mat,1,train_pool
WIN-4858540c7771fcd31f5e,source_domain/cwru_12khz_fe/IR007_0.mat,IR,source_domain/cwru_12khz_fe/IR007_0.mat,1,train_pool
WIN-236290c16e2454609e8f,source_domain/cwru_12khz_fe/IR007_0.mat,IR,source_domain/cwru_12khz_fe/IR007_0.mat,1,train_pool
WIN-daf59a603c9555423e28,source_domain/cwru_12khz_fe/IR007_0.mat,IR,source_domain/cwru_12khz_fe/IR007_0.mat,1,train_pool
WIN-e7a5ec78c744c22f6f7b,source_domain/cwru_12khz_fe/IR007_0.mat,IR,source_domain/cwru_12khz_fe/IR007_0.mat,1,train_pool
WIN-8ea36ad1ed8ed4050ee1,source_domain/cwru_12khz_fe/IR007_0.mat,IR,source_domain/cwru_12khz_fe/IR007_0.mat,1,train_pool
WIN-6df3b1a0e807f9bfdd2a,source_domain/cwru_12khz_fe/IR007_0.mat,IR,source_domain/cwru_12khz_fe/IR007_0.mat,1,train_pool
WIN-3e58b4956f9eb2a15f8f,source_domain/cwru_12khz_fe/IR007_0.mat,IR,source_domain/cwru_12khz_fe/IR007_0.mat,1,train_pool
WIN-fe011dea2903f8cd4c22,source_domain/cwru_12khz_fe/IR007_0.mat,IR,source_domain/cwru_12khz_fe/IR007_0.mat,1,train_pool
WIN-6436369b6b6a5c89b6f4,source_domain/cwru_12khz_fe/IR007_0.mat,IR,source_domain/cwru_12khz_fe/IR007_0.mat,1,train_pool
WIN-76b37ed3bc783c0cc905,source_domain/cwru_12khz_fe/IR007_1.mat,IR,source_domain/cwru_12khz_fe/IR007_1.mat,1,train_pool
WIN-ba35f61877490475d0c1,source_domain/cwru_12khz_fe/IR007_1.mat,IR,source_domain/cwru_12khz_fe/IR007_1.mat,1,train_pool
WIN-7d6464ba2fca178a047a,source_domain/cwru_12khz_fe/IR007_1.mat,IR,source_domain/cwru_12khz_fe/IR007_1.mat,1,train_pool
WIN-818ad005e3cb0f8cfeb1,source_domain/cwru_12khz_fe/IR007_1.mat,IR,source_domain/cwru_12khz_fe/IR007_1.mat,1,train_pool
WIN-81b726fe00d127972160,source_domain/cwru_12khz_fe/IR007_1.mat,IR,source_domain/cwru_12khz_fe/IR007_1.mat,1,train_pool
WIN-5c17bd1b9c8c56bae671,source_domain/cwru_12khz_fe/IR007_1.mat,IR,source_domain/cwru_12khz_fe/IR007_1.mat,1,train_pool
WIN-31d80cf41e038ac53d82,source_domain/cwru_12khz_fe/IR007_1.mat,IR,source_domain/cwru_12khz_fe/IR007_1.mat,1,train_pool
WIN-65b070ef7b219013641f,source_domain/cwru_12khz_fe/IR007_1.mat,IR,source_domain/cwru_12khz_fe/IR007_1.mat,1,train_pool
WIN-675d4546c409d80d86e3,source_domain/cwru_12khz_fe/IR007_1.mat,IR,source_domain/cwru_12khz_fe/IR007_1.mat,1,train_pool
WIN-6c7a4134cbf512b3a28e,source_domain/cwru_12khz_fe/IR007_1.mat,IR,source_domain/cwru_12khz_fe/IR007_1.mat,1,train_pool
WIN-1609a00ca1d3a822e2dd,source_domain/cwru_12khz_fe/IR007_1.mat,IR,source_domain/cwru_12khz_fe/IR007_1.mat,1,train_pool
WIN-c3216774c4460e657567,source_domain/cwru_12khz_fe/IR007_1.mat,IR,source_domain/cwru_12khz_fe/IR007_1.mat,1,train_pool
WIN-793fae25042f4a3987f1,source_domain/cwru_12khz_fe/IR007_1.mat,IR,source_domain/cwru_12khz_fe/IR007_1.mat,1,train_pool
WIN-73592ac81c9a7a22bac3,source_domain/cwru_12khz_fe/IR007_1.mat,IR,source_domain/cwru_12khz_fe/IR007_1.mat,1,train_pool
WIN-6fc76f988f52786ece77,source_domain/cwru_12khz_fe/IR007_1.mat,IR,source_domain/cwru_12khz_fe/IR007_1.mat,1,train_pool
WIN-b5260e2cd6b8d8f6cd67,source_domain/cwru_12khz_fe/IR007_2.mat,IR,source_domain/cwru_12khz_fe/IR007_2.mat,1,train_pool
WIN-ade913420fc52d55847c,source_domain/cwru_12khz_fe/IR007_2.mat,IR,source_domain/cwru_12khz_fe/IR007_2.mat,1,train_pool
WIN-01e7e62f4c2ecbdb18db,source_domain/cwru_12khz_fe/IR007_2.mat,IR,source_domain/cwru_12khz_fe/IR007_2.mat,1,train_pool
WIN-70314c3ab088ce2bee55,source_domain/cwru_12khz_fe/IR007_2.mat,IR,source_domain/cwru_12khz_fe/IR007_2.mat,1,train_pool
WIN-fed04242cbf1719d78bf,source_domain/cwru_12khz_fe/IR007_2.mat,IR,source_domain/cwru_12khz_fe/IR007_2.mat,1,train_pool
WIN-979bf2d8b4fd579dcd33,source_domain/cwru_12khz_fe/IR007_2.mat,IR,source_domain/cwru_12khz_fe/IR007_2.mat,1,train_pool
WIN-858f672a8ed729a64e8e,source_domain/cwru_12khz_fe/IR007_2.mat,IR,source_domain/cwru_12khz_fe/IR007_2.mat,1,train_pool
WIN-75ab10ed4c5e44e818b5,source_domain/cwru_12khz_fe/IR007_2.mat,IR,source_domain/cwru_12khz_fe/IR007_2.mat,1,train_pool
WIN-bd346145ae546172e166,source_domain/cwru_12khz_fe/IR007_2.mat,IR,source_domain/cwru_12khz_fe/IR007_2.mat,1,train_pool
WIN-14dc9dcdf84c6b5f3943,source_domain/cwru_12khz_fe/IR007_2.mat,IR,source_domain/cwru_12khz_fe/IR007_2.mat,1,train_pool
WIN-06b3ee637ecb4727711e,source_domain/cwru_12khz_fe/IR007_2.mat,IR,source_domain/cwru_12khz_fe/IR007_2.mat,1,train_pool
WIN-8c6bd41037c8c6a97b20,source_domain/cwru_12khz_fe/IR007_2.mat,IR,source_domain/cwru_12khz_fe/IR007_2.mat,1,train_pool
WIN-666695e7042d3c8f85e4,source_domain/cwru_12khz_fe/IR007_2.mat,IR,source_domain/cwru_12khz_fe/IR007_2.mat,1,train_pool
WIN-b6c4c97697e059fc19ad,source_domain/cwru_12khz_fe/IR007_2.mat,IR,source_domain/cwru_12khz_fe/IR007_2.mat,1,train_pool
WIN-6096a5f0b148a34900c5,source_domain/cwru_12khz_fe/IR007_2.mat,IR,source_domain/cwru_12khz_fe/IR007_2.mat,1,train_pool
WIN-36c3fb867e1ebbfb7945,source_domain/cwru_12khz_fe/IR007_3.mat,IR,source_domain/cwru_12khz_fe/IR007_3.mat,1,train_pool
WIN-2f3a8feb7ac80dd3054b,source_domain/cwru_12khz_fe/IR007_3.mat,IR,source_domain/cwru_12khz_fe/IR007_3.mat,1,train_pool
WIN-c0c957a2ebecccd09b09,source_domain/cwru_12khz_fe/IR007_3.mat,IR,source_domain/cwru_12khz_fe/IR007_3.mat,1,train_pool
WIN-9e34e8c735e92f8efcc4,source_domain/cwru_12khz_fe/IR007_3.mat,IR,source_domain/cwru_12khz_fe/IR007_3.mat,1,train_pool
WIN-05e3b5dba0b8bf0cec71,source_domain/cwru_12khz_fe/IR007_3.mat,IR,source_domain/cwru_12khz_fe/IR007_3.mat,1,train_pool
WIN-b3826052360ede3025ed,source_domain/cwru_12khz_fe/IR007_3.mat,IR,source_domain/cwru_12khz_fe/IR007_3.mat,1,train_pool
WIN-876fac0ccd4036166ffe,source_domain/cwru_12khz_fe/IR007_3.mat,IR,source_domain/cwru_12khz_fe/IR007_3.mat,1,train_pool
WIN-95ba58e2644691cf9155,source_domain/cwru_12khz_fe/IR007_3.mat,IR,source_domain/cwru_12khz_fe/IR007_3.mat,1,train_pool
WIN-db8aa1c4a131bb7d038d,source_domain/cwru_12khz_fe/IR007_3.mat,IR,source_domain/cwru_12khz_fe/IR007_3.mat,1,train_pool
WIN-39e8b4aaf58b74cc748a,source_domain/cwru_12khz_fe/IR007_3.mat,IR,source_domain/cwru_12khz_fe/IR007_3.mat,1,train_pool
WIN-02135945bb18ff887375,source_domain/cwru_12khz_fe/IR007_3.mat,IR,source_domain/cwru_12khz_fe/IR007_3.mat,1,train_pool
WIN-9b30f7c42b134f3dd64a,source_domain/cwru_12khz_fe/IR007_3.mat,IR,source_domain/cwru_12khz_fe/IR007_3.mat,1,train_pool
WIN-d1c33fd95c8d96968d54,source_domain/cwru_12khz_fe/IR007_3.mat,IR,source_domain/cwru_12khz_fe/IR007_3.mat,1,train_pool
WIN-70fafa99e816d7111b6d,source_domain/cwru_12khz_fe/IR007_3.mat,IR,source_domain/cwru_12khz_fe/IR007_3.mat,1,train_pool
WIN-386787f7137c8175d934,source_domain/cwru_12khz_fe/IR007_3.mat,IR,source_domain/cwru_12khz_fe/IR007_3.mat,1,train_pool
WIN-62696365c983df932a8d,source_domain/cwru_12khz_fe/IR014_0.mat,IR,source_domain/cwru_12khz_fe/IR014_0.mat,1,train_pool
WIN-b1ebedb36966d2107ec7,source_domain/cwru_12khz_fe/IR014_0.mat,IR,source_domain/cwru_12khz_fe/IR014_0.mat,1,train_pool
WIN-21f44ece947d5ffbac4a,source_domain/cwru_12khz_fe/IR014_0.mat,IR,source_domain/cwru_12khz_fe/IR014_0.mat,1,train_pool
WIN-b72afe8ff9e3e40e1833,source_domain/cwru_12khz_fe/IR014_0.mat,IR,source_domain/cwru_12khz_fe/IR014_0.mat,1,train_pool
WIN-06ef77117f462ca4aafc,source_domain/cwru_12khz_fe/IR014_0.mat,IR,source_domain/cwru_12khz_fe/IR014_0.mat,1,train_pool
WIN-14b7f82858bbdbf77eeb,source_domain/cwru_12khz_fe/IR014_0.mat,IR,source_domain/cwru_12khz_fe/IR014_0.mat,1,train_pool
WIN-57fcacb5f64126c65095,source_domain/cwru_12khz_fe/IR014_0.mat,IR,source_domain/cwru_12khz_fe/IR014_0.mat,1,train_pool
WIN-39974fa6f44d1515f03e,source_domain/cwru_12khz_fe/IR014_0.mat,IR,source_domain/cwru_12khz_fe/IR014_0.mat,1,train_pool
WIN-d484361e8fdc962b15cf,source_domain/cwru_12khz_fe/IR014_0.mat,IR,source_domain/cwru_12khz_fe/IR014_0.mat,1,train_pool
WIN-571156a292963ce10be9,source_domain/cwru_12khz_fe/IR014_0.mat,IR,source_domain/cwru_12khz_fe/IR014_0.mat,1,train_pool
WIN-8271e42c86cd42bc4463,source_domain/cwru_12khz_fe/IR014_0.mat,IR,source_domain/cwru_12khz_fe/IR014_0.mat,1,train_pool
WIN-57bd81b8264d6660c5d3,source_domain/cwru_12khz_fe/IR014_0.mat,IR,source_domain/cwru_12khz_fe/IR014_0.mat,1,train_pool
WIN-dad8679918e8871ce2f0,source_domain/cwru_12khz_fe/IR014_0.mat,IR,source_domain/cwru_12khz_fe/IR014_0.mat,1,train_pool
WIN-f7c77baae89c17b6049f,source_domain/cwru_12khz_fe/IR014_0.mat,IR,source_domain/cwru_12khz_fe/IR014_0.mat,1,train_pool
WIN-f743df3c3f350713e282,source_domain/cwru_12khz_fe/IR014_0.mat,IR,source_domain/cwru_12khz_fe/IR014_0.mat,1,train_pool
WIN-85ae90faabadab7d5828,source_domain/cwru_12khz_fe/IR014_1.mat,IR,source_domain/cwru_12khz_fe/IR014_1.mat,1,test
WIN-bfd566badf798378011f,source_domain/cwru_12khz_fe/IR014_1.mat,IR,source_domain/cwru_12khz_fe/IR014_1.mat,1,test
WIN-a7acf3397ee9375b0e93,source_domain/cwru_12khz_fe/IR014_1.mat,IR,source_domain/cwru_12khz_fe/IR014_1.mat,1,test
WIN-3826c922b4c105df2f7d,source_domain/cwru_12khz_fe/IR014_1.mat,IR,source_domain/cwru_12khz_fe/IR014_1.mat,1,test
WIN-42e666986313bfbb88ab,source_domain/cwru_12khz_fe/IR014_1.mat,IR,source_domain/cwru_12khz_fe/IR014_1.mat,1,test
WIN-ec477fae56320663b28f,source_domain/cwru_12khz_fe/IR014_1.mat,IR,source_domain/cwru_12khz_fe/IR014_1.mat,1,test
WIN-c99d826df9499e731fbf,source_domain/cwru_12khz_fe/IR014_1.mat,IR,source_domain/cwru_12khz_fe/IR014_1.mat,1,test
WIN-cdc328545af4f4423377,source_domain/cwru_12khz_fe/IR014_1.mat,IR,source_domain/cwru_12khz_fe/IR014_1.mat,1,test
WIN-2290f757189fbcbee4aa,source_domain/cwru_12khz_fe/IR014_1.mat,IR,source_domain/cwru_12khz_fe/IR014_1.mat,1,test
WIN-cc3fd51f324cf584e730,source_domain/cwru_12khz_fe/IR014_1.mat,IR,source_domain/cwru_12khz_fe/IR014_1.mat,1,test
WIN-de8659e3136d7a79549a,source_domain/cwru_12khz_fe/IR014_1.mat,IR,source_domain/cwru_12khz_fe/IR014_1.mat,1,test
WIN-8a9c1c6fa65078d2c247,source_domain/cwru_12khz_fe/IR014_1.mat,IR,source_domain/cwru_12khz_fe/IR014_1.mat,1,test
WIN-9e326f99a153645d35c6,source_domain/cwru_12khz_fe/IR014_1.mat,IR,source_domain/cwru_12khz_fe/IR014_1.mat,1,test
WIN-c6091c5f9ebb00bcb9ad,source_domain/cwru_12khz_fe/IR014_1.mat,IR,source_domain/cwru_12khz_fe/IR014_1.mat,1,test
WIN-230fdb831982ad274196,source_domain/cwru_12khz_fe/IR014_1.mat,IR,source_domain/cwru_12khz_fe/IR014_1.mat,1,test
WIN-8dd5a29353542d2461f5,source_domain/cwru_12khz_fe/IR014_2.mat,IR,source_domain/cwru_12khz_fe/IR014_2.mat,1,train_pool
WIN-1ac7616db8fc9d99f80d,source_domain/cwru_12khz_fe/IR014_2.mat,IR,source_domain/cwru_12khz_fe/IR014_2.mat,1,train_pool
WIN-86e44c67fde4f980e3f0,source_domain/cwru_12khz_fe/IR014_2.mat,IR,source_domain/cwru_12khz_fe/IR014_2.mat,1,train_pool
WIN-0ea1ca1043aa44936435,source_domain/cwru_12khz_fe/IR014_2.mat,IR,source_domain/cwru_12khz_fe/IR014_2.mat,1,train_pool
WIN-d184189702c1c23867ae,source_domain/cwru_12khz_fe/IR014_2.mat,IR,source_domain/cwru_12khz_fe/IR014_2.mat,1,train_pool
WIN-5b1a9fb52dcc810feee9,source_domain/cwru_12khz_fe/IR014_2.mat,IR,source_domain/cwru_12khz_fe/IR014_2.mat,1,train_pool
WIN-be0f658db58ac0f0ff8a,source_domain/cwru_12khz_fe/IR014_2.mat,IR,source_domain/cwru_12khz_fe/IR014_2.mat,1,train_pool
WIN-c8ed48b34da272d4bdf6,source_domain/cwru_12khz_fe/IR014_2.mat,IR,source_domain/cwru_12khz_fe/IR014_2.mat,1,train_pool
WIN-cfd83e247fe639de1309,source_domain/cwru_12khz_fe/IR014_2.mat,IR,source_domain/cwru_12khz_fe/IR014_2.mat,1,train_pool
WIN-92efb6dd469ce2ac10d0,source_domain/cwru_12khz_fe/IR014_2.mat,IR,source_domain/cwru_12khz_fe/IR014_2.mat,1,train_pool
WIN-b0ec0d90db45a81fe520,source_domain/cwru_12khz_fe/IR014_2.mat,IR,source_domain/cwru_12khz_fe/IR014_2.mat,1,train_pool
WIN-bab8f26b2be44958d70f,source_domain/cwru_12khz_fe/IR014_2.mat,IR,source_domain/cwru_12khz_fe/IR014_2.mat,1,train_pool
WIN-307631e7cb0fb39c919d,source_domain/cwru_12khz_fe/IR014_2.mat,IR,source_domain/cwru_12khz_fe/IR014_2.mat,1,train_pool
WIN-580e7f428d853bf89e27,source_domain/cwru_12khz_fe/IR014_2.mat,IR,source_domain/cwru_12khz_fe/IR014_2.mat,1,train_pool
WIN-683537dfcd7db82db89e,source_domain/cwru_12khz_fe/IR014_2.mat,IR,source_domain/cwru_12khz_fe/IR014_2.mat,1,train_pool
WIN-6bcc910060e6a2783f7c,source_domain/cwru_12khz_fe/IR014_3.mat,IR,source_domain/cwru_12khz_fe/IR014_3.mat,1,train_pool
WIN-9db033efbdf410ea51c3,source_domain/cwru_12khz_fe/IR014_3.mat,IR,source_domain/cwru_12khz_fe/IR014_3.mat,1,train_pool
WIN-5067f4851d1df38bb8ea,source_domain/cwru_12khz_fe/IR014_3.mat,IR,source_domain/cwru_12khz_fe/IR014_3.mat,1,train_pool
WIN-57cbd4a80d5d75533139,source_domain/cwru_12khz_fe/IR014_3.mat,IR,source_domain/cwru_12khz_fe/IR014_3.mat,1,train_pool
WIN-c7f02031e7dae0fdecb6,source_domain/cwru_12khz_fe/IR014_3.mat,IR,source_domain/cwru_12khz_fe/IR014_3.mat,1,train_pool
WIN-b3641b72e6f4775ec2bb,source_domain/cwru_12khz_fe/IR014_3.mat,IR,source_domain/cwru_12khz_fe/IR014_3.mat,1,train_pool
WIN-dffb160c65b929775fa1,source_domain/cwru_12khz_fe/IR014_3.mat,IR,source_domain/cwru_12khz_fe/IR014_3.mat,1,train_pool
WIN-1b34a7d35b846363d699,source_domain/cwru_12khz_fe/IR014_3.mat,IR,source_domain/cwru_12khz_fe/IR014_3.mat,1,train_pool
WIN-08914e4d1f36f7fd0623,source_domain/cwru_12khz_fe/IR014_3.mat,IR,source_domain/cwru_12khz_fe/IR014_3.mat,1,train_pool
WIN-c9757224d240ac23ec8b,source_domain/cwru_12khz_fe/IR014_3.mat,IR,source_domain/cwru_12khz_fe/IR014_3.mat,1,train_pool
WIN-9cbbfa0c8ae645300c76,source_domain/cwru_12khz_fe/IR014_3.mat,IR,source_domain/cwru_12khz_fe/IR014_3.mat,1,train_pool
WIN-a8a5f313c519707a0e89,source_domain/cwru_12khz_fe/IR014_3.mat,IR,source_domain/cwru_12khz_fe/IR014_3.mat,1,train_pool
WIN-d8c2edb9471f1ca481a2,source_domain/cwru_12khz_fe/IR014_3.mat,IR,source_domain/cwru_12khz_fe/IR014_3.mat,1,train_pool
WIN-6ac8f82e3370980eb1d2,source_domain/cwru_12khz_fe/IR014_3.mat,IR,source_domain/cwru_12khz_fe/IR014_3.mat,1,train_pool
WIN-1e336694d1ddc07bc2bd,source_domain/cwru_12khz_fe/IR014_3.mat,IR,source_domain/cwru_12khz_fe/IR014_3.mat,1,train_pool
WIN-f1a58f4f3ed23b97e2f0,source_domain/cwru_12khz_fe/IR021_0.mat,IR,source_domain/cwru_12khz_fe/IR021_0.mat,1,test
WIN-cb72ed354d09b4f3ecad,source_domain/cwru_12khz_fe/IR021_0.mat,IR,source_domain/cwru_12khz_fe/IR021_0.mat,1,test
WIN-a2da8eec5688b9029b80,source_domain/cwru_12khz_fe/IR021_0.mat,IR,source_domain/cwru_12khz_fe/IR021_0.mat,1,test
WIN-766984dc5ab18ce09ac3,source_domain/cwru_12khz_fe/IR021_0.mat,IR,source_domain/cwru_12khz_fe/IR021_0.mat,1,test
WIN-df5af39b8a314ea3f8fc,source_domain/cwru_12khz_fe/IR021_0.mat,IR,source_domain/cwru_12khz_fe/IR021_0.mat,1,test
WIN-8cb9e165024733262024,source_domain/cwru_12khz_fe/IR021_0.mat,IR,source_domain/cwru_12khz_fe/IR021_0.mat,1,test
WIN-ea8ee01bb7d4b7a3cf25,source_domain/cwru_12khz_fe/IR021_0.mat,IR,source_domain/cwru_12khz_fe/IR021_0.mat,1,test
WIN-fe7d6dfecf911e3ccf77,source_domain/cwru_12khz_fe/IR021_0.mat,IR,source_domain/cwru_12khz_fe/IR021_0.mat,1,test
WIN-ebb0533d30429f8136a6,source_domain/cwru_12khz_fe/IR021_0.mat,IR,source_domain/cwru_12khz_fe/IR021_0.mat,1,test
WIN-e937ef2c89b66e754692,source_domain/cwru_12khz_fe/IR021_0.mat,IR,source_domain/cwru_12khz_fe/IR021_0.mat,1,test
WIN-b2dfa1f429227c4b8d2f,source_domain/cwru_12khz_fe/IR021_0.mat,IR,source_domain/cwru_12khz_fe/IR021_0.mat,1,test
WIN-49dbfe60afc8e26b16f0,source_domain/cwru_12khz_fe/IR021_0.mat,IR,source_domain/cwru_12khz_fe/IR021_0.mat,1,test
WIN-7bb0c885759045a6654a,source_domain/cwru_12khz_fe/IR021_0.mat,IR,source_domain/cwru_12khz_fe/IR021_0.mat,1,test
WIN-cce1986cc6e147facd2e,source_domain/cwru_12khz_fe/IR021_0.mat,IR,source_domain/cwru_12khz_fe/IR021_0.mat,1,test
WIN-956cec6db54c9f576589,source_domain/cwru_12khz_fe/IR021_0.mat,IR,source_domain/cwru_12khz_fe/IR021_0.mat,1,test
WIN-af90dedd3ab6bb4603ce,source_domain/cwru_12khz_fe/IR021_1.mat,IR,source_domain/cwru_12khz_fe/IR021_1.mat,1,test
WIN-ae5f60f8b954a932da59,source_domain/cwru_12khz_fe/IR021_1.mat,IR,source_domain/cwru_12khz_fe/IR021_1.mat,1,test
WIN-541679f2292056c93c74,source_domain/cwru_12khz_fe/IR021_1.mat,IR,source_domain/cwru_12khz_fe/IR021_1.mat,1,test
WIN-2815b3949c9296691723,source_domain/cwru_12khz_fe/IR021_1.mat,IR,source_domain/cwru_12khz_fe/IR021_1.mat,1,test
WIN-12b47fd529ff613b50db,source_domain/cwru_12khz_fe/IR021_1.mat,IR,source_domain/cwru_12khz_fe/IR021_1.mat,1,test
WIN-92a05a596e09faf0469e,source_domain/cwru_12khz_fe/IR021_1.mat,IR,source_domain/cwru_12khz_fe/IR021_1.mat,1,test
WIN-ac28aca983a363ed75a1,source_domain/cwru_12khz_fe/IR021_1.mat,IR,source_domain/cwru_12khz_fe/IR021_1.mat,1,test
WIN-b22099acebbf932611c6,source_domain/cwru_12khz_fe/IR021_1.mat,IR,source_domain/cwru_12khz_fe/IR021_1.mat,1,test
WIN-1edb17d9e2db8860f262,source_domain/cwru_12khz_fe/IR021_1.mat,IR,source_domain/cwru_12khz_fe/IR021_1.mat,1,test
WIN-ad0526632af328ea078a,source_domain/cwru_12khz_fe/IR021_1.mat,IR,source_domain/cwru_12khz_fe/IR021_1.mat,1,test
WIN-a12e8064cf48351cf1c4,source_domain/cwru_12khz_fe/IR021_1.mat,IR,source_domain/cwru_12khz_fe/IR021_1.mat,1,test
WIN-645dcea1edad34cd7ebc,source_domain/cwru_12khz_fe/IR021_1.mat,IR,source_domain/cwru_12khz_fe/IR021_1.mat,1,test
WIN-93a655c71ace7cf36461,source_domain/cwru_12khz_fe/IR021_1.mat,IR,source_domain/cwru_12khz_fe/IR021_1.mat,1,test
WIN-ea175eb069f7f0e8a1dc,source_domain/cwru_12khz_fe/IR021_1.mat,IR,source_domain/cwru_12khz_fe/IR021_1.mat,1,test
WIN-02e858828f8d6253d825,source_domain/cwru_12khz_fe/IR021_1.mat,IR,source_domain/cwru_12khz_fe/IR021_1.mat,1,test
WIN-ade818bd37afd0fa0740,source_domain/cwru_12khz_fe/IR021_2.mat,IR,source_domain/cwru_12khz_fe/IR021_2.mat,1,train_pool
WIN-067e8414e36b441ec9ad,source_domain/cwru_12khz_fe/IR021_2.mat,IR,source_domain/cwru_12khz_fe/IR021_2.mat,1,train_pool
WIN-82fc40b80dc0401d1d59,source_domain/cwru_12khz_fe/IR021_2.mat,IR,source_domain/cwru_12khz_fe/IR021_2.mat,1,train_pool
WIN-257b647f86237e701c07,source_domain/cwru_12khz_fe/IR021_2.mat,IR,source_domain/cwru_12khz_fe/IR021_2.mat,1,train_pool
WIN-681f97c80b2d7a4390c4,source_domain/cwru_12khz_fe/IR021_2.mat,IR,source_domain/cwru_12khz_fe/IR021_2.mat,1,train_pool
WIN-ffd41a97997930c06560,source_domain/cwru_12khz_fe/IR021_2.mat,IR,source_domain/cwru_12khz_fe/IR021_2.mat,1,train_pool
WIN-01ddea71fe80693dcd0c,source_domain/cwru_12khz_fe/IR021_2.mat,IR,source_domain/cwru_12khz_fe/IR021_2.mat,1,train_pool
WIN-f7c97c65fdb4734fcde1,source_domain/cwru_12khz_fe/IR021_2.mat,IR,source_domain/cwru_12khz_fe/IR021_2.mat,1,train_pool
WIN-a08c9311a67a450e72fc,source_domain/cwru_12khz_fe/IR021_2.mat,IR,source_domain/cwru_12khz_fe/IR021_2.mat,1,train_pool
WIN-ba515142a0007c4b2629,source_domain/cwru_12khz_fe/IR021_2.mat,IR,source_domain/cwru_12khz_fe/IR021_2.mat,1,train_pool
WIN-3162e5c6e8dc56508eb5,source_domain/cwru_12khz_fe/IR021_2.mat,IR,source_domain/cwru_12khz_fe/IR021_2.mat,1,train_pool
WIN-4efa088d6b62e83b982a,source_domain/cwru_12khz_fe/IR021_2.mat,IR,source_domain/cwru_12khz_fe/IR021_2.mat,1,train_pool
WIN-ac9006c3212e10886f49,source_domain/cwru_12khz_fe/IR021_2.mat,IR,source_domain/cwru_12khz_fe/IR021_2.mat,1,train_pool
WIN-4ea6f053c047ef8704fa,source_domain/cwru_12khz_fe/IR021_2.mat,IR,source_domain/cwru_12khz_fe/IR021_2.mat,1,train_pool
WIN-3f93669f64da8cfeb4f1,source_domain/cwru_12khz_fe/IR021_2.mat,IR,source_domain/cwru_12khz_fe/IR021_2.mat,1,train_pool
WIN-7cfe75c680335acb71fc,source_domain/cwru_12khz_fe/IR021_3.mat,IR,source_domain/cwru_12khz_fe/IR021_3.mat,1,train_pool
WIN-da1b2290cde4e3240e8d,source_domain/cwru_12khz_fe/IR021_3.mat,IR,source_domain/cwru_12khz_fe/IR021_3.mat,1,train_pool
WIN-bf01017e9d620164e839,source_domain/cwru_12khz_fe/IR021_3.mat,IR,source_domain/cwru_12khz_fe/IR021_3.mat,1,train_pool
WIN-648a6afb261a5ec06b8d,source_domain/cwru_12khz_fe/IR021_3.mat,IR,source_domain/cwru_12khz_fe/IR021_3.mat,1,train_pool
WIN-8eb23f44087b49271219,source_domain/cwru_12khz_fe/IR021_3.mat,IR,source_domain/cwru_12khz_fe/IR021_3.mat,1,train_pool
WIN-576502aab2e9e4c4775a,source_domain/cwru_12khz_fe/IR021_3.mat,IR,source_domain/cwru_12khz_fe/IR021_3.mat,1,train_pool
WIN-ff4ea363627c75a13ff7,source_domain/cwru_12khz_fe/IR021_3.mat,IR,source_domain/cwru_12khz_fe/IR021_3.mat,1,train_pool
WIN-fe77534eb996ee41b69b,source_domain/cwru_12khz_fe/IR021_3.mat,IR,source_domain/cwru_12khz_fe/IR021_3.mat,1,train_pool
WIN-a1f094216dd6a49cd973,source_domain/cwru_12khz_fe/IR021_3.mat,IR,source_domain/cwru_12khz_fe/IR021_3.mat,1,train_pool
WIN-bd4fdc3c59effa9f13f6,source_domain/cwru_12khz_fe/IR021_3.mat,IR,source_domain/cwru_12khz_fe/IR021_3.mat,1,train_pool
WIN-00154dd47f4b27756990,source_domain/cwru_12khz_fe/IR021_3.mat,IR,source_domain/cwru_12khz_fe/IR021_3.mat,1,train_pool
WIN-9805925649c8dcb8c2ca,source_domain/cwru_12khz_fe/IR021_3.mat,IR,source_domain/cwru_12khz_fe/IR021_3.mat,1,train_pool
WIN-9439f1aa6712cf6d7c0e,source_domain/cwru_12khz_fe/IR021_3.mat,IR,source_domain/cwru_12khz_fe/IR021_3.mat,1,train_pool
WIN-b98a836d1a68b385c13b,source_domain/cwru_12khz_fe/IR021_3.mat,IR,source_domain/cwru_12khz_fe/IR021_3.mat,1,train_pool
WIN-46747e8a8dc1c5a79865,source_domain/cwru_12khz_fe/IR021_3.mat,IR,source_domain/cwru_12khz_fe/IR021_3.mat,1,train_pool
WIN-fa6c8cafed1699d7517f,source_domain/cwru_12khz_fe/OR007@12_0.mat,OR,source_domain/cwru_12khz_fe/OR007@12_0.mat,1,train_pool
WIN-748be3b276d7164e9abc,source_domain/cwru_12khz_fe/OR007@12_0.mat,OR,source_domain/cwru_12khz_fe/OR007@12_0.mat,1,train_pool
WIN-8bc0f9ecea59ddc8639a,source_domain/cwru_12khz_fe/OR007@12_0.mat,OR,source_domain/cwru_12khz_fe/OR007@12_0.mat,1,train_pool
WIN-5fd668811bc1cd1d4aa5,source_domain/cwru_12khz_fe/OR007@12_0.mat,OR,source_domain/cwru_12khz_fe/OR007@12_0.mat,1,train_pool
WIN-d946fc2423b4c37de0ba,source_domain/cwru_12khz_fe/OR007@12_0.mat,OR,source_domain/cwru_12khz_fe/OR007@12_0.mat,1,train_pool
WIN-c40afc9071dd90c1dd08,source_domain/cwru_12khz_fe/OR007@12_0.mat,OR,source_domain/cwru_12khz_fe/OR007@12_0.mat,1,train_pool
WIN-99e8592999abd62a92ed,source_domain/cwru_12khz_fe/OR007@12_0.mat,OR,source_domain/cwru_12khz_fe/OR007@12_0.mat,1,train_pool
WIN-74dc12ae699664545810,source_domain/cwru_12khz_fe/OR007@12_0.mat,OR,source_domain/cwru_12khz_fe/OR007@12_0.mat,1,train_pool
WIN-9a56271c78fb4a9291b4,source_domain/cwru_12khz_fe/OR007@12_0.mat,OR,source_domain/cwru_12khz_fe/OR007@12_0.mat,1,train_pool
WIN-a08c283a0089fd3a3c77,source_domain/cwru_12khz_fe/OR007@12_0.mat,OR,source_domain/cwru_12khz_fe/OR007@12_0.mat,1,train_pool
WIN-ebe16bfdb825565c17b5,source_domain/cwru_12khz_fe/OR007@12_0.mat,OR,source_domain/cwru_12khz_fe/OR007@12_0.mat,1,train_pool
WIN-85ab41149290cae6fc68,source_domain/cwru_12khz_fe/OR007@12_0.mat,OR,source_domain/cwru_12khz_fe/OR007@12_0.mat,1,train_pool
WIN-fcc50a408ff847057e1f,source_domain/cwru_12khz_fe/OR007@12_0.mat,OR,source_domain/cwru_12khz_fe/OR007@12_0.mat,1,train_pool
WIN-eb08ea4539f25f0f13aa,source_domain/cwru_12khz_fe/OR007@12_0.mat,OR,source_domain/cwru_12khz_fe/OR007@12_0.mat,1,train_pool
WIN-d3143590034485211717,source_domain/cwru_12khz_fe/OR007@12_0.mat,OR,source_domain/cwru_12khz_fe/OR007@12_0.mat,1,train_pool
WIN-7718500823160a4ed834,source_domain/cwru_12khz_fe/OR007@12_1.mat,OR,source_domain/cwru_12khz_fe/OR007@12_1.mat,1,train_pool
WIN-b8cdede8b847e897b910,source_domain/cwru_12khz_fe/OR007@12_1.mat,OR,source_domain/cwru_12khz_fe/OR007@12_1.mat,1,train_pool
WIN-ca8f05b4736b05a7abca,source_domain/cwru_12khz_fe/OR007@12_1.mat,OR,source_domain/cwru_12khz_fe/OR007@12_1.mat,1,train_pool
WIN-1c99fd92750e4cd5b69c,source_domain/cwru_12khz_fe/OR007@12_1.mat,OR,source_domain/cwru_12khz_fe/OR007@12_1.mat,1,train_pool
WIN-cd5cee30908fa9dd322b,source_domain/cwru_12khz_fe/OR007@12_1.mat,OR,source_domain/cwru_12khz_fe/OR007@12_1.mat,1,train_pool
WIN-afc638373581bdc53f82,source_domain/cwru_12khz_fe/OR007@12_1.mat,OR,source_domain/cwru_12khz_fe/OR007@12_1.mat,1,train_pool
WIN-8cabc3cb4a6808623153,source_domain/cwru_12khz_fe/OR007@12_1.mat,OR,source_domain/cwru_12khz_fe/OR007@12_1.mat,1,train_pool
WIN-417a6c5dddcd5efa5b3b,source_domain/cwru_12khz_fe/OR007@12_1.mat,OR,source_domain/cwru_12khz_fe/OR007@12_1.mat,1,train_pool
WIN-62e1ec01435b9a7e2987,source_domain/cwru_12khz_fe/OR007@12_1.mat,OR,source_domain/cwru_12khz_fe/OR007@12_1.mat,1,train_pool
WIN-b0be68aa03be9e5b88f7,source_domain/cwru_12khz_fe/OR007@12_1.mat,OR,source_domain/cwru_12khz_fe/OR007@12_1.mat,1,train_pool
WIN-97a36bbaed1c66c89785,source_domain/cwru_12khz_fe/OR007@12_1.mat,OR,source_domain/cwru_12khz_fe/OR007@12_1.mat,1,train_pool
WIN-85d57386065519c18595,source_domain/cwru_12khz_fe/OR007@12_1.mat,OR,source_domain/cwru_12khz_fe/OR007@12_1.mat,1,train_pool
WIN-5c60b10030023ecb1fa2,source_domain/cwru_12khz_fe/OR007@12_1.mat,OR,source_domain/cwru_12khz_fe/OR007@12_1.mat,1,train_pool
WIN-093bb1843cb54e36e1aa,source_domain/cwru_12khz_fe/OR007@12_1.mat,OR,source_domain/cwru_12khz_fe/OR007@12_1.mat,1,train_pool
WIN-197100a504dd69920efc,source_domain/cwru_12khz_fe/OR007@12_1.mat,OR,source_domain/cwru_12khz_fe/OR007@12_1.mat,1,train_pool
WIN-063ab624c8752b408780,source_domain/cwru_12khz_fe/OR007@12_2.mat,OR,source_domain/cwru_12khz_fe/OR007@12_2.mat,1,train_pool
WIN-f1107cc11bdac17af08c,source_domain/cwru_12khz_fe/OR007@12_2.mat,OR,source_domain/cwru_12khz_fe/OR007@12_2.mat,1,train_pool
WIN-3014bdc518adf9950ef6,source_domain/cwru_12khz_fe/OR007@12_2.mat,OR,source_domain/cwru_12khz_fe/OR007@12_2.mat,1,train_pool
WIN-77a4bd2a6e9de53d89ca,source_domain/cwru_12khz_fe/OR007@12_2.mat,OR,source_domain/cwru_12khz_fe/OR007@12_2.mat,1,train_pool
WIN-5067f5afa2eabe744cf8,source_domain/cwru_12khz_fe/OR007@12_2.mat,OR,source_domain/cwru_12khz_fe/OR007@12_2.mat,1,train_pool
WIN-58be6c5e49ca140386a7,source_domain/cwru_12khz_fe/OR007@12_2.mat,OR,source_domain/cwru_12khz_fe/OR007@12_2.mat,1,train_pool
WIN-19c4a444de9952f7f4cb,source_domain/cwru_12khz_fe/OR007@12_2.mat,OR,source_domain/cwru_12khz_fe/OR007@12_2.mat,1,train_pool
WIN-14fc350ca3de6b08c1fe,source_domain/cwru_12khz_fe/OR007@12_2.mat,OR,source_domain/cwru_12khz_fe/OR007@12_2.mat,1,train_pool
WIN-2300f48ede3c1dfa5ddc,source_domain/cwru_12khz_fe/OR007@12_2.mat,OR,source_domain/cwru_12khz_fe/OR007@12_2.mat,1,train_pool
WIN-993dae3161d23c470ed8,source_domain/cwru_12khz_fe/OR007@12_2.mat,OR,source_domain/cwru_12khz_fe/OR007@12_2.mat,1,train_pool
WIN-75ec544d8283c18f4ce5,source_domain/cwru_12khz_fe/OR007@12_2.mat,OR,source_domain/cwru_12khz_fe/OR007@12_2.mat,1,train_pool
WIN-11a0bf973c6f23ed135a,source_domain/cwru_12khz_fe/OR007@12_2.mat,OR,source_domain/cwru_12khz_fe/OR007@12_2.mat,1,train_pool
WIN-17d812e2b50736529c3d,source_domain/cwru_12khz_fe/OR007@12_2.mat,OR,source_domain/cwru_12khz_fe/OR007@12_2.mat,1,train_pool
WIN-865046b21f0a63655703,source_domain/cwru_12khz_fe/OR007@12_2.mat,OR,source_domain/cwru_12khz_fe/OR007@12_2.mat,1,train_pool
WIN-a7c54d1d3c47c7e8c1ea,source_domain/cwru_12khz_fe/OR007@12_2.mat,OR,source_domain/cwru_12khz_fe/OR007@12_2.mat,1,train_pool
WIN-46706137a5972d3a1ecc,source_domain/cwru_12khz_fe/OR007@12_3.mat,OR,source_domain/cwru_12khz_fe/OR007@12_3.mat,1,test
WIN-2c7eb1f0c7ce0c05eb21,source_domain/cwru_12khz_fe/OR007@12_3.mat,OR,source_domain/cwru_12khz_fe/OR007@12_3.mat,1,test
WIN-7d3864499d7d58bc6502,source_domain/cwru_12khz_fe/OR007@12_3.mat,OR,source_domain/cwru_12khz_fe/OR007@12_3.mat,1,test
WIN-f84ed1c02fdc2dd93018,source_domain/cwru_12khz_fe/OR007@12_3.mat,OR,source_domain/cwru_12khz_fe/OR007@12_3.mat,1,test
WIN-10bf77aae85d6fea8141,source_domain/cwru_12khz_fe/OR007@12_3.mat,OR,source_domain/cwru_12khz_fe/OR007@12_3.mat,1,test
WIN-df325a4f39970a7614b7,source_domain/cwru_12khz_fe/OR007@12_3.mat,OR,source_domain/cwru_12khz_fe/OR007@12_3.mat,1,test
WIN-2ebb9e36f146e958cd29,source_domain/cwru_12khz_fe/OR007@12_3.mat,OR,source_domain/cwru_12khz_fe/OR007@12_3.mat,1,test
WIN-9dc3fc35b87ff32438f9,source_domain/cwru_12khz_fe/OR007@12_3.mat,OR,source_domain/cwru_12khz_fe/OR007@12_3.mat,1,test
WIN-ba912dc1cc30dd45177a,source_domain/cwru_12khz_fe/OR007@12_3.mat,OR,source_domain/cwru_12khz_fe/OR007@12_3.mat,1,test
WIN-cee281a823fc518d678a,source_domain/cwru_12khz_fe/OR007@12_3.mat,OR,source_domain/cwru_12khz_fe/OR007@12_3.mat,1,test
WIN-3ca6b628cde95b69795b,source_domain/cwru_12khz_fe/OR007@12_3.mat,OR,source_domain/cwru_12khz_fe/OR007@12_3.mat,1,test
WIN-d4fe139a2b4ff815788c,source_domain/cwru_12khz_fe/OR007@12_3.mat,OR,source_domain/cwru_12khz_fe/OR007@12_3.mat,1,test
WIN-3129d49023847241fc96,source_domain/cwru_12khz_fe/OR007@12_3.mat,OR,source_domain/cwru_12khz_fe/OR007@12_3.mat,1,test
WIN-b74d8c4470bfeba49f02,source_domain/cwru_12khz_fe/OR007@12_3.mat,OR,source_domain/cwru_12khz_fe/OR007@12_3.mat,1,test
WIN-2aed894203967d14a01b,source_domain/cwru_12khz_fe/OR007@12_3.mat,OR,source_domain/cwru_12khz_fe/OR007@12_3.mat,1,test
WIN-09a41abe2fd00223a4e1,source_domain/cwru_12khz_fe/OR007@3_0.mat,OR,source_domain/cwru_12khz_fe/OR007@3_0.mat,1,test
WIN-2b526834e035ce798e75,source_domain/cwru_12khz_fe/OR007@3_0.mat,OR,source_domain/cwru_12khz_fe/OR007@3_0.mat,1,test
WIN-1715a2eca1dac78ae4a6,source_domain/cwru_12khz_fe/OR007@3_0.mat,OR,source_domain/cwru_12khz_fe/OR007@3_0.mat,1,test
WIN-16cdcd37780c38f5f551,source_domain/cwru_12khz_fe/OR007@3_0.mat,OR,source_domain/cwru_12khz_fe/OR007@3_0.mat,1,test
WIN-24abd296e76c9603c4a2,source_domain/cwru_12khz_fe/OR007@3_0.mat,OR,source_domain/cwru_12khz_fe/OR007@3_0.mat,1,test
WIN-986d4511d7ecbac5c050,source_domain/cwru_12khz_fe/OR007@3_0.mat,OR,source_domain/cwru_12khz_fe/OR007@3_0.mat,1,test
WIN-28369640a77cf3915447,source_domain/cwru_12khz_fe/OR007@3_0.mat,OR,source_domain/cwru_12khz_fe/OR007@3_0.mat,1,test
WIN-43ed1c32539cf447d554,source_domain/cwru_12khz_fe/OR007@3_0.mat,OR,source_domain/cwru_12khz_fe/OR007@3_0.mat,1,test
WIN-9083020b3cc706d9b1b0,source_domain/cwru_12khz_fe/OR007@3_0.mat,OR,source_domain/cwru_12khz_fe/OR007@3_0.mat,1,test
WIN-4cb649991a80a87dfb5f,source_domain/cwru_12khz_fe/OR007@3_0.mat,OR,source_domain/cwru_12khz_fe/OR007@3_0.mat,1,test
WIN-1d9c9219d661f58c147a,source_domain/cwru_12khz_fe/OR007@3_0.mat,OR,source_domain/cwru_12khz_fe/OR007@3_0.mat,1,test
WIN-4f48576279475268a3fb,source_domain/cwru_12khz_fe/OR007@3_0.mat,OR,source_domain/cwru_12khz_fe/OR007@3_0.mat,1,test
WIN-649eeac278ab6d04e72a,source_domain/cwru_12khz_fe/OR007@3_0.mat,OR,source_domain/cwru_12khz_fe/OR007@3_0.mat,1,test
WIN-060be6536c9238296b2e,source_domain/cwru_12khz_fe/OR007@3_0.mat,OR,source_domain/cwru_12khz_fe/OR007@3_0.mat,1,test
WIN-45ac628e7c5ffb741ed6,source_domain/cwru_12khz_fe/OR007@3_0.mat,OR,source_domain/cwru_12khz_fe/OR007@3_0.mat,1,test
WIN-c91ca1e4f1129795cf85,source_domain/cwru_12khz_fe/OR007@3_1.mat,OR,source_domain/cwru_12khz_fe/OR007@3_1.mat,1,train_pool
WIN-8730cf62220464d5f536,source_domain/cwru_12khz_fe/OR007@3_1.mat,OR,source_domain/cwru_12khz_fe/OR007@3_1.mat,1,train_pool
WIN-5371b27d3f4fd2278a77,source_domain/cwru_12khz_fe/OR007@3_1.mat,OR,source_domain/cwru_12khz_fe/OR007@3_1.mat,1,train_pool
WIN-61d9ea2bd10f852051a8,source_domain/cwru_12khz_fe/OR007@3_1.mat,OR,source_domain/cwru_12khz_fe/OR007@3_1.mat,1,train_pool
WIN-ce27f35f0030fee76148,source_domain/cwru_12khz_fe/OR007@3_1.mat,OR,source_domain/cwru_12khz_fe/OR007@3_1.mat,1,train_pool
WIN-6ae733112d12a69e7ae7,source_domain/cwru_12khz_fe/OR007@3_1.mat,OR,source_domain/cwru_12khz_fe/OR007@3_1.mat,1,train_pool
WIN-4aff6e3cec25f00228d7,source_domain/cwru_12khz_fe/OR007@3_1.mat,OR,source_domain/cwru_12khz_fe/OR007@3_1.mat,1,train_pool
WIN-3f8a36c31277d6e80322,source_domain/cwru_12khz_fe/OR007@3_1.mat,OR,source_domain/cwru_12khz_fe/OR007@3_1.mat,1,train_pool
WIN-094267f798a58906c9ca,source_domain/cwru_12khz_fe/OR007@3_1.mat,OR,source_domain/cwru_12khz_fe/OR007@3_1.mat,1,train_pool
WIN-467fd7bf969ee55e40dd,source_domain/cwru_12khz_fe/OR007@3_1.mat,OR,source_domain/cwru_12khz_fe/OR007@3_1.mat,1,train_pool
WIN-f6cd5921401e6227410d,source_domain/cwru_12khz_fe/OR007@3_1.mat,OR,source_domain/cwru_12khz_fe/OR007@3_1.mat,1,train_pool
WIN-4163ae8119f72a0c5051,source_domain/cwru_12khz_fe/OR007@3_1.mat,OR,source_domain/cwru_12khz_fe/OR007@3_1.mat,1,train_pool
WIN-fa79573f80bdc7fd9a4c,source_domain/cwru_12khz_fe/OR007@3_1.mat,OR,source_domain/cwru_12khz_fe/OR007@3_1.mat,1,train_pool
WIN-8a3a29c52b32413e9cea,source_domain/cwru_12khz_fe/OR007@3_1.mat,OR,source_domain/cwru_12khz_fe/OR007@3_1.mat,1,train_pool
WIN-2bb1a868957df2438caa,source_domain/cwru_12khz_fe/OR007@3_1.mat,OR,source_domain/cwru_12khz_fe/OR007@3_1.mat,1,train_pool
WIN-e78714f90f3cdf5a705f,source_domain/cwru_12khz_fe/OR007@3_2.mat,OR,source_domain/cwru_12khz_fe/OR007@3_2.mat,1,train_pool
WIN-25ae8a4c998efccb9a95,source_domain/cwru_12khz_fe/OR007@3_2.mat,OR,source_domain/cwru_12khz_fe/OR007@3_2.mat,1,train_pool
WIN-6f14fa52842f76b09c00,source_domain/cwru_12khz_fe/OR007@3_2.mat,OR,source_domain/cwru_12khz_fe/OR007@3_2.mat,1,train_pool
WIN-911dc83c78639aeeb03e,source_domain/cwru_12khz_fe/OR007@3_2.mat,OR,source_domain/cwru_12khz_fe/OR007@3_2.mat,1,train_pool
WIN-f7d1779290dc740f9691,source_domain/cwru_12khz_fe/OR007@3_2.mat,OR,source_domain/cwru_12khz_fe/OR007@3_2.mat,1,train_pool
WIN-2226684687bb63a2bc84,source_domain/cwru_12khz_fe/OR007@3_2.mat,OR,source_domain/cwru_12khz_fe/OR007@3_2.mat,1,train_pool
WIN-04247458f0f89dc258af,source_domain/cwru_12khz_fe/OR007@3_2.mat,OR,source_domain/cwru_12khz_fe/OR007@3_2.mat,1,train_pool
WIN-f8ac89bd4c4a37b1f9fb,source_domain/cwru_12khz_fe/OR007@3_2.mat,OR,source_domain/cwru_12khz_fe/OR007@3_2.mat,1,train_pool
WIN-dd83643ea7dfa10be4a7,source_domain/cwru_12khz_fe/OR007@3_2.mat,OR,source_domain/cwru_12khz_fe/OR007@3_2.mat,1,train_pool
WIN-229cab111ea86e18fc74,source_domain/cwru_12khz_fe/OR007@3_2.mat,OR,source_domain/cwru_12khz_fe/OR007@3_2.mat,1,train_pool
WIN-fcce1e7f4b60dd6bf5a8,source_domain/cwru_12khz_fe/OR007@3_2.mat,OR,source_domain/cwru_12khz_fe/OR007@3_2.mat,1,train_pool
WIN-dbd53d16f64ce87a7afa,source_domain/cwru_12khz_fe/OR007@3_2.mat,OR,source_domain/cwru_12khz_fe/OR007@3_2.mat,1,train_pool
WIN-2326aed37fcd1746ca1f,source_domain/cwru_12khz_fe/OR007@3_2.mat,OR,source_domain/cwru_12khz_fe/OR007@3_2.mat,1,train_pool
WIN-94d57054d0ad044a8469,source_domain/cwru_12khz_fe/OR007@3_2.mat,OR,source_domain/cwru_12khz_fe/OR007@3_2.mat,1,train_pool
WIN-09c6ee0513abe2933b90,source_domain/cwru_12khz_fe/OR007@3_2.mat,OR,source_domain/cwru_12khz_fe/OR007@3_2.mat,1,train_pool
WIN-8cc9594a7ec26fde7b31,source_domain/cwru_12khz_fe/OR007@3_3.mat,OR,source_domain/cwru_12khz_fe/OR007@3_3.mat,1,train_pool
WIN-c44d77f2cabc193355f0,source_domain/cwru_12khz_fe/OR007@3_3.mat,OR,source_domain/cwru_12khz_fe/OR007@3_3.mat,1,train_pool
WIN-9f6155dbab4dc05e09d2,source_domain/cwru_12khz_fe/OR007@3_3.mat,OR,source_domain/cwru_12khz_fe/OR007@3_3.mat,1,train_pool
WIN-de96314178b62c79dfc4,source_domain/cwru_12khz_fe/OR007@3_3.mat,OR,source_domain/cwru_12khz_fe/OR007@3_3.mat,1,train_pool
WIN-a6e936a49fefcb97c166,source_domain/cwru_12khz_fe/OR007@3_3.mat,OR,source_domain/cwru_12khz_fe/OR007@3_3.mat,1,train_pool
WIN-b93c0389339b6d3c88c9,source_domain/cwru_12khz_fe/OR007@3_3.mat,OR,source_domain/cwru_12khz_fe/OR007@3_3.mat,1,train_pool
WIN-a5adc5e31e6bfe750163,source_domain/cwru_12khz_fe/OR007@3_3.mat,OR,source_domain/cwru_12khz_fe/OR007@3_3.mat,1,train_pool
WIN-256691369c87ea8861f1,source_domain/cwru_12khz_fe/OR007@3_3.mat,OR,source_domain/cwru_12khz_fe/OR007@3_3.mat,1,train_pool
WIN-fdf7795e809a33a3f8c1,source_domain/cwru_12khz_fe/OR007@3_3.mat,OR,source_domain/cwru_12khz_fe/OR007@3_3.mat,1,train_pool
WIN-1a0c31abcfb222be6099,source_domain/cwru_12khz_fe/OR007@3_3.mat,OR,source_domain/cwru_12khz_fe/OR007@3_3.mat,1,train_pool
WIN-055647c4a511d2af9978,source_domain/cwru_12khz_fe/OR007@3_3.mat,OR,source_domain/cwru_12khz_fe/OR007@3_3.mat,1,train_pool
WIN-357083e788948f4d4f13,source_domain/cwru_12khz_fe/OR007@3_3.mat,OR,source_domain/cwru_12khz_fe/OR007@3_3.mat,1,train_pool
WIN-53f07e278771522f73ac,source_domain/cwru_12khz_fe/OR007@3_3.mat,OR,source_domain/cwru_12khz_fe/OR007@3_3.mat,1,train_pool
WIN-b5128d095313b5382eb4,source_domain/cwru_12khz_fe/OR007@3_3.mat,OR,source_domain/cwru_12khz_fe/OR007@3_3.mat,1,train_pool
WIN-8f22f88d4cd64cb7e6b3,source_domain/cwru_12khz_fe/OR007@3_3.mat,OR,source_domain/cwru_12khz_fe/OR007@3_3.mat,1,train_pool
WIN-886c23dd6638591aaec0,source_domain/cwru_12khz_fe/OR007@6_0.mat,OR,source_domain/cwru_12khz_fe/OR007@6_0.mat,1,test
WIN-af97d6a9e04417617add,source_domain/cwru_12khz_fe/OR007@6_0.mat,OR,source_domain/cwru_12khz_fe/OR007@6_0.mat,1,test
WIN-efa30cc3a2ed92816aed,source_domain/cwru_12khz_fe/OR007@6_0.mat,OR,source_domain/cwru_12khz_fe/OR007@6_0.mat,1,test
WIN-7089b82171d8c1f899d1,source_domain/cwru_12khz_fe/OR007@6_0.mat,OR,source_domain/cwru_12khz_fe/OR007@6_0.mat,1,test
WIN-60d9b0ed579c572dcbd5,source_domain/cwru_12khz_fe/OR007@6_0.mat,OR,source_domain/cwru_12khz_fe/OR007@6_0.mat,1,test
WIN-6757cecfcb93696b7e63,source_domain/cwru_12khz_fe/OR007@6_0.mat,OR,source_domain/cwru_12khz_fe/OR007@6_0.mat,1,test
WIN-e9818dd29f3f6707b5d8,source_domain/cwru_12khz_fe/OR007@6_0.mat,OR,source_domain/cwru_12khz_fe/OR007@6_0.mat,1,test
WIN-905dc95e598e76866a63,source_domain/cwru_12khz_fe/OR007@6_0.mat,OR,source_domain/cwru_12khz_fe/OR007@6_0.mat,1,test
WIN-3cdb2e14c08a65d61871,source_domain/cwru_12khz_fe/OR007@6_0.mat,OR,source_domain/cwru_12khz_fe/OR007@6_0.mat,1,test
WIN-bae34b43585f25e9574a,source_domain/cwru_12khz_fe/OR007@6_0.mat,OR,source_domain/cwru_12khz_fe/OR007@6_0.mat,1,test
WIN-871dc132fdd23d7ed86b,source_domain/cwru_12khz_fe/OR007@6_0.mat,OR,source_domain/cwru_12khz_fe/OR007@6_0.mat,1,test
WIN-e1cf6299c65e6f91c02e,source_domain/cwru_12khz_fe/OR007@6_0.mat,OR,source_domain/cwru_12khz_fe/OR007@6_0.mat,1,test
WIN-7cc1389b1dfc1169beba,source_domain/cwru_12khz_fe/OR007@6_0.mat,OR,source_domain/cwru_12khz_fe/OR007@6_0.mat,1,test
WIN-8a06df5c41432d906b4d,source_domain/cwru_12khz_fe/OR007@6_0.mat,OR,source_domain/cwru_12khz_fe/OR007@6_0.mat,1,test
WIN-7ce2dc560e4e02eaaa93,source_domain/cwru_12khz_fe/OR007@6_0.mat,OR,source_domain/cwru_12khz_fe/OR007@6_0.mat,1,test
WIN-b6b2759f8352f91385c6,source_domain/cwru_12khz_fe/OR007@6_1.mat,OR,source_domain/cwru_12khz_fe/OR007@6_1.mat,1,train_pool
WIN-9229e6a5f10d3103b3a0,source_domain/cwru_12khz_fe/OR007@6_1.mat,OR,source_domain/cwru_12khz_fe/OR007@6_1.mat,1,train_pool
WIN-ff675681894bc84fb826,source_domain/cwru_12khz_fe/OR007@6_1.mat,OR,source_domain/cwru_12khz_fe/OR007@6_1.mat,1,train_pool
WIN-aa46db7a66608312e249,source_domain/cwru_12khz_fe/OR007@6_1.mat,OR,source_domain/cwru_12khz_fe/OR007@6_1.mat,1,train_pool
WIN-379f90e88480a639fdbd,source_domain/cwru_12khz_fe/OR007@6_1.mat,OR,source_domain/cwru_12khz_fe/OR007@6_1.mat,1,train_pool
WIN-339a9add6d74c0b99029,source_domain/cwru_12khz_fe/OR007@6_1.mat,OR,source_domain/cwru_12khz_fe/OR007@6_1.mat,1,train_pool
WIN-b9eea8e72338bc41f2b0,source_domain/cwru_12khz_fe/OR007@6_1.mat,OR,source_domain/cwru_12khz_fe/OR007@6_1.mat,1,train_pool
WIN-dfcba3e61544b077929a,source_domain/cwru_12khz_fe/OR007@6_1.mat,OR,source_domain/cwru_12khz_fe/OR007@6_1.mat,1,train_pool
WIN-a8cfe540110d3943574d,source_domain/cwru_12khz_fe/OR007@6_1.mat,OR,source_domain/cwru_12khz_fe/OR007@6_1.mat,1,train_pool
WIN-c58af995928a333482a0,source_domain/cwru_12khz_fe/OR007@6_1.mat,OR,source_domain/cwru_12khz_fe/OR007@6_1.mat,1,train_pool
WIN-b1bba7d08a3993e6a2af,source_domain/cwru_12khz_fe/OR007@6_1.mat,OR,source_domain/cwru_12khz_fe/OR007@6_1.mat,1,train_pool
WIN-4241aeffaee17b9a0e3d,source_domain/cwru_12khz_fe/OR007@6_1.mat,OR,source_domain/cwru_12khz_fe/OR007@6_1.mat,1,train_pool
WIN-bd222c7f925c41456329,source_domain/cwru_12khz_fe/OR007@6_1.mat,OR,source_domain/cwru_12khz_fe/OR007@6_1.mat,1,train_pool
WIN-339607495d82db0420a3,source_domain/cwru_12khz_fe/OR007@6_1.mat,OR,source_domain/cwru_12khz_fe/OR007@6_1.mat,1,train_pool
WIN-73a0de716e379e199bf4,source_domain/cwru_12khz_fe/OR007@6_1.mat,OR,source_domain/cwru_12khz_fe/OR007@6_1.mat,1,train_pool
WIN-d3bec76b06a422742775,source_domain/cwru_12khz_fe/OR007@6_2.mat,OR,source_domain/cwru_12khz_fe/OR007@6_2.mat,1,test
WIN-161295d87b1de77b2471,source_domain/cwru_12khz_fe/OR007@6_2.mat,OR,source_domain/cwru_12khz_fe/OR007@6_2.mat,1,test
WIN-ef58e564314086daa891,source_domain/cwru_12khz_fe/OR007@6_2.mat,OR,source_domain/cwru_12khz_fe/OR007@6_2.mat,1,test
WIN-2e51ffb83fef1ccb0ed4,source_domain/cwru_12khz_fe/OR007@6_2.mat,OR,source_domain/cwru_12khz_fe/OR007@6_2.mat,1,test
WIN-64a5b204c39997d67504,source_domain/cwru_12khz_fe/OR007@6_2.mat,OR,source_domain/cwru_12khz_fe/OR007@6_2.mat,1,test
WIN-77959e2d1634a114c33d,source_domain/cwru_12khz_fe/OR007@6_2.mat,OR,source_domain/cwru_12khz_fe/OR007@6_2.mat,1,test
WIN-65dcd0bcaacab2264c51,source_domain/cwru_12khz_fe/OR007@6_2.mat,OR,source_domain/cwru_12khz_fe/OR007@6_2.mat,1,test
WIN-79eae6840a69221bafd6,source_domain/cwru_12khz_fe/OR007@6_2.mat,OR,source_domain/cwru_12khz_fe/OR007@6_2.mat,1,test
WIN-828e3bb5ef1dd0044a37,source_domain/cwru_12khz_fe/OR007@6_2.mat,OR,source_domain/cwru_12khz_fe/OR007@6_2.mat,1,test
WIN-05233c14afc8918bcc0e,source_domain/cwru_12khz_fe/OR007@6_2.mat,OR,source_domain/cwru_12khz_fe/OR007@6_2.mat,1,test
WIN-57cbcb05ebf0abffd980,source_domain/cwru_12khz_fe/OR007@6_2.mat,OR,source_domain/cwru_12khz_fe/OR007@6_2.mat,1,test
WIN-203830bfa3caa65af3c9,source_domain/cwru_12khz_fe/OR007@6_2.mat,OR,source_domain/cwru_12khz_fe/OR007@6_2.mat,1,test
WIN-a20eb768de36050f92f0,source_domain/cwru_12khz_fe/OR007@6_2.mat,OR,source_domain/cwru_12khz_fe/OR007@6_2.mat,1,test
WIN-e63c6b66cd224b51e862,source_domain/cwru_12khz_fe/OR007@6_2.mat,OR,source_domain/cwru_12khz_fe/OR007@6_2.mat,1,test
WIN-b331cad4b396b50ade9b,source_domain/cwru_12khz_fe/OR007@6_2.mat,OR,source_domain/cwru_12khz_fe/OR007@6_2.mat,1,test
WIN-dc246e026a16a9308b7c,source_domain/cwru_12khz_fe/OR007@6_3.mat,OR,source_domain/cwru_12khz_fe/OR007@6_3.mat,1,train_pool
WIN-2e8b910ee86ff2f7ca91,source_domain/cwru_12khz_fe/OR007@6_3.mat,OR,source_domain/cwru_12khz_fe/OR007@6_3.mat,1,train_pool
WIN-4d214093c1bc71885e69,source_domain/cwru_12khz_fe/OR007@6_3.mat,OR,source_domain/cwru_12khz_fe/OR007@6_3.mat,1,train_pool
WIN-69e67fe1de9f0ba190d1,source_domain/cwru_12khz_fe/OR007@6_3.mat,OR,source_domain/cwru_12khz_fe/OR007@6_3.mat,1,train_pool
WIN-71f201b692d6e86ee3bf,source_domain/cwru_12khz_fe/OR007@6_3.mat,OR,source_domain/cwru_12khz_fe/OR007@6_3.mat,1,train_pool
WIN-c92f8602faf52aa67c41,source_domain/cwru_12khz_fe/OR007@6_3.mat,OR,source_domain/cwru_12khz_fe/OR007@6_3.mat,1,train_pool
WIN-3996d45e1ddf96d6f2e2,source_domain/cwru_12khz_fe/OR007@6_3.mat,OR,source_domain/cwru_12khz_fe/OR007@6_3.mat,1,train_pool
WIN-01b084345d1d1dda81c8,source_domain/cwru_12khz_fe/OR007@6_3.mat,OR,source_domain/cwru_12khz_fe/OR007@6_3.mat,1,train_pool
WIN-5c006f77ce463e42e755,source_domain/cwru_12khz_fe/OR007@6_3.mat,OR,source_domain/cwru_12khz_fe/OR007@6_3.mat,1,train_pool
WIN-c9bca0fa61e360d5746b,source_domain/cwru_12khz_fe/OR007@6_3.mat,OR,source_domain/cwru_12khz_fe/OR007@6_3.mat,1,train_pool
WIN-5ae9f6f3696b756cd399,source_domain/cwru_12khz_fe/OR007@6_3.mat,OR,source_domain/cwru_12khz_fe/OR007@6_3.mat,1,train_pool
WIN-0b13bea642e6d77e074f,source_domain/cwru_12khz_fe/OR007@6_3.mat,OR,source_domain/cwru_12khz_fe/OR007@6_3.mat,1,train_pool
WIN-346596b0929cc42917d6,source_domain/cwru_12khz_fe/OR007@6_3.mat,OR,source_domain/cwru_12khz_fe/OR007@6_3.mat,1,train_pool
WIN-58b278a7e2dcbba4fc07,source_domain/cwru_12khz_fe/OR007@6_3.mat,OR,source_domain/cwru_12khz_fe/OR007@6_3.mat,1,train_pool
WIN-8ad57c0b9255dfa199a4,source_domain/cwru_12khz_fe/OR007@6_3.mat,OR,source_domain/cwru_12khz_fe/OR007@6_3.mat,1,train_pool
WIN-51e64d94e6ba2dd02317,source_domain/cwru_12khz_fe/OR014@3_0.mat,OR,source_domain/cwru_12khz_fe/OR014@3_0.mat,1,train_pool
WIN-f34f88daad4b7a9a13bb,source_domain/cwru_12khz_fe/OR014@3_0.mat,OR,source_domain/cwru_12khz_fe/OR014@3_0.mat,1,train_pool
WIN-d41750cb4ba6b45b374d,source_domain/cwru_12khz_fe/OR014@3_0.mat,OR,source_domain/cwru_12khz_fe/OR014@3_0.mat,1,train_pool
WIN-a6960b575c39988059eb,source_domain/cwru_12khz_fe/OR014@3_0.mat,OR,source_domain/cwru_12khz_fe/OR014@3_0.mat,1,train_pool
WIN-c705729605c8ffcb6f46,source_domain/cwru_12khz_fe/OR014@3_0.mat,OR,source_domain/cwru_12khz_fe/OR014@3_0.mat,1,train_pool
WIN-b44ad2caefaee532dc9c,source_domain/cwru_12khz_fe/OR014@3_0.mat,OR,source_domain/cwru_12khz_fe/OR014@3_0.mat,1,train_pool
WIN-bd613a02750615c9c225,source_domain/cwru_12khz_fe/OR014@3_0.mat,OR,source_domain/cwru_12khz_fe/OR014@3_0.mat,1,train_pool
WIN-d08de811b15bb1987617,source_domain/cwru_12khz_fe/OR014@3_0.mat,OR,source_domain/cwru_12khz_fe/OR014@3_0.mat,1,train_pool
WIN-1cf7daa4a95ef9286808,source_domain/cwru_12khz_fe/OR014@3_0.mat,OR,source_domain/cwru_12khz_fe/OR014@3_0.mat,1,train_pool
WIN-1503c05f80ff9e37c282,source_domain/cwru_12khz_fe/OR014@3_0.mat,OR,source_domain/cwru_12khz_fe/OR014@3_0.mat,1,train_pool
WIN-0e4db0e40ed1f08b6a51,source_domain/cwru_12khz_fe/OR014@3_0.mat,OR,source_domain/cwru_12khz_fe/OR014@3_0.mat,1,train_pool
WIN-fd313f29908670a0da12,source_domain/cwru_12khz_fe/OR014@3_0.mat,OR,source_domain/cwru_12khz_fe/OR014@3_0.mat,1,train_pool
WIN-0f9b2af42d34b44da4c2,source_domain/cwru_12khz_fe/OR014@3_0.mat,OR,source_domain/cwru_12khz_fe/OR014@3_0.mat,1,train_pool
WIN-d2bf5edb6294c03be3e5,source_domain/cwru_12khz_fe/OR014@3_0.mat,OR,source_domain/cwru_12khz_fe/OR014@3_0.mat,1,train_pool
WIN-0dba483cd52e28da632f,source_domain/cwru_12khz_fe/OR014@3_0.mat,OR,source_domain/cwru_12khz_fe/OR014@3_0.mat,1,train_pool
WIN-8c5c2f4a696f556b0d19,source_domain/cwru_12khz_fe/OR014@3_1.mat,OR,source_domain/cwru_12khz_fe/OR014@3_1.mat,1,train_pool
WIN-53a159cc2fc7cc77a379,source_domain/cwru_12khz_fe/OR014@3_1.mat,OR,source_domain/cwru_12khz_fe/OR014@3_1.mat,1,train_pool
WIN-b6b91b00c0fccab7f7f1,source_domain/cwru_12khz_fe/OR014@3_1.mat,OR,source_domain/cwru_12khz_fe/OR014@3_1.mat,1,train_pool
WIN-b10bbdf4c10aaab818af,source_domain/cwru_12khz_fe/OR014@3_1.mat,OR,source_domain/cwru_12khz_fe/OR014@3_1.mat,1,train_pool
WIN-8d67a46a2121dd909f68,source_domain/cwru_12khz_fe/OR014@3_1.mat,OR,source_domain/cwru_12khz_fe/OR014@3_1.mat,1,train_pool
WIN-a179e3ac14ea80714945,source_domain/cwru_12khz_fe/OR014@3_1.mat,OR,source_domain/cwru_12khz_fe/OR014@3_1.mat,1,train_pool
WIN-1bce2fc71404cbcfeb18,source_domain/cwru_12khz_fe/OR014@3_1.mat,OR,source_domain/cwru_12khz_fe/OR014@3_1.mat,1,train_pool
WIN-8fec5551862db2f244aa,source_domain/cwru_12khz_fe/OR014@3_1.mat,OR,source_domain/cwru_12khz_fe/OR014@3_1.mat,1,train_pool
WIN-e568f4445c9a447c1e92,source_domain/cwru_12khz_fe/OR014@3_1.mat,OR,source_domain/cwru_12khz_fe/OR014@3_1.mat,1,train_pool
WIN-cf13bfe3e7d6f5d19f0a,source_domain/cwru_12khz_fe/OR014@3_1.mat,OR,source_domain/cwru_12khz_fe/OR014@3_1.mat,1,train_pool
WIN-8b121ef2433d93440359,source_domain/cwru_12khz_fe/OR014@3_1.mat,OR,source_domain/cwru_12khz_fe/OR014@3_1.mat,1,train_pool
WIN-32503f132f17adc51e85,source_domain/cwru_12khz_fe/OR014@3_1.mat,OR,source_domain/cwru_12khz_fe/OR014@3_1.mat,1,train_pool
WIN-b7d9c4e94ccf982535a2,source_domain/cwru_12khz_fe/OR014@3_1.mat,OR,source_domain/cwru_12khz_fe/OR014@3_1.mat,1,train_pool
WIN-9e87a135b2d73e9dd7f6,source_domain/cwru_12khz_fe/OR014@3_1.mat,OR,source_domain/cwru_12khz_fe/OR014@3_1.mat,1,train_pool
WIN-593a648bfb02094b8ed8,source_domain/cwru_12khz_fe/OR014@3_1.mat,OR,source_domain/cwru_12khz_fe/OR014@3_1.mat,1,train_pool
WIN-57ffa0f255cff11ff648,source_domain/cwru_12khz_fe/OR014@3_1.mat,OR,source_domain/cwru_12khz_fe/OR014@3_1.mat,1,train_pool
WIN-59f59b72b33551329818,source_domain/cwru_12khz_fe/OR014@3_1.mat,OR,source_domain/cwru_12khz_fe/OR014@3_1.mat,1,train_pool
WIN-26a74af4c843ff6daf41,source_domain/cwru_12khz_fe/OR014@3_1.mat,OR,source_domain/cwru_12khz_fe/OR014@3_1.mat,1,train_pool
WIN-14d7f80984a0b752a720,source_domain/cwru_12khz_fe/OR014@3_1.mat,OR,source_domain/cwru_12khz_fe/OR014@3_1.mat,1,train_pool
WIN-6af8a9abcc1d54ea6a8f,source_domain/cwru_12khz_fe/OR014@3_2.mat,OR,source_domain/cwru_12khz_fe/OR014@3_2.mat,1,train_pool
WIN-6d3313e3f3f6965f01ad,source_domain/cwru_12khz_fe/OR014@3_2.mat,OR,source_domain/cwru_12khz_fe/OR014@3_2.mat,1,train_pool
WIN-37d0018cbfa47696f984,source_domain/cwru_12khz_fe/OR014@3_2.mat,OR,source_domain/cwru_12khz_fe/OR014@3_2.mat,1,train_pool
WIN-d92cc1bad4316b7d1a8b,source_domain/cwru_12khz_fe/OR014@3_2.mat,OR,source_domain/cwru_12khz_fe/OR014@3_2.mat,1,train_pool
WIN-0bda89a6cbca00fc09ee,source_domain/cwru_12khz_fe/OR014@3_2.mat,OR,source_domain/cwru_12khz_fe/OR014@3_2.mat,1,train_pool
WIN-d81d869b3bdb93c8b152,source_domain/cwru_12khz_fe/OR014@3_2.mat,OR,source_domain/cwru_12khz_fe/OR014@3_2.mat,1,train_pool
WIN-95032c32fc26b6aa91a4,source_domain/cwru_12khz_fe/OR014@3_2.mat,OR,source_domain/cwru_12khz_fe/OR014@3_2.mat,1,train_pool
WIN-b4c1295d21b4bedbce89,source_domain/cwru_12khz_fe/OR014@3_2.mat,OR,source_domain/cwru_12khz_fe/OR014@3_2.mat,1,train_pool
WIN-f036030be2575b1e9fac,source_domain/cwru_12khz_fe/OR014@3_2.mat,OR,source_domain/cwru_12khz_fe/OR014@3_2.mat,1,train_pool
WIN-36737f655d76b9c438d2,source_domain/cwru_12khz_fe/OR014@3_2.mat,OR,source_domain/cwru_12khz_fe/OR014@3_2.mat,1,train_pool
WIN-b6c96400ed4fb9d9799c,source_domain/cwru_12khz_fe/OR014@3_2.mat,OR,source_domain/cwru_12khz_fe/OR014@3_2.mat,1,train_pool
WIN-f39a39c07848c2fa8cf4,source_domain/cwru_12khz_fe/OR014@3_2.mat,OR,source_domain/cwru_12khz_fe/OR014@3_2.mat,1,train_pool
WIN-c50a0cc2f993812c0db1,source_domain/cwru_12khz_fe/OR014@3_2.mat,OR,source_domain/cwru_12khz_fe/OR014@3_2.mat,1,train_pool
WIN-ab70f1377e750813aee3,source_domain/cwru_12khz_fe/OR014@3_2.mat,OR,source_domain/cwru_12khz_fe/OR014@3_2.mat,1,train_pool
WIN-778cd539f2bc49785463,source_domain/cwru_12khz_fe/OR014@3_2.mat,OR,source_domain/cwru_12khz_fe/OR014@3_2.mat,1,train_pool
WIN-f163cf2d3db17d465291,source_domain/cwru_12khz_fe/OR014@3_3.mat,OR,source_domain/cwru_12khz_fe/OR014@3_3.mat,1,train_pool
WIN-5c43bbbdaa57bc0b8283,source_domain/cwru_12khz_fe/OR014@3_3.mat,OR,source_domain/cwru_12khz_fe/OR014@3_3.mat,1,train_pool
WIN-49b7c7da22a45c2bbf70,source_domain/cwru_12khz_fe/OR014@3_3.mat,OR,source_domain/cwru_12khz_fe/OR014@3_3.mat,1,train_pool
WIN-fa179cb10c4e051257c3,source_domain/cwru_12khz_fe/OR014@3_3.mat,OR,source_domain/cwru_12khz_fe/OR014@3_3.mat,1,train_pool
WIN-29f7163d7050e10356e5,source_domain/cwru_12khz_fe/OR014@3_3.mat,OR,source_domain/cwru_12khz_fe/OR014@3_3.mat,1,train_pool
WIN-2b3b8ca4b94f1a66a6f0,source_domain/cwru_12khz_fe/OR014@3_3.mat,OR,source_domain/cwru_12khz_fe/OR014@3_3.mat,1,train_pool
WIN-7b42bfb24ae6986130ca,source_domain/cwru_12khz_fe/OR014@3_3.mat,OR,source_domain/cwru_12khz_fe/OR014@3_3.mat,1,train_pool
WIN-e2fa3d0026ee95555403,source_domain/cwru_12khz_fe/OR014@3_3.mat,OR,source_domain/cwru_12khz_fe/OR014@3_3.mat,1,train_pool
WIN-ad3af21f425470679c9c,source_domain/cwru_12khz_fe/OR014@3_3.mat,OR,source_domain/cwru_12khz_fe/OR014@3_3.mat,1,train_pool
WIN-75570d12349ecbec0685,source_domain/cwru_12khz_fe/OR014@3_3.mat,OR,source_domain/cwru_12khz_fe/OR014@3_3.mat,1,train_pool
WIN-ae7a7867fc2e531edd24,source_domain/cwru_12khz_fe/OR014@3_3.mat,OR,source_domain/cwru_12khz_fe/OR014@3_3.mat,1,train_pool
WIN-a68a755ce2cd8aba8b22,source_domain/cwru_12khz_fe/OR014@3_3.mat,OR,source_domain/cwru_12khz_fe/OR014@3_3.mat,1,train_pool
WIN-9fdc1c898741ccabff1f,source_domain/cwru_12khz_fe/OR014@3_3.mat,OR,source_domain/cwru_12khz_fe/OR014@3_3.mat,1,train_pool
WIN-080d5625586964f3de4f,source_domain/cwru_12khz_fe/OR014@3_3.mat,OR,source_domain/cwru_12khz_fe/OR014@3_3.mat,1,train_pool
WIN-3f6f9bd370ee0e1cacb2,source_domain/cwru_12khz_fe/OR014@3_3.mat,OR,source_domain/cwru_12khz_fe/OR014@3_3.mat,1,train_pool
WIN-5ad94d4e628802dd6857,source_domain/cwru_12khz_fe/OR014@6_0.mat,OR,source_domain/cwru_12khz_fe/OR014@6_0.mat,1,train_pool
WIN-5eedd0fe9bcf5a217b64,source_domain/cwru_12khz_fe/OR014@6_0.mat,OR,source_domain/cwru_12khz_fe/OR014@6_0.mat,1,train_pool
WIN-547b02a05f39fb8095fd,source_domain/cwru_12khz_fe/OR014@6_0.mat,OR,source_domain/cwru_12khz_fe/OR014@6_0.mat,1,train_pool
WIN-fcdcbf55808d3e381b2c,source_domain/cwru_12khz_fe/OR014@6_0.mat,OR,source_domain/cwru_12khz_fe/OR014@6_0.mat,1,train_pool
WIN-e5b681c0cecbae63719b,source_domain/cwru_12khz_fe/OR014@6_0.mat,OR,source_domain/cwru_12khz_fe/OR014@6_0.mat,1,train_pool
WIN-07f38edef3f6b93344a6,source_domain/cwru_12khz_fe/OR014@6_0.mat,OR,source_domain/cwru_12khz_fe/OR014@6_0.mat,1,train_pool
WIN-aa42f9a7e7486a82c05e,source_domain/cwru_12khz_fe/OR014@6_0.mat,OR,source_domain/cwru_12khz_fe/OR014@6_0.mat,1,train_pool
WIN-01cff3d488db378ca630,source_domain/cwru_12khz_fe/OR014@6_0.mat,OR,source_domain/cwru_12khz_fe/OR014@6_0.mat,1,train_pool
WIN-f0a68ac5d1127cb495ad,source_domain/cwru_12khz_fe/OR014@6_0.mat,OR,source_domain/cwru_12khz_fe/OR014@6_0.mat,1,train_pool
WIN-28518b8bcd0e885f3cab,source_domain/cwru_12khz_fe/OR014@6_0.mat,OR,source_domain/cwru_12khz_fe/OR014@6_0.mat,1,train_pool
WIN-4fa2d139ff8968b73993,source_domain/cwru_12khz_fe/OR014@6_0.mat,OR,source_domain/cwru_12khz_fe/OR014@6_0.mat,1,train_pool
WIN-2a4a1d86a40bc34f048b,source_domain/cwru_12khz_fe/OR014@6_0.mat,OR,source_domain/cwru_12khz_fe/OR014@6_0.mat,1,train_pool
WIN-1dd6ce5799388f713725,source_domain/cwru_12khz_fe/OR014@6_0.mat,OR,source_domain/cwru_12khz_fe/OR014@6_0.mat,1,train_pool
WIN-4da49e5c8cc7085934cf,source_domain/cwru_12khz_fe/OR014@6_0.mat,OR,source_domain/cwru_12khz_fe/OR014@6_0.mat,1,train_pool
WIN-ad7f51c2af33460b8889,source_domain/cwru_12khz_fe/OR014@6_0.mat,OR,source_domain/cwru_12khz_fe/OR014@6_0.mat,1,train_pool
WIN-5c9d2d493f28a606838c,source_domain/cwru_12khz_fe/OR021@3_1.mat,OR,source_domain/cwru_12khz_fe/OR021@3_1.mat,1,train_pool
WIN-e4a835c1be23abfa3f3b,source_domain/cwru_12khz_fe/OR021@3_1.mat,OR,source_domain/cwru_12khz_fe/OR021@3_1.mat,1,train_pool
WIN-76a68346c3fe343dec57,source_domain/cwru_12khz_fe/OR021@3_1.mat,OR,source_domain/cwru_12khz_fe/OR021@3_1.mat,1,train_pool
WIN-856c4e23e82cb229d131,source_domain/cwru_12khz_fe/OR021@3_1.mat,OR,source_domain/cwru_12khz_fe/OR021@3_1.mat,1,train_pool
WIN-3ce6f7a4251c2fe11955,source_domain/cwru_12khz_fe/OR021@3_1.mat,OR,source_domain/cwru_12khz_fe/OR021@3_1.mat,1,train_pool
WIN-e5a588eb3f003ad8dec5,source_domain/cwru_12khz_fe/OR021@3_1.mat,OR,source_domain/cwru_12khz_fe/OR021@3_1.mat,1,train_pool
WIN-ab9d2599ba76962ca7c7,source_domain/cwru_12khz_fe/OR021@3_1.mat,OR,source_domain/cwru_12khz_fe/OR021@3_1.mat,1,train_pool
WIN-10e8dc8f39d4df490350,source_domain/cwru_12khz_fe/OR021@3_1.mat,OR,source_domain/cwru_12khz_fe/OR021@3_1.mat,1,train_pool
WIN-546d4e125ce7c47c6959,source_domain/cwru_12khz_fe/OR021@3_1.mat,OR,source_domain/cwru_12khz_fe/OR021@3_1.mat,1,train_pool
WIN-3098ef6423c054b0089b,source_domain/cwru_12khz_fe/OR021@3_1.mat,OR,source_domain/cwru_12khz_fe/OR021@3_1.mat,1,train_pool
WIN-9001442a19087f321438,source_domain/cwru_12khz_fe/OR021@3_1.mat,OR,source_domain/cwru_12khz_fe/OR021@3_1.mat,1,train_pool
WIN-db2e07613041ce43123d,source_domain/cwru_12khz_fe/OR021@3_1.mat,OR,source_domain/cwru_12khz_fe/OR021@3_1.mat,1,train_pool
WIN-de3ffd0eec3ac944aa6f,source_domain/cwru_12khz_fe/OR021@3_1.mat,OR,source_domain/cwru_12khz_fe/OR021@3_1.mat,1,train_pool
WIN-c310b4ced66b95fa6539,source_domain/cwru_12khz_fe/OR021@3_1.mat,OR,source_domain/cwru_12khz_fe/OR021@3_1.mat,1,train_pool
WIN-f3bdad289752ad98ff1d,source_domain/cwru_12khz_fe/OR021@3_1.mat,OR,source_domain/cwru_12khz_fe/OR021@3_1.mat,1,train_pool
WIN-cd511d89f0ae8602c18f,source_domain/cwru_12khz_fe/OR021@3_2.mat,OR,source_domain/cwru_12khz_fe/OR021@3_2.mat,1,test
WIN-bb0222b9ae77b51d728e,source_domain/cwru_12khz_fe/OR021@3_2.mat,OR,source_domain/cwru_12khz_fe/OR021@3_2.mat,1,test
WIN-bd60552c9ac1eb806ebb,source_domain/cwru_12khz_fe/OR021@3_2.mat,OR,source_domain/cwru_12khz_fe/OR021@3_2.mat,1,test
WIN-63a924876d6240986625,source_domain/cwru_12khz_fe/OR021@3_2.mat,OR,source_domain/cwru_12khz_fe/OR021@3_2.mat,1,test
WIN-8f4d77f6658dd2d49e9d,source_domain/cwru_12khz_fe/OR021@3_2.mat,OR,source_domain/cwru_12khz_fe/OR021@3_2.mat,1,test
WIN-7bd755f1fe2fbcfdc305,source_domain/cwru_12khz_fe/OR021@3_2.mat,OR,source_domain/cwru_12khz_fe/OR021@3_2.mat,1,test
WIN-cc1df41c2e92e448ef9f,source_domain/cwru_12khz_fe/OR021@3_2.mat,OR,source_domain/cwru_12khz_fe/OR021@3_2.mat,1,test
WIN-a828af66f9ef88a58d2f,source_domain/cwru_12khz_fe/OR021@3_2.mat,OR,source_domain/cwru_12khz_fe/OR021@3_2.mat,1,test
WIN-7cbecb309ffd4e741c77,source_domain/cwru_12khz_fe/OR021@3_2.mat,OR,source_domain/cwru_12khz_fe/OR021@3_2.mat,1,test
WIN-1582ebec5619786b7c43,source_domain/cwru_12khz_fe/OR021@3_2.mat,OR,source_domain/cwru_12khz_fe/OR021@3_2.mat,1,test
WIN-a1acf3c5b4be577decb9,source_domain/cwru_12khz_fe/OR021@3_2.mat,OR,source_domain/cwru_12khz_fe/OR021@3_2.mat,1,test
WIN-9ba3bf25052407fbc3dd,source_domain/cwru_12khz_fe/OR021@3_2.mat,OR,source_domain/cwru_12khz_fe/OR021@3_2.mat,1,test
WIN-339e3f773ea4f04d351c,source_domain/cwru_12khz_fe/OR021@3_2.mat,OR,source_domain/cwru_12khz_fe/OR021@3_2.mat,1,test
WIN-a4e448fee6f9c3945fb8,source_domain/cwru_12khz_fe/OR021@3_2.mat,OR,source_domain/cwru_12khz_fe/OR021@3_2.mat,1,test
WIN-ce287412b59f15c08bda,source_domain/cwru_12khz_fe/OR021@3_2.mat,OR,source_domain/cwru_12khz_fe/OR021@3_2.mat,1,test
WIN-22861ff2e6f49afcc8b2,source_domain/cwru_12khz_fe/OR021@3_3.mat,OR,source_domain/cwru_12khz_fe/OR021@3_3.mat,1,train_pool
WIN-9212e9dc5a40e0082ec4,source_domain/cwru_12khz_fe/OR021@3_3.mat,OR,source_domain/cwru_12khz_fe/OR021@3_3.mat,1,train_pool
WIN-3a9e83e77d84853f1aeb,source_domain/cwru_12khz_fe/OR021@3_3.mat,OR,source_domain/cwru_12khz_fe/OR021@3_3.mat,1,train_pool
WIN-51d629ba51f44e20dd74,source_domain/cwru_12khz_fe/OR021@3_3.mat,OR,source_domain/cwru_12khz_fe/OR021@3_3.mat,1,train_pool
WIN-0297ffec380417832d0e,source_domain/cwru_12khz_fe/OR021@3_3.mat,OR,source_domain/cwru_12khz_fe/OR021@3_3.mat,1,train_pool
WIN-252e8bea01a0f5b582a5,source_domain/cwru_12khz_fe/OR021@3_3.mat,OR,source_domain/cwru_12khz_fe/OR021@3_3.mat,1,train_pool
WIN-b158b83a5a5ec2e74b67,source_domain/cwru_12khz_fe/OR021@3_3.mat,OR,source_domain/cwru_12khz_fe/OR021@3_3.mat,1,train_pool
WIN-62ddf0ccf489b542318f,source_domain/cwru_12khz_fe/OR021@3_3.mat,OR,source_domain/cwru_12khz_fe/OR021@3_3.mat,1,train_pool
WIN-07fcc2c91ce2a7cd6b31,source_domain/cwru_12khz_fe/OR021@3_3.mat,OR,source_domain/cwru_12khz_fe/OR021@3_3.mat,1,train_pool
WIN-3b6a745344041b8d0011,source_domain/cwru_12khz_fe/OR021@3_3.mat,OR,source_domain/cwru_12khz_fe/OR021@3_3.mat,1,train_pool
WIN-907d01cc68cbfe1c7d12,source_domain/cwru_12khz_fe/OR021@3_3.mat,OR,source_domain/cwru_12khz_fe/OR021@3_3.mat,1,train_pool
WIN-1b8396892fe0446f563e,source_domain/cwru_12khz_fe/OR021@3_3.mat,OR,source_domain/cwru_12khz_fe/OR021@3_3.mat,1,train_pool
WIN-caefd20b04b889329c77,source_domain/cwru_12khz_fe/OR021@3_3.mat,OR,source_domain/cwru_12khz_fe/OR021@3_3.mat,1,train_pool
WIN-71f16ee93267b0d021d0,source_domain/cwru_12khz_fe/OR021@3_3.mat,OR,source_domain/cwru_12khz_fe/OR021@3_3.mat,1,train_pool
WIN-81938c28b2f4f804277b,source_domain/cwru_12khz_fe/OR021@3_3.mat,OR,source_domain/cwru_12khz_fe/OR021@3_3.mat,1,train_pool
WIN-0ba128c164e469d0c0bc,source_domain/cwru_12khz_fe/OR021@6_0.mat,OR,source_domain/cwru_12khz_fe/OR021@6_0.mat,1,train_pool
WIN-3b8c35af845397bd5522,source_domain/cwru_12khz_fe/OR021@6_0.mat,OR,source_domain/cwru_12khz_fe/OR021@6_0.mat,1,train_pool
WIN-63866879c08e4a2904da,source_domain/cwru_12khz_fe/OR021@6_0.mat,OR,source_domain/cwru_12khz_fe/OR021@6_0.mat,1,train_pool
WIN-fcbf080e78a5ca2bbded,source_domain/cwru_12khz_fe/OR021@6_0.mat,OR,source_domain/cwru_12khz_fe/OR021@6_0.mat,1,train_pool
WIN-564b4c395a2c1c75b5b8,source_domain/cwru_12khz_fe/OR021@6_0.mat,OR,source_domain/cwru_12khz_fe/OR021@6_0.mat,1,train_pool
WIN-6f6cf52d77fe016559b7,source_domain/cwru_12khz_fe/OR021@6_0.mat,OR,source_domain/cwru_12khz_fe/OR021@6_0.mat,1,train_pool
WIN-21b7fe8298b88f759464,source_domain/cwru_12khz_fe/OR021@6_0.mat,OR,source_domain/cwru_12khz_fe/OR021@6_0.mat,1,train_pool
WIN-42eae0496d1ad7775eee,source_domain/cwru_12khz_fe/OR021@6_0.mat,OR,source_domain/cwru_12khz_fe/OR021@6_0.mat,1,train_pool
WIN-032596b6bf6d9dec92fc,source_domain/cwru_12khz_fe/OR021@6_0.mat,OR,source_domain/cwru_12khz_fe/OR021@6_0.mat,1,train_pool
WIN-9f82d6912851152fae90,source_domain/cwru_12khz_fe/OR021@6_0.mat,OR,source_domain/cwru_12khz_fe/OR021@6_0.mat,1,train_pool
WIN-31648a63cd80c8a96c11,source_domain/cwru_12khz_fe/OR021@6_0.mat,OR,source_domain/cwru_12khz_fe/OR021@6_0.mat,1,train_pool
WIN-df3f7cf61898e5591ee7,source_domain/cwru_12khz_fe/OR021@6_0.mat,OR,source_domain/cwru_12khz_fe/OR021@6_0.mat,1,train_pool
WIN-43d4db7b433b4ec20d3b,source_domain/cwru_12khz_fe/OR021@6_0.mat,OR,source_domain/cwru_12khz_fe/OR021@6_0.mat,1,train_pool
WIN-7d812714370f91f9fec4,source_domain/cwru_12khz_fe/OR021@6_0.mat,OR,source_domain/cwru_12khz_fe/OR021@6_0.mat,1,train_pool
WIN-fd59d8cc6db88352eade,source_domain/cwru_12khz_fe/OR021@6_0.mat,OR,source_domain/cwru_12khz_fe/OR021@6_0.mat,1,train_pool
WIN-4a618f2138cdc85801af,source_domain/cwru_48khz_normal/N_0.mat,N,source_domain/cwru_48khz_normal/N_0.mat,1,train_pool
WIN-502ec8334ffa1a8d63e3,source_domain/cwru_48khz_normal/N_0.mat,N,source_domain/cwru_48khz_normal/N_0.mat,1,train_pool
WIN-7f0ad7fca14b73edeb2a,source_domain/cwru_48khz_normal/N_0.mat,N,source_domain/cwru_48khz_normal/N_0.mat,1,train_pool
WIN-fce5ea864f9cca37ec58,source_domain/cwru_48khz_normal/N_0.mat,N,source_domain/cwru_48khz_normal/N_0.mat,1,train_pool
WIN-d0137db01b87aabbc0bd,source_domain/cwru_48khz_normal/N_0.mat,N,source_domain/cwru_48khz_normal/N_0.mat,1,train_pool
WIN-dac6e6bdf1c2ddf450df,source_domain/cwru_48khz_normal/N_0.mat,N,source_domain/cwru_48khz_normal/N_0.mat,1,train_pool
WIN-322a18d691cfd36a08b3,source_domain/cwru_48khz_normal/N_0.mat,N,source_domain/cwru_48khz_normal/N_0.mat,1,train_pool
WIN-8960803c077ecbaf51d0,source_domain/cwru_48khz_normal/N_0.mat,N,source_domain/cwru_48khz_normal/N_0.mat,1,train_pool
WIN-b2620e28c94bd7adacec,source_domain/cwru_48khz_normal/N_0.mat,N,source_domain/cwru_48khz_normal/N_0.mat,1,train_pool
WIN-8a062282a23aa1a2503c,source_domain/cwru_48khz_normal/N_1_(1772rpm).mat,N,source_domain/cwru_48khz_normal/N_1_(1772rpm).mat,1,train_pool
WIN-d147d1070c37681385ef,source_domain/cwru_48khz_normal/N_1_(1772rpm).mat,N,source_domain/cwru_48khz_normal/N_1_(1772rpm).mat,1,train_pool
WIN-37d8f92347dd98db598f,source_domain/cwru_48khz_normal/N_1_(1772rpm).mat,N,source_domain/cwru_48khz_normal/N_1_(1772rpm).mat,1,train_pool
WIN-2461ba3554b3e960c49c,source_domain/cwru_48khz_normal/N_1_(1772rpm).mat,N,source_domain/cwru_48khz_normal/N_1_(1772rpm).mat,1,train_pool
WIN-d0491981c44a2afa2401,source_domain/cwru_48khz_normal/N_1_(1772rpm).mat,N,source_domain/cwru_48khz_normal/N_1_(1772rpm).mat,1,train_pool
WIN-05faa8d3c8303cdaaa50,source_domain/cwru_48khz_normal/N_1_(1772rpm).mat,N,source_domain/cwru_48khz_normal/N_1_(1772rpm).mat,1,train_pool
WIN-c7c4e0c3ec613da8ab91,source_domain/cwru_48khz_normal/N_1_(1772rpm).mat,N,source_domain/cwru_48khz_normal/N_1_(1772rpm).mat,1,train_pool
WIN-cda646d6bace99617b25,source_domain/cwru_48khz_normal/N_1_(1772rpm).mat,N,source_domain/cwru_48khz_normal/N_1_(1772rpm).mat,1,train_pool
WIN-c9e90dcf6a76244daa9a,source_domain/cwru_48khz_normal/N_1_(1772rpm).mat,N,source_domain/cwru_48khz_normal/N_1_(1772rpm).mat,1,train_pool
WIN-153eca5c76a7ffc64a5d,source_domain/cwru_48khz_normal/N_1_(1772rpm).mat,N,source_domain/cwru_48khz_normal/N_1_(1772rpm).mat,1,train_pool
WIN-2c7646152da2226dde21,source_domain/cwru_48khz_normal/N_1_(1772rpm).mat,N,source_domain/cwru_48khz_normal/N_1_(1772rpm).mat,1,train_pool
WIN-f92b67ed88c20bfd5bc5,source_domain/cwru_48khz_normal/N_1_(1772rpm).mat,N,source_domain/cwru_48khz_normal/N_1_(1772rpm).mat,1,train_pool
WIN-377f0242b913af013f10,source_domain/cwru_48khz_normal/N_1_(1772rpm).mat,N,source_domain/cwru_48khz_normal/N_1_(1772rpm).mat,1,train_pool
WIN-a0eee795005bd4b96ac1,source_domain/cwru_48khz_normal/N_1_(1772rpm).mat,N,source_domain/cwru_48khz_normal/N_1_(1772rpm).mat,1,train_pool
WIN-b41d078c21a5ce4af4b3,source_domain/cwru_48khz_normal/N_1_(1772rpm).mat,N,source_domain/cwru_48khz_normal/N_1_(1772rpm).mat,1,train_pool
WIN-00350287a61f20ce9d7e,source_domain/cwru_48khz_normal/N_2_(1750rpm).mat,N,source_domain/cwru_48khz_normal/N_2_(1750rpm).mat,1,test
WIN-3d58573682716e5c5064,source_domain/cwru_48khz_normal/N_2_(1750rpm).mat,N,source_domain/cwru_48khz_normal/N_2_(1750rpm).mat,1,test
WIN-b2411d5297f747d4822e,source_domain/cwru_48khz_normal/N_2_(1750rpm).mat,N,source_domain/cwru_48khz_normal/N_2_(1750rpm).mat,1,test
WIN-9bcb88a8ab46670aca83,source_domain/cwru_48khz_normal/N_2_(1750rpm).mat,N,source_domain/cwru_48khz_normal/N_2_(1750rpm).mat,1,test
WIN-686716d79ca7aa62b9ea,source_domain/cwru_48khz_normal/N_2_(1750rpm).mat,N,source_domain/cwru_48khz_normal/N_2_(1750rpm).mat,1,test
WIN-a01d42224d12e8be9754,source_domain/cwru_48khz_normal/N_2_(1750rpm).mat,N,source_domain/cwru_48khz_normal/N_2_(1750rpm).mat,1,test
WIN-23c8cd5488a5d65e01b4,source_domain/cwru_48khz_normal/N_2_(1750rpm).mat,N,source_domain/cwru_48khz_normal/N_2_(1750rpm).mat,1,test
WIN-a5e6488c5864a2354157,source_domain/cwru_48khz_normal/N_2_(1750rpm).mat,N,source_domain/cwru_48khz_normal/N_2_(1750rpm).mat,1,test
WIN-6cc9877e5c381959ced4,source_domain/cwru_48khz_normal/N_2_(1750rpm).mat,N,source_domain/cwru_48khz_normal/N_2_(1750rpm).mat,1,test
WIN-5ed6be496e68b8bb544b,source_domain/cwru_48khz_normal/N_2_(1750rpm).mat,N,source_domain/cwru_48khz_normal/N_2_(1750rpm).mat,1,test
WIN-4d8793b610fe83ca8f23,source_domain/cwru_48khz_normal/N_2_(1750rpm).mat,N,source_domain/cwru_48khz_normal/N_2_(1750rpm).mat,1,test
WIN-765f077ef09f54555dec,source_domain/cwru_48khz_normal/N_2_(1750rpm).mat,N,source_domain/cwru_48khz_normal/N_2_(1750rpm).mat,1,test
WIN-78d37d352e3fd4ed36f6,source_domain/cwru_48khz_normal/N_2_(1750rpm).mat,N,source_domain/cwru_48khz_normal/N_2_(1750rpm).mat,1,test
WIN-7c837798ee77a25be18b,source_domain/cwru_48khz_normal/N_2_(1750rpm).mat,N,source_domain/cwru_48khz_normal/N_2_(1750rpm).mat,1,test
WIN-f9742f5fb2bf8c4da815,source_domain/cwru_48khz_normal/N_2_(1750rpm).mat,N,source_domain/cwru_48khz_normal/N_2_(1750rpm).mat,1,test
WIN-b9ada340e976456d07f6,source_domain/cwru_48khz_normal/N_3.mat,N,source_domain/cwru_48khz_normal/N_3.mat,1,train_pool
WIN-4c4641ae399d641dcb8d,source_domain/cwru_48khz_normal/N_3.mat,N,source_domain/cwru_48khz_normal/N_3.mat,1,train_pool
WIN-e99483e6afe0dd9ea470,source_domain/cwru_48khz_normal/N_3.mat,N,source_domain/cwru_48khz_normal/N_3.mat,1,train_pool
WIN-eabf2e5e388ad51c4050,source_domain/cwru_48khz_normal/N_3.mat,N,source_domain/cwru_48khz_normal/N_3.mat,1,train_pool
WIN-9cae389eae9c405ad2ab,source_domain/cwru_48khz_normal/N_3.mat,N,source_domain/cwru_48khz_normal/N_3.mat,1,train_pool
WIN-8f40c0c199e2dbb3056e,source_domain/cwru_48khz_normal/N_3.mat,N,source_domain/cwru_48khz_normal/N_3.mat,1,train_pool
WIN-b7d5045ea15bb00f29be,source_domain/cwru_48khz_normal/N_3.mat,N,source_domain/cwru_48khz_normal/N_3.mat,1,train_pool
WIN-b2096ed61872a8544781,source_domain/cwru_48khz_normal/N_3.mat,N,source_domain/cwru_48khz_normal/N_3.mat,1,train_pool
WIN-a5078da3b8f0a47407a3,source_domain/cwru_48khz_normal/N_3.mat,N,source_domain/cwru_48khz_normal/N_3.mat,1,train_pool
WIN-24c4685f42c93d8a615c,source_domain/cwru_48khz_normal/N_3.mat,N,source_domain/cwru_48khz_normal/N_3.mat,1,train_pool
WIN-4e9168008e6b27b5d723,source_domain/cwru_48khz_normal/N_3.mat,N,source_domain/cwru_48khz_normal/N_3.mat,1,train_pool
WIN-a33729b2941a383413bc,source_domain/cwru_48khz_normal/N_3.mat,N,source_domain/cwru_48khz_normal/N_3.mat,1,train_pool
WIN-e1ec0df17de660c289ac,source_domain/cwru_48khz_normal/N_3.mat,N,source_domain/cwru_48khz_normal/N_3.mat,1,train_pool
WIN-be62712cf7984f4beba5,source_domain/cwru_48khz_normal/N_3.mat,N,source_domain/cwru_48khz_normal/N_3.mat,1,train_pool
WIN-1e84f33a83def8b9b6ed,source_domain/cwru_48khz_normal/N_3.mat,N,source_domain/cwru_48khz_normal/N_3.mat,1,train_pool
WIN-7903ddfdfcd489ea8e7f,source_domain/cwru_12khz_fe/B007_0.mat,B,source_domain/cwru_12khz_fe/B007_0.mat,2,train_pool
WIN-891173c04174ac17a6fb,source_domain/cwru_12khz_fe/B007_0.mat,B,source_domain/cwru_12khz_fe/B007_0.mat,2,train_pool
WIN-ab17f14a1876d835f17f,source_domain/cwru_12khz_fe/B007_0.mat,B,source_domain/cwru_12khz_fe/B007_0.mat,2,train_pool
WIN-eca284a71e0c1ac11041,source_domain/cwru_12khz_fe/B007_0.mat,B,source_domain/cwru_12khz_fe/B007_0.mat,2,train_pool
WIN-2716e506699e08232ff4,source_domain/cwru_12khz_fe/B007_0.mat,B,source_domain/cwru_12khz_fe/B007_0.mat,2,train_pool
WIN-7f96935775ac95b47312,source_domain/cwru_12khz_fe/B007_0.mat,B,source_domain/cwru_12khz_fe/B007_0.mat,2,train_pool
WIN-504f12d19ee97d5f4b97,source_domain/cwru_12khz_fe/B007_0.mat,B,source_domain/cwru_12khz_fe/B007_0.mat,2,train_pool
WIN-ddf026a9aa9e93933961,source_domain/cwru_12khz_fe/B007_0.mat,B,source_domain/cwru_12khz_fe/B007_0.mat,2,train_pool
WIN-7d37f2d28f462c58c7ea,source_domain/cwru_12khz_fe/B007_0.mat,B,source_domain/cwru_12khz_fe/B007_0.mat,2,train_pool
WIN-9635e7302773fb6d7204,source_domain/cwru_12khz_fe/B007_0.mat,B,source_domain/cwru_12khz_fe/B007_0.mat,2,train_pool
WIN-80cf8cdf1be7194dc98f,source_domain/cwru_12khz_fe/B007_0.mat,B,source_domain/cwru_12khz_fe/B007_0.mat,2,train_pool
WIN-f5636ea33223eed9d925,source_domain/cwru_12khz_fe/B007_0.mat,B,source_domain/cwru_12khz_fe/B007_0.mat,2,train_pool
WIN-b8f7e3b7bbb386cf66e0,source_domain/cwru_12khz_fe/B007_0.mat,B,source_domain/cwru_12khz_fe/B007_0.mat,2,train_pool
WIN-e69b8a5f43efd3e341c0,source_domain/cwru_12khz_fe/B007_0.mat,B,source_domain/cwru_12khz_fe/B007_0.mat,2,train_pool
WIN-8fddd937f14d9d075c10,source_domain/cwru_12khz_fe/B007_0.mat,B,source_domain/cwru_12khz_fe/B007_0.mat,2,train_pool
WIN-d473bf538145c5cb6764,source_domain/cwru_12khz_fe/B007_1.mat,B,source_domain/cwru_12khz_fe/B007_1.mat,2,train_pool
WIN-645927b5904522565940,source_domain/cwru_12khz_fe/B007_1.mat,B,source_domain/cwru_12khz_fe/B007_1.mat,2,train_pool
WIN-d542115139eb558ed2f3,source_domain/cwru_12khz_fe/B007_1.mat,B,source_domain/cwru_12khz_fe/B007_1.mat,2,train_pool
WIN-278af3809b54154a0f5e,source_domain/cwru_12khz_fe/B007_1.mat,B,source_domain/cwru_12khz_fe/B007_1.mat,2,train_pool
WIN-e92d52863a4e0f15de93,source_domain/cwru_12khz_fe/B007_1.mat,B,source_domain/cwru_12khz_fe/B007_1.mat,2,train_pool
WIN-e4e32ea1ca545610d69e,source_domain/cwru_12khz_fe/B007_1.mat,B,source_domain/cwru_12khz_fe/B007_1.mat,2,train_pool
WIN-f70b348fbf07a3e841c9,source_domain/cwru_12khz_fe/B007_1.mat,B,source_domain/cwru_12khz_fe/B007_1.mat,2,train_pool
WIN-2d6addfdc68ea4b01135,source_domain/cwru_12khz_fe/B007_1.mat,B,source_domain/cwru_12khz_fe/B007_1.mat,2,train_pool
WIN-cc2d1358a3ab2b7ee442,source_domain/cwru_12khz_fe/B007_1.mat,B,source_domain/cwru_12khz_fe/B007_1.mat,2,train_pool
WIN-8ce4a63029b888f10682,source_domain/cwru_12khz_fe/B007_1.mat,B,source_domain/cwru_12khz_fe/B007_1.mat,2,train_pool
WIN-e3f967093ebd831492ce,source_domain/cwru_12khz_fe/B007_1.mat,B,source_domain/cwru_12khz_fe/B007_1.mat,2,train_pool
WIN-c932afcccfe487deef11,source_domain/cwru_12khz_fe/B007_1.mat,B,source_domain/cwru_12khz_fe/B007_1.mat,2,train_pool
WIN-ca596ac1d7ec980606e5,source_domain/cwru_12khz_fe/B007_1.mat,B,source_domain/cwru_12khz_fe/B007_1.mat,2,train_pool
WIN-ee38cce142716519a1ef,source_domain/cwru_12khz_fe/B007_1.mat,B,source_domain/cwru_12khz_fe/B007_1.mat,2,train_pool
WIN-95891b5a79c5a82166e5,source_domain/cwru_12khz_fe/B007_1.mat,B,source_domain/cwru_12khz_fe/B007_1.mat,2,train_pool
WIN-bed73ae248b507641f53,source_domain/cwru_12khz_fe/B007_2.mat,B,source_domain/cwru_12khz_fe/B007_2.mat,2,train_pool
WIN-ca1b4f5413162000e2fb,source_domain/cwru_12khz_fe/B007_2.mat,B,source_domain/cwru_12khz_fe/B007_2.mat,2,train_pool
WIN-4efaf5f5787c4d068504,source_domain/cwru_12khz_fe/B007_2.mat,B,source_domain/cwru_12khz_fe/B007_2.mat,2,train_pool
WIN-2b5daa9a57e8986f6af4,source_domain/cwru_12khz_fe/B007_2.mat,B,source_domain/cwru_12khz_fe/B007_2.mat,2,train_pool
WIN-17ffaa42ab4e1a7a0bf2,source_domain/cwru_12khz_fe/B007_2.mat,B,source_domain/cwru_12khz_fe/B007_2.mat,2,train_pool
WIN-c8d2aba8f8ee0fe3a0ce,source_domain/cwru_12khz_fe/B007_2.mat,B,source_domain/cwru_12khz_fe/B007_2.mat,2,train_pool
WIN-a3baec2d813e5b5bf25b,source_domain/cwru_12khz_fe/B007_2.mat,B,source_domain/cwru_12khz_fe/B007_2.mat,2,train_pool
WIN-b2c0b1e6ee7c316790e6,source_domain/cwru_12khz_fe/B007_2.mat,B,source_domain/cwru_12khz_fe/B007_2.mat,2,train_pool
WIN-c2ffe1f0417325d8f0d4,source_domain/cwru_12khz_fe/B007_2.mat,B,source_domain/cwru_12khz_fe/B007_2.mat,2,train_pool
WIN-95387c7be4fc1e44a8da,source_domain/cwru_12khz_fe/B007_2.mat,B,source_domain/cwru_12khz_fe/B007_2.mat,2,train_pool
WIN-691dcda830149b752ed4,source_domain/cwru_12khz_fe/B007_2.mat,B,source_domain/cwru_12khz_fe/B007_2.mat,2,train_pool
WIN-17d94a9334029dfa613a,source_domain/cwru_12khz_fe/B007_2.mat,B,source_domain/cwru_12khz_fe/B007_2.mat,2,train_pool
WIN-ce1088821854c23b82d0,source_domain/cwru_12khz_fe/B007_2.mat,B,source_domain/cwru_12khz_fe/B007_2.mat,2,train_pool
WIN-493587db7c0f397b1294,source_domain/cwru_12khz_fe/B007_2.mat,B,source_domain/cwru_12khz_fe/B007_2.mat,2,train_pool
WIN-5759020dae18cf676691,source_domain/cwru_12khz_fe/B007_2.mat,B,source_domain/cwru_12khz_fe/B007_2.mat,2,train_pool
WIN-48bfb74691fab45b7368,source_domain/cwru_12khz_fe/B007_3.mat,B,source_domain/cwru_12khz_fe/B007_3.mat,2,train_pool
WIN-329a0ec73e2cb6f6befe,source_domain/cwru_12khz_fe/B007_3.mat,B,source_domain/cwru_12khz_fe/B007_3.mat,2,train_pool
WIN-b5f69035b70f0781318b,source_domain/cwru_12khz_fe/B007_3.mat,B,source_domain/cwru_12khz_fe/B007_3.mat,2,train_pool
WIN-1700c07dd64b07a5c56f,source_domain/cwru_12khz_fe/B007_3.mat,B,source_domain/cwru_12khz_fe/B007_3.mat,2,train_pool
WIN-c1455f1c48534c1d9942,source_domain/cwru_12khz_fe/B007_3.mat,B,source_domain/cwru_12khz_fe/B007_3.mat,2,train_pool
WIN-d590c1261a8f8a71666e,source_domain/cwru_12khz_fe/B007_3.mat,B,source_domain/cwru_12khz_fe/B007_3.mat,2,train_pool
WIN-cdd1f7ae6646012ac43b,source_domain/cwru_12khz_fe/B007_3.mat,B,source_domain/cwru_12khz_fe/B007_3.mat,2,train_pool
WIN-90a7529848129262ca12,source_domain/cwru_12khz_fe/B007_3.mat,B,source_domain/cwru_12khz_fe/B007_3.mat,2,train_pool
WIN-979526b8b548ff097201,source_domain/cwru_12khz_fe/B007_3.mat,B,source_domain/cwru_12khz_fe/B007_3.mat,2,train_pool
WIN-1e2484005ec9defcf7c5,source_domain/cwru_12khz_fe/B007_3.mat,B,source_domain/cwru_12khz_fe/B007_3.mat,2,train_pool
WIN-e4093a9c255c8e68bc2d,source_domain/cwru_12khz_fe/B007_3.mat,B,source_domain/cwru_12khz_fe/B007_3.mat,2,train_pool
WIN-2601959fec1ce9560ef0,source_domain/cwru_12khz_fe/B007_3.mat,B,source_domain/cwru_12khz_fe/B007_3.mat,2,train_pool
WIN-0320273825c2c88259a7,source_domain/cwru_12khz_fe/B007_3.mat,B,source_domain/cwru_12khz_fe/B007_3.mat,2,train_pool
WIN-3629de27ad58b37be352,source_domain/cwru_12khz_fe/B007_3.mat,B,source_domain/cwru_12khz_fe/B007_3.mat,2,train_pool
WIN-37b08499ea4aef44f627,source_domain/cwru_12khz_fe/B007_3.mat,B,source_domain/cwru_12khz_fe/B007_3.mat,2,train_pool
WIN-b31da23344e493409fb2,source_domain/cwru_12khz_fe/B014_0.mat,B,source_domain/cwru_12khz_fe/B014_0.mat,2,train_pool
WIN-75a3398578e2d3667396,source_domain/cwru_12khz_fe/B014_0.mat,B,source_domain/cwru_12khz_fe/B014_0.mat,2,train_pool
WIN-5b309f969dcbb80a6771,source_domain/cwru_12khz_fe/B014_0.mat,B,source_domain/cwru_12khz_fe/B014_0.mat,2,train_pool
WIN-f94500ae333b46c58a95,source_domain/cwru_12khz_fe/B014_0.mat,B,source_domain/cwru_12khz_fe/B014_0.mat,2,train_pool
WIN-8a2155a2928d0380478f,source_domain/cwru_12khz_fe/B014_0.mat,B,source_domain/cwru_12khz_fe/B014_0.mat,2,train_pool
WIN-12738a8ff1cde1df5252,source_domain/cwru_12khz_fe/B014_0.mat,B,source_domain/cwru_12khz_fe/B014_0.mat,2,train_pool
WIN-35f379154ce90da08c7a,source_domain/cwru_12khz_fe/B014_0.mat,B,source_domain/cwru_12khz_fe/B014_0.mat,2,train_pool
WIN-55f4ef1d25e27ac9d1f9,source_domain/cwru_12khz_fe/B014_0.mat,B,source_domain/cwru_12khz_fe/B014_0.mat,2,train_pool
WIN-8acd47c7423c50b9be33,source_domain/cwru_12khz_fe/B014_0.mat,B,source_domain/cwru_12khz_fe/B014_0.mat,2,train_pool
WIN-3427f9a7fd24dc310f77,source_domain/cwru_12khz_fe/B014_0.mat,B,source_domain/cwru_12khz_fe/B014_0.mat,2,train_pool
WIN-6e721131deeaa0326e30,source_domain/cwru_12khz_fe/B014_0.mat,B,source_domain/cwru_12khz_fe/B014_0.mat,2,train_pool
WIN-a86da486f40b03070c27,source_domain/cwru_12khz_fe/B014_0.mat,B,source_domain/cwru_12khz_fe/B014_0.mat,2,train_pool
WIN-2c5dd68d9a3c2a8bd332,source_domain/cwru_12khz_fe/B014_0.mat,B,source_domain/cwru_12khz_fe/B014_0.mat,2,train_pool
WIN-90ddf32d14f48f6c411c,source_domain/cwru_12khz_fe/B014_0.mat,B,source_domain/cwru_12khz_fe/B014_0.mat,2,train_pool
WIN-4bccca6de03d58d4b6f0,source_domain/cwru_12khz_fe/B014_0.mat,B,source_domain/cwru_12khz_fe/B014_0.mat,2,train_pool
WIN-6973a8c42964be865058,source_domain/cwru_12khz_fe/B014_1.mat,B,source_domain/cwru_12khz_fe/B014_1.mat,2,train_pool
WIN-a3afac2b88e914c9a766,source_domain/cwru_12khz_fe/B014_1.mat,B,source_domain/cwru_12khz_fe/B014_1.mat,2,train_pool
WIN-23a9dffe6f9b7b523adf,source_domain/cwru_12khz_fe/B014_1.mat,B,source_domain/cwru_12khz_fe/B014_1.mat,2,train_pool
WIN-1a5b88ad287551c49d3b,source_domain/cwru_12khz_fe/B014_1.mat,B,source_domain/cwru_12khz_fe/B014_1.mat,2,train_pool
WIN-5ff1104c2d9836b2a716,source_domain/cwru_12khz_fe/B014_1.mat,B,source_domain/cwru_12khz_fe/B014_1.mat,2,train_pool
WIN-7743e9ef6f07f0097f12,source_domain/cwru_12khz_fe/B014_1.mat,B,source_domain/cwru_12khz_fe/B014_1.mat,2,train_pool
WIN-8f186ca87b313d6e1e73,source_domain/cwru_12khz_fe/B014_1.mat,B,source_domain/cwru_12khz_fe/B014_1.mat,2,train_pool
WIN-a04628c5fb57bb17a157,source_domain/cwru_12khz_fe/B014_1.mat,B,source_domain/cwru_12khz_fe/B014_1.mat,2,train_pool
WIN-686a8465e68783e11ea5,source_domain/cwru_12khz_fe/B014_1.mat,B,source_domain/cwru_12khz_fe/B014_1.mat,2,train_pool
WIN-8a4f533e2f54ce9d3b3d,source_domain/cwru_12khz_fe/B014_1.mat,B,source_domain/cwru_12khz_fe/B014_1.mat,2,train_pool
WIN-5945b88ef9480f2adb32,source_domain/cwru_12khz_fe/B014_1.mat,B,source_domain/cwru_12khz_fe/B014_1.mat,2,train_pool
WIN-81b730060fb0f9f3e062,source_domain/cwru_12khz_fe/B014_1.mat,B,source_domain/cwru_12khz_fe/B014_1.mat,2,train_pool
WIN-a757e773381cfe600bc9,source_domain/cwru_12khz_fe/B014_1.mat,B,source_domain/cwru_12khz_fe/B014_1.mat,2,train_pool
WIN-3bd82ba106cb26f6464e,source_domain/cwru_12khz_fe/B014_1.mat,B,source_domain/cwru_12khz_fe/B014_1.mat,2,train_pool
WIN-48c1ad389c8d5489ec76,source_domain/cwru_12khz_fe/B014_1.mat,B,source_domain/cwru_12khz_fe/B014_1.mat,2,train_pool
WIN-ad2f3523d4f033a46aeb,source_domain/cwru_12khz_fe/B014_2.mat,B,source_domain/cwru_12khz_fe/B014_2.mat,2,test
WIN-900d674f1e8f1a8d9ff9,source_domain/cwru_12khz_fe/B014_2.mat,B,source_domain/cwru_12khz_fe/B014_2.mat,2,test
WIN-8138d88731735b2e8334,source_domain/cwru_12khz_fe/B014_2.mat,B,source_domain/cwru_12khz_fe/B014_2.mat,2,test
WIN-28b607de24710b94389b,source_domain/cwru_12khz_fe/B014_2.mat,B,source_domain/cwru_12khz_fe/B014_2.mat,2,test
WIN-af27ccea3ef66e070230,source_domain/cwru_12khz_fe/B014_2.mat,B,source_domain/cwru_12khz_fe/B014_2.mat,2,test
WIN-a5f4b9487c91c5df82b1,source_domain/cwru_12khz_fe/B014_2.mat,B,source_domain/cwru_12khz_fe/B014_2.mat,2,test
WIN-dc43e05f3f0d9055c984,source_domain/cwru_12khz_fe/B014_2.mat,B,source_domain/cwru_12khz_fe/B014_2.mat,2,test
WIN-f71b9d992459d01d5b57,source_domain/cwru_12khz_fe/B014_2.mat,B,source_domain/cwru_12khz_fe/B014_2.mat,2,test
WIN-c99d320ce097697af301,source_domain/cwru_12khz_fe/B014_2.mat,B,source_domain/cwru_12khz_fe/B014_2.mat,2,test
WIN-268397442b83a1f7b44e,source_domain/cwru_12khz_fe/B014_2.mat,B,source_domain/cwru_12khz_fe/B014_2.mat,2,test
WIN-a6b3061c0a348b45bdc6,source_domain/cwru_12khz_fe/B014_2.mat,B,source_domain/cwru_12khz_fe/B014_2.mat,2,test
WIN-557bc71ff309dd260278,source_domain/cwru_12khz_fe/B014_2.mat,B,source_domain/cwru_12khz_fe/B014_2.mat,2,test
WIN-7f27102c94739b8c7b77,source_domain/cwru_12khz_fe/B014_2.mat,B,source_domain/cwru_12khz_fe/B014_2.mat,2,test
WIN-c1f19708361dfef88843,source_domain/cwru_12khz_fe/B014_2.mat,B,source_domain/cwru_12khz_fe/B014_2.mat,2,test
WIN-5227e0521be27aae84c5,source_domain/cwru_12khz_fe/B014_2.mat,B,source_domain/cwru_12khz_fe/B014_2.mat,2,test
WIN-25c24932c6ba90148763,source_domain/cwru_12khz_fe/B014_3.mat,B,source_domain/cwru_12khz_fe/B014_3.mat,2,train_pool
WIN-fbf0bf5d0844273a42a6,source_domain/cwru_12khz_fe/B014_3.mat,B,source_domain/cwru_12khz_fe/B014_3.mat,2,train_pool
WIN-e28340f0d7d9453a9caa,source_domain/cwru_12khz_fe/B014_3.mat,B,source_domain/cwru_12khz_fe/B014_3.mat,2,train_pool
WIN-f77c4cc3d3a83b436b63,source_domain/cwru_12khz_fe/B014_3.mat,B,source_domain/cwru_12khz_fe/B014_3.mat,2,train_pool
WIN-42ef98b4686408af7196,source_domain/cwru_12khz_fe/B014_3.mat,B,source_domain/cwru_12khz_fe/B014_3.mat,2,train_pool
WIN-a65048188e9c2363e19a,source_domain/cwru_12khz_fe/B014_3.mat,B,source_domain/cwru_12khz_fe/B014_3.mat,2,train_pool
WIN-ddf60ff253e37de91ced,source_domain/cwru_12khz_fe/B014_3.mat,B,source_domain/cwru_12khz_fe/B014_3.mat,2,train_pool
WIN-643b84d5e705c0c4f20e,source_domain/cwru_12khz_fe/B014_3.mat,B,source_domain/cwru_12khz_fe/B014_3.mat,2,train_pool
WIN-da858fbc7f7d6cd0a253,source_domain/cwru_12khz_fe/B014_3.mat,B,source_domain/cwru_12khz_fe/B014_3.mat,2,train_pool
WIN-c5ffba9fa48ee2d2f8e6,source_domain/cwru_12khz_fe/B014_3.mat,B,source_domain/cwru_12khz_fe/B014_3.mat,2,train_pool
WIN-7c366f0765f7f25a5d45,source_domain/cwru_12khz_fe/B014_3.mat,B,source_domain/cwru_12khz_fe/B014_3.mat,2,train_pool
WIN-dbfe99d6cb64529c7d03,source_domain/cwru_12khz_fe/B014_3.mat,B,source_domain/cwru_12khz_fe/B014_3.mat,2,train_pool
WIN-f794c617abb0155a5f49,source_domain/cwru_12khz_fe/B014_3.mat,B,source_domain/cwru_12khz_fe/B014_3.mat,2,train_pool
WIN-71a23180ca05c3f356d7,source_domain/cwru_12khz_fe/B014_3.mat,B,source_domain/cwru_12khz_fe/B014_3.mat,2,train_pool
WIN-e1f8581ec72156e4c40d,source_domain/cwru_12khz_fe/B014_3.mat,B,source_domain/cwru_12khz_fe/B014_3.mat,2,train_pool
WIN-4307f92375069babe348,source_domain/cwru_12khz_fe/B021_0.mat,B,source_domain/cwru_12khz_fe/B021_0.mat,2,test
WIN-8ec9e349dc6a2dad86f5,source_domain/cwru_12khz_fe/B021_0.mat,B,source_domain/cwru_12khz_fe/B021_0.mat,2,test
WIN-3b1db9162d81b3487c0c,source_domain/cwru_12khz_fe/B021_0.mat,B,source_domain/cwru_12khz_fe/B021_0.mat,2,test
WIN-bbb6db2261581421a8dc,source_domain/cwru_12khz_fe/B021_0.mat,B,source_domain/cwru_12khz_fe/B021_0.mat,2,test
WIN-a15c4cd52a490317cae7,source_domain/cwru_12khz_fe/B021_0.mat,B,source_domain/cwru_12khz_fe/B021_0.mat,2,test
WIN-478f6d8d3e8f9056d252,source_domain/cwru_12khz_fe/B021_0.mat,B,source_domain/cwru_12khz_fe/B021_0.mat,2,test
WIN-4981f1e708cd35d5472e,source_domain/cwru_12khz_fe/B021_0.mat,B,source_domain/cwru_12khz_fe/B021_0.mat,2,test
WIN-242b37df1ed074df80b3,source_domain/cwru_12khz_fe/B021_0.mat,B,source_domain/cwru_12khz_fe/B021_0.mat,2,test
WIN-8c9b7a85d4ce7c3bc6b1,source_domain/cwru_12khz_fe/B021_0.mat,B,source_domain/cwru_12khz_fe/B021_0.mat,2,test
WIN-d7bd0c8a027e6db2f970,source_domain/cwru_12khz_fe/B021_0.mat,B,source_domain/cwru_12khz_fe/B021_0.mat,2,test
WIN-743bc7cb57880bbee02d,source_domain/cwru_12khz_fe/B021_0.mat,B,source_domain/cwru_12khz_fe/B021_0.mat,2,test
WIN-b91f84ec83a97fa03b8e,source_domain/cwru_12khz_fe/B021_0.mat,B,source_domain/cwru_12khz_fe/B021_0.mat,2,test
WIN-01542cc9fee777f6ce43,source_domain/cwru_12khz_fe/B021_0.mat,B,source_domain/cwru_12khz_fe/B021_0.mat,2,test
WIN-8bd08058b2baee587475,source_domain/cwru_12khz_fe/B021_0.mat,B,source_domain/cwru_12khz_fe/B021_0.mat,2,test
WIN-66227cd413cf12b07cf2,source_domain/cwru_12khz_fe/B021_0.mat,B,source_domain/cwru_12khz_fe/B021_0.mat,2,test
WIN-ce9aed289046dbf88e3d,source_domain/cwru_12khz_fe/B021_1.mat,B,source_domain/cwru_12khz_fe/B021_1.mat,2,test
WIN-b8a176c8599396fcb933,source_domain/cwru_12khz_fe/B021_1.mat,B,source_domain/cwru_12khz_fe/B021_1.mat,2,test
WIN-6a6cd868718760f9beb2,source_domain/cwru_12khz_fe/B021_1.mat,B,source_domain/cwru_12khz_fe/B021_1.mat,2,test
WIN-c73ce4e610533d0e394f,source_domain/cwru_12khz_fe/B021_1.mat,B,source_domain/cwru_12khz_fe/B021_1.mat,2,test
WIN-7ab4e13fbabfbd4e5db3,source_domain/cwru_12khz_fe/B021_1.mat,B,source_domain/cwru_12khz_fe/B021_1.mat,2,test
WIN-842bb62f1c993b737727,source_domain/cwru_12khz_fe/B021_1.mat,B,source_domain/cwru_12khz_fe/B021_1.mat,2,test
WIN-7571657e1d092958db86,source_domain/cwru_12khz_fe/B021_1.mat,B,source_domain/cwru_12khz_fe/B021_1.mat,2,test
WIN-6e194b460a6f9dfb63db,source_domain/cwru_12khz_fe/B021_1.mat,B,source_domain/cwru_12khz_fe/B021_1.mat,2,test
WIN-78752056609514e16c69,source_domain/cwru_12khz_fe/B021_1.mat,B,source_domain/cwru_12khz_fe/B021_1.mat,2,test
WIN-cebfacbec3451fecab55,source_domain/cwru_12khz_fe/B021_1.mat,B,source_domain/cwru_12khz_fe/B021_1.mat,2,test
WIN-2faee3c8f5a2fb07bfb9,source_domain/cwru_12khz_fe/B021_1.mat,B,source_domain/cwru_12khz_fe/B021_1.mat,2,test
WIN-524b6d879559ed5b2440,source_domain/cwru_12khz_fe/B021_1.mat,B,source_domain/cwru_12khz_fe/B021_1.mat,2,test
WIN-ca1dc236c64a0d336eb0,source_domain/cwru_12khz_fe/B021_1.mat,B,source_domain/cwru_12khz_fe/B021_1.mat,2,test
WIN-daf99a564745c1239bc0,source_domain/cwru_12khz_fe/B021_1.mat,B,source_domain/cwru_12khz_fe/B021_1.mat,2,test
WIN-44962460fdc546b555e0,source_domain/cwru_12khz_fe/B021_1.mat,B,source_domain/cwru_12khz_fe/B021_1.mat,2,test
WIN-9256778c4e9f54cc41aa,source_domain/cwru_12khz_fe/B021_2.mat,B,source_domain/cwru_12khz_fe/B021_2.mat,2,train_pool
WIN-651c3edbaed6a47e5dea,source_domain/cwru_12khz_fe/B021_2.mat,B,source_domain/cwru_12khz_fe/B021_2.mat,2,train_pool
WIN-200a713d371478eda482,source_domain/cwru_12khz_fe/B021_2.mat,B,source_domain/cwru_12khz_fe/B021_2.mat,2,train_pool
WIN-c62646b8543263f175d1,source_domain/cwru_12khz_fe/B021_2.mat,B,source_domain/cwru_12khz_fe/B021_2.mat,2,train_pool
WIN-92d189de72817f1e5ada,source_domain/cwru_12khz_fe/B021_2.mat,B,source_domain/cwru_12khz_fe/B021_2.mat,2,train_pool
WIN-3229a1a5c839e1200807,source_domain/cwru_12khz_fe/B021_2.mat,B,source_domain/cwru_12khz_fe/B021_2.mat,2,train_pool
WIN-867730a772b9dcd0ed48,source_domain/cwru_12khz_fe/B021_2.mat,B,source_domain/cwru_12khz_fe/B021_2.mat,2,train_pool
WIN-f899c7d4a17a6b224947,source_domain/cwru_12khz_fe/B021_2.mat,B,source_domain/cwru_12khz_fe/B021_2.mat,2,train_pool
WIN-0f6a3bc9202534158bf2,source_domain/cwru_12khz_fe/B021_2.mat,B,source_domain/cwru_12khz_fe/B021_2.mat,2,train_pool
WIN-71ac72822ad527b35259,source_domain/cwru_12khz_fe/B021_2.mat,B,source_domain/cwru_12khz_fe/B021_2.mat,2,train_pool
WIN-b05c8e4964f9df72bf1f,source_domain/cwru_12khz_fe/B021_2.mat,B,source_domain/cwru_12khz_fe/B021_2.mat,2,train_pool
WIN-091f8a8ee20b9dd7c9e4,source_domain/cwru_12khz_fe/B021_2.mat,B,source_domain/cwru_12khz_fe/B021_2.mat,2,train_pool
WIN-94b1eeafc18011bf8eef,source_domain/cwru_12khz_fe/B021_2.mat,B,source_domain/cwru_12khz_fe/B021_2.mat,2,train_pool
WIN-f2a109bfcb3bd50884d4,source_domain/cwru_12khz_fe/B021_2.mat,B,source_domain/cwru_12khz_fe/B021_2.mat,2,train_pool
WIN-9f44ba4ed2fff4393dbb,source_domain/cwru_12khz_fe/B021_2.mat,B,source_domain/cwru_12khz_fe/B021_2.mat,2,train_pool
WIN-14094409b262f8c91fdc,source_domain/cwru_12khz_fe/B021_3.mat,B,source_domain/cwru_12khz_fe/B021_3.mat,2,train_pool
WIN-9da80ffb14320d8be725,source_domain/cwru_12khz_fe/B021_3.mat,B,source_domain/cwru_12khz_fe/B021_3.mat,2,train_pool
WIN-f0d3fcca08326ff41455,source_domain/cwru_12khz_fe/B021_3.mat,B,source_domain/cwru_12khz_fe/B021_3.mat,2,train_pool
WIN-5816000a95fd48643e4b,source_domain/cwru_12khz_fe/B021_3.mat,B,source_domain/cwru_12khz_fe/B021_3.mat,2,train_pool
WIN-6dc5e027873cf32d4e96,source_domain/cwru_12khz_fe/B021_3.mat,B,source_domain/cwru_12khz_fe/B021_3.mat,2,train_pool
WIN-38a8a954f6798ec86167,source_domain/cwru_12khz_fe/B021_3.mat,B,source_domain/cwru_12khz_fe/B021_3.mat,2,train_pool
WIN-9126f778aa047cde3fb2,source_domain/cwru_12khz_fe/B021_3.mat,B,source_domain/cwru_12khz_fe/B021_3.mat,2,train_pool
WIN-fe66a6b6a14822d2f154,source_domain/cwru_12khz_fe/B021_3.mat,B,source_domain/cwru_12khz_fe/B021_3.mat,2,train_pool
WIN-7fb954901dba6ace533b,source_domain/cwru_12khz_fe/B021_3.mat,B,source_domain/cwru_12khz_fe/B021_3.mat,2,train_pool
WIN-b73493f0cb9947516581,source_domain/cwru_12khz_fe/B021_3.mat,B,source_domain/cwru_12khz_fe/B021_3.mat,2,train_pool
WIN-6dbe514a262c18ead6c6,source_domain/cwru_12khz_fe/B021_3.mat,B,source_domain/cwru_12khz_fe/B021_3.mat,2,train_pool
WIN-226e82c04a54964bbe8f,source_domain/cwru_12khz_fe/B021_3.mat,B,source_domain/cwru_12khz_fe/B021_3.mat,2,train_pool
WIN-fe7b58007106a8a988a6,source_domain/cwru_12khz_fe/B021_3.mat,B,source_domain/cwru_12khz_fe/B021_3.mat,2,train_pool
WIN-b7ba65720aef0997f313,source_domain/cwru_12khz_fe/B021_3.mat,B,source_domain/cwru_12khz_fe/B021_3.mat,2,train_pool
WIN-f6330fca6f78e77e47a2,source_domain/cwru_12khz_fe/B021_3.mat,B,source_domain/cwru_12khz_fe/B021_3.mat,2,train_pool
WIN-aedff8f49043e8611f7b,source_domain/cwru_12khz_fe/IR007_0.mat,IR,source_domain/cwru_12khz_fe/IR007_0.mat,2,train_pool
WIN-687a139507a6a6959bf4,source_domain/cwru_12khz_fe/IR007_0.mat,IR,source_domain/cwru_12khz_fe/IR007_0.mat,2,train_pool
WIN-72976a1165ffddbdf3cd,source_domain/cwru_12khz_fe/IR007_0.mat,IR,source_domain/cwru_12khz_fe/IR007_0.mat,2,train_pool
WIN-583a43f7fd9ebf20deb0,source_domain/cwru_12khz_fe/IR007_0.mat,IR,source_domain/cwru_12khz_fe/IR007_0.mat,2,train_pool
WIN-18101343915a3d7c252f,source_domain/cwru_12khz_fe/IR007_0.mat,IR,source_domain/cwru_12khz_fe/IR007_0.mat,2,train_pool
WIN-db7ef28204ff4354b799,source_domain/cwru_12khz_fe/IR007_0.mat,IR,source_domain/cwru_12khz_fe/IR007_0.mat,2,train_pool
WIN-4858540c7771fcd31f5e,source_domain/cwru_12khz_fe/IR007_0.mat,IR,source_domain/cwru_12khz_fe/IR007_0.mat,2,train_pool
WIN-236290c16e2454609e8f,source_domain/cwru_12khz_fe/IR007_0.mat,IR,source_domain/cwru_12khz_fe/IR007_0.mat,2,train_pool
WIN-daf59a603c9555423e28,source_domain/cwru_12khz_fe/IR007_0.mat,IR,source_domain/cwru_12khz_fe/IR007_0.mat,2,train_pool
WIN-e7a5ec78c744c22f6f7b,source_domain/cwru_12khz_fe/IR007_0.mat,IR,source_domain/cwru_12khz_fe/IR007_0.mat,2,train_pool
WIN-8ea36ad1ed8ed4050ee1,source_domain/cwru_12khz_fe/IR007_0.mat,IR,source_domain/cwru_12khz_fe/IR007_0.mat,2,train_pool
WIN-6df3b1a0e807f9bfdd2a,source_domain/cwru_12khz_fe/IR007_0.mat,IR,source_domain/cwru_12khz_fe/IR007_0.mat,2,train_pool
WIN-3e58b4956f9eb2a15f8f,source_domain/cwru_12khz_fe/IR007_0.mat,IR,source_domain/cwru_12khz_fe/IR007_0.mat,2,train_pool
WIN-fe011dea2903f8cd4c22,source_domain/cwru_12khz_fe/IR007_0.mat,IR,source_domain/cwru_12khz_fe/IR007_0.mat,2,train_pool
WIN-6436369b6b6a5c89b6f4,source_domain/cwru_12khz_fe/IR007_0.mat,IR,source_domain/cwru_12khz_fe/IR007_0.mat,2,train_pool
WIN-76b37ed3bc783c0cc905,source_domain/cwru_12khz_fe/IR007_1.mat,IR,source_domain/cwru_12khz_fe/IR007_1.mat,2,train_pool
WIN-ba35f61877490475d0c1,source_domain/cwru_12khz_fe/IR007_1.mat,IR,source_domain/cwru_12khz_fe/IR007_1.mat,2,train_pool
WIN-7d6464ba2fca178a047a,source_domain/cwru_12khz_fe/IR007_1.mat,IR,source_domain/cwru_12khz_fe/IR007_1.mat,2,train_pool
WIN-818ad005e3cb0f8cfeb1,source_domain/cwru_12khz_fe/IR007_1.mat,IR,source_domain/cwru_12khz_fe/IR007_1.mat,2,train_pool
WIN-81b726fe00d127972160,source_domain/cwru_12khz_fe/IR007_1.mat,IR,source_domain/cwru_12khz_fe/IR007_1.mat,2,train_pool
WIN-5c17bd1b9c8c56bae671,source_domain/cwru_12khz_fe/IR007_1.mat,IR,source_domain/cwru_12khz_fe/IR007_1.mat,2,train_pool
WIN-31d80cf41e038ac53d82,source_domain/cwru_12khz_fe/IR007_1.mat,IR,source_domain/cwru_12khz_fe/IR007_1.mat,2,train_pool
WIN-65b070ef7b219013641f,source_domain/cwru_12khz_fe/IR007_1.mat,IR,source_domain/cwru_12khz_fe/IR007_1.mat,2,train_pool
WIN-675d4546c409d80d86e3,source_domain/cwru_12khz_fe/IR007_1.mat,IR,source_domain/cwru_12khz_fe/IR007_1.mat,2,train_pool
WIN-6c7a4134cbf512b3a28e,source_domain/cwru_12khz_fe/IR007_1.mat,IR,source_domain/cwru_12khz_fe/IR007_1.mat,2,train_pool
WIN-1609a00ca1d3a822e2dd,source_domain/cwru_12khz_fe/IR007_1.mat,IR,source_domain/cwru_12khz_fe/IR007_1.mat,2,train_pool
WIN-c3216774c4460e657567,source_domain/cwru_12khz_fe/IR007_1.mat,IR,source_domain/cwru_12khz_fe/IR007_1.mat,2,train_pool
WIN-793fae25042f4a3987f1,source_domain/cwru_12khz_fe/IR007_1.mat,IR,source_domain/cwru_12khz_fe/IR007_1.mat,2,train_pool
WIN-73592ac81c9a7a22bac3,source_domain/cwru_12khz_fe/IR007_1.mat,IR,source_domain/cwru_12khz_fe/IR007_1.mat,2,train_pool
WIN-6fc76f988f52786ece77,source_domain/cwru_12khz_fe/IR007_1.mat,IR,source_domain/cwru_12khz_fe/IR007_1.mat,2,train_pool
WIN-b5260e2cd6b8d8f6cd67,source_domain/cwru_12khz_fe/IR007_2.mat,IR,source_domain/cwru_12khz_fe/IR007_2.mat,2,test
WIN-ade913420fc52d55847c,source_domain/cwru_12khz_fe/IR007_2.mat,IR,source_domain/cwru_12khz_fe/IR007_2.mat,2,test
WIN-01e7e62f4c2ecbdb18db,source_domain/cwru_12khz_fe/IR007_2.mat,IR,source_domain/cwru_12khz_fe/IR007_2.mat,2,test
WIN-70314c3ab088ce2bee55,source_domain/cwru_12khz_fe/IR007_2.mat,IR,source_domain/cwru_12khz_fe/IR007_2.mat,2,test
WIN-fed04242cbf1719d78bf,source_domain/cwru_12khz_fe/IR007_2.mat,IR,source_domain/cwru_12khz_fe/IR007_2.mat,2,test
WIN-979bf2d8b4fd579dcd33,source_domain/cwru_12khz_fe/IR007_2.mat,IR,source_domain/cwru_12khz_fe/IR007_2.mat,2,test
WIN-858f672a8ed729a64e8e,source_domain/cwru_12khz_fe/IR007_2.mat,IR,source_domain/cwru_12khz_fe/IR007_2.mat,2,test
WIN-75ab10ed4c5e44e818b5,source_domain/cwru_12khz_fe/IR007_2.mat,IR,source_domain/cwru_12khz_fe/IR007_2.mat,2,test
WIN-bd346145ae546172e166,source_domain/cwru_12khz_fe/IR007_2.mat,IR,source_domain/cwru_12khz_fe/IR007_2.mat,2,test
WIN-14dc9dcdf84c6b5f3943,source_domain/cwru_12khz_fe/IR007_2.mat,IR,source_domain/cwru_12khz_fe/IR007_2.mat,2,test
WIN-06b3ee637ecb4727711e,source_domain/cwru_12khz_fe/IR007_2.mat,IR,source_domain/cwru_12khz_fe/IR007_2.mat,2,test
WIN-8c6bd41037c8c6a97b20,source_domain/cwru_12khz_fe/IR007_2.mat,IR,source_domain/cwru_12khz_fe/IR007_2.mat,2,test
WIN-666695e7042d3c8f85e4,source_domain/cwru_12khz_fe/IR007_2.mat,IR,source_domain/cwru_12khz_fe/IR007_2.mat,2,test
WIN-b6c4c97697e059fc19ad,source_domain/cwru_12khz_fe/IR007_2.mat,IR,source_domain/cwru_12khz_fe/IR007_2.mat,2,test
WIN-6096a5f0b148a34900c5,source_domain/cwru_12khz_fe/IR007_2.mat,IR,source_domain/cwru_12khz_fe/IR007_2.mat,2,test
WIN-36c3fb867e1ebbfb7945,source_domain/cwru_12khz_fe/IR007_3.mat,IR,source_domain/cwru_12khz_fe/IR007_3.mat,2,train_pool
WIN-2f3a8feb7ac80dd3054b,source_domain/cwru_12khz_fe/IR007_3.mat,IR,source_domain/cwru_12khz_fe/IR007_3.mat,2,train_pool
WIN-c0c957a2ebecccd09b09,source_domain/cwru_12khz_fe/IR007_3.mat,IR,source_domain/cwru_12khz_fe/IR007_3.mat,2,train_pool
WIN-9e34e8c735e92f8efcc4,source_domain/cwru_12khz_fe/IR007_3.mat,IR,source_domain/cwru_12khz_fe/IR007_3.mat,2,train_pool
WIN-05e3b5dba0b8bf0cec71,source_domain/cwru_12khz_fe/IR007_3.mat,IR,source_domain/cwru_12khz_fe/IR007_3.mat,2,train_pool
WIN-b3826052360ede3025ed,source_domain/cwru_12khz_fe/IR007_3.mat,IR,source_domain/cwru_12khz_fe/IR007_3.mat,2,train_pool
WIN-876fac0ccd4036166ffe,source_domain/cwru_12khz_fe/IR007_3.mat,IR,source_domain/cwru_12khz_fe/IR007_3.mat,2,train_pool
WIN-95ba58e2644691cf9155,source_domain/cwru_12khz_fe/IR007_3.mat,IR,source_domain/cwru_12khz_fe/IR007_3.mat,2,train_pool
WIN-db8aa1c4a131bb7d038d,source_domain/cwru_12khz_fe/IR007_3.mat,IR,source_domain/cwru_12khz_fe/IR007_3.mat,2,train_pool
WIN-39e8b4aaf58b74cc748a,source_domain/cwru_12khz_fe/IR007_3.mat,IR,source_domain/cwru_12khz_fe/IR007_3.mat,2,train_pool
WIN-02135945bb18ff887375,source_domain/cwru_12khz_fe/IR007_3.mat,IR,source_domain/cwru_12khz_fe/IR007_3.mat,2,train_pool
WIN-9b30f7c42b134f3dd64a,source_domain/cwru_12khz_fe/IR007_3.mat,IR,source_domain/cwru_12khz_fe/IR007_3.mat,2,train_pool
WIN-d1c33fd95c8d96968d54,source_domain/cwru_12khz_fe/IR007_3.mat,IR,source_domain/cwru_12khz_fe/IR007_3.mat,2,train_pool
WIN-70fafa99e816d7111b6d,source_domain/cwru_12khz_fe/IR007_3.mat,IR,source_domain/cwru_12khz_fe/IR007_3.mat,2,train_pool
WIN-386787f7137c8175d934,source_domain/cwru_12khz_fe/IR007_3.mat,IR,source_domain/cwru_12khz_fe/IR007_3.mat,2,train_pool
WIN-62696365c983df932a8d,source_domain/cwru_12khz_fe/IR014_0.mat,IR,source_domain/cwru_12khz_fe/IR014_0.mat,2,train_pool
WIN-b1ebedb36966d2107ec7,source_domain/cwru_12khz_fe/IR014_0.mat,IR,source_domain/cwru_12khz_fe/IR014_0.mat,2,train_pool
WIN-21f44ece947d5ffbac4a,source_domain/cwru_12khz_fe/IR014_0.mat,IR,source_domain/cwru_12khz_fe/IR014_0.mat,2,train_pool
WIN-b72afe8ff9e3e40e1833,source_domain/cwru_12khz_fe/IR014_0.mat,IR,source_domain/cwru_12khz_fe/IR014_0.mat,2,train_pool
WIN-06ef77117f462ca4aafc,source_domain/cwru_12khz_fe/IR014_0.mat,IR,source_domain/cwru_12khz_fe/IR014_0.mat,2,train_pool
WIN-14b7f82858bbdbf77eeb,source_domain/cwru_12khz_fe/IR014_0.mat,IR,source_domain/cwru_12khz_fe/IR014_0.mat,2,train_pool
WIN-57fcacb5f64126c65095,source_domain/cwru_12khz_fe/IR014_0.mat,IR,source_domain/cwru_12khz_fe/IR014_0.mat,2,train_pool
WIN-39974fa6f44d1515f03e,source_domain/cwru_12khz_fe/IR014_0.mat,IR,source_domain/cwru_12khz_fe/IR014_0.mat,2,train_pool
WIN-d484361e8fdc962b15cf,source_domain/cwru_12khz_fe/IR014_0.mat,IR,source_domain/cwru_12khz_fe/IR014_0.mat,2,train_pool
WIN-571156a292963ce10be9,source_domain/cwru_12khz_fe/IR014_0.mat,IR,source_domain/cwru_12khz_fe/IR014_0.mat,2,train_pool
WIN-8271e42c86cd42bc4463,source_domain/cwru_12khz_fe/IR014_0.mat,IR,source_domain/cwru_12khz_fe/IR014_0.mat,2,train_pool
WIN-57bd81b8264d6660c5d3,source_domain/cwru_12khz_fe/IR014_0.mat,IR,source_domain/cwru_12khz_fe/IR014_0.mat,2,train_pool
WIN-dad8679918e8871ce2f0,source_domain/cwru_12khz_fe/IR014_0.mat,IR,source_domain/cwru_12khz_fe/IR014_0.mat,2,train_pool
WIN-f7c77baae89c17b6049f,source_domain/cwru_12khz_fe/IR014_0.mat,IR,source_domain/cwru_12khz_fe/IR014_0.mat,2,train_pool
WIN-f743df3c3f350713e282,source_domain/cwru_12khz_fe/IR014_0.mat,IR,source_domain/cwru_12khz_fe/IR014_0.mat,2,train_pool
WIN-85ae90faabadab7d5828,source_domain/cwru_12khz_fe/IR014_1.mat,IR,source_domain/cwru_12khz_fe/IR014_1.mat,2,train_pool
WIN-bfd566badf798378011f,source_domain/cwru_12khz_fe/IR014_1.mat,IR,source_domain/cwru_12khz_fe/IR014_1.mat,2,train_pool
WIN-a7acf3397ee9375b0e93,source_domain/cwru_12khz_fe/IR014_1.mat,IR,source_domain/cwru_12khz_fe/IR014_1.mat,2,train_pool
WIN-3826c922b4c105df2f7d,source_domain/cwru_12khz_fe/IR014_1.mat,IR,source_domain/cwru_12khz_fe/IR014_1.mat,2,train_pool
WIN-42e666986313bfbb88ab,source_domain/cwru_12khz_fe/IR014_1.mat,IR,source_domain/cwru_12khz_fe/IR014_1.mat,2,train_pool
WIN-ec477fae56320663b28f,source_domain/cwru_12khz_fe/IR014_1.mat,IR,source_domain/cwru_12khz_fe/IR014_1.mat,2,train_pool
WIN-c99d826df9499e731fbf,source_domain/cwru_12khz_fe/IR014_1.mat,IR,source_domain/cwru_12khz_fe/IR014_1.mat,2,train_pool
WIN-cdc328545af4f4423377,source_domain/cwru_12khz_fe/IR014_1.mat,IR,source_domain/cwru_12khz_fe/IR014_1.mat,2,train_pool
WIN-2290f757189fbcbee4aa,source_domain/cwru_12khz_fe/IR014_1.mat,IR,source_domain/cwru_12khz_fe/IR014_1.mat,2,train_pool
WIN-cc3fd51f324cf584e730,source_domain/cwru_12khz_fe/IR014_1.mat,IR,source_domain/cwru_12khz_fe/IR014_1.mat,2,train_pool
WIN-de8659e3136d7a79549a,source_domain/cwru_12khz_fe/IR014_1.mat,IR,source_domain/cwru_12khz_fe/IR014_1.mat,2,train_pool
WIN-8a9c1c6fa65078d2c247,source_domain/cwru_12khz_fe/IR014_1.mat,IR,source_domain/cwru_12khz_fe/IR014_1.mat,2,train_pool
WIN-9e326f99a153645d35c6,source_domain/cwru_12khz_fe/IR014_1.mat,IR,source_domain/cwru_12khz_fe/IR014_1.mat,2,train_pool
WIN-c6091c5f9ebb00bcb9ad,source_domain/cwru_12khz_fe/IR014_1.mat,IR,source_domain/cwru_12khz_fe/IR014_1.mat,2,train_pool
WIN-230fdb831982ad274196,source_domain/cwru_12khz_fe/IR014_1.mat,IR,source_domain/cwru_12khz_fe/IR014_1.mat,2,train_pool
WIN-8dd5a29353542d2461f5,source_domain/cwru_12khz_fe/IR014_2.mat,IR,source_domain/cwru_12khz_fe/IR014_2.mat,2,test
WIN-1ac7616db8fc9d99f80d,source_domain/cwru_12khz_fe/IR014_2.mat,IR,source_domain/cwru_12khz_fe/IR014_2.mat,2,test
WIN-86e44c67fde4f980e3f0,source_domain/cwru_12khz_fe/IR014_2.mat,IR,source_domain/cwru_12khz_fe/IR014_2.mat,2,test
WIN-0ea1ca1043aa44936435,source_domain/cwru_12khz_fe/IR014_2.mat,IR,source_domain/cwru_12khz_fe/IR014_2.mat,2,test
WIN-d184189702c1c23867ae,source_domain/cwru_12khz_fe/IR014_2.mat,IR,source_domain/cwru_12khz_fe/IR014_2.mat,2,test
WIN-5b1a9fb52dcc810feee9,source_domain/cwru_12khz_fe/IR014_2.mat,IR,source_domain/cwru_12khz_fe/IR014_2.mat,2,test
WIN-be0f658db58ac0f0ff8a,source_domain/cwru_12khz_fe/IR014_2.mat,IR,source_domain/cwru_12khz_fe/IR014_2.mat,2,test
WIN-c8ed48b34da272d4bdf6,source_domain/cwru_12khz_fe/IR014_2.mat,IR,source_domain/cwru_12khz_fe/IR014_2.mat,2,test
WIN-cfd83e247fe639de1309,source_domain/cwru_12khz_fe/IR014_2.mat,IR,source_domain/cwru_12khz_fe/IR014_2.mat,2,test
WIN-92efb6dd469ce2ac10d0,source_domain/cwru_12khz_fe/IR014_2.mat,IR,source_domain/cwru_12khz_fe/IR014_2.mat,2,test
WIN-b0ec0d90db45a81fe520,source_domain/cwru_12khz_fe/IR014_2.mat,IR,source_domain/cwru_12khz_fe/IR014_2.mat,2,test
WIN-bab8f26b2be44958d70f,source_domain/cwru_12khz_fe/IR014_2.mat,IR,source_domain/cwru_12khz_fe/IR014_2.mat,2,test
WIN-307631e7cb0fb39c919d,source_domain/cwru_12khz_fe/IR014_2.mat,IR,source_domain/cwru_12khz_fe/IR014_2.mat,2,test
WIN-580e7f428d853bf89e27,source_domain/cwru_12khz_fe/IR014_2.mat,IR,source_domain/cwru_12khz_fe/IR014_2.mat,2,test
WIN-683537dfcd7db82db89e,source_domain/cwru_12khz_fe/IR014_2.mat,IR,source_domain/cwru_12khz_fe/IR014_2.mat,2,test
WIN-6bcc910060e6a2783f7c,source_domain/cwru_12khz_fe/IR014_3.mat,IR,source_domain/cwru_12khz_fe/IR014_3.mat,2,train_pool
WIN-9db033efbdf410ea51c3,source_domain/cwru_12khz_fe/IR014_3.mat,IR,source_domain/cwru_12khz_fe/IR014_3.mat,2,train_pool
WIN-5067f4851d1df38bb8ea,source_domain/cwru_12khz_fe/IR014_3.mat,IR,source_domain/cwru_12khz_fe/IR014_3.mat,2,train_pool
WIN-57cbd4a80d5d75533139,source_domain/cwru_12khz_fe/IR014_3.mat,IR,source_domain/cwru_12khz_fe/IR014_3.mat,2,train_pool
WIN-c7f02031e7dae0fdecb6,source_domain/cwru_12khz_fe/IR014_3.mat,IR,source_domain/cwru_12khz_fe/IR014_3.mat,2,train_pool
WIN-b3641b72e6f4775ec2bb,source_domain/cwru_12khz_fe/IR014_3.mat,IR,source_domain/cwru_12khz_fe/IR014_3.mat,2,train_pool
WIN-dffb160c65b929775fa1,source_domain/cwru_12khz_fe/IR014_3.mat,IR,source_domain/cwru_12khz_fe/IR014_3.mat,2,train_pool
WIN-1b34a7d35b846363d699,source_domain/cwru_12khz_fe/IR014_3.mat,IR,source_domain/cwru_12khz_fe/IR014_3.mat,2,train_pool
WIN-08914e4d1f36f7fd0623,source_domain/cwru_12khz_fe/IR014_3.mat,IR,source_domain/cwru_12khz_fe/IR014_3.mat,2,train_pool
WIN-c9757224d240ac23ec8b,source_domain/cwru_12khz_fe/IR014_3.mat,IR,source_domain/cwru_12khz_fe/IR014_3.mat,2,train_pool
WIN-9cbbfa0c8ae645300c76,source_domain/cwru_12khz_fe/IR014_3.mat,IR,source_domain/cwru_12khz_fe/IR014_3.mat,2,train_pool
WIN-a8a5f313c519707a0e89,source_domain/cwru_12khz_fe/IR014_3.mat,IR,source_domain/cwru_12khz_fe/IR014_3.mat,2,train_pool
WIN-d8c2edb9471f1ca481a2,source_domain/cwru_12khz_fe/IR014_3.mat,IR,source_domain/cwru_12khz_fe/IR014_3.mat,2,train_pool
WIN-6ac8f82e3370980eb1d2,source_domain/cwru_12khz_fe/IR014_3.mat,IR,source_domain/cwru_12khz_fe/IR014_3.mat,2,train_pool
WIN-1e336694d1ddc07bc2bd,source_domain/cwru_12khz_fe/IR014_3.mat,IR,source_domain/cwru_12khz_fe/IR014_3.mat,2,train_pool
WIN-f1a58f4f3ed23b97e2f0,source_domain/cwru_12khz_fe/IR021_0.mat,IR,source_domain/cwru_12khz_fe/IR021_0.mat,2,train_pool
WIN-cb72ed354d09b4f3ecad,source_domain/cwru_12khz_fe/IR021_0.mat,IR,source_domain/cwru_12khz_fe/IR021_0.mat,2,train_pool
WIN-a2da8eec5688b9029b80,source_domain/cwru_12khz_fe/IR021_0.mat,IR,source_domain/cwru_12khz_fe/IR021_0.mat,2,train_pool
WIN-766984dc5ab18ce09ac3,source_domain/cwru_12khz_fe/IR021_0.mat,IR,source_domain/cwru_12khz_fe/IR021_0.mat,2,train_pool
WIN-df5af39b8a314ea3f8fc,source_domain/cwru_12khz_fe/IR021_0.mat,IR,source_domain/cwru_12khz_fe/IR021_0.mat,2,train_pool
WIN-8cb9e165024733262024,source_domain/cwru_12khz_fe/IR021_0.mat,IR,source_domain/cwru_12khz_fe/IR021_0.mat,2,train_pool
WIN-ea8ee01bb7d4b7a3cf25,source_domain/cwru_12khz_fe/IR021_0.mat,IR,source_domain/cwru_12khz_fe/IR021_0.mat,2,train_pool
WIN-fe7d6dfecf911e3ccf77,source_domain/cwru_12khz_fe/IR021_0.mat,IR,source_domain/cwru_12khz_fe/IR021_0.mat,2,train_pool
WIN-ebb0533d30429f8136a6,source_domain/cwru_12khz_fe/IR021_0.mat,IR,source_domain/cwru_12khz_fe/IR021_0.mat,2,train_pool
WIN-e937ef2c89b66e754692,source_domain/cwru_12khz_fe/IR021_0.mat,IR,source_domain/cwru_12khz_fe/IR021_0.mat,2,train_pool
WIN-b2dfa1f429227c4b8d2f,source_domain/cwru_12khz_fe/IR021_0.mat,IR,source_domain/cwru_12khz_fe/IR021_0.mat,2,train_pool
WIN-49dbfe60afc8e26b16f0,source_domain/cwru_12khz_fe/IR021_0.mat,IR,source_domain/cwru_12khz_fe/IR021_0.mat,2,train_pool
WIN-7bb0c885759045a6654a,source_domain/cwru_12khz_fe/IR021_0.mat,IR,source_domain/cwru_12khz_fe/IR021_0.mat,2,train_pool
WIN-cce1986cc6e147facd2e,source_domain/cwru_12khz_fe/IR021_0.mat,IR,source_domain/cwru_12khz_fe/IR021_0.mat,2,train_pool
WIN-956cec6db54c9f576589,source_domain/cwru_12khz_fe/IR021_0.mat,IR,source_domain/cwru_12khz_fe/IR021_0.mat,2,train_pool
WIN-af90dedd3ab6bb4603ce,source_domain/cwru_12khz_fe/IR021_1.mat,IR,source_domain/cwru_12khz_fe/IR021_1.mat,2,train_pool
WIN-ae5f60f8b954a932da59,source_domain/cwru_12khz_fe/IR021_1.mat,IR,source_domain/cwru_12khz_fe/IR021_1.mat,2,train_pool
WIN-541679f2292056c93c74,source_domain/cwru_12khz_fe/IR021_1.mat,IR,source_domain/cwru_12khz_fe/IR021_1.mat,2,train_pool
WIN-2815b3949c9296691723,source_domain/cwru_12khz_fe/IR021_1.mat,IR,source_domain/cwru_12khz_fe/IR021_1.mat,2,train_pool
WIN-12b47fd529ff613b50db,source_domain/cwru_12khz_fe/IR021_1.mat,IR,source_domain/cwru_12khz_fe/IR021_1.mat,2,train_pool
WIN-92a05a596e09faf0469e,source_domain/cwru_12khz_fe/IR021_1.mat,IR,source_domain/cwru_12khz_fe/IR021_1.mat,2,train_pool
WIN-ac28aca983a363ed75a1,source_domain/cwru_12khz_fe/IR021_1.mat,IR,source_domain/cwru_12khz_fe/IR021_1.mat,2,train_pool
WIN-b22099acebbf932611c6,source_domain/cwru_12khz_fe/IR021_1.mat,IR,source_domain/cwru_12khz_fe/IR021_1.mat,2,train_pool
WIN-1edb17d9e2db8860f262,source_domain/cwru_12khz_fe/IR021_1.mat,IR,source_domain/cwru_12khz_fe/IR021_1.mat,2,train_pool
WIN-ad0526632af328ea078a,source_domain/cwru_12khz_fe/IR021_1.mat,IR,source_domain/cwru_12khz_fe/IR021_1.mat,2,train_pool
WIN-a12e8064cf48351cf1c4,source_domain/cwru_12khz_fe/IR021_1.mat,IR,source_domain/cwru_12khz_fe/IR021_1.mat,2,train_pool
WIN-645dcea1edad34cd7ebc,source_domain/cwru_12khz_fe/IR021_1.mat,IR,source_domain/cwru_12khz_fe/IR021_1.mat,2,train_pool
WIN-93a655c71ace7cf36461,source_domain/cwru_12khz_fe/IR021_1.mat,IR,source_domain/cwru_12khz_fe/IR021_1.mat,2,train_pool
WIN-ea175eb069f7f0e8a1dc,source_domain/cwru_12khz_fe/IR021_1.mat,IR,source_domain/cwru_12khz_fe/IR021_1.mat,2,train_pool
WIN-02e858828f8d6253d825,source_domain/cwru_12khz_fe/IR021_1.mat,IR,source_domain/cwru_12khz_fe/IR021_1.mat,2,train_pool
WIN-ade818bd37afd0fa0740,source_domain/cwru_12khz_fe/IR021_2.mat,IR,source_domain/cwru_12khz_fe/IR021_2.mat,2,test
WIN-067e8414e36b441ec9ad,source_domain/cwru_12khz_fe/IR021_2.mat,IR,source_domain/cwru_12khz_fe/IR021_2.mat,2,test
WIN-82fc40b80dc0401d1d59,source_domain/cwru_12khz_fe/IR021_2.mat,IR,source_domain/cwru_12khz_fe/IR021_2.mat,2,test
WIN-257b647f86237e701c07,source_domain/cwru_12khz_fe/IR021_2.mat,IR,source_domain/cwru_12khz_fe/IR021_2.mat,2,test
WIN-681f97c80b2d7a4390c4,source_domain/cwru_12khz_fe/IR021_2.mat,IR,source_domain/cwru_12khz_fe/IR021_2.mat,2,test
WIN-ffd41a97997930c06560,source_domain/cwru_12khz_fe/IR021_2.mat,IR,source_domain/cwru_12khz_fe/IR021_2.mat,2,test
WIN-01ddea71fe80693dcd0c,source_domain/cwru_12khz_fe/IR021_2.mat,IR,source_domain/cwru_12khz_fe/IR021_2.mat,2,test
WIN-f7c97c65fdb4734fcde1,source_domain/cwru_12khz_fe/IR021_2.mat,IR,source_domain/cwru_12khz_fe/IR021_2.mat,2,test
WIN-a08c9311a67a450e72fc,source_domain/cwru_12khz_fe/IR021_2.mat,IR,source_domain/cwru_12khz_fe/IR021_2.mat,2,test
WIN-ba515142a0007c4b2629,source_domain/cwru_12khz_fe/IR021_2.mat,IR,source_domain/cwru_12khz_fe/IR021_2.mat,2,test
WIN-3162e5c6e8dc56508eb5,source_domain/cwru_12khz_fe/IR021_2.mat,IR,source_domain/cwru_12khz_fe/IR021_2.mat,2,test
WIN-4efa088d6b62e83b982a,source_domain/cwru_12khz_fe/IR021_2.mat,IR,source_domain/cwru_12khz_fe/IR021_2.mat,2,test
WIN-ac9006c3212e10886f49,source_domain/cwru_12khz_fe/IR021_2.mat,IR,source_domain/cwru_12khz_fe/IR021_2.mat,2,test
WIN-4ea6f053c047ef8704fa,source_domain/cwru_12khz_fe/IR021_2.mat,IR,source_domain/cwru_12khz_fe/IR021_2.mat,2,test
WIN-3f93669f64da8cfeb4f1,source_domain/cwru_12khz_fe/IR021_2.mat,IR,source_domain/cwru_12khz_fe/IR021_2.mat,2,test
WIN-7cfe75c680335acb71fc,source_domain/cwru_12khz_fe/IR021_3.mat,IR,source_domain/cwru_12khz_fe/IR021_3.mat,2,train_pool
WIN-da1b2290cde4e3240e8d,source_domain/cwru_12khz_fe/IR021_3.mat,IR,source_domain/cwru_12khz_fe/IR021_3.mat,2,train_pool
WIN-bf01017e9d620164e839,source_domain/cwru_12khz_fe/IR021_3.mat,IR,source_domain/cwru_12khz_fe/IR021_3.mat,2,train_pool
WIN-648a6afb261a5ec06b8d,source_domain/cwru_12khz_fe/IR021_3.mat,IR,source_domain/cwru_12khz_fe/IR021_3.mat,2,train_pool
WIN-8eb23f44087b49271219,source_domain/cwru_12khz_fe/IR021_3.mat,IR,source_domain/cwru_12khz_fe/IR021_3.mat,2,train_pool
WIN-576502aab2e9e4c4775a,source_domain/cwru_12khz_fe/IR021_3.mat,IR,source_domain/cwru_12khz_fe/IR021_3.mat,2,train_pool
WIN-ff4ea363627c75a13ff7,source_domain/cwru_12khz_fe/IR021_3.mat,IR,source_domain/cwru_12khz_fe/IR021_3.mat,2,train_pool
WIN-fe77534eb996ee41b69b,source_domain/cwru_12khz_fe/IR021_3.mat,IR,source_domain/cwru_12khz_fe/IR021_3.mat,2,train_pool
WIN-a1f094216dd6a49cd973,source_domain/cwru_12khz_fe/IR021_3.mat,IR,source_domain/cwru_12khz_fe/IR021_3.mat,2,train_pool
WIN-bd4fdc3c59effa9f13f6,source_domain/cwru_12khz_fe/IR021_3.mat,IR,source_domain/cwru_12khz_fe/IR021_3.mat,2,train_pool
WIN-00154dd47f4b27756990,source_domain/cwru_12khz_fe/IR021_3.mat,IR,source_domain/cwru_12khz_fe/IR021_3.mat,2,train_pool
WIN-9805925649c8dcb8c2ca,source_domain/cwru_12khz_fe/IR021_3.mat,IR,source_domain/cwru_12khz_fe/IR021_3.mat,2,train_pool
WIN-9439f1aa6712cf6d7c0e,source_domain/cwru_12khz_fe/IR021_3.mat,IR,source_domain/cwru_12khz_fe/IR021_3.mat,2,train_pool
WIN-b98a836d1a68b385c13b,source_domain/cwru_12khz_fe/IR021_3.mat,IR,source_domain/cwru_12khz_fe/IR021_3.mat,2,train_pool
WIN-46747e8a8dc1c5a79865,source_domain/cwru_12khz_fe/IR021_3.mat,IR,source_domain/cwru_12khz_fe/IR021_3.mat,2,train_pool
WIN-fa6c8cafed1699d7517f,source_domain/cwru_12khz_fe/OR007@12_0.mat,OR,source_domain/cwru_12khz_fe/OR007@12_0.mat,2,train_pool
WIN-748be3b276d7164e9abc,source_domain/cwru_12khz_fe/OR007@12_0.mat,OR,source_domain/cwru_12khz_fe/OR007@12_0.mat,2,train_pool
WIN-8bc0f9ecea59ddc8639a,source_domain/cwru_12khz_fe/OR007@12_0.mat,OR,source_domain/cwru_12khz_fe/OR007@12_0.mat,2,train_pool
WIN-5fd668811bc1cd1d4aa5,source_domain/cwru_12khz_fe/OR007@12_0.mat,OR,source_domain/cwru_12khz_fe/OR007@12_0.mat,2,train_pool
WIN-d946fc2423b4c37de0ba,source_domain/cwru_12khz_fe/OR007@12_0.mat,OR,source_domain/cwru_12khz_fe/OR007@12_0.mat,2,train_pool
WIN-c40afc9071dd90c1dd08,source_domain/cwru_12khz_fe/OR007@12_0.mat,OR,source_domain/cwru_12khz_fe/OR007@12_0.mat,2,train_pool
WIN-99e8592999abd62a92ed,source_domain/cwru_12khz_fe/OR007@12_0.mat,OR,source_domain/cwru_12khz_fe/OR007@12_0.mat,2,train_pool
WIN-74dc12ae699664545810,source_domain/cwru_12khz_fe/OR007@12_0.mat,OR,source_domain/cwru_12khz_fe/OR007@12_0.mat,2,train_pool
WIN-9a56271c78fb4a9291b4,source_domain/cwru_12khz_fe/OR007@12_0.mat,OR,source_domain/cwru_12khz_fe/OR007@12_0.mat,2,train_pool
WIN-a08c283a0089fd3a3c77,source_domain/cwru_12khz_fe/OR007@12_0.mat,OR,source_domain/cwru_12khz_fe/OR007@12_0.mat,2,train_pool
WIN-ebe16bfdb825565c17b5,source_domain/cwru_12khz_fe/OR007@12_0.mat,OR,source_domain/cwru_12khz_fe/OR007@12_0.mat,2,train_pool
WIN-85ab41149290cae6fc68,source_domain/cwru_12khz_fe/OR007@12_0.mat,OR,source_domain/cwru_12khz_fe/OR007@12_0.mat,2,train_pool
WIN-fcc50a408ff847057e1f,source_domain/cwru_12khz_fe/OR007@12_0.mat,OR,source_domain/cwru_12khz_fe/OR007@12_0.mat,2,train_pool
WIN-eb08ea4539f25f0f13aa,source_domain/cwru_12khz_fe/OR007@12_0.mat,OR,source_domain/cwru_12khz_fe/OR007@12_0.mat,2,train_pool
WIN-d3143590034485211717,source_domain/cwru_12khz_fe/OR007@12_0.mat,OR,source_domain/cwru_12khz_fe/OR007@12_0.mat,2,train_pool
WIN-7718500823160a4ed834,source_domain/cwru_12khz_fe/OR007@12_1.mat,OR,source_domain/cwru_12khz_fe/OR007@12_1.mat,2,train_pool
WIN-b8cdede8b847e897b910,source_domain/cwru_12khz_fe/OR007@12_1.mat,OR,source_domain/cwru_12khz_fe/OR007@12_1.mat,2,train_pool
WIN-ca8f05b4736b05a7abca,source_domain/cwru_12khz_fe/OR007@12_1.mat,OR,source_domain/cwru_12khz_fe/OR007@12_1.mat,2,train_pool
WIN-1c99fd92750e4cd5b69c,source_domain/cwru_12khz_fe/OR007@12_1.mat,OR,source_domain/cwru_12khz_fe/OR007@12_1.mat,2,train_pool
WIN-cd5cee30908fa9dd322b,source_domain/cwru_12khz_fe/OR007@12_1.mat,OR,source_domain/cwru_12khz_fe/OR007@12_1.mat,2,train_pool
WIN-afc638373581bdc53f82,source_domain/cwru_12khz_fe/OR007@12_1.mat,OR,source_domain/cwru_12khz_fe/OR007@12_1.mat,2,train_pool
WIN-8cabc3cb4a6808623153,source_domain/cwru_12khz_fe/OR007@12_1.mat,OR,source_domain/cwru_12khz_fe/OR007@12_1.mat,2,train_pool
WIN-417a6c5dddcd5efa5b3b,source_domain/cwru_12khz_fe/OR007@12_1.mat,OR,source_domain/cwru_12khz_fe/OR007@12_1.mat,2,train_pool
WIN-62e1ec01435b9a7e2987,source_domain/cwru_12khz_fe/OR007@12_1.mat,OR,source_domain/cwru_12khz_fe/OR007@12_1.mat,2,train_pool
WIN-b0be68aa03be9e5b88f7,source_domain/cwru_12khz_fe/OR007@12_1.mat,OR,source_domain/cwru_12khz_fe/OR007@12_1.mat,2,train_pool
WIN-97a36bbaed1c66c89785,source_domain/cwru_12khz_fe/OR007@12_1.mat,OR,source_domain/cwru_12khz_fe/OR007@12_1.mat,2,train_pool
WIN-85d57386065519c18595,source_domain/cwru_12khz_fe/OR007@12_1.mat,OR,source_domain/cwru_12khz_fe/OR007@12_1.mat,2,train_pool
WIN-5c60b10030023ecb1fa2,source_domain/cwru_12khz_fe/OR007@12_1.mat,OR,source_domain/cwru_12khz_fe/OR007@12_1.mat,2,train_pool
WIN-093bb1843cb54e36e1aa,source_domain/cwru_12khz_fe/OR007@12_1.mat,OR,source_domain/cwru_12khz_fe/OR007@12_1.mat,2,train_pool
WIN-197100a504dd69920efc,source_domain/cwru_12khz_fe/OR007@12_1.mat,OR,source_domain/cwru_12khz_fe/OR007@12_1.mat,2,train_pool
WIN-063ab624c8752b408780,source_domain/cwru_12khz_fe/OR007@12_2.mat,OR,source_domain/cwru_12khz_fe/OR007@12_2.mat,2,train_pool
WIN-f1107cc11bdac17af08c,source_domain/cwru_12khz_fe/OR007@12_2.mat,OR,source_domain/cwru_12khz_fe/OR007@12_2.mat,2,train_pool
WIN-3014bdc518adf9950ef6,source_domain/cwru_12khz_fe/OR007@12_2.mat,OR,source_domain/cwru_12khz_fe/OR007@12_2.mat,2,train_pool
WIN-77a4bd2a6e9de53d89ca,source_domain/cwru_12khz_fe/OR007@12_2.mat,OR,source_domain/cwru_12khz_fe/OR007@12_2.mat,2,train_pool
WIN-5067f5afa2eabe744cf8,source_domain/cwru_12khz_fe/OR007@12_2.mat,OR,source_domain/cwru_12khz_fe/OR007@12_2.mat,2,train_pool
WIN-58be6c5e49ca140386a7,source_domain/cwru_12khz_fe/OR007@12_2.mat,OR,source_domain/cwru_12khz_fe/OR007@12_2.mat,2,train_pool
WIN-19c4a444de9952f7f4cb,source_domain/cwru_12khz_fe/OR007@12_2.mat,OR,source_domain/cwru_12khz_fe/OR007@12_2.mat,2,train_pool
WIN-14fc350ca3de6b08c1fe,source_domain/cwru_12khz_fe/OR007@12_2.mat,OR,source_domain/cwru_12khz_fe/OR007@12_2.mat,2,train_pool
WIN-2300f48ede3c1dfa5ddc,source_domain/cwru_12khz_fe/OR007@12_2.mat,OR,source_domain/cwru_12khz_fe/OR007@12_2.mat,2,train_pool
WIN-993dae3161d23c470ed8,source_domain/cwru_12khz_fe/OR007@12_2.mat,OR,source_domain/cwru_12khz_fe/OR007@12_2.mat,2,train_pool
WIN-75ec544d8283c18f4ce5,source_domain/cwru_12khz_fe/OR007@12_2.mat,OR,source_domain/cwru_12khz_fe/OR007@12_2.mat,2,train_pool
WIN-11a0bf973c6f23ed135a,source_domain/cwru_12khz_fe/OR007@12_2.mat,OR,source_domain/cwru_12khz_fe/OR007@12_2.mat,2,train_pool
WIN-17d812e2b50736529c3d,source_domain/cwru_12khz_fe/OR007@12_2.mat,OR,source_domain/cwru_12khz_fe/OR007@12_2.mat,2,train_pool
WIN-865046b21f0a63655703,source_domain/cwru_12khz_fe/OR007@12_2.mat,OR,source_domain/cwru_12khz_fe/OR007@12_2.mat,2,train_pool
WIN-a7c54d1d3c47c7e8c1ea,source_domain/cwru_12khz_fe/OR007@12_2.mat,OR,source_domain/cwru_12khz_fe/OR007@12_2.mat,2,train_pool
WIN-46706137a5972d3a1ecc,source_domain/cwru_12khz_fe/OR007@12_3.mat,OR,source_domain/cwru_12khz_fe/OR007@12_3.mat,2,train_pool
WIN-2c7eb1f0c7ce0c05eb21,source_domain/cwru_12khz_fe/OR007@12_3.mat,OR,source_domain/cwru_12khz_fe/OR007@12_3.mat,2,train_pool
WIN-7d3864499d7d58bc6502,source_domain/cwru_12khz_fe/OR007@12_3.mat,OR,source_domain/cwru_12khz_fe/OR007@12_3.mat,2,train_pool
WIN-f84ed1c02fdc2dd93018,source_domain/cwru_12khz_fe/OR007@12_3.mat,OR,source_domain/cwru_12khz_fe/OR007@12_3.mat,2,train_pool
WIN-10bf77aae85d6fea8141,source_domain/cwru_12khz_fe/OR007@12_3.mat,OR,source_domain/cwru_12khz_fe/OR007@12_3.mat,2,train_pool
WIN-df325a4f39970a7614b7,source_domain/cwru_12khz_fe/OR007@12_3.mat,OR,source_domain/cwru_12khz_fe/OR007@12_3.mat,2,train_pool
WIN-2ebb9e36f146e958cd29,source_domain/cwru_12khz_fe/OR007@12_3.mat,OR,source_domain/cwru_12khz_fe/OR007@12_3.mat,2,train_pool
WIN-9dc3fc35b87ff32438f9,source_domain/cwru_12khz_fe/OR007@12_3.mat,OR,source_domain/cwru_12khz_fe/OR007@12_3.mat,2,train_pool
WIN-ba912dc1cc30dd45177a,source_domain/cwru_12khz_fe/OR007@12_3.mat,OR,source_domain/cwru_12khz_fe/OR007@12_3.mat,2,train_pool
WIN-cee281a823fc518d678a,source_domain/cwru_12khz_fe/OR007@12_3.mat,OR,source_domain/cwru_12khz_fe/OR007@12_3.mat,2,train_pool
WIN-3ca6b628cde95b69795b,source_domain/cwru_12khz_fe/OR007@12_3.mat,OR,source_domain/cwru_12khz_fe/OR007@12_3.mat,2,train_pool
WIN-d4fe139a2b4ff815788c,source_domain/cwru_12khz_fe/OR007@12_3.mat,OR,source_domain/cwru_12khz_fe/OR007@12_3.mat,2,train_pool
WIN-3129d49023847241fc96,source_domain/cwru_12khz_fe/OR007@12_3.mat,OR,source_domain/cwru_12khz_fe/OR007@12_3.mat,2,train_pool
WIN-b74d8c4470bfeba49f02,source_domain/cwru_12khz_fe/OR007@12_3.mat,OR,source_domain/cwru_12khz_fe/OR007@12_3.mat,2,train_pool
WIN-2aed894203967d14a01b,source_domain/cwru_12khz_fe/OR007@12_3.mat,OR,source_domain/cwru_12khz_fe/OR007@12_3.mat,2,train_pool
WIN-09a41abe2fd00223a4e1,source_domain/cwru_12khz_fe/OR007@3_0.mat,OR,source_domain/cwru_12khz_fe/OR007@3_0.mat,2,train_pool
WIN-2b526834e035ce798e75,source_domain/cwru_12khz_fe/OR007@3_0.mat,OR,source_domain/cwru_12khz_fe/OR007@3_0.mat,2,train_pool
WIN-1715a2eca1dac78ae4a6,source_domain/cwru_12khz_fe/OR007@3_0.mat,OR,source_domain/cwru_12khz_fe/OR007@3_0.mat,2,train_pool
WIN-16cdcd37780c38f5f551,source_domain/cwru_12khz_fe/OR007@3_0.mat,OR,source_domain/cwru_12khz_fe/OR007@3_0.mat,2,train_pool
WIN-24abd296e76c9603c4a2,source_domain/cwru_12khz_fe/OR007@3_0.mat,OR,source_domain/cwru_12khz_fe/OR007@3_0.mat,2,train_pool
WIN-986d4511d7ecbac5c050,source_domain/cwru_12khz_fe/OR007@3_0.mat,OR,source_domain/cwru_12khz_fe/OR007@3_0.mat,2,train_pool
WIN-28369640a77cf3915447,source_domain/cwru_12khz_fe/OR007@3_0.mat,OR,source_domain/cwru_12khz_fe/OR007@3_0.mat,2,train_pool
WIN-43ed1c32539cf447d554,source_domain/cwru_12khz_fe/OR007@3_0.mat,OR,source_domain/cwru_12khz_fe/OR007@3_0.mat,2,train_pool
WIN-9083020b3cc706d9b1b0,source_domain/cwru_12khz_fe/OR007@3_0.mat,OR,source_domain/cwru_12khz_fe/OR007@3_0.mat,2,train_pool
WIN-4cb649991a80a87dfb5f,source_domain/cwru_12khz_fe/OR007@3_0.mat,OR,source_domain/cwru_12khz_fe/OR007@3_0.mat,2,train_pool
WIN-1d9c9219d661f58c147a,source_domain/cwru_12khz_fe/OR007@3_0.mat,OR,source_domain/cwru_12khz_fe/OR007@3_0.mat,2,train_pool
WIN-4f48576279475268a3fb,source_domain/cwru_12khz_fe/OR007@3_0.mat,OR,source_domain/cwru_12khz_fe/OR007@3_0.mat,2,train_pool
WIN-649eeac278ab6d04e72a,source_domain/cwru_12khz_fe/OR007@3_0.mat,OR,source_domain/cwru_12khz_fe/OR007@3_0.mat,2,train_pool
WIN-060be6536c9238296b2e,source_domain/cwru_12khz_fe/OR007@3_0.mat,OR,source_domain/cwru_12khz_fe/OR007@3_0.mat,2,train_pool
WIN-45ac628e7c5ffb741ed6,source_domain/cwru_12khz_fe/OR007@3_0.mat,OR,source_domain/cwru_12khz_fe/OR007@3_0.mat,2,train_pool
WIN-c91ca1e4f1129795cf85,source_domain/cwru_12khz_fe/OR007@3_1.mat,OR,source_domain/cwru_12khz_fe/OR007@3_1.mat,2,train_pool
WIN-8730cf62220464d5f536,source_domain/cwru_12khz_fe/OR007@3_1.mat,OR,source_domain/cwru_12khz_fe/OR007@3_1.mat,2,train_pool
WIN-5371b27d3f4fd2278a77,source_domain/cwru_12khz_fe/OR007@3_1.mat,OR,source_domain/cwru_12khz_fe/OR007@3_1.mat,2,train_pool
WIN-61d9ea2bd10f852051a8,source_domain/cwru_12khz_fe/OR007@3_1.mat,OR,source_domain/cwru_12khz_fe/OR007@3_1.mat,2,train_pool
WIN-ce27f35f0030fee76148,source_domain/cwru_12khz_fe/OR007@3_1.mat,OR,source_domain/cwru_12khz_fe/OR007@3_1.mat,2,train_pool
WIN-6ae733112d12a69e7ae7,source_domain/cwru_12khz_fe/OR007@3_1.mat,OR,source_domain/cwru_12khz_fe/OR007@3_1.mat,2,train_pool
WIN-4aff6e3cec25f00228d7,source_domain/cwru_12khz_fe/OR007@3_1.mat,OR,source_domain/cwru_12khz_fe/OR007@3_1.mat,2,train_pool
WIN-3f8a36c31277d6e80322,source_domain/cwru_12khz_fe/OR007@3_1.mat,OR,source_domain/cwru_12khz_fe/OR007@3_1.mat,2,train_pool
WIN-094267f798a58906c9ca,source_domain/cwru_12khz_fe/OR007@3_1.mat,OR,source_domain/cwru_12khz_fe/OR007@3_1.mat,2,train_pool
WIN-467fd7bf969ee55e40dd,source_domain/cwru_12khz_fe/OR007@3_1.mat,OR,source_domain/cwru_12khz_fe/OR007@3_1.mat,2,train_pool
WIN-f6cd5921401e6227410d,source_domain/cwru_12khz_fe/OR007@3_1.mat,OR,source_domain/cwru_12khz_fe/OR007@3_1.mat,2,train_pool
WIN-4163ae8119f72a0c5051,source_domain/cwru_12khz_fe/OR007@3_1.mat,OR,source_domain/cwru_12khz_fe/OR007@3_1.mat,2,train_pool
WIN-fa79573f80bdc7fd9a4c,source_domain/cwru_12khz_fe/OR007@3_1.mat,OR,source_domain/cwru_12khz_fe/OR007@3_1.mat,2,train_pool
WIN-8a3a29c52b32413e9cea,source_domain/cwru_12khz_fe/OR007@3_1.mat,OR,source_domain/cwru_12khz_fe/OR007@3_1.mat,2,train_pool
WIN-2bb1a868957df2438caa,source_domain/cwru_12khz_fe/OR007@3_1.mat,OR,source_domain/cwru_12khz_fe/OR007@3_1.mat,2,train_pool
WIN-e78714f90f3cdf5a705f,source_domain/cwru_12khz_fe/OR007@3_2.mat,OR,source_domain/cwru_12khz_fe/OR007@3_2.mat,2,train_pool
WIN-25ae8a4c998efccb9a95,source_domain/cwru_12khz_fe/OR007@3_2.mat,OR,source_domain/cwru_12khz_fe/OR007@3_2.mat,2,train_pool
WIN-6f14fa52842f76b09c00,source_domain/cwru_12khz_fe/OR007@3_2.mat,OR,source_domain/cwru_12khz_fe/OR007@3_2.mat,2,train_pool
WIN-911dc83c78639aeeb03e,source_domain/cwru_12khz_fe/OR007@3_2.mat,OR,source_domain/cwru_12khz_fe/OR007@3_2.mat,2,train_pool
WIN-f7d1779290dc740f9691,source_domain/cwru_12khz_fe/OR007@3_2.mat,OR,source_domain/cwru_12khz_fe/OR007@3_2.mat,2,train_pool
WIN-2226684687bb63a2bc84,source_domain/cwru_12khz_fe/OR007@3_2.mat,OR,source_domain/cwru_12khz_fe/OR007@3_2.mat,2,train_pool
WIN-04247458f0f89dc258af,source_domain/cwru_12khz_fe/OR007@3_2.mat,OR,source_domain/cwru_12khz_fe/OR007@3_2.mat,2,train_pool
WIN-f8ac89bd4c4a37b1f9fb,source_domain/cwru_12khz_fe/OR007@3_2.mat,OR,source_domain/cwru_12khz_fe/OR007@3_2.mat,2,train_pool
WIN-dd83643ea7dfa10be4a7,source_domain/cwru_12khz_fe/OR007@3_2.mat,OR,source_domain/cwru_12khz_fe/OR007@3_2.mat,2,train_pool
WIN-229cab111ea86e18fc74,source_domain/cwru_12khz_fe/OR007@3_2.mat,OR,source_domain/cwru_12khz_fe/OR007@3_2.mat,2,train_pool
WIN-fcce1e7f4b60dd6bf5a8,source_domain/cwru_12khz_fe/OR007@3_2.mat,OR,source_domain/cwru_12khz_fe/OR007@3_2.mat,2,train_pool
WIN-dbd53d16f64ce87a7afa,source_domain/cwru_12khz_fe/OR007@3_2.mat,OR,source_domain/cwru_12khz_fe/OR007@3_2.mat,2,train_pool
WIN-2326aed37fcd1746ca1f,source_domain/cwru_12khz_fe/OR007@3_2.mat,OR,source_domain/cwru_12khz_fe/OR007@3_2.mat,2,train_pool
WIN-94d57054d0ad044a8469,source_domain/cwru_12khz_fe/OR007@3_2.mat,OR,source_domain/cwru_12khz_fe/OR007@3_2.mat,2,train_pool
WIN-09c6ee0513abe2933b90,source_domain/cwru_12khz_fe/OR007@3_2.mat,OR,source_domain/cwru_12khz_fe/OR007@3_2.mat,2,train_pool
WIN-8cc9594a7ec26fde7b31,source_domain/cwru_12khz_fe/OR007@3_3.mat,OR,source_domain/cwru_12khz_fe/OR007@3_3.mat,2,test
WIN-c44d77f2cabc193355f0,source_domain/cwru_12khz_fe/OR007@3_3.mat,OR,source_domain/cwru_12khz_fe/OR007@3_3.mat,2,test
WIN-9f6155dbab4dc05e09d2,source_domain/cwru_12khz_fe/OR007@3_3.mat,OR,source_domain/cwru_12khz_fe/OR007@3_3.mat,2,test
WIN-de96314178b62c79dfc4,source_domain/cwru_12khz_fe/OR007@3_3.mat,OR,source_domain/cwru_12khz_fe/OR007@3_3.mat,2,test
WIN-a6e936a49fefcb97c166,source_domain/cwru_12khz_fe/OR007@3_3.mat,OR,source_domain/cwru_12khz_fe/OR007@3_3.mat,2,test
WIN-b93c0389339b6d3c88c9,source_domain/cwru_12khz_fe/OR007@3_3.mat,OR,source_domain/cwru_12khz_fe/OR007@3_3.mat,2,test
WIN-a5adc5e31e6bfe750163,source_domain/cwru_12khz_fe/OR007@3_3.mat,OR,source_domain/cwru_12khz_fe/OR007@3_3.mat,2,test
WIN-256691369c87ea8861f1,source_domain/cwru_12khz_fe/OR007@3_3.mat,OR,source_domain/cwru_12khz_fe/OR007@3_3.mat,2,test
WIN-fdf7795e809a33a3f8c1,source_domain/cwru_12khz_fe/OR007@3_3.mat,OR,source_domain/cwru_12khz_fe/OR007@3_3.mat,2,test
WIN-1a0c31abcfb222be6099,source_domain/cwru_12khz_fe/OR007@3_3.mat,OR,source_domain/cwru_12khz_fe/OR007@3_3.mat,2,test
WIN-055647c4a511d2af9978,source_domain/cwru_12khz_fe/OR007@3_3.mat,OR,source_domain/cwru_12khz_fe/OR007@3_3.mat,2,test
WIN-357083e788948f4d4f13,source_domain/cwru_12khz_fe/OR007@3_3.mat,OR,source_domain/cwru_12khz_fe/OR007@3_3.mat,2,test
WIN-53f07e278771522f73ac,source_domain/cwru_12khz_fe/OR007@3_3.mat,OR,source_domain/cwru_12khz_fe/OR007@3_3.mat,2,test
WIN-b5128d095313b5382eb4,source_domain/cwru_12khz_fe/OR007@3_3.mat,OR,source_domain/cwru_12khz_fe/OR007@3_3.mat,2,test
WIN-8f22f88d4cd64cb7e6b3,source_domain/cwru_12khz_fe/OR007@3_3.mat,OR,source_domain/cwru_12khz_fe/OR007@3_3.mat,2,test
WIN-886c23dd6638591aaec0,source_domain/cwru_12khz_fe/OR007@6_0.mat,OR,source_domain/cwru_12khz_fe/OR007@6_0.mat,2,train_pool
WIN-af97d6a9e04417617add,source_domain/cwru_12khz_fe/OR007@6_0.mat,OR,source_domain/cwru_12khz_fe/OR007@6_0.mat,2,train_pool
WIN-efa30cc3a2ed92816aed,source_domain/cwru_12khz_fe/OR007@6_0.mat,OR,source_domain/cwru_12khz_fe/OR007@6_0.mat,2,train_pool
WIN-7089b82171d8c1f899d1,source_domain/cwru_12khz_fe/OR007@6_0.mat,OR,source_domain/cwru_12khz_fe/OR007@6_0.mat,2,train_pool
WIN-60d9b0ed579c572dcbd5,source_domain/cwru_12khz_fe/OR007@6_0.mat,OR,source_domain/cwru_12khz_fe/OR007@6_0.mat,2,train_pool
WIN-6757cecfcb93696b7e63,source_domain/cwru_12khz_fe/OR007@6_0.mat,OR,source_domain/cwru_12khz_fe/OR007@6_0.mat,2,train_pool
WIN-e9818dd29f3f6707b5d8,source_domain/cwru_12khz_fe/OR007@6_0.mat,OR,source_domain/cwru_12khz_fe/OR007@6_0.mat,2,train_pool
WIN-905dc95e598e76866a63,source_domain/cwru_12khz_fe/OR007@6_0.mat,OR,source_domain/cwru_12khz_fe/OR007@6_0.mat,2,train_pool
WIN-3cdb2e14c08a65d61871,source_domain/cwru_12khz_fe/OR007@6_0.mat,OR,source_domain/cwru_12khz_fe/OR007@6_0.mat,2,train_pool
WIN-bae34b43585f25e9574a,source_domain/cwru_12khz_fe/OR007@6_0.mat,OR,source_domain/cwru_12khz_fe/OR007@6_0.mat,2,train_pool
WIN-871dc132fdd23d7ed86b,source_domain/cwru_12khz_fe/OR007@6_0.mat,OR,source_domain/cwru_12khz_fe/OR007@6_0.mat,2,train_pool
WIN-e1cf6299c65e6f91c02e,source_domain/cwru_12khz_fe/OR007@6_0.mat,OR,source_domain/cwru_12khz_fe/OR007@6_0.mat,2,train_pool
WIN-7cc1389b1dfc1169beba,source_domain/cwru_12khz_fe/OR007@6_0.mat,OR,source_domain/cwru_12khz_fe/OR007@6_0.mat,2,train_pool
WIN-8a06df5c41432d906b4d,source_domain/cwru_12khz_fe/OR007@6_0.mat,OR,source_domain/cwru_12khz_fe/OR007@6_0.mat,2,train_pool
WIN-7ce2dc560e4e02eaaa93,source_domain/cwru_12khz_fe/OR007@6_0.mat,OR,source_domain/cwru_12khz_fe/OR007@6_0.mat,2,train_pool
WIN-b6b2759f8352f91385c6,source_domain/cwru_12khz_fe/OR007@6_1.mat,OR,source_domain/cwru_12khz_fe/OR007@6_1.mat,2,train_pool
WIN-9229e6a5f10d3103b3a0,source_domain/cwru_12khz_fe/OR007@6_1.mat,OR,source_domain/cwru_12khz_fe/OR007@6_1.mat,2,train_pool
WIN-ff675681894bc84fb826,source_domain/cwru_12khz_fe/OR007@6_1.mat,OR,source_domain/cwru_12khz_fe/OR007@6_1.mat,2,train_pool
WIN-aa46db7a66608312e249,source_domain/cwru_12khz_fe/OR007@6_1.mat,OR,source_domain/cwru_12khz_fe/OR007@6_1.mat,2,train_pool
WIN-379f90e88480a639fdbd,source_domain/cwru_12khz_fe/OR007@6_1.mat,OR,source_domain/cwru_12khz_fe/OR007@6_1.mat,2,train_pool
WIN-339a9add6d74c0b99029,source_domain/cwru_12khz_fe/OR007@6_1.mat,OR,source_domain/cwru_12khz_fe/OR007@6_1.mat,2,train_pool
WIN-b9eea8e72338bc41f2b0,source_domain/cwru_12khz_fe/OR007@6_1.mat,OR,source_domain/cwru_12khz_fe/OR007@6_1.mat,2,train_pool
WIN-dfcba3e61544b077929a,source_domain/cwru_12khz_fe/OR007@6_1.mat,OR,source_domain/cwru_12khz_fe/OR007@6_1.mat,2,train_pool
WIN-a8cfe540110d3943574d,source_domain/cwru_12khz_fe/OR007@6_1.mat,OR,source_domain/cwru_12khz_fe/OR007@6_1.mat,2,train_pool
WIN-c58af995928a333482a0,source_domain/cwru_12khz_fe/OR007@6_1.mat,OR,source_domain/cwru_12khz_fe/OR007@6_1.mat,2,train_pool
WIN-b1bba7d08a3993e6a2af,source_domain/cwru_12khz_fe/OR007@6_1.mat,OR,source_domain/cwru_12khz_fe/OR007@6_1.mat,2,train_pool
WIN-4241aeffaee17b9a0e3d,source_domain/cwru_12khz_fe/OR007@6_1.mat,OR,source_domain/cwru_12khz_fe/OR007@6_1.mat,2,train_pool
WIN-bd222c7f925c41456329,source_domain/cwru_12khz_fe/OR007@6_1.mat,OR,source_domain/cwru_12khz_fe/OR007@6_1.mat,2,train_pool
WIN-339607495d82db0420a3,source_domain/cwru_12khz_fe/OR007@6_1.mat,OR,source_domain/cwru_12khz_fe/OR007@6_1.mat,2,train_pool
WIN-73a0de716e379e199bf4,source_domain/cwru_12khz_fe/OR007@6_1.mat,OR,source_domain/cwru_12khz_fe/OR007@6_1.mat,2,train_pool
WIN-d3bec76b06a422742775,source_domain/cwru_12khz_fe/OR007@6_2.mat,OR,source_domain/cwru_12khz_fe/OR007@6_2.mat,2,train_pool
WIN-161295d87b1de77b2471,source_domain/cwru_12khz_fe/OR007@6_2.mat,OR,source_domain/cwru_12khz_fe/OR007@6_2.mat,2,train_pool
WIN-ef58e564314086daa891,source_domain/cwru_12khz_fe/OR007@6_2.mat,OR,source_domain/cwru_12khz_fe/OR007@6_2.mat,2,train_pool
WIN-2e51ffb83fef1ccb0ed4,source_domain/cwru_12khz_fe/OR007@6_2.mat,OR,source_domain/cwru_12khz_fe/OR007@6_2.mat,2,train_pool
WIN-64a5b204c39997d67504,source_domain/cwru_12khz_fe/OR007@6_2.mat,OR,source_domain/cwru_12khz_fe/OR007@6_2.mat,2,train_pool
WIN-77959e2d1634a114c33d,source_domain/cwru_12khz_fe/OR007@6_2.mat,OR,source_domain/cwru_12khz_fe/OR007@6_2.mat,2,train_pool
WIN-65dcd0bcaacab2264c51,source_domain/cwru_12khz_fe/OR007@6_2.mat,OR,source_domain/cwru_12khz_fe/OR007@6_2.mat,2,train_pool
WIN-79eae6840a69221bafd6,source_domain/cwru_12khz_fe/OR007@6_2.mat,OR,source_domain/cwru_12khz_fe/OR007@6_2.mat,2,train_pool
WIN-828e3bb5ef1dd0044a37,source_domain/cwru_12khz_fe/OR007@6_2.mat,OR,source_domain/cwru_12khz_fe/OR007@6_2.mat,2,train_pool
WIN-05233c14afc8918bcc0e,source_domain/cwru_12khz_fe/OR007@6_2.mat,OR,source_domain/cwru_12khz_fe/OR007@6_2.mat,2,train_pool
WIN-57cbcb05ebf0abffd980,source_domain/cwru_12khz_fe/OR007@6_2.mat,OR,source_domain/cwru_12khz_fe/OR007@6_2.mat,2,train_pool
WIN-203830bfa3caa65af3c9,source_domain/cwru_12khz_fe/OR007@6_2.mat,OR,source_domain/cwru_12khz_fe/OR007@6_2.mat,2,train_pool
WIN-a20eb768de36050f92f0,source_domain/cwru_12khz_fe/OR007@6_2.mat,OR,source_domain/cwru_12khz_fe/OR007@6_2.mat,2,train_pool
WIN-e63c6b66cd224b51e862,source_domain/cwru_12khz_fe/OR007@6_2.mat,OR,source_domain/cwru_12khz_fe/OR007@6_2.mat,2,train_pool
WIN-b331cad4b396b50ade9b,source_domain/cwru_12khz_fe/OR007@6_2.mat,OR,source_domain/cwru_12khz_fe/OR007@6_2.mat,2,train_pool
WIN-dc246e026a16a9308b7c,source_domain/cwru_12khz_fe/OR007@6_3.mat,OR,source_domain/cwru_12khz_fe/OR007@6_3.mat,2,train_pool
WIN-2e8b910ee86ff2f7ca91,source_domain/cwru_12khz_fe/OR007@6_3.mat,OR,source_domain/cwru_12khz_fe/OR007@6_3.mat,2,train_pool
WIN-4d214093c1bc71885e69,source_domain/cwru_12khz_fe/OR007@6_3.mat,OR,source_domain/cwru_12khz_fe/OR007@6_3.mat,2,train_pool
WIN-69e67fe1de9f0ba190d1,source_domain/cwru_12khz_fe/OR007@6_3.mat,OR,source_domain/cwru_12khz_fe/OR007@6_3.mat,2,train_pool
WIN-71f201b692d6e86ee3bf,source_domain/cwru_12khz_fe/OR007@6_3.mat,OR,source_domain/cwru_12khz_fe/OR007@6_3.mat,2,train_pool
WIN-c92f8602faf52aa67c41,source_domain/cwru_12khz_fe/OR007@6_3.mat,OR,source_domain/cwru_12khz_fe/OR007@6_3.mat,2,train_pool
WIN-3996d45e1ddf96d6f2e2,source_domain/cwru_12khz_fe/OR007@6_3.mat,OR,source_domain/cwru_12khz_fe/OR007@6_3.mat,2,train_pool
WIN-01b084345d1d1dda81c8,source_domain/cwru_12khz_fe/OR007@6_3.mat,OR,source_domain/cwru_12khz_fe/OR007@6_3.mat,2,train_pool
WIN-5c006f77ce463e42e755,source_domain/cwru_12khz_fe/OR007@6_3.mat,OR,source_domain/cwru_12khz_fe/OR007@6_3.mat,2,train_pool
WIN-c9bca0fa61e360d5746b,source_domain/cwru_12khz_fe/OR007@6_3.mat,OR,source_domain/cwru_12khz_fe/OR007@6_3.mat,2,train_pool
WIN-5ae9f6f3696b756cd399,source_domain/cwru_12khz_fe/OR007@6_3.mat,OR,source_domain/cwru_12khz_fe/OR007@6_3.mat,2,train_pool
WIN-0b13bea642e6d77e074f,source_domain/cwru_12khz_fe/OR007@6_3.mat,OR,source_domain/cwru_12khz_fe/OR007@6_3.mat,2,train_pool
WIN-346596b0929cc42917d6,source_domain/cwru_12khz_fe/OR007@6_3.mat,OR,source_domain/cwru_12khz_fe/OR007@6_3.mat,2,train_pool
WIN-58b278a7e2dcbba4fc07,source_domain/cwru_12khz_fe/OR007@6_3.mat,OR,source_domain/cwru_12khz_fe/OR007@6_3.mat,2,train_pool
WIN-8ad57c0b9255dfa199a4,source_domain/cwru_12khz_fe/OR007@6_3.mat,OR,source_domain/cwru_12khz_fe/OR007@6_3.mat,2,train_pool
WIN-51e64d94e6ba2dd02317,source_domain/cwru_12khz_fe/OR014@3_0.mat,OR,source_domain/cwru_12khz_fe/OR014@3_0.mat,2,train_pool
WIN-f34f88daad4b7a9a13bb,source_domain/cwru_12khz_fe/OR014@3_0.mat,OR,source_domain/cwru_12khz_fe/OR014@3_0.mat,2,train_pool
WIN-d41750cb4ba6b45b374d,source_domain/cwru_12khz_fe/OR014@3_0.mat,OR,source_domain/cwru_12khz_fe/OR014@3_0.mat,2,train_pool
WIN-a6960b575c39988059eb,source_domain/cwru_12khz_fe/OR014@3_0.mat,OR,source_domain/cwru_12khz_fe/OR014@3_0.mat,2,train_pool
WIN-c705729605c8ffcb6f46,source_domain/cwru_12khz_fe/OR014@3_0.mat,OR,source_domain/cwru_12khz_fe/OR014@3_0.mat,2,train_pool
WIN-b44ad2caefaee532dc9c,source_domain/cwru_12khz_fe/OR014@3_0.mat,OR,source_domain/cwru_12khz_fe/OR014@3_0.mat,2,train_pool
WIN-bd613a02750615c9c225,source_domain/cwru_12khz_fe/OR014@3_0.mat,OR,source_domain/cwru_12khz_fe/OR014@3_0.mat,2,train_pool
WIN-d08de811b15bb1987617,source_domain/cwru_12khz_fe/OR014@3_0.mat,OR,source_domain/cwru_12khz_fe/OR014@3_0.mat,2,train_pool
WIN-1cf7daa4a95ef9286808,source_domain/cwru_12khz_fe/OR014@3_0.mat,OR,source_domain/cwru_12khz_fe/OR014@3_0.mat,2,train_pool
WIN-1503c05f80ff9e37c282,source_domain/cwru_12khz_fe/OR014@3_0.mat,OR,source_domain/cwru_12khz_fe/OR014@3_0.mat,2,train_pool
WIN-0e4db0e40ed1f08b6a51,source_domain/cwru_12khz_fe/OR014@3_0.mat,OR,source_domain/cwru_12khz_fe/OR014@3_0.mat,2,train_pool
WIN-fd313f29908670a0da12,source_domain/cwru_12khz_fe/OR014@3_0.mat,OR,source_domain/cwru_12khz_fe/OR014@3_0.mat,2,train_pool
WIN-0f9b2af42d34b44da4c2,source_domain/cwru_12khz_fe/OR014@3_0.mat,OR,source_domain/cwru_12khz_fe/OR014@3_0.mat,2,train_pool
WIN-d2bf5edb6294c03be3e5,source_domain/cwru_12khz_fe/OR014@3_0.mat,OR,source_domain/cwru_12khz_fe/OR014@3_0.mat,2,train_pool
WIN-0dba483cd52e28da632f,source_domain/cwru_12khz_fe/OR014@3_0.mat,OR,source_domain/cwru_12khz_fe/OR014@3_0.mat,2,train_pool
WIN-8c5c2f4a696f556b0d19,source_domain/cwru_12khz_fe/OR014@3_1.mat,OR,source_domain/cwru_12khz_fe/OR014@3_1.mat,2,train_pool
WIN-53a159cc2fc7cc77a379,source_domain/cwru_12khz_fe/OR014@3_1.mat,OR,source_domain/cwru_12khz_fe/OR014@3_1.mat,2,train_pool
WIN-b6b91b00c0fccab7f7f1,source_domain/cwru_12khz_fe/OR014@3_1.mat,OR,source_domain/cwru_12khz_fe/OR014@3_1.mat,2,train_pool
WIN-b10bbdf4c10aaab818af,source_domain/cwru_12khz_fe/OR014@3_1.mat,OR,source_domain/cwru_12khz_fe/OR014@3_1.mat,2,train_pool
WIN-8d67a46a2121dd909f68,source_domain/cwru_12khz_fe/OR014@3_1.mat,OR,source_domain/cwru_12khz_fe/OR014@3_1.mat,2,train_pool
WIN-a179e3ac14ea80714945,source_domain/cwru_12khz_fe/OR014@3_1.mat,OR,source_domain/cwru_12khz_fe/OR014@3_1.mat,2,train_pool
WIN-1bce2fc71404cbcfeb18,source_domain/cwru_12khz_fe/OR014@3_1.mat,OR,source_domain/cwru_12khz_fe/OR014@3_1.mat,2,train_pool
WIN-8fec5551862db2f244aa,source_domain/cwru_12khz_fe/OR014@3_1.mat,OR,source_domain/cwru_12khz_fe/OR014@3_1.mat,2,train_pool
WIN-e568f4445c9a447c1e92,source_domain/cwru_12khz_fe/OR014@3_1.mat,OR,source_domain/cwru_12khz_fe/OR014@3_1.mat,2,train_pool
WIN-cf13bfe3e7d6f5d19f0a,source_domain/cwru_12khz_fe/OR014@3_1.mat,OR,source_domain/cwru_12khz_fe/OR014@3_1.mat,2,train_pool
WIN-8b121ef2433d93440359,source_domain/cwru_12khz_fe/OR014@3_1.mat,OR,source_domain/cwru_12khz_fe/OR014@3_1.mat,2,train_pool
WIN-32503f132f17adc51e85,source_domain/cwru_12khz_fe/OR014@3_1.mat,OR,source_domain/cwru_12khz_fe/OR014@3_1.mat,2,train_pool
WIN-b7d9c4e94ccf982535a2,source_domain/cwru_12khz_fe/OR014@3_1.mat,OR,source_domain/cwru_12khz_fe/OR014@3_1.mat,2,train_pool
WIN-9e87a135b2d73e9dd7f6,source_domain/cwru_12khz_fe/OR014@3_1.mat,OR,source_domain/cwru_12khz_fe/OR014@3_1.mat,2,train_pool
WIN-593a648bfb02094b8ed8,source_domain/cwru_12khz_fe/OR014@3_1.mat,OR,source_domain/cwru_12khz_fe/OR014@3_1.mat,2,train_pool
WIN-57ffa0f255cff11ff648,source_domain/cwru_12khz_fe/OR014@3_1.mat,OR,source_domain/cwru_12khz_fe/OR014@3_1.mat,2,train_pool
WIN-59f59b72b33551329818,source_domain/cwru_12khz_fe/OR014@3_1.mat,OR,source_domain/cwru_12khz_fe/OR014@3_1.mat,2,train_pool
WIN-26a74af4c843ff6daf41,source_domain/cwru_12khz_fe/OR014@3_1.mat,OR,source_domain/cwru_12khz_fe/OR014@3_1.mat,2,train_pool
WIN-14d7f80984a0b752a720,source_domain/cwru_12khz_fe/OR014@3_1.mat,OR,source_domain/cwru_12khz_fe/OR014@3_1.mat,2,train_pool
WIN-6af8a9abcc1d54ea6a8f,source_domain/cwru_12khz_fe/OR014@3_2.mat,OR,source_domain/cwru_12khz_fe/OR014@3_2.mat,2,train_pool
WIN-6d3313e3f3f6965f01ad,source_domain/cwru_12khz_fe/OR014@3_2.mat,OR,source_domain/cwru_12khz_fe/OR014@3_2.mat,2,train_pool
WIN-37d0018cbfa47696f984,source_domain/cwru_12khz_fe/OR014@3_2.mat,OR,source_domain/cwru_12khz_fe/OR014@3_2.mat,2,train_pool
WIN-d92cc1bad4316b7d1a8b,source_domain/cwru_12khz_fe/OR014@3_2.mat,OR,source_domain/cwru_12khz_fe/OR014@3_2.mat,2,train_pool
WIN-0bda89a6cbca00fc09ee,source_domain/cwru_12khz_fe/OR014@3_2.mat,OR,source_domain/cwru_12khz_fe/OR014@3_2.mat,2,train_pool
WIN-d81d869b3bdb93c8b152,source_domain/cwru_12khz_fe/OR014@3_2.mat,OR,source_domain/cwru_12khz_fe/OR014@3_2.mat,2,train_pool
WIN-95032c32fc26b6aa91a4,source_domain/cwru_12khz_fe/OR014@3_2.mat,OR,source_domain/cwru_12khz_fe/OR014@3_2.mat,2,train_pool
WIN-b4c1295d21b4bedbce89,source_domain/cwru_12khz_fe/OR014@3_2.mat,OR,source_domain/cwru_12khz_fe/OR014@3_2.mat,2,train_pool
WIN-f036030be2575b1e9fac,source_domain/cwru_12khz_fe/OR014@3_2.mat,OR,source_domain/cwru_12khz_fe/OR014@3_2.mat,2,train_pool
WIN-36737f655d76b9c438d2,source_domain/cwru_12khz_fe/OR014@3_2.mat,OR,source_domain/cwru_12khz_fe/OR014@3_2.mat,2,train_pool
WIN-b6c96400ed4fb9d9799c,source_domain/cwru_12khz_fe/OR014@3_2.mat,OR,source_domain/cwru_12khz_fe/OR014@3_2.mat,2,train_pool
WIN-f39a39c07848c2fa8cf4,source_domain/cwru_12khz_fe/OR014@3_2.mat,OR,source_domain/cwru_12khz_fe/OR014@3_2.mat,2,train_pool
WIN-c50a0cc2f993812c0db1,source_domain/cwru_12khz_fe/OR014@3_2.mat,OR,source_domain/cwru_12khz_fe/OR014@3_2.mat,2,train_pool
WIN-ab70f1377e750813aee3,source_domain/cwru_12khz_fe/OR014@3_2.mat,OR,source_domain/cwru_12khz_fe/OR014@3_2.mat,2,train_pool
WIN-778cd539f2bc49785463,source_domain/cwru_12khz_fe/OR014@3_2.mat,OR,source_domain/cwru_12khz_fe/OR014@3_2.mat,2,train_pool
WIN-f163cf2d3db17d465291,source_domain/cwru_12khz_fe/OR014@3_3.mat,OR,source_domain/cwru_12khz_fe/OR014@3_3.mat,2,test
WIN-5c43bbbdaa57bc0b8283,source_domain/cwru_12khz_fe/OR014@3_3.mat,OR,source_domain/cwru_12khz_fe/OR014@3_3.mat,2,test
WIN-49b7c7da22a45c2bbf70,source_domain/cwru_12khz_fe/OR014@3_3.mat,OR,source_domain/cwru_12khz_fe/OR014@3_3.mat,2,test
WIN-fa179cb10c4e051257c3,source_domain/cwru_12khz_fe/OR014@3_3.mat,OR,source_domain/cwru_12khz_fe/OR014@3_3.mat,2,test
WIN-29f7163d7050e10356e5,source_domain/cwru_12khz_fe/OR014@3_3.mat,OR,source_domain/cwru_12khz_fe/OR014@3_3.mat,2,test
WIN-2b3b8ca4b94f1a66a6f0,source_domain/cwru_12khz_fe/OR014@3_3.mat,OR,source_domain/cwru_12khz_fe/OR014@3_3.mat,2,test
WIN-7b42bfb24ae6986130ca,source_domain/cwru_12khz_fe/OR014@3_3.mat,OR,source_domain/cwru_12khz_fe/OR014@3_3.mat,2,test
WIN-e2fa3d0026ee95555403,source_domain/cwru_12khz_fe/OR014@3_3.mat,OR,source_domain/cwru_12khz_fe/OR014@3_3.mat,2,test
WIN-ad3af21f425470679c9c,source_domain/cwru_12khz_fe/OR014@3_3.mat,OR,source_domain/cwru_12khz_fe/OR014@3_3.mat,2,test
WIN-75570d12349ecbec0685,source_domain/cwru_12khz_fe/OR014@3_3.mat,OR,source_domain/cwru_12khz_fe/OR014@3_3.mat,2,test
WIN-ae7a7867fc2e531edd24,source_domain/cwru_12khz_fe/OR014@3_3.mat,OR,source_domain/cwru_12khz_fe/OR014@3_3.mat,2,test
WIN-a68a755ce2cd8aba8b22,source_domain/cwru_12khz_fe/OR014@3_3.mat,OR,source_domain/cwru_12khz_fe/OR014@3_3.mat,2,test
WIN-9fdc1c898741ccabff1f,source_domain/cwru_12khz_fe/OR014@3_3.mat,OR,source_domain/cwru_12khz_fe/OR014@3_3.mat,2,test
WIN-080d5625586964f3de4f,source_domain/cwru_12khz_fe/OR014@3_3.mat,OR,source_domain/cwru_12khz_fe/OR014@3_3.mat,2,test
WIN-3f6f9bd370ee0e1cacb2,source_domain/cwru_12khz_fe/OR014@3_3.mat,OR,source_domain/cwru_12khz_fe/OR014@3_3.mat,2,test
WIN-5ad94d4e628802dd6857,source_domain/cwru_12khz_fe/OR014@6_0.mat,OR,source_domain/cwru_12khz_fe/OR014@6_0.mat,2,train_pool
WIN-5eedd0fe9bcf5a217b64,source_domain/cwru_12khz_fe/OR014@6_0.mat,OR,source_domain/cwru_12khz_fe/OR014@6_0.mat,2,train_pool
WIN-547b02a05f39fb8095fd,source_domain/cwru_12khz_fe/OR014@6_0.mat,OR,source_domain/cwru_12khz_fe/OR014@6_0.mat,2,train_pool
WIN-fcdcbf55808d3e381b2c,source_domain/cwru_12khz_fe/OR014@6_0.mat,OR,source_domain/cwru_12khz_fe/OR014@6_0.mat,2,train_pool
WIN-e5b681c0cecbae63719b,source_domain/cwru_12khz_fe/OR014@6_0.mat,OR,source_domain/cwru_12khz_fe/OR014@6_0.mat,2,train_pool
WIN-07f38edef3f6b93344a6,source_domain/cwru_12khz_fe/OR014@6_0.mat,OR,source_domain/cwru_12khz_fe/OR014@6_0.mat,2,train_pool
WIN-aa42f9a7e7486a82c05e,source_domain/cwru_12khz_fe/OR014@6_0.mat,OR,source_domain/cwru_12khz_fe/OR014@6_0.mat,2,train_pool
WIN-01cff3d488db378ca630,source_domain/cwru_12khz_fe/OR014@6_0.mat,OR,source_domain/cwru_12khz_fe/OR014@6_0.mat,2,train_pool
WIN-f0a68ac5d1127cb495ad,source_domain/cwru_12khz_fe/OR014@6_0.mat,OR,source_domain/cwru_12khz_fe/OR014@6_0.mat,2,train_pool
WIN-28518b8bcd0e885f3cab,source_domain/cwru_12khz_fe/OR014@6_0.mat,OR,source_domain/cwru_12khz_fe/OR014@6_0.mat,2,train_pool
WIN-4fa2d139ff8968b73993,source_domain/cwru_12khz_fe/OR014@6_0.mat,OR,source_domain/cwru_12khz_fe/OR014@6_0.mat,2,train_pool
WIN-2a4a1d86a40bc34f048b,source_domain/cwru_12khz_fe/OR014@6_0.mat,OR,source_domain/cwru_12khz_fe/OR014@6_0.mat,2,train_pool
WIN-1dd6ce5799388f713725,source_domain/cwru_12khz_fe/OR014@6_0.mat,OR,source_domain/cwru_12khz_fe/OR014@6_0.mat,2,train_pool
WIN-4da49e5c8cc7085934cf,source_domain/cwru_12khz_fe/OR014@6_0.mat,OR,source_domain/cwru_12khz_fe/OR014@6_0.mat,2,train_pool
WIN-ad7f51c2af33460b8889,source_domain/cwru_12khz_fe/OR014@6_0.mat,OR,source_domain/cwru_12khz_fe/OR014@6_0.mat,2,train_pool
WIN-5c9d2d493f28a606838c,source_domain/cwru_12khz_fe/OR021@3_1.mat,OR,source_domain/cwru_12khz_fe/OR021@3_1.mat,2,test
WIN-e4a835c1be23abfa3f3b,source_domain/cwru_12khz_fe/OR021@3_1.mat,OR,source_domain/cwru_12khz_fe/OR021@3_1.mat,2,test
WIN-76a68346c3fe343dec57,source_domain/cwru_12khz_fe/OR021@3_1.mat,OR,source_domain/cwru_12khz_fe/OR021@3_1.mat,2,test
WIN-856c4e23e82cb229d131,source_domain/cwru_12khz_fe/OR021@3_1.mat,OR,source_domain/cwru_12khz_fe/OR021@3_1.mat,2,test
WIN-3ce6f7a4251c2fe11955,source_domain/cwru_12khz_fe/OR021@3_1.mat,OR,source_domain/cwru_12khz_fe/OR021@3_1.mat,2,test
WIN-e5a588eb3f003ad8dec5,source_domain/cwru_12khz_fe/OR021@3_1.mat,OR,source_domain/cwru_12khz_fe/OR021@3_1.mat,2,test
WIN-ab9d2599ba76962ca7c7,source_domain/cwru_12khz_fe/OR021@3_1.mat,OR,source_domain/cwru_12khz_fe/OR021@3_1.mat,2,test
WIN-10e8dc8f39d4df490350,source_domain/cwru_12khz_fe/OR021@3_1.mat,OR,source_domain/cwru_12khz_fe/OR021@3_1.mat,2,test
WIN-546d4e125ce7c47c6959,source_domain/cwru_12khz_fe/OR021@3_1.mat,OR,source_domain/cwru_12khz_fe/OR021@3_1.mat,2,test
WIN-3098ef6423c054b0089b,source_domain/cwru_12khz_fe/OR021@3_1.mat,OR,source_domain/cwru_12khz_fe/OR021@3_1.mat,2,test
WIN-9001442a19087f321438,source_domain/cwru_12khz_fe/OR021@3_1.mat,OR,source_domain/cwru_12khz_fe/OR021@3_1.mat,2,test
WIN-db2e07613041ce43123d,source_domain/cwru_12khz_fe/OR021@3_1.mat,OR,source_domain/cwru_12khz_fe/OR021@3_1.mat,2,test
WIN-de3ffd0eec3ac944aa6f,source_domain/cwru_12khz_fe/OR021@3_1.mat,OR,source_domain/cwru_12khz_fe/OR021@3_1.mat,2,test
WIN-c310b4ced66b95fa6539,source_domain/cwru_12khz_fe/OR021@3_1.mat,OR,source_domain/cwru_12khz_fe/OR021@3_1.mat,2,test
WIN-f3bdad289752ad98ff1d,source_domain/cwru_12khz_fe/OR021@3_1.mat,OR,source_domain/cwru_12khz_fe/OR021@3_1.mat,2,test
WIN-cd511d89f0ae8602c18f,source_domain/cwru_12khz_fe/OR021@3_2.mat,OR,source_domain/cwru_12khz_fe/OR021@3_2.mat,2,train_pool
WIN-bb0222b9ae77b51d728e,source_domain/cwru_12khz_fe/OR021@3_2.mat,OR,source_domain/cwru_12khz_fe/OR021@3_2.mat,2,train_pool
WIN-bd60552c9ac1eb806ebb,source_domain/cwru_12khz_fe/OR021@3_2.mat,OR,source_domain/cwru_12khz_fe/OR021@3_2.mat,2,train_pool
WIN-63a924876d6240986625,source_domain/cwru_12khz_fe/OR021@3_2.mat,OR,source_domain/cwru_12khz_fe/OR021@3_2.mat,2,train_pool
WIN-8f4d77f6658dd2d49e9d,source_domain/cwru_12khz_fe/OR021@3_2.mat,OR,source_domain/cwru_12khz_fe/OR021@3_2.mat,2,train_pool
WIN-7bd755f1fe2fbcfdc305,source_domain/cwru_12khz_fe/OR021@3_2.mat,OR,source_domain/cwru_12khz_fe/OR021@3_2.mat,2,train_pool
WIN-cc1df41c2e92e448ef9f,source_domain/cwru_12khz_fe/OR021@3_2.mat,OR,source_domain/cwru_12khz_fe/OR021@3_2.mat,2,train_pool
WIN-a828af66f9ef88a58d2f,source_domain/cwru_12khz_fe/OR021@3_2.mat,OR,source_domain/cwru_12khz_fe/OR021@3_2.mat,2,train_pool
WIN-7cbecb309ffd4e741c77,source_domain/cwru_12khz_fe/OR021@3_2.mat,OR,source_domain/cwru_12khz_fe/OR021@3_2.mat,2,train_pool
WIN-1582ebec5619786b7c43,source_domain/cwru_12khz_fe/OR021@3_2.mat,OR,source_domain/cwru_12khz_fe/OR021@3_2.mat,2,train_pool
WIN-a1acf3c5b4be577decb9,source_domain/cwru_12khz_fe/OR021@3_2.mat,OR,source_domain/cwru_12khz_fe/OR021@3_2.mat,2,train_pool
WIN-9ba3bf25052407fbc3dd,source_domain/cwru_12khz_fe/OR021@3_2.mat,OR,source_domain/cwru_12khz_fe/OR021@3_2.mat,2,train_pool
WIN-339e3f773ea4f04d351c,source_domain/cwru_12khz_fe/OR021@3_2.mat,OR,source_domain/cwru_12khz_fe/OR021@3_2.mat,2,train_pool
WIN-a4e448fee6f9c3945fb8,source_domain/cwru_12khz_fe/OR021@3_2.mat,OR,source_domain/cwru_12khz_fe/OR021@3_2.mat,2,train_pool
WIN-ce287412b59f15c08bda,source_domain/cwru_12khz_fe/OR021@3_2.mat,OR,source_domain/cwru_12khz_fe/OR021@3_2.mat,2,train_pool
WIN-22861ff2e6f49afcc8b2,source_domain/cwru_12khz_fe/OR021@3_3.mat,OR,source_domain/cwru_12khz_fe/OR021@3_3.mat,2,test
WIN-9212e9dc5a40e0082ec4,source_domain/cwru_12khz_fe/OR021@3_3.mat,OR,source_domain/cwru_12khz_fe/OR021@3_3.mat,2,test
WIN-3a9e83e77d84853f1aeb,source_domain/cwru_12khz_fe/OR021@3_3.mat,OR,source_domain/cwru_12khz_fe/OR021@3_3.mat,2,test
WIN-51d629ba51f44e20dd74,source_domain/cwru_12khz_fe/OR021@3_3.mat,OR,source_domain/cwru_12khz_fe/OR021@3_3.mat,2,test
WIN-0297ffec380417832d0e,source_domain/cwru_12khz_fe/OR021@3_3.mat,OR,source_domain/cwru_12khz_fe/OR021@3_3.mat,2,test
WIN-252e8bea01a0f5b582a5,source_domain/cwru_12khz_fe/OR021@3_3.mat,OR,source_domain/cwru_12khz_fe/OR021@3_3.mat,2,test
WIN-b158b83a5a5ec2e74b67,source_domain/cwru_12khz_fe/OR021@3_3.mat,OR,source_domain/cwru_12khz_fe/OR021@3_3.mat,2,test
WIN-62ddf0ccf489b542318f,source_domain/cwru_12khz_fe/OR021@3_3.mat,OR,source_domain/cwru_12khz_fe/OR021@3_3.mat,2,test
WIN-07fcc2c91ce2a7cd6b31,source_domain/cwru_12khz_fe/OR021@3_3.mat,OR,source_domain/cwru_12khz_fe/OR021@3_3.mat,2,test
WIN-3b6a745344041b8d0011,source_domain/cwru_12khz_fe/OR021@3_3.mat,OR,source_domain/cwru_12khz_fe/OR021@3_3.mat,2,test
WIN-907d01cc68cbfe1c7d12,source_domain/cwru_12khz_fe/OR021@3_3.mat,OR,source_domain/cwru_12khz_fe/OR021@3_3.mat,2,test
WIN-1b8396892fe0446f563e,source_domain/cwru_12khz_fe/OR021@3_3.mat,OR,source_domain/cwru_12khz_fe/OR021@3_3.mat,2,test
WIN-caefd20b04b889329c77,source_domain/cwru_12khz_fe/OR021@3_3.mat,OR,source_domain/cwru_12khz_fe/OR021@3_3.mat,2,test
WIN-71f16ee93267b0d021d0,source_domain/cwru_12khz_fe/OR021@3_3.mat,OR,source_domain/cwru_12khz_fe/OR021@3_3.mat,2,test
WIN-81938c28b2f4f804277b,source_domain/cwru_12khz_fe/OR021@3_3.mat,OR,source_domain/cwru_12khz_fe/OR021@3_3.mat,2,test
WIN-0ba128c164e469d0c0bc,source_domain/cwru_12khz_fe/OR021@6_0.mat,OR,source_domain/cwru_12khz_fe/OR021@6_0.mat,2,test
WIN-3b8c35af845397bd5522,source_domain/cwru_12khz_fe/OR021@6_0.mat,OR,source_domain/cwru_12khz_fe/OR021@6_0.mat,2,test
WIN-63866879c08e4a2904da,source_domain/cwru_12khz_fe/OR021@6_0.mat,OR,source_domain/cwru_12khz_fe/OR021@6_0.mat,2,test
WIN-fcbf080e78a5ca2bbded,source_domain/cwru_12khz_fe/OR021@6_0.mat,OR,source_domain/cwru_12khz_fe/OR021@6_0.mat,2,test
WIN-564b4c395a2c1c75b5b8,source_domain/cwru_12khz_fe/OR021@6_0.mat,OR,source_domain/cwru_12khz_fe/OR021@6_0.mat,2,test
WIN-6f6cf52d77fe016559b7,source_domain/cwru_12khz_fe/OR021@6_0.mat,OR,source_domain/cwru_12khz_fe/OR021@6_0.mat,2,test
WIN-21b7fe8298b88f759464,source_domain/cwru_12khz_fe/OR021@6_0.mat,OR,source_domain/cwru_12khz_fe/OR021@6_0.mat,2,test
WIN-42eae0496d1ad7775eee,source_domain/cwru_12khz_fe/OR021@6_0.mat,OR,source_domain/cwru_12khz_fe/OR021@6_0.mat,2,test
WIN-032596b6bf6d9dec92fc,source_domain/cwru_12khz_fe/OR021@6_0.mat,OR,source_domain/cwru_12khz_fe/OR021@6_0.mat,2,test
WIN-9f82d6912851152fae90,source_domain/cwru_12khz_fe/OR021@6_0.mat,OR,source_domain/cwru_12khz_fe/OR021@6_0.mat,2,test
WIN-31648a63cd80c8a96c11,source_domain/cwru_12khz_fe/OR021@6_0.mat,OR,source_domain/cwru_12khz_fe/OR021@6_0.mat,2,test
WIN-df3f7cf61898e5591ee7,source_domain/cwru_12khz_fe/OR021@6_0.mat,OR,source_domain/cwru_12khz_fe/OR021@6_0.mat,2,test
WIN-43d4db7b433b4ec20d3b,source_domain/cwru_12khz_fe/OR021@6_0.mat,OR,source_domain/cwru_12khz_fe/OR021@6_0.mat,2,test
WIN-7d812714370f91f9fec4,source_domain/cwru_12khz_fe/OR021@6_0.mat,OR,source_domain/cwru_12khz_fe/OR021@6_0.mat,2,test
WIN-fd59d8cc6db88352eade,source_domain/cwru_12khz_fe/OR021@6_0.mat,OR,source_domain/cwru_12khz_fe/OR021@6_0.mat,2,test
WIN-4a618f2138cdc85801af,source_domain/cwru_48khz_normal/N_0.mat,N,source_domain/cwru_48khz_normal/N_0.mat,2,train_pool
WIN-502ec8334ffa1a8d63e3,source_domain/cwru_48khz_normal/N_0.mat,N,source_domain/cwru_48khz_normal/N_0.mat,2,train_pool
WIN-7f0ad7fca14b73edeb2a,source_domain/cwru_48khz_normal/N_0.mat,N,source_domain/cwru_48khz_normal/N_0.mat,2,train_pool
WIN-fce5ea864f9cca37ec58,source_domain/cwru_48khz_normal/N_0.mat,N,source_domain/cwru_48khz_normal/N_0.mat,2,train_pool
WIN-d0137db01b87aabbc0bd,source_domain/cwru_48khz_normal/N_0.mat,N,source_domain/cwru_48khz_normal/N_0.mat,2,train_pool
WIN-dac6e6bdf1c2ddf450df,source_domain/cwru_48khz_normal/N_0.mat,N,source_domain/cwru_48khz_normal/N_0.mat,2,train_pool
WIN-322a18d691cfd36a08b3,source_domain/cwru_48khz_normal/N_0.mat,N,source_domain/cwru_48khz_normal/N_0.mat,2,train_pool
WIN-8960803c077ecbaf51d0,source_domain/cwru_48khz_normal/N_0.mat,N,source_domain/cwru_48khz_normal/N_0.mat,2,train_pool
WIN-b2620e28c94bd7adacec,source_domain/cwru_48khz_normal/N_0.mat,N,source_domain/cwru_48khz_normal/N_0.mat,2,train_pool
WIN-8a062282a23aa1a2503c,source_domain/cwru_48khz_normal/N_1_(1772rpm).mat,N,source_domain/cwru_48khz_normal/N_1_(1772rpm).mat,2,train_pool
WIN-d147d1070c37681385ef,source_domain/cwru_48khz_normal/N_1_(1772rpm).mat,N,source_domain/cwru_48khz_normal/N_1_(1772rpm).mat,2,train_pool
WIN-37d8f92347dd98db598f,source_domain/cwru_48khz_normal/N_1_(1772rpm).mat,N,source_domain/cwru_48khz_normal/N_1_(1772rpm).mat,2,train_pool
WIN-2461ba3554b3e960c49c,source_domain/cwru_48khz_normal/N_1_(1772rpm).mat,N,source_domain/cwru_48khz_normal/N_1_(1772rpm).mat,2,train_pool
WIN-d0491981c44a2afa2401,source_domain/cwru_48khz_normal/N_1_(1772rpm).mat,N,source_domain/cwru_48khz_normal/N_1_(1772rpm).mat,2,train_pool
WIN-05faa8d3c8303cdaaa50,source_domain/cwru_48khz_normal/N_1_(1772rpm).mat,N,source_domain/cwru_48khz_normal/N_1_(1772rpm).mat,2,train_pool
WIN-c7c4e0c3ec613da8ab91,source_domain/cwru_48khz_normal/N_1_(1772rpm).mat,N,source_domain/cwru_48khz_normal/N_1_(1772rpm).mat,2,train_pool
WIN-cda646d6bace99617b25,source_domain/cwru_48khz_normal/N_1_(1772rpm).mat,N,source_domain/cwru_48khz_normal/N_1_(1772rpm).mat,2,train_pool
WIN-c9e90dcf6a76244daa9a,source_domain/cwru_48khz_normal/N_1_(1772rpm).mat,N,source_domain/cwru_48khz_normal/N_1_(1772rpm).mat,2,train_pool
WIN-153eca5c76a7ffc64a5d,source_domain/cwru_48khz_normal/N_1_(1772rpm).mat,N,source_domain/cwru_48khz_normal/N_1_(1772rpm).mat,2,train_pool
WIN-2c7646152da2226dde21,source_domain/cwru_48khz_normal/N_1_(1772rpm).mat,N,source_domain/cwru_48khz_normal/N_1_(1772rpm).mat,2,train_pool
WIN-f92b67ed88c20bfd5bc5,source_domain/cwru_48khz_normal/N_1_(1772rpm).mat,N,source_domain/cwru_48khz_normal/N_1_(1772rpm).mat,2,train_pool
WIN-377f0242b913af013f10,source_domain/cwru_48khz_normal/N_1_(1772rpm).mat,N,source_domain/cwru_48khz_normal/N_1_(1772rpm).mat,2,train_pool
WIN-a0eee795005bd4b96ac1,source_domain/cwru_48khz_normal/N_1_(1772rpm).mat,N,source_domain/cwru_48khz_normal/N_1_(1772rpm).mat,2,train_pool
WIN-b41d078c21a5ce4af4b3,source_domain/cwru_48khz_normal/N_1_(1772rpm).mat,N,source_domain/cwru_48khz_normal/N_1_(1772rpm).mat,2,train_pool
WIN-00350287a61f20ce9d7e,source_domain/cwru_48khz_normal/N_2_(1750rpm).mat,N,source_domain/cwru_48khz_normal/N_2_(1750rpm).mat,2,train_pool
WIN-3d58573682716e5c5064,source_domain/cwru_48khz_normal/N_2_(1750rpm).mat,N,source_domain/cwru_48khz_normal/N_2_(1750rpm).mat,2,train_pool
WIN-b2411d5297f747d4822e,source_domain/cwru_48khz_normal/N_2_(1750rpm).mat,N,source_domain/cwru_48khz_normal/N_2_(1750rpm).mat,2,train_pool
WIN-9bcb88a8ab46670aca83,source_domain/cwru_48khz_normal/N_2_(1750rpm).mat,N,source_domain/cwru_48khz_normal/N_2_(1750rpm).mat,2,train_pool
WIN-686716d79ca7aa62b9ea,source_domain/cwru_48khz_normal/N_2_(1750rpm).mat,N,source_domain/cwru_48khz_normal/N_2_(1750rpm).mat,2,train_pool
WIN-a01d42224d12e8be9754,source_domain/cwru_48khz_normal/N_2_(1750rpm).mat,N,source_domain/cwru_48khz_normal/N_2_(1750rpm).mat,2,train_pool
WIN-23c8cd5488a5d65e01b4,source_domain/cwru_48khz_normal/N_2_(1750rpm).mat,N,source_domain/cwru_48khz_normal/N_2_(1750rpm).mat,2,train_pool
WIN-a5e6488c5864a2354157,source_domain/cwru_48khz_normal/N_2_(1750rpm).mat,N,source_domain/cwru_48khz_normal/N_2_(1750rpm).mat,2,train_pool
WIN-6cc9877e5c381959ced4,source_domain/cwru_48khz_normal/N_2_(1750rpm).mat,N,source_domain/cwru_48khz_normal/N_2_(1750rpm).mat,2,train_pool
WIN-5ed6be496e68b8bb544b,source_domain/cwru_48khz_normal/N_2_(1750rpm).mat,N,source_domain/cwru_48khz_normal/N_2_(1750rpm).mat,2,train_pool
WIN-4d8793b610fe83ca8f23,source_domain/cwru_48khz_normal/N_2_(1750rpm).mat,N,source_domain/cwru_48khz_normal/N_2_(1750rpm).mat,2,train_pool
WIN-765f077ef09f54555dec,source_domain/cwru_48khz_normal/N_2_(1750rpm).mat,N,source_domain/cwru_48khz_normal/N_2_(1750rpm).mat,2,train_pool
WIN-78d37d352e3fd4ed36f6,source_domain/cwru_48khz_normal/N_2_(1750rpm).mat,N,source_domain/cwru_48khz_normal/N_2_(1750rpm).mat,2,train_pool
WIN-7c837798ee77a25be18b,source_domain/cwru_48khz_normal/N_2_(1750rpm).mat,N,source_domain/cwru_48khz_normal/N_2_(1750rpm).mat,2,train_pool
WIN-f9742f5fb2bf8c4da815,source_domain/cwru_48khz_normal/N_2_(1750rpm).mat,N,source_domain/cwru_48khz_normal/N_2_(1750rpm).mat,2,train_pool
WIN-b9ada340e976456d07f6,source_domain/cwru_48khz_normal/N_3.mat,N,source_domain/cwru_48khz_normal/N_3.mat,2,test
WIN-4c4641ae399d641dcb8d,source_domain/cwru_48khz_normal/N_3.mat,N,source_domain/cwru_48khz_normal/N_3.mat,2,test
WIN-e99483e6afe0dd9ea470,source_domain/cwru_48khz_normal/N_3.mat,N,source_domain/cwru_48khz_normal/N_3.mat,2,test
WIN-eabf2e5e388ad51c4050,source_domain/cwru_48khz_normal/N_3.mat,N,source_domain/cwru_48khz_normal/N_3.mat,2,test
WIN-9cae389eae9c405ad2ab,source_domain/cwru_48khz_normal/N_3.mat,N,source_domain/cwru_48khz_normal/N_3.mat,2,test
WIN-8f40c0c199e2dbb3056e,source_domain/cwru_48khz_normal/N_3.mat,N,source_domain/cwru_48khz_normal/N_3.mat,2,test
WIN-b7d5045ea15bb00f29be,source_domain/cwru_48khz_normal/N_3.mat,N,source_domain/cwru_48khz_normal/N_3.mat,2,test
WIN-b2096ed61872a8544781,source_domain/cwru_48khz_normal/N_3.mat,N,source_domain/cwru_48khz_normal/N_3.mat,2,test
WIN-a5078da3b8f0a47407a3,source_domain/cwru_48khz_normal/N_3.mat,N,source_domain/cwru_48khz_normal/N_3.mat,2,test
WIN-24c4685f42c93d8a615c,source_domain/cwru_48khz_normal/N_3.mat,N,source_domain/cwru_48khz_normal/N_3.mat,2,test
WIN-4e9168008e6b27b5d723,source_domain/cwru_48khz_normal/N_3.mat,N,source_domain/cwru_48khz_normal/N_3.mat,2,test
WIN-a33729b2941a383413bc,source_domain/cwru_48khz_normal/N_3.mat,N,source_domain/cwru_48khz_normal/N_3.mat,2,test
WIN-e1ec0df17de660c289ac,source_domain/cwru_48khz_normal/N_3.mat,N,source_domain/cwru_48khz_normal/N_3.mat,2,test
WIN-be62712cf7984f4beba5,source_domain/cwru_48khz_normal/N_3.mat,N,source_domain/cwru_48khz_normal/N_3.mat,2,test
WIN-1e84f33a83def8b9b6ed,source_domain/cwru_48khz_normal/N_3.mat,N,source_domain/cwru_48khz_normal/N_3.mat,2,test
WIN-7903ddfdfcd489ea8e7f,source_domain/cwru_12khz_fe/B007_0.mat,B,source_domain/cwru_12khz_fe/B007_0.mat,3,train_pool
WIN-891173c04174ac17a6fb,source_domain/cwru_12khz_fe/B007_0.mat,B,source_domain/cwru_12khz_fe/B007_0.mat,3,train_pool
WIN-ab17f14a1876d835f17f,source_domain/cwru_12khz_fe/B007_0.mat,B,source_domain/cwru_12khz_fe/B007_0.mat,3,train_pool
WIN-eca284a71e0c1ac11041,source_domain/cwru_12khz_fe/B007_0.mat,B,source_domain/cwru_12khz_fe/B007_0.mat,3,train_pool
WIN-2716e506699e08232ff4,source_domain/cwru_12khz_fe/B007_0.mat,B,source_domain/cwru_12khz_fe/B007_0.mat,3,train_pool
WIN-7f96935775ac95b47312,source_domain/cwru_12khz_fe/B007_0.mat,B,source_domain/cwru_12khz_fe/B007_0.mat,3,train_pool
WIN-504f12d19ee97d5f4b97,source_domain/cwru_12khz_fe/B007_0.mat,B,source_domain/cwru_12khz_fe/B007_0.mat,3,train_pool
WIN-ddf026a9aa9e93933961,source_domain/cwru_12khz_fe/B007_0.mat,B,source_domain/cwru_12khz_fe/B007_0.mat,3,train_pool
WIN-7d37f2d28f462c58c7ea,source_domain/cwru_12khz_fe/B007_0.mat,B,source_domain/cwru_12khz_fe/B007_0.mat,3,train_pool
WIN-9635e7302773fb6d7204,source_domain/cwru_12khz_fe/B007_0.mat,B,source_domain/cwru_12khz_fe/B007_0.mat,3,train_pool
WIN-80cf8cdf1be7194dc98f,source_domain/cwru_12khz_fe/B007_0.mat,B,source_domain/cwru_12khz_fe/B007_0.mat,3,train_pool
WIN-f5636ea33223eed9d925,source_domain/cwru_12khz_fe/B007_0.mat,B,source_domain/cwru_12khz_fe/B007_0.mat,3,train_pool
WIN-b8f7e3b7bbb386cf66e0,source_domain/cwru_12khz_fe/B007_0.mat,B,source_domain/cwru_12khz_fe/B007_0.mat,3,train_pool
WIN-e69b8a5f43efd3e341c0,source_domain/cwru_12khz_fe/B007_0.mat,B,source_domain/cwru_12khz_fe/B007_0.mat,3,train_pool
WIN-8fddd937f14d9d075c10,source_domain/cwru_12khz_fe/B007_0.mat,B,source_domain/cwru_12khz_fe/B007_0.mat,3,train_pool
WIN-d473bf538145c5cb6764,source_domain/cwru_12khz_fe/B007_1.mat,B,source_domain/cwru_12khz_fe/B007_1.mat,3,test
WIN-645927b5904522565940,source_domain/cwru_12khz_fe/B007_1.mat,B,source_domain/cwru_12khz_fe/B007_1.mat,3,test
WIN-d542115139eb558ed2f3,source_domain/cwru_12khz_fe/B007_1.mat,B,source_domain/cwru_12khz_fe/B007_1.mat,3,test
WIN-278af3809b54154a0f5e,source_domain/cwru_12khz_fe/B007_1.mat,B,source_domain/cwru_12khz_fe/B007_1.mat,3,test
WIN-e92d52863a4e0f15de93,source_domain/cwru_12khz_fe/B007_1.mat,B,source_domain/cwru_12khz_fe/B007_1.mat,3,test
WIN-e4e32ea1ca545610d69e,source_domain/cwru_12khz_fe/B007_1.mat,B,source_domain/cwru_12khz_fe/B007_1.mat,3,test
WIN-f70b348fbf07a3e841c9,source_domain/cwru_12khz_fe/B007_1.mat,B,source_domain/cwru_12khz_fe/B007_1.mat,3,test
WIN-2d6addfdc68ea4b01135,source_domain/cwru_12khz_fe/B007_1.mat,B,source_domain/cwru_12khz_fe/B007_1.mat,3,test
WIN-cc2d1358a3ab2b7ee442,source_domain/cwru_12khz_fe/B007_1.mat,B,source_domain/cwru_12khz_fe/B007_1.mat,3,test
WIN-8ce4a63029b888f10682,source_domain/cwru_12khz_fe/B007_1.mat,B,source_domain/cwru_12khz_fe/B007_1.mat,3,test
WIN-e3f967093ebd831492ce,source_domain/cwru_12khz_fe/B007_1.mat,B,source_domain/cwru_12khz_fe/B007_1.mat,3,test
WIN-c932afcccfe487deef11,source_domain/cwru_12khz_fe/B007_1.mat,B,source_domain/cwru_12khz_fe/B007_1.mat,3,test
WIN-ca596ac1d7ec980606e5,source_domain/cwru_12khz_fe/B007_1.mat,B,source_domain/cwru_12khz_fe/B007_1.mat,3,test
WIN-ee38cce142716519a1ef,source_domain/cwru_12khz_fe/B007_1.mat,B,source_domain/cwru_12khz_fe/B007_1.mat,3,test
WIN-95891b5a79c5a82166e5,source_domain/cwru_12khz_fe/B007_1.mat,B,source_domain/cwru_12khz_fe/B007_1.mat,3,test
WIN-bed73ae248b507641f53,source_domain/cwru_12khz_fe/B007_2.mat,B,source_domain/cwru_12khz_fe/B007_2.mat,3,test
WIN-ca1b4f5413162000e2fb,source_domain/cwru_12khz_fe/B007_2.mat,B,source_domain/cwru_12khz_fe/B007_2.mat,3,test
WIN-4efaf5f5787c4d068504,source_domain/cwru_12khz_fe/B007_2.mat,B,source_domain/cwru_12khz_fe/B007_2.mat,3,test
WIN-2b5daa9a57e8986f6af4,source_domain/cwru_12khz_fe/B007_2.mat,B,source_domain/cwru_12khz_fe/B007_2.mat,3,test
WIN-17ffaa42ab4e1a7a0bf2,source_domain/cwru_12khz_fe/B007_2.mat,B,source_domain/cwru_12khz_fe/B007_2.mat,3,test
WIN-c8d2aba8f8ee0fe3a0ce,source_domain/cwru_12khz_fe/B007_2.mat,B,source_domain/cwru_12khz_fe/B007_2.mat,3,test
WIN-a3baec2d813e5b5bf25b,source_domain/cwru_12khz_fe/B007_2.mat,B,source_domain/cwru_12khz_fe/B007_2.mat,3,test
WIN-b2c0b1e6ee7c316790e6,source_domain/cwru_12khz_fe/B007_2.mat,B,source_domain/cwru_12khz_fe/B007_2.mat,3,test
WIN-c2ffe1f0417325d8f0d4,source_domain/cwru_12khz_fe/B007_2.mat,B,source_domain/cwru_12khz_fe/B007_2.mat,3,test
WIN-95387c7be4fc1e44a8da,source_domain/cwru_12khz_fe/B007_2.mat,B,source_domain/cwru_12khz_fe/B007_2.mat,3,test
WIN-691dcda830149b752ed4,source_domain/cwru_12khz_fe/B007_2.mat,B,source_domain/cwru_12khz_fe/B007_2.mat,3,test
WIN-17d94a9334029dfa613a,source_domain/cwru_12khz_fe/B007_2.mat,B,source_domain/cwru_12khz_fe/B007_2.mat,3,test
WIN-ce1088821854c23b82d0,source_domain/cwru_12khz_fe/B007_2.mat,B,source_domain/cwru_12khz_fe/B007_2.mat,3,test
WIN-493587db7c0f397b1294,source_domain/cwru_12khz_fe/B007_2.mat,B,source_domain/cwru_12khz_fe/B007_2.mat,3,test
WIN-5759020dae18cf676691,source_domain/cwru_12khz_fe/B007_2.mat,B,source_domain/cwru_12khz_fe/B007_2.mat,3,test
WIN-48bfb74691fab45b7368,source_domain/cwru_12khz_fe/B007_3.mat,B,source_domain/cwru_12khz_fe/B007_3.mat,3,train_pool
WIN-329a0ec73e2cb6f6befe,source_domain/cwru_12khz_fe/B007_3.mat,B,source_domain/cwru_12khz_fe/B007_3.mat,3,train_pool
WIN-b5f69035b70f0781318b,source_domain/cwru_12khz_fe/B007_3.mat,B,source_domain/cwru_12khz_fe/B007_3.mat,3,train_pool
WIN-1700c07dd64b07a5c56f,source_domain/cwru_12khz_fe/B007_3.mat,B,source_domain/cwru_12khz_fe/B007_3.mat,3,train_pool
WIN-c1455f1c48534c1d9942,source_domain/cwru_12khz_fe/B007_3.mat,B,source_domain/cwru_12khz_fe/B007_3.mat,3,train_pool
WIN-d590c1261a8f8a71666e,source_domain/cwru_12khz_fe/B007_3.mat,B,source_domain/cwru_12khz_fe/B007_3.mat,3,train_pool
WIN-cdd1f7ae6646012ac43b,source_domain/cwru_12khz_fe/B007_3.mat,B,source_domain/cwru_12khz_fe/B007_3.mat,3,train_pool
WIN-90a7529848129262ca12,source_domain/cwru_12khz_fe/B007_3.mat,B,source_domain/cwru_12khz_fe/B007_3.mat,3,train_pool
WIN-979526b8b548ff097201,source_domain/cwru_12khz_fe/B007_3.mat,B,source_domain/cwru_12khz_fe/B007_3.mat,3,train_pool
WIN-1e2484005ec9defcf7c5,source_domain/cwru_12khz_fe/B007_3.mat,B,source_domain/cwru_12khz_fe/B007_3.mat,3,train_pool
WIN-e4093a9c255c8e68bc2d,source_domain/cwru_12khz_fe/B007_3.mat,B,source_domain/cwru_12khz_fe/B007_3.mat,3,train_pool
WIN-2601959fec1ce9560ef0,source_domain/cwru_12khz_fe/B007_3.mat,B,source_domain/cwru_12khz_fe/B007_3.mat,3,train_pool
WIN-0320273825c2c88259a7,source_domain/cwru_12khz_fe/B007_3.mat,B,source_domain/cwru_12khz_fe/B007_3.mat,3,train_pool
WIN-3629de27ad58b37be352,source_domain/cwru_12khz_fe/B007_3.mat,B,source_domain/cwru_12khz_fe/B007_3.mat,3,train_pool
WIN-37b08499ea4aef44f627,source_domain/cwru_12khz_fe/B007_3.mat,B,source_domain/cwru_12khz_fe/B007_3.mat,3,train_pool
WIN-b31da23344e493409fb2,source_domain/cwru_12khz_fe/B014_0.mat,B,source_domain/cwru_12khz_fe/B014_0.mat,3,train_pool
WIN-75a3398578e2d3667396,source_domain/cwru_12khz_fe/B014_0.mat,B,source_domain/cwru_12khz_fe/B014_0.mat,3,train_pool
WIN-5b309f969dcbb80a6771,source_domain/cwru_12khz_fe/B014_0.mat,B,source_domain/cwru_12khz_fe/B014_0.mat,3,train_pool
WIN-f94500ae333b46c58a95,source_domain/cwru_12khz_fe/B014_0.mat,B,source_domain/cwru_12khz_fe/B014_0.mat,3,train_pool
WIN-8a2155a2928d0380478f,source_domain/cwru_12khz_fe/B014_0.mat,B,source_domain/cwru_12khz_fe/B014_0.mat,3,train_pool
WIN-12738a8ff1cde1df5252,source_domain/cwru_12khz_fe/B014_0.mat,B,source_domain/cwru_12khz_fe/B014_0.mat,3,train_pool
WIN-35f379154ce90da08c7a,source_domain/cwru_12khz_fe/B014_0.mat,B,source_domain/cwru_12khz_fe/B014_0.mat,3,train_pool
WIN-55f4ef1d25e27ac9d1f9,source_domain/cwru_12khz_fe/B014_0.mat,B,source_domain/cwru_12khz_fe/B014_0.mat,3,train_pool
WIN-8acd47c7423c50b9be33,source_domain/cwru_12khz_fe/B014_0.mat,B,source_domain/cwru_12khz_fe/B014_0.mat,3,train_pool
WIN-3427f9a7fd24dc310f77,source_domain/cwru_12khz_fe/B014_0.mat,B,source_domain/cwru_12khz_fe/B014_0.mat,3,train_pool
WIN-6e721131deeaa0326e30,source_domain/cwru_12khz_fe/B014_0.mat,B,source_domain/cwru_12khz_fe/B014_0.mat,3,train_pool
WIN-a86da486f40b03070c27,source_domain/cwru_12khz_fe/B014_0.mat,B,source_domain/cwru_12khz_fe/B014_0.mat,3,train_pool
WIN-2c5dd68d9a3c2a8bd332,source_domain/cwru_12khz_fe/B014_0.mat,B,source_domain/cwru_12khz_fe/B014_0.mat,3,train_pool
WIN-90ddf32d14f48f6c411c,source_domain/cwru_12khz_fe/B014_0.mat,B,source_domain/cwru_12khz_fe/B014_0.mat,3,train_pool
WIN-4bccca6de03d58d4b6f0,source_domain/cwru_12khz_fe/B014_0.mat,B,source_domain/cwru_12khz_fe/B014_0.mat,3,train_pool
WIN-6973a8c42964be865058,source_domain/cwru_12khz_fe/B014_1.mat,B,source_domain/cwru_12khz_fe/B014_1.mat,3,test
WIN-a3afac2b88e914c9a766,source_domain/cwru_12khz_fe/B014_1.mat,B,source_domain/cwru_12khz_fe/B014_1.mat,3,test
WIN-23a9dffe6f9b7b523adf,source_domain/cwru_12khz_fe/B014_1.mat,B,source_domain/cwru_12khz_fe/B014_1.mat,3,test
WIN-1a5b88ad287551c49d3b,source_domain/cwru_12khz_fe/B014_1.mat,B,source_domain/cwru_12khz_fe/B014_1.mat,3,test
WIN-5ff1104c2d9836b2a716,source_domain/cwru_12khz_fe/B014_1.mat,B,source_domain/cwru_12khz_fe/B014_1.mat,3,test
WIN-7743e9ef6f07f0097f12,source_domain/cwru_12khz_fe/B014_1.mat,B,source_domain/cwru_12khz_fe/B014_1.mat,3,test
WIN-8f186ca87b313d6e1e73,source_domain/cwru_12khz_fe/B014_1.mat,B,source_domain/cwru_12khz_fe/B014_1.mat,3,test
WIN-a04628c5fb57bb17a157,source_domain/cwru_12khz_fe/B014_1.mat,B,source_domain/cwru_12khz_fe/B014_1.mat,3,test
WIN-686a8465e68783e11ea5,source_domain/cwru_12khz_fe/B014_1.mat,B,source_domain/cwru_12khz_fe/B014_1.mat,3,test
WIN-8a4f533e2f54ce9d3b3d,source_domain/cwru_12khz_fe/B014_1.mat,B,source_domain/cwru_12khz_fe/B014_1.mat,3,test
WIN-5945b88ef9480f2adb32,source_domain/cwru_12khz_fe/B014_1.mat,B,source_domain/cwru_12khz_fe/B014_1.mat,3,test
WIN-81b730060fb0f9f3e062,source_domain/cwru_12khz_fe/B014_1.mat,B,source_domain/cwru_12khz_fe/B014_1.mat,3,test
WIN-a757e773381cfe600bc9,source_domain/cwru_12khz_fe/B014_1.mat,B,source_domain/cwru_12khz_fe/B014_1.mat,3,test
WIN-3bd82ba106cb26f6464e,source_domain/cwru_12khz_fe/B014_1.mat,B,source_domain/cwru_12khz_fe/B014_1.mat,3,test
WIN-48c1ad389c8d5489ec76,source_domain/cwru_12khz_fe/B014_1.mat,B,source_domain/cwru_12khz_fe/B014_1.mat,3,test
WIN-ad2f3523d4f033a46aeb,source_domain/cwru_12khz_fe/B014_2.mat,B,source_domain/cwru_12khz_fe/B014_2.mat,3,train_pool
WIN-900d674f1e8f1a8d9ff9,source_domain/cwru_12khz_fe/B014_2.mat,B,source_domain/cwru_12khz_fe/B014_2.mat,3,train_pool
WIN-8138d88731735b2e8334,source_domain/cwru_12khz_fe/B014_2.mat,B,source_domain/cwru_12khz_fe/B014_2.mat,3,train_pool
WIN-28b607de24710b94389b,source_domain/cwru_12khz_fe/B014_2.mat,B,source_domain/cwru_12khz_fe/B014_2.mat,3,train_pool
WIN-af27ccea3ef66e070230,source_domain/cwru_12khz_fe/B014_2.mat,B,source_domain/cwru_12khz_fe/B014_2.mat,3,train_pool
WIN-a5f4b9487c91c5df82b1,source_domain/cwru_12khz_fe/B014_2.mat,B,source_domain/cwru_12khz_fe/B014_2.mat,3,train_pool
WIN-dc43e05f3f0d9055c984,source_domain/cwru_12khz_fe/B014_2.mat,B,source_domain/cwru_12khz_fe/B014_2.mat,3,train_pool
WIN-f71b9d992459d01d5b57,source_domain/cwru_12khz_fe/B014_2.mat,B,source_domain/cwru_12khz_fe/B014_2.mat,3,train_pool
WIN-c99d320ce097697af301,source_domain/cwru_12khz_fe/B014_2.mat,B,source_domain/cwru_12khz_fe/B014_2.mat,3,train_pool
WIN-268397442b83a1f7b44e,source_domain/cwru_12khz_fe/B014_2.mat,B,source_domain/cwru_12khz_fe/B014_2.mat,3,train_pool
WIN-a6b3061c0a348b45bdc6,source_domain/cwru_12khz_fe/B014_2.mat,B,source_domain/cwru_12khz_fe/B014_2.mat,3,train_pool
WIN-557bc71ff309dd260278,source_domain/cwru_12khz_fe/B014_2.mat,B,source_domain/cwru_12khz_fe/B014_2.mat,3,train_pool
WIN-7f27102c94739b8c7b77,source_domain/cwru_12khz_fe/B014_2.mat,B,source_domain/cwru_12khz_fe/B014_2.mat,3,train_pool
WIN-c1f19708361dfef88843,source_domain/cwru_12khz_fe/B014_2.mat,B,source_domain/cwru_12khz_fe/B014_2.mat,3,train_pool
WIN-5227e0521be27aae84c5,source_domain/cwru_12khz_fe/B014_2.mat,B,source_domain/cwru_12khz_fe/B014_2.mat,3,train_pool
WIN-25c24932c6ba90148763,source_domain/cwru_12khz_fe/B014_3.mat,B,source_domain/cwru_12khz_fe/B014_3.mat,3,train_pool
WIN-fbf0bf5d0844273a42a6,source_domain/cwru_12khz_fe/B014_3.mat,B,source_domain/cwru_12khz_fe/B014_3.mat,3,train_pool
WIN-e28340f0d7d9453a9caa,source_domain/cwru_12khz_fe/B014_3.mat,B,source_domain/cwru_12khz_fe/B014_3.mat,3,train_pool
WIN-f77c4cc3d3a83b436b63,source_domain/cwru_12khz_fe/B014_3.mat,B,source_domain/cwru_12khz_fe/B014_3.mat,3,train_pool
WIN-42ef98b4686408af7196,source_domain/cwru_12khz_fe/B014_3.mat,B,source_domain/cwru_12khz_fe/B014_3.mat,3,train_pool
WIN-a65048188e9c2363e19a,source_domain/cwru_12khz_fe/B014_3.mat,B,source_domain/cwru_12khz_fe/B014_3.mat,3,train_pool
WIN-ddf60ff253e37de91ced,source_domain/cwru_12khz_fe/B014_3.mat,B,source_domain/cwru_12khz_fe/B014_3.mat,3,train_pool
WIN-643b84d5e705c0c4f20e,source_domain/cwru_12khz_fe/B014_3.mat,B,source_domain/cwru_12khz_fe/B014_3.mat,3,train_pool
WIN-da858fbc7f7d6cd0a253,source_domain/cwru_12khz_fe/B014_3.mat,B,source_domain/cwru_12khz_fe/B014_3.mat,3,train_pool
WIN-c5ffba9fa48ee2d2f8e6,source_domain/cwru_12khz_fe/B014_3.mat,B,source_domain/cwru_12khz_fe/B014_3.mat,3,train_pool
WIN-7c366f0765f7f25a5d45,source_domain/cwru_12khz_fe/B014_3.mat,B,source_domain/cwru_12khz_fe/B014_3.mat,3,train_pool
WIN-dbfe99d6cb64529c7d03,source_domain/cwru_12khz_fe/B014_3.mat,B,source_domain/cwru_12khz_fe/B014_3.mat,3,train_pool
WIN-f794c617abb0155a5f49,source_domain/cwru_12khz_fe/B014_3.mat,B,source_domain/cwru_12khz_fe/B014_3.mat,3,train_pool
WIN-71a23180ca05c3f356d7,source_domain/cwru_12khz_fe/B014_3.mat,B,source_domain/cwru_12khz_fe/B014_3.mat,3,train_pool
WIN-e1f8581ec72156e4c40d,source_domain/cwru_12khz_fe/B014_3.mat,B,source_domain/cwru_12khz_fe/B014_3.mat,3,train_pool
WIN-4307f92375069babe348,source_domain/cwru_12khz_fe/B021_0.mat,B,source_domain/cwru_12khz_fe/B021_0.mat,3,train_pool
WIN-8ec9e349dc6a2dad86f5,source_domain/cwru_12khz_fe/B021_0.mat,B,source_domain/cwru_12khz_fe/B021_0.mat,3,train_pool
WIN-3b1db9162d81b3487c0c,source_domain/cwru_12khz_fe/B021_0.mat,B,source_domain/cwru_12khz_fe/B021_0.mat,3,train_pool
WIN-bbb6db2261581421a8dc,source_domain/cwru_12khz_fe/B021_0.mat,B,source_domain/cwru_12khz_fe/B021_0.mat,3,train_pool
WIN-a15c4cd52a490317cae7,source_domain/cwru_12khz_fe/B021_0.mat,B,source_domain/cwru_12khz_fe/B021_0.mat,3,train_pool
WIN-478f6d8d3e8f9056d252,source_domain/cwru_12khz_fe/B021_0.mat,B,source_domain/cwru_12khz_fe/B021_0.mat,3,train_pool
WIN-4981f1e708cd35d5472e,source_domain/cwru_12khz_fe/B021_0.mat,B,source_domain/cwru_12khz_fe/B021_0.mat,3,train_pool
WIN-242b37df1ed074df80b3,source_domain/cwru_12khz_fe/B021_0.mat,B,source_domain/cwru_12khz_fe/B021_0.mat,3,train_pool
WIN-8c9b7a85d4ce7c3bc6b1,source_domain/cwru_12khz_fe/B021_0.mat,B,source_domain/cwru_12khz_fe/B021_0.mat,3,train_pool
WIN-d7bd0c8a027e6db2f970,source_domain/cwru_12khz_fe/B021_0.mat,B,source_domain/cwru_12khz_fe/B021_0.mat,3,train_pool
WIN-743bc7cb57880bbee02d,source_domain/cwru_12khz_fe/B021_0.mat,B,source_domain/cwru_12khz_fe/B021_0.mat,3,train_pool
WIN-b91f84ec83a97fa03b8e,source_domain/cwru_12khz_fe/B021_0.mat,B,source_domain/cwru_12khz_fe/B021_0.mat,3,train_pool
WIN-01542cc9fee777f6ce43,source_domain/cwru_12khz_fe/B021_0.mat,B,source_domain/cwru_12khz_fe/B021_0.mat,3,train_pool
WIN-8bd08058b2baee587475,source_domain/cwru_12khz_fe/B021_0.mat,B,source_domain/cwru_12khz_fe/B021_0.mat,3,train_pool
WIN-66227cd413cf12b07cf2,source_domain/cwru_12khz_fe/B021_0.mat,B,source_domain/cwru_12khz_fe/B021_0.mat,3,train_pool
WIN-ce9aed289046dbf88e3d,source_domain/cwru_12khz_fe/B021_1.mat,B,source_domain/cwru_12khz_fe/B021_1.mat,3,train_pool
WIN-b8a176c8599396fcb933,source_domain/cwru_12khz_fe/B021_1.mat,B,source_domain/cwru_12khz_fe/B021_1.mat,3,train_pool
WIN-6a6cd868718760f9beb2,source_domain/cwru_12khz_fe/B021_1.mat,B,source_domain/cwru_12khz_fe/B021_1.mat,3,train_pool
WIN-c73ce4e610533d0e394f,source_domain/cwru_12khz_fe/B021_1.mat,B,source_domain/cwru_12khz_fe/B021_1.mat,3,train_pool
WIN-7ab4e13fbabfbd4e5db3,source_domain/cwru_12khz_fe/B021_1.mat,B,source_domain/cwru_12khz_fe/B021_1.mat,3,train_pool
WIN-842bb62f1c993b737727,source_domain/cwru_12khz_fe/B021_1.mat,B,source_domain/cwru_12khz_fe/B021_1.mat,3,train_pool
WIN-7571657e1d092958db86,source_domain/cwru_12khz_fe/B021_1.mat,B,source_domain/cwru_12khz_fe/B021_1.mat,3,train_pool
WIN-6e194b460a6f9dfb63db,source_domain/cwru_12khz_fe/B021_1.mat,B,source_domain/cwru_12khz_fe/B021_1.mat,3,train_pool
WIN-78752056609514e16c69,source_domain/cwru_12khz_fe/B021_1.mat,B,source_domain/cwru_12khz_fe/B021_1.mat,3,train_pool
WIN-cebfacbec3451fecab55,source_domain/cwru_12khz_fe/B021_1.mat,B,source_domain/cwru_12khz_fe/B021_1.mat,3,train_pool
WIN-2faee3c8f5a2fb07bfb9,source_domain/cwru_12khz_fe/B021_1.mat,B,source_domain/cwru_12khz_fe/B021_1.mat,3,train_pool
WIN-524b6d879559ed5b2440,source_domain/cwru_12khz_fe/B021_1.mat,B,source_domain/cwru_12khz_fe/B021_1.mat,3,train_pool
WIN-ca1dc236c64a0d336eb0,source_domain/cwru_12khz_fe/B021_1.mat,B,source_domain/cwru_12khz_fe/B021_1.mat,3,train_pool
WIN-daf99a564745c1239bc0,source_domain/cwru_12khz_fe/B021_1.mat,B,source_domain/cwru_12khz_fe/B021_1.mat,3,train_pool
WIN-44962460fdc546b555e0,source_domain/cwru_12khz_fe/B021_1.mat,B,source_domain/cwru_12khz_fe/B021_1.mat,3,train_pool
WIN-9256778c4e9f54cc41aa,source_domain/cwru_12khz_fe/B021_2.mat,B,source_domain/cwru_12khz_fe/B021_2.mat,3,train_pool
WIN-651c3edbaed6a47e5dea,source_domain/cwru_12khz_fe/B021_2.mat,B,source_domain/cwru_12khz_fe/B021_2.mat,3,train_pool
WIN-200a713d371478eda482,source_domain/cwru_12khz_fe/B021_2.mat,B,source_domain/cwru_12khz_fe/B021_2.mat,3,train_pool
WIN-c62646b8543263f175d1,source_domain/cwru_12khz_fe/B021_2.mat,B,source_domain/cwru_12khz_fe/B021_2.mat,3,train_pool
WIN-92d189de72817f1e5ada,source_domain/cwru_12khz_fe/B021_2.mat,B,source_domain/cwru_12khz_fe/B021_2.mat,3,train_pool
WIN-3229a1a5c839e1200807,source_domain/cwru_12khz_fe/B021_2.mat,B,source_domain/cwru_12khz_fe/B021_2.mat,3,train_pool
WIN-867730a772b9dcd0ed48,source_domain/cwru_12khz_fe/B021_2.mat,B,source_domain/cwru_12khz_fe/B021_2.mat,3,train_pool
WIN-f899c7d4a17a6b224947,source_domain/cwru_12khz_fe/B021_2.mat,B,source_domain/cwru_12khz_fe/B021_2.mat,3,train_pool
WIN-0f6a3bc9202534158bf2,source_domain/cwru_12khz_fe/B021_2.mat,B,source_domain/cwru_12khz_fe/B021_2.mat,3,train_pool
WIN-71ac72822ad527b35259,source_domain/cwru_12khz_fe/B021_2.mat,B,source_domain/cwru_12khz_fe/B021_2.mat,3,train_pool
WIN-b05c8e4964f9df72bf1f,source_domain/cwru_12khz_fe/B021_2.mat,B,source_domain/cwru_12khz_fe/B021_2.mat,3,train_pool
WIN-091f8a8ee20b9dd7c9e4,source_domain/cwru_12khz_fe/B021_2.mat,B,source_domain/cwru_12khz_fe/B021_2.mat,3,train_pool
WIN-94b1eeafc18011bf8eef,source_domain/cwru_12khz_fe/B021_2.mat,B,source_domain/cwru_12khz_fe/B021_2.mat,3,train_pool
WIN-f2a109bfcb3bd50884d4,source_domain/cwru_12khz_fe/B021_2.mat,B,source_domain/cwru_12khz_fe/B021_2.mat,3,train_pool
WIN-9f44ba4ed2fff4393dbb,source_domain/cwru_12khz_fe/B021_2.mat,B,source_domain/cwru_12khz_fe/B021_2.mat,3,train_pool
WIN-14094409b262f8c91fdc,source_domain/cwru_12khz_fe/B021_3.mat,B,source_domain/cwru_12khz_fe/B021_3.mat,3,train_pool
WIN-9da80ffb14320d8be725,source_domain/cwru_12khz_fe/B021_3.mat,B,source_domain/cwru_12khz_fe/B021_3.mat,3,train_pool
WIN-f0d3fcca08326ff41455,source_domain/cwru_12khz_fe/B021_3.mat,B,source_domain/cwru_12khz_fe/B021_3.mat,3,train_pool
WIN-5816000a95fd48643e4b,source_domain/cwru_12khz_fe/B021_3.mat,B,source_domain/cwru_12khz_fe/B021_3.mat,3,train_pool
WIN-6dc5e027873cf32d4e96,source_domain/cwru_12khz_fe/B021_3.mat,B,source_domain/cwru_12khz_fe/B021_3.mat,3,train_pool
WIN-38a8a954f6798ec86167,source_domain/cwru_12khz_fe/B021_3.mat,B,source_domain/cwru_12khz_fe/B021_3.mat,3,train_pool
WIN-9126f778aa047cde3fb2,source_domain/cwru_12khz_fe/B021_3.mat,B,source_domain/cwru_12khz_fe/B021_3.mat,3,train_pool
WIN-fe66a6b6a14822d2f154,source_domain/cwru_12khz_fe/B021_3.mat,B,source_domain/cwru_12khz_fe/B021_3.mat,3,train_pool
WIN-7fb954901dba6ace533b,source_domain/cwru_12khz_fe/B021_3.mat,B,source_domain/cwru_12khz_fe/B021_3.mat,3,train_pool
WIN-b73493f0cb9947516581,source_domain/cwru_12khz_fe/B021_3.mat,B,source_domain/cwru_12khz_fe/B021_3.mat,3,train_pool
WIN-6dbe514a262c18ead6c6,source_domain/cwru_12khz_fe/B021_3.mat,B,source_domain/cwru_12khz_fe/B021_3.mat,3,train_pool
WIN-226e82c04a54964bbe8f,source_domain/cwru_12khz_fe/B021_3.mat,B,source_domain/cwru_12khz_fe/B021_3.mat,3,train_pool
WIN-fe7b58007106a8a988a6,source_domain/cwru_12khz_fe/B021_3.mat,B,source_domain/cwru_12khz_fe/B021_3.mat,3,train_pool
WIN-b7ba65720aef0997f313,source_domain/cwru_12khz_fe/B021_3.mat,B,source_domain/cwru_12khz_fe/B021_3.mat,3,train_pool
WIN-f6330fca6f78e77e47a2,source_domain/cwru_12khz_fe/B021_3.mat,B,source_domain/cwru_12khz_fe/B021_3.mat,3,train_pool
WIN-aedff8f49043e8611f7b,source_domain/cwru_12khz_fe/IR007_0.mat,IR,source_domain/cwru_12khz_fe/IR007_0.mat,3,train_pool
WIN-687a139507a6a6959bf4,source_domain/cwru_12khz_fe/IR007_0.mat,IR,source_domain/cwru_12khz_fe/IR007_0.mat,3,train_pool
WIN-72976a1165ffddbdf3cd,source_domain/cwru_12khz_fe/IR007_0.mat,IR,source_domain/cwru_12khz_fe/IR007_0.mat,3,train_pool
WIN-583a43f7fd9ebf20deb0,source_domain/cwru_12khz_fe/IR007_0.mat,IR,source_domain/cwru_12khz_fe/IR007_0.mat,3,train_pool
WIN-18101343915a3d7c252f,source_domain/cwru_12khz_fe/IR007_0.mat,IR,source_domain/cwru_12khz_fe/IR007_0.mat,3,train_pool
WIN-db7ef28204ff4354b799,source_domain/cwru_12khz_fe/IR007_0.mat,IR,source_domain/cwru_12khz_fe/IR007_0.mat,3,train_pool
WIN-4858540c7771fcd31f5e,source_domain/cwru_12khz_fe/IR007_0.mat,IR,source_domain/cwru_12khz_fe/IR007_0.mat,3,train_pool
WIN-236290c16e2454609e8f,source_domain/cwru_12khz_fe/IR007_0.mat,IR,source_domain/cwru_12khz_fe/IR007_0.mat,3,train_pool
WIN-daf59a603c9555423e28,source_domain/cwru_12khz_fe/IR007_0.mat,IR,source_domain/cwru_12khz_fe/IR007_0.mat,3,train_pool
WIN-e7a5ec78c744c22f6f7b,source_domain/cwru_12khz_fe/IR007_0.mat,IR,source_domain/cwru_12khz_fe/IR007_0.mat,3,train_pool
WIN-8ea36ad1ed8ed4050ee1,source_domain/cwru_12khz_fe/IR007_0.mat,IR,source_domain/cwru_12khz_fe/IR007_0.mat,3,train_pool
WIN-6df3b1a0e807f9bfdd2a,source_domain/cwru_12khz_fe/IR007_0.mat,IR,source_domain/cwru_12khz_fe/IR007_0.mat,3,train_pool
WIN-3e58b4956f9eb2a15f8f,source_domain/cwru_12khz_fe/IR007_0.mat,IR,source_domain/cwru_12khz_fe/IR007_0.mat,3,train_pool
WIN-fe011dea2903f8cd4c22,source_domain/cwru_12khz_fe/IR007_0.mat,IR,source_domain/cwru_12khz_fe/IR007_0.mat,3,train_pool
WIN-6436369b6b6a5c89b6f4,source_domain/cwru_12khz_fe/IR007_0.mat,IR,source_domain/cwru_12khz_fe/IR007_0.mat,3,train_pool
WIN-76b37ed3bc783c0cc905,source_domain/cwru_12khz_fe/IR007_1.mat,IR,source_domain/cwru_12khz_fe/IR007_1.mat,3,test
WIN-ba35f61877490475d0c1,source_domain/cwru_12khz_fe/IR007_1.mat,IR,source_domain/cwru_12khz_fe/IR007_1.mat,3,test
WIN-7d6464ba2fca178a047a,source_domain/cwru_12khz_fe/IR007_1.mat,IR,source_domain/cwru_12khz_fe/IR007_1.mat,3,test
WIN-818ad005e3cb0f8cfeb1,source_domain/cwru_12khz_fe/IR007_1.mat,IR,source_domain/cwru_12khz_fe/IR007_1.mat,3,test
WIN-81b726fe00d127972160,source_domain/cwru_12khz_fe/IR007_1.mat,IR,source_domain/cwru_12khz_fe/IR007_1.mat,3,test
WIN-5c17bd1b9c8c56bae671,source_domain/cwru_12khz_fe/IR007_1.mat,IR,source_domain/cwru_12khz_fe/IR007_1.mat,3,test
WIN-31d80cf41e038ac53d82,source_domain/cwru_12khz_fe/IR007_1.mat,IR,source_domain/cwru_12khz_fe/IR007_1.mat,3,test
WIN-65b070ef7b219013641f,source_domain/cwru_12khz_fe/IR007_1.mat,IR,source_domain/cwru_12khz_fe/IR007_1.mat,3,test
WIN-675d4546c409d80d86e3,source_domain/cwru_12khz_fe/IR007_1.mat,IR,source_domain/cwru_12khz_fe/IR007_1.mat,3,test
WIN-6c7a4134cbf512b3a28e,source_domain/cwru_12khz_fe/IR007_1.mat,IR,source_domain/cwru_12khz_fe/IR007_1.mat,3,test
WIN-1609a00ca1d3a822e2dd,source_domain/cwru_12khz_fe/IR007_1.mat,IR,source_domain/cwru_12khz_fe/IR007_1.mat,3,test
WIN-c3216774c4460e657567,source_domain/cwru_12khz_fe/IR007_1.mat,IR,source_domain/cwru_12khz_fe/IR007_1.mat,3,test
WIN-793fae25042f4a3987f1,source_domain/cwru_12khz_fe/IR007_1.mat,IR,source_domain/cwru_12khz_fe/IR007_1.mat,3,test
WIN-73592ac81c9a7a22bac3,source_domain/cwru_12khz_fe/IR007_1.mat,IR,source_domain/cwru_12khz_fe/IR007_1.mat,3,test
WIN-6fc76f988f52786ece77,source_domain/cwru_12khz_fe/IR007_1.mat,IR,source_domain/cwru_12khz_fe/IR007_1.mat,3,test
WIN-b5260e2cd6b8d8f6cd67,source_domain/cwru_12khz_fe/IR007_2.mat,IR,source_domain/cwru_12khz_fe/IR007_2.mat,3,train_pool
WIN-ade913420fc52d55847c,source_domain/cwru_12khz_fe/IR007_2.mat,IR,source_domain/cwru_12khz_fe/IR007_2.mat,3,train_pool
WIN-01e7e62f4c2ecbdb18db,source_domain/cwru_12khz_fe/IR007_2.mat,IR,source_domain/cwru_12khz_fe/IR007_2.mat,3,train_pool
WIN-70314c3ab088ce2bee55,source_domain/cwru_12khz_fe/IR007_2.mat,IR,source_domain/cwru_12khz_fe/IR007_2.mat,3,train_pool
WIN-fed04242cbf1719d78bf,source_domain/cwru_12khz_fe/IR007_2.mat,IR,source_domain/cwru_12khz_fe/IR007_2.mat,3,train_pool
WIN-979bf2d8b4fd579dcd33,source_domain/cwru_12khz_fe/IR007_2.mat,IR,source_domain/cwru_12khz_fe/IR007_2.mat,3,train_pool
WIN-858f672a8ed729a64e8e,source_domain/cwru_12khz_fe/IR007_2.mat,IR,source_domain/cwru_12khz_fe/IR007_2.mat,3,train_pool
WIN-75ab10ed4c5e44e818b5,source_domain/cwru_12khz_fe/IR007_2.mat,IR,source_domain/cwru_12khz_fe/IR007_2.mat,3,train_pool
WIN-bd346145ae546172e166,source_domain/cwru_12khz_fe/IR007_2.mat,IR,source_domain/cwru_12khz_fe/IR007_2.mat,3,train_pool
WIN-14dc9dcdf84c6b5f3943,source_domain/cwru_12khz_fe/IR007_2.mat,IR,source_domain/cwru_12khz_fe/IR007_2.mat,3,train_pool
WIN-06b3ee637ecb4727711e,source_domain/cwru_12khz_fe/IR007_2.mat,IR,source_domain/cwru_12khz_fe/IR007_2.mat,3,train_pool
WIN-8c6bd41037c8c6a97b20,source_domain/cwru_12khz_fe/IR007_2.mat,IR,source_domain/cwru_12khz_fe/IR007_2.mat,3,train_pool
WIN-666695e7042d3c8f85e4,source_domain/cwru_12khz_fe/IR007_2.mat,IR,source_domain/cwru_12khz_fe/IR007_2.mat,3,train_pool
WIN-b6c4c97697e059fc19ad,source_domain/cwru_12khz_fe/IR007_2.mat,IR,source_domain/cwru_12khz_fe/IR007_2.mat,3,train_pool
WIN-6096a5f0b148a34900c5,source_domain/cwru_12khz_fe/IR007_2.mat,IR,source_domain/cwru_12khz_fe/IR007_2.mat,3,train_pool
WIN-36c3fb867e1ebbfb7945,source_domain/cwru_12khz_fe/IR007_3.mat,IR,source_domain/cwru_12khz_fe/IR007_3.mat,3,test
WIN-2f3a8feb7ac80dd3054b,source_domain/cwru_12khz_fe/IR007_3.mat,IR,source_domain/cwru_12khz_fe/IR007_3.mat,3,test
WIN-c0c957a2ebecccd09b09,source_domain/cwru_12khz_fe/IR007_3.mat,IR,source_domain/cwru_12khz_fe/IR007_3.mat,3,test
WIN-9e34e8c735e92f8efcc4,source_domain/cwru_12khz_fe/IR007_3.mat,IR,source_domain/cwru_12khz_fe/IR007_3.mat,3,test
WIN-05e3b5dba0b8bf0cec71,source_domain/cwru_12khz_fe/IR007_3.mat,IR,source_domain/cwru_12khz_fe/IR007_3.mat,3,test
WIN-b3826052360ede3025ed,source_domain/cwru_12khz_fe/IR007_3.mat,IR,source_domain/cwru_12khz_fe/IR007_3.mat,3,test
WIN-876fac0ccd4036166ffe,source_domain/cwru_12khz_fe/IR007_3.mat,IR,source_domain/cwru_12khz_fe/IR007_3.mat,3,test
WIN-95ba58e2644691cf9155,source_domain/cwru_12khz_fe/IR007_3.mat,IR,source_domain/cwru_12khz_fe/IR007_3.mat,3,test
WIN-db8aa1c4a131bb7d038d,source_domain/cwru_12khz_fe/IR007_3.mat,IR,source_domain/cwru_12khz_fe/IR007_3.mat,3,test
WIN-39e8b4aaf58b74cc748a,source_domain/cwru_12khz_fe/IR007_3.mat,IR,source_domain/cwru_12khz_fe/IR007_3.mat,3,test
WIN-02135945bb18ff887375,source_domain/cwru_12khz_fe/IR007_3.mat,IR,source_domain/cwru_12khz_fe/IR007_3.mat,3,test
WIN-9b30f7c42b134f3dd64a,source_domain/cwru_12khz_fe/IR007_3.mat,IR,source_domain/cwru_12khz_fe/IR007_3.mat,3,test
WIN-d1c33fd95c8d96968d54,source_domain/cwru_12khz_fe/IR007_3.mat,IR,source_domain/cwru_12khz_fe/IR007_3.mat,3,test
WIN-70fafa99e816d7111b6d,source_domain/cwru_12khz_fe/IR007_3.mat,IR,source_domain/cwru_12khz_fe/IR007_3.mat,3,test
WIN-386787f7137c8175d934,source_domain/cwru_12khz_fe/IR007_3.mat,IR,source_domain/cwru_12khz_fe/IR007_3.mat,3,test
WIN-62696365c983df932a8d,source_domain/cwru_12khz_fe/IR014_0.mat,IR,source_domain/cwru_12khz_fe/IR014_0.mat,3,train_pool
WIN-b1ebedb36966d2107ec7,source_domain/cwru_12khz_fe/IR014_0.mat,IR,source_domain/cwru_12khz_fe/IR014_0.mat,3,train_pool
WIN-21f44ece947d5ffbac4a,source_domain/cwru_12khz_fe/IR014_0.mat,IR,source_domain/cwru_12khz_fe/IR014_0.mat,3,train_pool
WIN-b72afe8ff9e3e40e1833,source_domain/cwru_12khz_fe/IR014_0.mat,IR,source_domain/cwru_12khz_fe/IR014_0.mat,3,train_pool
WIN-06ef77117f462ca4aafc,source_domain/cwru_12khz_fe/IR014_0.mat,IR,source_domain/cwru_12khz_fe/IR014_0.mat,3,train_pool
WIN-14b7f82858bbdbf77eeb,source_domain/cwru_12khz_fe/IR014_0.mat,IR,source_domain/cwru_12khz_fe/IR014_0.mat,3,train_pool
WIN-57fcacb5f64126c65095,source_domain/cwru_12khz_fe/IR014_0.mat,IR,source_domain/cwru_12khz_fe/IR014_0.mat,3,train_pool
WIN-39974fa6f44d1515f03e,source_domain/cwru_12khz_fe/IR014_0.mat,IR,source_domain/cwru_12khz_fe/IR014_0.mat,3,train_pool
WIN-d484361e8fdc962b15cf,source_domain/cwru_12khz_fe/IR014_0.mat,IR,source_domain/cwru_12khz_fe/IR014_0.mat,3,train_pool
WIN-571156a292963ce10be9,source_domain/cwru_12khz_fe/IR014_0.mat,IR,source_domain/cwru_12khz_fe/IR014_0.mat,3,train_pool
WIN-8271e42c86cd42bc4463,source_domain/cwru_12khz_fe/IR014_0.mat,IR,source_domain/cwru_12khz_fe/IR014_0.mat,3,train_pool
WIN-57bd81b8264d6660c5d3,source_domain/cwru_12khz_fe/IR014_0.mat,IR,source_domain/cwru_12khz_fe/IR014_0.mat,3,train_pool
WIN-dad8679918e8871ce2f0,source_domain/cwru_12khz_fe/IR014_0.mat,IR,source_domain/cwru_12khz_fe/IR014_0.mat,3,train_pool
WIN-f7c77baae89c17b6049f,source_domain/cwru_12khz_fe/IR014_0.mat,IR,source_domain/cwru_12khz_fe/IR014_0.mat,3,train_pool
WIN-f743df3c3f350713e282,source_domain/cwru_12khz_fe/IR014_0.mat,IR,source_domain/cwru_12khz_fe/IR014_0.mat,3,train_pool
WIN-85ae90faabadab7d5828,source_domain/cwru_12khz_fe/IR014_1.mat,IR,source_domain/cwru_12khz_fe/IR014_1.mat,3,train_pool
WIN-bfd566badf798378011f,source_domain/cwru_12khz_fe/IR014_1.mat,IR,source_domain/cwru_12khz_fe/IR014_1.mat,3,train_pool
WIN-a7acf3397ee9375b0e93,source_domain/cwru_12khz_fe/IR014_1.mat,IR,source_domain/cwru_12khz_fe/IR014_1.mat,3,train_pool
WIN-3826c922b4c105df2f7d,source_domain/cwru_12khz_fe/IR014_1.mat,IR,source_domain/cwru_12khz_fe/IR014_1.mat,3,train_pool
WIN-42e666986313bfbb88ab,source_domain/cwru_12khz_fe/IR014_1.mat,IR,source_domain/cwru_12khz_fe/IR014_1.mat,3,train_pool
WIN-ec477fae56320663b28f,source_domain/cwru_12khz_fe/IR014_1.mat,IR,source_domain/cwru_12khz_fe/IR014_1.mat,3,train_pool
WIN-c99d826df9499e731fbf,source_domain/cwru_12khz_fe/IR014_1.mat,IR,source_domain/cwru_12khz_fe/IR014_1.mat,3,train_pool
WIN-cdc328545af4f4423377,source_domain/cwru_12khz_fe/IR014_1.mat,IR,source_domain/cwru_12khz_fe/IR014_1.mat,3,train_pool
WIN-2290f757189fbcbee4aa,source_domain/cwru_12khz_fe/IR014_1.mat,IR,source_domain/cwru_12khz_fe/IR014_1.mat,3,train_pool
WIN-cc3fd51f324cf584e730,source_domain/cwru_12khz_fe/IR014_1.mat,IR,source_domain/cwru_12khz_fe/IR014_1.mat,3,train_pool
WIN-de8659e3136d7a79549a,source_domain/cwru_12khz_fe/IR014_1.mat,IR,source_domain/cwru_12khz_fe/IR014_1.mat,3,train_pool
WIN-8a9c1c6fa65078d2c247,source_domain/cwru_12khz_fe/IR014_1.mat,IR,source_domain/cwru_12khz_fe/IR014_1.mat,3,train_pool
WIN-9e326f99a153645d35c6,source_domain/cwru_12khz_fe/IR014_1.mat,IR,source_domain/cwru_12khz_fe/IR014_1.mat,3,train_pool
WIN-c6091c5f9ebb00bcb9ad,source_domain/cwru_12khz_fe/IR014_1.mat,IR,source_domain/cwru_12khz_fe/IR014_1.mat,3,train_pool
WIN-230fdb831982ad274196,source_domain/cwru_12khz_fe/IR014_1.mat,IR,source_domain/cwru_12khz_fe/IR014_1.mat,3,train_pool
WIN-8dd5a29353542d2461f5,source_domain/cwru_12khz_fe/IR014_2.mat,IR,source_domain/cwru_12khz_fe/IR014_2.mat,3,train_pool
WIN-1ac7616db8fc9d99f80d,source_domain/cwru_12khz_fe/IR014_2.mat,IR,source_domain/cwru_12khz_fe/IR014_2.mat,3,train_pool
WIN-86e44c67fde4f980e3f0,source_domain/cwru_12khz_fe/IR014_2.mat,IR,source_domain/cwru_12khz_fe/IR014_2.mat,3,train_pool
WIN-0ea1ca1043aa44936435,source_domain/cwru_12khz_fe/IR014_2.mat,IR,source_domain/cwru_12khz_fe/IR014_2.mat,3,train_pool
WIN-d184189702c1c23867ae,source_domain/cwru_12khz_fe/IR014_2.mat,IR,source_domain/cwru_12khz_fe/IR014_2.mat,3,train_pool
WIN-5b1a9fb52dcc810feee9,source_domain/cwru_12khz_fe/IR014_2.mat,IR,source_domain/cwru_12khz_fe/IR014_2.mat,3,train_pool
WIN-be0f658db58ac0f0ff8a,source_domain/cwru_12khz_fe/IR014_2.mat,IR,source_domain/cwru_12khz_fe/IR014_2.mat,3,train_pool
WIN-c8ed48b34da272d4bdf6,source_domain/cwru_12khz_fe/IR014_2.mat,IR,source_domain/cwru_12khz_fe/IR014_2.mat,3,train_pool
WIN-cfd83e247fe639de1309,source_domain/cwru_12khz_fe/IR014_2.mat,IR,source_domain/cwru_12khz_fe/IR014_2.mat,3,train_pool
WIN-92efb6dd469ce2ac10d0,source_domain/cwru_12khz_fe/IR014_2.mat,IR,source_domain/cwru_12khz_fe/IR014_2.mat,3,train_pool
WIN-b0ec0d90db45a81fe520,source_domain/cwru_12khz_fe/IR014_2.mat,IR,source_domain/cwru_12khz_fe/IR014_2.mat,3,train_pool
WIN-bab8f26b2be44958d70f,source_domain/cwru_12khz_fe/IR014_2.mat,IR,source_domain/cwru_12khz_fe/IR014_2.mat,3,train_pool
WIN-307631e7cb0fb39c919d,source_domain/cwru_12khz_fe/IR014_2.mat,IR,source_domain/cwru_12khz_fe/IR014_2.mat,3,train_pool
WIN-580e7f428d853bf89e27,source_domain/cwru_12khz_fe/IR014_2.mat,IR,source_domain/cwru_12khz_fe/IR014_2.mat,3,train_pool
WIN-683537dfcd7db82db89e,source_domain/cwru_12khz_fe/IR014_2.mat,IR,source_domain/cwru_12khz_fe/IR014_2.mat,3,train_pool
WIN-6bcc910060e6a2783f7c,source_domain/cwru_12khz_fe/IR014_3.mat,IR,source_domain/cwru_12khz_fe/IR014_3.mat,3,train_pool
WIN-9db033efbdf410ea51c3,source_domain/cwru_12khz_fe/IR014_3.mat,IR,source_domain/cwru_12khz_fe/IR014_3.mat,3,train_pool
WIN-5067f4851d1df38bb8ea,source_domain/cwru_12khz_fe/IR014_3.mat,IR,source_domain/cwru_12khz_fe/IR014_3.mat,3,train_pool
WIN-57cbd4a80d5d75533139,source_domain/cwru_12khz_fe/IR014_3.mat,IR,source_domain/cwru_12khz_fe/IR014_3.mat,3,train_pool
WIN-c7f02031e7dae0fdecb6,source_domain/cwru_12khz_fe/IR014_3.mat,IR,source_domain/cwru_12khz_fe/IR014_3.mat,3,train_pool
WIN-b3641b72e6f4775ec2bb,source_domain/cwru_12khz_fe/IR014_3.mat,IR,source_domain/cwru_12khz_fe/IR014_3.mat,3,train_pool
WIN-dffb160c65b929775fa1,source_domain/cwru_12khz_fe/IR014_3.mat,IR,source_domain/cwru_12khz_fe/IR014_3.mat,3,train_pool
WIN-1b34a7d35b846363d699,source_domain/cwru_12khz_fe/IR014_3.mat,IR,source_domain/cwru_12khz_fe/IR014_3.mat,3,train_pool
WIN-08914e4d1f36f7fd0623,source_domain/cwru_12khz_fe/IR014_3.mat,IR,source_domain/cwru_12khz_fe/IR014_3.mat,3,train_pool
WIN-c9757224d240ac23ec8b,source_domain/cwru_12khz_fe/IR014_3.mat,IR,source_domain/cwru_12khz_fe/IR014_3.mat,3,train_pool
WIN-9cbbfa0c8ae645300c76,source_domain/cwru_12khz_fe/IR014_3.mat,IR,source_domain/cwru_12khz_fe/IR014_3.mat,3,train_pool
WIN-a8a5f313c519707a0e89,source_domain/cwru_12khz_fe/IR014_3.mat,IR,source_domain/cwru_12khz_fe/IR014_3.mat,3,train_pool
WIN-d8c2edb9471f1ca481a2,source_domain/cwru_12khz_fe/IR014_3.mat,IR,source_domain/cwru_12khz_fe/IR014_3.mat,3,train_pool
WIN-6ac8f82e3370980eb1d2,source_domain/cwru_12khz_fe/IR014_3.mat,IR,source_domain/cwru_12khz_fe/IR014_3.mat,3,train_pool
WIN-1e336694d1ddc07bc2bd,source_domain/cwru_12khz_fe/IR014_3.mat,IR,source_domain/cwru_12khz_fe/IR014_3.mat,3,train_pool
WIN-f1a58f4f3ed23b97e2f0,source_domain/cwru_12khz_fe/IR021_0.mat,IR,source_domain/cwru_12khz_fe/IR021_0.mat,3,train_pool
WIN-cb72ed354d09b4f3ecad,source_domain/cwru_12khz_fe/IR021_0.mat,IR,source_domain/cwru_12khz_fe/IR021_0.mat,3,train_pool
WIN-a2da8eec5688b9029b80,source_domain/cwru_12khz_fe/IR021_0.mat,IR,source_domain/cwru_12khz_fe/IR021_0.mat,3,train_pool
WIN-766984dc5ab18ce09ac3,source_domain/cwru_12khz_fe/IR021_0.mat,IR,source_domain/cwru_12khz_fe/IR021_0.mat,3,train_pool
WIN-df5af39b8a314ea3f8fc,source_domain/cwru_12khz_fe/IR021_0.mat,IR,source_domain/cwru_12khz_fe/IR021_0.mat,3,train_pool
WIN-8cb9e165024733262024,source_domain/cwru_12khz_fe/IR021_0.mat,IR,source_domain/cwru_12khz_fe/IR021_0.mat,3,train_pool
WIN-ea8ee01bb7d4b7a3cf25,source_domain/cwru_12khz_fe/IR021_0.mat,IR,source_domain/cwru_12khz_fe/IR021_0.mat,3,train_pool
WIN-fe7d6dfecf911e3ccf77,source_domain/cwru_12khz_fe/IR021_0.mat,IR,source_domain/cwru_12khz_fe/IR021_0.mat,3,train_pool
WIN-ebb0533d30429f8136a6,source_domain/cwru_12khz_fe/IR021_0.mat,IR,source_domain/cwru_12khz_fe/IR021_0.mat,3,train_pool
WIN-e937ef2c89b66e754692,source_domain/cwru_12khz_fe/IR021_0.mat,IR,source_domain/cwru_12khz_fe/IR021_0.mat,3,train_pool
WIN-b2dfa1f429227c4b8d2f,source_domain/cwru_12khz_fe/IR021_0.mat,IR,source_domain/cwru_12khz_fe/IR021_0.mat,3,train_pool
WIN-49dbfe60afc8e26b16f0,source_domain/cwru_12khz_fe/IR021_0.mat,IR,source_domain/cwru_12khz_fe/IR021_0.mat,3,train_pool
WIN-7bb0c885759045a6654a,source_domain/cwru_12khz_fe/IR021_0.mat,IR,source_domain/cwru_12khz_fe/IR021_0.mat,3,train_pool
WIN-cce1986cc6e147facd2e,source_domain/cwru_12khz_fe/IR021_0.mat,IR,source_domain/cwru_12khz_fe/IR021_0.mat,3,train_pool
WIN-956cec6db54c9f576589,source_domain/cwru_12khz_fe/IR021_0.mat,IR,source_domain/cwru_12khz_fe/IR021_0.mat,3,train_pool
WIN-af90dedd3ab6bb4603ce,source_domain/cwru_12khz_fe/IR021_1.mat,IR,source_domain/cwru_12khz_fe/IR021_1.mat,3,train_pool
WIN-ae5f60f8b954a932da59,source_domain/cwru_12khz_fe/IR021_1.mat,IR,source_domain/cwru_12khz_fe/IR021_1.mat,3,train_pool
WIN-541679f2292056c93c74,source_domain/cwru_12khz_fe/IR021_1.mat,IR,source_domain/cwru_12khz_fe/IR021_1.mat,3,train_pool
WIN-2815b3949c9296691723,source_domain/cwru_12khz_fe/IR021_1.mat,IR,source_domain/cwru_12khz_fe/IR021_1.mat,3,train_pool
WIN-12b47fd529ff613b50db,source_domain/cwru_12khz_fe/IR021_1.mat,IR,source_domain/cwru_12khz_fe/IR021_1.mat,3,train_pool
WIN-92a05a596e09faf0469e,source_domain/cwru_12khz_fe/IR021_1.mat,IR,source_domain/cwru_12khz_fe/IR021_1.mat,3,train_pool
WIN-ac28aca983a363ed75a1,source_domain/cwru_12khz_fe/IR021_1.mat,IR,source_domain/cwru_12khz_fe/IR021_1.mat,3,train_pool
WIN-b22099acebbf932611c6,source_domain/cwru_12khz_fe/IR021_1.mat,IR,source_domain/cwru_12khz_fe/IR021_1.mat,3,train_pool
WIN-1edb17d9e2db8860f262,source_domain/cwru_12khz_fe/IR021_1.mat,IR,source_domain/cwru_12khz_fe/IR021_1.mat,3,train_pool
WIN-ad0526632af328ea078a,source_domain/cwru_12khz_fe/IR021_1.mat,IR,source_domain/cwru_12khz_fe/IR021_1.mat,3,train_pool
WIN-a12e8064cf48351cf1c4,source_domain/cwru_12khz_fe/IR021_1.mat,IR,source_domain/cwru_12khz_fe/IR021_1.mat,3,train_pool
WIN-645dcea1edad34cd7ebc,source_domain/cwru_12khz_fe/IR021_1.mat,IR,source_domain/cwru_12khz_fe/IR021_1.mat,3,train_pool
WIN-93a655c71ace7cf36461,source_domain/cwru_12khz_fe/IR021_1.mat,IR,source_domain/cwru_12khz_fe/IR021_1.mat,3,train_pool
WIN-ea175eb069f7f0e8a1dc,source_domain/cwru_12khz_fe/IR021_1.mat,IR,source_domain/cwru_12khz_fe/IR021_1.mat,3,train_pool
WIN-02e858828f8d6253d825,source_domain/cwru_12khz_fe/IR021_1.mat,IR,source_domain/cwru_12khz_fe/IR021_1.mat,3,train_pool
WIN-ade818bd37afd0fa0740,source_domain/cwru_12khz_fe/IR021_2.mat,IR,source_domain/cwru_12khz_fe/IR021_2.mat,3,train_pool
WIN-067e8414e36b441ec9ad,source_domain/cwru_12khz_fe/IR021_2.mat,IR,source_domain/cwru_12khz_fe/IR021_2.mat,3,train_pool
WIN-82fc40b80dc0401d1d59,source_domain/cwru_12khz_fe/IR021_2.mat,IR,source_domain/cwru_12khz_fe/IR021_2.mat,3,train_pool
WIN-257b647f86237e701c07,source_domain/cwru_12khz_fe/IR021_2.mat,IR,source_domain/cwru_12khz_fe/IR021_2.mat,3,train_pool
WIN-681f97c80b2d7a4390c4,source_domain/cwru_12khz_fe/IR021_2.mat,IR,source_domain/cwru_12khz_fe/IR021_2.mat,3,train_pool
WIN-ffd41a97997930c06560,source_domain/cwru_12khz_fe/IR021_2.mat,IR,source_domain/cwru_12khz_fe/IR021_2.mat,3,train_pool
WIN-01ddea71fe80693dcd0c,source_domain/cwru_12khz_fe/IR021_2.mat,IR,source_domain/cwru_12khz_fe/IR021_2.mat,3,train_pool
WIN-f7c97c65fdb4734fcde1,source_domain/cwru_12khz_fe/IR021_2.mat,IR,source_domain/cwru_12khz_fe/IR021_2.mat,3,train_pool
WIN-a08c9311a67a450e72fc,source_domain/cwru_12khz_fe/IR021_2.mat,IR,source_domain/cwru_12khz_fe/IR021_2.mat,3,train_pool
WIN-ba515142a0007c4b2629,source_domain/cwru_12khz_fe/IR021_2.mat,IR,source_domain/cwru_12khz_fe/IR021_2.mat,3,train_pool
WIN-3162e5c6e8dc56508eb5,source_domain/cwru_12khz_fe/IR021_2.mat,IR,source_domain/cwru_12khz_fe/IR021_2.mat,3,train_pool
WIN-4efa088d6b62e83b982a,source_domain/cwru_12khz_fe/IR021_2.mat,IR,source_domain/cwru_12khz_fe/IR021_2.mat,3,train_pool
WIN-ac9006c3212e10886f49,source_domain/cwru_12khz_fe/IR021_2.mat,IR,source_domain/cwru_12khz_fe/IR021_2.mat,3,train_pool
WIN-4ea6f053c047ef8704fa,source_domain/cwru_12khz_fe/IR021_2.mat,IR,source_domain/cwru_12khz_fe/IR021_2.mat,3,train_pool
WIN-3f93669f64da8cfeb4f1,source_domain/cwru_12khz_fe/IR021_2.mat,IR,source_domain/cwru_12khz_fe/IR021_2.mat,3,train_pool
WIN-7cfe75c680335acb71fc,source_domain/cwru_12khz_fe/IR021_3.mat,IR,source_domain/cwru_12khz_fe/IR021_3.mat,3,test
WIN-da1b2290cde4e3240e8d,source_domain/cwru_12khz_fe/IR021_3.mat,IR,source_domain/cwru_12khz_fe/IR021_3.mat,3,test
WIN-bf01017e9d620164e839,source_domain/cwru_12khz_fe/IR021_3.mat,IR,source_domain/cwru_12khz_fe/IR021_3.mat,3,test
WIN-648a6afb261a5ec06b8d,source_domain/cwru_12khz_fe/IR021_3.mat,IR,source_domain/cwru_12khz_fe/IR021_3.mat,3,test
WIN-8eb23f44087b49271219,source_domain/cwru_12khz_fe/IR021_3.mat,IR,source_domain/cwru_12khz_fe/IR021_3.mat,3,test
WIN-576502aab2e9e4c4775a,source_domain/cwru_12khz_fe/IR021_3.mat,IR,source_domain/cwru_12khz_fe/IR021_3.mat,3,test
WIN-ff4ea363627c75a13ff7,source_domain/cwru_12khz_fe/IR021_3.mat,IR,source_domain/cwru_12khz_fe/IR021_3.mat,3,test
WIN-fe77534eb996ee41b69b,source_domain/cwru_12khz_fe/IR021_3.mat,IR,source_domain/cwru_12khz_fe/IR021_3.mat,3,test
WIN-a1f094216dd6a49cd973,source_domain/cwru_12khz_fe/IR021_3.mat,IR,source_domain/cwru_12khz_fe/IR021_3.mat,3,test
WIN-bd4fdc3c59effa9f13f6,source_domain/cwru_12khz_fe/IR021_3.mat,IR,source_domain/cwru_12khz_fe/IR021_3.mat,3,test
WIN-00154dd47f4b27756990,source_domain/cwru_12khz_fe/IR021_3.mat,IR,source_domain/cwru_12khz_fe/IR021_3.mat,3,test
WIN-9805925649c8dcb8c2ca,source_domain/cwru_12khz_fe/IR021_3.mat,IR,source_domain/cwru_12khz_fe/IR021_3.mat,3,test
WIN-9439f1aa6712cf6d7c0e,source_domain/cwru_12khz_fe/IR021_3.mat,IR,source_domain/cwru_12khz_fe/IR021_3.mat,3,test
WIN-b98a836d1a68b385c13b,source_domain/cwru_12khz_fe/IR021_3.mat,IR,source_domain/cwru_12khz_fe/IR021_3.mat,3,test
WIN-46747e8a8dc1c5a79865,source_domain/cwru_12khz_fe/IR021_3.mat,IR,source_domain/cwru_12khz_fe/IR021_3.mat,3,test
WIN-fa6c8cafed1699d7517f,source_domain/cwru_12khz_fe/OR007@12_0.mat,OR,source_domain/cwru_12khz_fe/OR007@12_0.mat,3,test
WIN-748be3b276d7164e9abc,source_domain/cwru_12khz_fe/OR007@12_0.mat,OR,source_domain/cwru_12khz_fe/OR007@12_0.mat,3,test
WIN-8bc0f9ecea59ddc8639a,source_domain/cwru_12khz_fe/OR007@12_0.mat,OR,source_domain/cwru_12khz_fe/OR007@12_0.mat,3,test
WIN-5fd668811bc1cd1d4aa5,source_domain/cwru_12khz_fe/OR007@12_0.mat,OR,source_domain/cwru_12khz_fe/OR007@12_0.mat,3,test
WIN-d946fc2423b4c37de0ba,source_domain/cwru_12khz_fe/OR007@12_0.mat,OR,source_domain/cwru_12khz_fe/OR007@12_0.mat,3,test
WIN-c40afc9071dd90c1dd08,source_domain/cwru_12khz_fe/OR007@12_0.mat,OR,source_domain/cwru_12khz_fe/OR007@12_0.mat,3,test
WIN-99e8592999abd62a92ed,source_domain/cwru_12khz_fe/OR007@12_0.mat,OR,source_domain/cwru_12khz_fe/OR007@12_0.mat,3,test
WIN-74dc12ae699664545810,source_domain/cwru_12khz_fe/OR007@12_0.mat,OR,source_domain/cwru_12khz_fe/OR007@12_0.mat,3,test
WIN-9a56271c78fb4a9291b4,source_domain/cwru_12khz_fe/OR007@12_0.mat,OR,source_domain/cwru_12khz_fe/OR007@12_0.mat,3,test
WIN-a08c283a0089fd3a3c77,source_domain/cwru_12khz_fe/OR007@12_0.mat,OR,source_domain/cwru_12khz_fe/OR007@12_0.mat,3,test
WIN-ebe16bfdb825565c17b5,source_domain/cwru_12khz_fe/OR007@12_0.mat,OR,source_domain/cwru_12khz_fe/OR007@12_0.mat,3,test
WIN-85ab41149290cae6fc68,source_domain/cwru_12khz_fe/OR007@12_0.mat,OR,source_domain/cwru_12khz_fe/OR007@12_0.mat,3,test
WIN-fcc50a408ff847057e1f,source_domain/cwru_12khz_fe/OR007@12_0.mat,OR,source_domain/cwru_12khz_fe/OR007@12_0.mat,3,test
WIN-eb08ea4539f25f0f13aa,source_domain/cwru_12khz_fe/OR007@12_0.mat,OR,source_domain/cwru_12khz_fe/OR007@12_0.mat,3,test
WIN-d3143590034485211717,source_domain/cwru_12khz_fe/OR007@12_0.mat,OR,source_domain/cwru_12khz_fe/OR007@12_0.mat,3,test
WIN-7718500823160a4ed834,source_domain/cwru_12khz_fe/OR007@12_1.mat,OR,source_domain/cwru_12khz_fe/OR007@12_1.mat,3,test
WIN-b8cdede8b847e897b910,source_domain/cwru_12khz_fe/OR007@12_1.mat,OR,source_domain/cwru_12khz_fe/OR007@12_1.mat,3,test
WIN-ca8f05b4736b05a7abca,source_domain/cwru_12khz_fe/OR007@12_1.mat,OR,source_domain/cwru_12khz_fe/OR007@12_1.mat,3,test
WIN-1c99fd92750e4cd5b69c,source_domain/cwru_12khz_fe/OR007@12_1.mat,OR,source_domain/cwru_12khz_fe/OR007@12_1.mat,3,test
WIN-cd5cee30908fa9dd322b,source_domain/cwru_12khz_fe/OR007@12_1.mat,OR,source_domain/cwru_12khz_fe/OR007@12_1.mat,3,test
WIN-afc638373581bdc53f82,source_domain/cwru_12khz_fe/OR007@12_1.mat,OR,source_domain/cwru_12khz_fe/OR007@12_1.mat,3,test
WIN-8cabc3cb4a6808623153,source_domain/cwru_12khz_fe/OR007@12_1.mat,OR,source_domain/cwru_12khz_fe/OR007@12_1.mat,3,test
WIN-417a6c5dddcd5efa5b3b,source_domain/cwru_12khz_fe/OR007@12_1.mat,OR,source_domain/cwru_12khz_fe/OR007@12_1.mat,3,test
WIN-62e1ec01435b9a7e2987,source_domain/cwru_12khz_fe/OR007@12_1.mat,OR,source_domain/cwru_12khz_fe/OR007@12_1.mat,3,test
WIN-b0be68aa03be9e5b88f7,source_domain/cwru_12khz_fe/OR007@12_1.mat,OR,source_domain/cwru_12khz_fe/OR007@12_1.mat,3,test
WIN-97a36bbaed1c66c89785,source_domain/cwru_12khz_fe/OR007@12_1.mat,OR,source_domain/cwru_12khz_fe/OR007@12_1.mat,3,test
WIN-85d57386065519c18595,source_domain/cwru_12khz_fe/OR007@12_1.mat,OR,source_domain/cwru_12khz_fe/OR007@12_1.mat,3,test
WIN-5c60b10030023ecb1fa2,source_domain/cwru_12khz_fe/OR007@12_1.mat,OR,source_domain/cwru_12khz_fe/OR007@12_1.mat,3,test
WIN-093bb1843cb54e36e1aa,source_domain/cwru_12khz_fe/OR007@12_1.mat,OR,source_domain/cwru_12khz_fe/OR007@12_1.mat,3,test
WIN-197100a504dd69920efc,source_domain/cwru_12khz_fe/OR007@12_1.mat,OR,source_domain/cwru_12khz_fe/OR007@12_1.mat,3,test
WIN-063ab624c8752b408780,source_domain/cwru_12khz_fe/OR007@12_2.mat,OR,source_domain/cwru_12khz_fe/OR007@12_2.mat,3,test
WIN-f1107cc11bdac17af08c,source_domain/cwru_12khz_fe/OR007@12_2.mat,OR,source_domain/cwru_12khz_fe/OR007@12_2.mat,3,test
WIN-3014bdc518adf9950ef6,source_domain/cwru_12khz_fe/OR007@12_2.mat,OR,source_domain/cwru_12khz_fe/OR007@12_2.mat,3,test
WIN-77a4bd2a6e9de53d89ca,source_domain/cwru_12khz_fe/OR007@12_2.mat,OR,source_domain/cwru_12khz_fe/OR007@12_2.mat,3,test
WIN-5067f5afa2eabe744cf8,source_domain/cwru_12khz_fe/OR007@12_2.mat,OR,source_domain/cwru_12khz_fe/OR007@12_2.mat,3,test
WIN-58be6c5e49ca140386a7,source_domain/cwru_12khz_fe/OR007@12_2.mat,OR,source_domain/cwru_12khz_fe/OR007@12_2.mat,3,test
WIN-19c4a444de9952f7f4cb,source_domain/cwru_12khz_fe/OR007@12_2.mat,OR,source_domain/cwru_12khz_fe/OR007@12_2.mat,3,test
WIN-14fc350ca3de6b08c1fe,source_domain/cwru_12khz_fe/OR007@12_2.mat,OR,source_domain/cwru_12khz_fe/OR007@12_2.mat,3,test
WIN-2300f48ede3c1dfa5ddc,source_domain/cwru_12khz_fe/OR007@12_2.mat,OR,source_domain/cwru_12khz_fe/OR007@12_2.mat,3,test
WIN-993dae3161d23c470ed8,source_domain/cwru_12khz_fe/OR007@12_2.mat,OR,source_domain/cwru_12khz_fe/OR007@12_2.mat,3,test
WIN-75ec544d8283c18f4ce5,source_domain/cwru_12khz_fe/OR007@12_2.mat,OR,source_domain/cwru_12khz_fe/OR007@12_2.mat,3,test
WIN-11a0bf973c6f23ed135a,source_domain/cwru_12khz_fe/OR007@12_2.mat,OR,source_domain/cwru_12khz_fe/OR007@12_2.mat,3,test
WIN-17d812e2b50736529c3d,source_domain/cwru_12khz_fe/OR007@12_2.mat,OR,source_domain/cwru_12khz_fe/OR007@12_2.mat,3,test
WIN-865046b21f0a63655703,source_domain/cwru_12khz_fe/OR007@12_2.mat,OR,source_domain/cwru_12khz_fe/OR007@12_2.mat,3,test
WIN-a7c54d1d3c47c7e8c1ea,source_domain/cwru_12khz_fe/OR007@12_2.mat,OR,source_domain/cwru_12khz_fe/OR007@12_2.mat,3,test
WIN-46706137a5972d3a1ecc,source_domain/cwru_12khz_fe/OR007@12_3.mat,OR,source_domain/cwru_12khz_fe/OR007@12_3.mat,3,train_pool
WIN-2c7eb1f0c7ce0c05eb21,source_domain/cwru_12khz_fe/OR007@12_3.mat,OR,source_domain/cwru_12khz_fe/OR007@12_3.mat,3,train_pool
WIN-7d3864499d7d58bc6502,source_domain/cwru_12khz_fe/OR007@12_3.mat,OR,source_domain/cwru_12khz_fe/OR007@12_3.mat,3,train_pool
WIN-f84ed1c02fdc2dd93018,source_domain/cwru_12khz_fe/OR007@12_3.mat,OR,source_domain/cwru_12khz_fe/OR007@12_3.mat,3,train_pool
WIN-10bf77aae85d6fea8141,source_domain/cwru_12khz_fe/OR007@12_3.mat,OR,source_domain/cwru_12khz_fe/OR007@12_3.mat,3,train_pool
WIN-df325a4f39970a7614b7,source_domain/cwru_12khz_fe/OR007@12_3.mat,OR,source_domain/cwru_12khz_fe/OR007@12_3.mat,3,train_pool
WIN-2ebb9e36f146e958cd29,source_domain/cwru_12khz_fe/OR007@12_3.mat,OR,source_domain/cwru_12khz_fe/OR007@12_3.mat,3,train_pool
WIN-9dc3fc35b87ff32438f9,source_domain/cwru_12khz_fe/OR007@12_3.mat,OR,source_domain/cwru_12khz_fe/OR007@12_3.mat,3,train_pool
WIN-ba912dc1cc30dd45177a,source_domain/cwru_12khz_fe/OR007@12_3.mat,OR,source_domain/cwru_12khz_fe/OR007@12_3.mat,3,train_pool
WIN-cee281a823fc518d678a,source_domain/cwru_12khz_fe/OR007@12_3.mat,OR,source_domain/cwru_12khz_fe/OR007@12_3.mat,3,train_pool
WIN-3ca6b628cde95b69795b,source_domain/cwru_12khz_fe/OR007@12_3.mat,OR,source_domain/cwru_12khz_fe/OR007@12_3.mat,3,train_pool
WIN-d4fe139a2b4ff815788c,source_domain/cwru_12khz_fe/OR007@12_3.mat,OR,source_domain/cwru_12khz_fe/OR007@12_3.mat,3,train_pool
WIN-3129d49023847241fc96,source_domain/cwru_12khz_fe/OR007@12_3.mat,OR,source_domain/cwru_12khz_fe/OR007@12_3.mat,3,train_pool
WIN-b74d8c4470bfeba49f02,source_domain/cwru_12khz_fe/OR007@12_3.mat,OR,source_domain/cwru_12khz_fe/OR007@12_3.mat,3,train_pool
WIN-2aed894203967d14a01b,source_domain/cwru_12khz_fe/OR007@12_3.mat,OR,source_domain/cwru_12khz_fe/OR007@12_3.mat,3,train_pool
WIN-09a41abe2fd00223a4e1,source_domain/cwru_12khz_fe/OR007@3_0.mat,OR,source_domain/cwru_12khz_fe/OR007@3_0.mat,3,train_pool
WIN-2b526834e035ce798e75,source_domain/cwru_12khz_fe/OR007@3_0.mat,OR,source_domain/cwru_12khz_fe/OR007@3_0.mat,3,train_pool
WIN-1715a2eca1dac78ae4a6,source_domain/cwru_12khz_fe/OR007@3_0.mat,OR,source_domain/cwru_12khz_fe/OR007@3_0.mat,3,train_pool
WIN-16cdcd37780c38f5f551,source_domain/cwru_12khz_fe/OR007@3_0.mat,OR,source_domain/cwru_12khz_fe/OR007@3_0.mat,3,train_pool
WIN-24abd296e76c9603c4a2,source_domain/cwru_12khz_fe/OR007@3_0.mat,OR,source_domain/cwru_12khz_fe/OR007@3_0.mat,3,train_pool
WIN-986d4511d7ecbac5c050,source_domain/cwru_12khz_fe/OR007@3_0.mat,OR,source_domain/cwru_12khz_fe/OR007@3_0.mat,3,train_pool
WIN-28369640a77cf3915447,source_domain/cwru_12khz_fe/OR007@3_0.mat,OR,source_domain/cwru_12khz_fe/OR007@3_0.mat,3,train_pool
WIN-43ed1c32539cf447d554,source_domain/cwru_12khz_fe/OR007@3_0.mat,OR,source_domain/cwru_12khz_fe/OR007@3_0.mat,3,train_pool
WIN-9083020b3cc706d9b1b0,source_domain/cwru_12khz_fe/OR007@3_0.mat,OR,source_domain/cwru_12khz_fe/OR007@3_0.mat,3,train_pool
WIN-4cb649991a80a87dfb5f,source_domain/cwru_12khz_fe/OR007@3_0.mat,OR,source_domain/cwru_12khz_fe/OR007@3_0.mat,3,train_pool
WIN-1d9c9219d661f58c147a,source_domain/cwru_12khz_fe/OR007@3_0.mat,OR,source_domain/cwru_12khz_fe/OR007@3_0.mat,3,train_pool
WIN-4f48576279475268a3fb,source_domain/cwru_12khz_fe/OR007@3_0.mat,OR,source_domain/cwru_12khz_fe/OR007@3_0.mat,3,train_pool
WIN-649eeac278ab6d04e72a,source_domain/cwru_12khz_fe/OR007@3_0.mat,OR,source_domain/cwru_12khz_fe/OR007@3_0.mat,3,train_pool
WIN-060be6536c9238296b2e,source_domain/cwru_12khz_fe/OR007@3_0.mat,OR,source_domain/cwru_12khz_fe/OR007@3_0.mat,3,train_pool
WIN-45ac628e7c5ffb741ed6,source_domain/cwru_12khz_fe/OR007@3_0.mat,OR,source_domain/cwru_12khz_fe/OR007@3_0.mat,3,train_pool
WIN-c91ca1e4f1129795cf85,source_domain/cwru_12khz_fe/OR007@3_1.mat,OR,source_domain/cwru_12khz_fe/OR007@3_1.mat,3,test
WIN-8730cf62220464d5f536,source_domain/cwru_12khz_fe/OR007@3_1.mat,OR,source_domain/cwru_12khz_fe/OR007@3_1.mat,3,test
WIN-5371b27d3f4fd2278a77,source_domain/cwru_12khz_fe/OR007@3_1.mat,OR,source_domain/cwru_12khz_fe/OR007@3_1.mat,3,test
WIN-61d9ea2bd10f852051a8,source_domain/cwru_12khz_fe/OR007@3_1.mat,OR,source_domain/cwru_12khz_fe/OR007@3_1.mat,3,test
WIN-ce27f35f0030fee76148,source_domain/cwru_12khz_fe/OR007@3_1.mat,OR,source_domain/cwru_12khz_fe/OR007@3_1.mat,3,test
WIN-6ae733112d12a69e7ae7,source_domain/cwru_12khz_fe/OR007@3_1.mat,OR,source_domain/cwru_12khz_fe/OR007@3_1.mat,3,test
WIN-4aff6e3cec25f00228d7,source_domain/cwru_12khz_fe/OR007@3_1.mat,OR,source_domain/cwru_12khz_fe/OR007@3_1.mat,3,test
WIN-3f8a36c31277d6e80322,source_domain/cwru_12khz_fe/OR007@3_1.mat,OR,source_domain/cwru_12khz_fe/OR007@3_1.mat,3,test
WIN-094267f798a58906c9ca,source_domain/cwru_12khz_fe/OR007@3_1.mat,OR,source_domain/cwru_12khz_fe/OR007@3_1.mat,3,test
WIN-467fd7bf969ee55e40dd,source_domain/cwru_12khz_fe/OR007@3_1.mat,OR,source_domain/cwru_12khz_fe/OR007@3_1.mat,3,test
WIN-f6cd5921401e6227410d,source_domain/cwru_12khz_fe/OR007@3_1.mat,OR,source_domain/cwru_12khz_fe/OR007@3_1.mat,3,test
WIN-4163ae8119f72a0c5051,source_domain/cwru_12khz_fe/OR007@3_1.mat,OR,source_domain/cwru_12khz_fe/OR007@3_1.mat,3,test
WIN-fa79573f80bdc7fd9a4c,source_domain/cwru_12khz_fe/OR007@3_1.mat,OR,source_domain/cwru_12khz_fe/OR007@3_1.mat,3,test
WIN-8a3a29c52b32413e9cea,source_domain/cwru_12khz_fe/OR007@3_1.mat,OR,source_domain/cwru_12khz_fe/OR007@3_1.mat,3,test
WIN-2bb1a868957df2438caa,source_domain/cwru_12khz_fe/OR007@3_1.mat,OR,source_domain/cwru_12khz_fe/OR007@3_1.mat,3,test
WIN-e78714f90f3cdf5a705f,source_domain/cwru_12khz_fe/OR007@3_2.mat,OR,source_domain/cwru_12khz_fe/OR007@3_2.mat,3,train_pool
WIN-25ae8a4c998efccb9a95,source_domain/cwru_12khz_fe/OR007@3_2.mat,OR,source_domain/cwru_12khz_fe/OR007@3_2.mat,3,train_pool
WIN-6f14fa52842f76b09c00,source_domain/cwru_12khz_fe/OR007@3_2.mat,OR,source_domain/cwru_12khz_fe/OR007@3_2.mat,3,train_pool
WIN-911dc83c78639aeeb03e,source_domain/cwru_12khz_fe/OR007@3_2.mat,OR,source_domain/cwru_12khz_fe/OR007@3_2.mat,3,train_pool
WIN-f7d1779290dc740f9691,source_domain/cwru_12khz_fe/OR007@3_2.mat,OR,source_domain/cwru_12khz_fe/OR007@3_2.mat,3,train_pool
WIN-2226684687bb63a2bc84,source_domain/cwru_12khz_fe/OR007@3_2.mat,OR,source_domain/cwru_12khz_fe/OR007@3_2.mat,3,train_pool
WIN-04247458f0f89dc258af,source_domain/cwru_12khz_fe/OR007@3_2.mat,OR,source_domain/cwru_12khz_fe/OR007@3_2.mat,3,train_pool
WIN-f8ac89bd4c4a37b1f9fb,source_domain/cwru_12khz_fe/OR007@3_2.mat,OR,source_domain/cwru_12khz_fe/OR007@3_2.mat,3,train_pool
WIN-dd83643ea7dfa10be4a7,source_domain/cwru_12khz_fe/OR007@3_2.mat,OR,source_domain/cwru_12khz_fe/OR007@3_2.mat,3,train_pool
WIN-229cab111ea86e18fc74,source_domain/cwru_12khz_fe/OR007@3_2.mat,OR,source_domain/cwru_12khz_fe/OR007@3_2.mat,3,train_pool
WIN-fcce1e7f4b60dd6bf5a8,source_domain/cwru_12khz_fe/OR007@3_2.mat,OR,source_domain/cwru_12khz_fe/OR007@3_2.mat,3,train_pool
WIN-dbd53d16f64ce87a7afa,source_domain/cwru_12khz_fe/OR007@3_2.mat,OR,source_domain/cwru_12khz_fe/OR007@3_2.mat,3,train_pool
WIN-2326aed37fcd1746ca1f,source_domain/cwru_12khz_fe/OR007@3_2.mat,OR,source_domain/cwru_12khz_fe/OR007@3_2.mat,3,train_pool
WIN-94d57054d0ad044a8469,source_domain/cwru_12khz_fe/OR007@3_2.mat,OR,source_domain/cwru_12khz_fe/OR007@3_2.mat,3,train_pool
WIN-09c6ee0513abe2933b90,source_domain/cwru_12khz_fe/OR007@3_2.mat,OR,source_domain/cwru_12khz_fe/OR007@3_2.mat,3,train_pool
WIN-8cc9594a7ec26fde7b31,source_domain/cwru_12khz_fe/OR007@3_3.mat,OR,source_domain/cwru_12khz_fe/OR007@3_3.mat,3,train_pool
WIN-c44d77f2cabc193355f0,source_domain/cwru_12khz_fe/OR007@3_3.mat,OR,source_domain/cwru_12khz_fe/OR007@3_3.mat,3,train_pool
WIN-9f6155dbab4dc05e09d2,source_domain/cwru_12khz_fe/OR007@3_3.mat,OR,source_domain/cwru_12khz_fe/OR007@3_3.mat,3,train_pool
WIN-de96314178b62c79dfc4,source_domain/cwru_12khz_fe/OR007@3_3.mat,OR,source_domain/cwru_12khz_fe/OR007@3_3.mat,3,train_pool
WIN-a6e936a49fefcb97c166,source_domain/cwru_12khz_fe/OR007@3_3.mat,OR,source_domain/cwru_12khz_fe/OR007@3_3.mat,3,train_pool
WIN-b93c0389339b6d3c88c9,source_domain/cwru_12khz_fe/OR007@3_3.mat,OR,source_domain/cwru_12khz_fe/OR007@3_3.mat,3,train_pool
WIN-a5adc5e31e6bfe750163,source_domain/cwru_12khz_fe/OR007@3_3.mat,OR,source_domain/cwru_12khz_fe/OR007@3_3.mat,3,train_pool
WIN-256691369c87ea8861f1,source_domain/cwru_12khz_fe/OR007@3_3.mat,OR,source_domain/cwru_12khz_fe/OR007@3_3.mat,3,train_pool
WIN-fdf7795e809a33a3f8c1,source_domain/cwru_12khz_fe/OR007@3_3.mat,OR,source_domain/cwru_12khz_fe/OR007@3_3.mat,3,train_pool
WIN-1a0c31abcfb222be6099,source_domain/cwru_12khz_fe/OR007@3_3.mat,OR,source_domain/cwru_12khz_fe/OR007@3_3.mat,3,train_pool
WIN-055647c4a511d2af9978,source_domain/cwru_12khz_fe/OR007@3_3.mat,OR,source_domain/cwru_12khz_fe/OR007@3_3.mat,3,train_pool
WIN-357083e788948f4d4f13,source_domain/cwru_12khz_fe/OR007@3_3.mat,OR,source_domain/cwru_12khz_fe/OR007@3_3.mat,3,train_pool
WIN-53f07e278771522f73ac,source_domain/cwru_12khz_fe/OR007@3_3.mat,OR,source_domain/cwru_12khz_fe/OR007@3_3.mat,3,train_pool
WIN-b5128d095313b5382eb4,source_domain/cwru_12khz_fe/OR007@3_3.mat,OR,source_domain/cwru_12khz_fe/OR007@3_3.mat,3,train_pool
WIN-8f22f88d4cd64cb7e6b3,source_domain/cwru_12khz_fe/OR007@3_3.mat,OR,source_domain/cwru_12khz_fe/OR007@3_3.mat,3,train_pool
WIN-886c23dd6638591aaec0,source_domain/cwru_12khz_fe/OR007@6_0.mat,OR,source_domain/cwru_12khz_fe/OR007@6_0.mat,3,train_pool
WIN-af97d6a9e04417617add,source_domain/cwru_12khz_fe/OR007@6_0.mat,OR,source_domain/cwru_12khz_fe/OR007@6_0.mat,3,train_pool
WIN-efa30cc3a2ed92816aed,source_domain/cwru_12khz_fe/OR007@6_0.mat,OR,source_domain/cwru_12khz_fe/OR007@6_0.mat,3,train_pool
WIN-7089b82171d8c1f899d1,source_domain/cwru_12khz_fe/OR007@6_0.mat,OR,source_domain/cwru_12khz_fe/OR007@6_0.mat,3,train_pool
WIN-60d9b0ed579c572dcbd5,source_domain/cwru_12khz_fe/OR007@6_0.mat,OR,source_domain/cwru_12khz_fe/OR007@6_0.mat,3,train_pool
WIN-6757cecfcb93696b7e63,source_domain/cwru_12khz_fe/OR007@6_0.mat,OR,source_domain/cwru_12khz_fe/OR007@6_0.mat,3,train_pool
WIN-e9818dd29f3f6707b5d8,source_domain/cwru_12khz_fe/OR007@6_0.mat,OR,source_domain/cwru_12khz_fe/OR007@6_0.mat,3,train_pool
WIN-905dc95e598e76866a63,source_domain/cwru_12khz_fe/OR007@6_0.mat,OR,source_domain/cwru_12khz_fe/OR007@6_0.mat,3,train_pool
WIN-3cdb2e14c08a65d61871,source_domain/cwru_12khz_fe/OR007@6_0.mat,OR,source_domain/cwru_12khz_fe/OR007@6_0.mat,3,train_pool
WIN-bae34b43585f25e9574a,source_domain/cwru_12khz_fe/OR007@6_0.mat,OR,source_domain/cwru_12khz_fe/OR007@6_0.mat,3,train_pool
WIN-871dc132fdd23d7ed86b,source_domain/cwru_12khz_fe/OR007@6_0.mat,OR,source_domain/cwru_12khz_fe/OR007@6_0.mat,3,train_pool
WIN-e1cf6299c65e6f91c02e,source_domain/cwru_12khz_fe/OR007@6_0.mat,OR,source_domain/cwru_12khz_fe/OR007@6_0.mat,3,train_pool
WIN-7cc1389b1dfc1169beba,source_domain/cwru_12khz_fe/OR007@6_0.mat,OR,source_domain/cwru_12khz_fe/OR007@6_0.mat,3,train_pool
WIN-8a06df5c41432d906b4d,source_domain/cwru_12khz_fe/OR007@6_0.mat,OR,source_domain/cwru_12khz_fe/OR007@6_0.mat,3,train_pool
WIN-7ce2dc560e4e02eaaa93,source_domain/cwru_12khz_fe/OR007@6_0.mat,OR,source_domain/cwru_12khz_fe/OR007@6_0.mat,3,train_pool
WIN-b6b2759f8352f91385c6,source_domain/cwru_12khz_fe/OR007@6_1.mat,OR,source_domain/cwru_12khz_fe/OR007@6_1.mat,3,train_pool
WIN-9229e6a5f10d3103b3a0,source_domain/cwru_12khz_fe/OR007@6_1.mat,OR,source_domain/cwru_12khz_fe/OR007@6_1.mat,3,train_pool
WIN-ff675681894bc84fb826,source_domain/cwru_12khz_fe/OR007@6_1.mat,OR,source_domain/cwru_12khz_fe/OR007@6_1.mat,3,train_pool
WIN-aa46db7a66608312e249,source_domain/cwru_12khz_fe/OR007@6_1.mat,OR,source_domain/cwru_12khz_fe/OR007@6_1.mat,3,train_pool
WIN-379f90e88480a639fdbd,source_domain/cwru_12khz_fe/OR007@6_1.mat,OR,source_domain/cwru_12khz_fe/OR007@6_1.mat,3,train_pool
WIN-339a9add6d74c0b99029,source_domain/cwru_12khz_fe/OR007@6_1.mat,OR,source_domain/cwru_12khz_fe/OR007@6_1.mat,3,train_pool
WIN-b9eea8e72338bc41f2b0,source_domain/cwru_12khz_fe/OR007@6_1.mat,OR,source_domain/cwru_12khz_fe/OR007@6_1.mat,3,train_pool
WIN-dfcba3e61544b077929a,source_domain/cwru_12khz_fe/OR007@6_1.mat,OR,source_domain/cwru_12khz_fe/OR007@6_1.mat,3,train_pool
WIN-a8cfe540110d3943574d,source_domain/cwru_12khz_fe/OR007@6_1.mat,OR,source_domain/cwru_12khz_fe/OR007@6_1.mat,3,train_pool
WIN-c58af995928a333482a0,source_domain/cwru_12khz_fe/OR007@6_1.mat,OR,source_domain/cwru_12khz_fe/OR007@6_1.mat,3,train_pool
WIN-b1bba7d08a3993e6a2af,source_domain/cwru_12khz_fe/OR007@6_1.mat,OR,source_domain/cwru_12khz_fe/OR007@6_1.mat,3,train_pool
WIN-4241aeffaee17b9a0e3d,source_domain/cwru_12khz_fe/OR007@6_1.mat,OR,source_domain/cwru_12khz_fe/OR007@6_1.mat,3,train_pool
WIN-bd222c7f925c41456329,source_domain/cwru_12khz_fe/OR007@6_1.mat,OR,source_domain/cwru_12khz_fe/OR007@6_1.mat,3,train_pool
WIN-339607495d82db0420a3,source_domain/cwru_12khz_fe/OR007@6_1.mat,OR,source_domain/cwru_12khz_fe/OR007@6_1.mat,3,train_pool
WIN-73a0de716e379e199bf4,source_domain/cwru_12khz_fe/OR007@6_1.mat,OR,source_domain/cwru_12khz_fe/OR007@6_1.mat,3,train_pool
WIN-d3bec76b06a422742775,source_domain/cwru_12khz_fe/OR007@6_2.mat,OR,source_domain/cwru_12khz_fe/OR007@6_2.mat,3,train_pool
WIN-161295d87b1de77b2471,source_domain/cwru_12khz_fe/OR007@6_2.mat,OR,source_domain/cwru_12khz_fe/OR007@6_2.mat,3,train_pool
WIN-ef58e564314086daa891,source_domain/cwru_12khz_fe/OR007@6_2.mat,OR,source_domain/cwru_12khz_fe/OR007@6_2.mat,3,train_pool
WIN-2e51ffb83fef1ccb0ed4,source_domain/cwru_12khz_fe/OR007@6_2.mat,OR,source_domain/cwru_12khz_fe/OR007@6_2.mat,3,train_pool
WIN-64a5b204c39997d67504,source_domain/cwru_12khz_fe/OR007@6_2.mat,OR,source_domain/cwru_12khz_fe/OR007@6_2.mat,3,train_pool
WIN-77959e2d1634a114c33d,source_domain/cwru_12khz_fe/OR007@6_2.mat,OR,source_domain/cwru_12khz_fe/OR007@6_2.mat,3,train_pool
WIN-65dcd0bcaacab2264c51,source_domain/cwru_12khz_fe/OR007@6_2.mat,OR,source_domain/cwru_12khz_fe/OR007@6_2.mat,3,train_pool
WIN-79eae6840a69221bafd6,source_domain/cwru_12khz_fe/OR007@6_2.mat,OR,source_domain/cwru_12khz_fe/OR007@6_2.mat,3,train_pool
WIN-828e3bb5ef1dd0044a37,source_domain/cwru_12khz_fe/OR007@6_2.mat,OR,source_domain/cwru_12khz_fe/OR007@6_2.mat,3,train_pool
WIN-05233c14afc8918bcc0e,source_domain/cwru_12khz_fe/OR007@6_2.mat,OR,source_domain/cwru_12khz_fe/OR007@6_2.mat,3,train_pool
WIN-57cbcb05ebf0abffd980,source_domain/cwru_12khz_fe/OR007@6_2.mat,OR,source_domain/cwru_12khz_fe/OR007@6_2.mat,3,train_pool
WIN-203830bfa3caa65af3c9,source_domain/cwru_12khz_fe/OR007@6_2.mat,OR,source_domain/cwru_12khz_fe/OR007@6_2.mat,3,train_pool
WIN-a20eb768de36050f92f0,source_domain/cwru_12khz_fe/OR007@6_2.mat,OR,source_domain/cwru_12khz_fe/OR007@6_2.mat,3,train_pool
WIN-e63c6b66cd224b51e862,source_domain/cwru_12khz_fe/OR007@6_2.mat,OR,source_domain/cwru_12khz_fe/OR007@6_2.mat,3,train_pool
WIN-b331cad4b396b50ade9b,source_domain/cwru_12khz_fe/OR007@6_2.mat,OR,source_domain/cwru_12khz_fe/OR007@6_2.mat,3,train_pool
WIN-dc246e026a16a9308b7c,source_domain/cwru_12khz_fe/OR007@6_3.mat,OR,source_domain/cwru_12khz_fe/OR007@6_3.mat,3,train_pool
WIN-2e8b910ee86ff2f7ca91,source_domain/cwru_12khz_fe/OR007@6_3.mat,OR,source_domain/cwru_12khz_fe/OR007@6_3.mat,3,train_pool
WIN-4d214093c1bc71885e69,source_domain/cwru_12khz_fe/OR007@6_3.mat,OR,source_domain/cwru_12khz_fe/OR007@6_3.mat,3,train_pool
WIN-69e67fe1de9f0ba190d1,source_domain/cwru_12khz_fe/OR007@6_3.mat,OR,source_domain/cwru_12khz_fe/OR007@6_3.mat,3,train_pool
WIN-71f201b692d6e86ee3bf,source_domain/cwru_12khz_fe/OR007@6_3.mat,OR,source_domain/cwru_12khz_fe/OR007@6_3.mat,3,train_pool
WIN-c92f8602faf52aa67c41,source_domain/cwru_12khz_fe/OR007@6_3.mat,OR,source_domain/cwru_12khz_fe/OR007@6_3.mat,3,train_pool
WIN-3996d45e1ddf96d6f2e2,source_domain/cwru_12khz_fe/OR007@6_3.mat,OR,source_domain/cwru_12khz_fe/OR007@6_3.mat,3,train_pool
WIN-01b084345d1d1dda81c8,source_domain/cwru_12khz_fe/OR007@6_3.mat,OR,source_domain/cwru_12khz_fe/OR007@6_3.mat,3,train_pool
WIN-5c006f77ce463e42e755,source_domain/cwru_12khz_fe/OR007@6_3.mat,OR,source_domain/cwru_12khz_fe/OR007@6_3.mat,3,train_pool
WIN-c9bca0fa61e360d5746b,source_domain/cwru_12khz_fe/OR007@6_3.mat,OR,source_domain/cwru_12khz_fe/OR007@6_3.mat,3,train_pool
WIN-5ae9f6f3696b756cd399,source_domain/cwru_12khz_fe/OR007@6_3.mat,OR,source_domain/cwru_12khz_fe/OR007@6_3.mat,3,train_pool
WIN-0b13bea642e6d77e074f,source_domain/cwru_12khz_fe/OR007@6_3.mat,OR,source_domain/cwru_12khz_fe/OR007@6_3.mat,3,train_pool
WIN-346596b0929cc42917d6,source_domain/cwru_12khz_fe/OR007@6_3.mat,OR,source_domain/cwru_12khz_fe/OR007@6_3.mat,3,train_pool
WIN-58b278a7e2dcbba4fc07,source_domain/cwru_12khz_fe/OR007@6_3.mat,OR,source_domain/cwru_12khz_fe/OR007@6_3.mat,3,train_pool
WIN-8ad57c0b9255dfa199a4,source_domain/cwru_12khz_fe/OR007@6_3.mat,OR,source_domain/cwru_12khz_fe/OR007@6_3.mat,3,train_pool
WIN-51e64d94e6ba2dd02317,source_domain/cwru_12khz_fe/OR014@3_0.mat,OR,source_domain/cwru_12khz_fe/OR014@3_0.mat,3,train_pool
WIN-f34f88daad4b7a9a13bb,source_domain/cwru_12khz_fe/OR014@3_0.mat,OR,source_domain/cwru_12khz_fe/OR014@3_0.mat,3,train_pool
WIN-d41750cb4ba6b45b374d,source_domain/cwru_12khz_fe/OR014@3_0.mat,OR,source_domain/cwru_12khz_fe/OR014@3_0.mat,3,train_pool
WIN-a6960b575c39988059eb,source_domain/cwru_12khz_fe/OR014@3_0.mat,OR,source_domain/cwru_12khz_fe/OR014@3_0.mat,3,train_pool
WIN-c705729605c8ffcb6f46,source_domain/cwru_12khz_fe/OR014@3_0.mat,OR,source_domain/cwru_12khz_fe/OR014@3_0.mat,3,train_pool
WIN-b44ad2caefaee532dc9c,source_domain/cwru_12khz_fe/OR014@3_0.mat,OR,source_domain/cwru_12khz_fe/OR014@3_0.mat,3,train_pool
WIN-bd613a02750615c9c225,source_domain/cwru_12khz_fe/OR014@3_0.mat,OR,source_domain/cwru_12khz_fe/OR014@3_0.mat,3,train_pool
WIN-d08de811b15bb1987617,source_domain/cwru_12khz_fe/OR014@3_0.mat,OR,source_domain/cwru_12khz_fe/OR014@3_0.mat,3,train_pool
WIN-1cf7daa4a95ef9286808,source_domain/cwru_12khz_fe/OR014@3_0.mat,OR,source_domain/cwru_12khz_fe/OR014@3_0.mat,3,train_pool
WIN-1503c05f80ff9e37c282,source_domain/cwru_12khz_fe/OR014@3_0.mat,OR,source_domain/cwru_12khz_fe/OR014@3_0.mat,3,train_pool
WIN-0e4db0e40ed1f08b6a51,source_domain/cwru_12khz_fe/OR014@3_0.mat,OR,source_domain/cwru_12khz_fe/OR014@3_0.mat,3,train_pool
WIN-fd313f29908670a0da12,source_domain/cwru_12khz_fe/OR014@3_0.mat,OR,source_domain/cwru_12khz_fe/OR014@3_0.mat,3,train_pool
WIN-0f9b2af42d34b44da4c2,source_domain/cwru_12khz_fe/OR014@3_0.mat,OR,source_domain/cwru_12khz_fe/OR014@3_0.mat,3,train_pool
WIN-d2bf5edb6294c03be3e5,source_domain/cwru_12khz_fe/OR014@3_0.mat,OR,source_domain/cwru_12khz_fe/OR014@3_0.mat,3,train_pool
WIN-0dba483cd52e28da632f,source_domain/cwru_12khz_fe/OR014@3_0.mat,OR,source_domain/cwru_12khz_fe/OR014@3_0.mat,3,train_pool
WIN-8c5c2f4a696f556b0d19,source_domain/cwru_12khz_fe/OR014@3_1.mat,OR,source_domain/cwru_12khz_fe/OR014@3_1.mat,3,train_pool
WIN-53a159cc2fc7cc77a379,source_domain/cwru_12khz_fe/OR014@3_1.mat,OR,source_domain/cwru_12khz_fe/OR014@3_1.mat,3,train_pool
WIN-b6b91b00c0fccab7f7f1,source_domain/cwru_12khz_fe/OR014@3_1.mat,OR,source_domain/cwru_12khz_fe/OR014@3_1.mat,3,train_pool
WIN-b10bbdf4c10aaab818af,source_domain/cwru_12khz_fe/OR014@3_1.mat,OR,source_domain/cwru_12khz_fe/OR014@3_1.mat,3,train_pool
WIN-8d67a46a2121dd909f68,source_domain/cwru_12khz_fe/OR014@3_1.mat,OR,source_domain/cwru_12khz_fe/OR014@3_1.mat,3,train_pool
WIN-a179e3ac14ea80714945,source_domain/cwru_12khz_fe/OR014@3_1.mat,OR,source_domain/cwru_12khz_fe/OR014@3_1.mat,3,train_pool
WIN-1bce2fc71404cbcfeb18,source_domain/cwru_12khz_fe/OR014@3_1.mat,OR,source_domain/cwru_12khz_fe/OR014@3_1.mat,3,train_pool
WIN-8fec5551862db2f244aa,source_domain/cwru_12khz_fe/OR014@3_1.mat,OR,source_domain/cwru_12khz_fe/OR014@3_1.mat,3,train_pool
WIN-e568f4445c9a447c1e92,source_domain/cwru_12khz_fe/OR014@3_1.mat,OR,source_domain/cwru_12khz_fe/OR014@3_1.mat,3,train_pool
WIN-cf13bfe3e7d6f5d19f0a,source_domain/cwru_12khz_fe/OR014@3_1.mat,OR,source_domain/cwru_12khz_fe/OR014@3_1.mat,3,train_pool
WIN-8b121ef2433d93440359,source_domain/cwru_12khz_fe/OR014@3_1.mat,OR,source_domain/cwru_12khz_fe/OR014@3_1.mat,3,train_pool
WIN-32503f132f17adc51e85,source_domain/cwru_12khz_fe/OR014@3_1.mat,OR,source_domain/cwru_12khz_fe/OR014@3_1.mat,3,train_pool
WIN-b7d9c4e94ccf982535a2,source_domain/cwru_12khz_fe/OR014@3_1.mat,OR,source_domain/cwru_12khz_fe/OR014@3_1.mat,3,train_pool
WIN-9e87a135b2d73e9dd7f6,source_domain/cwru_12khz_fe/OR014@3_1.mat,OR,source_domain/cwru_12khz_fe/OR014@3_1.mat,3,train_pool
WIN-593a648bfb02094b8ed8,source_domain/cwru_12khz_fe/OR014@3_1.mat,OR,source_domain/cwru_12khz_fe/OR014@3_1.mat,3,train_pool
WIN-57ffa0f255cff11ff648,source_domain/cwru_12khz_fe/OR014@3_1.mat,OR,source_domain/cwru_12khz_fe/OR014@3_1.mat,3,train_pool
WIN-59f59b72b33551329818,source_domain/cwru_12khz_fe/OR014@3_1.mat,OR,source_domain/cwru_12khz_fe/OR014@3_1.mat,3,train_pool
WIN-26a74af4c843ff6daf41,source_domain/cwru_12khz_fe/OR014@3_1.mat,OR,source_domain/cwru_12khz_fe/OR014@3_1.mat,3,train_pool
WIN-14d7f80984a0b752a720,source_domain/cwru_12khz_fe/OR014@3_1.mat,OR,source_domain/cwru_12khz_fe/OR014@3_1.mat,3,train_pool
WIN-6af8a9abcc1d54ea6a8f,source_domain/cwru_12khz_fe/OR014@3_2.mat,OR,source_domain/cwru_12khz_fe/OR014@3_2.mat,3,train_pool
WIN-6d3313e3f3f6965f01ad,source_domain/cwru_12khz_fe/OR014@3_2.mat,OR,source_domain/cwru_12khz_fe/OR014@3_2.mat,3,train_pool
WIN-37d0018cbfa47696f984,source_domain/cwru_12khz_fe/OR014@3_2.mat,OR,source_domain/cwru_12khz_fe/OR014@3_2.mat,3,train_pool
WIN-d92cc1bad4316b7d1a8b,source_domain/cwru_12khz_fe/OR014@3_2.mat,OR,source_domain/cwru_12khz_fe/OR014@3_2.mat,3,train_pool
WIN-0bda89a6cbca00fc09ee,source_domain/cwru_12khz_fe/OR014@3_2.mat,OR,source_domain/cwru_12khz_fe/OR014@3_2.mat,3,train_pool
WIN-d81d869b3bdb93c8b152,source_domain/cwru_12khz_fe/OR014@3_2.mat,OR,source_domain/cwru_12khz_fe/OR014@3_2.mat,3,train_pool
WIN-95032c32fc26b6aa91a4,source_domain/cwru_12khz_fe/OR014@3_2.mat,OR,source_domain/cwru_12khz_fe/OR014@3_2.mat,3,train_pool
WIN-b4c1295d21b4bedbce89,source_domain/cwru_12khz_fe/OR014@3_2.mat,OR,source_domain/cwru_12khz_fe/OR014@3_2.mat,3,train_pool
WIN-f036030be2575b1e9fac,source_domain/cwru_12khz_fe/OR014@3_2.mat,OR,source_domain/cwru_12khz_fe/OR014@3_2.mat,3,train_pool
WIN-36737f655d76b9c438d2,source_domain/cwru_12khz_fe/OR014@3_2.mat,OR,source_domain/cwru_12khz_fe/OR014@3_2.mat,3,train_pool
WIN-b6c96400ed4fb9d9799c,source_domain/cwru_12khz_fe/OR014@3_2.mat,OR,source_domain/cwru_12khz_fe/OR014@3_2.mat,3,train_pool
WIN-f39a39c07848c2fa8cf4,source_domain/cwru_12khz_fe/OR014@3_2.mat,OR,source_domain/cwru_12khz_fe/OR014@3_2.mat,3,train_pool
WIN-c50a0cc2f993812c0db1,source_domain/cwru_12khz_fe/OR014@3_2.mat,OR,source_domain/cwru_12khz_fe/OR014@3_2.mat,3,train_pool
WIN-ab70f1377e750813aee3,source_domain/cwru_12khz_fe/OR014@3_2.mat,OR,source_domain/cwru_12khz_fe/OR014@3_2.mat,3,train_pool
WIN-778cd539f2bc49785463,source_domain/cwru_12khz_fe/OR014@3_2.mat,OR,source_domain/cwru_12khz_fe/OR014@3_2.mat,3,train_pool
WIN-f163cf2d3db17d465291,source_domain/cwru_12khz_fe/OR014@3_3.mat,OR,source_domain/cwru_12khz_fe/OR014@3_3.mat,3,train_pool
WIN-5c43bbbdaa57bc0b8283,source_domain/cwru_12khz_fe/OR014@3_3.mat,OR,source_domain/cwru_12khz_fe/OR014@3_3.mat,3,train_pool
WIN-49b7c7da22a45c2bbf70,source_domain/cwru_12khz_fe/OR014@3_3.mat,OR,source_domain/cwru_12khz_fe/OR014@3_3.mat,3,train_pool
WIN-fa179cb10c4e051257c3,source_domain/cwru_12khz_fe/OR014@3_3.mat,OR,source_domain/cwru_12khz_fe/OR014@3_3.mat,3,train_pool
WIN-29f7163d7050e10356e5,source_domain/cwru_12khz_fe/OR014@3_3.mat,OR,source_domain/cwru_12khz_fe/OR014@3_3.mat,3,train_pool
WIN-2b3b8ca4b94f1a66a6f0,source_domain/cwru_12khz_fe/OR014@3_3.mat,OR,source_domain/cwru_12khz_fe/OR014@3_3.mat,3,train_pool
WIN-7b42bfb24ae6986130ca,source_domain/cwru_12khz_fe/OR014@3_3.mat,OR,source_domain/cwru_12khz_fe/OR014@3_3.mat,3,train_pool
WIN-e2fa3d0026ee95555403,source_domain/cwru_12khz_fe/OR014@3_3.mat,OR,source_domain/cwru_12khz_fe/OR014@3_3.mat,3,train_pool
WIN-ad3af21f425470679c9c,source_domain/cwru_12khz_fe/OR014@3_3.mat,OR,source_domain/cwru_12khz_fe/OR014@3_3.mat,3,train_pool
WIN-75570d12349ecbec0685,source_domain/cwru_12khz_fe/OR014@3_3.mat,OR,source_domain/cwru_12khz_fe/OR014@3_3.mat,3,train_pool
WIN-ae7a7867fc2e531edd24,source_domain/cwru_12khz_fe/OR014@3_3.mat,OR,source_domain/cwru_12khz_fe/OR014@3_3.mat,3,train_pool
WIN-a68a755ce2cd8aba8b22,source_domain/cwru_12khz_fe/OR014@3_3.mat,OR,source_domain/cwru_12khz_fe/OR014@3_3.mat,3,train_pool
WIN-9fdc1c898741ccabff1f,source_domain/cwru_12khz_fe/OR014@3_3.mat,OR,source_domain/cwru_12khz_fe/OR014@3_3.mat,3,train_pool
WIN-080d5625586964f3de4f,source_domain/cwru_12khz_fe/OR014@3_3.mat,OR,source_domain/cwru_12khz_fe/OR014@3_3.mat,3,train_pool
WIN-3f6f9bd370ee0e1cacb2,source_domain/cwru_12khz_fe/OR014@3_3.mat,OR,source_domain/cwru_12khz_fe/OR014@3_3.mat,3,train_pool
WIN-5ad94d4e628802dd6857,source_domain/cwru_12khz_fe/OR014@6_0.mat,OR,source_domain/cwru_12khz_fe/OR014@6_0.mat,3,test
WIN-5eedd0fe9bcf5a217b64,source_domain/cwru_12khz_fe/OR014@6_0.mat,OR,source_domain/cwru_12khz_fe/OR014@6_0.mat,3,test
WIN-547b02a05f39fb8095fd,source_domain/cwru_12khz_fe/OR014@6_0.mat,OR,source_domain/cwru_12khz_fe/OR014@6_0.mat,3,test
WIN-fcdcbf55808d3e381b2c,source_domain/cwru_12khz_fe/OR014@6_0.mat,OR,source_domain/cwru_12khz_fe/OR014@6_0.mat,3,test
WIN-e5b681c0cecbae63719b,source_domain/cwru_12khz_fe/OR014@6_0.mat,OR,source_domain/cwru_12khz_fe/OR014@6_0.mat,3,test
WIN-07f38edef3f6b93344a6,source_domain/cwru_12khz_fe/OR014@6_0.mat,OR,source_domain/cwru_12khz_fe/OR014@6_0.mat,3,test
WIN-aa42f9a7e7486a82c05e,source_domain/cwru_12khz_fe/OR014@6_0.mat,OR,source_domain/cwru_12khz_fe/OR014@6_0.mat,3,test
WIN-01cff3d488db378ca630,source_domain/cwru_12khz_fe/OR014@6_0.mat,OR,source_domain/cwru_12khz_fe/OR014@6_0.mat,3,test
WIN-f0a68ac5d1127cb495ad,source_domain/cwru_12khz_fe/OR014@6_0.mat,OR,source_domain/cwru_12khz_fe/OR014@6_0.mat,3,test
WIN-28518b8bcd0e885f3cab,source_domain/cwru_12khz_fe/OR014@6_0.mat,OR,source_domain/cwru_12khz_fe/OR014@6_0.mat,3,test
WIN-4fa2d139ff8968b73993,source_domain/cwru_12khz_fe/OR014@6_0.mat,OR,source_domain/cwru_12khz_fe/OR014@6_0.mat,3,test
WIN-2a4a1d86a40bc34f048b,source_domain/cwru_12khz_fe/OR014@6_0.mat,OR,source_domain/cwru_12khz_fe/OR014@6_0.mat,3,test
WIN-1dd6ce5799388f713725,source_domain/cwru_12khz_fe/OR014@6_0.mat,OR,source_domain/cwru_12khz_fe/OR014@6_0.mat,3,test
WIN-4da49e5c8cc7085934cf,source_domain/cwru_12khz_fe/OR014@6_0.mat,OR,source_domain/cwru_12khz_fe/OR014@6_0.mat,3,test
WIN-ad7f51c2af33460b8889,source_domain/cwru_12khz_fe/OR014@6_0.mat,OR,source_domain/cwru_12khz_fe/OR014@6_0.mat,3,test
WIN-5c9d2d493f28a606838c,source_domain/cwru_12khz_fe/OR021@3_1.mat,OR,source_domain/cwru_12khz_fe/OR021@3_1.mat,3,train_pool
WIN-e4a835c1be23abfa3f3b,source_domain/cwru_12khz_fe/OR021@3_1.mat,OR,source_domain/cwru_12khz_fe/OR021@3_1.mat,3,train_pool
WIN-76a68346c3fe343dec57,source_domain/cwru_12khz_fe/OR021@3_1.mat,OR,source_domain/cwru_12khz_fe/OR021@3_1.mat,3,train_pool
WIN-856c4e23e82cb229d131,source_domain/cwru_12khz_fe/OR021@3_1.mat,OR,source_domain/cwru_12khz_fe/OR021@3_1.mat,3,train_pool
WIN-3ce6f7a4251c2fe11955,source_domain/cwru_12khz_fe/OR021@3_1.mat,OR,source_domain/cwru_12khz_fe/OR021@3_1.mat,3,train_pool
WIN-e5a588eb3f003ad8dec5,source_domain/cwru_12khz_fe/OR021@3_1.mat,OR,source_domain/cwru_12khz_fe/OR021@3_1.mat,3,train_pool
WIN-ab9d2599ba76962ca7c7,source_domain/cwru_12khz_fe/OR021@3_1.mat,OR,source_domain/cwru_12khz_fe/OR021@3_1.mat,3,train_pool
WIN-10e8dc8f39d4df490350,source_domain/cwru_12khz_fe/OR021@3_1.mat,OR,source_domain/cwru_12khz_fe/OR021@3_1.mat,3,train_pool
WIN-546d4e125ce7c47c6959,source_domain/cwru_12khz_fe/OR021@3_1.mat,OR,source_domain/cwru_12khz_fe/OR021@3_1.mat,3,train_pool
WIN-3098ef6423c054b0089b,source_domain/cwru_12khz_fe/OR021@3_1.mat,OR,source_domain/cwru_12khz_fe/OR021@3_1.mat,3,train_pool
WIN-9001442a19087f321438,source_domain/cwru_12khz_fe/OR021@3_1.mat,OR,source_domain/cwru_12khz_fe/OR021@3_1.mat,3,train_pool
WIN-db2e07613041ce43123d,source_domain/cwru_12khz_fe/OR021@3_1.mat,OR,source_domain/cwru_12khz_fe/OR021@3_1.mat,3,train_pool
WIN-de3ffd0eec3ac944aa6f,source_domain/cwru_12khz_fe/OR021@3_1.mat,OR,source_domain/cwru_12khz_fe/OR021@3_1.mat,3,train_pool
WIN-c310b4ced66b95fa6539,source_domain/cwru_12khz_fe/OR021@3_1.mat,OR,source_domain/cwru_12khz_fe/OR021@3_1.mat,3,train_pool
WIN-f3bdad289752ad98ff1d,source_domain/cwru_12khz_fe/OR021@3_1.mat,OR,source_domain/cwru_12khz_fe/OR021@3_1.mat,3,train_pool
WIN-cd511d89f0ae8602c18f,source_domain/cwru_12khz_fe/OR021@3_2.mat,OR,source_domain/cwru_12khz_fe/OR021@3_2.mat,3,train_pool
WIN-bb0222b9ae77b51d728e,source_domain/cwru_12khz_fe/OR021@3_2.mat,OR,source_domain/cwru_12khz_fe/OR021@3_2.mat,3,train_pool
WIN-bd60552c9ac1eb806ebb,source_domain/cwru_12khz_fe/OR021@3_2.mat,OR,source_domain/cwru_12khz_fe/OR021@3_2.mat,3,train_pool
WIN-63a924876d6240986625,source_domain/cwru_12khz_fe/OR021@3_2.mat,OR,source_domain/cwru_12khz_fe/OR021@3_2.mat,3,train_pool
WIN-8f4d77f6658dd2d49e9d,source_domain/cwru_12khz_fe/OR021@3_2.mat,OR,source_domain/cwru_12khz_fe/OR021@3_2.mat,3,train_pool
WIN-7bd755f1fe2fbcfdc305,source_domain/cwru_12khz_fe/OR021@3_2.mat,OR,source_domain/cwru_12khz_fe/OR021@3_2.mat,3,train_pool
WIN-cc1df41c2e92e448ef9f,source_domain/cwru_12khz_fe/OR021@3_2.mat,OR,source_domain/cwru_12khz_fe/OR021@3_2.mat,3,train_pool
WIN-a828af66f9ef88a58d2f,source_domain/cwru_12khz_fe/OR021@3_2.mat,OR,source_domain/cwru_12khz_fe/OR021@3_2.mat,3,train_pool
WIN-7cbecb309ffd4e741c77,source_domain/cwru_12khz_fe/OR021@3_2.mat,OR,source_domain/cwru_12khz_fe/OR021@3_2.mat,3,train_pool
WIN-1582ebec5619786b7c43,source_domain/cwru_12khz_fe/OR021@3_2.mat,OR,source_domain/cwru_12khz_fe/OR021@3_2.mat,3,train_pool
WIN-a1acf3c5b4be577decb9,source_domain/cwru_12khz_fe/OR021@3_2.mat,OR,source_domain/cwru_12khz_fe/OR021@3_2.mat,3,train_pool
WIN-9ba3bf25052407fbc3dd,source_domain/cwru_12khz_fe/OR021@3_2.mat,OR,source_domain/cwru_12khz_fe/OR021@3_2.mat,3,train_pool
WIN-339e3f773ea4f04d351c,source_domain/cwru_12khz_fe/OR021@3_2.mat,OR,source_domain/cwru_12khz_fe/OR021@3_2.mat,3,train_pool
WIN-a4e448fee6f9c3945fb8,source_domain/cwru_12khz_fe/OR021@3_2.mat,OR,source_domain/cwru_12khz_fe/OR021@3_2.mat,3,train_pool
WIN-ce287412b59f15c08bda,source_domain/cwru_12khz_fe/OR021@3_2.mat,OR,source_domain/cwru_12khz_fe/OR021@3_2.mat,3,train_pool
WIN-22861ff2e6f49afcc8b2,source_domain/cwru_12khz_fe/OR021@3_3.mat,OR,source_domain/cwru_12khz_fe/OR021@3_3.mat,3,train_pool
WIN-9212e9dc5a40e0082ec4,source_domain/cwru_12khz_fe/OR021@3_3.mat,OR,source_domain/cwru_12khz_fe/OR021@3_3.mat,3,train_pool
WIN-3a9e83e77d84853f1aeb,source_domain/cwru_12khz_fe/OR021@3_3.mat,OR,source_domain/cwru_12khz_fe/OR021@3_3.mat,3,train_pool
WIN-51d629ba51f44e20dd74,source_domain/cwru_12khz_fe/OR021@3_3.mat,OR,source_domain/cwru_12khz_fe/OR021@3_3.mat,3,train_pool
WIN-0297ffec380417832d0e,source_domain/cwru_12khz_fe/OR021@3_3.mat,OR,source_domain/cwru_12khz_fe/OR021@3_3.mat,3,train_pool
WIN-252e8bea01a0f5b582a5,source_domain/cwru_12khz_fe/OR021@3_3.mat,OR,source_domain/cwru_12khz_fe/OR021@3_3.mat,3,train_pool
WIN-b158b83a5a5ec2e74b67,source_domain/cwru_12khz_fe/OR021@3_3.mat,OR,source_domain/cwru_12khz_fe/OR021@3_3.mat,3,train_pool
WIN-62ddf0ccf489b542318f,source_domain/cwru_12khz_fe/OR021@3_3.mat,OR,source_domain/cwru_12khz_fe/OR021@3_3.mat,3,train_pool
WIN-07fcc2c91ce2a7cd6b31,source_domain/cwru_12khz_fe/OR021@3_3.mat,OR,source_domain/cwru_12khz_fe/OR021@3_3.mat,3,train_pool
WIN-3b6a745344041b8d0011,source_domain/cwru_12khz_fe/OR021@3_3.mat,OR,source_domain/cwru_12khz_fe/OR021@3_3.mat,3,train_pool
WIN-907d01cc68cbfe1c7d12,source_domain/cwru_12khz_fe/OR021@3_3.mat,OR,source_domain/cwru_12khz_fe/OR021@3_3.mat,3,train_pool
WIN-1b8396892fe0446f563e,source_domain/cwru_12khz_fe/OR021@3_3.mat,OR,source_domain/cwru_12khz_fe/OR021@3_3.mat,3,train_pool
WIN-caefd20b04b889329c77,source_domain/cwru_12khz_fe/OR021@3_3.mat,OR,source_domain/cwru_12khz_fe/OR021@3_3.mat,3,train_pool
WIN-71f16ee93267b0d021d0,source_domain/cwru_12khz_fe/OR021@3_3.mat,OR,source_domain/cwru_12khz_fe/OR021@3_3.mat,3,train_pool
WIN-81938c28b2f4f804277b,source_domain/cwru_12khz_fe/OR021@3_3.mat,OR,source_domain/cwru_12khz_fe/OR021@3_3.mat,3,train_pool
WIN-0ba128c164e469d0c0bc,source_domain/cwru_12khz_fe/OR021@6_0.mat,OR,source_domain/cwru_12khz_fe/OR021@6_0.mat,3,train_pool
WIN-3b8c35af845397bd5522,source_domain/cwru_12khz_fe/OR021@6_0.mat,OR,source_domain/cwru_12khz_fe/OR021@6_0.mat,3,train_pool
WIN-63866879c08e4a2904da,source_domain/cwru_12khz_fe/OR021@6_0.mat,OR,source_domain/cwru_12khz_fe/OR021@6_0.mat,3,train_pool
WIN-fcbf080e78a5ca2bbded,source_domain/cwru_12khz_fe/OR021@6_0.mat,OR,source_domain/cwru_12khz_fe/OR021@6_0.mat,3,train_pool
WIN-564b4c395a2c1c75b5b8,source_domain/cwru_12khz_fe/OR021@6_0.mat,OR,source_domain/cwru_12khz_fe/OR021@6_0.mat,3,train_pool
WIN-6f6cf52d77fe016559b7,source_domain/cwru_12khz_fe/OR021@6_0.mat,OR,source_domain/cwru_12khz_fe/OR021@6_0.mat,3,train_pool
WIN-21b7fe8298b88f759464,source_domain/cwru_12khz_fe/OR021@6_0.mat,OR,source_domain/cwru_12khz_fe/OR021@6_0.mat,3,train_pool
WIN-42eae0496d1ad7775eee,source_domain/cwru_12khz_fe/OR021@6_0.mat,OR,source_domain/cwru_12khz_fe/OR021@6_0.mat,3,train_pool
WIN-032596b6bf6d9dec92fc,source_domain/cwru_12khz_fe/OR021@6_0.mat,OR,source_domain/cwru_12khz_fe/OR021@6_0.mat,3,train_pool
WIN-9f82d6912851152fae90,source_domain/cwru_12khz_fe/OR021@6_0.mat,OR,source_domain/cwru_12khz_fe/OR021@6_0.mat,3,train_pool
WIN-31648a63cd80c8a96c11,source_domain/cwru_12khz_fe/OR021@6_0.mat,OR,source_domain/cwru_12khz_fe/OR021@6_0.mat,3,train_pool
WIN-df3f7cf61898e5591ee7,source_domain/cwru_12khz_fe/OR021@6_0.mat,OR,source_domain/cwru_12khz_fe/OR021@6_0.mat,3,train_pool
WIN-43d4db7b433b4ec20d3b,source_domain/cwru_12khz_fe/OR021@6_0.mat,OR,source_domain/cwru_12khz_fe/OR021@6_0.mat,3,train_pool
WIN-7d812714370f91f9fec4,source_domain/cwru_12khz_fe/OR021@6_0.mat,OR,source_domain/cwru_12khz_fe/OR021@6_0.mat,3,train_pool
WIN-fd59d8cc6db88352eade,source_domain/cwru_12khz_fe/OR021@6_0.mat,OR,source_domain/cwru_12khz_fe/OR021@6_0.mat,3,train_pool
WIN-4a618f2138cdc85801af,source_domain/cwru_48khz_normal/N_0.mat,N,source_domain/cwru_48khz_normal/N_0.mat,3,train_pool
WIN-502ec8334ffa1a8d63e3,source_domain/cwru_48khz_normal/N_0.mat,N,source_domain/cwru_48khz_normal/N_0.mat,3,train_pool
WIN-7f0ad7fca14b73edeb2a,source_domain/cwru_48khz_normal/N_0.mat,N,source_domain/cwru_48khz_normal/N_0.mat,3,train_pool
WIN-fce5ea864f9cca37ec58,source_domain/cwru_48khz_normal/N_0.mat,N,source_domain/cwru_48khz_normal/N_0.mat,3,train_pool
WIN-d0137db01b87aabbc0bd,source_domain/cwru_48khz_normal/N_0.mat,N,source_domain/cwru_48khz_normal/N_0.mat,3,train_pool
WIN-dac6e6bdf1c2ddf450df,source_domain/cwru_48khz_normal/N_0.mat,N,source_domain/cwru_48khz_normal/N_0.mat,3,train_pool
WIN-322a18d691cfd36a08b3,source_domain/cwru_48khz_normal/N_0.mat,N,source_domain/cwru_48khz_normal/N_0.mat,3,train_pool
WIN-8960803c077ecbaf51d0,source_domain/cwru_48khz_normal/N_0.mat,N,source_domain/cwru_48khz_normal/N_0.mat,3,train_pool
WIN-b2620e28c94bd7adacec,source_domain/cwru_48khz_normal/N_0.mat,N,source_domain/cwru_48khz_normal/N_0.mat,3,train_pool
WIN-8a062282a23aa1a2503c,source_domain/cwru_48khz_normal/N_1_(1772rpm).mat,N,source_domain/cwru_48khz_normal/N_1_(1772rpm).mat,3,test
WIN-d147d1070c37681385ef,source_domain/cwru_48khz_normal/N_1_(1772rpm).mat,N,source_domain/cwru_48khz_normal/N_1_(1772rpm).mat,3,test
WIN-37d8f92347dd98db598f,source_domain/cwru_48khz_normal/N_1_(1772rpm).mat,N,source_domain/cwru_48khz_normal/N_1_(1772rpm).mat,3,test
WIN-2461ba3554b3e960c49c,source_domain/cwru_48khz_normal/N_1_(1772rpm).mat,N,source_domain/cwru_48khz_normal/N_1_(1772rpm).mat,3,test
WIN-d0491981c44a2afa2401,source_domain/cwru_48khz_normal/N_1_(1772rpm).mat,N,source_domain/cwru_48khz_normal/N_1_(1772rpm).mat,3,test
WIN-05faa8d3c8303cdaaa50,source_domain/cwru_48khz_normal/N_1_(1772rpm).mat,N,source_domain/cwru_48khz_normal/N_1_(1772rpm).mat,3,test
WIN-c7c4e0c3ec613da8ab91,source_domain/cwru_48khz_normal/N_1_(1772rpm).mat,N,source_domain/cwru_48khz_normal/N_1_(1772rpm).mat,3,test
WIN-cda646d6bace99617b25,source_domain/cwru_48khz_normal/N_1_(1772rpm).mat,N,source_domain/cwru_48khz_normal/N_1_(1772rpm).mat,3,test
WIN-c9e90dcf6a76244daa9a,source_domain/cwru_48khz_normal/N_1_(1772rpm).mat,N,source_domain/cwru_48khz_normal/N_1_(1772rpm).mat,3,test
WIN-153eca5c76a7ffc64a5d,source_domain/cwru_48khz_normal/N_1_(1772rpm).mat,N,source_domain/cwru_48khz_normal/N_1_(1772rpm).mat,3,test
WIN-2c7646152da2226dde21,source_domain/cwru_48khz_normal/N_1_(1772rpm).mat,N,source_domain/cwru_48khz_normal/N_1_(1772rpm).mat,3,test
WIN-f92b67ed88c20bfd5bc5,source_domain/cwru_48khz_normal/N_1_(1772rpm).mat,N,source_domain/cwru_48khz_normal/N_1_(1772rpm).mat,3,test
WIN-377f0242b913af013f10,source_domain/cwru_48khz_normal/N_1_(1772rpm).mat,N,source_domain/cwru_48khz_normal/N_1_(1772rpm).mat,3,test
WIN-a0eee795005bd4b96ac1,source_domain/cwru_48khz_normal/N_1_(1772rpm).mat,N,source_domain/cwru_48khz_normal/N_1_(1772rpm).mat,3,test
WIN-b41d078c21a5ce4af4b3,source_domain/cwru_48khz_normal/N_1_(1772rpm).mat,N,source_domain/cwru_48khz_normal/N_1_(1772rpm).mat,3,test
WIN-00350287a61f20ce9d7e,source_domain/cwru_48khz_normal/N_2_(1750rpm).mat,N,source_domain/cwru_48khz_normal/N_2_(1750rpm).mat,3,train_pool
WIN-3d58573682716e5c5064,source_domain/cwru_48khz_normal/N_2_(1750rpm).mat,N,source_domain/cwru_48khz_normal/N_2_(1750rpm).mat,3,train_pool
WIN-b2411d5297f747d4822e,source_domain/cwru_48khz_normal/N_2_(1750rpm).mat,N,source_domain/cwru_48khz_normal/N_2_(1750rpm).mat,3,train_pool
WIN-9bcb88a8ab46670aca83,source_domain/cwru_48khz_normal/N_2_(1750rpm).mat,N,source_domain/cwru_48khz_normal/N_2_(1750rpm).mat,3,train_pool
WIN-686716d79ca7aa62b9ea,source_domain/cwru_48khz_normal/N_2_(1750rpm).mat,N,source_domain/cwru_48khz_normal/N_2_(1750rpm).mat,3,train_pool
WIN-a01d42224d12e8be9754,source_domain/cwru_48khz_normal/N_2_(1750rpm).mat,N,source_domain/cwru_48khz_normal/N_2_(1750rpm).mat,3,train_pool
WIN-23c8cd5488a5d65e01b4,source_domain/cwru_48khz_normal/N_2_(1750rpm).mat,N,source_domain/cwru_48khz_normal/N_2_(1750rpm).mat,3,train_pool
WIN-a5e6488c5864a2354157,source_domain/cwru_48khz_normal/N_2_(1750rpm).mat,N,source_domain/cwru_48khz_normal/N_2_(1750rpm).mat,3,train_pool
WIN-6cc9877e5c381959ced4,source_domain/cwru_48khz_normal/N_2_(1750rpm).mat,N,source_domain/cwru_48khz_normal/N_2_(1750rpm).mat,3,train_pool
WIN-5ed6be496e68b8bb544b,source_domain/cwru_48khz_normal/N_2_(1750rpm).mat,N,source_domain/cwru_48khz_normal/N_2_(1750rpm).mat,3,train_pool
WIN-4d8793b610fe83ca8f23,source_domain/cwru_48khz_normal/N_2_(1750rpm).mat,N,source_domain/cwru_48khz_normal/N_2_(1750rpm).mat,3,train_pool
WIN-765f077ef09f54555dec,source_domain/cwru_48khz_normal/N_2_(1750rpm).mat,N,source_domain/cwru_48khz_normal/N_2_(1750rpm).mat,3,train_pool
WIN-78d37d352e3fd4ed36f6,source_domain/cwru_48khz_normal/N_2_(1750rpm).mat,N,source_domain/cwru_48khz_normal/N_2_(1750rpm).mat,3,train_pool
WIN-7c837798ee77a25be18b,source_domain/cwru_48khz_normal/N_2_(1750rpm).mat,N,source_domain/cwru_48khz_normal/N_2_(1750rpm).mat,3,train_pool
WIN-f9742f5fb2bf8c4da815,source_domain/cwru_48khz_normal/N_2_(1750rpm).mat,N,source_domain/cwru_48khz_normal/N_2_(1750rpm).mat,3,train_pool
WIN-b9ada340e976456d07f6,source_domain/cwru_48khz_normal/N_3.mat,N,source_domain/cwru_48khz_normal/N_3.mat,3,train_pool
WIN-4c4641ae399d641dcb8d,source_domain/cwru_48khz_normal/N_3.mat,N,source_domain/cwru_48khz_normal/N_3.mat,3,train_pool
WIN-e99483e6afe0dd9ea470,source_domain/cwru_48khz_normal/N_3.mat,N,source_domain/cwru_48khz_normal/N_3.mat,3,train_pool
WIN-eabf2e5e388ad51c4050,source_domain/cwru_48khz_normal/N_3.mat,N,source_domain/cwru_48khz_normal/N_3.mat,3,train_pool
WIN-9cae389eae9c405ad2ab,source_domain/cwru_48khz_normal/N_3.mat,N,source_domain/cwru_48khz_normal/N_3.mat,3,train_pool
WIN-8f40c0c199e2dbb3056e,source_domain/cwru_48khz_normal/N_3.mat,N,source_domain/cwru_48khz_normal/N_3.mat,3,train_pool
WIN-b7d5045ea15bb00f29be,source_domain/cwru_48khz_normal/N_3.mat,N,source_domain/cwru_48khz_normal/N_3.mat,3,train_pool
WIN-b2096ed61872a8544781,source_domain/cwru_48khz_normal/N_3.mat,N,source_domain/cwru_48khz_normal/N_3.mat,3,train_pool
WIN-a5078da3b8f0a47407a3,source_domain/cwru_48khz_normal/N_3.mat,N,source_domain/cwru_48khz_normal/N_3.mat,3,train_pool
WIN-24c4685f42c93d8a615c,source_domain/cwru_48khz_normal/N_3.mat,N,source_domain/cwru_48khz_normal/N_3.mat,3,train_pool
WIN-4e9168008e6b27b5d723,source_domain/cwru_48khz_normal/N_3.mat,N,source_domain/cwru_48khz_normal/N_3.mat,3,train_pool
WIN-a33729b2941a383413bc,source_domain/cwru_48khz_normal/N_3.mat,N,source_domain/cwru_48khz_normal/N_3.mat,3,train_pool
WIN-e1ec0df17de660c289ac,source_domain/cwru_48khz_normal/N_3.mat,N,source_domain/cwru_48khz_normal/N_3.mat,3,train_pool
WIN-be62712cf7984f4beba5,source_domain/cwru_48khz_normal/N_3.mat,N,source_domain/cwru_48khz_normal/N_3.mat,3,train_pool
WIN-1e84f33a83def8b9b6ed,source_domain/cwru_48khz_normal/N_3.mat,N,source_domain/cwru_48khz_normal/N_3.mat,3,train_pool
