class,file,spectrum_type,frequency_hz,relative_psd_db,theoretical_source_fault_frequency_hz
OR,OR007@12_0.mat,vibration,0.0,-45.05542365779438,107.30428106701365
OR,OR007@12_0.mat,vibration,11.71875,-43.78870246063926,107.30428106701365
OR,OR007@12_0.mat,vibration,23.4375,-47.57509255852344,107.30428106701365
OR,OR007@12_0.mat,vibration,35.15625,-49.50116359914149,107.30428106701365
OR,OR007@12_0.mat,vibration,46.875,-50.55387789272974,107.30428106701365
OR,OR007@12_0.mat,vibration,58.59375,-49.888522085438645,107.30428106701365
OR,OR007@12_0.mat,vibration,70.3125,-52.4008332057645,107.30428106701365
OR,OR007@12_0.mat,vibration,82.03125,-49.508719316147314,107.30428106701365
OR,OR007@12_0.mat,vibration,93.75,-46.336262440769346,107.30428106701365
OR,OR007@12_0.mat,vibration,105.46875,-35.54097943607576,107.30428106701365
OR,OR007@12_0.mat,vibration,117.1875,-27.020333577121093,107.30428106701365
OR,OR007@12_0.mat,vibration,128.90625,-29.569762264083458,107.30428106701365
OR,OR007@12_0.mat,vibration,140.625,-23.81777248894614,107.30428106701365
OR,OR007@12_0.mat,vibration,152.34375,-18.505410731294422,107.30428106701365
OR,OR007@12_0.mat,vibration,164.0625,-17.18954644070886,107.30428106701365
OR,OR007@12_0.mat,vibration,175.78125,-25.106591233667856,107.30428106701365
OR,OR007@12_0.mat,vibration,187.5,-24.167690832329228,107.30428106701365
OR,OR007@12_0.mat,vibration,199.21875,-26.95299238855341,107.30428106701365
OR,OR007@12_0.mat,vibration,210.9375,-31.85740255585628,107.30428106701365
OR,OR007@12_0.mat,vibration,222.65625,-31.837622889063443,107.30428106701365
OR,OR007@12_0.mat,vibration,234.375,-32.002265370699575,107.30428106701365
OR,OR007@12_0.mat,vibration,246.09375,-30.09349218751467,107.30428106701365
OR,OR007@12_0.mat,vibration,257.8125,-27.670559181220828,107.30428106701365
OR,OR007@12_0.mat,vibration,269.53125,-24.891062557875806,107.30428106701365
OR,OR007@12_0.mat,vibration,281.25,-29.185064914879387,107.30428106701365
OR,OR007@12_0.mat,vibration,292.96875,-31.36605145272922,107.30428106701365
OR,OR007@12_0.mat,vibration,304.6875,-32.23232974804541,107.30428106701365
OR,OR007@12_0.mat,vibration,316.40625,-28.48628419101562,107.30428106701365
OR,OR007@12_0.mat,vibration,328.125,-23.949215947942953,107.30428106701365
OR,OR007@12_0.mat,vibration,339.84375,-28.268022114434594,107.30428106701365
OR,OR007@12_0.mat,vibration,351.5625,-23.191898384063002,107.30428106701365
OR,OR007@12_0.mat,vibration,363.28125,-20.870058640321567,107.30428106701365
OR,OR007@12_0.mat,vibration,375.0,-27.67132892543827,107.30428106701365
OR,OR007@12_0.mat,vibration,386.71875,-21.755771282740074,107.30428106701365
OR,OR007@12_0.mat,vibration,398.4375,-24.56312690509925,107.30428106701365
OR,OR007@12_0.mat,vibration,410.15625,-24.39946371967889,107.30428106701365
OR,OR007@12_0.mat,vibration,421.875,-21.01679096641242,107.30428106701365
OR,OR007@12_0.mat,vibration,433.59375,-25.62358345925908,107.30428106701365
OR,OR007@12_0.mat,vibration,445.3125,-20.952922915612284,107.30428106701365
OR,OR007@12_0.mat,vibration,457.03125,-22.767222994256024,107.30428106701365
OR,OR007@12_0.mat,vibration,468.75,-29.47460712164117,107.30428106701365
OR,OR007@12_0.mat,vibration,480.46875,-25.88739930641037,107.30428106701365
OR,OR007@12_0.mat,vibration,492.1875,-27.997414160827844,107.30428106701365
OR,OR007@12_0.mat,vibration,503.90625,-17.978369869394616,107.30428106701365
OR,OR007@12_0.mat,vibration,515.625,-18.836880441461894,107.30428106701365
OR,OR007@12_0.mat,vibration,527.34375,-23.681334028918254,107.30428106701365
OR,OR007@12_0.mat,vibration,539.0625,-17.922035434557888,107.30428106701365
OR,OR007@12_0.mat,vibration,550.78125,-21.655046661526004,107.30428106701365
OR,OR007@12_0.mat,vibration,562.5,-26.118038375362374,107.30428106701365
OR,OR007@12_0.mat,vibration,574.21875,-24.913360494461894,107.30428106701365
OR,OR007@12_0.mat,vibration,585.9375,-23.107704996455194,107.30428106701365
OR,OR007@12_0.mat,vibration,597.65625,-21.790237514454862,107.30428106701365
OR,OR007@12_0.mat,vibration,609.375,-24.95375597003858,107.30428106701365
OR,OR007@12_0.mat,vibration,621.09375,-20.244719837834843,107.30428106701365
OR,OR007@12_0.mat,vibration,632.8125,-18.52201452568519,107.30428106701365
OR,OR007@12_0.mat,vibration,644.53125,-19.53068206937013,107.30428106701365
OR,OR007@12_0.mat,vibration,656.25,-19.54104572276368,107.30428106701365
OR,OR007@12_0.mat,vibration,667.96875,-23.829599444765094,107.30428106701365
OR,OR007@12_0.mat,vibration,679.6875,-19.47150151687663,107.30428106701365
OR,OR007@12_0.mat,vibration,691.40625,-16.720860543558725,107.30428106701365
OR,OR007@12_0.mat,vibration,703.125,-24.571608298599237,107.30428106701365
OR,OR007@12_0.mat,vibration,714.84375,-21.97473862596409,107.30428106701365
OR,OR007@12_0.mat,vibration,726.5625,-23.71486793549293,107.30428106701365
OR,OR007@12_0.mat,vibration,738.28125,-31.808538293811402,107.30428106701365
OR,OR007@12_0.mat,vibration,750.0,-28.87044403959084,107.30428106701365
OR,OR007@12_0.mat,vibration,761.71875,-30.500593459383786,107.30428106701365
OR,OR007@12_0.mat,vibration,773.4375,-27.862288166639452,107.30428106701365
OR,OR007@12_0.mat,vibration,785.15625,-29.13155015028583,107.30428106701365
OR,OR007@12_0.mat,vibration,796.875,-32.44156276302039,107.30428106701365
OR,OR007@12_0.mat,vibration,808.59375,-28.33836386104689,107.30428106701365
OR,OR007@12_0.mat,vibration,820.3125,-31.706428866184627,107.30428106701365
OR,OR007@12_0.mat,vibration,832.03125,-26.211197845039514,107.30428106701365
OR,OR007@12_0.mat,vibration,843.75,-25.81087300355648,107.30428106701365
OR,OR007@12_0.mat,vibration,855.46875,-28.565850348043913,107.30428106701365
OR,OR007@12_0.mat,vibration,867.1875,-26.446626115954366,107.30428106701365
OR,OR007@12_0.mat,vibration,878.90625,-33.6434250425046,107.30428106701365
OR,OR007@12_0.mat,vibration,890.625,-35.38278634080072,107.30428106701365
OR,OR007@12_0.mat,vibration,902.34375,-34.45395894608086,107.30428106701365
OR,OR007@12_0.mat,vibration,914.0625,-35.590296919597584,107.30428106701365
OR,OR007@12_0.mat,vibration,925.78125,-33.948002938469656,107.30428106701365
OR,OR007@12_0.mat,vibration,937.5,-32.713459873622114,107.30428106701365
OR,OR007@12_0.mat,vibration,949.21875,-33.16451399709202,107.30428106701365
OR,OR007@12_0.mat,vibration,960.9375,-24.393935061715418,107.30428106701365
OR,OR007@12_0.mat,vibration,972.65625,-18.67693974758003,107.30428106701365
OR,OR007@12_0.mat,vibration,984.375,-23.142637003316395,107.30428106701365
OR,OR007@12_0.mat,vibration,996.09375,-33.333824126466126,107.30428106701365
OR,OR007@12_0.mat,vibration,1007.8125,-37.284981631595,107.30428106701365
OR,OR007@12_0.mat,vibration,1019.53125,-35.37251178486072,107.30428106701365
OR,OR007@12_0.mat,vibration,1031.25,-33.80969771507492,107.30428106701365
OR,OR007@12_0.mat,vibration,1042.96875,-25.70026641667223,107.30428106701365
OR,OR007@12_0.mat,vibration,1054.6875,-27.230357355280773,107.30428106701365
OR,OR007@12_0.mat,vibration,1066.40625,-30.58848831254788,107.30428106701365
OR,OR007@12_0.mat,vibration,1078.125,-25.581183702216887,107.30428106701365
OR,OR007@12_0.mat,vibration,1089.84375,-28.406331815305936,107.30428106701365
OR,OR007@12_0.mat,vibration,1101.5625,-22.191081095870338,107.30428106701365
OR,OR007@12_0.mat,vibration,1113.28125,-22.43888601166995,107.30428106701365
OR,OR007@12_0.mat,vibration,1125.0,-29.22042658087222,107.30428106701365
OR,OR007@12_0.mat,vibration,1136.71875,-26.71609978282056,107.30428106701365
OR,OR007@12_0.mat,vibration,1148.4375,-31.014679785371357,107.30428106701365
OR,OR007@12_0.mat,vibration,1160.15625,-30.97870498160634,107.30428106701365
OR,OR007@12_0.mat,vibration,1171.875,-29.12346100427211,107.30428106701365
OR,OR007@12_0.mat,vibration,1183.59375,-25.54936253645941,107.30428106701365
OR,OR007@12_0.mat,vibration,1195.3125,-26.61289114868999,107.30428106701365
OR,OR007@12_0.mat,vibration,1207.03125,-32.86999851370649,107.30428106701365
OR,OR007@12_0.mat,vibration,1218.75,-31.963538032793902,107.30428106701365
OR,OR007@12_0.mat,vibration,1230.46875,-28.16957475274721,107.30428106701365
OR,OR007@12_0.mat,vibration,1242.1875,-30.51269040033211,107.30428106701365
OR,OR007@12_0.mat,vibration,1253.90625,-31.302620695681135,107.30428106701365
OR,OR007@12_0.mat,vibration,1265.625,-29.556089595549565,107.30428106701365
OR,OR007@12_0.mat,vibration,1277.34375,-30.527991461165932,107.30428106701365
OR,OR007@12_0.mat,vibration,1289.0625,-25.61635976743662,107.30428106701365
OR,OR007@12_0.mat,vibration,1300.78125,-27.53318228834714,107.30428106701365
OR,OR007@12_0.mat,vibration,1312.5,-31.82111083775924,107.30428106701365
OR,OR007@12_0.mat,vibration,1324.21875,-31.046732321403372,107.30428106701365
OR,OR007@12_0.mat,vibration,1335.9375,-28.866568473910654,107.30428106701365
OR,OR007@12_0.mat,vibration,1347.65625,-28.10857609597686,107.30428106701365
OR,OR007@12_0.mat,vibration,1359.375,-28.520524526185046,107.30428106701365
OR,OR007@12_0.mat,vibration,1371.09375,-27.000221975636904,107.30428106701365
OR,OR007@12_0.mat,vibration,1382.8125,-29.83758378390716,107.30428106701365
OR,OR007@12_0.mat,vibration,1394.53125,-24.307030217240673,107.30428106701365
OR,OR007@12_0.mat,vibration,1406.25,-23.002715957147778,107.30428106701365
OR,OR007@12_0.mat,vibration,1417.96875,-27.52524005138671,107.30428106701365
OR,OR007@12_0.mat,vibration,1429.6875,-20.158953413817436,107.30428106701365
OR,OR007@12_0.mat,vibration,1441.40625,-18.900176034771007,107.30428106701365
OR,OR007@12_0.mat,vibration,1453.125,-26.358526937094023,107.30428106701365
OR,OR007@12_0.mat,vibration,1464.84375,-27.041685855088815,107.30428106701365
OR,OR007@12_0.mat,vibration,1476.5625,-27.801508783428318,107.30428106701365
OR,OR007@12_0.mat,vibration,1488.28125,-31.87997218015196,107.30428106701365
OR,OR007@12_0.mat,vibration,1500.0,-27.307838337933546,107.30428106701365
OR,OR007@12_0.mat,vibration,1511.71875,-26.2042957941095,107.30428106701365
OR,OR007@12_0.mat,vibration,1523.4375,-31.808118463612196,107.30428106701365
OR,OR007@12_0.mat,vibration,1535.15625,-31.786338670304858,107.30428106701365
OR,OR007@12_0.mat,vibration,1546.875,-29.35779434675885,107.30428106701365
OR,OR007@12_0.mat,vibration,1558.59375,-27.15304345475611,107.30428106701365
OR,OR007@12_0.mat,vibration,1570.3125,-31.07365317377353,107.30428106701365
OR,OR007@12_0.mat,vibration,1582.03125,-26.82439748475296,107.30428106701365
OR,OR007@12_0.mat,vibration,1593.75,-27.563729756560484,107.30428106701365
OR,OR007@12_0.mat,vibration,1605.46875,-28.645077855846004,107.30428106701365
OR,OR007@12_0.mat,vibration,1617.1875,-26.540317045777723,107.30428106701365
OR,OR007@12_0.mat,vibration,1628.90625,-32.246982507154954,107.30428106701365
OR,OR007@12_0.mat,vibration,1640.625,-32.59488451917611,107.30428106701365
OR,OR007@12_0.mat,vibration,1652.34375,-30.87048939794998,107.30428106701365
OR,OR007@12_0.mat,vibration,1664.0625,-30.18653648139372,107.30428106701365
OR,OR007@12_0.mat,vibration,1675.78125,-28.232874085462644,107.30428106701365
OR,OR007@12_0.mat,vibration,1687.5,-29.760391910631625,107.30428106701365
OR,OR007@12_0.mat,vibration,1699.21875,-28.739290983521386,107.30428106701365
OR,OR007@12_0.mat,vibration,1710.9375,-28.867593600164867,107.30428106701365
OR,OR007@12_0.mat,vibration,1722.65625,-27.244525786437904,107.30428106701365
OR,OR007@12_0.mat,vibration,1734.375,-27.37360827859746,107.30428106701365
OR,OR007@12_0.mat,vibration,1746.09375,-30.673118411192817,107.30428106701365
OR,OR007@12_0.mat,vibration,1757.8125,-33.16212395704632,107.30428106701365
OR,OR007@12_0.mat,vibration,1769.53125,-30.7856176505968,107.30428106701365
OR,OR007@12_0.mat,vibration,1781.25,-32.09793459006932,107.30428106701365
OR,OR007@12_0.mat,vibration,1792.96875,-33.24776303516521,107.30428106701365
OR,OR007@12_0.mat,vibration,1804.6875,-33.83256921829071,107.30428106701365
OR,OR007@12_0.mat,vibration,1816.40625,-31.983929439172705,107.30428106701365
OR,OR007@12_0.mat,vibration,1828.125,-27.865780261330364,107.30428106701365
OR,OR007@12_0.mat,vibration,1839.84375,-30.205731711817695,107.30428106701365
OR,OR007@12_0.mat,vibration,1851.5625,-32.73094937546427,107.30428106701365
OR,OR007@12_0.mat,vibration,1863.28125,-32.65111158561585,107.30428106701365
OR,OR007@12_0.mat,vibration,1875.0,-29.584338536248296,107.30428106701365
OR,OR007@12_0.mat,vibration,1886.71875,-27.73886694281793,107.30428106701365
OR,OR007@12_0.mat,vibration,1898.4375,-31.430510675503488,107.30428106701365
OR,OR007@12_0.mat,vibration,1910.15625,-29.74154000850644,107.30428106701365
OR,OR007@12_0.mat,vibration,1921.875,-26.992986287248026,107.30428106701365
OR,OR007@12_0.mat,vibration,1933.59375,-20.59370155857769,107.30428106701365
OR,OR007@12_0.mat,vibration,1945.3125,-20.57982335853591,107.30428106701365
OR,OR007@12_0.mat,vibration,1957.03125,-25.827290958757764,107.30428106701365
OR,OR007@12_0.mat,vibration,1968.75,-25.483866177005055,107.30428106701365
OR,OR007@12_0.mat,vibration,1980.46875,-21.422566781058162,107.30428106701365
OR,OR007@12_0.mat,vibration,1992.1875,-22.15658620871032,107.30428106701365
OR,OR007@12_0.mat,vibration,2003.90625,-25.434381951896825,107.30428106701365
OR,OR007@12_0.mat,vibration,2015.625,-28.45373651448584,107.30428106701365
OR,OR007@12_0.mat,vibration,2027.34375,-30.317571450042905,107.30428106701365
OR,OR007@12_0.mat,vibration,2039.0625,-28.221300273260734,107.30428106701365
OR,OR007@12_0.mat,vibration,2050.78125,-31.11749517376679,107.30428106701365
OR,OR007@12_0.mat,vibration,2062.5,-33.9438980969105,107.30428106701365
OR,OR007@12_0.mat,vibration,2074.21875,-33.02242202302295,107.30428106701365
OR,OR007@12_0.mat,vibration,2085.9375,-31.709737010132265,107.30428106701365
OR,OR007@12_0.mat,vibration,2097.65625,-29.91518306534248,107.30428106701365
OR,OR007@12_0.mat,vibration,2109.375,-33.36511378959357,107.30428106701365
OR,OR007@12_0.mat,vibration,2121.09375,-33.807206570378284,107.30428106701365
OR,OR007@12_0.mat,vibration,2132.8125,-31.001462375402177,107.30428106701365
OR,OR007@12_0.mat,vibration,2144.53125,-25.877994123018215,107.30428106701365
OR,OR007@12_0.mat,vibration,2156.25,-23.432718112475474,107.30428106701365
OR,OR007@12_0.mat,vibration,2167.96875,-29.013666805041268,107.30428106701365
OR,OR007@12_0.mat,vibration,2179.6875,-30.828638052151728,107.30428106701365
OR,OR007@12_0.mat,vibration,2191.40625,-27.026285237084245,107.30428106701365
OR,OR007@12_0.mat,vibration,2203.125,-24.850775455802534,107.30428106701365
OR,OR007@12_0.mat,vibration,2214.84375,-26.728202954659352,107.30428106701365
OR,OR007@12_0.mat,vibration,2226.5625,-26.311575188841445,107.30428106701365
OR,OR007@12_0.mat,vibration,2238.28125,-23.018937050478534,107.30428106701365
OR,OR007@12_0.mat,vibration,2250.0,-20.553148129592937,107.30428106701365
OR,OR007@12_0.mat,vibration,2261.71875,-17.313063442047955,107.30428106701365
OR,OR007@12_0.mat,vibration,2273.4375,-22.04906118722389,107.30428106701365
OR,OR007@12_0.mat,vibration,2285.15625,-26.640167327684967,107.30428106701365
OR,OR007@12_0.mat,vibration,2296.875,-25.069002356073838,107.30428106701365
OR,OR007@12_0.mat,vibration,2308.59375,-23.442575177473213,107.30428106701365
OR,OR007@12_0.mat,vibration,2320.3125,-25.39650666860816,107.30428106701365
OR,OR007@12_0.mat,vibration,2332.03125,-29.148966211766535,107.30428106701365
OR,OR007@12_0.mat,vibration,2343.75,-30.979918589468646,107.30428106701365
OR,OR007@12_0.mat,vibration,2355.46875,-24.104876968866506,107.30428106701365
OR,OR007@12_0.mat,vibration,2367.1875,-17.63971191858034,107.30428106701365
OR,OR007@12_0.mat,vibration,2378.90625,-20.767519843528852,107.30428106701365
OR,OR007@12_0.mat,vibration,2390.625,-23.469058650810975,107.30428106701365
OR,OR007@12_0.mat,vibration,2402.34375,-20.37997211574453,107.30428106701365
OR,OR007@12_0.mat,vibration,2414.0625,-19.42858835353806,107.30428106701365
OR,OR007@12_0.mat,vibration,2425.78125,-18.054881313866403,107.30428106701365
OR,OR007@12_0.mat,vibration,2437.5,-19.690328952390676,107.30428106701365
OR,OR007@12_0.mat,vibration,2449.21875,-18.851599308751123,107.30428106701365
OR,OR007@12_0.mat,vibration,2460.9375,-13.745439085863108,107.30428106701365
OR,OR007@12_0.mat,vibration,2472.65625,-9.841786018055965,107.30428106701365
OR,OR007@12_0.mat,vibration,2484.375,-10.800672543087686,107.30428106701365
OR,OR007@12_0.mat,vibration,2496.09375,-13.48181729701971,107.30428106701365
OR,OR007@12_0.mat,vibration,2507.8125,-10.191671230932302,107.30428106701365
OR,OR007@12_0.mat,vibration,2519.53125,-7.36770582894207,107.30428106701365
OR,OR007@12_0.mat,vibration,2531.25,-4.79787205623505,107.30428106701365
OR,OR007@12_0.mat,vibration,2542.96875,-5.713319893469857,107.30428106701365
OR,OR007@12_0.mat,vibration,2554.6875,-7.797074232559393,107.30428106701365
OR,OR007@12_0.mat,vibration,2566.40625,-7.093541926854555,107.30428106701365
OR,OR007@12_0.mat,vibration,2578.125,-0.09637081349440668,107.30428106701365
OR,OR007@12_0.mat,vibration,2589.84375,-1.3190495411632386e-08,107.30428106701365
OR,OR007@12_0.mat,vibration,2601.5625,-8.767019673023126,107.30428106701365
OR,OR007@12_0.mat,vibration,2613.28125,-7.88609102189917,107.30428106701365
OR,OR007@12_0.mat,vibration,2625.0,-5.642614859987863,107.30428106701365
OR,OR007@12_0.mat,vibration,2636.71875,-4.677342526348614,107.30428106701365
OR,OR007@12_0.mat,vibration,2648.4375,-6.187927716766319,107.30428106701365
OR,OR007@12_0.mat,vibration,2660.15625,-7.360922929622524,107.30428106701365
OR,OR007@12_0.mat,vibration,2671.875,-7.733666215591787,107.30428106701365
OR,OR007@12_0.mat,vibration,2683.59375,-3.8272674045437527,107.30428106701365
OR,OR007@12_0.mat,vibration,2695.3125,-2.727537605307088,107.30428106701365
OR,OR007@12_0.mat,vibration,2707.03125,-7.336018335694989,107.30428106701365
OR,OR007@12_0.mat,vibration,2718.75,-7.451678490514745,107.30428106701365
OR,OR007@12_0.mat,vibration,2730.46875,-7.736206533630181,107.30428106701365
OR,OR007@12_0.mat,vibration,2742.1875,-9.016823289326927,107.30428106701365
OR,OR007@12_0.mat,vibration,2753.90625,-7.866356269032878,107.30428106701365
OR,OR007@12_0.mat,vibration,2765.625,-7.961091131298694,107.30428106701365
OR,OR007@12_0.mat,vibration,2777.34375,-6.136380809247608,107.30428106701365
OR,OR007@12_0.mat,vibration,2789.0625,-4.5014739099072365,107.30428106701365
OR,OR007@12_0.mat,vibration,2800.78125,-7.255413867593912,107.30428106701365
OR,OR007@12_0.mat,vibration,2812.5,-5.3538265911649905,107.30428106701365
OR,OR007@12_0.mat,vibration,2824.21875,-7.702980126112977,107.30428106701365
OR,OR007@12_0.mat,vibration,2835.9375,-10.713997144930687,107.30428106701365
OR,OR007@12_0.mat,vibration,2847.65625,-11.576279291308978,107.30428106701365
OR,OR007@12_0.mat,vibration,2859.375,-11.529047340176424,107.30428106701365
OR,OR007@12_0.mat,vibration,2871.09375,-9.566595520694673,107.30428106701365
OR,OR007@12_0.mat,vibration,2882.8125,-7.936707373848981,107.30428106701365
OR,OR007@12_0.mat,vibration,2894.53125,-7.223782149308803,107.30428106701365
OR,OR007@12_0.mat,vibration,2906.25,-5.13717094589312,107.30428106701365
OR,OR007@12_0.mat,vibration,2917.96875,-8.43187628210407,107.30428106701365
OR,OR007@12_0.mat,vibration,2929.6875,-11.272526258848961,107.30428106701365
OR,OR007@12_0.mat,vibration,2941.40625,-11.923099224750395,107.30428106701365
OR,OR007@12_0.mat,vibration,2953.125,-17.16058336031213,107.30428106701365
OR,OR007@12_0.mat,vibration,2964.84375,-21.130906240752157,107.30428106701365
OR,OR007@12_0.mat,vibration,2976.5625,-18.813537448172518,107.30428106701365
OR,OR007@12_0.mat,vibration,2988.28125,-16.70038290565046,107.30428106701365
OR,OR007@12_0.mat,vibration,3000.0,-13.674289675313409,107.30428106701365
OR,OR007@12_0.mat,vibration,3011.71875,-11.271483471442545,107.30428106701365
OR,OR007@12_0.mat,vibration,3023.4375,-13.558235820443361,107.30428106701365
OR,OR007@12_0.mat,vibration,3035.15625,-17.636166997007642,107.30428106701365
OR,OR007@12_0.mat,vibration,3046.875,-18.958405887520605,107.30428106701365
OR,OR007@12_0.mat,vibration,3058.59375,-24.228126839393486,107.30428106701365
OR,OR007@12_0.mat,vibration,3070.3125,-21.569944941451823,107.30428106701365
OR,OR007@12_0.mat,vibration,3082.03125,-24.809861166600463,107.30428106701365
OR,OR007@12_0.mat,vibration,3093.75,-23.053856836902476,107.30428106701365
OR,OR007@12_0.mat,vibration,3105.46875,-21.17063595964332,107.30428106701365
OR,OR007@12_0.mat,vibration,3117.1875,-21.59724506259698,107.30428106701365
OR,OR007@12_0.mat,vibration,3128.90625,-20.876066830689943,107.30428106701365
OR,OR007@12_0.mat,vibration,3140.625,-22.04823723436103,107.30428106701365
OR,OR007@12_0.mat,vibration,3152.34375,-23.38422317606316,107.30428106701365
OR,OR007@12_0.mat,vibration,3164.0625,-24.293486623956785,107.30428106701365
OR,OR007@12_0.mat,vibration,3175.78125,-26.363101816221754,107.30428106701365
OR,OR007@12_0.mat,vibration,3187.5,-25.05247829269882,107.30428106701365
OR,OR007@12_0.mat,vibration,3199.21875,-22.070204728867093,107.30428106701365
OR,OR007@12_0.mat,vibration,3210.9375,-17.39268290943323,107.30428106701365
OR,OR007@12_0.mat,vibration,3222.65625,-12.890685517953715,107.30428106701365
OR,OR007@12_0.mat,vibration,3234.375,-11.755836403924743,107.30428106701365
OR,OR007@12_0.mat,vibration,3246.09375,-12.27013025165066,107.30428106701365
OR,OR007@12_0.mat,vibration,3257.8125,-11.24894977794238,107.30428106701365
OR,OR007@12_0.mat,vibration,3269.53125,-11.65500350771109,107.30428106701365
OR,OR007@12_0.mat,vibration,3281.25,-13.243076397282037,107.30428106701365
OR,OR007@12_0.mat,vibration,3292.96875,-11.797919830505109,107.30428106701365
OR,OR007@12_0.mat,vibration,3304.6875,-7.448163785630153,107.30428106701365
OR,OR007@12_0.mat,vibration,3316.40625,-7.165929658933539,107.30428106701365
OR,OR007@12_0.mat,vibration,3328.125,-6.13134519176586,107.30428106701365
OR,OR007@12_0.mat,vibration,3339.84375,-7.52254174947978,107.30428106701365
OR,OR007@12_0.mat,vibration,3351.5625,-9.050390580357847,107.30428106701365
OR,OR007@12_0.mat,vibration,3363.28125,-7.050762266559223,107.30428106701365
OR,OR007@12_0.mat,vibration,3375.0,-8.776651408966057,107.30428106701365
OR,OR007@12_0.mat,vibration,3386.71875,-12.040332957300437,107.30428106701365
OR,OR007@12_0.mat,vibration,3398.4375,-11.941608061776945,107.30428106701365
OR,OR007@12_0.mat,vibration,3410.15625,-10.376213603770347,107.30428106701365
OR,OR007@12_0.mat,vibration,3421.875,-9.706840884691525,107.30428106701365
OR,OR007@12_0.mat,vibration,3433.59375,-11.556238462393083,107.30428106701365
OR,OR007@12_0.mat,vibration,3445.3125,-15.720127150654552,107.30428106701365
OR,OR007@12_0.mat,vibration,3457.03125,-15.893752983248126,107.30428106701365
OR,OR007@12_0.mat,vibration,3468.75,-16.009005771781478,107.30428106701365
OR,OR007@12_0.mat,vibration,3480.46875,-17.24505639873412,107.30428106701365
OR,OR007@12_0.mat,vibration,3492.1875,-21.12190270885421,107.30428106701365
OR,OR007@12_0.mat,vibration,3503.90625,-24.30954444574772,107.30428106701365
OR,OR007@12_0.mat,vibration,3515.625,-22.92901802508345,107.30428106701365
OR,OR007@12_0.mat,vibration,3527.34375,-20.310241168620887,107.30428106701365
OR,OR007@12_0.mat,vibration,3539.0625,-17.605271917751114,107.30428106701365
OR,OR007@12_0.mat,vibration,3550.78125,-18.391589831942383,107.30428106701365
OR,OR007@12_0.mat,vibration,3562.5,-19.637480373803648,107.30428106701365
OR,OR007@12_0.mat,vibration,3574.21875,-19.078457405689036,107.30428106701365
OR,OR007@12_0.mat,vibration,3585.9375,-17.387248948710585,107.30428106701365
OR,OR007@12_0.mat,vibration,3597.65625,-21.66690177416865,107.30428106701365
OR,OR007@12_0.mat,vibration,3609.375,-25.072297676304586,107.30428106701365
OR,OR007@12_0.mat,vibration,3621.09375,-23.492981387381988,107.30428106701365
OR,OR007@12_0.mat,vibration,3632.8125,-22.180856410309147,107.30428106701365
OR,OR007@12_0.mat,vibration,3644.53125,-21.719743729412123,107.30428106701365
OR,OR007@12_0.mat,vibration,3656.25,-19.25529688609633,107.30428106701365
OR,OR007@12_0.mat,vibration,3667.96875,-20.64431965612105,107.30428106701365
OR,OR007@12_0.mat,vibration,3679.6875,-22.59351794892387,107.30428106701365
OR,OR007@12_0.mat,vibration,3691.40625,-22.862084081878173,107.30428106701365
OR,OR007@12_0.mat,vibration,3703.125,-27.506207851037033,107.30428106701365
OR,OR007@12_0.mat,vibration,3714.84375,-29.31947769266587,107.30428106701365
OR,OR007@12_0.mat,vibration,3726.5625,-27.963519382304206,107.30428106701365
OR,OR007@12_0.mat,vibration,3738.28125,-26.928269053377427,107.30428106701365
OR,OR007@12_0.mat,vibration,3750.0,-25.519426060345808,107.30428106701365
OR,OR007@12_0.mat,vibration,3761.71875,-26.07213158479952,107.30428106701365
OR,OR007@12_0.mat,vibration,3773.4375,-29.944642930843063,107.30428106701365
OR,OR007@12_0.mat,vibration,3785.15625,-26.184850945406573,107.30428106701365
OR,OR007@12_0.mat,vibration,3796.875,-26.523325630032033,107.30428106701365
OR,OR007@12_0.mat,vibration,3808.59375,-26.10020678499289,107.30428106701365
OR,OR007@12_0.mat,vibration,3820.3125,-28.264063818629293,107.30428106701365
OR,OR007@12_0.mat,vibration,3832.03125,-30.667827150438338,107.30428106701365
OR,OR007@12_0.mat,vibration,3843.75,-29.18133030125213,107.30428106701365
OR,OR007@12_0.mat,vibration,3855.46875,-29.602938799228404,107.30428106701365
OR,OR007@12_0.mat,vibration,3867.1875,-29.631293408109144,107.30428106701365
OR,OR007@12_0.mat,vibration,3878.90625,-31.30487230206347,107.30428106701365
OR,OR007@12_0.mat,vibration,3890.625,-32.16091904401436,107.30428106701365
OR,OR007@12_0.mat,vibration,3902.34375,-30.11317440553704,107.30428106701365
OR,OR007@12_0.mat,vibration,3914.0625,-30.6547040925061,107.30428106701365
OR,OR007@12_0.mat,vibration,3925.78125,-34.93469288132706,107.30428106701365
OR,OR007@12_0.mat,vibration,3937.5,-34.797832397632135,107.30428106701365
OR,OR007@12_0.mat,vibration,3949.21875,-33.849388852130005,107.30428106701365
OR,OR007@12_0.mat,vibration,3960.9375,-32.630613099443146,107.30428106701365
OR,OR007@12_0.mat,vibration,3972.65625,-30.15815188905762,107.30428106701365
OR,OR007@12_0.mat,vibration,3984.375,-32.41819465677627,107.30428106701365
OR,OR007@12_0.mat,vibration,3996.09375,-31.579720704160536,107.30428106701365
OR,OR007@12_0.mat,vibration,4007.8125,-29.96427047684181,107.30428106701365
OR,OR007@12_0.mat,vibration,4019.53125,-30.9256769292745,107.30428106701365
OR,OR007@12_0.mat,vibration,4031.25,-35.58373041687431,107.30428106701365
OR,OR007@12_0.mat,vibration,4042.96875,-36.97329337428362,107.30428106701365
OR,OR007@12_0.mat,vibration,4054.6875,-36.1712235071661,107.30428106701365
OR,OR007@12_0.mat,vibration,4066.40625,-33.09499791480416,107.30428106701365
OR,OR007@12_0.mat,vibration,4078.125,-31.904285333232686,107.30428106701365
OR,OR007@12_0.mat,vibration,4089.84375,-33.623285099770115,107.30428106701365
OR,OR007@12_0.mat,vibration,4101.5625,-35.20348391831056,107.30428106701365
OR,OR007@12_0.mat,vibration,4113.28125,-34.1324787745884,107.30428106701365
OR,OR007@12_0.mat,vibration,4125.0,-25.72755714029347,107.30428106701365
OR,OR007@12_0.mat,vibration,4136.71875,-17.923182668604856,107.30428106701365
OR,OR007@12_0.mat,vibration,4148.4375,-21.821041814121713,107.30428106701365
OR,OR007@12_0.mat,vibration,4160.15625,-37.21907985648854,107.30428106701365
OR,OR007@12_0.mat,vibration,4171.875,-38.61328192809227,107.30428106701365
OR,OR007@12_0.mat,vibration,4183.59375,-33.26762713241432,107.30428106701365
OR,OR007@12_0.mat,vibration,4195.3125,-33.1768649738789,107.30428106701365
OR,OR007@12_0.mat,vibration,4207.03125,-37.41973076681994,107.30428106701365
OR,OR007@12_0.mat,vibration,4218.75,-35.14575565179602,107.30428106701365
OR,OR007@12_0.mat,vibration,4230.46875,-32.934241562262756,107.30428106701365
OR,OR007@12_0.mat,vibration,4242.1875,-32.71041081254428,107.30428106701365
OR,OR007@12_0.mat,vibration,4253.90625,-21.94601029349387,107.30428106701365
OR,OR007@12_0.mat,vibration,4265.625,-23.158190639302013,107.30428106701365
OR,OR007@12_0.mat,vibration,4277.34375,-35.923649258041216,107.30428106701365
OR,OR007@12_0.mat,vibration,4289.0625,-36.7761173939938,107.30428106701365
OR,OR007@12_0.mat,vibration,4300.78125,-35.83057047907089,107.30428106701365
OR,OR007@12_0.mat,vibration,4312.5,-34.917859889570316,107.30428106701365
OR,OR007@12_0.mat,vibration,4324.21875,-35.03704237836361,107.30428106701365
OR,OR007@12_0.mat,vibration,4335.9375,-35.982623238461755,107.30428106701365
OR,OR007@12_0.mat,vibration,4347.65625,-37.22889063107131,107.30428106701365
OR,OR007@12_0.mat,vibration,4359.375,-39.22394449051341,107.30428106701365
OR,OR007@12_0.mat,vibration,4371.09375,-33.48714562820255,107.30428106701365
OR,OR007@12_0.mat,vibration,4382.8125,-32.617525215524104,107.30428106701365
OR,OR007@12_0.mat,vibration,4394.53125,-35.154414652801094,107.30428106701365
OR,OR007@12_0.mat,vibration,4406.25,-34.59821165702289,107.30428106701365
OR,OR007@12_0.mat,vibration,4417.96875,-35.76546404343452,107.30428106701365
OR,OR007@12_0.mat,vibration,4429.6875,-33.2488272412067,107.30428106701365
OR,OR007@12_0.mat,vibration,4441.40625,-31.967768073716346,107.30428106701365
OR,OR007@12_0.mat,vibration,4453.125,-32.87260308323282,107.30428106701365
OR,OR007@12_0.mat,vibration,4464.84375,-34.583912473877845,107.30428106701365
OR,OR007@12_0.mat,vibration,4476.5625,-34.28019230196895,107.30428106701365
OR,OR007@12_0.mat,vibration,4488.28125,-33.033781882715836,107.30428106701365
OR,OR007@12_0.mat,vibration,4500.0,-34.02564404989691,107.30428106701365
OR,OR007@12_0.mat,vibration,4511.71875,-36.09656696770586,107.30428106701365
OR,OR007@12_0.mat,vibration,4523.4375,-37.1320496249778,107.30428106701365
OR,OR007@12_0.mat,vibration,4535.15625,-36.705756077348624,107.30428106701365
OR,OR007@12_0.mat,vibration,4546.875,-34.3774342966191,107.30428106701365
OR,OR007@12_0.mat,vibration,4558.59375,-34.3683144963022,107.30428106701365
OR,OR007@12_0.mat,vibration,4570.3125,-36.56315048328742,107.30428106701365
OR,OR007@12_0.mat,vibration,4582.03125,-34.79260183947249,107.30428106701365
OR,OR007@12_0.mat,vibration,4593.75,-34.0124375135678,107.30428106701365
OR,OR007@12_0.mat,vibration,4605.46875,-33.52453041868841,107.30428106701365
OR,OR007@12_0.mat,vibration,4617.1875,-31.7233826073503,107.30428106701365
OR,OR007@12_0.mat,vibration,4628.90625,-32.10655695127177,107.30428106701365
OR,OR007@12_0.mat,vibration,4640.625,-33.43368802307329,107.30428106701365
OR,OR007@12_0.mat,vibration,4652.34375,-32.84149332590898,107.30428106701365
OR,OR007@12_0.mat,vibration,4664.0625,-33.277636437755014,107.30428106701365
OR,OR007@12_0.mat,vibration,4675.78125,-37.246103359934246,107.30428106701365
OR,OR007@12_0.mat,vibration,4687.5,-36.70563932894694,107.30428106701365
OR,OR007@12_0.mat,vibration,4699.21875,-33.5954031278083,107.30428106701365
OR,OR007@12_0.mat,vibration,4710.9375,-33.20560937075693,107.30428106701365
OR,OR007@12_0.mat,vibration,4722.65625,-32.68376116413899,107.30428106701365
OR,OR007@12_0.mat,vibration,4734.375,-33.56457009341581,107.30428106701365
OR,OR007@12_0.mat,vibration,4746.09375,-36.81254038005028,107.30428106701365
OR,OR007@12_0.mat,vibration,4757.8125,-36.551682346164405,107.30428106701365
OR,OR007@12_0.mat,vibration,4769.53125,-36.75260963429731,107.30428106701365
OR,OR007@12_0.mat,vibration,4781.25,-36.372849381857705,107.30428106701365
OR,OR007@12_0.mat,vibration,4792.96875,-34.933378782533076,107.30428106701365
OR,OR007@12_0.mat,vibration,4804.6875,-33.93948983738677,107.30428106701365
OR,OR007@12_0.mat,vibration,4816.40625,-33.208485956132556,107.30428106701365
OR,OR007@12_0.mat,vibration,4828.125,-33.942494592827174,107.30428106701365
OR,OR007@12_0.mat,vibration,4839.84375,-35.369379396020584,107.30428106701365
OR,OR007@12_0.mat,vibration,4851.5625,-36.933971461307145,107.30428106701365
OR,OR007@12_0.mat,vibration,4863.28125,-35.30096135097247,107.30428106701365
OR,OR007@12_0.mat,vibration,4875.0,-34.289255202601886,107.30428106701365
OR,OR007@12_0.mat,vibration,4886.71875,-34.814525464254146,107.30428106701365
OR,OR007@12_0.mat,vibration,4898.4375,-35.45947327351968,107.30428106701365
OR,OR007@12_0.mat,vibration,4910.15625,-33.51978593260394,107.30428106701365
OR,OR007@12_0.mat,vibration,4921.875,-32.52956737216024,107.30428106701365
OR,OR007@12_0.mat,vibration,4933.59375,-31.51550511905779,107.30428106701365
OR,OR007@12_0.mat,vibration,4945.3125,-30.64692057222259,107.30428106701365
OR,OR007@12_0.mat,vibration,4957.03125,-32.72567170982765,107.30428106701365
OR,OR007@12_0.mat,vibration,4968.75,-32.68172465656798,107.30428106701365
OR,OR007@12_0.mat,vibration,4980.46875,-33.739789662181096,107.30428106701365
OR,OR007@12_0.mat,vibration,4992.1875,-35.85602964837514,107.30428106701365
OR,OR007@12_0.mat,vibration,5003.90625,-37.133836493664745,107.30428106701365
OR,OR007@12_0.mat,vibration,5015.625,-36.993640112692816,107.30428106701365
OR,OR007@12_0.mat,vibration,5027.34375,-36.72323659676799,107.30428106701365
OR,OR007@12_0.mat,vibration,5039.0625,-36.15065402113265,107.30428106701365
OR,OR007@12_0.mat,vibration,5050.78125,-36.99554978433202,107.30428106701365
OR,OR007@12_0.mat,vibration,5062.5,-39.68143280792559,107.30428106701365
OR,OR007@12_0.mat,vibration,5074.21875,-39.371915081365636,107.30428106701365
OR,OR007@12_0.mat,vibration,5085.9375,-38.828582900728904,107.30428106701365
OR,OR007@12_0.mat,vibration,5097.65625,-40.87774249100937,107.30428106701365
OR,OR007@12_0.mat,vibration,5109.375,-42.25735654488279,107.30428106701365
OR,OR007@12_0.mat,vibration,5121.09375,-41.06438832883525,107.30428106701365
OR,OR007@12_0.mat,vibration,5132.8125,-42.079953496164855,107.30428106701365
OR,OR007@12_0.mat,vibration,5144.53125,-41.89827422951163,107.30428106701365
OR,OR007@12_0.mat,vibration,5156.25,-40.63961031676959,107.30428106701365
OR,OR007@12_0.mat,vibration,5167.96875,-40.57448115866794,107.30428106701365
OR,OR007@12_0.mat,vibration,5179.6875,-42.31913253408294,107.30428106701365
OR,OR007@12_0.mat,vibration,5191.40625,-43.858815555760614,107.30428106701365
OR,OR007@12_0.mat,vibration,5203.125,-44.98353107196056,107.30428106701365
OR,OR007@12_0.mat,vibration,5214.84375,-45.03361692905447,107.30428106701365
OR,OR007@12_0.mat,vibration,5226.5625,-44.65831315240003,107.30428106701365
OR,OR007@12_0.mat,vibration,5238.28125,-44.837898728644575,107.30428106701365
OR,OR007@12_0.mat,vibration,5250.0,-45.15086664469926,107.30428106701365
OR,OR007@12_0.mat,vibration,5261.71875,-45.04262140312845,107.30428106701365
OR,OR007@12_0.mat,vibration,5273.4375,-45.40374494815786,107.30428106701365
OR,OR007@12_0.mat,vibration,5285.15625,-46.41014025977155,107.30428106701365
OR,OR007@12_0.mat,vibration,5296.875,-45.135138269147,107.30428106701365
OR,OR007@12_0.mat,vibration,5308.59375,-46.223161130119024,107.30428106701365
OR,OR007@12_0.mat,vibration,5320.3125,-42.30018943244871,107.30428106701365
OR,OR007@12_0.mat,vibration,5332.03125,-41.740168358789376,107.30428106701365
OR,OR007@12_0.mat,vibration,5343.75,-44.30653917249388,107.30428106701365
OR,OR007@12_0.mat,vibration,5355.46875,-40.896429523407384,107.30428106701365
OR,OR007@12_0.mat,vibration,5367.1875,-44.174931523483195,107.30428106701365
OR,OR007@12_0.mat,vibration,5378.90625,-44.217012991430195,107.30428106701365
OR,OR007@12_0.mat,vibration,5390.625,-43.10261336540102,107.30428106701365
OR,OR007@12_0.mat,vibration,5402.34375,-49.029003189019704,107.30428106701365
OR,OR007@12_0.mat,vibration,5414.0625,-46.35445276197413,107.30428106701365
OR,OR007@12_0.mat,vibration,5425.78125,-47.7655668414375,107.30428106701365
OR,OR007@12_0.mat,vibration,5437.5,-48.51422273751475,107.30428106701365
OR,OR007@12_0.mat,vibration,5449.21875,-47.233594255617064,107.30428106701365
OR,OR007@12_0.mat,vibration,5460.9375,-50.21560902600488,107.30428106701365
OR,OR007@12_0.mat,vibration,5472.65625,-48.19568961227034,107.30428106701365
OR,OR007@12_0.mat,vibration,5484.375,-49.80278521000844,107.30428106701365
OR,OR007@12_0.mat,vibration,5496.09375,-53.84076861955195,107.30428106701365
OR,OR007@12_0.mat,vibration,5507.8125,-52.899357415829584,107.30428106701365
OR,OR007@12_0.mat,vibration,5519.53125,-50.204455549096245,107.30428106701365
OR,OR007@12_0.mat,vibration,5531.25,-49.45412892434124,107.30428106701365
OR,OR007@12_0.mat,vibration,5542.96875,-51.87344948589132,107.30428106701365
OR,OR007@12_0.mat,vibration,5554.6875,-50.19727024163459,107.30428106701365
OR,OR007@12_0.mat,vibration,5566.40625,-50.979540349109996,107.30428106701365
OR,OR007@12_0.mat,vibration,5578.125,-48.8103398905281,107.30428106701365
OR,OR007@12_0.mat,vibration,5589.84375,-48.294482421302796,107.30428106701365
OR,OR007@12_0.mat,vibration,5601.5625,-49.4323502931971,107.30428106701365
OR,OR007@12_0.mat,vibration,5613.28125,-50.89468125969749,107.30428106701365
OR,OR007@12_0.mat,vibration,5625.0,-49.964637591253606,107.30428106701365
OR,OR007@12_0.mat,vibration,5636.71875,-50.49155170831413,107.30428106701365
OR,OR007@12_0.mat,vibration,5648.4375,-51.213316352207215,107.30428106701365
OR,OR007@12_0.mat,vibration,5660.15625,-48.70705086062319,107.30428106701365
OR,OR007@12_0.mat,vibration,5671.875,-46.58945127565978,107.30428106701365
OR,OR007@12_0.mat,vibration,5683.59375,-46.09162612687123,107.30428106701365
OR,OR007@12_0.mat,vibration,5695.3125,-45.36120154509321,107.30428106701365
OR,OR007@12_0.mat,vibration,5707.03125,-47.05298497070661,107.30428106701365
OR,OR007@12_0.mat,vibration,5718.75,-46.26426477635685,107.30428106701365
OR,OR007@12_0.mat,vibration,5730.46875,-46.83960879684071,107.30428106701365
OR,OR007@12_0.mat,vibration,5742.1875,-46.12352437812967,107.30428106701365
OR,OR007@12_0.mat,vibration,5753.90625,-47.66602126887223,107.30428106701365
OR,OR007@12_0.mat,vibration,5765.625,-48.10866234786923,107.30428106701365
OR,OR007@12_0.mat,vibration,5777.34375,-46.133008417758035,107.30428106701365
OR,OR007@12_0.mat,vibration,5789.0625,-47.41307167013303,107.30428106701365
OR,OR007@12_0.mat,vibration,5800.78125,-48.77970153200374,107.30428106701365
OR,OR007@12_0.mat,vibration,5812.5,-49.189763960118604,107.30428106701365
OR,OR007@12_0.mat,vibration,5824.21875,-48.59857771327378,107.30428106701365
OR,OR007@12_0.mat,vibration,5835.9375,-48.41437894010085,107.30428106701365
OR,OR007@12_0.mat,vibration,5847.65625,-49.247541656239626,107.30428106701365
OR,OR007@12_0.mat,vibration,5859.375,-50.02289444450804,107.30428106701365
OR,OR007@12_0.mat,vibration,5871.09375,-47.29727445920418,107.30428106701365
OR,OR007@12_0.mat,vibration,5882.8125,-44.47230082563454,107.30428106701365
OR,OR007@12_0.mat,vibration,5894.53125,-47.43539539054368,107.30428106701365
OR,OR007@12_0.mat,vibration,5906.25,-45.04999086946793,107.30428106701365
OR,OR007@12_0.mat,vibration,5917.96875,-45.53410215936053,107.30428106701365
OR,OR007@12_0.mat,vibration,5929.6875,-47.723628826919374,107.30428106701365
OR,OR007@12_0.mat,vibration,5941.40625,-46.680013640228466,107.30428106701365
OR,OR007@12_0.mat,vibration,5953.125,-44.871132420946644,107.30428106701365
OR,OR007@12_0.mat,vibration,5964.84375,-46.43438968423828,107.30428106701365
OR,OR007@12_0.mat,vibration,5976.5625,-48.977294277087545,107.30428106701365
OR,OR007@12_0.mat,vibration,5988.28125,-46.32261423481289,107.30428106701365
OR,OR007@12_0.mat,vibration,6000.0,-45.995380599644626,107.30428106701365
OR,OR007@12_0.mat,envelope,0.0,-68.37158656146659,107.30428106701365
OR,OR007@12_0.mat,envelope,1.0,-21.868698682493545,107.30428106701365
OR,OR007@12_0.mat,envelope,2.0,-22.409309347319084,107.30428106701365
OR,OR007@12_0.mat,envelope,3.0,-27.017390432539997,107.30428106701365
OR,OR007@12_0.mat,envelope,4.0,-28.616625106481454,107.30428106701365
OR,OR007@12_0.mat,envelope,5.0,-20.45282517108771,107.30428106701365
OR,OR007@12_0.mat,envelope,6.0,-15.798432190241435,107.30428106701365
OR,OR007@12_0.mat,envelope,7.0,-23.338912880835245,107.30428106701365
OR,OR007@12_0.mat,envelope,8.0,-27.61181283667756,107.30428106701365
OR,OR007@12_0.mat,envelope,9.0,-27.413278103853898,107.30428106701365
OR,OR007@12_0.mat,envelope,10.0,-36.05169521106664,107.30428106701365
OR,OR007@12_0.mat,envelope,11.0,-14.180680335686917,107.30428106701365
OR,OR007@12_0.mat,envelope,12.0,-8.081102788781674,107.30428106701365
OR,OR007@12_0.mat,envelope,13.0,-13.350547455849327,107.30428106701365
OR,OR007@12_0.mat,envelope,14.0,-24.261189833191285,107.30428106701365
OR,OR007@12_0.mat,envelope,15.0,-28.37598143193069,107.30428106701365
OR,OR007@12_0.mat,envelope,16.0,-26.491209736271806,107.30428106701365
OR,OR007@12_0.mat,envelope,17.0,-12.42956367561847,107.30428106701365
OR,OR007@12_0.mat,envelope,18.0,-8.652019911413165,107.30428106701365
OR,OR007@12_0.mat,envelope,19.0,-15.24475807583739,107.30428106701365
OR,OR007@12_0.mat,envelope,20.0,-47.42020263750482,107.30428106701365
OR,OR007@12_0.mat,envelope,21.0,-30.515444428765868,107.30428106701365
OR,OR007@12_0.mat,envelope,22.0,-27.040745593142844,107.30428106701365
OR,OR007@12_0.mat,envelope,23.0,-24.206515442946138,107.30428106701365
OR,OR007@12_0.mat,envelope,24.0,-19.306839050800452,107.30428106701365
OR,OR007@12_0.mat,envelope,25.0,-25.14744281187128,107.30428106701365
OR,OR007@12_0.mat,envelope,26.0,-23.820499560108452,107.30428106701365
OR,OR007@12_0.mat,envelope,27.0,-25.326301141004535,107.30428106701365
OR,OR007@12_0.mat,envelope,28.0,-20.017079585670846,107.30428106701365
OR,OR007@12_0.mat,envelope,29.0,-19.866115660504413,107.30428106701365
OR,OR007@12_0.mat,envelope,30.0,-15.211146952662126,107.30428106701365
OR,OR007@12_0.mat,envelope,31.0,-18.37657011380722,107.30428106701365
OR,OR007@12_0.mat,envelope,32.0,-28.084554339611188,107.30428106701365
OR,OR007@12_0.mat,envelope,33.0,-36.727094307190484,107.30428106701365
OR,OR007@12_0.mat,envelope,34.0,-30.286193693090652,107.30428106701365
OR,OR007@12_0.mat,envelope,35.0,-18.73990666437738,107.30428106701365
OR,OR007@12_0.mat,envelope,36.0,-14.480905836011901,107.30428106701365
OR,OR007@12_0.mat,envelope,37.0,-25.08792725773847,107.30428106701365
OR,OR007@12_0.mat,envelope,38.0,-22.052439838981964,107.30428106701365
OR,OR007@12_0.mat,envelope,39.0,-33.45683590107999,107.30428106701365
OR,OR007@12_0.mat,envelope,40.0,-21.598875759900675,107.30428106701365
OR,OR007@12_0.mat,envelope,41.0,-23.481028452565536,107.30428106701365
OR,OR007@12_0.mat,envelope,42.0,-13.451786684486366,107.30428106701365
OR,OR007@12_0.mat,envelope,43.0,-15.7518140424585,107.30428106701365
OR,OR007@12_0.mat,envelope,44.0,-21.05894512787411,107.30428106701365
OR,OR007@12_0.mat,envelope,45.0,-39.703836581298916,107.30428106701365
OR,OR007@12_0.mat,envelope,46.0,-22.302275020785018,107.30428106701365
OR,OR007@12_0.mat,envelope,47.0,-10.318448993335549,107.30428106701365
OR,OR007@12_0.mat,envelope,48.0,-6.09591634095016,107.30428106701365
OR,OR007@12_0.mat,envelope,49.0,-11.559394117243436,107.30428106701365
OR,OR007@12_0.mat,envelope,50.0,-19.8111615587738,107.30428106701365
OR,OR007@12_0.mat,envelope,51.0,-20.62122276918351,107.30428106701365
OR,OR007@12_0.mat,envelope,52.0,-18.873807071940384,107.30428106701365
OR,OR007@12_0.mat,envelope,53.0,-22.840172676748157,107.30428106701365
OR,OR007@12_0.mat,envelope,54.0,-22.465155120097656,107.30428106701365
OR,OR007@12_0.mat,envelope,55.0,-26.60567239805326,107.30428106701365
OR,OR007@12_0.mat,envelope,56.0,-16.40843096263363,107.30428106701365
OR,OR007@12_0.mat,envelope,57.0,-17.497933319536447,107.30428106701365
OR,OR007@12_0.mat,envelope,58.0,-23.536093468981992,107.30428106701365
OR,OR007@12_0.mat,envelope,59.0,-10.957748155466689,107.30428106701365
OR,OR007@12_0.mat,envelope,60.0,-7.20675906130674,107.30428106701365
OR,OR007@12_0.mat,envelope,61.0,-15.776052069171511,107.30428106701365
OR,OR007@12_0.mat,envelope,62.0,-19.459362617744386,107.30428106701365
OR,OR007@12_0.mat,envelope,63.0,-23.29053792644553,107.30428106701365
OR,OR007@12_0.mat,envelope,64.0,-24.5295189412664,107.30428106701365
OR,OR007@12_0.mat,envelope,65.0,-14.98245250735551,107.30428106701365
OR,OR007@12_0.mat,envelope,66.0,-14.181990448080448,107.30428106701365
OR,OR007@12_0.mat,envelope,67.0,-44.04142157819021,107.30428106701365
OR,OR007@12_0.mat,envelope,68.0,-21.934234882800403,107.30428106701365
OR,OR007@12_0.mat,envelope,69.0,-32.54792001091721,107.30428106701365
OR,OR007@12_0.mat,envelope,70.0,-31.006657717557097,107.30428106701365
OR,OR007@12_0.mat,envelope,71.0,-20.69677162020623,107.30428106701365
OR,OR007@12_0.mat,envelope,72.0,-14.716357868049638,107.30428106701365
OR,OR007@12_0.mat,envelope,73.0,-18.566203699012465,107.30428106701365
OR,OR007@12_0.mat,envelope,74.0,-35.37933494035674,107.30428106701365
OR,OR007@12_0.mat,envelope,75.0,-23.17855471054633,107.30428106701365
OR,OR007@12_0.mat,envelope,76.0,-20.365744021288577,107.30428106701365
OR,OR007@12_0.mat,envelope,77.0,-16.81663701175337,107.30428106701365
OR,OR007@12_0.mat,envelope,78.0,-14.834283657384306,107.30428106701365
OR,OR007@12_0.mat,envelope,79.0,-22.710714677526077,107.30428106701365
OR,OR007@12_0.mat,envelope,80.0,-32.969289987377415,107.30428106701365
OR,OR007@12_0.mat,envelope,81.0,-28.609125147666376,107.30428106701365
OR,OR007@12_0.mat,envelope,82.0,-28.88728197475705,107.30428106701365
OR,OR007@12_0.mat,envelope,83.0,-17.92705476003506,107.30428106701365
OR,OR007@12_0.mat,envelope,84.0,-16.674411443655483,107.30428106701365
OR,OR007@12_0.mat,envelope,85.0,-22.979793805504073,107.30428106701365
OR,OR007@12_0.mat,envelope,86.0,-17.354027937917497,107.30428106701365
OR,OR007@12_0.mat,envelope,87.0,-24.079286659742316,107.30428106701365
OR,OR007@12_0.mat,envelope,88.0,-28.165558691532166,107.30428106701365
OR,OR007@12_0.mat,envelope,89.0,-14.699642535548348,107.30428106701365
OR,OR007@12_0.mat,envelope,90.0,-11.643741208636524,107.30428106701365
OR,OR007@12_0.mat,envelope,91.0,-18.74415221378226,107.30428106701365
OR,OR007@12_0.mat,envelope,92.0,-28.440109376148627,107.30428106701365
OR,OR007@12_0.mat,envelope,93.0,-24.03302045074784,107.30428106701365
OR,OR007@12_0.mat,envelope,94.0,-25.043215023926777,107.30428106701365
OR,OR007@12_0.mat,envelope,95.0,-13.893565069529448,107.30428106701365
OR,OR007@12_0.mat,envelope,96.0,-13.321308560406209,107.30428106701365
OR,OR007@12_0.mat,envelope,97.0,-29.677329575900984,107.30428106701365
OR,OR007@12_0.mat,envelope,98.0,-29.8549301852804,107.30428106701365
OR,OR007@12_0.mat,envelope,99.0,-25.225153732513732,107.30428106701365
OR,OR007@12_0.mat,envelope,100.0,-28.863208571701982,107.30428106701365
OR,OR007@12_0.mat,envelope,101.0,-18.531723335462775,107.30428106701365
OR,OR007@12_0.mat,envelope,102.0,-16.063693798615333,107.30428106701365
OR,OR007@12_0.mat,envelope,103.0,-22.877383473617638,107.30428106701365
OR,OR007@12_0.mat,envelope,104.0,-42.17764487503328,107.30428106701365
OR,OR007@12_0.mat,envelope,105.0,-29.324034912288006,107.30428106701365
OR,OR007@12_0.mat,envelope,106.0,-24.03586472388044,107.30428106701365
OR,OR007@12_0.mat,envelope,107.0,-2.5862311944898098,107.30428106701365
OR,OR007@12_0.mat,envelope,108.0,-1.1642711236245063e-09,107.30428106701365
OR,OR007@12_0.mat,envelope,109.0,-10.046891434386392,107.30428106701365
OR,OR007@12_0.mat,envelope,110.0,-32.65602589884195,107.30428106701365
OR,OR007@12_0.mat,envelope,111.0,-33.770923116843605,107.30428106701365
OR,OR007@12_0.mat,envelope,112.0,-30.454175469153107,107.30428106701365
OR,OR007@12_0.mat,envelope,113.0,-19.684833095054994,107.30428106701365
OR,OR007@12_0.mat,envelope,114.0,-18.74245251805575,107.30428106701365
OR,OR007@12_0.mat,envelope,115.0,-26.517137724892592,107.30428106701365
OR,OR007@12_0.mat,envelope,116.0,-25.743851000385035,107.30428106701365
OR,OR007@12_0.mat,envelope,117.0,-23.582015278923304,107.30428106701365
OR,OR007@12_0.mat,envelope,118.0,-25.505701295796236,107.30428106701365
OR,OR007@12_0.mat,envelope,119.0,-23.035088213800037,107.30428106701365
OR,OR007@12_0.mat,envelope,120.0,-19.581147126723064,107.30428106701365
OR,OR007@12_0.mat,envelope,121.0,-21.094815519001653,107.30428106701365
OR,OR007@12_0.mat,envelope,122.0,-21.851518128978647,107.30428106701365
OR,OR007@12_0.mat,envelope,123.0,-23.387291726424706,107.30428106701365
OR,OR007@12_0.mat,envelope,124.0,-22.806612946853264,107.30428106701365
OR,OR007@12_0.mat,envelope,125.0,-16.663949610402817,107.30428106701365
OR,OR007@12_0.mat,envelope,126.0,-17.13612035098475,107.30428106701365
OR,OR007@12_0.mat,envelope,127.0,-32.022743354274894,107.30428106701365
OR,OR007@12_0.mat,envelope,128.0,-28.25373980637362,107.30428106701365
OR,OR007@12_0.mat,envelope,129.0,-30.92924278399252,107.30428106701365
OR,OR007@12_0.mat,envelope,130.0,-30.425511929303305,107.30428106701365
OR,OR007@12_0.mat,envelope,131.0,-29.016613170855962,107.30428106701365
OR,OR007@12_0.mat,envelope,132.0,-25.72208554149421,107.30428106701365
OR,OR007@12_0.mat,envelope,133.0,-23.576626367638305,107.30428106701365
OR,OR007@12_0.mat,envelope,134.0,-17.464422966208023,107.30428106701365
OR,OR007@12_0.mat,envelope,135.0,-18.33143768352678,107.30428106701365
OR,OR007@12_0.mat,envelope,136.0,-20.74266359901696,107.30428106701365
OR,OR007@12_0.mat,envelope,137.0,-17.889489613464125,107.30428106701365
OR,OR007@12_0.mat,envelope,138.0,-18.587453330654736,107.30428106701365
OR,OR007@12_0.mat,envelope,139.0,-29.20225773313829,107.30428106701365
OR,OR007@12_0.mat,envelope,140.0,-27.36215063787752,107.30428106701365
OR,OR007@12_0.mat,envelope,141.0,-22.802341484298072,107.30428106701365
OR,OR007@12_0.mat,envelope,142.0,-25.01701357398513,107.30428106701365
OR,OR007@12_0.mat,envelope,143.0,-22.997436823244065,107.30428106701365
OR,OR007@12_0.mat,envelope,144.0,-18.77747752172592,107.30428106701365
OR,OR007@12_0.mat,envelope,145.0,-19.611799303453147,107.30428106701365
OR,OR007@12_0.mat,envelope,146.0,-19.757777060614558,107.30428106701365
OR,OR007@12_0.mat,envelope,147.0,-22.901873806275347,107.30428106701365
OR,OR007@12_0.mat,envelope,148.0,-39.24277284100715,107.30428106701365
OR,OR007@12_0.mat,envelope,149.0,-21.696584823740068,107.30428106701365
OR,OR007@12_0.mat,envelope,150.0,-22.186366086134054,107.30428106701365
OR,OR007@12_0.mat,envelope,151.0,-28.02718228740254,107.30428106701365
OR,OR007@12_0.mat,envelope,152.0,-23.2772168373433,107.30428106701365
OR,OR007@12_0.mat,envelope,153.0,-26.386203015120184,107.30428106701365
OR,OR007@12_0.mat,envelope,154.0,-30.346218856394543,107.30428106701365
OR,OR007@12_0.mat,envelope,155.0,-24.71630386064108,107.30428106701365
OR,OR007@12_0.mat,envelope,156.0,-20.447622713797344,107.30428106701365
OR,OR007@12_0.mat,envelope,157.0,-21.884035779657882,107.30428106701365
OR,OR007@12_0.mat,envelope,158.0,-21.450522753883217,107.30428106701365
OR,OR007@12_0.mat,envelope,159.0,-21.277598361152336,107.30428106701365
OR,OR007@12_0.mat,envelope,160.0,-24.986386575904636,107.30428106701365
OR,OR007@12_0.mat,envelope,161.0,-18.20941306875736,107.30428106701365
OR,OR007@12_0.mat,envelope,162.0,-18.41697282335436,107.30428106701365
OR,OR007@12_0.mat,envelope,163.0,-34.28445206657035,107.30428106701365
OR,OR007@12_0.mat,envelope,164.0,-19.429874894309776,107.30428106701365
OR,OR007@12_0.mat,envelope,165.0,-20.446621531849406,107.30428106701365
OR,OR007@12_0.mat,envelope,166.0,-19.062757157970616,107.30428106701365
OR,OR007@12_0.mat,envelope,167.0,-13.196058276915075,107.30428106701365
OR,OR007@12_0.mat,envelope,168.0,-14.934714477947114,107.30428106701365
OR,OR007@12_0.mat,envelope,169.0,-27.99523195372741,107.30428106701365
OR,OR007@12_0.mat,envelope,170.0,-22.186572064747363,107.30428106701365
OR,OR007@12_0.mat,envelope,171.0,-25.520684817634436,107.30428106701365
OR,OR007@12_0.mat,envelope,172.0,-27.052913982612274,107.30428106701365
OR,OR007@12_0.mat,envelope,173.0,-35.59208329217847,107.30428106701365
OR,OR007@12_0.mat,envelope,174.0,-29.761659460470064,107.30428106701365
OR,OR007@12_0.mat,envelope,175.0,-25.27310964744327,107.30428106701365
OR,OR007@12_0.mat,envelope,176.0,-23.73077047871358,107.30428106701365
OR,OR007@12_0.mat,envelope,177.0,-36.182244838796024,107.30428106701365
OR,OR007@12_0.mat,envelope,178.0,-27.598033579789384,107.30428106701365
OR,OR007@12_0.mat,envelope,179.0,-28.501382024765167,107.30428106701365
OR,OR007@12_0.mat,envelope,180.0,-23.025123113388233,107.30428106701365
OR,OR007@12_0.mat,envelope,181.0,-29.93613500406247,107.30428106701365
OR,OR007@12_0.mat,envelope,182.0,-32.009141981919754,107.30428106701365
OR,OR007@12_0.mat,envelope,183.0,-32.6532903647817,107.30428106701365
OR,OR007@12_0.mat,envelope,184.0,-26.96137823746647,107.30428106701365
OR,OR007@12_0.mat,envelope,185.0,-16.257593745966716,107.30428106701365
OR,OR007@12_0.mat,envelope,186.0,-16.99198428863401,107.30428106701365
OR,OR007@12_0.mat,envelope,187.0,-23.781843359599737,107.30428106701365
OR,OR007@12_0.mat,envelope,188.0,-22.685772348993375,107.30428106701365
OR,OR007@12_0.mat,envelope,189.0,-30.841767528452095,107.30428106701365
OR,OR007@12_0.mat,envelope,190.0,-29.637029218487065,107.30428106701365
OR,OR007@12_0.mat,envelope,191.0,-25.666890611634486,107.30428106701365
OR,OR007@12_0.mat,envelope,192.0,-26.56295999768698,107.30428106701365
OR,OR007@12_0.mat,envelope,193.0,-19.38888323079627,107.30428106701365
OR,OR007@12_0.mat,envelope,194.0,-17.28566444640425,107.30428106701365
OR,OR007@12_0.mat,envelope,195.0,-23.894282504779454,107.30428106701365
OR,OR007@12_0.mat,envelope,196.0,-29.052585966327804,107.30428106701365
OR,OR007@12_0.mat,envelope,197.0,-16.236842829563994,107.30428106701365
OR,OR007@12_0.mat,envelope,198.0,-16.290616074887296,107.30428106701365
OR,OR007@12_0.mat,envelope,199.0,-25.6736455847072,107.30428106701365
OR,OR007@12_0.mat,envelope,200.0,-31.839135237010172,107.30428106701365
OR,OR007@12_0.mat,envelope,201.0,-24.944947172890327,107.30428106701365
OR,OR007@12_0.mat,envelope,202.0,-29.209154008071625,107.30428106701365
OR,OR007@12_0.mat,envelope,203.0,-19.892907845051674,107.30428106701365
OR,OR007@12_0.mat,envelope,204.0,-22.301908563813,107.30428106701365
OR,OR007@12_0.mat,envelope,205.0,-34.25816304367829,107.30428106701365
OR,OR007@12_0.mat,envelope,206.0,-32.191571170452335,107.30428106701365
OR,OR007@12_0.mat,envelope,207.0,-25.510843079352554,107.30428106701365
OR,OR007@12_0.mat,envelope,208.0,-30.70042028139624,107.30428106701365
OR,OR007@12_0.mat,envelope,209.0,-28.464522217110574,107.30428106701365
OR,OR007@12_0.mat,envelope,210.0,-25.726474956704525,107.30428106701365
OR,OR007@12_0.mat,envelope,211.0,-25.237781484174214,107.30428106701365
OR,OR007@12_0.mat,envelope,212.0,-28.640725838209452,107.30428106701365
OR,OR007@12_0.mat,envelope,213.0,-28.6215973335039,107.30428106701365
OR,OR007@12_0.mat,envelope,214.0,-16.87809758736305,107.30428106701365
OR,OR007@12_0.mat,envelope,215.0,-4.893685568315934,107.30428106701365
OR,OR007@12_0.mat,envelope,216.0,-5.909965672361168,107.30428106701365
OR,OR007@12_0.mat,envelope,217.0,-17.423682507264996,107.30428106701365
OR,OR007@12_0.mat,envelope,218.0,-26.19870923222772,107.30428106701365
OR,OR007@12_0.mat,envelope,219.0,-24.857115105724617,107.30428106701365
OR,OR007@12_0.mat,envelope,220.0,-24.458106226527086,107.30428106701365
OR,OR007@12_0.mat,envelope,221.0,-15.928994086086327,107.30428106701365
OR,OR007@12_0.mat,envelope,222.0,-17.357947048123624,107.30428106701365
OR,OR007@12_0.mat,envelope,223.0,-30.65816746178576,107.30428106701365
OR,OR007@12_0.mat,envelope,224.0,-27.93574866805146,107.30428106701365
OR,OR007@12_0.mat,envelope,225.0,-30.289757683420575,107.30428106701365
OR,OR007@12_0.mat,envelope,226.0,-25.706901431165647,107.30428106701365
OR,OR007@12_0.mat,envelope,227.0,-23.450784349705295,107.30428106701365
OR,OR007@12_0.mat,envelope,228.0,-25.372427686500806,107.30428106701365
OR,OR007@12_0.mat,envelope,229.0,-21.579347539929135,107.30428106701365
OR,OR007@12_0.mat,envelope,230.0,-18.04272192163114,107.30428106701365
OR,OR007@12_0.mat,envelope,231.0,-18.893803941068853,107.30428106701365
OR,OR007@12_0.mat,envelope,232.0,-25.213110348621193,107.30428106701365
OR,OR007@12_0.mat,envelope,233.0,-17.724072438150905,107.30428106701365
OR,OR007@12_0.mat,envelope,234.0,-18.28155993227686,107.30428106701365
OR,OR007@12_0.mat,envelope,235.0,-42.00038590819024,107.30428106701365
OR,OR007@12_0.mat,envelope,236.0,-29.011788010483066,107.30428106701365
OR,OR007@12_0.mat,envelope,237.0,-24.594391979327494,107.30428106701365
OR,OR007@12_0.mat,envelope,238.0,-26.619752651961672,107.30428106701365
OR,OR007@12_0.mat,envelope,239.0,-36.161969968315105,107.30428106701365
OR,OR007@12_0.mat,envelope,240.0,-27.230575291840434,107.30428106701365
OR,OR007@12_0.mat,envelope,241.0,-26.687744904963743,107.30428106701365
OR,OR007@12_0.mat,envelope,242.0,-26.871612487634053,107.30428106701365
OR,OR007@12_0.mat,envelope,243.0,-33.035503351651194,107.30428106701365
OR,OR007@12_0.mat,envelope,244.0,-25.98655392401115,107.30428106701365
OR,OR007@12_0.mat,envelope,245.0,-18.059342538184705,107.30428106701365
OR,OR007@12_0.mat,envelope,246.0,-19.31058102835315,107.30428106701365
OR,OR007@12_0.mat,envelope,247.0,-33.788389155610815,107.30428106701365
OR,OR007@12_0.mat,envelope,248.0,-22.94150910258374,107.30428106701365
OR,OR007@12_0.mat,envelope,249.0,-22.393096559194632,107.30428106701365
OR,OR007@12_0.mat,envelope,250.0,-22.659178344774187,107.30428106701365
OR,OR007@12_0.mat,envelope,251.0,-19.57443848194607,107.30428106701365
OR,OR007@12_0.mat,envelope,252.0,-21.725939785730542,107.30428106701365
OR,OR007@12_0.mat,envelope,253.0,-24.357253490026913,107.30428106701365
OR,OR007@12_0.mat,envelope,254.0,-27.27721891465817,107.30428106701365
OR,OR007@12_0.mat,envelope,255.0,-34.976460758156854,107.30428106701365
OR,OR007@12_0.mat,envelope,256.0,-39.738196023542336,107.30428106701365
OR,OR007@12_0.mat,envelope,257.0,-38.40350389564884,107.30428106701365
OR,OR007@12_0.mat,envelope,258.0,-29.80839875503758,107.30428106701365
OR,OR007@12_0.mat,envelope,259.0,-29.32213721094584,107.30428106701365
OR,OR007@12_0.mat,envelope,260.0,-30.25252242962293,107.30428106701365
OR,OR007@12_0.mat,envelope,261.0,-28.019469372091468,107.30428106701365
OR,OR007@12_0.mat,envelope,262.0,-27.689891032686948,107.30428106701365
OR,OR007@12_0.mat,envelope,263.0,-18.20376308001145,107.30428106701365
OR,OR007@12_0.mat,envelope,264.0,-21.726097556367556,107.30428106701365
OR,OR007@12_0.mat,envelope,265.0,-32.32657623198974,107.30428106701365
OR,OR007@12_0.mat,envelope,266.0,-24.33964643478687,107.30428106701365
OR,OR007@12_0.mat,envelope,267.0,-35.55618296253095,107.30428106701365
OR,OR007@12_0.mat,envelope,268.0,-49.9255275606039,107.30428106701365
OR,OR007@12_0.mat,envelope,269.0,-31.46635185768765,107.30428106701365
OR,OR007@12_0.mat,envelope,270.0,-33.39280259812455,107.30428106701365
OR,OR007@12_0.mat,envelope,271.0,-26.191520155485843,107.30428106701365
OR,OR007@12_0.mat,envelope,272.0,-28.07435901844812,107.30428106701365
OR,OR007@12_0.mat,envelope,273.0,-34.14895798905958,107.30428106701365
OR,OR007@12_0.mat,envelope,274.0,-17.926811029245275,107.30428106701365
OR,OR007@12_0.mat,envelope,275.0,-10.565415655887769,107.30428106701365
OR,OR007@12_0.mat,envelope,276.0,-13.932408372025098,107.30428106701365
OR,OR007@12_0.mat,envelope,277.0,-30.73378776903647,107.30428106701365
OR,OR007@12_0.mat,envelope,278.0,-33.82481549532696,107.30428106701365
OR,OR007@12_0.mat,envelope,279.0,-30.130214402779156,107.30428106701365
OR,OR007@12_0.mat,envelope,280.0,-31.317600277414424,107.30428106701365
OR,OR007@12_0.mat,envelope,281.0,-39.75318144834642,107.30428106701365
OR,OR007@12_0.mat,envelope,282.0,-32.33434877394164,107.30428106701365
OR,OR007@12_0.mat,envelope,283.0,-31.48988467438962,107.30428106701365
OR,OR007@12_0.mat,envelope,284.0,-51.61795854500263,107.30428106701365
OR,OR007@12_0.mat,envelope,285.0,-29.11130801710458,107.30428106701365
OR,OR007@12_0.mat,envelope,286.0,-44.867431933084454,107.30428106701365
OR,OR007@12_0.mat,envelope,287.0,-35.83956645378872,107.30428106701365
OR,OR007@12_0.mat,envelope,288.0,-38.455703216264894,107.30428106701365
OR,OR007@12_0.mat,envelope,289.0,-34.03213658979577,107.30428106701365
OR,OR007@12_0.mat,envelope,290.0,-26.854124463450194,107.30428106701365
OR,OR007@12_0.mat,envelope,291.0,-24.23925044068865,107.30428106701365
OR,OR007@12_0.mat,envelope,292.0,-24.36554076975,107.30428106701365
OR,OR007@12_0.mat,envelope,293.0,-21.88364851588082,107.30428106701365
OR,OR007@12_0.mat,envelope,294.0,-22.845749990939012,107.30428106701365
OR,OR007@12_0.mat,envelope,295.0,-16.196332426152907,107.30428106701365
OR,OR007@12_0.mat,envelope,296.0,-16.65319250400318,107.30428106701365
OR,OR007@12_0.mat,envelope,297.0,-24.946050238903577,107.30428106701365
OR,OR007@12_0.mat,envelope,298.0,-30.64280423924555,107.30428106701365
OR,OR007@12_0.mat,envelope,299.0,-26.928137589432453,107.30428106701365
OR,OR007@12_0.mat,envelope,300.0,-28.536054984225657,107.30428106701365
OR,OR007@12_0.mat,envelope,301.0,-29.56335711310366,107.30428106701365
OR,OR007@12_0.mat,envelope,302.0,-32.56893149605106,107.30428106701365
OR,OR007@12_0.mat,envelope,303.0,-31.98205878764563,107.30428106701365
OR,OR007@12_0.mat,envelope,304.0,-32.45677835887966,107.30428106701365
OR,OR007@12_0.mat,envelope,305.0,-20.631143010614828,107.30428106701365
OR,OR007@12_0.mat,envelope,306.0,-20.738554967936523,107.30428106701365
OR,OR007@12_0.mat,envelope,307.0,-22.382950504974044,107.30428106701365
OR,OR007@12_0.mat,envelope,308.0,-25.06601741643513,107.30428106701365
OR,OR007@12_0.mat,envelope,309.0,-36.418963187486966,107.30428106701365
OR,OR007@12_0.mat,envelope,310.0,-34.922739563983605,107.30428106701365
OR,OR007@12_0.mat,envelope,311.0,-20.602566539547425,107.30428106701365
OR,OR007@12_0.mat,envelope,312.0,-21.75281690804487,107.30428106701365
OR,OR007@12_0.mat,envelope,313.0,-31.613745194954532,107.30428106701365
OR,OR007@12_0.mat,envelope,314.0,-47.47660189642589,107.30428106701365
OR,OR007@12_0.mat,envelope,315.0,-48.67397783527856,107.30428106701365
OR,OR007@12_0.mat,envelope,316.0,-44.35566527352564,107.30428106701365
OR,OR007@12_0.mat,envelope,317.0,-39.825350137911144,107.30428106701365
OR,OR007@12_0.mat,envelope,318.0,-38.85872434442126,107.30428106701365
OR,OR007@12_0.mat,envelope,319.0,-33.46967563342566,107.30428106701365
OR,OR007@12_0.mat,envelope,320.0,-31.136064736528446,107.30428106701365
OR,OR007@12_0.mat,envelope,321.0,-29.680349416868808,107.30428106701365
OR,OR007@12_0.mat,envelope,322.0,-16.15026229918977,107.30428106701365
OR,OR007@12_0.mat,envelope,323.0,-8.595181721149762,107.30428106701365
OR,OR007@12_0.mat,envelope,324.0,-12.539795673134433,107.30428106701365
OR,OR007@12_0.mat,envelope,325.0,-23.986436240957076,107.30428106701365
OR,OR007@12_0.mat,envelope,326.0,-28.29693486360021,107.30428106701365
OR,OR007@12_0.mat,envelope,327.0,-30.563295306704106,107.30428106701365
OR,OR007@12_0.mat,envelope,328.0,-28.10559229158602,107.30428106701365
OR,OR007@12_0.mat,envelope,329.0,-28.11809446911482,107.30428106701365
OR,OR007@12_0.mat,envelope,330.0,-31.548430600188357,107.30428106701365
OR,OR007@12_0.mat,envelope,331.0,-34.06016531776544,107.30428106701365
OR,OR007@12_0.mat,envelope,332.0,-33.359667008182,107.30428106701365
OR,OR007@12_0.mat,envelope,333.0,-41.9139160965969,107.30428106701365
OR,OR007@12_0.mat,envelope,334.0,-26.616627364149068,107.30428106701365
OR,OR007@12_0.mat,envelope,335.0,-22.603691695285878,107.30428106701365
OR,OR007@12_0.mat,envelope,336.0,-34.24355392987632,107.30428106701365
OR,OR007@12_0.mat,envelope,337.0,-26.14993587113192,107.30428106701365
OR,OR007@12_0.mat,envelope,338.0,-26.865294289564975,107.30428106701365
OR,OR007@12_0.mat,envelope,339.0,-34.13232462459077,107.30428106701365
OR,OR007@12_0.mat,envelope,340.0,-36.73391594880765,107.30428106701365
OR,OR007@12_0.mat,envelope,341.0,-31.509460994741495,107.30428106701365
OR,OR007@12_0.mat,envelope,342.0,-37.23357018402065,107.30428106701365
OR,OR007@12_0.mat,envelope,343.0,-34.79598759562324,107.30428106701365
OR,OR007@12_0.mat,envelope,344.0,-32.552106698271324,107.30428106701365
OR,OR007@12_0.mat,envelope,345.0,-25.751212074833077,107.30428106701365
OR,OR007@12_0.mat,envelope,346.0,-24.87988620137321,107.30428106701365
OR,OR007@12_0.mat,envelope,347.0,-25.792406776666624,107.30428106701365
OR,OR007@12_0.mat,envelope,348.0,-28.251902028078458,107.30428106701365
OR,OR007@12_0.mat,envelope,349.0,-36.956110245216976,107.30428106701365
OR,OR007@12_0.mat,envelope,350.0,-31.240390927711758,107.30428106701365
OR,OR007@12_0.mat,envelope,351.0,-32.13784096718137,107.30428106701365
OR,OR007@12_0.mat,envelope,352.0,-25.253513679027453,107.30428106701365
OR,OR007@12_0.mat,envelope,353.0,-21.593395366534615,107.30428106701365
OR,OR007@12_0.mat,envelope,354.0,-26.07401763350564,107.30428106701365
OR,OR007@12_0.mat,envelope,355.0,-29.189155765756855,107.30428106701365
OR,OR007@12_0.mat,envelope,356.0,-31.615559583569226,107.30428106701365
OR,OR007@12_0.mat,envelope,357.0,-32.040971736862296,107.30428106701365
OR,OR007@12_0.mat,envelope,358.0,-27.200154618729137,107.30428106701365
OR,OR007@12_0.mat,envelope,359.0,-32.143914162090674,107.30428106701365
OR,OR007@12_0.mat,envelope,360.0,-34.1097058208991,107.30428106701365
OR,OR007@12_0.mat,envelope,361.0,-33.7460272416802,107.30428106701365
OR,OR007@12_0.mat,envelope,362.0,-23.667011081425905,107.30428106701365
OR,OR007@12_0.mat,envelope,363.0,-23.04236768860536,107.30428106701365
OR,OR007@12_0.mat,envelope,364.0,-26.99820643482998,107.30428106701365
OR,OR007@12_0.mat,envelope,365.0,-34.27434098849532,107.30428106701365
OR,OR007@12_0.mat,envelope,366.0,-38.26674340682785,107.30428106701365
OR,OR007@12_0.mat,envelope,367.0,-31.079810486419643,107.30428106701365
OR,OR007@12_0.mat,envelope,368.0,-25.047876212016472,107.30428106701365
OR,OR007@12_0.mat,envelope,369.0,-28.85897435803207,107.30428106701365
OR,OR007@12_0.mat,envelope,370.0,-21.084302494936715,107.30428106701365
OR,OR007@12_0.mat,envelope,371.0,-17.548208633175925,107.30428106701365
OR,OR007@12_0.mat,envelope,372.0,-24.335204889995342,107.30428106701365
OR,OR007@12_0.mat,envelope,373.0,-43.80432433977588,107.30428106701365
OR,OR007@12_0.mat,envelope,374.0,-26.558382298454436,107.30428106701365
OR,OR007@12_0.mat,envelope,375.0,-25.88003373135033,107.30428106701365
OR,OR007@12_0.mat,envelope,376.0,-33.553476908880484,107.30428106701365
OR,OR007@12_0.mat,envelope,377.0,-34.475075445743386,107.30428106701365
OR,OR007@12_0.mat,envelope,378.0,-28.975666424205706,107.30428106701365
OR,OR007@12_0.mat,envelope,379.0,-25.853018689649986,107.30428106701365
OR,OR007@12_0.mat,envelope,380.0,-29.482571691909634,107.30428106701365
OR,OR007@12_0.mat,envelope,381.0,-36.09307576978531,107.30428106701365
OR,OR007@12_0.mat,envelope,382.0,-21.07667128233821,107.30428106701365
OR,OR007@12_0.mat,envelope,383.0,-16.87845575348335,107.30428106701365
OR,OR007@12_0.mat,envelope,384.0,-23.216104767317404,107.30428106701365
OR,OR007@12_0.mat,envelope,385.0,-34.70915939414823,107.30428106701365
OR,OR007@12_0.mat,envelope,386.0,-27.56034518540398,107.30428106701365
OR,OR007@12_0.mat,envelope,387.0,-24.11167636398116,107.30428106701365
OR,OR007@12_0.mat,envelope,388.0,-29.043002943026288,107.30428106701365
OR,OR007@12_0.mat,envelope,389.0,-31.513554925706686,107.30428106701365
OR,OR007@12_0.mat,envelope,390.0,-32.137186910184404,107.30428106701365
OR,OR007@12_0.mat,envelope,391.0,-27.869638924995073,107.30428106701365
OR,OR007@12_0.mat,envelope,392.0,-28.906360736576783,107.30428106701365
OR,OR007@12_0.mat,envelope,393.0,-37.7447316451163,107.30428106701365
OR,OR007@12_0.mat,envelope,394.0,-34.89951478010979,107.30428106701365
OR,OR007@12_0.mat,envelope,395.0,-25.30742079247255,107.30428106701365
OR,OR007@12_0.mat,envelope,396.0,-27.63769830556914,107.30428106701365
OR,OR007@12_0.mat,envelope,397.0,-28.64441066606542,107.30428106701365
OR,OR007@12_0.mat,envelope,398.0,-31.534474637685047,107.30428106701365
OR,OR007@12_0.mat,envelope,399.0,-29.22872208906933,107.30428106701365
OR,OR007@12_0.mat,envelope,400.0,-29.605196292097116,107.30428106701365
OR,OR007@12_0.mat,envelope,401.0,-27.38090738456911,107.30428106701365
OR,OR007@12_0.mat,envelope,402.0,-27.071151302459167,107.30428106701365
OR,OR007@12_0.mat,envelope,403.0,-23.546483139195317,107.30428106701365
OR,OR007@12_0.mat,envelope,404.0,-26.640145386130566,107.30428106701365
OR,OR007@12_0.mat,envelope,405.0,-39.814134215682415,107.30428106701365
OR,OR007@12_0.mat,envelope,406.0,-29.892441619083485,107.30428106701365
OR,OR007@12_0.mat,envelope,407.0,-28.7829664470029,107.30428106701365
OR,OR007@12_0.mat,envelope,408.0,-37.53253321504263,107.30428106701365
OR,OR007@12_0.mat,envelope,409.0,-29.8781079887707,107.30428106701365
OR,OR007@12_0.mat,envelope,410.0,-24.487093651821734,107.30428106701365
OR,OR007@12_0.mat,envelope,411.0,-24.78895773618504,107.30428106701365
OR,OR007@12_0.mat,envelope,412.0,-29.323944013011378,107.30428106701365
OR,OR007@12_0.mat,envelope,413.0,-38.08554107258376,107.30428106701365
OR,OR007@12_0.mat,envelope,414.0,-33.2468728896881,107.30428106701365
OR,OR007@12_0.mat,envelope,415.0,-24.469907942818256,107.30428106701365
OR,OR007@12_0.mat,envelope,416.0,-29.334810685682164,107.30428106701365
OR,OR007@12_0.mat,envelope,417.0,-35.32688473594925,107.30428106701365
OR,OR007@12_0.mat,envelope,418.0,-24.78367725482679,107.30428106701365
OR,OR007@12_0.mat,envelope,419.0,-19.926321715232124,107.30428106701365
OR,OR007@12_0.mat,envelope,420.0,-24.91088470952018,107.30428106701365
OR,OR007@12_0.mat,envelope,421.0,-31.903920889801405,107.30428106701365
OR,OR007@12_0.mat,envelope,422.0,-36.250847515364995,107.30428106701365
OR,OR007@12_0.mat,envelope,423.0,-37.590908703053685,107.30428106701365
OR,OR007@12_0.mat,envelope,424.0,-35.11020771892322,107.30428106701365
OR,OR007@12_0.mat,envelope,425.0,-36.396652125608014,107.30428106701365
OR,OR007@12_0.mat,envelope,426.0,-35.15141568894238,107.30428106701365
OR,OR007@12_0.mat,envelope,427.0,-29.147593495257496,107.30428106701365
OR,OR007@12_0.mat,envelope,428.0,-22.601662435249487,107.30428106701365
OR,OR007@12_0.mat,envelope,429.0,-25.153987606553734,107.30428106701365
OR,OR007@12_0.mat,envelope,430.0,-16.960365928647835,107.30428106701365
OR,OR007@12_0.mat,envelope,431.0,-14.528991287724821,107.30428106701365
OR,OR007@12_0.mat,envelope,432.0,-22.47384749555482,107.30428106701365
OR,OR007@12_0.mat,envelope,433.0,-32.775444539813925,107.30428106701365
OR,OR007@12_0.mat,envelope,434.0,-33.15509051540457,107.30428106701365
OR,OR007@12_0.mat,envelope,435.0,-40.60286912971421,107.30428106701365
OR,OR007@12_0.mat,envelope,436.0,-33.417705904264075,107.30428106701365
OR,OR007@12_0.mat,envelope,437.0,-29.0747099502115,107.30428106701365
OR,OR007@12_0.mat,envelope,438.0,-33.22564231511516,107.30428106701365
OR,OR007@12_0.mat,envelope,439.0,-29.032629075324124,107.30428106701365
OR,OR007@12_0.mat,envelope,440.0,-27.357597044559476,107.30428106701365
OR,OR007@12_0.mat,envelope,441.0,-33.339787654553284,107.30428106701365
OR,OR007@12_0.mat,envelope,442.0,-29.021872373189375,107.30428106701365
OR,OR007@12_0.mat,envelope,443.0,-28.113518008150535,107.30428106701365
OR,OR007@12_0.mat,envelope,444.0,-47.922158957871176,107.30428106701365
OR,OR007@12_0.mat,envelope,445.0,-31.488530080124512,107.30428106701365
OR,OR007@12_0.mat,envelope,446.0,-31.019056451895842,107.30428106701365
OR,OR007@12_0.mat,envelope,447.0,-30.374511010717878,107.30428106701365
OR,OR007@12_0.mat,envelope,448.0,-31.01179065600238,107.30428106701365
OR,OR007@12_0.mat,envelope,449.0,-41.267652724211786,107.30428106701365
OR,OR007@12_0.mat,envelope,450.0,-33.01226367481222,107.30428106701365
OR,OR007@12_0.mat,envelope,451.0,-23.95822042633435,107.30428106701365
OR,OR007@12_0.mat,envelope,452.0,-24.92828304647219,107.30428106701365
OR,OR007@12_0.mat,envelope,453.0,-30.958873337860958,107.30428106701365
OR,OR007@12_0.mat,envelope,454.0,-32.57898132250813,107.30428106701365
OR,OR007@12_0.mat,envelope,455.0,-30.520697738366835,107.30428106701365
OR,OR007@12_0.mat,envelope,456.0,-34.01408699977501,107.30428106701365
OR,OR007@12_0.mat,envelope,457.0,-38.4045100266317,107.30428106701365
OR,OR007@12_0.mat,envelope,458.0,-21.72686417005931,107.30428106701365
OR,OR007@12_0.mat,envelope,459.0,-21.434700436795424,107.30428106701365
OR,OR007@12_0.mat,envelope,460.0,-29.31965561336891,107.30428106701365
OR,OR007@12_0.mat,envelope,461.0,-26.699150747198694,107.30428106701365
OR,OR007@12_0.mat,envelope,462.0,-32.35392269204615,107.30428106701365
OR,OR007@12_0.mat,envelope,463.0,-23.296285960818647,107.30428106701365
OR,OR007@12_0.mat,envelope,464.0,-27.623107489385454,107.30428106701365
OR,OR007@12_0.mat,envelope,465.0,-39.686139206202824,107.30428106701365
OR,OR007@12_0.mat,envelope,466.0,-43.932642197158955,107.30428106701365
OR,OR007@12_0.mat,envelope,467.0,-37.730188235170445,107.30428106701365
OR,OR007@12_0.mat,envelope,468.0,-32.653532146721055,107.30428106701365
OR,OR007@12_0.mat,envelope,469.0,-27.061111747718417,107.30428106701365
OR,OR007@12_0.mat,envelope,470.0,-23.264716044003748,107.30428106701365
OR,OR007@12_0.mat,envelope,471.0,-24.11738123817078,107.30428106701365
OR,OR007@12_0.mat,envelope,472.0,-30.88617794063547,107.30428106701365
OR,OR007@12_0.mat,envelope,473.0,-27.807734486015573,107.30428106701365
OR,OR007@12_0.mat,envelope,474.0,-29.540565995851573,107.30428106701365
OR,OR007@12_0.mat,envelope,475.0,-25.781516863898855,107.30428106701365
OR,OR007@12_0.mat,envelope,476.0,-22.8161964204499,107.30428106701365
OR,OR007@12_0.mat,envelope,477.0,-32.7802462603412,107.30428106701365
OR,OR007@12_0.mat,envelope,478.0,-19.58758004245408,107.30428106701365
OR,OR007@12_0.mat,envelope,479.0,-16.6096850140504,107.30428106701365
OR,OR007@12_0.mat,envelope,480.0,-25.406125304501717,107.30428106701365
OR,OR007@12_0.mat,envelope,481.0,-31.415837918050663,107.30428106701365
OR,OR007@12_0.mat,envelope,482.0,-24.25803097204083,107.30428106701365
OR,OR007@12_0.mat,envelope,483.0,-23.881623503354213,107.30428106701365
OR,OR007@12_0.mat,envelope,484.0,-44.049072610163336,107.30428106701365
OR,OR007@12_0.mat,envelope,485.0,-30.218584993700695,107.30428106701365
OR,OR007@12_0.mat,envelope,486.0,-32.789582960098805,107.30428106701365
OR,OR007@12_0.mat,envelope,487.0,-24.80271838059844,107.30428106701365
OR,OR007@12_0.mat,envelope,488.0,-26.50264138716908,107.30428106701365
OR,OR007@12_0.mat,envelope,489.0,-29.815311654377837,107.30428106701365
OR,OR007@12_0.mat,envelope,490.0,-34.782639876289146,107.30428106701365
OR,OR007@12_0.mat,envelope,491.0,-29.95913508710259,107.30428106701365
OR,OR007@12_0.mat,envelope,492.0,-31.870195091914294,107.30428106701365
OR,OR007@12_0.mat,envelope,493.0,-30.786533012179497,107.30428106701365
OR,OR007@12_0.mat,envelope,494.0,-30.45306999795504,107.30428106701365
OR,OR007@12_0.mat,envelope,495.0,-35.3139960726161,107.30428106701365
OR,OR007@12_0.mat,envelope,496.0,-24.58803562294382,107.30428106701365
OR,OR007@12_0.mat,envelope,497.0,-21.646247765248845,107.30428106701365
OR,OR007@12_0.mat,envelope,498.0,-32.63972610874902,107.30428106701365
OR,OR007@12_0.mat,envelope,499.0,-36.15630741839559,107.30428106701365
OR,OR007@12_0.mat,envelope,500.0,-33.02708245365687,107.30428106701365
IR,IR007_0.mat,vibration,0.0,-42.768816950531914,162.09571893298633
IR,IR007_0.mat,vibration,11.71875,-42.866965259941246,162.09571893298633
IR,IR007_0.mat,vibration,23.4375,-46.21027716305055,162.09571893298633
IR,IR007_0.mat,vibration,35.15625,-48.78370391646301,162.09571893298633
IR,IR007_0.mat,vibration,46.875,-42.67100857247324,162.09571893298633
IR,IR007_0.mat,vibration,58.59375,-35.49104628998713,162.09571893298633
IR,IR007_0.mat,vibration,70.3125,-40.01596471402203,162.09571893298633
IR,IR007_0.mat,vibration,82.03125,-49.92544481655935,162.09571893298633
IR,IR007_0.mat,vibration,93.75,-48.176001613359325,162.09571893298633
IR,IR007_0.mat,vibration,105.46875,-41.80540359146521,162.09571893298633
IR,IR007_0.mat,vibration,117.1875,-34.28999299117009,162.09571893298633
IR,IR007_0.mat,vibration,128.90625,-35.58348472920923,162.09571893298633
IR,IR007_0.mat,vibration,140.625,-28.400834828230337,162.09571893298633
IR,IR007_0.mat,vibration,152.34375,-22.253287219314476,162.09571893298633
IR,IR007_0.mat,vibration,164.0625,-20.4522987931872,162.09571893298633
IR,IR007_0.mat,vibration,175.78125,-27.892395678464737,162.09571893298633
IR,IR007_0.mat,vibration,187.5,-25.717144306343748,162.09571893298633
IR,IR007_0.mat,vibration,199.21875,-27.95581839420067,162.09571893298633
IR,IR007_0.mat,vibration,210.9375,-36.31176711488135,162.09571893298633
IR,IR007_0.mat,vibration,222.65625,-33.31149680353811,162.09571893298633
IR,IR007_0.mat,vibration,234.375,-34.88605661951823,162.09571893298633
IR,IR007_0.mat,vibration,246.09375,-32.547300153736195,162.09571893298633
IR,IR007_0.mat,vibration,257.8125,-31.301410359645594,162.09571893298633
IR,IR007_0.mat,vibration,269.53125,-31.437336255703915,162.09571893298633
IR,IR007_0.mat,vibration,281.25,-34.90640264421347,162.09571893298633
IR,IR007_0.mat,vibration,292.96875,-28.39653911564982,162.09571893298633
IR,IR007_0.mat,vibration,304.6875,-31.788529589234102,162.09571893298633
IR,IR007_0.mat,vibration,316.40625,-26.63146038560082,162.09571893298633
IR,IR007_0.mat,vibration,328.125,-24.715975341607166,162.09571893298633
IR,IR007_0.mat,vibration,339.84375,-31.942542598844224,162.09571893298633
IR,IR007_0.mat,vibration,351.5625,-25.357968227088044,162.09571893298633
IR,IR007_0.mat,vibration,363.28125,-23.721110006671864,162.09571893298633
IR,IR007_0.mat,vibration,375.0,-30.145872088202047,162.09571893298633
IR,IR007_0.mat,vibration,386.71875,-27.66694371064593,162.09571893298633
IR,IR007_0.mat,vibration,398.4375,-29.58335904737439,162.09571893298633
IR,IR007_0.mat,vibration,410.15625,-29.899676805891605,162.09571893298633
IR,IR007_0.mat,vibration,421.875,-25.89762326617764,162.09571893298633
IR,IR007_0.mat,vibration,433.59375,-28.526678569211946,162.09571893298633
IR,IR007_0.mat,vibration,445.3125,-16.961642995411502,162.09571893298633
IR,IR007_0.mat,vibration,457.03125,-13.927840709675486,162.09571893298633
IR,IR007_0.mat,vibration,468.75,-22.85849778399925,162.09571893298633
IR,IR007_0.mat,vibration,480.46875,-23.38313377599876,162.09571893298633
IR,IR007_0.mat,vibration,492.1875,-28.690372649906358,162.09571893298633
IR,IR007_0.mat,vibration,503.90625,-18.71298562598745,162.09571893298633
IR,IR007_0.mat,vibration,515.625,-16.943897058220998,162.09571893298633
IR,IR007_0.mat,vibration,527.34375,-20.016550397541735,162.09571893298633
IR,IR007_0.mat,vibration,539.0625,-17.84433920232352,162.09571893298633
IR,IR007_0.mat,vibration,550.78125,-20.867730056384808,162.09571893298633
IR,IR007_0.mat,vibration,562.5,-20.565753650034363,162.09571893298633
IR,IR007_0.mat,vibration,574.21875,-17.633855199567225,162.09571893298633
IR,IR007_0.mat,vibration,585.9375,-22.481408155619555,162.09571893298633
IR,IR007_0.mat,vibration,597.65625,-17.85087313689335,162.09571893298633
IR,IR007_0.mat,vibration,609.375,-6.238990291812638,162.09571893298633
IR,IR007_0.mat,vibration,621.09375,-4.879702639797024,162.09571893298633
IR,IR007_0.mat,vibration,632.8125,-14.860693241645821,162.09571893298633
IR,IR007_0.mat,vibration,644.53125,-20.62636520297376,162.09571893298633
IR,IR007_0.mat,vibration,656.25,-24.310387967092744,162.09571893298633
IR,IR007_0.mat,vibration,667.96875,-14.890200382740046,162.09571893298633
IR,IR007_0.mat,vibration,679.6875,-12.22535835303945,162.09571893298633
IR,IR007_0.mat,vibration,691.40625,-21.78222468603184,162.09571893298633
IR,IR007_0.mat,vibration,703.125,-22.925617183935636,162.09571893298633
IR,IR007_0.mat,vibration,714.84375,-19.843601435073,162.09571893298633
IR,IR007_0.mat,vibration,726.5625,-22.65133806703926,162.09571893298633
IR,IR007_0.mat,vibration,738.28125,-25.961530584929736,162.09571893298633
IR,IR007_0.mat,vibration,750.0,-22.22295766831797,162.09571893298633
IR,IR007_0.mat,vibration,761.71875,-28.67578382380866,162.09571893298633
IR,IR007_0.mat,vibration,773.4375,-23.059313471566995,162.09571893298633
IR,IR007_0.mat,vibration,785.15625,-24.203455280291433,162.09571893298633
IR,IR007_0.mat,vibration,796.875,-35.892564028885026,162.09571893298633
IR,IR007_0.mat,vibration,808.59375,-33.807981136281725,162.09571893298633
IR,IR007_0.mat,vibration,820.3125,-35.31092798175642,162.09571893298633
IR,IR007_0.mat,vibration,832.03125,-27.841582440660304,162.09571893298633
IR,IR007_0.mat,vibration,843.75,-26.3174789608666,162.09571893298633
IR,IR007_0.mat,vibration,855.46875,-30.92014385673405,162.09571893298633
IR,IR007_0.mat,vibration,867.1875,-26.630707497591732,162.09571893298633
IR,IR007_0.mat,vibration,878.90625,-31.43266070451689,162.09571893298633
IR,IR007_0.mat,vibration,890.625,-34.61067538473439,162.09571893298633
IR,IR007_0.mat,vibration,902.34375,-32.73639507294107,162.09571893298633
IR,IR007_0.mat,vibration,914.0625,-32.31642904214638,162.09571893298633
IR,IR007_0.mat,vibration,925.78125,-28.322307855421094,162.09571893298633
IR,IR007_0.mat,vibration,937.5,-20.276663719908782,162.09571893298633
IR,IR007_0.mat,vibration,949.21875,-23.033610495373836,162.09571893298633
IR,IR007_0.mat,vibration,960.9375,-25.04172488669783,162.09571893298633
IR,IR007_0.mat,vibration,972.65625,-20.59877959045781,162.09571893298633
IR,IR007_0.mat,vibration,984.375,-23.086768242946736,162.09571893298633
IR,IR007_0.mat,vibration,996.09375,-17.268527135222186,162.09571893298633
IR,IR007_0.mat,vibration,1007.8125,-19.188258507606918,162.09571893298633
IR,IR007_0.mat,vibration,1019.53125,-29.627112610256162,162.09571893298633
IR,IR007_0.mat,vibration,1031.25,-26.382243993866435,162.09571893298633
IR,IR007_0.mat,vibration,1042.96875,-21.984861823026716,162.09571893298633
IR,IR007_0.mat,vibration,1054.6875,-28.90934102305789,162.09571893298633
IR,IR007_0.mat,vibration,1066.40625,-28.879281792912703,162.09571893298633
IR,IR007_0.mat,vibration,1078.125,-24.119188259226156,162.09571893298633
IR,IR007_0.mat,vibration,1089.84375,-21.266610279973488,162.09571893298633
IR,IR007_0.mat,vibration,1101.5625,-16.138988959987522,162.09571893298633
IR,IR007_0.mat,vibration,1113.28125,-20.565255452711135,162.09571893298633
IR,IR007_0.mat,vibration,1125.0,-12.668970007543193,162.09571893298633
IR,IR007_0.mat,vibration,1136.71875,-11.934165304675052,162.09571893298633
IR,IR007_0.mat,vibration,1148.4375,-14.156622954586659,162.09571893298633
IR,IR007_0.mat,vibration,1160.15625,-7.743013195169011,162.09571893298633
IR,IR007_0.mat,vibration,1171.875,-12.135782922851345,162.09571893298633
IR,IR007_0.mat,vibration,1183.59375,-18.554857330866295,162.09571893298633
IR,IR007_0.mat,vibration,1195.3125,-17.63181241085731,162.09571893298633
IR,IR007_0.mat,vibration,1207.03125,-25.567034610781434,162.09571893298633
IR,IR007_0.mat,vibration,1218.75,-23.78158432230682,162.09571893298633
IR,IR007_0.mat,vibration,1230.46875,-22.454820554681092,162.09571893298633
IR,IR007_0.mat,vibration,1242.1875,-23.433795874838005,162.09571893298633
IR,IR007_0.mat,vibration,1253.90625,-11.66930150140034,162.09571893298633
IR,IR007_0.mat,vibration,1265.625,-8.261153881866022,162.09571893298633
IR,IR007_0.mat,vibration,1277.34375,-16.299672477696163,162.09571893298633
IR,IR007_0.mat,vibration,1289.0625,-25.617048663282205,162.09571893298633
IR,IR007_0.mat,vibration,1300.78125,-26.848206765951872,162.09571893298633
IR,IR007_0.mat,vibration,1312.5,-12.678321787944597,162.09571893298633
IR,IR007_0.mat,vibration,1324.21875,-7.767337513083813,162.09571893298633
IR,IR007_0.mat,vibration,1335.9375,-14.562295717201998,162.09571893298633
IR,IR007_0.mat,vibration,1347.65625,-21.991589048639398,162.09571893298633
IR,IR007_0.mat,vibration,1359.375,-19.28695056634727,162.09571893298633
IR,IR007_0.mat,vibration,1371.09375,-18.998049550998047,162.09571893298633
IR,IR007_0.mat,vibration,1382.8125,-21.298174604591185,162.09571893298633
IR,IR007_0.mat,vibration,1394.53125,-20.41828804594111,162.09571893298633
IR,IR007_0.mat,vibration,1406.25,-18.91469890037183,162.09571893298633
IR,IR007_0.mat,vibration,1417.96875,-10.124024837775881,162.09571893298633
IR,IR007_0.mat,vibration,1429.6875,-8.311091774774905,162.09571893298633
IR,IR007_0.mat,vibration,1441.40625,-13.111412539816808,162.09571893298633
IR,IR007_0.mat,vibration,1453.125,-21.724434055722085,162.09571893298633
IR,IR007_0.mat,vibration,1464.84375,-19.77881528054089,162.09571893298633
IR,IR007_0.mat,vibration,1476.5625,-7.197409409235247,162.09571893298633
IR,IR007_0.mat,vibration,1488.28125,-4.913278600257271,162.09571893298633
IR,IR007_0.mat,vibration,1500.0,-14.408577731113173,162.09571893298633
IR,IR007_0.mat,vibration,1511.71875,-24.264252037363057,162.09571893298633
IR,IR007_0.mat,vibration,1523.4375,-26.64423729244767,162.09571893298633
IR,IR007_0.mat,vibration,1535.15625,-28.184033103851288,162.09571893298633
IR,IR007_0.mat,vibration,1546.875,-27.361345972022324,162.09571893298633
IR,IR007_0.mat,vibration,1558.59375,-25.02551288879529,162.09571893298633
IR,IR007_0.mat,vibration,1570.3125,-18.722411675262666,162.09571893298633
IR,IR007_0.mat,vibration,1582.03125,-8.769827718446122,162.09571893298633
IR,IR007_0.mat,vibration,1593.75,-10.043756806901339,162.09571893298633
IR,IR007_0.mat,vibration,1605.46875,-20.17634432864395,162.09571893298633
IR,IR007_0.mat,vibration,1617.1875,-20.592570444318415,162.09571893298633
IR,IR007_0.mat,vibration,1628.90625,-22.245616457227086,162.09571893298633
IR,IR007_0.mat,vibration,1640.625,-11.92492346853884,162.09571893298633
IR,IR007_0.mat,vibration,1652.34375,-11.932424311509642,162.09571893298633
IR,IR007_0.mat,vibration,1664.0625,-23.019279599050236,162.09571893298633
IR,IR007_0.mat,vibration,1675.78125,-24.292739104548517,162.09571893298633
IR,IR007_0.mat,vibration,1687.5,-25.291353787537844,162.09571893298633
IR,IR007_0.mat,vibration,1699.21875,-29.415071654512378,162.09571893298633
IR,IR007_0.mat,vibration,1710.9375,-29.088483623756765,162.09571893298633
IR,IR007_0.mat,vibration,1722.65625,-25.61620007199445,162.09571893298633
IR,IR007_0.mat,vibration,1734.375,-17.641849833555167,162.09571893298633
IR,IR007_0.mat,vibration,1746.09375,-10.126484321034429,162.09571893298633
IR,IR007_0.mat,vibration,1757.8125,-13.58144460311657,162.09571893298633
IR,IR007_0.mat,vibration,1769.53125,-21.924733122504428,162.09571893298633
IR,IR007_0.mat,vibration,1781.25,-19.755092399752332,162.09571893298633
IR,IR007_0.mat,vibration,1792.96875,-20.997798281870942,162.09571893298633
IR,IR007_0.mat,vibration,1804.6875,-14.637959809769384,162.09571893298633
IR,IR007_0.mat,vibration,1816.40625,-16.962099838144614,162.09571893298633
IR,IR007_0.mat,vibration,1828.125,-26.392491603626013,162.09571893298633
IR,IR007_0.mat,vibration,1839.84375,-25.469723021279226,162.09571893298633
IR,IR007_0.mat,vibration,1851.5625,-29.141825177165007,162.09571893298633
IR,IR007_0.mat,vibration,1863.28125,-31.543884788490644,162.09571893298633
IR,IR007_0.mat,vibration,1875.0,-28.591160148777686,162.09571893298633
IR,IR007_0.mat,vibration,1886.71875,-26.888077929,162.09571893298633
IR,IR007_0.mat,vibration,1898.4375,-15.654814231018614,162.09571893298633
IR,IR007_0.mat,vibration,1910.15625,-9.949970820404197,162.09571893298633
IR,IR007_0.mat,vibration,1921.875,-15.606284607599774,162.09571893298633
IR,IR007_0.mat,vibration,1933.59375,-21.564418079606355,162.09571893298633
IR,IR007_0.mat,vibration,1945.3125,-19.76319737262251,162.09571893298633
IR,IR007_0.mat,vibration,1957.03125,-14.203352616461157,162.09571893298633
IR,IR007_0.mat,vibration,1968.75,-7.587211238561705,162.09571893298633
IR,IR007_0.mat,vibration,1980.46875,-12.269801950714383,162.09571893298633
IR,IR007_0.mat,vibration,1992.1875,-21.17578721410944,162.09571893298633
IR,IR007_0.mat,vibration,2003.90625,-24.609044847712095,162.09571893298633
IR,IR007_0.mat,vibration,2015.625,-27.14578894257968,162.09571893298633
IR,IR007_0.mat,vibration,2027.34375,-28.68236674103452,162.09571893298633
IR,IR007_0.mat,vibration,2039.0625,-27.228717382855777,162.09571893298633
IR,IR007_0.mat,vibration,2050.78125,-30.01061255066993,162.09571893298633
IR,IR007_0.mat,vibration,2062.5,-25.517210283888257,162.09571893298633
IR,IR007_0.mat,vibration,2074.21875,-22.175483343715694,162.09571893298633
IR,IR007_0.mat,vibration,2085.9375,-26.68829339714588,162.09571893298633
IR,IR007_0.mat,vibration,2097.65625,-20.335905378382947,162.09571893298633
IR,IR007_0.mat,vibration,2109.375,-22.176680069594568,162.09571893298633
IR,IR007_0.mat,vibration,2121.09375,-23.311666328760033,162.09571893298633
IR,IR007_0.mat,vibration,2132.8125,-19.166944577049286,162.09571893298633
IR,IR007_0.mat,vibration,2144.53125,-25.076726446763857,162.09571893298633
IR,IR007_0.mat,vibration,2156.25,-26.880505200404162,162.09571893298633
IR,IR007_0.mat,vibration,2167.96875,-27.558726225515407,162.09571893298633
IR,IR007_0.mat,vibration,2179.6875,-31.12750195399514,162.09571893298633
IR,IR007_0.mat,vibration,2191.40625,-31.02167618127719,162.09571893298633
IR,IR007_0.mat,vibration,2203.125,-28.23697119608124,162.09571893298633
IR,IR007_0.mat,vibration,2214.84375,-24.468266531553695,162.09571893298633
IR,IR007_0.mat,vibration,2226.5625,-14.617605281954758,162.09571893298633
IR,IR007_0.mat,vibration,2238.28125,-13.770861028470907,162.09571893298633
IR,IR007_0.mat,vibration,2250.0,-17.981607119155,162.09571893298633
IR,IR007_0.mat,vibration,2261.71875,-12.72622662243924,162.09571893298633
IR,IR007_0.mat,vibration,2273.4375,-16.231282504881598,162.09571893298633
IR,IR007_0.mat,vibration,2285.15625,-16.586163405688744,162.09571893298633
IR,IR007_0.mat,vibration,2296.875,-14.948247376563783,162.09571893298633
IR,IR007_0.mat,vibration,2308.59375,-20.714819648109028,162.09571893298633
IR,IR007_0.mat,vibration,2320.3125,-25.79706579435873,162.09571893298633
IR,IR007_0.mat,vibration,2332.03125,-25.257524175955993,162.09571893298633
IR,IR007_0.mat,vibration,2343.75,-23.697327956427042,162.09571893298633
IR,IR007_0.mat,vibration,2355.46875,-23.77773587634841,162.09571893298633
IR,IR007_0.mat,vibration,2367.1875,-21.799050716353875,162.09571893298633
IR,IR007_0.mat,vibration,2378.90625,-18.37340143878061,162.09571893298633
IR,IR007_0.mat,vibration,2390.625,-11.041834122384858,162.09571893298633
IR,IR007_0.mat,vibration,2402.34375,-11.698880973856769,162.09571893298633
IR,IR007_0.mat,vibration,2414.0625,-12.803390356537697,162.09571893298633
IR,IR007_0.mat,vibration,2425.78125,-8.767132900898565,162.09571893298633
IR,IR007_0.mat,vibration,2437.5,-9.496478459298796,162.09571893298633
IR,IR007_0.mat,vibration,2449.21875,-2.263187230809099,162.09571893298633
IR,IR007_0.mat,vibration,2460.9375,-2.7285451862377985,162.09571893298633
IR,IR007_0.mat,vibration,2472.65625,-11.295060965785698,162.09571893298633
IR,IR007_0.mat,vibration,2484.375,-10.870435860836494,162.09571893298633
IR,IR007_0.mat,vibration,2496.09375,-11.31614710882541,162.09571893298633
IR,IR007_0.mat,vibration,2507.8125,-14.45908755210042,162.09571893298633
IR,IR007_0.mat,vibration,2519.53125,-13.21561180005495,162.09571893298633
IR,IR007_0.mat,vibration,2531.25,-13.221328487081506,162.09571893298633
IR,IR007_0.mat,vibration,2542.96875,-13.757414887548311,162.09571893298633
IR,IR007_0.mat,vibration,2554.6875,-7.451750331995457,162.09571893298633
IR,IR007_0.mat,vibration,2566.40625,-9.950606553220414,162.09571893298633
IR,IR007_0.mat,vibration,2578.125,-11.921763974784119,162.09571893298633
IR,IR007_0.mat,vibration,2589.84375,-9.69343280229191,162.09571893298633
IR,IR007_0.mat,vibration,2601.5625,-7.104137453722918,162.09571893298633
IR,IR007_0.mat,vibration,2613.28125,-2.937540597736623e-09,162.09571893298633
IR,IR007_0.mat,vibration,2625.0,-2.581105981363649,162.09571893298633
IR,IR007_0.mat,vibration,2636.71875,-12.100155926586588,162.09571893298633
IR,IR007_0.mat,vibration,2648.4375,-13.36535800562369,162.09571893298633
IR,IR007_0.mat,vibration,2660.15625,-12.93153747261412,162.09571893298633
IR,IR007_0.mat,vibration,2671.875,-14.16252222163541,162.09571893298633
IR,IR007_0.mat,vibration,2683.59375,-15.03175958424988,162.09571893298633
IR,IR007_0.mat,vibration,2695.3125,-16.445821492180063,162.09571893298633
IR,IR007_0.mat,vibration,2707.03125,-9.660352495304126,162.09571893298633
IR,IR007_0.mat,vibration,2718.75,-5.222795156979632,162.09571893298633
IR,IR007_0.mat,vibration,2730.46875,-9.926347651572412,162.09571893298633
IR,IR007_0.mat,vibration,2742.1875,-10.826064613394095,162.09571893298633
IR,IR007_0.mat,vibration,2753.90625,-10.282437424348679,162.09571893298633
IR,IR007_0.mat,vibration,2765.625,-7.702779246595735,162.09571893298633
IR,IR007_0.mat,vibration,2777.34375,-1.7953020613654127,162.09571893298633
IR,IR007_0.mat,vibration,2789.0625,-6.369347648351202,162.09571893298633
IR,IR007_0.mat,vibration,2800.78125,-12.652452077593097,162.09571893298633
IR,IR007_0.mat,vibration,2812.5,-13.427079416610813,162.09571893298633
IR,IR007_0.mat,vibration,2824.21875,-13.050515080244482,162.09571893298633
IR,IR007_0.mat,vibration,2835.9375,-14.950545152720451,162.09571893298633
IR,IR007_0.mat,vibration,2847.65625,-14.491387206253822,162.09571893298633
IR,IR007_0.mat,vibration,2859.375,-11.014004628614128,162.09571893298633
IR,IR007_0.mat,vibration,2871.09375,-4.367116301808047,162.09571893298633
IR,IR007_0.mat,vibration,2882.8125,-1.94984040983081,162.09571893298633
IR,IR007_0.mat,vibration,2894.53125,-8.61383250868323,162.09571893298633
IR,IR007_0.mat,vibration,2906.25,-12.253133592542975,162.09571893298633
IR,IR007_0.mat,vibration,2917.96875,-13.859110591664042,162.09571893298633
IR,IR007_0.mat,vibration,2929.6875,-8.892877245070146,162.09571893298633
IR,IR007_0.mat,vibration,2941.40625,-5.1745004073710295,162.09571893298633
IR,IR007_0.mat,vibration,2953.125,-12.402457687526907,162.09571893298633
IR,IR007_0.mat,vibration,2964.84375,-18.578689103806912,162.09571893298633
IR,IR007_0.mat,vibration,2976.5625,-20.53574619821687,162.09571893298633
IR,IR007_0.mat,vibration,2988.28125,-21.21609127700531,162.09571893298633
IR,IR007_0.mat,vibration,3000.0,-21.891526530132865,162.09571893298633
IR,IR007_0.mat,vibration,3011.71875,-22.46845479642671,162.09571893298633
IR,IR007_0.mat,vibration,3023.4375,-20.566314160349076,162.09571893298633
IR,IR007_0.mat,vibration,3035.15625,-14.852619156073633,162.09571893298633
IR,IR007_0.mat,vibration,3046.875,-14.484241244759788,162.09571893298633
IR,IR007_0.mat,vibration,3058.59375,-21.179731408402258,162.09571893298633
IR,IR007_0.mat,vibration,3070.3125,-23.63719966689068,162.09571893298633
IR,IR007_0.mat,vibration,3082.03125,-23.407354333896052,162.09571893298633
IR,IR007_0.mat,vibration,3093.75,-20.126898826369466,162.09571893298633
IR,IR007_0.mat,vibration,3105.46875,-18.847410363993998,162.09571893298633
IR,IR007_0.mat,vibration,3117.1875,-23.08932353049254,162.09571893298633
IR,IR007_0.mat,vibration,3128.90625,-23.5069522706956,162.09571893298633
IR,IR007_0.mat,vibration,3140.625,-25.921064299871396,162.09571893298633
IR,IR007_0.mat,vibration,3152.34375,-27.559589373118875,162.09571893298633
IR,IR007_0.mat,vibration,3164.0625,-25.690607576344043,162.09571893298633
IR,IR007_0.mat,vibration,3175.78125,-24.567012133543848,162.09571893298633
IR,IR007_0.mat,vibration,3187.5,-26.57792047836192,162.09571893298633
IR,IR007_0.mat,vibration,3199.21875,-25.890690309154643,162.09571893298633
IR,IR007_0.mat,vibration,3210.9375,-25.471944559428902,162.09571893298633
IR,IR007_0.mat,vibration,3222.65625,-21.004648598337106,162.09571893298633
IR,IR007_0.mat,vibration,3234.375,-17.50883041106501,162.09571893298633
IR,IR007_0.mat,vibration,3246.09375,-15.5625395580595,162.09571893298633
IR,IR007_0.mat,vibration,3257.8125,-9.189128209170608,162.09571893298633
IR,IR007_0.mat,vibration,3269.53125,-9.563943544259665,162.09571893298633
IR,IR007_0.mat,vibration,3281.25,-14.486306872274008,162.09571893298633
IR,IR007_0.mat,vibration,3292.96875,-15.31403965596752,162.09571893298633
IR,IR007_0.mat,vibration,3304.6875,-18.368467825614992,162.09571893298633
IR,IR007_0.mat,vibration,3316.40625,-15.969217033266428,162.09571893298633
IR,IR007_0.mat,vibration,3328.125,-15.98950231257916,162.09571893298633
IR,IR007_0.mat,vibration,3339.84375,-17.49910851673729,162.09571893298633
IR,IR007_0.mat,vibration,3351.5625,-17.21287849367865,162.09571893298633
IR,IR007_0.mat,vibration,3363.28125,-13.175178947566167,162.09571893298633
IR,IR007_0.mat,vibration,3375.0,-14.930387202681136,162.09571893298633
IR,IR007_0.mat,vibration,3386.71875,-16.395837952353567,162.09571893298633
IR,IR007_0.mat,vibration,3398.4375,-15.799496322087421,162.09571893298633
IR,IR007_0.mat,vibration,3410.15625,-15.744316067926471,162.09571893298633
IR,IR007_0.mat,vibration,3421.875,-9.097870946743221,162.09571893298633
IR,IR007_0.mat,vibration,3433.59375,-11.986957341678439,162.09571893298633
IR,IR007_0.mat,vibration,3445.3125,-17.847305051127403,162.09571893298633
IR,IR007_0.mat,vibration,3457.03125,-18.565395537545083,162.09571893298633
IR,IR007_0.mat,vibration,3468.75,-22.283921359562846,162.09571893298633
IR,IR007_0.mat,vibration,3480.46875,-23.289250647892313,162.09571893298633
IR,IR007_0.mat,vibration,3492.1875,-19.259054501290418,162.09571893298633
IR,IR007_0.mat,vibration,3503.90625,-17.880002955597888,162.09571893298633
IR,IR007_0.mat,vibration,3515.625,-13.884385304536549,162.09571893298633
IR,IR007_0.mat,vibration,3527.34375,-10.46773025693417,162.09571893298633
IR,IR007_0.mat,vibration,3539.0625,-15.110349018268002,162.09571893298633
IR,IR007_0.mat,vibration,3550.78125,-15.199680176506213,162.09571893298633
IR,IR007_0.mat,vibration,3562.5,-14.234813127306241,162.09571893298633
IR,IR007_0.mat,vibration,3574.21875,-10.547618522929028,162.09571893298633
IR,IR007_0.mat,vibration,3585.9375,-4.60698876253307,162.09571893298633
IR,IR007_0.mat,vibration,3597.65625,-9.850060260491992,162.09571893298633
IR,IR007_0.mat,vibration,3609.375,-14.205048970041991,162.09571893298633
IR,IR007_0.mat,vibration,3621.09375,-15.197738429294027,162.09571893298633
IR,IR007_0.mat,vibration,3632.8125,-21.2813059974997,162.09571893298633
IR,IR007_0.mat,vibration,3644.53125,-21.45271137664794,162.09571893298633
IR,IR007_0.mat,vibration,3656.25,-20.240198187799034,162.09571893298633
IR,IR007_0.mat,vibration,3667.96875,-16.482608520874827,162.09571893298633
IR,IR007_0.mat,vibration,3679.6875,-12.506764856060782,162.09571893298633
IR,IR007_0.mat,vibration,3691.40625,-11.542885811451471,162.09571893298633
IR,IR007_0.mat,vibration,3703.125,-15.105482975459811,162.09571893298633
IR,IR007_0.mat,vibration,3714.84375,-14.731290395639181,162.09571893298633
IR,IR007_0.mat,vibration,3726.5625,-13.568445044556734,162.09571893298633
IR,IR007_0.mat,vibration,3738.28125,-13.340498485895075,162.09571893298633
IR,IR007_0.mat,vibration,3750.0,-11.453999073088621,162.09571893298633
IR,IR007_0.mat,vibration,3761.71875,-15.491194620918524,162.09571893298633
IR,IR007_0.mat,vibration,3773.4375,-16.350420222403827,162.09571893298633
IR,IR007_0.mat,vibration,3785.15625,-17.5990954935452,162.09571893298633
IR,IR007_0.mat,vibration,3796.875,-18.82438210757321,162.09571893298633
IR,IR007_0.mat,vibration,3808.59375,-17.669096552388353,162.09571893298633
IR,IR007_0.mat,vibration,3820.3125,-17.204693179456974,162.09571893298633
IR,IR007_0.mat,vibration,3832.03125,-13.727125280038113,162.09571893298633
IR,IR007_0.mat,vibration,3843.75,-10.303612960351272,162.09571893298633
IR,IR007_0.mat,vibration,3855.46875,-10.70091862842786,162.09571893298633
IR,IR007_0.mat,vibration,3867.1875,-13.821830453811849,162.09571893298633
IR,IR007_0.mat,vibration,3878.90625,-13.893286484718967,162.09571893298633
IR,IR007_0.mat,vibration,3890.625,-13.899640940183659,162.09571893298633
IR,IR007_0.mat,vibration,3902.34375,-9.838031519448982,162.09571893298633
IR,IR007_0.mat,vibration,3914.0625,-8.731997052505758,162.09571893298633
IR,IR007_0.mat,vibration,3925.78125,-15.368908336090833,162.09571893298633
IR,IR007_0.mat,vibration,3937.5,-14.727942818812867,162.09571893298633
IR,IR007_0.mat,vibration,3949.21875,-16.079765763325117,162.09571893298633
IR,IR007_0.mat,vibration,3960.9375,-18.864160568117327,162.09571893298633
IR,IR007_0.mat,vibration,3972.65625,-15.698671979446324,162.09571893298633
IR,IR007_0.mat,vibration,3984.375,-13.511866014305586,162.09571893298633
IR,IR007_0.mat,vibration,3996.09375,-11.99924891000941,162.09571893298633
IR,IR007_0.mat,vibration,4007.8125,-7.640460372251906,162.09571893298633
IR,IR007_0.mat,vibration,4019.53125,-9.043952874691271,162.09571893298633
IR,IR007_0.mat,vibration,4031.25,-14.093859421130404,162.09571893298633
IR,IR007_0.mat,vibration,4042.96875,-14.250085885622234,162.09571893298633
IR,IR007_0.mat,vibration,4054.6875,-12.812649049399912,162.09571893298633
IR,IR007_0.mat,vibration,4066.40625,-6.180179351174741,162.09571893298633
IR,IR007_0.mat,vibration,4078.125,-7.069649529688757,162.09571893298633
IR,IR007_0.mat,vibration,4089.84375,-13.15909426140873,162.09571893298633
IR,IR007_0.mat,vibration,4101.5625,-14.96005883609337,162.09571893298633
IR,IR007_0.mat,vibration,4113.28125,-17.814465928274103,162.09571893298633
IR,IR007_0.mat,vibration,4125.0,-14.180139072914773,162.09571893298633
IR,IR007_0.mat,vibration,4136.71875,-3.0789218317926412,162.09571893298633
IR,IR007_0.mat,vibration,4148.4375,-4.333963196420237,162.09571893298633
IR,IR007_0.mat,vibration,4160.15625,-13.0567089456304,162.09571893298633
IR,IR007_0.mat,vibration,4171.875,-10.22465538667057,162.09571893298633
IR,IR007_0.mat,vibration,4183.59375,-12.864361924487344,162.09571893298633
IR,IR007_0.mat,vibration,4195.3125,-15.426060005519233,162.09571893298633
IR,IR007_0.mat,vibration,4207.03125,-16.358844339383577,162.09571893298633
IR,IR007_0.mat,vibration,4218.75,-15.174792370273472,162.09571893298633
IR,IR007_0.mat,vibration,4230.46875,-10.270302812038823,162.09571893298633
IR,IR007_0.mat,vibration,4242.1875,-13.347632742210642,162.09571893298633
IR,IR007_0.mat,vibration,4253.90625,-8.273792899851088,162.09571893298633
IR,IR007_0.mat,vibration,4265.625,-7.192437064103499,162.09571893298633
IR,IR007_0.mat,vibration,4277.34375,-17.376501195756145,162.09571893298633
IR,IR007_0.mat,vibration,4289.0625,-23.99858755798852,162.09571893298633
IR,IR007_0.mat,vibration,4300.78125,-22.255981112456638,162.09571893298633
IR,IR007_0.mat,vibration,4312.5,-21.328998423034413,162.09571893298633
IR,IR007_0.mat,vibration,4324.21875,-18.65588520369577,162.09571893298633
IR,IR007_0.mat,vibration,4335.9375,-18.10069172368402,162.09571893298633
IR,IR007_0.mat,vibration,4347.65625,-20.50692629821125,162.09571893298633
IR,IR007_0.mat,vibration,4359.375,-19.780014706831622,162.09571893298633
IR,IR007_0.mat,vibration,4371.09375,-17.790721274384364,162.09571893298633
IR,IR007_0.mat,vibration,4382.8125,-15.67592682101788,162.09571893298633
IR,IR007_0.mat,vibration,4394.53125,-18.093967114053434,162.09571893298633
IR,IR007_0.mat,vibration,4406.25,-21.13151501764608,162.09571893298633
IR,IR007_0.mat,vibration,4417.96875,-17.454580301431776,162.09571893298633
IR,IR007_0.mat,vibration,4429.6875,-17.288798582337964,162.09571893298633
IR,IR007_0.mat,vibration,4441.40625,-20.808845061752358,162.09571893298633
IR,IR007_0.mat,vibration,4453.125,-19.403249205925274,162.09571893298633
IR,IR007_0.mat,vibration,4464.84375,-20.686675051754477,162.09571893298633
IR,IR007_0.mat,vibration,4476.5625,-22.585116594295236,162.09571893298633
IR,IR007_0.mat,vibration,4488.28125,-22.047004428758953,162.09571893298633
IR,IR007_0.mat,vibration,4500.0,-21.83314828678445,162.09571893298633
IR,IR007_0.mat,vibration,4511.71875,-19.280094181868424,162.09571893298633
IR,IR007_0.mat,vibration,4523.4375,-15.759865074121297,162.09571893298633
IR,IR007_0.mat,vibration,4535.15625,-16.107486261452262,162.09571893298633
IR,IR007_0.mat,vibration,4546.875,-10.407785757800841,162.09571893298633
IR,IR007_0.mat,vibration,4558.59375,-7.603315017779881,162.09571893298633
IR,IR007_0.mat,vibration,4570.3125,-14.03708360657683,162.09571893298633
IR,IR007_0.mat,vibration,4582.03125,-16.096122976231758,162.09571893298633
IR,IR007_0.mat,vibration,4593.75,-17.225789616115698,162.09571893298633
IR,IR007_0.mat,vibration,4605.46875,-18.99621406893934,162.09571893298633
IR,IR007_0.mat,vibration,4617.1875,-18.720170468452334,162.09571893298633
IR,IR007_0.mat,vibration,4628.90625,-18.448687556746354,162.09571893298633
IR,IR007_0.mat,vibration,4640.625,-22.00692858212858,162.09571893298633
IR,IR007_0.mat,vibration,4652.34375,-23.157223232596124,162.09571893298633
IR,IR007_0.mat,vibration,4664.0625,-24.00956451340642,162.09571893298633
IR,IR007_0.mat,vibration,4675.78125,-28.467876994995272,162.09571893298633
IR,IR007_0.mat,vibration,4687.5,-30.16519779840766,162.09571893298633
IR,IR007_0.mat,vibration,4699.21875,-31.21920758805814,162.09571893298633
IR,IR007_0.mat,vibration,4710.9375,-29.431821921986167,162.09571893298633
IR,IR007_0.mat,vibration,4722.65625,-29.078480680392982,162.09571893298633
IR,IR007_0.mat,vibration,4734.375,-28.42973628760573,162.09571893298633
IR,IR007_0.mat,vibration,4746.09375,-23.8805270098139,162.09571893298633
IR,IR007_0.mat,vibration,4757.8125,-25.333406876584665,162.09571893298633
IR,IR007_0.mat,vibration,4769.53125,-25.5521568624801,162.09571893298633
IR,IR007_0.mat,vibration,4781.25,-24.96742362933911,162.09571893298633
IR,IR007_0.mat,vibration,4792.96875,-24.573716560899367,162.09571893298633
IR,IR007_0.mat,vibration,4804.6875,-24.92503768640383,162.09571893298633
IR,IR007_0.mat,vibration,4816.40625,-20.687974656904036,162.09571893298633
IR,IR007_0.mat,vibration,4828.125,-22.694469539214246,162.09571893298633
IR,IR007_0.mat,vibration,4839.84375,-25.682028210537187,162.09571893298633
IR,IR007_0.mat,vibration,4851.5625,-26.941252491290154,162.09571893298633
IR,IR007_0.mat,vibration,4863.28125,-28.095247491688756,162.09571893298633
IR,IR007_0.mat,vibration,4875.0,-25.981561119380046,162.09571893298633
IR,IR007_0.mat,vibration,4886.71875,-27.333941173889066,162.09571893298633
IR,IR007_0.mat,vibration,4898.4375,-28.873130854665252,162.09571893298633
IR,IR007_0.mat,vibration,4910.15625,-26.51868203865492,162.09571893298633
IR,IR007_0.mat,vibration,4921.875,-30.972692445329812,162.09571893298633
IR,IR007_0.mat,vibration,4933.59375,-31.640383386344872,162.09571893298633
IR,IR007_0.mat,vibration,4945.3125,-30.791346935204295,162.09571893298633
IR,IR007_0.mat,vibration,4957.03125,-30.758553314086043,162.09571893298633
IR,IR007_0.mat,vibration,4968.75,-31.302223853537512,162.09571893298633
IR,IR007_0.mat,vibration,4980.46875,-30.205860511271617,162.09571893298633
IR,IR007_0.mat,vibration,4992.1875,-33.21116675963874,162.09571893298633
IR,IR007_0.mat,vibration,5003.90625,-33.405752875325774,162.09571893298633
IR,IR007_0.mat,vibration,5015.625,-31.965525463506545,162.09571893298633
IR,IR007_0.mat,vibration,5027.34375,-32.23583411965641,162.09571893298633
IR,IR007_0.mat,vibration,5039.0625,-28.629321279155814,162.09571893298633
IR,IR007_0.mat,vibration,5050.78125,-30.513456986696387,162.09571893298633
IR,IR007_0.mat,vibration,5062.5,-28.099265662303008,162.09571893298633
IR,IR007_0.mat,vibration,5074.21875,-26.64535401453421,162.09571893298633
IR,IR007_0.mat,vibration,5085.9375,-29.23386482035831,162.09571893298633
IR,IR007_0.mat,vibration,5097.65625,-30.274625874723945,162.09571893298633
IR,IR007_0.mat,vibration,5109.375,-30.76350559133086,162.09571893298633
IR,IR007_0.mat,vibration,5121.09375,-29.97096854266523,162.09571893298633
IR,IR007_0.mat,vibration,5132.8125,-26.675356172689174,162.09571893298633
IR,IR007_0.mat,vibration,5144.53125,-23.856704026087108,162.09571893298633
IR,IR007_0.mat,vibration,5156.25,-28.843397063784092,162.09571893298633
IR,IR007_0.mat,vibration,5167.96875,-27.316945891487038,162.09571893298633
IR,IR007_0.mat,vibration,5179.6875,-25.99432735237506,162.09571893298633
IR,IR007_0.mat,vibration,5191.40625,-27.47587834575021,162.09571893298633
IR,IR007_0.mat,vibration,5203.125,-23.49617445405415,162.09571893298633
IR,IR007_0.mat,vibration,5214.84375,-28.450828233479154,162.09571893298633
IR,IR007_0.mat,vibration,5226.5625,-29.88733999776031,162.09571893298633
IR,IR007_0.mat,vibration,5238.28125,-27.22946049829449,162.09571893298633
IR,IR007_0.mat,vibration,5250.0,-27.607078387009608,162.09571893298633
IR,IR007_0.mat,vibration,5261.71875,-27.36110576380988,162.09571893298633
IR,IR007_0.mat,vibration,5273.4375,-28.087056187715184,162.09571893298633
IR,IR007_0.mat,vibration,5285.15625,-28.038793198124814,162.09571893298633
IR,IR007_0.mat,vibration,5296.875,-24.983564332023867,162.09571893298633
IR,IR007_0.mat,vibration,5308.59375,-24.71000682359815,162.09571893298633
IR,IR007_0.mat,vibration,5320.3125,-25.979503589079137,162.09571893298633
IR,IR007_0.mat,vibration,5332.03125,-27.546641063776626,162.09571893298633
IR,IR007_0.mat,vibration,5343.75,-28.754493264924093,162.09571893298633
IR,IR007_0.mat,vibration,5355.46875,-25.7857326007389,162.09571893298633
IR,IR007_0.mat,vibration,5367.1875,-24.042846091302827,162.09571893298633
IR,IR007_0.mat,vibration,5378.90625,-26.980643573877707,162.09571893298633
IR,IR007_0.mat,vibration,5390.625,-26.776298178891178,162.09571893298633
IR,IR007_0.mat,vibration,5402.34375,-28.96618355075228,162.09571893298633
IR,IR007_0.mat,vibration,5414.0625,-28.542056469631323,162.09571893298633
IR,IR007_0.mat,vibration,5425.78125,-29.995829207923705,162.09571893298633
IR,IR007_0.mat,vibration,5437.5,-34.703536738340894,162.09571893298633
IR,IR007_0.mat,vibration,5449.21875,-34.45994260414445,162.09571893298633
IR,IR007_0.mat,vibration,5460.9375,-33.13853176954372,162.09571893298633
IR,IR007_0.mat,vibration,5472.65625,-31.698844261330876,162.09571893298633
IR,IR007_0.mat,vibration,5484.375,-34.082122692891886,162.09571893298633
IR,IR007_0.mat,vibration,5496.09375,-35.7254207227222,162.09571893298633
IR,IR007_0.mat,vibration,5507.8125,-33.94690728694183,162.09571893298633
IR,IR007_0.mat,vibration,5519.53125,-31.874794790989416,162.09571893298633
IR,IR007_0.mat,vibration,5531.25,-31.231341747979503,162.09571893298633
IR,IR007_0.mat,vibration,5542.96875,-35.41198903255078,162.09571893298633
IR,IR007_0.mat,vibration,5554.6875,-34.19817412407442,162.09571893298633
IR,IR007_0.mat,vibration,5566.40625,-33.95160753795124,162.09571893298633
IR,IR007_0.mat,vibration,5578.125,-35.63086028431879,162.09571893298633
IR,IR007_0.mat,vibration,5589.84375,-36.972031090946125,162.09571893298633
IR,IR007_0.mat,vibration,5601.5625,-36.59542194033627,162.09571893298633
IR,IR007_0.mat,vibration,5613.28125,-36.4752274433108,162.09571893298633
IR,IR007_0.mat,vibration,5625.0,-33.00933786409443,162.09571893298633
IR,IR007_0.mat,vibration,5636.71875,-35.9617711374998,162.09571893298633
IR,IR007_0.mat,vibration,5648.4375,-35.665311612126786,162.09571893298633
IR,IR007_0.mat,vibration,5660.15625,-34.68234887908309,162.09571893298633
IR,IR007_0.mat,vibration,5671.875,-37.91669746713775,162.09571893298633
IR,IR007_0.mat,vibration,5683.59375,-35.97813557393806,162.09571893298633
IR,IR007_0.mat,vibration,5695.3125,-38.09535514188413,162.09571893298633
IR,IR007_0.mat,vibration,5707.03125,-39.6781356826767,162.09571893298633
IR,IR007_0.mat,vibration,5718.75,-38.43644062984636,162.09571893298633
IR,IR007_0.mat,vibration,5730.46875,-39.98881882226288,162.09571893298633
IR,IR007_0.mat,vibration,5742.1875,-38.84232720216445,162.09571893298633
IR,IR007_0.mat,vibration,5753.90625,-40.000537990703464,162.09571893298633
IR,IR007_0.mat,vibration,5765.625,-39.432728023650355,162.09571893298633
IR,IR007_0.mat,vibration,5777.34375,-39.92357596197146,162.09571893298633
IR,IR007_0.mat,vibration,5789.0625,-40.95527887787354,162.09571893298633
IR,IR007_0.mat,vibration,5800.78125,-39.70742898153839,162.09571893298633
IR,IR007_0.mat,vibration,5812.5,-40.49361864744631,162.09571893298633
IR,IR007_0.mat,vibration,5824.21875,-41.60560540923914,162.09571893298633
IR,IR007_0.mat,vibration,5835.9375,-40.025405112366094,162.09571893298633
IR,IR007_0.mat,vibration,5847.65625,-42.57062811351969,162.09571893298633
IR,IR007_0.mat,vibration,5859.375,-41.66431235182972,162.09571893298633
IR,IR007_0.mat,vibration,5871.09375,-37.939532050249404,162.09571893298633
IR,IR007_0.mat,vibration,5882.8125,-37.50657781948374,162.09571893298633
IR,IR007_0.mat,vibration,5894.53125,-40.28913646384569,162.09571893298633
IR,IR007_0.mat,vibration,5906.25,-43.481702095250824,162.09571893298633
IR,IR007_0.mat,vibration,5917.96875,-43.74426844713752,162.09571893298633
IR,IR007_0.mat,vibration,5929.6875,-41.36390857686902,162.09571893298633
IR,IR007_0.mat,vibration,5941.40625,-38.941832308245736,162.09571893298633
IR,IR007_0.mat,vibration,5953.125,-38.66788707982648,162.09571893298633
IR,IR007_0.mat,vibration,5964.84375,-39.121995361576296,162.09571893298633
IR,IR007_0.mat,vibration,5976.5625,-38.22282290707879,162.09571893298633
IR,IR007_0.mat,vibration,5988.28125,-38.03972345440427,162.09571893298633
IR,IR007_0.mat,vibration,6000.0,-39.26119009066485,162.09571893298633
IR,IR007_0.mat,envelope,0.0,-45.39997385586852,162.09571893298633
IR,IR007_0.mat,envelope,1.0,-38.595994420768974,162.09571893298633
IR,IR007_0.mat,envelope,2.0,-41.49125075489732,162.09571893298633
IR,IR007_0.mat,envelope,3.0,-47.917778141155395,162.09571893298633
IR,IR007_0.mat,envelope,4.0,-41.11306710220943,162.09571893298633
IR,IR007_0.mat,envelope,5.0,-47.473679054144185,162.09571893298633
IR,IR007_0.mat,envelope,6.0,-38.203346399368655,162.09571893298633
IR,IR007_0.mat,envelope,7.0,-33.45397938743267,162.09571893298633
IR,IR007_0.mat,envelope,8.0,-41.89180889253745,162.09571893298633
IR,IR007_0.mat,envelope,9.0,-41.09957171273826,162.09571893298633
IR,IR007_0.mat,envelope,10.0,-35.266558969294735,162.09571893298633
IR,IR007_0.mat,envelope,11.0,-29.603136399942763,162.09571893298633
IR,IR007_0.mat,envelope,12.0,-23.310075066694004,162.09571893298633
IR,IR007_0.mat,envelope,13.0,-30.726847502419254,162.09571893298633
IR,IR007_0.mat,envelope,14.0,-54.75125898428772,162.09571893298633
IR,IR007_0.mat,envelope,15.0,-37.85484012178729,162.09571893298633
IR,IR007_0.mat,envelope,16.0,-35.80721582763256,162.09571893298633
IR,IR007_0.mat,envelope,17.0,-34.71107392300617,162.09571893298633
IR,IR007_0.mat,envelope,18.0,-38.07091251906161,162.09571893298633
IR,IR007_0.mat,envelope,19.0,-42.923938085145195,162.09571893298633
IR,IR007_0.mat,envelope,20.0,-44.259188895606286,162.09571893298633
IR,IR007_0.mat,envelope,21.0,-42.89985763969404,162.09571893298633
IR,IR007_0.mat,envelope,22.0,-40.4799530402845,162.09571893298633
IR,IR007_0.mat,envelope,23.0,-40.7383465343301,162.09571893298633
IR,IR007_0.mat,envelope,24.0,-37.46641110214267,162.09571893298633
IR,IR007_0.mat,envelope,25.0,-36.87454917089629,162.09571893298633
IR,IR007_0.mat,envelope,26.0,-36.93607150654812,162.09571893298633
IR,IR007_0.mat,envelope,27.0,-32.13087187270538,162.09571893298633
IR,IR007_0.mat,envelope,28.0,-31.441536564905647,162.09571893298633
IR,IR007_0.mat,envelope,29.0,-36.63169527312731,162.09571893298633
IR,IR007_0.mat,envelope,30.0,-30.713398365130598,162.09571893298633
IR,IR007_0.mat,envelope,31.0,-35.28090319694859,162.09571893298633
IR,IR007_0.mat,envelope,32.0,-38.30371956623783,162.09571893298633
IR,IR007_0.mat,envelope,33.0,-50.292567566770444,162.09571893298633
IR,IR007_0.mat,envelope,34.0,-35.50777154530698,162.09571893298633
IR,IR007_0.mat,envelope,35.0,-41.86615040134772,162.09571893298633
IR,IR007_0.mat,envelope,36.0,-39.300920187929385,162.09571893298633
IR,IR007_0.mat,envelope,37.0,-57.27715765040899,162.09571893298633
IR,IR007_0.mat,envelope,38.0,-39.43053351310882,162.09571893298633
IR,IR007_0.mat,envelope,39.0,-38.24209545554804,162.09571893298633
IR,IR007_0.mat,envelope,40.0,-34.787866783602304,162.09571893298633
IR,IR007_0.mat,envelope,41.0,-26.95501768262199,162.09571893298633
IR,IR007_0.mat,envelope,42.0,-23.905197859434473,162.09571893298633
IR,IR007_0.mat,envelope,43.0,-32.89580980932112,162.09571893298633
IR,IR007_0.mat,envelope,44.0,-40.4955834199858,162.09571893298633
IR,IR007_0.mat,envelope,45.0,-47.97749655281191,162.09571893298633
IR,IR007_0.mat,envelope,46.0,-46.693131768110035,162.09571893298633
IR,IR007_0.mat,envelope,47.0,-32.08444414783291,162.09571893298633
IR,IR007_0.mat,envelope,48.0,-28.929069739691112,162.09571893298633
IR,IR007_0.mat,envelope,49.0,-47.26752395892888,162.09571893298633
IR,IR007_0.mat,envelope,50.0,-36.91285178444502,162.09571893298633
IR,IR007_0.mat,envelope,51.0,-39.55768347573253,162.09571893298633
IR,IR007_0.mat,envelope,52.0,-34.25871048391349,162.09571893298633
IR,IR007_0.mat,envelope,53.0,-34.494574511852946,162.09571893298633
IR,IR007_0.mat,envelope,54.0,-29.434877086469765,162.09571893298633
IR,IR007_0.mat,envelope,55.0,-32.70070614451345,162.09571893298633
IR,IR007_0.mat,envelope,56.0,-43.714833312691596,162.09571893298633
IR,IR007_0.mat,envelope,57.0,-40.36199706142138,162.09571893298633
IR,IR007_0.mat,envelope,58.0,-32.796254743938064,162.09571893298633
IR,IR007_0.mat,envelope,59.0,-14.308958769089388,162.09571893298633
IR,IR007_0.mat,envelope,60.0,-10.3427561272444,162.09571893298633
IR,IR007_0.mat,envelope,61.0,-17.716681905490667,162.09571893298633
IR,IR007_0.mat,envelope,62.0,-35.64832788994137,162.09571893298633
IR,IR007_0.mat,envelope,63.0,-36.57586491540482,162.09571893298633
IR,IR007_0.mat,envelope,64.0,-36.7132578890096,162.09571893298633
IR,IR007_0.mat,envelope,65.0,-31.956085350762248,162.09571893298633
IR,IR007_0.mat,envelope,66.0,-28.474980640501613,162.09571893298633
IR,IR007_0.mat,envelope,67.0,-33.44631620142387,162.09571893298633
IR,IR007_0.mat,envelope,68.0,-37.7492889440899,162.09571893298633
IR,IR007_0.mat,envelope,69.0,-34.98883560131735,162.09571893298633
IR,IR007_0.mat,envelope,70.0,-27.296446216910564,162.09571893298633
IR,IR007_0.mat,envelope,71.0,-38.96100785319491,162.09571893298633
IR,IR007_0.mat,envelope,72.0,-24.688515680680133,162.09571893298633
IR,IR007_0.mat,envelope,73.0,-27.970624320854323,162.09571893298633
IR,IR007_0.mat,envelope,74.0,-31.12561198238016,162.09571893298633
IR,IR007_0.mat,envelope,75.0,-35.10062032826207,162.09571893298633
IR,IR007_0.mat,envelope,76.0,-35.098596971335574,162.09571893298633
IR,IR007_0.mat,envelope,77.0,-44.592378520199,162.09571893298633
IR,IR007_0.mat,envelope,78.0,-45.35595965278502,162.09571893298633
IR,IR007_0.mat,envelope,79.0,-32.56438498953644,162.09571893298633
IR,IR007_0.mat,envelope,80.0,-29.323748135345163,162.09571893298633
IR,IR007_0.mat,envelope,81.0,-37.46231753122934,162.09571893298633
IR,IR007_0.mat,envelope,82.0,-44.270159282150054,162.09571893298633
IR,IR007_0.mat,envelope,83.0,-42.43707988039753,162.09571893298633
IR,IR007_0.mat,envelope,84.0,-36.272910062986355,162.09571893298633
IR,IR007_0.mat,envelope,85.0,-33.48996546606728,162.09571893298633
IR,IR007_0.mat,envelope,86.0,-32.44873850109054,162.09571893298633
IR,IR007_0.mat,envelope,87.0,-34.63996995480607,162.09571893298633
IR,IR007_0.mat,envelope,88.0,-32.416158516060975,162.09571893298633
IR,IR007_0.mat,envelope,89.0,-44.99598948112273,162.09571893298633
IR,IR007_0.mat,envelope,90.0,-34.35853248081899,162.09571893298633
IR,IR007_0.mat,envelope,91.0,-30.98144306064227,162.09571893298633
IR,IR007_0.mat,envelope,92.0,-32.577163170535115,162.09571893298633
IR,IR007_0.mat,envelope,93.0,-37.81490006918304,162.09571893298633
IR,IR007_0.mat,envelope,94.0,-34.34047353673257,162.09571893298633
IR,IR007_0.mat,envelope,95.0,-33.28140692603459,162.09571893298633
IR,IR007_0.mat,envelope,96.0,-33.639095227512264,162.09571893298633
IR,IR007_0.mat,envelope,97.0,-36.4284056441025,162.09571893298633
IR,IR007_0.mat,envelope,98.0,-44.00630945574058,162.09571893298633
IR,IR007_0.mat,envelope,99.0,-54.647372969170135,162.09571893298633
IR,IR007_0.mat,envelope,100.0,-30.677874867943974,162.09571893298633
IR,IR007_0.mat,envelope,101.0,-11.574990098127673,162.09571893298633
IR,IR007_0.mat,envelope,102.0,-8.224372266059888,162.09571893298633
IR,IR007_0.mat,envelope,103.0,-16.768485961002128,162.09571893298633
IR,IR007_0.mat,envelope,104.0,-36.2897767803288,162.09571893298633
IR,IR007_0.mat,envelope,105.0,-46.10131940517948,162.09571893298633
IR,IR007_0.mat,envelope,106.0,-47.00409350759099,162.09571893298633
IR,IR007_0.mat,envelope,107.0,-36.62453400522743,162.09571893298633
IR,IR007_0.mat,envelope,108.0,-33.89497853858036,162.09571893298633
IR,IR007_0.mat,envelope,109.0,-33.6845060140263,162.09571893298633
IR,IR007_0.mat,envelope,110.0,-35.970520694276374,162.09571893298633
IR,IR007_0.mat,envelope,111.0,-35.32511028782479,162.09571893298633
IR,IR007_0.mat,envelope,112.0,-42.321205484593904,162.09571893298633
IR,IR007_0.mat,envelope,113.0,-42.167391784477466,162.09571893298633
IR,IR007_0.mat,envelope,114.0,-38.57311588088481,162.09571893298633
IR,IR007_0.mat,envelope,115.0,-41.814713923071665,162.09571893298633
IR,IR007_0.mat,envelope,116.0,-41.32964613097411,162.09571893298633
IR,IR007_0.mat,envelope,117.0,-43.734924622147105,162.09571893298633
IR,IR007_0.mat,envelope,118.0,-36.073179193424735,162.09571893298633
IR,IR007_0.mat,envelope,119.0,-25.500407978479643,162.09571893298633
IR,IR007_0.mat,envelope,120.0,-23.963841451810968,162.09571893298633
IR,IR007_0.mat,envelope,121.0,-37.911551962945865,162.09571893298633
IR,IR007_0.mat,envelope,122.0,-35.942752226878284,162.09571893298633
IR,IR007_0.mat,envelope,123.0,-41.09227562605005,162.09571893298633
IR,IR007_0.mat,envelope,124.0,-41.19425378322755,162.09571893298633
IR,IR007_0.mat,envelope,125.0,-34.74764809985283,162.09571893298633
IR,IR007_0.mat,envelope,126.0,-34.130609269320026,162.09571893298633
IR,IR007_0.mat,envelope,127.0,-35.77705501887376,162.09571893298633
IR,IR007_0.mat,envelope,128.0,-35.291950958770556,162.09571893298633
IR,IR007_0.mat,envelope,129.0,-36.77434393247792,162.09571893298633
IR,IR007_0.mat,envelope,130.0,-31.968767213627693,162.09571893298633
IR,IR007_0.mat,envelope,131.0,-20.91599562457099,162.09571893298633
IR,IR007_0.mat,envelope,132.0,-17.257030958643377,162.09571893298633
IR,IR007_0.mat,envelope,133.0,-26.973294455981858,162.09571893298633
IR,IR007_0.mat,envelope,134.0,-44.02306333972598,162.09571893298633
IR,IR007_0.mat,envelope,135.0,-46.23626125870088,162.09571893298633
IR,IR007_0.mat,envelope,136.0,-41.866157437193536,162.09571893298633
IR,IR007_0.mat,envelope,137.0,-39.005666738036425,162.09571893298633
IR,IR007_0.mat,envelope,138.0,-36.38787591407202,162.09571893298633
IR,IR007_0.mat,envelope,139.0,-42.08596216090065,162.09571893298633
IR,IR007_0.mat,envelope,140.0,-44.357095203754746,162.09571893298633
IR,IR007_0.mat,envelope,141.0,-33.67121604274673,162.09571893298633
IR,IR007_0.mat,envelope,142.0,-31.036477184380722,162.09571893298633
IR,IR007_0.mat,envelope,143.0,-33.11145409390983,162.09571893298633
IR,IR007_0.mat,envelope,144.0,-31.643398635166765,162.09571893298633
IR,IR007_0.mat,envelope,145.0,-35.587636751554975,162.09571893298633
IR,IR007_0.mat,envelope,146.0,-37.80152347796369,162.09571893298633
IR,IR007_0.mat,envelope,147.0,-40.140742258442344,162.09571893298633
IR,IR007_0.mat,envelope,148.0,-45.41712214516876,162.09571893298633
IR,IR007_0.mat,envelope,149.0,-29.886806193361828,162.09571893298633
IR,IR007_0.mat,envelope,150.0,-26.131811741775444,162.09571893298633
IR,IR007_0.mat,envelope,151.0,-28.799800960372423,162.09571893298633
IR,IR007_0.mat,envelope,152.0,-35.32362410617072,162.09571893298633
IR,IR007_0.mat,envelope,153.0,-44.78014991864495,162.09571893298633
IR,IR007_0.mat,envelope,154.0,-44.85449153772962,162.09571893298633
IR,IR007_0.mat,envelope,155.0,-58.31324910470328,162.09571893298633
IR,IR007_0.mat,envelope,156.0,-51.75122160545007,162.09571893298633
IR,IR007_0.mat,envelope,157.0,-42.177038533911634,162.09571893298633
IR,IR007_0.mat,envelope,158.0,-47.9863096955071,162.09571893298633
IR,IR007_0.mat,envelope,159.0,-27.366582445781184,162.09571893298633
IR,IR007_0.mat,envelope,160.0,-22.83157397324286,162.09571893298633
IR,IR007_0.mat,envelope,161.0,-1.9200584802762355,162.09571893298633
IR,IR007_0.mat,envelope,162.0,-1.165423494806614e-10,162.09571893298633
IR,IR007_0.mat,envelope,163.0,-10.890549869598644,162.09571893298633
IR,IR007_0.mat,envelope,164.0,-34.67752589942855,162.09571893298633
IR,IR007_0.mat,envelope,165.0,-37.92689635069414,162.09571893298633
IR,IR007_0.mat,envelope,166.0,-41.09002401649967,162.09571893298633
IR,IR007_0.mat,envelope,167.0,-33.67399401375347,162.09571893298633
IR,IR007_0.mat,envelope,168.0,-38.97477222005907,162.09571893298633
IR,IR007_0.mat,envelope,169.0,-45.355736335243904,162.09571893298633
IR,IR007_0.mat,envelope,170.0,-41.43599454164389,162.09571893298633
IR,IR007_0.mat,envelope,171.0,-39.0927964550564,162.09571893298633
IR,IR007_0.mat,envelope,172.0,-37.92099913432431,162.09571893298633
IR,IR007_0.mat,envelope,173.0,-27.08908006523596,162.09571893298633
IR,IR007_0.mat,envelope,174.0,-24.642805370193614,162.09571893298633
IR,IR007_0.mat,envelope,175.0,-33.927690652310105,162.09571893298633
IR,IR007_0.mat,envelope,176.0,-38.853260823064836,162.09571893298633
IR,IR007_0.mat,envelope,177.0,-35.268673664799906,162.09571893298633
IR,IR007_0.mat,envelope,178.0,-39.68512206453133,162.09571893298633
IR,IR007_0.mat,envelope,179.0,-41.081396010526625,162.09571893298633
IR,IR007_0.mat,envelope,180.0,-38.87703079533126,162.09571893298633
IR,IR007_0.mat,envelope,181.0,-47.32268327453329,162.09571893298633
IR,IR007_0.mat,envelope,182.0,-48.17482444591873,162.09571893298633
IR,IR007_0.mat,envelope,183.0,-40.1077669686136,162.09571893298633
IR,IR007_0.mat,envelope,184.0,-40.286855371606975,162.09571893298633
IR,IR007_0.mat,envelope,185.0,-37.70511810116997,162.09571893298633
IR,IR007_0.mat,envelope,186.0,-34.66653057275891,162.09571893298633
IR,IR007_0.mat,envelope,187.0,-35.70330986136457,162.09571893298633
IR,IR007_0.mat,envelope,188.0,-33.85702847861857,162.09571893298633
IR,IR007_0.mat,envelope,189.0,-33.54534690212773,162.09571893298633
IR,IR007_0.mat,envelope,190.0,-32.60669491474495,162.09571893298633
IR,IR007_0.mat,envelope,191.0,-18.778200888869897,162.09571893298633
IR,IR007_0.mat,envelope,192.0,-18.137021178085984,162.09571893298633
IR,IR007_0.mat,envelope,193.0,-29.97429563588442,162.09571893298633
IR,IR007_0.mat,envelope,194.0,-36.83773610924527,162.09571893298633
IR,IR007_0.mat,envelope,195.0,-38.49144450773202,162.09571893298633
IR,IR007_0.mat,envelope,196.0,-42.9288640253629,162.09571893298633
IR,IR007_0.mat,envelope,197.0,-44.23243472856626,162.09571893298633
IR,IR007_0.mat,envelope,198.0,-56.31879860682447,162.09571893298633
IR,IR007_0.mat,envelope,199.0,-43.04028240616019,162.09571893298633
IR,IR007_0.mat,envelope,200.0,-44.568474091790975,162.09571893298633
IR,IR007_0.mat,envelope,201.0,-37.13878799539269,162.09571893298633
IR,IR007_0.mat,envelope,202.0,-31.037440893673303,162.09571893298633
IR,IR007_0.mat,envelope,203.0,-23.347275271228156,162.09571893298633
IR,IR007_0.mat,envelope,204.0,-21.66782804522553,162.09571893298633
IR,IR007_0.mat,envelope,205.0,-30.28452861672448,162.09571893298633
IR,IR007_0.mat,envelope,206.0,-52.116729524186375,162.09571893298633
IR,IR007_0.mat,envelope,207.0,-39.21373708446819,162.09571893298633
IR,IR007_0.mat,envelope,208.0,-33.74668331470906,162.09571893298633
IR,IR007_0.mat,envelope,209.0,-35.46508809404634,162.09571893298633
IR,IR007_0.mat,envelope,210.0,-38.792271353861956,162.09571893298633
IR,IR007_0.mat,envelope,211.0,-41.19484771009756,162.09571893298633
IR,IR007_0.mat,envelope,212.0,-37.04142397653457,162.09571893298633
IR,IR007_0.mat,envelope,213.0,-33.42415913379818,162.09571893298633
IR,IR007_0.mat,envelope,214.0,-33.35090104783806,162.09571893298633
IR,IR007_0.mat,envelope,215.0,-37.39374541378416,162.09571893298633
IR,IR007_0.mat,envelope,216.0,-35.180598387784045,162.09571893298633
IR,IR007_0.mat,envelope,217.0,-38.2915740125531,162.09571893298633
IR,IR007_0.mat,envelope,218.0,-39.37391821949757,162.09571893298633
IR,IR007_0.mat,envelope,219.0,-34.17999747273857,162.09571893298633
IR,IR007_0.mat,envelope,220.0,-29.15011388779927,162.09571893298633
IR,IR007_0.mat,envelope,221.0,-12.456399776178452,162.09571893298633
IR,IR007_0.mat,envelope,222.0,-11.790975467338454,162.09571893298633
IR,IR007_0.mat,envelope,223.0,-23.33444722058923,162.09571893298633
IR,IR007_0.mat,envelope,224.0,-37.31863285192356,162.09571893298633
IR,IR007_0.mat,envelope,225.0,-36.40470548379865,162.09571893298633
IR,IR007_0.mat,envelope,226.0,-40.99185033577909,162.09571893298633
IR,IR007_0.mat,envelope,227.0,-43.67712831176575,162.09571893298633
IR,IR007_0.mat,envelope,228.0,-50.08643803534782,162.09571893298633
IR,IR007_0.mat,envelope,229.0,-46.4373544023202,162.09571893298633
IR,IR007_0.mat,envelope,230.0,-57.08884508634484,162.09571893298633
IR,IR007_0.mat,envelope,231.0,-38.48607341304254,162.09571893298633
IR,IR007_0.mat,envelope,232.0,-36.528459612924905,162.09571893298633
IR,IR007_0.mat,envelope,233.0,-24.32682992435773,162.09571893298633
IR,IR007_0.mat,envelope,234.0,-23.28663082345659,162.09571893298633
IR,IR007_0.mat,envelope,235.0,-34.64708250337828,162.09571893298633
IR,IR007_0.mat,envelope,236.0,-50.660367225455836,162.09571893298633
IR,IR007_0.mat,envelope,237.0,-34.73624367318649,162.09571893298633
IR,IR007_0.mat,envelope,238.0,-37.3637119003386,162.09571893298633
IR,IR007_0.mat,envelope,239.0,-31.053314839276776,162.09571893298633
IR,IR007_0.mat,envelope,240.0,-29.298266531479435,162.09571893298633
IR,IR007_0.mat,envelope,241.0,-41.389338094024225,162.09571893298633
IR,IR007_0.mat,envelope,242.0,-43.34739137877627,162.09571893298633
IR,IR007_0.mat,envelope,243.0,-38.1688298670333,162.09571893298633
IR,IR007_0.mat,envelope,244.0,-52.128527131854916,162.09571893298633
IR,IR007_0.mat,envelope,245.0,-28.670483863294834,162.09571893298633
IR,IR007_0.mat,envelope,246.0,-29.307739238717904,162.09571893298633
IR,IR007_0.mat,envelope,247.0,-33.95361417670211,162.09571893298633
IR,IR007_0.mat,envelope,248.0,-33.33013895364392,162.09571893298633
IR,IR007_0.mat,envelope,249.0,-30.602519951814337,162.09571893298633
IR,IR007_0.mat,envelope,250.0,-31.528026836119018,162.09571893298633
IR,IR007_0.mat,envelope,251.0,-37.04688660238111,162.09571893298633
IR,IR007_0.mat,envelope,252.0,-43.433921953674435,162.09571893298633
IR,IR007_0.mat,envelope,253.0,-38.15132175357263,162.09571893298633
IR,IR007_0.mat,envelope,254.0,-35.79383125964164,162.09571893298633
IR,IR007_0.mat,envelope,255.0,-47.65681752061638,162.09571893298633
IR,IR007_0.mat,envelope,256.0,-34.04700613818661,162.09571893298633
IR,IR007_0.mat,envelope,257.0,-37.5547819522231,162.09571893298633
IR,IR007_0.mat,envelope,258.0,-47.541599686618,162.09571893298633
IR,IR007_0.mat,envelope,259.0,-42.140389825040856,162.09571893298633
IR,IR007_0.mat,envelope,260.0,-44.49369158531833,162.09571893298633
IR,IR007_0.mat,envelope,261.0,-39.99641814562657,162.09571893298633
IR,IR007_0.mat,envelope,262.0,-21.935763236904826,162.09571893298633
IR,IR007_0.mat,envelope,263.0,-9.42588824508459,162.09571893298633
IR,IR007_0.mat,envelope,264.0,-10.018891664183414,162.09571893298633
IR,IR007_0.mat,envelope,265.0,-22.564648615204483,162.09571893298633
IR,IR007_0.mat,envelope,266.0,-34.21321808413629,162.09571893298633
IR,IR007_0.mat,envelope,267.0,-34.89108650685909,162.09571893298633
IR,IR007_0.mat,envelope,268.0,-33.889630502920355,162.09571893298633
IR,IR007_0.mat,envelope,269.0,-39.851303063294836,162.09571893298633
IR,IR007_0.mat,envelope,270.0,-36.81358184123027,162.09571893298633
IR,IR007_0.mat,envelope,271.0,-37.462122610810646,162.09571893298633
IR,IR007_0.mat,envelope,272.0,-39.120818479596664,162.09571893298633
IR,IR007_0.mat,envelope,273.0,-33.2786404543122,162.09571893298633
IR,IR007_0.mat,envelope,274.0,-39.158161223417466,162.09571893298633
IR,IR007_0.mat,envelope,275.0,-32.695505834225486,162.09571893298633
IR,IR007_0.mat,envelope,276.0,-30.644102431878004,162.09571893298633
IR,IR007_0.mat,envelope,277.0,-38.62041115205805,162.09571893298633
IR,IR007_0.mat,envelope,278.0,-48.14567633338348,162.09571893298633
IR,IR007_0.mat,envelope,279.0,-37.528768422322,162.09571893298633
IR,IR007_0.mat,envelope,280.0,-30.12218430885251,162.09571893298633
IR,IR007_0.mat,envelope,281.0,-22.6361588261633,162.09571893298633
IR,IR007_0.mat,envelope,282.0,-24.513249668403922,162.09571893298633
IR,IR007_0.mat,envelope,283.0,-33.75160222967477,162.09571893298633
IR,IR007_0.mat,envelope,284.0,-42.21021057274386,162.09571893298633
IR,IR007_0.mat,envelope,285.0,-66.65468215745233,162.09571893298633
IR,IR007_0.mat,envelope,286.0,-42.067939687006046,162.09571893298633
IR,IR007_0.mat,envelope,287.0,-32.84118146396406,162.09571893298633
IR,IR007_0.mat,envelope,288.0,-34.299774504965214,162.09571893298633
IR,IR007_0.mat,envelope,289.0,-42.79437091478816,162.09571893298633
IR,IR007_0.mat,envelope,290.0,-44.85010608551442,162.09571893298633
IR,IR007_0.mat,envelope,291.0,-31.743231479165495,162.09571893298633
IR,IR007_0.mat,envelope,292.0,-27.527855456409938,162.09571893298633
IR,IR007_0.mat,envelope,293.0,-17.772378269754654,162.09571893298633
IR,IR007_0.mat,envelope,294.0,-20.638069540008495,162.09571893298633
IR,IR007_0.mat,envelope,295.0,-32.57234906467164,162.09571893298633
IR,IR007_0.mat,envelope,296.0,-35.40165561278219,162.09571893298633
IR,IR007_0.mat,envelope,297.0,-37.35230902078767,162.09571893298633
IR,IR007_0.mat,envelope,298.0,-47.19969441791364,162.09571893298633
IR,IR007_0.mat,envelope,299.0,-36.27204200171377,162.09571893298633
IR,IR007_0.mat,envelope,300.0,-33.86732735993161,162.09571893298633
IR,IR007_0.mat,envelope,301.0,-36.25988117042972,162.09571893298633
IR,IR007_0.mat,envelope,302.0,-42.95660791105699,162.09571893298633
IR,IR007_0.mat,envelope,303.0,-34.067784486379665,162.09571893298633
IR,IR007_0.mat,envelope,304.0,-31.728298348224317,162.09571893298633
IR,IR007_0.mat,envelope,305.0,-36.53917833075743,162.09571893298633
IR,IR007_0.mat,envelope,306.0,-37.37442447015105,162.09571893298633
IR,IR007_0.mat,envelope,307.0,-38.628731682717905,162.09571893298633
IR,IR007_0.mat,envelope,308.0,-45.748705403525506,162.09571893298633
IR,IR007_0.mat,envelope,309.0,-44.280532503327535,162.09571893298633
IR,IR007_0.mat,envelope,310.0,-33.67432433798332,162.09571893298633
IR,IR007_0.mat,envelope,311.0,-26.716611514986223,162.09571893298633
IR,IR007_0.mat,envelope,312.0,-31.162491504007704,162.09571893298633
IR,IR007_0.mat,envelope,313.0,-35.707376879570006,162.09571893298633
IR,IR007_0.mat,envelope,314.0,-32.994080587071856,162.09571893298633
IR,IR007_0.mat,envelope,315.0,-37.9394737386449,162.09571893298633
IR,IR007_0.mat,envelope,316.0,-45.33137703095367,162.09571893298633
IR,IR007_0.mat,envelope,317.0,-39.2415771684862,162.09571893298633
IR,IR007_0.mat,envelope,318.0,-42.677155870635495,162.09571893298633
IR,IR007_0.mat,envelope,319.0,-41.3365458133989,162.09571893298633
IR,IR007_0.mat,envelope,320.0,-51.72019586037722,162.09571893298633
IR,IR007_0.mat,envelope,321.0,-32.939090016315944,162.09571893298633
IR,IR007_0.mat,envelope,322.0,-16.321372058616205,162.09571893298633
IR,IR007_0.mat,envelope,323.0,-5.791786960626317,162.09571893298633
IR,IR007_0.mat,envelope,324.0,-8.573102448451076,162.09571893298633
IR,IR007_0.mat,envelope,325.0,-35.09618186542444,162.09571893298633
IR,IR007_0.mat,envelope,326.0,-37.16185165912461,162.09571893298633
IR,IR007_0.mat,envelope,327.0,-43.05619856224907,162.09571893298633
IR,IR007_0.mat,envelope,328.0,-42.488861578987226,162.09571893298633
IR,IR007_0.mat,envelope,329.0,-39.34592742023645,162.09571893298633
IR,IR007_0.mat,envelope,330.0,-39.06698915908178,162.09571893298633
IR,IR007_0.mat,envelope,331.0,-38.7683631464435,162.09571893298633
IR,IR007_0.mat,envelope,332.0,-40.96470597695304,162.09571893298633
IR,IR007_0.mat,envelope,333.0,-37.01881525965336,162.09571893298633
IR,IR007_0.mat,envelope,334.0,-38.31157437068037,162.09571893298633
IR,IR007_0.mat,envelope,335.0,-35.27926500081457,162.09571893298633
IR,IR007_0.mat,envelope,336.0,-33.75688154535159,162.09571893298633
IR,IR007_0.mat,envelope,337.0,-45.21952569404277,162.09571893298633
IR,IR007_0.mat,envelope,338.0,-42.3283022879967,162.09571893298633
IR,IR007_0.mat,envelope,339.0,-39.98507784596679,162.09571893298633
IR,IR007_0.mat,envelope,340.0,-37.59767284045826,162.09571893298633
IR,IR007_0.mat,envelope,341.0,-28.566151995232016,162.09571893298633
IR,IR007_0.mat,envelope,342.0,-30.02675608025592,162.09571893298633
IR,IR007_0.mat,envelope,343.0,-39.052817586617174,162.09571893298633
IR,IR007_0.mat,envelope,344.0,-40.19394261651197,162.09571893298633
IR,IR007_0.mat,envelope,345.0,-37.74642783655501,162.09571893298633
IR,IR007_0.mat,envelope,346.0,-39.490400709351746,162.09571893298633
IR,IR007_0.mat,envelope,347.0,-33.57325255100551,162.09571893298633
IR,IR007_0.mat,envelope,348.0,-36.449404070220666,162.09571893298633
IR,IR007_0.mat,envelope,349.0,-41.84059052370645,162.09571893298633
IR,IR007_0.mat,envelope,350.0,-36.66479462338785,162.09571893298633
IR,IR007_0.mat,envelope,351.0,-57.77233141024375,162.09571893298633
IR,IR007_0.mat,envelope,352.0,-26.210120680407552,162.09571893298633
IR,IR007_0.mat,envelope,353.0,-19.125394352679656,162.09571893298633
IR,IR007_0.mat,envelope,354.0,-23.203714865289975,162.09571893298633
IR,IR007_0.mat,envelope,355.0,-45.48335730657402,162.09571893298633
IR,IR007_0.mat,envelope,356.0,-37.05995725269963,162.09571893298633
IR,IR007_0.mat,envelope,357.0,-33.595566936140116,162.09571893298633
IR,IR007_0.mat,envelope,358.0,-40.49769842739808,162.09571893298633
IR,IR007_0.mat,envelope,359.0,-34.206235353141366,162.09571893298633
IR,IR007_0.mat,envelope,360.0,-34.06891023621058,162.09571893298633
IR,IR007_0.mat,envelope,361.0,-36.558166764177706,162.09571893298633
IR,IR007_0.mat,envelope,362.0,-38.03114146993857,162.09571893298633
IR,IR007_0.mat,envelope,363.0,-39.53306271146379,162.09571893298633
IR,IR007_0.mat,envelope,364.0,-32.25563215696325,162.09571893298633
IR,IR007_0.mat,envelope,365.0,-27.352532572955543,162.09571893298633
IR,IR007_0.mat,envelope,366.0,-28.3414300443634,162.09571893298633
IR,IR007_0.mat,envelope,367.0,-36.851091274133445,162.09571893298633
IR,IR007_0.mat,envelope,368.0,-36.5992391819981,162.09571893298633
IR,IR007_0.mat,envelope,369.0,-34.20906317986728,162.09571893298633
IR,IR007_0.mat,envelope,370.0,-35.65125790264254,162.09571893298633
IR,IR007_0.mat,envelope,371.0,-34.25307148143868,162.09571893298633
IR,IR007_0.mat,envelope,372.0,-38.97428654379589,162.09571893298633
IR,IR007_0.mat,envelope,373.0,-33.38243333615018,162.09571893298633
IR,IR007_0.mat,envelope,374.0,-43.142775644033556,162.09571893298633
IR,IR007_0.mat,envelope,375.0,-32.777755342229895,162.09571893298633
IR,IR007_0.mat,envelope,376.0,-34.23373684007256,162.09571893298633
IR,IR007_0.mat,envelope,377.0,-35.75752121764278,162.09571893298633
IR,IR007_0.mat,envelope,378.0,-34.192730176706,162.09571893298633
IR,IR007_0.mat,envelope,379.0,-36.80023985892249,162.09571893298633
IR,IR007_0.mat,envelope,380.0,-39.785451986008624,162.09571893298633
IR,IR007_0.mat,envelope,381.0,-36.387448343332714,162.09571893298633
IR,IR007_0.mat,envelope,382.0,-22.547852020786973,162.09571893298633
IR,IR007_0.mat,envelope,383.0,-14.229981378543963,162.09571893298633
IR,IR007_0.mat,envelope,384.0,-17.257034282030865,162.09571893298633
IR,IR007_0.mat,envelope,385.0,-29.42378076531346,162.09571893298633
IR,IR007_0.mat,envelope,386.0,-49.884558010309135,162.09571893298633
IR,IR007_0.mat,envelope,387.0,-35.17677914222081,162.09571893298633
IR,IR007_0.mat,envelope,388.0,-46.67904781077945,162.09571893298633
IR,IR007_0.mat,envelope,389.0,-34.387878395545705,162.09571893298633
IR,IR007_0.mat,envelope,390.0,-40.938563063117634,162.09571893298633
IR,IR007_0.mat,envelope,391.0,-38.47835009150206,162.09571893298633
IR,IR007_0.mat,envelope,392.0,-32.19270841504387,162.09571893298633
IR,IR007_0.mat,envelope,393.0,-30.30354096039808,162.09571893298633
IR,IR007_0.mat,envelope,394.0,-28.489665409703527,162.09571893298633
IR,IR007_0.mat,envelope,395.0,-23.902116166806856,162.09571893298633
IR,IR007_0.mat,envelope,396.0,-29.62748114186241,162.09571893298633
IR,IR007_0.mat,envelope,397.0,-31.0487337224339,162.09571893298633
IR,IR007_0.mat,envelope,398.0,-44.05695788469747,162.09571893298633
IR,IR007_0.mat,envelope,399.0,-41.985745187240084,162.09571893298633
IR,IR007_0.mat,envelope,400.0,-36.268099288110555,162.09571893298633
IR,IR007_0.mat,envelope,401.0,-30.036116480464415,162.09571893298633
IR,IR007_0.mat,envelope,402.0,-35.32018197349883,162.09571893298633
IR,IR007_0.mat,envelope,403.0,-40.52866271235644,162.09571893298633
IR,IR007_0.mat,envelope,404.0,-44.09074673215609,162.09571893298633
IR,IR007_0.mat,envelope,405.0,-35.98045790046967,162.09571893298633
IR,IR007_0.mat,envelope,406.0,-34.41198705792655,162.09571893298633
IR,IR007_0.mat,envelope,407.0,-30.484098110738152,162.09571893298633
IR,IR007_0.mat,envelope,408.0,-33.29371866287664,162.09571893298633
IR,IR007_0.mat,envelope,409.0,-33.76713509409514,162.09571893298633
IR,IR007_0.mat,envelope,410.0,-35.68867757953048,162.09571893298633
IR,IR007_0.mat,envelope,411.0,-32.65300885092928,162.09571893298633
IR,IR007_0.mat,envelope,412.0,-29.420366310944004,162.09571893298633
IR,IR007_0.mat,envelope,413.0,-25.101594364701263,162.09571893298633
IR,IR007_0.mat,envelope,414.0,-21.302423886314994,162.09571893298633
IR,IR007_0.mat,envelope,415.0,-21.309206683684426,162.09571893298633
IR,IR007_0.mat,envelope,416.0,-30.23179474198669,162.09571893298633
IR,IR007_0.mat,envelope,417.0,-49.88518428791149,162.09571893298633
IR,IR007_0.mat,envelope,418.0,-39.194836137605876,162.09571893298633
IR,IR007_0.mat,envelope,419.0,-37.038560297236046,162.09571893298633
IR,IR007_0.mat,envelope,420.0,-43.633178086469,162.09571893298633
IR,IR007_0.mat,envelope,421.0,-35.55297681813538,162.09571893298633
IR,IR007_0.mat,envelope,422.0,-37.363413102265376,162.09571893298633
IR,IR007_0.mat,envelope,423.0,-42.49240314608757,162.09571893298633
IR,IR007_0.mat,envelope,424.0,-23.365163736065725,162.09571893298633
IR,IR007_0.mat,envelope,425.0,-16.305588912415303,162.09571893298633
IR,IR007_0.mat,envelope,426.0,-21.4155114101079,162.09571893298633
IR,IR007_0.mat,envelope,427.0,-44.508917295850026,162.09571893298633
IR,IR007_0.mat,envelope,428.0,-45.3692250150918,162.09571893298633
IR,IR007_0.mat,envelope,429.0,-37.573215454552205,162.09571893298633
IR,IR007_0.mat,envelope,430.0,-39.86500454140568,162.09571893298633
IR,IR007_0.mat,envelope,431.0,-44.819516210177134,162.09571893298633
IR,IR007_0.mat,envelope,432.0,-37.508853017718586,162.09571893298633
IR,IR007_0.mat,envelope,433.0,-34.26642918402921,162.09571893298633
IR,IR007_0.mat,envelope,434.0,-38.57401738347449,162.09571893298633
IR,IR007_0.mat,envelope,435.0,-35.70109327653387,162.09571893298633
IR,IR007_0.mat,envelope,436.0,-41.84846925526584,162.09571893298633
IR,IR007_0.mat,envelope,437.0,-33.02965211129181,162.09571893298633
IR,IR007_0.mat,envelope,438.0,-34.56112248428233,162.09571893298633
IR,IR007_0.mat,envelope,439.0,-45.61718648678675,162.09571893298633
IR,IR007_0.mat,envelope,440.0,-55.504611736110796,162.09571893298633
IR,IR007_0.mat,envelope,441.0,-45.47215016785572,162.09571893298633
IR,IR007_0.mat,envelope,442.0,-32.66687142946441,162.09571893298633
IR,IR007_0.mat,envelope,443.0,-25.6428082679154,162.09571893298633
IR,IR007_0.mat,envelope,444.0,-26.427286816314943,162.09571893298633
IR,IR007_0.mat,envelope,445.0,-31.19322892679929,162.09571893298633
IR,IR007_0.mat,envelope,446.0,-36.43330615424064,162.09571893298633
IR,IR007_0.mat,envelope,447.0,-43.190327400371224,162.09571893298633
IR,IR007_0.mat,envelope,448.0,-40.90561327337415,162.09571893298633
IR,IR007_0.mat,envelope,449.0,-43.08451325226155,162.09571893298633
IR,IR007_0.mat,envelope,450.0,-37.52066552153901,162.09571893298633
IR,IR007_0.mat,envelope,451.0,-31.363341397297084,162.09571893298633
IR,IR007_0.mat,envelope,452.0,-33.92580596455883,162.09571893298633
IR,IR007_0.mat,envelope,453.0,-44.89326077383324,162.09571893298633
IR,IR007_0.mat,envelope,454.0,-23.134080892249624,162.09571893298633
IR,IR007_0.mat,envelope,455.0,-16.92639514079989,162.09571893298633
IR,IR007_0.mat,envelope,456.0,-21.813153596425092,162.09571893298633
IR,IR007_0.mat,envelope,457.0,-35.20434893639828,162.09571893298633
IR,IR007_0.mat,envelope,458.0,-43.03774551994436,162.09571893298633
IR,IR007_0.mat,envelope,459.0,-38.17430881808603,162.09571893298633
IR,IR007_0.mat,envelope,460.0,-33.06580215233029,162.09571893298633
IR,IR007_0.mat,envelope,461.0,-34.48277789860406,162.09571893298633
IR,IR007_0.mat,envelope,462.0,-43.97170335823504,162.09571893298633
IR,IR007_0.mat,envelope,463.0,-38.45807767396518,162.09571893298633
IR,IR007_0.mat,envelope,464.0,-42.685437474892964,162.09571893298633
IR,IR007_0.mat,envelope,465.0,-33.6974530704827,162.09571893298633
IR,IR007_0.mat,envelope,466.0,-34.38173817842726,162.09571893298633
IR,IR007_0.mat,envelope,467.0,-35.72038731813229,162.09571893298633
IR,IR007_0.mat,envelope,468.0,-45.744315360709386,162.09571893298633
IR,IR007_0.mat,envelope,469.0,-40.55219152940307,162.09571893298633
IR,IR007_0.mat,envelope,470.0,-42.79127347235374,162.09571893298633
IR,IR007_0.mat,envelope,471.0,-41.8772171681709,162.09571893298633
IR,IR007_0.mat,envelope,472.0,-36.57799799647379,162.09571893298633
IR,IR007_0.mat,envelope,473.0,-27.516496393897473,162.09571893298633
IR,IR007_0.mat,envelope,474.0,-30.39671681321152,162.09571893298633
IR,IR007_0.mat,envelope,475.0,-37.67975834978734,162.09571893298633
IR,IR007_0.mat,envelope,476.0,-34.10397615760807,162.09571893298633
IR,IR007_0.mat,envelope,477.0,-34.119086441064994,162.09571893298633
IR,IR007_0.mat,envelope,478.0,-33.04087065509123,162.09571893298633
IR,IR007_0.mat,envelope,479.0,-33.181980229402164,162.09571893298633
IR,IR007_0.mat,envelope,480.0,-34.35887876716766,162.09571893298633
IR,IR007_0.mat,envelope,481.0,-41.12688416597862,162.09571893298633
IR,IR007_0.mat,envelope,482.0,-40.62255711799231,162.09571893298633
IR,IR007_0.mat,envelope,483.0,-35.991685693469464,162.09571893298633
IR,IR007_0.mat,envelope,484.0,-15.946114159863463,162.09571893298633
IR,IR007_0.mat,envelope,485.0,-10.599320318717492,162.09571893298633
IR,IR007_0.mat,envelope,486.0,-16.666753657886964,162.09571893298633
IR,IR007_0.mat,envelope,487.0,-32.761779822207586,162.09571893298633
IR,IR007_0.mat,envelope,488.0,-37.2144509556662,162.09571893298633
IR,IR007_0.mat,envelope,489.0,-40.12743005541263,162.09571893298633
IR,IR007_0.mat,envelope,490.0,-46.29360385737586,162.09571893298633
IR,IR007_0.mat,envelope,491.0,-44.36825597036009,162.09571893298633
IR,IR007_0.mat,envelope,492.0,-46.00067179020745,162.09571893298633
IR,IR007_0.mat,envelope,493.0,-48.451305417726346,162.09571893298633
IR,IR007_0.mat,envelope,494.0,-41.53523247032937,162.09571893298633
IR,IR007_0.mat,envelope,495.0,-37.99682796608252,162.09571893298633
IR,IR007_0.mat,envelope,496.0,-30.863367912761603,162.09571893298633
IR,IR007_0.mat,envelope,497.0,-28.30219473410999,162.09571893298633
IR,IR007_0.mat,envelope,498.0,-38.94775567166982,162.09571893298633
IR,IR007_0.mat,envelope,499.0,-38.12867501364352,162.09571893298633
IR,IR007_0.mat,envelope,500.0,-37.079655205712854,162.09571893298633
B,B007_0.mat,vibration,0.0,-40.07721762331981,141.08907248279553
B,B007_0.mat,vibration,11.71875,-37.50155443296974,141.08907248279553
B,B007_0.mat,vibration,23.4375,-38.42595466354206,141.08907248279553
B,B007_0.mat,vibration,35.15625,-39.961920021923035,141.08907248279553
B,B007_0.mat,vibration,46.875,-43.92728893857959,141.08907248279553
B,B007_0.mat,vibration,58.59375,-41.486962096726714,141.08907248279553
B,B007_0.mat,vibration,70.3125,-43.30133049415117,141.08907248279553
B,B007_0.mat,vibration,82.03125,-39.379121205453686,141.08907248279553
B,B007_0.mat,vibration,93.75,-37.40103312964466,141.08907248279553
B,B007_0.mat,vibration,105.46875,-34.8952168273818,141.08907248279553
B,B007_0.mat,vibration,117.1875,-28.035136671849724,141.08907248279553
B,B007_0.mat,vibration,128.90625,-27.587614578509303,141.08907248279553
B,B007_0.mat,vibration,140.625,-20.31549793665114,141.08907248279553
B,B007_0.mat,vibration,152.34375,-11.498825858488386,141.08907248279553
B,B007_0.mat,vibration,164.0625,-8.73271514912766,141.08907248279553
B,B007_0.mat,vibration,175.78125,-17.20685471120595,141.08907248279553
B,B007_0.mat,vibration,187.5,-16.979134975948377,141.08907248279553
B,B007_0.mat,vibration,199.21875,-19.126464428853286,141.08907248279553
B,B007_0.mat,vibration,210.9375,-30.811856448757776,141.08907248279553
B,B007_0.mat,vibration,222.65625,-27.128935923116792,141.08907248279553
B,B007_0.mat,vibration,234.375,-22.636765933313153,141.08907248279553
B,B007_0.mat,vibration,246.09375,-21.10704557662117,141.08907248279553
B,B007_0.mat,vibration,257.8125,-20.421847210812246,141.08907248279553
B,B007_0.mat,vibration,269.53125,-18.321285661271368,141.08907248279553
B,B007_0.mat,vibration,281.25,-23.688546401744457,141.08907248279553
B,B007_0.mat,vibration,292.96875,-26.018759228608417,141.08907248279553
B,B007_0.mat,vibration,304.6875,-25.888377037136785,141.08907248279553
B,B007_0.mat,vibration,316.40625,-24.23971174076356,141.08907248279553
B,B007_0.mat,vibration,328.125,-23.441384285284688,141.08907248279553
B,B007_0.mat,vibration,339.84375,-23.613196974876296,141.08907248279553
B,B007_0.mat,vibration,351.5625,-13.40581143673506,141.08907248279553
B,B007_0.mat,vibration,363.28125,-11.04659627816454,141.08907248279553
B,B007_0.mat,vibration,375.0,-19.10209795889002,141.08907248279553
B,B007_0.mat,vibration,386.71875,-20.41254877411339,141.08907248279553
B,B007_0.mat,vibration,398.4375,-19.44949039759837,141.08907248279553
B,B007_0.mat,vibration,410.15625,-16.224007807618893,141.08907248279553
B,B007_0.mat,vibration,421.875,-13.844590717770878,141.08907248279553
B,B007_0.mat,vibration,433.59375,-20.097801589395175,141.08907248279553
B,B007_0.mat,vibration,445.3125,-22.432883466511345,141.08907248279553
B,B007_0.mat,vibration,457.03125,-22.26727350769384,141.08907248279553
B,B007_0.mat,vibration,468.75,-20.75871828316403,141.08907248279553
B,B007_0.mat,vibration,480.46875,-17.779374224512758,141.08907248279553
B,B007_0.mat,vibration,492.1875,-20.914946602079976,141.08907248279553
B,B007_0.mat,vibration,503.90625,-16.467905739987597,141.08907248279553
B,B007_0.mat,vibration,515.625,-16.702615982450666,141.08907248279553
B,B007_0.mat,vibration,527.34375,-17.487053203102437,141.08907248279553
B,B007_0.mat,vibration,539.0625,-11.495463055914197,141.08907248279553
B,B007_0.mat,vibration,550.78125,-14.461319062472649,141.08907248279553
B,B007_0.mat,vibration,562.5,-14.02251649551015,141.08907248279553
B,B007_0.mat,vibration,574.21875,-15.727528226814137,141.08907248279553
B,B007_0.mat,vibration,585.9375,-16.691142106093405,141.08907248279553
B,B007_0.mat,vibration,597.65625,-13.24586793740161,141.08907248279553
B,B007_0.mat,vibration,609.375,-17.58385237591648,141.08907248279553
B,B007_0.mat,vibration,621.09375,-16.947028773044913,141.08907248279553
B,B007_0.mat,vibration,632.8125,-13.913744094416975,141.08907248279553
B,B007_0.mat,vibration,644.53125,-10.636369164904256,141.08907248279553
B,B007_0.mat,vibration,656.25,-8.269635125933132,141.08907248279553
B,B007_0.mat,vibration,667.96875,-12.625512318618997,141.08907248279553
B,B007_0.mat,vibration,679.6875,-22.692148620055058,141.08907248279553
B,B007_0.mat,vibration,691.40625,-21.836819392048326,141.08907248279553
B,B007_0.mat,vibration,703.125,-21.80121547067085,141.08907248279553
B,B007_0.mat,vibration,714.84375,-15.989291162610474,141.08907248279553
B,B007_0.mat,vibration,726.5625,-17.491328420351223,141.08907248279553
B,B007_0.mat,vibration,738.28125,-22.489689119732024,141.08907248279553
B,B007_0.mat,vibration,750.0,-21.297842615591147,141.08907248279553
B,B007_0.mat,vibration,761.71875,-23.60301705320476,141.08907248279553
B,B007_0.mat,vibration,773.4375,-27.716354904711412,141.08907248279553
B,B007_0.mat,vibration,785.15625,-29.57642517365652,141.08907248279553
B,B007_0.mat,vibration,796.875,-28.459105628886295,141.08907248279553
B,B007_0.mat,vibration,808.59375,-24.22859901581831,141.08907248279553
B,B007_0.mat,vibration,820.3125,-27.84952785184837,141.08907248279553
B,B007_0.mat,vibration,832.03125,-20.317746612405536,141.08907248279553
B,B007_0.mat,vibration,843.75,-18.724336573317622,141.08907248279553
B,B007_0.mat,vibration,855.46875,-22.870265960033805,141.08907248279553
B,B007_0.mat,vibration,867.1875,-20.504257149967398,141.08907248279553
B,B007_0.mat,vibration,878.90625,-27.103946044664163,141.08907248279553
B,B007_0.mat,vibration,890.625,-27.028982507136536,141.08907248279553
B,B007_0.mat,vibration,902.34375,-26.226177215301128,141.08907248279553
B,B007_0.mat,vibration,914.0625,-29.063723909085404,141.08907248279553
B,B007_0.mat,vibration,925.78125,-29.15460584392843,141.08907248279553
B,B007_0.mat,vibration,937.5,-25.480612299990668,141.08907248279553
B,B007_0.mat,vibration,949.21875,-24.788877809800063,141.08907248279553
B,B007_0.mat,vibration,960.9375,-16.571722665137344,141.08907248279553
B,B007_0.mat,vibration,972.65625,-10.922849113028859,141.08907248279553
B,B007_0.mat,vibration,984.375,-15.65164572164814,141.08907248279553
B,B007_0.mat,vibration,996.09375,-26.967811570339318,141.08907248279553
B,B007_0.mat,vibration,1007.8125,-29.647533055993428,141.08907248279553
B,B007_0.mat,vibration,1019.53125,-26.37636289863382,141.08907248279553
B,B007_0.mat,vibration,1031.25,-27.00931648824785,141.08907248279553
B,B007_0.mat,vibration,1042.96875,-18.355275891581048,141.08907248279553
B,B007_0.mat,vibration,1054.6875,-19.581666990785397,141.08907248279553
B,B007_0.mat,vibration,1066.40625,-22.278940952773453,141.08907248279553
B,B007_0.mat,vibration,1078.125,-16.82961636351249,141.08907248279553
B,B007_0.mat,vibration,1089.84375,-20.586089842239232,141.08907248279553
B,B007_0.mat,vibration,1101.5625,-11.284708242670312,141.08907248279553
B,B007_0.mat,vibration,1113.28125,-11.242089444349286,141.08907248279553
B,B007_0.mat,vibration,1125.0,-19.78487852138734,141.08907248279553
B,B007_0.mat,vibration,1136.71875,-17.11411695660113,141.08907248279553
B,B007_0.mat,vibration,1148.4375,-22.088864588663313,141.08907248279553
B,B007_0.mat,vibration,1160.15625,-23.50938054240104,141.08907248279553
B,B007_0.mat,vibration,1171.875,-22.786211770620657,141.08907248279553
B,B007_0.mat,vibration,1183.59375,-21.702174891797004,141.08907248279553
B,B007_0.mat,vibration,1195.3125,-18.538179886056028,141.08907248279553
B,B007_0.mat,vibration,1207.03125,-24.030147768875565,141.08907248279553
B,B007_0.mat,vibration,1218.75,-33.0508064367148,141.08907248279553
B,B007_0.mat,vibration,1230.46875,-29.90888504796548,141.08907248279553
B,B007_0.mat,vibration,1242.1875,-28.943186644731036,141.08907248279553
B,B007_0.mat,vibration,1253.90625,-29.376152086337505,141.08907248279553
B,B007_0.mat,vibration,1265.625,-27.406170505405434,141.08907248279553
B,B007_0.mat,vibration,1277.34375,-28.359565792221012,141.08907248279553
B,B007_0.mat,vibration,1289.0625,-24.83945754891021,141.08907248279553
B,B007_0.mat,vibration,1300.78125,-23.230622786313372,141.08907248279553
B,B007_0.mat,vibration,1312.5,-27.37833681369141,141.08907248279553
B,B007_0.mat,vibration,1324.21875,-29.38523022721451,141.08907248279553
B,B007_0.mat,vibration,1335.9375,-31.424101112527396,141.08907248279553
B,B007_0.mat,vibration,1347.65625,-29.971594846522063,141.08907248279553
B,B007_0.mat,vibration,1359.375,-28.90343188049708,141.08907248279553
B,B007_0.mat,vibration,1371.09375,-21.503203392168615,141.08907248279553
B,B007_0.mat,vibration,1382.8125,-21.14166083100009,141.08907248279553
B,B007_0.mat,vibration,1394.53125,-22.06924881221553,141.08907248279553
B,B007_0.mat,vibration,1406.25,-17.0884263915756,141.08907248279553
B,B007_0.mat,vibration,1417.96875,-19.44443640736408,141.08907248279553
B,B007_0.mat,vibration,1429.6875,-5.981086656641757,141.08907248279553
B,B007_0.mat,vibration,1441.40625,-4.681522015612989,141.08907248279553
B,B007_0.mat,vibration,1453.125,-16.59895333986524,141.08907248279553
B,B007_0.mat,vibration,1464.84375,-25.408806025921923,141.08907248279553
B,B007_0.mat,vibration,1476.5625,-28.47915835459405,141.08907248279553
B,B007_0.mat,vibration,1488.28125,-30.577501489539586,141.08907248279553
B,B007_0.mat,vibration,1500.0,-26.54353464025917,141.08907248279553
B,B007_0.mat,vibration,1511.71875,-25.660127222035012,141.08907248279553
B,B007_0.mat,vibration,1523.4375,-26.250302906227695,141.08907248279553
B,B007_0.mat,vibration,1535.15625,-26.856081315505875,141.08907248279553
B,B007_0.mat,vibration,1546.875,-27.531657351931187,141.08907248279553
B,B007_0.mat,vibration,1558.59375,-23.703625927788913,141.08907248279553
B,B007_0.mat,vibration,1570.3125,-27.087656530095366,141.08907248279553
B,B007_0.mat,vibration,1582.03125,-27.360713912809803,141.08907248279553
B,B007_0.mat,vibration,1593.75,-26.700408386071828,141.08907248279553
B,B007_0.mat,vibration,1605.46875,-25.7577206522183,141.08907248279553
B,B007_0.mat,vibration,1617.1875,-23.60772263596603,141.08907248279553
B,B007_0.mat,vibration,1628.90625,-29.680447032341295,141.08907248279553
B,B007_0.mat,vibration,1640.625,-31.06415871163446,141.08907248279553
B,B007_0.mat,vibration,1652.34375,-28.22174722477424,141.08907248279553
B,B007_0.mat,vibration,1664.0625,-32.17693097978173,141.08907248279553
B,B007_0.mat,vibration,1675.78125,-33.96418352438039,141.08907248279553
B,B007_0.mat,vibration,1687.5,-28.08515051083143,141.08907248279553
B,B007_0.mat,vibration,1699.21875,-27.011871073333204,141.08907248279553
B,B007_0.mat,vibration,1710.9375,-23.964344779776955,141.08907248279553
B,B007_0.mat,vibration,1722.65625,-19.820367517624046,141.08907248279553
B,B007_0.mat,vibration,1734.375,-23.377139446332148,141.08907248279553
B,B007_0.mat,vibration,1746.09375,-25.328954332212096,141.08907248279553
B,B007_0.mat,vibration,1757.8125,-27.28538753870275,141.08907248279553
B,B007_0.mat,vibration,1769.53125,-27.0631812219384,141.08907248279553
B,B007_0.mat,vibration,1781.25,-25.784801813549755,141.08907248279553
B,B007_0.mat,vibration,1792.96875,-26.59883878386995,141.08907248279553
B,B007_0.mat,vibration,1804.6875,-26.165199259959163,141.08907248279553
B,B007_0.mat,vibration,1816.40625,-25.817121809508755,141.08907248279553
B,B007_0.mat,vibration,1828.125,-25.427803203918444,141.08907248279553
B,B007_0.mat,vibration,1839.84375,-26.53096158380507,141.08907248279553
B,B007_0.mat,vibration,1851.5625,-30.45340197265238,141.08907248279553
B,B007_0.mat,vibration,1863.28125,-30.43554286614281,141.08907248279553
B,B007_0.mat,vibration,1875.0,-26.22495693070917,141.08907248279553
B,B007_0.mat,vibration,1886.71875,-25.641755110529736,141.08907248279553
B,B007_0.mat,vibration,1898.4375,-23.60055637196244,141.08907248279553
B,B007_0.mat,vibration,1910.15625,-20.481772131007148,141.08907248279553
B,B007_0.mat,vibration,1921.875,-19.687613675221765,141.08907248279553
B,B007_0.mat,vibration,1933.59375,-16.818771813983634,141.08907248279553
B,B007_0.mat,vibration,1945.3125,-17.501276833508502,141.08907248279553
B,B007_0.mat,vibration,1957.03125,-19.129291858944,141.08907248279553
B,B007_0.mat,vibration,1968.75,-16.476140457887606,141.08907248279553
B,B007_0.mat,vibration,1980.46875,-17.930807474709937,141.08907248279553
B,B007_0.mat,vibration,1992.1875,-21.21094955364889,141.08907248279553
B,B007_0.mat,vibration,2003.90625,-25.450497974607494,141.08907248279553
B,B007_0.mat,vibration,2015.625,-24.67813950498116,141.08907248279553
B,B007_0.mat,vibration,2027.34375,-22.873711521303925,141.08907248279553
B,B007_0.mat,vibration,2039.0625,-25.537398155191934,141.08907248279553
B,B007_0.mat,vibration,2050.78125,-26.85049293211567,141.08907248279553
B,B007_0.mat,vibration,2062.5,-23.344761165274672,141.08907248279553
B,B007_0.mat,vibration,2074.21875,-25.845237111852942,141.08907248279553
B,B007_0.mat,vibration,2085.9375,-32.02209846304387,141.08907248279553
B,B007_0.mat,vibration,2097.65625,-28.814409911387756,141.08907248279553
B,B007_0.mat,vibration,2109.375,-28.405922812980137,141.08907248279553
B,B007_0.mat,vibration,2121.09375,-28.191386734277607,141.08907248279553
B,B007_0.mat,vibration,2132.8125,-28.642478761167904,141.08907248279553
B,B007_0.mat,vibration,2144.53125,-27.953103645217496,141.08907248279553
B,B007_0.mat,vibration,2156.25,-27.00983392128019,141.08907248279553
B,B007_0.mat,vibration,2167.96875,-27.893398940760463,141.08907248279553
B,B007_0.mat,vibration,2179.6875,-27.521364125804595,141.08907248279553
B,B007_0.mat,vibration,2191.40625,-25.356061434793126,141.08907248279553
B,B007_0.mat,vibration,2203.125,-23.627211805133705,141.08907248279553
B,B007_0.mat,vibration,2214.84375,-25.88785869141924,141.08907248279553
B,B007_0.mat,vibration,2226.5625,-24.996749897396164,141.08907248279553
B,B007_0.mat,vibration,2238.28125,-23.098931628792588,141.08907248279553
B,B007_0.mat,vibration,2250.0,-22.206552578579704,141.08907248279553
B,B007_0.mat,vibration,2261.71875,-22.397285944378808,141.08907248279553
B,B007_0.mat,vibration,2273.4375,-20.1069979193792,141.08907248279553
B,B007_0.mat,vibration,2285.15625,-21.730329122620297,141.08907248279553
B,B007_0.mat,vibration,2296.875,-21.95525422813113,141.08907248279553
B,B007_0.mat,vibration,2308.59375,-22.75333761530718,141.08907248279553
B,B007_0.mat,vibration,2320.3125,-22.96251647808768,141.08907248279553
B,B007_0.mat,vibration,2332.03125,-21.8170175690139,141.08907248279553
B,B007_0.mat,vibration,2343.75,-23.546564998393723,141.08907248279553
B,B007_0.mat,vibration,2355.46875,-24.127387988332906,141.08907248279553
B,B007_0.mat,vibration,2367.1875,-20.275065597572457,141.08907248279553
B,B007_0.mat,vibration,2378.90625,-23.705501181908147,141.08907248279553
B,B007_0.mat,vibration,2390.625,-22.476983985760874,141.08907248279553
B,B007_0.mat,vibration,2402.34375,-22.116790243127976,141.08907248279553
B,B007_0.mat,vibration,2414.0625,-19.350153335009,141.08907248279553
B,B007_0.mat,vibration,2425.78125,-16.262180993884094,141.08907248279553
B,B007_0.mat,vibration,2437.5,-17.311675043015832,141.08907248279553
B,B007_0.mat,vibration,2449.21875,-14.443437071587972,141.08907248279553
B,B007_0.mat,vibration,2460.9375,-13.973184075030481,141.08907248279553
B,B007_0.mat,vibration,2472.65625,-15.248641837179012,141.08907248279553
B,B007_0.mat,vibration,2484.375,-16.36837083673652,141.08907248279553
B,B007_0.mat,vibration,2496.09375,-14.244369968518761,141.08907248279553
B,B007_0.mat,vibration,2507.8125,-11.522578295889813,141.08907248279553
B,B007_0.mat,vibration,2519.53125,-14.34380029692074,141.08907248279553
B,B007_0.mat,vibration,2531.25,-16.011409253077158,141.08907248279553
B,B007_0.mat,vibration,2542.96875,-13.468287354658028,141.08907248279553
B,B007_0.mat,vibration,2554.6875,-10.448898904768736,141.08907248279553
B,B007_0.mat,vibration,2566.40625,-8.23681357316845,141.08907248279553
B,B007_0.mat,vibration,2578.125,-5.9270276052155175,141.08907248279553
B,B007_0.mat,vibration,2589.84375,-6.062082238880868,141.08907248279553
B,B007_0.mat,vibration,2601.5625,-5.568222082299934,141.08907248279553
B,B007_0.mat,vibration,2613.28125,-4.302715577108741,141.08907248279553
B,B007_0.mat,vibration,2625.0,-7.896825189899673,141.08907248279553
B,B007_0.mat,vibration,2636.71875,-14.15164611540963,141.08907248279553
B,B007_0.mat,vibration,2648.4375,-12.10314911738777,141.08907248279553
B,B007_0.mat,vibration,2660.15625,-9.165076053591022,141.08907248279553
B,B007_0.mat,vibration,2671.875,-8.504434466989316,141.08907248279553
B,B007_0.mat,vibration,2683.59375,-7.2091426161813,141.08907248279553
B,B007_0.mat,vibration,2695.3125,-6.306121403249154,141.08907248279553
B,B007_0.mat,vibration,2707.03125,-6.546073020397861,141.08907248279553
B,B007_0.mat,vibration,2718.75,-4.22597978274025,141.08907248279553
B,B007_0.mat,vibration,2730.46875,-7.033904122268374,141.08907248279553
B,B007_0.mat,vibration,2742.1875,-9.39750215120026,141.08907248279553
B,B007_0.mat,vibration,2753.90625,-5.864531769061639,141.08907248279553
B,B007_0.mat,vibration,2765.625,-3.8066245842120527,141.08907248279553
B,B007_0.mat,vibration,2777.34375,-3.375523103878155,141.08907248279553
B,B007_0.mat,vibration,2789.0625,-3.1706046169501456,141.08907248279553
B,B007_0.mat,vibration,2800.78125,-0.9625443211110446,141.08907248279553
B,B007_0.mat,vibration,2812.5,-1.2311889875749802,141.08907248279553
B,B007_0.mat,vibration,2824.21875,-2.850780446938623,141.08907248279553
B,B007_0.mat,vibration,2835.9375,-3.2170231923758132,141.08907248279553
B,B007_0.mat,vibration,2847.65625,-2.1428766759358124,141.08907248279553
B,B007_0.mat,vibration,2859.375,-0.7183983022602183,141.08907248279553
B,B007_0.mat,vibration,2871.09375,-1.0042233976809694,141.08907248279553
B,B007_0.mat,vibration,2882.8125,-0.6288292860071852,141.08907248279553
B,B007_0.mat,vibration,2894.53125,-2.0437957499822073,141.08907248279553
B,B007_0.mat,vibration,2906.25,-3.8763472346959356,141.08907248279553
B,B007_0.mat,vibration,2917.96875,-3.848428167714001,141.08907248279553
B,B007_0.mat,vibration,2929.6875,-3.540450142840303,141.08907248279553
B,B007_0.mat,vibration,2941.40625,-1.1242521694360572,141.08907248279553
B,B007_0.mat,vibration,2953.125,-6.3104677923961,141.08907248279553
B,B007_0.mat,vibration,2964.84375,-8.819522821797111,141.08907248279553
B,B007_0.mat,vibration,2976.5625,-7.196397399721333,141.08907248279553
B,B007_0.mat,vibration,2988.28125,-7.060925765380144,141.08907248279553
B,B007_0.mat,vibration,3000.0,-5.131003073015361,141.08907248279553
B,B007_0.mat,vibration,3011.71875,-2.8067674859188947,141.08907248279553
B,B007_0.mat,vibration,3023.4375,-5.339132141014904,141.08907248279553
B,B007_0.mat,vibration,3035.15625,-5.549509666788758,141.08907248279553
B,B007_0.mat,vibration,3046.875,-6.0802469187223895,141.08907248279553
B,B007_0.mat,vibration,3058.59375,-8.845493250013876,141.08907248279553
B,B007_0.mat,vibration,3070.3125,-5.869541035881745,141.08907248279553
B,B007_0.mat,vibration,3082.03125,-7.899709301871432,141.08907248279553
B,B007_0.mat,vibration,3093.75,-6.004388943008108,141.08907248279553
B,B007_0.mat,vibration,3105.46875,-7.192777001014362,141.08907248279553
B,B007_0.mat,vibration,3117.1875,-7.117416785023614,141.08907248279553
B,B007_0.mat,vibration,3128.90625,-5.375060385080159,141.08907248279553
B,B007_0.mat,vibration,3140.625,-6.476688745609291,141.08907248279553
B,B007_0.mat,vibration,3152.34375,-9.18532492870553,141.08907248279553
B,B007_0.mat,vibration,3164.0625,-10.886384197462995,141.08907248279553
B,B007_0.mat,vibration,3175.78125,-12.48272244212227,141.08907248279553
B,B007_0.mat,vibration,3187.5,-11.168549120292628,141.08907248279553
B,B007_0.mat,vibration,3199.21875,-8.603642368576253,141.08907248279553
B,B007_0.mat,vibration,3210.9375,-8.761445777147408,141.08907248279553
B,B007_0.mat,vibration,3222.65625,-8.505734214211135,141.08907248279553
B,B007_0.mat,vibration,3234.375,-6.665141003050328,141.08907248279553
B,B007_0.mat,vibration,3246.09375,-4.9019284944897485,141.08907248279553
B,B007_0.mat,vibration,3257.8125,-1.259347383477369,141.08907248279553
B,B007_0.mat,vibration,3269.53125,-1.3459580861291314,141.08907248279553
B,B007_0.mat,vibration,3281.25,-4.368499357743505,141.08907248279553
B,B007_0.mat,vibration,3292.96875,-2.8777424145734725,141.08907248279553
B,B007_0.mat,vibration,3304.6875,-2.839433661219159,141.08907248279553
B,B007_0.mat,vibration,3316.40625,-3.197764518055028,141.08907248279553
B,B007_0.mat,vibration,3328.125,-3.119270877544583,141.08907248279553
B,B007_0.mat,vibration,3339.84375,-3.8746780897588096,141.08907248279553
B,B007_0.mat,vibration,3351.5625,-1.2292643428060848,141.08907248279553
B,B007_0.mat,vibration,3363.28125,-7.518708283030727e-08,141.08907248279553
B,B007_0.mat,vibration,3375.0,-1.8510455650708943,141.08907248279553
B,B007_0.mat,vibration,3386.71875,-3.6250842121782285,141.08907248279553
B,B007_0.mat,vibration,3398.4375,-3.3556045643484547,141.08907248279553
B,B007_0.mat,vibration,3410.15625,-3.5459009083949544,141.08907248279553
B,B007_0.mat,vibration,3421.875,-4.858267391108083,141.08907248279553
B,B007_0.mat,vibration,3433.59375,-4.563064272467232,141.08907248279553
B,B007_0.mat,vibration,3445.3125,-6.839725980567718,141.08907248279553
B,B007_0.mat,vibration,3457.03125,-7.607199042738742,141.08907248279553
B,B007_0.mat,vibration,3468.75,-6.698979724331218,141.08907248279553
B,B007_0.mat,vibration,3480.46875,-9.673646567652295,141.08907248279553
B,B007_0.mat,vibration,3492.1875,-13.271080237599506,141.08907248279553
B,B007_0.mat,vibration,3503.90625,-14.581497844847418,141.08907248279553
B,B007_0.mat,vibration,3515.625,-12.027565815033011,141.08907248279553
B,B007_0.mat,vibration,3527.34375,-8.622746427548018,141.08907248279553
B,B007_0.mat,vibration,3539.0625,-12.789747143217676,141.08907248279553
B,B007_0.mat,vibration,3550.78125,-16.581783417546863,141.08907248279553
B,B007_0.mat,vibration,3562.5,-18.30102243198358,141.08907248279553
B,B007_0.mat,vibration,3574.21875,-13.719677531238457,141.08907248279553
B,B007_0.mat,vibration,3585.9375,-9.389464553141796,141.08907248279553
B,B007_0.mat,vibration,3597.65625,-13.804467856472042,141.08907248279553
B,B007_0.mat,vibration,3609.375,-18.609578293534785,141.08907248279553
B,B007_0.mat,vibration,3621.09375,-20.263876508474638,141.08907248279553
B,B007_0.mat,vibration,3632.8125,-22.68414485877217,141.08907248279553
B,B007_0.mat,vibration,3644.53125,-19.0888736746701,141.08907248279553
B,B007_0.mat,vibration,3656.25,-18.7027782649289,141.08907248279553
B,B007_0.mat,vibration,3667.96875,-20.28810326604667,141.08907248279553
B,B007_0.mat,vibration,3679.6875,-16.127917309921862,141.08907248279553
B,B007_0.mat,vibration,3691.40625,-14.705125843308497,141.08907248279553
B,B007_0.mat,vibration,3703.125,-17.14632340426001,141.08907248279553
B,B007_0.mat,vibration,3714.84375,-18.620244857085638,141.08907248279553
B,B007_0.mat,vibration,3726.5625,-19.154969761155574,141.08907248279553
B,B007_0.mat,vibration,3738.28125,-21.886648441735503,141.08907248279553
B,B007_0.mat,vibration,3750.0,-23.399563148361203,141.08907248279553
B,B007_0.mat,vibration,3761.71875,-21.679713265933472,141.08907248279553
B,B007_0.mat,vibration,3773.4375,-21.47708245974532,141.08907248279553
B,B007_0.mat,vibration,3785.15625,-21.98743752679881,141.08907248279553
B,B007_0.mat,vibration,3796.875,-22.969345807318543,141.08907248279553
B,B007_0.mat,vibration,3808.59375,-21.798833126330344,141.08907248279553
B,B007_0.mat,vibration,3820.3125,-22.581412352555272,141.08907248279553
B,B007_0.mat,vibration,3832.03125,-23.602658436271792,141.08907248279553
B,B007_0.mat,vibration,3843.75,-23.777524741912185,141.08907248279553
B,B007_0.mat,vibration,3855.46875,-23.59789350669745,141.08907248279553
B,B007_0.mat,vibration,3867.1875,-25.258310672077734,141.08907248279553
B,B007_0.mat,vibration,3878.90625,-26.811927889558365,141.08907248279553
B,B007_0.mat,vibration,3890.625,-27.73174286541995,141.08907248279553
B,B007_0.mat,vibration,3902.34375,-26.37306377857495,141.08907248279553
B,B007_0.mat,vibration,3914.0625,-25.483995425961808,141.08907248279553
B,B007_0.mat,vibration,3925.78125,-29.474122925105647,141.08907248279553
B,B007_0.mat,vibration,3937.5,-33.10881972549186,141.08907248279553
B,B007_0.mat,vibration,3949.21875,-33.05403330277659,141.08907248279553
B,B007_0.mat,vibration,3960.9375,-32.57756408073707,141.08907248279553
B,B007_0.mat,vibration,3972.65625,-31.98955374169418,141.08907248279553
B,B007_0.mat,vibration,3984.375,-32.2428680956708,141.08907248279553
B,B007_0.mat,vibration,3996.09375,-31.238938238814363,141.08907248279553
B,B007_0.mat,vibration,4007.8125,-26.183243625847172,141.08907248279553
B,B007_0.mat,vibration,4019.53125,-24.743265425350607,141.08907248279553
B,B007_0.mat,vibration,4031.25,-28.845457362104373,141.08907248279553
B,B007_0.mat,vibration,4042.96875,-30.325315539532177,141.08907248279553
B,B007_0.mat,vibration,4054.6875,-30.238641656656064,141.08907248279553
B,B007_0.mat,vibration,4066.40625,-27.02848470669336,141.08907248279553
B,B007_0.mat,vibration,4078.125,-26.78233029435482,141.08907248279553
B,B007_0.mat,vibration,4089.84375,-30.20242923564451,141.08907248279553
B,B007_0.mat,vibration,4101.5625,-30.32306915853276,141.08907248279553
B,B007_0.mat,vibration,4113.28125,-32.233021802127894,141.08907248279553
B,B007_0.mat,vibration,4125.0,-16.691413900955865,141.08907248279553
B,B007_0.mat,vibration,4136.71875,-8.660066507667594,141.08907248279553
B,B007_0.mat,vibration,4148.4375,-12.744061372724786,141.08907248279553
B,B007_0.mat,vibration,4160.15625,-29.755495488908906,141.08907248279553
B,B007_0.mat,vibration,4171.875,-33.228723075199355,141.08907248279553
B,B007_0.mat,vibration,4183.59375,-30.836593550346695,141.08907248279553
B,B007_0.mat,vibration,4195.3125,-29.24286661043088,141.08907248279553
B,B007_0.mat,vibration,4207.03125,-28.66149675286715,141.08907248279553
B,B007_0.mat,vibration,4218.75,-28.485954467038376,141.08907248279553
B,B007_0.mat,vibration,4230.46875,-28.297789467915194,141.08907248279553
B,B007_0.mat,vibration,4242.1875,-23.505695606786674,141.08907248279553
B,B007_0.mat,vibration,4253.90625,-13.164070381615877,141.08907248279553
B,B007_0.mat,vibration,4265.625,-14.78203383664702,141.08907248279553
B,B007_0.mat,vibration,4277.34375,-29.644403847980346,141.08907248279553
B,B007_0.mat,vibration,4289.0625,-32.383023631421345,141.08907248279553
B,B007_0.mat,vibration,4300.78125,-29.662975997834508,141.08907248279553
B,B007_0.mat,vibration,4312.5,-29.428209390693745,141.08907248279553
B,B007_0.mat,vibration,4324.21875,-30.17464633721962,141.08907248279553
B,B007_0.mat,vibration,4335.9375,-31.663656642093272,141.08907248279553
B,B007_0.mat,vibration,4347.65625,-33.19184566104655,141.08907248279553
B,B007_0.mat,vibration,4359.375,-32.85645521479345,141.08907248279553
B,B007_0.mat,vibration,4371.09375,-21.17524722964177,141.08907248279553
B,B007_0.mat,vibration,4382.8125,-20.467553974524726,141.08907248279553
B,B007_0.mat,vibration,4394.53125,-29.42143679161175,141.08907248279553
B,B007_0.mat,vibration,4406.25,-31.412904104578672,141.08907248279553
B,B007_0.mat,vibration,4417.96875,-31.89552616836076,141.08907248279553
B,B007_0.mat,vibration,4429.6875,-31.946527890453513,141.08907248279553
B,B007_0.mat,vibration,4441.40625,-32.258838890920195,141.08907248279553
B,B007_0.mat,vibration,4453.125,-30.012111044947876,141.08907248279553
B,B007_0.mat,vibration,4464.84375,-32.14026639763934,141.08907248279553
B,B007_0.mat,vibration,4476.5625,-32.25091677320198,141.08907248279553
B,B007_0.mat,vibration,4488.28125,-30.553046764771796,141.08907248279553
B,B007_0.mat,vibration,4500.0,-31.625237264937685,141.08907248279553
B,B007_0.mat,vibration,4511.71875,-29.790372932909026,141.08907248279553
B,B007_0.mat,vibration,4523.4375,-29.601849684407526,141.08907248279553
B,B007_0.mat,vibration,4535.15625,-29.770507380954395,141.08907248279553
B,B007_0.mat,vibration,4546.875,-29.75770216975144,141.08907248279553
B,B007_0.mat,vibration,4558.59375,-31.805601740215895,141.08907248279553
B,B007_0.mat,vibration,4570.3125,-33.477488468559145,141.08907248279553
B,B007_0.mat,vibration,4582.03125,-35.75671538149021,141.08907248279553
B,B007_0.mat,vibration,4593.75,-34.603070499099395,141.08907248279553
B,B007_0.mat,vibration,4605.46875,-35.74700886635736,141.08907248279553
B,B007_0.mat,vibration,4617.1875,-37.61636211116529,141.08907248279553
B,B007_0.mat,vibration,4628.90625,-40.3826569922377,141.08907248279553
B,B007_0.mat,vibration,4640.625,-40.374227637577846,141.08907248279553
B,B007_0.mat,vibration,4652.34375,-38.645070164040554,141.08907248279553
B,B007_0.mat,vibration,4664.0625,-38.046155925593126,141.08907248279553
B,B007_0.mat,vibration,4675.78125,-37.36635849159278,141.08907248279553
B,B007_0.mat,vibration,4687.5,-36.57525774579889,141.08907248279553
B,B007_0.mat,vibration,4699.21875,-38.39502004318572,141.08907248279553
B,B007_0.mat,vibration,4710.9375,-38.61438791170408,141.08907248279553
B,B007_0.mat,vibration,4722.65625,-39.14848202601972,141.08907248279553
B,B007_0.mat,vibration,4734.375,-41.520942277905846,141.08907248279553
B,B007_0.mat,vibration,4746.09375,-38.80179789529082,141.08907248279553
B,B007_0.mat,vibration,4757.8125,-34.23166105239819,141.08907248279553
B,B007_0.mat,vibration,4769.53125,-33.039957136068985,141.08907248279553
B,B007_0.mat,vibration,4781.25,-36.37165591139602,141.08907248279553
B,B007_0.mat,vibration,4792.96875,-38.944181571214344,141.08907248279553
B,B007_0.mat,vibration,4804.6875,-38.69082232436344,141.08907248279553
B,B007_0.mat,vibration,4816.40625,-35.48696942889575,141.08907248279553
B,B007_0.mat,vibration,4828.125,-36.40980556853803,141.08907248279553
B,B007_0.mat,vibration,4839.84375,-37.31144196788147,141.08907248279553
B,B007_0.mat,vibration,4851.5625,-37.37376137067812,141.08907248279553
B,B007_0.mat,vibration,4863.28125,-41.32826801635866,141.08907248279553
B,B007_0.mat,vibration,4875.0,-38.24823676464922,141.08907248279553
B,B007_0.mat,vibration,4886.71875,-39.2381073530059,141.08907248279553
B,B007_0.mat,vibration,4898.4375,-43.79231768405272,141.08907248279553
B,B007_0.mat,vibration,4910.15625,-40.98142380410157,141.08907248279553
B,B007_0.mat,vibration,4921.875,-42.724619954950626,141.08907248279553
B,B007_0.mat,vibration,4933.59375,-42.1440036728539,141.08907248279553
B,B007_0.mat,vibration,4945.3125,-40.912669361881804,141.08907248279553
B,B007_0.mat,vibration,4957.03125,-38.7609059181859,141.08907248279553
B,B007_0.mat,vibration,4968.75,-39.85762567887975,141.08907248279553
B,B007_0.mat,vibration,4980.46875,-40.76066029636258,141.08907248279553
B,B007_0.mat,vibration,4992.1875,-40.08319539731215,141.08907248279553
B,B007_0.mat,vibration,5003.90625,-40.593173655235866,141.08907248279553
B,B007_0.mat,vibration,5015.625,-40.180210162021304,141.08907248279553
B,B007_0.mat,vibration,5027.34375,-40.837851532082595,141.08907248279553
B,B007_0.mat,vibration,5039.0625,-41.373199064615555,141.08907248279553
B,B007_0.mat,vibration,5050.78125,-38.30692227967339,141.08907248279553
B,B007_0.mat,vibration,5062.5,-36.64122568202303,141.08907248279553
B,B007_0.mat,vibration,5074.21875,-36.64522687147425,141.08907248279553
B,B007_0.mat,vibration,5085.9375,-38.956262265248355,141.08907248279553
B,B007_0.mat,vibration,5097.65625,-38.45221072293356,141.08907248279553
B,B007_0.mat,vibration,5109.375,-39.64341163256553,141.08907248279553
B,B007_0.mat,vibration,5121.09375,-37.01518048562893,141.08907248279553
B,B007_0.mat,vibration,5132.8125,-34.238183364077315,141.08907248279553
B,B007_0.mat,vibration,5144.53125,-31.29963823820169,141.08907248279553
B,B007_0.mat,vibration,5156.25,-32.807766571737346,141.08907248279553
B,B007_0.mat,vibration,5167.96875,-36.657865746840905,141.08907248279553
B,B007_0.mat,vibration,5179.6875,-35.79432109546856,141.08907248279553
B,B007_0.mat,vibration,5191.40625,-35.23487587804829,141.08907248279553
B,B007_0.mat,vibration,5203.125,-33.3663111325962,141.08907248279553
B,B007_0.mat,vibration,5214.84375,-35.372108071699294,141.08907248279553
B,B007_0.mat,vibration,5226.5625,-38.18526159494859,141.08907248279553
B,B007_0.mat,vibration,5238.28125,-38.591682106357894,141.08907248279553
B,B007_0.mat,vibration,5250.0,-38.3217104991327,141.08907248279553
B,B007_0.mat,vibration,5261.71875,-34.29208772692357,141.08907248279553
B,B007_0.mat,vibration,5273.4375,-34.00657414749333,141.08907248279553
B,B007_0.mat,vibration,5285.15625,-35.91792989124639,141.08907248279553
B,B007_0.mat,vibration,5296.875,-34.319145742399975,141.08907248279553
B,B007_0.mat,vibration,5308.59375,-34.14655450910506,141.08907248279553
B,B007_0.mat,vibration,5320.3125,-36.66582077489566,141.08907248279553
B,B007_0.mat,vibration,5332.03125,-36.70441444850959,141.08907248279553
B,B007_0.mat,vibration,5343.75,-38.748664965139106,141.08907248279553
B,B007_0.mat,vibration,5355.46875,-36.52883423306317,141.08907248279553
B,B007_0.mat,vibration,5367.1875,-35.52153317334404,141.08907248279553
B,B007_0.mat,vibration,5378.90625,-37.90397857728396,141.08907248279553
B,B007_0.mat,vibration,5390.625,-37.59687644618856,141.08907248279553
B,B007_0.mat,vibration,5402.34375,-40.99032105096369,141.08907248279553
B,B007_0.mat,vibration,5414.0625,-36.64241048391003,141.08907248279553
B,B007_0.mat,vibration,5425.78125,-38.964483385119685,141.08907248279553
B,B007_0.mat,vibration,5437.5,-41.982942008821155,141.08907248279553
B,B007_0.mat,vibration,5449.21875,-39.862779092437364,141.08907248279553
B,B007_0.mat,vibration,5460.9375,-42.92642391130635,141.08907248279553
B,B007_0.mat,vibration,5472.65625,-40.993061927747625,141.08907248279553
B,B007_0.mat,vibration,5484.375,-41.829050522740864,141.08907248279553
B,B007_0.mat,vibration,5496.09375,-43.20454062848319,141.08907248279553
B,B007_0.mat,vibration,5507.8125,-42.433868204111896,141.08907248279553
B,B007_0.mat,vibration,5519.53125,-45.81385710748472,141.08907248279553
B,B007_0.mat,vibration,5531.25,-41.29345640949544,141.08907248279553
B,B007_0.mat,vibration,5542.96875,-41.38661583203783,141.08907248279553
B,B007_0.mat,vibration,5554.6875,-43.401663939025035,141.08907248279553
B,B007_0.mat,vibration,5566.40625,-38.497264775544664,141.08907248279553
B,B007_0.mat,vibration,5578.125,-41.2659248523434,141.08907248279553
B,B007_0.mat,vibration,5589.84375,-42.280306409825855,141.08907248279553
B,B007_0.mat,vibration,5601.5625,-42.008568568220035,141.08907248279553
B,B007_0.mat,vibration,5613.28125,-43.95710610463902,141.08907248279553
B,B007_0.mat,vibration,5625.0,-38.20663695727696,141.08907248279553
B,B007_0.mat,vibration,5636.71875,-41.044956358043066,141.08907248279553
B,B007_0.mat,vibration,5648.4375,-44.939536412864726,141.08907248279553
B,B007_0.mat,vibration,5660.15625,-43.120794233952566,141.08907248279553
B,B007_0.mat,vibration,5671.875,-43.41747626180778,141.08907248279553
B,B007_0.mat,vibration,5683.59375,-44.14120013242883,141.08907248279553
B,B007_0.mat,vibration,5695.3125,-43.71524698388437,141.08907248279553
B,B007_0.mat,vibration,5707.03125,-43.53798830004054,141.08907248279553
B,B007_0.mat,vibration,5718.75,-43.99631725691709,141.08907248279553
B,B007_0.mat,vibration,5730.46875,-46.491246574093424,141.08907248279553
B,B007_0.mat,vibration,5742.1875,-45.8349195218236,141.08907248279553
B,B007_0.mat,vibration,5753.90625,-44.586514763658926,141.08907248279553
B,B007_0.mat,vibration,5765.625,-42.61073621007035,141.08907248279553
B,B007_0.mat,vibration,5777.34375,-42.69534560023401,141.08907248279553
B,B007_0.mat,vibration,5789.0625,-46.49960046480886,141.08907248279553
B,B007_0.mat,vibration,5800.78125,-48.373312076740646,141.08907248279553
B,B007_0.mat,vibration,5812.5,-47.82147745952153,141.08907248279553
B,B007_0.mat,vibration,5824.21875,-48.83511494862772,141.08907248279553
B,B007_0.mat,vibration,5835.9375,-48.76777942837232,141.08907248279553
B,B007_0.mat,vibration,5847.65625,-49.411750757243254,141.08907248279553
B,B007_0.mat,vibration,5859.375,-48.656966818143374,141.08907248279553
B,B007_0.mat,vibration,5871.09375,-47.928447300728756,141.08907248279553
B,B007_0.mat,vibration,5882.8125,-46.54836856608041,141.08907248279553
B,B007_0.mat,vibration,5894.53125,-44.398326775280964,141.08907248279553
B,B007_0.mat,vibration,5906.25,-45.46968547300861,141.08907248279553
B,B007_0.mat,vibration,5917.96875,-47.489865711952966,141.08907248279553
B,B007_0.mat,vibration,5929.6875,-46.921078024960195,141.08907248279553
B,B007_0.mat,vibration,5941.40625,-44.7565979123009,141.08907248279553
B,B007_0.mat,vibration,5953.125,-46.12047378331833,141.08907248279553
B,B007_0.mat,vibration,5964.84375,-43.819190310405276,141.08907248279553
B,B007_0.mat,vibration,5976.5625,-42.43203047639494,141.08907248279553
B,B007_0.mat,vibration,5988.28125,-43.40433084691895,141.08907248279553
B,B007_0.mat,vibration,6000.0,-44.53861978916879,141.08907248279553
B,B007_0.mat,envelope,0.0,-19.656921283602205,141.08907248279553
B,B007_0.mat,envelope,1.0,-16.171377972626,141.08907248279553
B,B007_0.mat,envelope,2.0,-12.46281537383908,141.08907248279553
B,B007_0.mat,envelope,3.0,-6.0267489568793255,141.08907248279553
B,B007_0.mat,envelope,4.0,-9.067213058616602,141.08907248279553
B,B007_0.mat,envelope,5.0,-13.009370384339151,141.08907248279553
B,B007_0.mat,envelope,6.0,-8.421955576163633,141.08907248279553
B,B007_0.mat,envelope,7.0,-8.092747968898115,141.08907248279553
B,B007_0.mat,envelope,8.0,-12.260391165313447,141.08907248279553
B,B007_0.mat,envelope,9.0,-23.251625128081677,141.08907248279553
B,B007_0.mat,envelope,10.0,-20.575994828409407,141.08907248279553
B,B007_0.mat,envelope,11.0,-13.679974006266267,141.08907248279553
B,B007_0.mat,envelope,12.0,-5.652502679819031,141.08907248279553
B,B007_0.mat,envelope,13.0,-9.507233369855507,141.08907248279553
B,B007_0.mat,envelope,14.0,-11.818443595801176,141.08907248279553
B,B007_0.mat,envelope,15.0,-8.809774363755597,141.08907248279553
B,B007_0.mat,envelope,16.0,-11.488926857546124,141.08907248279553
B,B007_0.mat,envelope,17.0,-6.960812379737849,141.08907248279553
B,B007_0.mat,envelope,18.0,-4.250240709462947,141.08907248279553
B,B007_0.mat,envelope,19.0,-10.65316754730004,141.08907248279553
B,B007_0.mat,envelope,20.0,-6.900663378297591,141.08907248279553
B,B007_0.mat,envelope,21.0,-5.979303069352161,141.08907248279553
B,B007_0.mat,envelope,22.0,-11.799126942025534,141.08907248279553
B,B007_0.mat,envelope,23.0,-8.652485361265757,141.08907248279553
B,B007_0.mat,envelope,24.0,-4.378209947624551,141.08907248279553
B,B007_0.mat,envelope,25.0,-10.90697319230944,141.08907248279553
B,B007_0.mat,envelope,26.0,-17.5415090235909,141.08907248279553
B,B007_0.mat,envelope,27.0,-8.007070766626226,141.08907248279553
B,B007_0.mat,envelope,28.0,-13.698397899479648,141.08907248279553
B,B007_0.mat,envelope,29.0,-23.996993189456607,141.08907248279553
B,B007_0.mat,envelope,30.0,-9.293807622216569,141.08907248279553
B,B007_0.mat,envelope,31.0,-11.415211389959495,141.08907248279553
B,B007_0.mat,envelope,32.0,-10.55312434096819,141.08907248279553
B,B007_0.mat,envelope,33.0,-9.016284628679475,141.08907248279553
B,B007_0.mat,envelope,34.0,-12.555940506516187,141.08907248279553
B,B007_0.mat,envelope,35.0,-10.944027466895925,141.08907248279553
B,B007_0.mat,envelope,36.0,-13.072294875564134,141.08907248279553
B,B007_0.mat,envelope,37.0,-20.262665060844366,141.08907248279553
B,B007_0.mat,envelope,38.0,-9.723453472560585,141.08907248279553
B,B007_0.mat,envelope,39.0,-11.293144290785248,141.08907248279553
B,B007_0.mat,envelope,40.0,-14.457448637658782,141.08907248279553
B,B007_0.mat,envelope,41.0,-9.449649293386326,141.08907248279553
B,B007_0.mat,envelope,42.0,-4.3396458082571705,141.08907248279553
B,B007_0.mat,envelope,43.0,-9.071832205770045,141.08907248279553
B,B007_0.mat,envelope,44.0,-9.828941678762247,141.08907248279553
B,B007_0.mat,envelope,45.0,-7.306023181182454,141.08907248279553
B,B007_0.mat,envelope,46.0,-12.026490898085147,141.08907248279553
B,B007_0.mat,envelope,47.0,-3.551659781241805,141.08907248279553
B,B007_0.mat,envelope,48.0,-2.2806166197490656,141.08907248279553
B,B007_0.mat,envelope,49.0,-12.235063461360005,141.08907248279553
B,B007_0.mat,envelope,50.0,-12.981482003154039,141.08907248279553
B,B007_0.mat,envelope,51.0,-12.21424203704045,141.08907248279553
B,B007_0.mat,envelope,52.0,-15.547147936506091,141.08907248279553
B,B007_0.mat,envelope,53.0,-6.655314922655757,141.08907248279553
B,B007_0.mat,envelope,54.0,-3.6998551504002823,141.08907248279553
B,B007_0.mat,envelope,55.0,-10.241220904108001,141.08907248279553
B,B007_0.mat,envelope,56.0,-16.771089958774944,141.08907248279553
B,B007_0.mat,envelope,57.0,-10.930225415231451,141.08907248279553
B,B007_0.mat,envelope,58.0,-15.31806068819546,141.08907248279553
B,B007_0.mat,envelope,59.0,-6.186195678409813,141.08907248279553
B,B007_0.mat,envelope,60.0,-3.301899794555263,141.08907248279553
B,B007_0.mat,envelope,61.0,-7.014024821555994,141.08907248279553
B,B007_0.mat,envelope,62.0,-16.123907951868578,141.08907248279553
B,B007_0.mat,envelope,63.0,-17.406007970040935,141.08907248279553
B,B007_0.mat,envelope,64.0,-11.809512673866562,141.08907248279553
B,B007_0.mat,envelope,65.0,-9.128270549755396,141.08907248279553
B,B007_0.mat,envelope,66.0,-8.756948546293659,141.08907248279553
B,B007_0.mat,envelope,67.0,-27.522154696949425,141.08907248279553
B,B007_0.mat,envelope,68.0,-12.92750275177664,141.08907248279553
B,B007_0.mat,envelope,69.0,-19.83215477838385,141.08907248279553
B,B007_0.mat,envelope,70.0,-17.192808946894143,141.08907248279553
B,B007_0.mat,envelope,71.0,-13.375837616002979,141.08907248279553
B,B007_0.mat,envelope,72.0,-12.173277722626919,141.08907248279553
B,B007_0.mat,envelope,73.0,-16.076308488800116,141.08907248279553
B,B007_0.mat,envelope,74.0,-20.104613820844463,141.08907248279553
B,B007_0.mat,envelope,75.0,-12.929542731043568,141.08907248279553
B,B007_0.mat,envelope,76.0,-12.986719808762013,141.08907248279553
B,B007_0.mat,envelope,77.0,-7.502147793459427,141.08907248279553
B,B007_0.mat,envelope,78.0,-5.032436265390807,141.08907248279553
B,B007_0.mat,envelope,79.0,-11.076390261668386,141.08907248279553
B,B007_0.mat,envelope,80.0,-9.44465960441051,141.08907248279553
B,B007_0.mat,envelope,81.0,-16.14355965554591,141.08907248279553
B,B007_0.mat,envelope,82.0,-31.847340381049722,141.08907248279553
B,B007_0.mat,envelope,83.0,-10.452764810160268,141.08907248279553
B,B007_0.mat,envelope,84.0,-8.446050536620906,141.08907248279553
B,B007_0.mat,envelope,85.0,-16.67596362332842,141.08907248279553
B,B007_0.mat,envelope,86.0,-17.937819521653736,141.08907248279553
B,B007_0.mat,envelope,87.0,-10.372346404655561,141.08907248279553
B,B007_0.mat,envelope,88.0,-11.505275060061834,141.08907248279553
B,B007_0.mat,envelope,89.0,-12.643719832466925,141.08907248279553
B,B007_0.mat,envelope,90.0,-15.32293403660936,141.08907248279553
B,B007_0.mat,envelope,91.0,-25.249384427164443,141.08907248279553
B,B007_0.mat,envelope,92.0,-14.834333188052742,141.08907248279553
B,B007_0.mat,envelope,93.0,-7.790108444745465,141.08907248279553
B,B007_0.mat,envelope,94.0,-15.765148923110475,141.08907248279553
B,B007_0.mat,envelope,95.0,-16.707677120695465,141.08907248279553
B,B007_0.mat,envelope,96.0,-11.702354840073799,141.08907248279553
B,B007_0.mat,envelope,97.0,-13.511644420814154,141.08907248279553
B,B007_0.mat,envelope,98.0,-11.391331633417076,141.08907248279553
B,B007_0.mat,envelope,99.0,-12.234300070549718,141.08907248279553
B,B007_0.mat,envelope,100.0,-8.276688004570174,141.08907248279553
B,B007_0.mat,envelope,101.0,-5.876112493858593,141.08907248279553
B,B007_0.mat,envelope,102.0,-6.004111384184922,141.08907248279553
B,B007_0.mat,envelope,103.0,-14.6502078341814,141.08907248279553
B,B007_0.mat,envelope,104.0,-17.825583992371165,141.08907248279553
B,B007_0.mat,envelope,105.0,-17.345599513631583,141.08907248279553
B,B007_0.mat,envelope,106.0,-18.24424952912071,141.08907248279553
B,B007_0.mat,envelope,107.0,-5.687150957333608,141.08907248279553
B,B007_0.mat,envelope,108.0,-2.5004207994927107e-08,141.08907248279553
B,B007_0.mat,envelope,109.0,-5.824751423483425,141.08907248279553
B,B007_0.mat,envelope,110.0,-15.584331786837808,141.08907248279553
B,B007_0.mat,envelope,111.0,-17.448193103482883,141.08907248279553
B,B007_0.mat,envelope,112.0,-16.921759921967084,141.08907248279553
B,B007_0.mat,envelope,113.0,-11.451129594861287,141.08907248279553
B,B007_0.mat,envelope,114.0,-8.961008896596184,141.08907248279553
B,B007_0.mat,envelope,115.0,-15.04481295411383,141.08907248279553
B,B007_0.mat,envelope,116.0,-14.015844846540556,141.08907248279553
B,B007_0.mat,envelope,117.0,-9.06114238542437,141.08907248279553
B,B007_0.mat,envelope,118.0,-10.683813904276123,141.08907248279553
B,B007_0.mat,envelope,119.0,-4.126248076054438,141.08907248279553
B,B007_0.mat,envelope,120.0,-1.152750980427711,141.08907248279553
B,B007_0.mat,envelope,121.0,-10.693600259392849,141.08907248279553
B,B007_0.mat,envelope,122.0,-8.898285520833747,141.08907248279553
B,B007_0.mat,envelope,123.0,-11.197388149839592,141.08907248279553
B,B007_0.mat,envelope,124.0,-34.61054339782824,141.08907248279553
B,B007_0.mat,envelope,125.0,-15.171301946485936,141.08907248279553
B,B007_0.mat,envelope,126.0,-16.19810303325592,141.08907248279553
B,B007_0.mat,envelope,127.0,-13.907845999335493,141.08907248279553
B,B007_0.mat,envelope,128.0,-11.539096457475742,141.08907248279553
B,B007_0.mat,envelope,129.0,-14.70173575129117,141.08907248279553
B,B007_0.mat,envelope,130.0,-20.88055369189089,141.08907248279553
B,B007_0.mat,envelope,131.0,-18.269741912341498,141.08907248279553
B,B007_0.mat,envelope,132.0,-16.32632921953367,141.08907248279553
B,B007_0.mat,envelope,133.0,-50.74955116875758,141.08907248279553
B,B007_0.mat,envelope,134.0,-23.945604872590877,141.08907248279553
B,B007_0.mat,envelope,135.0,-16.943061071939564,141.08907248279553
B,B007_0.mat,envelope,136.0,-14.904965469540802,141.08907248279553
B,B007_0.mat,envelope,137.0,-18.53093568615317,141.08907248279553
B,B007_0.mat,envelope,138.0,-17.413773511891634,141.08907248279553
B,B007_0.mat,envelope,139.0,-11.823174764037523,141.08907248279553
B,B007_0.mat,envelope,140.0,-12.706564287788922,141.08907248279553
B,B007_0.mat,envelope,141.0,-17.578892973768664,141.08907248279553
B,B007_0.mat,envelope,142.0,-10.875650360557383,141.08907248279553
B,B007_0.mat,envelope,143.0,-5.503610437144899,141.08907248279553
B,B007_0.mat,envelope,144.0,-8.137326234369194,141.08907248279553
B,B007_0.mat,envelope,145.0,-22.184137848972945,141.08907248279553
B,B007_0.mat,envelope,146.0,-24.990049418653427,141.08907248279553
B,B007_0.mat,envelope,147.0,-26.46273414445637,141.08907248279553
B,B007_0.mat,envelope,148.0,-14.607483438390867,141.08907248279553
B,B007_0.mat,envelope,149.0,-10.26517112646953,141.08907248279553
B,B007_0.mat,envelope,150.0,-9.95642388671313,141.08907248279553
B,B007_0.mat,envelope,151.0,-21.29848908500245,141.08907248279553
B,B007_0.mat,envelope,152.0,-17.533908370402095,141.08907248279553
B,B007_0.mat,envelope,153.0,-7.833707590803842,141.08907248279553
B,B007_0.mat,envelope,154.0,-13.490981716110234,141.08907248279553
B,B007_0.mat,envelope,155.0,-5.150592986404266,141.08907248279553
B,B007_0.mat,envelope,156.0,-1.9586990476626676,141.08907248279553
B,B007_0.mat,envelope,157.0,-6.324789554811763,141.08907248279553
B,B007_0.mat,envelope,158.0,-7.263781955286537,141.08907248279553
B,B007_0.mat,envelope,159.0,-9.353114326893769,141.08907248279553
B,B007_0.mat,envelope,160.0,-16.628151924952935,141.08907248279553
B,B007_0.mat,envelope,161.0,-5.401952833364375,141.08907248279553
B,B007_0.mat,envelope,162.0,-2.569764593890667,141.08907248279553
B,B007_0.mat,envelope,163.0,-9.756712212645908,141.08907248279553
B,B007_0.mat,envelope,164.0,-13.51585130905317,141.08907248279553
B,B007_0.mat,envelope,165.0,-13.221124885501009,141.08907248279553
B,B007_0.mat,envelope,166.0,-15.546884419696452,141.08907248279553
B,B007_0.mat,envelope,167.0,-8.340074874942411,141.08907248279553
B,B007_0.mat,envelope,168.0,-7.824332911732235,141.08907248279553
B,B007_0.mat,envelope,169.0,-27.077630346552457,141.08907248279553
B,B007_0.mat,envelope,170.0,-16.49509085685076,141.08907248279553
B,B007_0.mat,envelope,171.0,-28.999532166401064,141.08907248279553
B,B007_0.mat,envelope,172.0,-21.91322114907758,141.08907248279553
B,B007_0.mat,envelope,173.0,-15.08436557972697,141.08907248279553
B,B007_0.mat,envelope,174.0,-13.850885758854556,141.08907248279553
B,B007_0.mat,envelope,175.0,-43.24632800596791,141.08907248279553
B,B007_0.mat,envelope,176.0,-12.915122020577325,141.08907248279553
B,B007_0.mat,envelope,177.0,-11.125322994409634,141.08907248279553
B,B007_0.mat,envelope,178.0,-29.14721761476338,141.08907248279553
B,B007_0.mat,envelope,179.0,-10.953447153362802,141.08907248279553
B,B007_0.mat,envelope,180.0,-9.354288079346535,141.08907248279553
B,B007_0.mat,envelope,181.0,-9.201484719536065,141.08907248279553
B,B007_0.mat,envelope,182.0,-8.861463031200806,141.08907248279553
B,B007_0.mat,envelope,183.0,-9.825306307604967,141.08907248279553
B,B007_0.mat,envelope,184.0,-15.862697930001149,141.08907248279553
B,B007_0.mat,envelope,185.0,-12.57275781729317,141.08907248279553
B,B007_0.mat,envelope,186.0,-13.00202407430357,141.08907248279553
B,B007_0.mat,envelope,187.0,-11.783432644877589,141.08907248279553
B,B007_0.mat,envelope,188.0,-6.4155589383130485,141.08907248279553
B,B007_0.mat,envelope,189.0,-9.702365243409547,141.08907248279553
B,B007_0.mat,envelope,190.0,-25.12534247335082,141.08907248279553
B,B007_0.mat,envelope,191.0,-16.79952742269816,141.08907248279553
B,B007_0.mat,envelope,192.0,-33.284643843202886,141.08907248279553
B,B007_0.mat,envelope,193.0,-24.00478009303,141.08907248279553
B,B007_0.mat,envelope,194.0,-13.830486012483904,141.08907248279553
B,B007_0.mat,envelope,195.0,-12.20760338483714,141.08907248279553
B,B007_0.mat,envelope,196.0,-24.741209817993575,141.08907248279553
B,B007_0.mat,envelope,197.0,-11.446350381181416,141.08907248279553
B,B007_0.mat,envelope,198.0,-22.87414368171218,141.08907248279553
B,B007_0.mat,envelope,199.0,-11.867885809310552,141.08907248279553
B,B007_0.mat,envelope,200.0,-10.851314021856144,141.08907248279553
B,B007_0.mat,envelope,201.0,-16.82236208702615,141.08907248279553
B,B007_0.mat,envelope,202.0,-21.736474293585584,141.08907248279553
B,B007_0.mat,envelope,203.0,-26.69184691297518,141.08907248279553
B,B007_0.mat,envelope,204.0,-25.775503818793048,141.08907248279553
B,B007_0.mat,envelope,205.0,-22.479338779280535,141.08907248279553
B,B007_0.mat,envelope,206.0,-17.799064059454203,141.08907248279553
B,B007_0.mat,envelope,207.0,-19.770622500009388,141.08907248279553
B,B007_0.mat,envelope,208.0,-20.507050616126786,141.08907248279553
B,B007_0.mat,envelope,209.0,-9.681324361310224,141.08907248279553
B,B007_0.mat,envelope,210.0,-12.96221493516779,141.08907248279553
B,B007_0.mat,envelope,211.0,-23.883582001949645,141.08907248279553
B,B007_0.mat,envelope,212.0,-19.628160554007003,141.08907248279553
B,B007_0.mat,envelope,213.0,-25.693061514787452,141.08907248279553
B,B007_0.mat,envelope,214.0,-7.5884211619059005,141.08907248279553
B,B007_0.mat,envelope,215.0,-0.40900716193923237,141.08907248279553
B,B007_0.mat,envelope,216.0,-2.6926173212434628,141.08907248279553
B,B007_0.mat,envelope,217.0,-13.772507248444708,141.08907248279553
B,B007_0.mat,envelope,218.0,-10.69501826811713,141.08907248279553
B,B007_0.mat,envelope,219.0,-12.843869306173623,141.08907248279553
B,B007_0.mat,envelope,220.0,-20.520607370883248,141.08907248279553
B,B007_0.mat,envelope,221.0,-22.422444837075272,141.08907248279553
B,B007_0.mat,envelope,222.0,-27.371651242193774,141.08907248279553
B,B007_0.mat,envelope,223.0,-22.00878926737691,141.08907248279553
B,B007_0.mat,envelope,224.0,-12.793720516553824,141.08907248279553
B,B007_0.mat,envelope,225.0,-8.833190396145078,141.08907248279553
B,B007_0.mat,envelope,226.0,-16.749705595166304,141.08907248279553
B,B007_0.mat,envelope,227.0,-8.175690269641345,141.08907248279553
B,B007_0.mat,envelope,228.0,-14.2680360629581,141.08907248279553
B,B007_0.mat,envelope,229.0,-20.958316268680353,141.08907248279553
B,B007_0.mat,envelope,230.0,-45.4167953102369,141.08907248279553
B,B007_0.mat,envelope,231.0,-14.110814305820934,141.08907248279553
B,B007_0.mat,envelope,232.0,-12.600557226093269,141.08907248279553
B,B007_0.mat,envelope,233.0,-11.701355411068201,141.08907248279553
B,B007_0.mat,envelope,234.0,-16.02016814259162,141.08907248279553
B,B007_0.mat,envelope,235.0,-23.87490297276426,141.08907248279553
B,B007_0.mat,envelope,236.0,-13.997129634523553,141.08907248279553
B,B007_0.mat,envelope,237.0,-14.335410279785226,141.08907248279553
B,B007_0.mat,envelope,238.0,-17.6615594479473,141.08907248279553
B,B007_0.mat,envelope,239.0,-9.453654449171996,141.08907248279553
B,B007_0.mat,envelope,240.0,-8.982878119877547,141.08907248279553
B,B007_0.mat,envelope,241.0,-9.829029791335952,141.08907248279553
B,B007_0.mat,envelope,242.0,-8.18283498310446,141.08907248279553
B,B007_0.mat,envelope,243.0,-13.933071544117617,141.08907248279553
B,B007_0.mat,envelope,244.0,-14.147984926209352,141.08907248279553
B,B007_0.mat,envelope,245.0,-7.036239339241355,141.08907248279553
B,B007_0.mat,envelope,246.0,-13.674529437585969,141.08907248279553
B,B007_0.mat,envelope,247.0,-13.558500794730277,141.08907248279553
B,B007_0.mat,envelope,248.0,-9.321898505937142,141.08907248279553
B,B007_0.mat,envelope,249.0,-10.915049811789576,141.08907248279553
B,B007_0.mat,envelope,250.0,-12.553585951300303,141.08907248279553
B,B007_0.mat,envelope,251.0,-14.569535304158315,141.08907248279553
B,B007_0.mat,envelope,252.0,-19.285090216701192,141.08907248279553
B,B007_0.mat,envelope,253.0,-17.906354603290318,141.08907248279553
B,B007_0.mat,envelope,254.0,-14.282293615578762,141.08907248279553
B,B007_0.mat,envelope,255.0,-18.831043148777614,141.08907248279553
B,B007_0.mat,envelope,256.0,-11.412372788014768,141.08907248279553
B,B007_0.mat,envelope,257.0,-8.869674060952153,141.08907248279553
B,B007_0.mat,envelope,258.0,-10.336976888503855,141.08907248279553
B,B007_0.mat,envelope,259.0,-10.277302512197648,141.08907248279553
B,B007_0.mat,envelope,260.0,-11.536814884288514,141.08907248279553
B,B007_0.mat,envelope,261.0,-15.338542897770825,141.08907248279553
B,B007_0.mat,envelope,262.0,-13.793124282520612,141.08907248279553
B,B007_0.mat,envelope,263.0,-22.922418383548063,141.08907248279553
B,B007_0.mat,envelope,264.0,-34.45935897569738,141.08907248279553
B,B007_0.mat,envelope,265.0,-23.02686350176746,141.08907248279553
B,B007_0.mat,envelope,266.0,-18.021814422869788,141.08907248279553
B,B007_0.mat,envelope,267.0,-23.280361827116224,141.08907248279553
B,B007_0.mat,envelope,268.0,-16.31138371392082,141.08907248279553
B,B007_0.mat,envelope,269.0,-12.617628497068798,141.08907248279553
B,B007_0.mat,envelope,270.0,-14.898065896723537,141.08907248279553
B,B007_0.mat,envelope,271.0,-17.62089948265446,141.08907248279553
B,B007_0.mat,envelope,272.0,-14.837632169438306,141.08907248279553
B,B007_0.mat,envelope,273.0,-23.478579061879987,141.08907248279553
B,B007_0.mat,envelope,274.0,-31.640634657759318,141.08907248279553
B,B007_0.mat,envelope,275.0,-9.41023558683988,141.08907248279553
B,B007_0.mat,envelope,276.0,-9.820726861925523,141.08907248279553
B,B007_0.mat,envelope,277.0,-24.626991357646002,141.08907248279553
B,B007_0.mat,envelope,278.0,-14.65200044694836,141.08907248279553
B,B007_0.mat,envelope,279.0,-16.0098974983423,141.08907248279553
B,B007_0.mat,envelope,280.0,-25.759900649152613,141.08907248279553
B,B007_0.mat,envelope,281.0,-11.662366816520805,141.08907248279553
B,B007_0.mat,envelope,282.0,-11.744949057444583,141.08907248279553
B,B007_0.mat,envelope,283.0,-18.886821877763506,141.08907248279553
B,B007_0.mat,envelope,284.0,-24.76063085134693,141.08907248279553
B,B007_0.mat,envelope,285.0,-24.328553922507066,141.08907248279553
B,B007_0.mat,envelope,286.0,-22.010009937829004,141.08907248279553
B,B007_0.mat,envelope,287.0,-12.27240193033175,141.08907248279553
B,B007_0.mat,envelope,288.0,-11.150732259623698,141.08907248279553
B,B007_0.mat,envelope,289.0,-28.72346252246462,141.08907248279553
B,B007_0.mat,envelope,290.0,-13.682325211975325,141.08907248279553
B,B007_0.mat,envelope,291.0,-19.83544474902573,141.08907248279553
B,B007_0.mat,envelope,292.0,-13.470679405785278,141.08907248279553
B,B007_0.mat,envelope,293.0,-20.65993378191441,141.08907248279553
B,B007_0.mat,envelope,294.0,-19.250240143724554,141.08907248279553
B,B007_0.mat,envelope,295.0,-23.163902538916197,141.08907248279553
B,B007_0.mat,envelope,296.0,-15.59490126689019,141.08907248279553
B,B007_0.mat,envelope,297.0,-11.343815021407352,141.08907248279553
B,B007_0.mat,envelope,298.0,-12.73961867665826,141.08907248279553
B,B007_0.mat,envelope,299.0,-19.355195130873174,141.08907248279553
B,B007_0.mat,envelope,300.0,-12.281837640411569,141.08907248279553
B,B007_0.mat,envelope,301.0,-11.899874873098824,141.08907248279553
B,B007_0.mat,envelope,302.0,-9.069414403923957,141.08907248279553
B,B007_0.mat,envelope,303.0,-10.78194015282943,141.08907248279553
B,B007_0.mat,envelope,304.0,-32.06652066740727,141.08907248279553
B,B007_0.mat,envelope,305.0,-20.145931985196334,141.08907248279553
B,B007_0.mat,envelope,306.0,-25.885454279430775,141.08907248279553
B,B007_0.mat,envelope,307.0,-21.78816141904379,141.08907248279553
B,B007_0.mat,envelope,308.0,-23.21917863731985,141.08907248279553
B,B007_0.mat,envelope,309.0,-23.83149809081297,141.08907248279553
B,B007_0.mat,envelope,310.0,-16.335545272170698,141.08907248279553
B,B007_0.mat,envelope,311.0,-10.728549119209818,141.08907248279553
B,B007_0.mat,envelope,312.0,-13.536831527479373,141.08907248279553
B,B007_0.mat,envelope,313.0,-10.31606587814017,141.08907248279553
B,B007_0.mat,envelope,314.0,-5.6416375171348,141.08907248279553
B,B007_0.mat,envelope,315.0,-10.174715734471643,141.08907248279553
B,B007_0.mat,envelope,316.0,-21.25826114575007,141.08907248279553
B,B007_0.mat,envelope,317.0,-29.27398036990351,141.08907248279553
B,B007_0.mat,envelope,318.0,-13.672634099316813,141.08907248279553
B,B007_0.mat,envelope,319.0,-13.417499949654523,141.08907248279553
B,B007_0.mat,envelope,320.0,-14.138872196337593,141.08907248279553
B,B007_0.mat,envelope,321.0,-15.550785292774606,141.08907248279553
B,B007_0.mat,envelope,322.0,-13.205949708502674,141.08907248279553
B,B007_0.mat,envelope,323.0,-7.00830762426844,141.08907248279553
B,B007_0.mat,envelope,324.0,-11.752534404909362,141.08907248279553
B,B007_0.mat,envelope,325.0,-14.1968791476897,141.08907248279553
B,B007_0.mat,envelope,326.0,-11.457844842052381,141.08907248279553
B,B007_0.mat,envelope,327.0,-17.205368039020176,141.08907248279553
B,B007_0.mat,envelope,328.0,-25.655268013182496,141.08907248279553
B,B007_0.mat,envelope,329.0,-11.784071864311763,141.08907248279553
B,B007_0.mat,envelope,330.0,-15.183994135918121,141.08907248279553
B,B007_0.mat,envelope,331.0,-21.934160043099304,141.08907248279553
B,B007_0.mat,envelope,332.0,-9.299010636111309,141.08907248279553
B,B007_0.mat,envelope,333.0,-7.39332186546116,141.08907248279553
B,B007_0.mat,envelope,334.0,-7.297576893683626,141.08907248279553
B,B007_0.mat,envelope,335.0,-4.436987847278812,141.08907248279553
B,B007_0.mat,envelope,336.0,-10.902564210756845,141.08907248279553
B,B007_0.mat,envelope,337.0,-12.644834675524393,141.08907248279553
B,B007_0.mat,envelope,338.0,-12.193975925327315,141.08907248279553
B,B007_0.mat,envelope,339.0,-16.263688873390034,141.08907248279553
B,B007_0.mat,envelope,340.0,-27.14351547404484,141.08907248279553
B,B007_0.mat,envelope,341.0,-18.960208994836446,141.08907248279553
B,B007_0.mat,envelope,342.0,-18.133486848489053,141.08907248279553
B,B007_0.mat,envelope,343.0,-17.706990028271502,141.08907248279553
B,B007_0.mat,envelope,344.0,-9.948119385457542,141.08907248279553
B,B007_0.mat,envelope,345.0,-9.521596444411967,141.08907248279553
B,B007_0.mat,envelope,346.0,-16.17903923553757,141.08907248279553
B,B007_0.mat,envelope,347.0,-24.9442862412058,141.08907248279553
B,B007_0.mat,envelope,348.0,-28.54222259161152,141.08907248279553
B,B007_0.mat,envelope,349.0,-15.66540903597199,141.08907248279553
B,B007_0.mat,envelope,350.0,-9.260235551936836,141.08907248279553
B,B007_0.mat,envelope,351.0,-14.139141516961352,141.08907248279553
B,B007_0.mat,envelope,352.0,-14.142462872228936,141.08907248279553
B,B007_0.mat,envelope,353.0,-9.61087383784196,141.08907248279553
B,B007_0.mat,envelope,354.0,-13.3016839112442,141.08907248279553
B,B007_0.mat,envelope,355.0,-13.94828626604607,141.08907248279553
B,B007_0.mat,envelope,356.0,-10.844415525058288,141.08907248279553
B,B007_0.mat,envelope,357.0,-13.170832631176335,141.08907248279553
B,B007_0.mat,envelope,358.0,-21.513612960034628,141.08907248279553
B,B007_0.mat,envelope,359.0,-10.637758200269161,141.08907248279553
B,B007_0.mat,envelope,360.0,-16.123732220915638,141.08907248279553
B,B007_0.mat,envelope,361.0,-24.22195612090387,141.08907248279553
B,B007_0.mat,envelope,362.0,-14.33416773913628,141.08907248279553
B,B007_0.mat,envelope,363.0,-16.750083058800545,141.08907248279553
B,B007_0.mat,envelope,364.0,-14.981547073095435,141.08907248279553
B,B007_0.mat,envelope,365.0,-23.29466701264938,141.08907248279553
B,B007_0.mat,envelope,366.0,-30.47306982649542,141.08907248279553
B,B007_0.mat,envelope,367.0,-18.867968543166185,141.08907248279553
B,B007_0.mat,envelope,368.0,-21.975557406092353,141.08907248279553
B,B007_0.mat,envelope,369.0,-26.608677512125006,141.08907248279553
B,B007_0.mat,envelope,370.0,-15.743909776844982,141.08907248279553
B,B007_0.mat,envelope,371.0,-18.556440736199693,141.08907248279553
B,B007_0.mat,envelope,372.0,-36.058679336998615,141.08907248279553
B,B007_0.mat,envelope,373.0,-17.285628243239273,141.08907248279553
B,B007_0.mat,envelope,374.0,-12.090910790826904,141.08907248279553
B,B007_0.mat,envelope,375.0,-15.762517482177325,141.08907248279553
B,B007_0.mat,envelope,376.0,-15.570236097143415,141.08907248279553
B,B007_0.mat,envelope,377.0,-15.413707565511656,141.08907248279553
B,B007_0.mat,envelope,378.0,-17.616779955472136,141.08907248279553
B,B007_0.mat,envelope,379.0,-10.795660914215876,141.08907248279553
B,B007_0.mat,envelope,380.0,-14.111611416937036,141.08907248279553
B,B007_0.mat,envelope,381.0,-18.83105210573637,141.08907248279553
B,B007_0.mat,envelope,382.0,-15.031365607153667,141.08907248279553
B,B007_0.mat,envelope,383.0,-11.033966155964139,141.08907248279553
B,B007_0.mat,envelope,384.0,-19.54899600295199,141.08907248279553
B,B007_0.mat,envelope,385.0,-20.382337347478163,141.08907248279553
B,B007_0.mat,envelope,386.0,-10.182210083601023,141.08907248279553
B,B007_0.mat,envelope,387.0,-11.95122862995385,141.08907248279553
B,B007_0.mat,envelope,388.0,-19.588702899557898,141.08907248279553
B,B007_0.mat,envelope,389.0,-10.264296423174066,141.08907248279553
B,B007_0.mat,envelope,390.0,-16.05075455423475,141.08907248279553
B,B007_0.mat,envelope,391.0,-21.822132695647277,141.08907248279553
B,B007_0.mat,envelope,392.0,-14.993353680862162,141.08907248279553
B,B007_0.mat,envelope,393.0,-18.278547308352383,141.08907248279553
B,B007_0.mat,envelope,394.0,-28.792253726010358,141.08907248279553
B,B007_0.mat,envelope,395.0,-15.141169901983906,141.08907248279553
B,B007_0.mat,envelope,396.0,-13.819599157830837,141.08907248279553
B,B007_0.mat,envelope,397.0,-12.823012823059084,141.08907248279553
B,B007_0.mat,envelope,398.0,-15.956906487808023,141.08907248279553
B,B007_0.mat,envelope,399.0,-24.652769116290642,141.08907248279553
B,B007_0.mat,envelope,400.0,-12.802771682806766,141.08907248279553
B,B007_0.mat,envelope,401.0,-9.194040969062794,141.08907248279553
B,B007_0.mat,envelope,402.0,-12.487456045959423,141.08907248279553
B,B007_0.mat,envelope,403.0,-15.814554860981607,141.08907248279553
B,B007_0.mat,envelope,404.0,-17.53437497174105,141.08907248279553
B,B007_0.mat,envelope,405.0,-14.281176701237655,141.08907248279553
B,B007_0.mat,envelope,406.0,-16.34591927683094,141.08907248279553
B,B007_0.mat,envelope,407.0,-15.620218074054822,141.08907248279553
B,B007_0.mat,envelope,408.0,-17.986267031513457,141.08907248279553
B,B007_0.mat,envelope,409.0,-30.669338652202242,141.08907248279553
B,B007_0.mat,envelope,410.0,-21.402338371932473,141.08907248279553
B,B007_0.mat,envelope,411.0,-23.01293647116246,141.08907248279553
B,B007_0.mat,envelope,412.0,-21.803503575656787,141.08907248279553
B,B007_0.mat,envelope,413.0,-12.967307547138692,141.08907248279553
B,B007_0.mat,envelope,414.0,-18.114732737675848,141.08907248279553
B,B007_0.mat,envelope,415.0,-17.201668779169083,141.08907248279553
B,B007_0.mat,envelope,416.0,-14.044603052502469,141.08907248279553
B,B007_0.mat,envelope,417.0,-18.37679814147387,141.08907248279553
B,B007_0.mat,envelope,418.0,-16.928544514562773,141.08907248279553
B,B007_0.mat,envelope,419.0,-13.176068387728838,141.08907248279553
B,B007_0.mat,envelope,420.0,-16.196965236553787,141.08907248279553
B,B007_0.mat,envelope,421.0,-12.934552267226609,141.08907248279553
B,B007_0.mat,envelope,422.0,-11.63282736728667,141.08907248279553
B,B007_0.mat,envelope,423.0,-13.141350270534339,141.08907248279553
B,B007_0.mat,envelope,424.0,-14.212728475725907,141.08907248279553
B,B007_0.mat,envelope,425.0,-11.604037484835546,141.08907248279553
B,B007_0.mat,envelope,426.0,-18.02966387577079,141.08907248279553
B,B007_0.mat,envelope,427.0,-14.857061685918646,141.08907248279553
B,B007_0.mat,envelope,428.0,-8.188822774685274,141.08907248279553
B,B007_0.mat,envelope,429.0,-12.123985442233831,141.08907248279553
B,B007_0.mat,envelope,430.0,-20.485199641474566,141.08907248279553
B,B007_0.mat,envelope,431.0,-17.8743461073313,141.08907248279553
B,B007_0.mat,envelope,432.0,-14.577291116901081,141.08907248279553
B,B007_0.mat,envelope,433.0,-7.137828101319434,141.08907248279553
B,B007_0.mat,envelope,434.0,-5.462796575897232,141.08907248279553
B,B007_0.mat,envelope,435.0,-14.66155398751919,141.08907248279553
B,B007_0.mat,envelope,436.0,-16.361808981369666,141.08907248279553
B,B007_0.mat,envelope,437.0,-12.025141537522973,141.08907248279553
B,B007_0.mat,envelope,438.0,-14.108671017511256,141.08907248279553
B,B007_0.mat,envelope,439.0,-16.53734527030625,141.08907248279553
B,B007_0.mat,envelope,440.0,-17.593652069458436,141.08907248279553
B,B007_0.mat,envelope,441.0,-17.484623093540474,141.08907248279553
B,B007_0.mat,envelope,442.0,-14.715048022304572,141.08907248279553
B,B007_0.mat,envelope,443.0,-11.182540760167788,141.08907248279553
B,B007_0.mat,envelope,444.0,-21.74335696986458,141.08907248279553
B,B007_0.mat,envelope,445.0,-11.133828289772064,141.08907248279553
B,B007_0.mat,envelope,446.0,-11.556576326377115,141.08907248279553
B,B007_0.mat,envelope,447.0,-13.00097336162442,141.08907248279553
B,B007_0.mat,envelope,448.0,-11.39750689938792,141.08907248279553
B,B007_0.mat,envelope,449.0,-17.164203387261026,141.08907248279553
B,B007_0.mat,envelope,450.0,-16.00303336453414,141.08907248279553
B,B007_0.mat,envelope,451.0,-12.629313518709528,141.08907248279553
B,B007_0.mat,envelope,452.0,-11.0927925138054,141.08907248279553
B,B007_0.mat,envelope,453.0,-12.368799691285822,141.08907248279553
B,B007_0.mat,envelope,454.0,-12.923033039786702,141.08907248279553
B,B007_0.mat,envelope,455.0,-12.99030472624818,141.08907248279553
B,B007_0.mat,envelope,456.0,-15.923268900171392,141.08907248279553
B,B007_0.mat,envelope,457.0,-11.25804033434568,141.08907248279553
B,B007_0.mat,envelope,458.0,-7.496931283829201,141.08907248279553
B,B007_0.mat,envelope,459.0,-10.49202185042039,141.08907248279553
B,B007_0.mat,envelope,460.0,-29.103787166632316,141.08907248279553
B,B007_0.mat,envelope,461.0,-17.044924843515492,141.08907248279553
B,B007_0.mat,envelope,462.0,-14.15830648574608,141.08907248279553
B,B007_0.mat,envelope,463.0,-7.601460393475847,141.08907248279553
B,B007_0.mat,envelope,464.0,-8.728417406086939,141.08907248279553
B,B007_0.mat,envelope,465.0,-19.985066383296715,141.08907248279553
B,B007_0.mat,envelope,466.0,-9.599279573568428,141.08907248279553
B,B007_0.mat,envelope,467.0,-6.020415289192269,141.08907248279553
B,B007_0.mat,envelope,468.0,-11.427003855070797,141.08907248279553
B,B007_0.mat,envelope,469.0,-30.703298852171834,141.08907248279553
B,B007_0.mat,envelope,470.0,-19.345298954183797,141.08907248279553
B,B007_0.mat,envelope,471.0,-25.274459223129135,141.08907248279553
B,B007_0.mat,envelope,472.0,-23.64375501226656,141.08907248279553
B,B007_0.mat,envelope,473.0,-24.321184654517044,141.08907248279553
B,B007_0.mat,envelope,474.0,-14.744311044427452,141.08907248279553
B,B007_0.mat,envelope,475.0,-11.851062410481008,141.08907248279553
B,B007_0.mat,envelope,476.0,-23.182294928951848,141.08907248279553
B,B007_0.mat,envelope,477.0,-13.131896115555906,141.08907248279553
B,B007_0.mat,envelope,478.0,-14.531400274983728,141.08907248279553
B,B007_0.mat,envelope,479.0,-25.462113239257505,141.08907248279553
B,B007_0.mat,envelope,480.0,-23.298137887925165,141.08907248279553
B,B007_0.mat,envelope,481.0,-17.421762340892766,141.08907248279553
B,B007_0.mat,envelope,482.0,-15.484353248176262,141.08907248279553
B,B007_0.mat,envelope,483.0,-21.618245827167975,141.08907248279553
B,B007_0.mat,envelope,484.0,-11.227033080789479,141.08907248279553
B,B007_0.mat,envelope,485.0,-11.540407042984198,141.08907248279553
B,B007_0.mat,envelope,486.0,-17.886814561535864,141.08907248279553
B,B007_0.mat,envelope,487.0,-20.876582600074922,141.08907248279553
B,B007_0.mat,envelope,488.0,-26.614559306657135,141.08907248279553
B,B007_0.mat,envelope,489.0,-23.941026066606316,141.08907248279553
B,B007_0.mat,envelope,490.0,-25.367717536419164,141.08907248279553
B,B007_0.mat,envelope,491.0,-21.757078331541273,141.08907248279553
B,B007_0.mat,envelope,492.0,-16.146893247778948,141.08907248279553
B,B007_0.mat,envelope,493.0,-11.731752485826375,141.08907248279553
B,B007_0.mat,envelope,494.0,-17.007288321544856,141.08907248279553
B,B007_0.mat,envelope,495.0,-19.306441208280006,141.08907248279553
B,B007_0.mat,envelope,496.0,-8.407929364139001,141.08907248279553
B,B007_0.mat,envelope,497.0,-9.798188172760968,141.08907248279553
B,B007_0.mat,envelope,498.0,-19.27349142203913,141.08907248279553
B,B007_0.mat,envelope,499.0,-15.207473258119531,141.08907248279553
B,B007_0.mat,envelope,500.0,-27.467850001870346,141.08907248279553
N,N_1_(1772rpm).mat,vibration,0.0,-35.99354691986653,
N,N_1_(1772rpm).mat,vibration,11.71875,-33.783256446792066,
N,N_1_(1772rpm).mat,vibration,23.4375,-36.95956346175493,
N,N_1_(1772rpm).mat,vibration,35.15625,-39.6819755961806,
N,N_1_(1772rpm).mat,vibration,46.875,-39.10112104033196,
N,N_1_(1772rpm).mat,vibration,58.59375,-35.0507328845476,
N,N_1_(1772rpm).mat,vibration,70.3125,-39.39747304537936,
N,N_1_(1772rpm).mat,vibration,82.03125,-36.916651649052,
N,N_1_(1772rpm).mat,vibration,93.75,-35.38516999548684,
N,N_1_(1772rpm).mat,vibration,105.46875,-29.88893452005498,
N,N_1_(1772rpm).mat,vibration,117.1875,-22.724324531211604,
N,N_1_(1772rpm).mat,vibration,128.90625,-22.770286867288554,
N,N_1_(1772rpm).mat,vibration,140.625,-18.976091018030395,
N,N_1_(1772rpm).mat,vibration,152.34375,-12.753480879582746,
N,N_1_(1772rpm).mat,vibration,164.0625,-12.191282845966185,
N,N_1_(1772rpm).mat,vibration,175.78125,-19.408947732992495,
N,N_1_(1772rpm).mat,vibration,187.5,-15.746530710189957,
N,N_1_(1772rpm).mat,vibration,199.21875,-18.907134044641285,
N,N_1_(1772rpm).mat,vibration,210.9375,-27.513845489395024,
N,N_1_(1772rpm).mat,vibration,222.65625,-22.93488494253126,
N,N_1_(1772rpm).mat,vibration,234.375,-15.862075531270698,
N,N_1_(1772rpm).mat,vibration,246.09375,-17.3667708417465,
N,N_1_(1772rpm).mat,vibration,257.8125,-21.39444255992981,
N,N_1_(1772rpm).mat,vibration,269.53125,-22.634811073630186,
N,N_1_(1772rpm).mat,vibration,281.25,-23.576045179245348,
N,N_1_(1772rpm).mat,vibration,292.96875,-19.97428390393758,
N,N_1_(1772rpm).mat,vibration,304.6875,-21.558886329746137,
N,N_1_(1772rpm).mat,vibration,316.40625,-24.449299398815008,
N,N_1_(1772rpm).mat,vibration,328.125,-18.712889901217267,
N,N_1_(1772rpm).mat,vibration,339.84375,-18.28205720378833,
N,N_1_(1772rpm).mat,vibration,351.5625,-2.4185556044745464,
N,N_1_(1772rpm).mat,vibration,363.28125,-1.160511303328004e-07,
N,N_1_(1772rpm).mat,vibration,375.0,-8.788910366403162,
N,N_1_(1772rpm).mat,vibration,386.71875,-14.605341845860815,
N,N_1_(1772rpm).mat,vibration,398.4375,-14.963540359872884,
N,N_1_(1772rpm).mat,vibration,410.15625,-9.829087848396567,
N,N_1_(1772rpm).mat,vibration,421.875,-7.282979829187537,
N,N_1_(1772rpm).mat,vibration,433.59375,-14.334276507475067,
N,N_1_(1772rpm).mat,vibration,445.3125,-17.260397680784784,
N,N_1_(1772rpm).mat,vibration,457.03125,-22.079941728122733,
N,N_1_(1772rpm).mat,vibration,468.75,-15.620154930931667,
N,N_1_(1772rpm).mat,vibration,480.46875,-13.910349170491585,
N,N_1_(1772rpm).mat,vibration,492.1875,-15.845056147588982,
N,N_1_(1772rpm).mat,vibration,503.90625,-14.721889091749077,
N,N_1_(1772rpm).mat,vibration,515.625,-17.224244250018696,
N,N_1_(1772rpm).mat,vibration,527.34375,-10.054242086549399,
N,N_1_(1772rpm).mat,vibration,539.0625,-9.231229895177663,
N,N_1_(1772rpm).mat,vibration,550.78125,-12.907276241843228,
N,N_1_(1772rpm).mat,vibration,562.5,-11.735827440413706,
N,N_1_(1772rpm).mat,vibration,574.21875,-14.114164162758625,
N,N_1_(1772rpm).mat,vibration,585.9375,-14.529705114984022,
N,N_1_(1772rpm).mat,vibration,597.65625,-14.863132927648447,
N,N_1_(1772rpm).mat,vibration,609.375,-18.69240763748853,
N,N_1_(1772rpm).mat,vibration,621.09375,-15.59077948582436,
N,N_1_(1772rpm).mat,vibration,632.8125,-10.322995967887689,
N,N_1_(1772rpm).mat,vibration,644.53125,-11.832368719733728,
N,N_1_(1772rpm).mat,vibration,656.25,-21.659596582849773,
N,N_1_(1772rpm).mat,vibration,667.96875,-21.27119278816519,
N,N_1_(1772rpm).mat,vibration,679.6875,-16.300764421626944,
N,N_1_(1772rpm).mat,vibration,691.40625,-17.229732642946082,
N,N_1_(1772rpm).mat,vibration,703.125,-18.140271911566014,
N,N_1_(1772rpm).mat,vibration,714.84375,-14.364883592761677,
N,N_1_(1772rpm).mat,vibration,726.5625,-14.580261094451487,
N,N_1_(1772rpm).mat,vibration,738.28125,-15.515854713444293,
N,N_1_(1772rpm).mat,vibration,750.0,-18.730938126639245,
N,N_1_(1772rpm).mat,vibration,761.71875,-25.552294594350734,
N,N_1_(1772rpm).mat,vibration,773.4375,-27.10699100959119,
N,N_1_(1772rpm).mat,vibration,785.15625,-32.70478906713686,
N,N_1_(1772rpm).mat,vibration,796.875,-28.916178142214342,
N,N_1_(1772rpm).mat,vibration,808.59375,-29.06901621341243,
N,N_1_(1772rpm).mat,vibration,820.3125,-27.635482843496447,
N,N_1_(1772rpm).mat,vibration,832.03125,-23.605335488882865,
N,N_1_(1772rpm).mat,vibration,843.75,-21.058225099846887,
N,N_1_(1772rpm).mat,vibration,855.46875,-17.122346996954636,
N,N_1_(1772rpm).mat,vibration,867.1875,-24.759138548221443,
N,N_1_(1772rpm).mat,vibration,878.90625,-35.285150706131134,
N,N_1_(1772rpm).mat,vibration,890.625,-35.444068423834025,
N,N_1_(1772rpm).mat,vibration,902.34375,-33.420683471853415,
N,N_1_(1772rpm).mat,vibration,914.0625,-32.937239890086296,
N,N_1_(1772rpm).mat,vibration,925.78125,-29.11905119198558,
N,N_1_(1772rpm).mat,vibration,937.5,-23.463463522091253,
N,N_1_(1772rpm).mat,vibration,949.21875,-12.630198798869154,
N,N_1_(1772rpm).mat,vibration,960.9375,-8.47362773427727,
N,N_1_(1772rpm).mat,vibration,972.65625,-15.073969548811284,
N,N_1_(1772rpm).mat,vibration,984.375,-23.229165051176324,
N,N_1_(1772rpm).mat,vibration,996.09375,-21.623569668276925,
N,N_1_(1772rpm).mat,vibration,1007.8125,-23.2693639075691,
N,N_1_(1772rpm).mat,vibration,1019.53125,-27.353046402239837,
N,N_1_(1772rpm).mat,vibration,1031.25,-22.503183796177538,
N,N_1_(1772rpm).mat,vibration,1042.96875,-21.016874642627187,
N,N_1_(1772rpm).mat,vibration,1054.6875,-9.67590586129091,
N,N_1_(1772rpm).mat,vibration,1066.40625,-10.481666556370893,
N,N_1_(1772rpm).mat,vibration,1078.125,-22.746223852214857,
N,N_1_(1772rpm).mat,vibration,1089.84375,-19.607305356877113,
N,N_1_(1772rpm).mat,vibration,1101.5625,-22.941414982065332,
N,N_1_(1772rpm).mat,vibration,1113.28125,-17.69949337666483,
N,N_1_(1772rpm).mat,vibration,1125.0,-18.81977421837416,
N,N_1_(1772rpm).mat,vibration,1136.71875,-28.82564964071825,
N,N_1_(1772rpm).mat,vibration,1148.4375,-29.07245990490143,
N,N_1_(1772rpm).mat,vibration,1160.15625,-26.567743438714867,
N,N_1_(1772rpm).mat,vibration,1171.875,-19.325033081183992,
N,N_1_(1772rpm).mat,vibration,1183.59375,-20.869972053282538,
N,N_1_(1772rpm).mat,vibration,1195.3125,-31.660314212427206,
N,N_1_(1772rpm).mat,vibration,1207.03125,-31.23644947336747,
N,N_1_(1772rpm).mat,vibration,1218.75,-28.42100737243157,
N,N_1_(1772rpm).mat,vibration,1230.46875,-28.960259634777042,
N,N_1_(1772rpm).mat,vibration,1242.1875,-28.441381144488766,
N,N_1_(1772rpm).mat,vibration,1253.90625,-27.975816435830456,
N,N_1_(1772rpm).mat,vibration,1265.625,-27.602651049508896,
N,N_1_(1772rpm).mat,vibration,1277.34375,-22.318311221846265,
N,N_1_(1772rpm).mat,vibration,1289.0625,-22.802180953622194,
N,N_1_(1772rpm).mat,vibration,1300.78125,-23.056707690332377,
N,N_1_(1772rpm).mat,vibration,1312.5,-29.145370480824866,
N,N_1_(1772rpm).mat,vibration,1324.21875,-29.604221698168907,
N,N_1_(1772rpm).mat,vibration,1335.9375,-31.404204139388217,
N,N_1_(1772rpm).mat,vibration,1347.65625,-29.74623493495566,
N,N_1_(1772rpm).mat,vibration,1359.375,-26.652794595601684,
N,N_1_(1772rpm).mat,vibration,1371.09375,-27.140794023524787,
N,N_1_(1772rpm).mat,vibration,1382.8125,-19.86220864232403,
N,N_1_(1772rpm).mat,vibration,1394.53125,-19.311071676932254,
N,N_1_(1772rpm).mat,vibration,1406.25,-19.98311839347976,
N,N_1_(1772rpm).mat,vibration,1417.96875,-13.521609540204988,
N,N_1_(1772rpm).mat,vibration,1429.6875,-17.64888022155292,
N,N_1_(1772rpm).mat,vibration,1441.40625,-22.82365512238541,
N,N_1_(1772rpm).mat,vibration,1453.125,-22.955217929632333,
N,N_1_(1772rpm).mat,vibration,1464.84375,-29.525769010152104,
N,N_1_(1772rpm).mat,vibration,1476.5625,-27.11077979322365,
N,N_1_(1772rpm).mat,vibration,1488.28125,-29.05087524270018,
N,N_1_(1772rpm).mat,vibration,1500.0,-32.28904649716377,
N,N_1_(1772rpm).mat,vibration,1511.71875,-30.842521403282586,
N,N_1_(1772rpm).mat,vibration,1523.4375,-29.609666933447947,
N,N_1_(1772rpm).mat,vibration,1535.15625,-24.099719904664816,
N,N_1_(1772rpm).mat,vibration,1546.875,-25.25470243015263,
N,N_1_(1772rpm).mat,vibration,1558.59375,-29.376930029574645,
N,N_1_(1772rpm).mat,vibration,1570.3125,-27.829595452088306,
N,N_1_(1772rpm).mat,vibration,1582.03125,-29.223471135816894,
N,N_1_(1772rpm).mat,vibration,1593.75,-27.92320614441797,
N,N_1_(1772rpm).mat,vibration,1605.46875,-30.761054893736564,
N,N_1_(1772rpm).mat,vibration,1617.1875,-29.885998208992184,
N,N_1_(1772rpm).mat,vibration,1628.90625,-26.521608898096858,
N,N_1_(1772rpm).mat,vibration,1640.625,-28.82511879281231,
N,N_1_(1772rpm).mat,vibration,1652.34375,-28.004856448502476,
N,N_1_(1772rpm).mat,vibration,1664.0625,-30.422280891967247,
N,N_1_(1772rpm).mat,vibration,1675.78125,-34.382189965706935,
N,N_1_(1772rpm).mat,vibration,1687.5,-34.26518826219479,
N,N_1_(1772rpm).mat,vibration,1699.21875,-34.44393579684136,
N,N_1_(1772rpm).mat,vibration,1710.9375,-31.500213442602988,
N,N_1_(1772rpm).mat,vibration,1722.65625,-31.926827847645328,
N,N_1_(1772rpm).mat,vibration,1734.375,-35.666530463232526,
N,N_1_(1772rpm).mat,vibration,1746.09375,-30.19525445000848,
N,N_1_(1772rpm).mat,vibration,1757.8125,-28.004140718877508,
N,N_1_(1772rpm).mat,vibration,1769.53125,-23.93601782628259,
N,N_1_(1772rpm).mat,vibration,1781.25,-20.738997498541178,
N,N_1_(1772rpm).mat,vibration,1792.96875,-27.401731971764413,
N,N_1_(1772rpm).mat,vibration,1804.6875,-29.538910650467514,
N,N_1_(1772rpm).mat,vibration,1816.40625,-28.715044238781108,
N,N_1_(1772rpm).mat,vibration,1828.125,-33.031074024191945,
N,N_1_(1772rpm).mat,vibration,1839.84375,-35.896166954390864,
N,N_1_(1772rpm).mat,vibration,1851.5625,-32.29344193156285,
N,N_1_(1772rpm).mat,vibration,1863.28125,-31.524275253093275,
N,N_1_(1772rpm).mat,vibration,1875.0,-30.165729206864253,
N,N_1_(1772rpm).mat,vibration,1886.71875,-25.646096884827763,
N,N_1_(1772rpm).mat,vibration,1898.4375,-30.001848996837424,
N,N_1_(1772rpm).mat,vibration,1910.15625,-28.185387552783105,
N,N_1_(1772rpm).mat,vibration,1921.875,-28.6553646864741,
N,N_1_(1772rpm).mat,vibration,1933.59375,-27.025007563420846,
N,N_1_(1772rpm).mat,vibration,1945.3125,-23.384978723274795,
N,N_1_(1772rpm).mat,vibration,1957.03125,-22.2033384005233,
N,N_1_(1772rpm).mat,vibration,1968.75,-25.35613409362766,
N,N_1_(1772rpm).mat,vibration,1980.46875,-27.459137850170574,
N,N_1_(1772rpm).mat,vibration,1992.1875,-26.569846307033863,
N,N_1_(1772rpm).mat,vibration,2003.90625,-27.033426747472085,
N,N_1_(1772rpm).mat,vibration,2015.625,-26.77366372662874,
N,N_1_(1772rpm).mat,vibration,2027.34375,-30.227324791527344,
N,N_1_(1772rpm).mat,vibration,2039.0625,-26.391667441861856,
N,N_1_(1772rpm).mat,vibration,2050.78125,-27.200580439932615,
N,N_1_(1772rpm).mat,vibration,2062.5,-31.40024050712904,
N,N_1_(1772rpm).mat,vibration,2074.21875,-29.868883812734953,
N,N_1_(1772rpm).mat,vibration,2085.9375,-35.47940805951606,
N,N_1_(1772rpm).mat,vibration,2097.65625,-33.722779685346055,
N,N_1_(1772rpm).mat,vibration,2109.375,-30.461365542050807,
N,N_1_(1772rpm).mat,vibration,2121.09375,-27.335011679580354,
N,N_1_(1772rpm).mat,vibration,2132.8125,-29.896321723670745,
N,N_1_(1772rpm).mat,vibration,2144.53125,-31.457765886732872,
N,N_1_(1772rpm).mat,vibration,2156.25,-33.13645206615002,
N,N_1_(1772rpm).mat,vibration,2167.96875,-28.519431584448917,
N,N_1_(1772rpm).mat,vibration,2179.6875,-24.42257234782018,
N,N_1_(1772rpm).mat,vibration,2191.40625,-28.020982556437602,
N,N_1_(1772rpm).mat,vibration,2203.125,-27.616445540383197,
N,N_1_(1772rpm).mat,vibration,2214.84375,-26.685459201673275,
N,N_1_(1772rpm).mat,vibration,2226.5625,-28.377585783774535,
N,N_1_(1772rpm).mat,vibration,2238.28125,-27.82871124317264,
N,N_1_(1772rpm).mat,vibration,2250.0,-30.850108298919583,
N,N_1_(1772rpm).mat,vibration,2261.71875,-28.649326863340548,
N,N_1_(1772rpm).mat,vibration,2273.4375,-27.366545578587086,
N,N_1_(1772rpm).mat,vibration,2285.15625,-23.240575056782767,
N,N_1_(1772rpm).mat,vibration,2296.875,-25.11024321778735,
N,N_1_(1772rpm).mat,vibration,2308.59375,-29.76631514155924,
N,N_1_(1772rpm).mat,vibration,2320.3125,-29.459576672138347,
N,N_1_(1772rpm).mat,vibration,2332.03125,-24.873976331961533,
N,N_1_(1772rpm).mat,vibration,2343.75,-25.07382711230084,
N,N_1_(1772rpm).mat,vibration,2355.46875,-25.62190933180262,
N,N_1_(1772rpm).mat,vibration,2367.1875,-22.530724055493042,
N,N_1_(1772rpm).mat,vibration,2378.90625,-23.069362054427405,
N,N_1_(1772rpm).mat,vibration,2390.625,-23.121068602602698,
N,N_1_(1772rpm).mat,vibration,2402.34375,-24.871741797547973,
N,N_1_(1772rpm).mat,vibration,2414.0625,-27.046845091214188,
N,N_1_(1772rpm).mat,vibration,2425.78125,-25.657322647849927,
N,N_1_(1772rpm).mat,vibration,2437.5,-23.467108611591595,
N,N_1_(1772rpm).mat,vibration,2449.21875,-23.003202168460884,
N,N_1_(1772rpm).mat,vibration,2460.9375,-23.370198242017107,
N,N_1_(1772rpm).mat,vibration,2472.65625,-22.653063200207065,
N,N_1_(1772rpm).mat,vibration,2484.375,-21.030353592202754,
N,N_1_(1772rpm).mat,vibration,2496.09375,-20.397304535720053,
N,N_1_(1772rpm).mat,vibration,2507.8125,-20.576421564979867,
N,N_1_(1772rpm).mat,vibration,2519.53125,-17.75778385296515,
N,N_1_(1772rpm).mat,vibration,2531.25,-19.37390956390442,
N,N_1_(1772rpm).mat,vibration,2542.96875,-20.047509766733537,
N,N_1_(1772rpm).mat,vibration,2554.6875,-19.501463789010888,
N,N_1_(1772rpm).mat,vibration,2566.40625,-22.454200392624454,
N,N_1_(1772rpm).mat,vibration,2578.125,-21.619770442336474,
N,N_1_(1772rpm).mat,vibration,2589.84375,-21.161123567453927,
N,N_1_(1772rpm).mat,vibration,2601.5625,-19.986236331885994,
N,N_1_(1772rpm).mat,vibration,2613.28125,-20.058633843375446,
N,N_1_(1772rpm).mat,vibration,2625.0,-19.021792049841448,
N,N_1_(1772rpm).mat,vibration,2636.71875,-19.557791118160505,
N,N_1_(1772rpm).mat,vibration,2648.4375,-18.611978667080866,
N,N_1_(1772rpm).mat,vibration,2660.15625,-19.459991596181517,
N,N_1_(1772rpm).mat,vibration,2671.875,-17.49581421610651,
N,N_1_(1772rpm).mat,vibration,2683.59375,-13.186838125203838,
N,N_1_(1772rpm).mat,vibration,2695.3125,-18.30401278559205,
N,N_1_(1772rpm).mat,vibration,2707.03125,-18.308640528722172,
N,N_1_(1772rpm).mat,vibration,2718.75,-17.697597677763348,
N,N_1_(1772rpm).mat,vibration,2730.46875,-20.262381483966898,
N,N_1_(1772rpm).mat,vibration,2742.1875,-17.785334923025495,
N,N_1_(1772rpm).mat,vibration,2753.90625,-20.492439213560587,
N,N_1_(1772rpm).mat,vibration,2765.625,-19.9730816259548,
N,N_1_(1772rpm).mat,vibration,2777.34375,-20.050030505680606,
N,N_1_(1772rpm).mat,vibration,2789.0625,-21.543679375780705,
N,N_1_(1772rpm).mat,vibration,2800.78125,-22.421084534913838,
N,N_1_(1772rpm).mat,vibration,2812.5,-20.870821119711493,
N,N_1_(1772rpm).mat,vibration,2824.21875,-21.531228448169394,
N,N_1_(1772rpm).mat,vibration,2835.9375,-17.742433457995734,
N,N_1_(1772rpm).mat,vibration,2847.65625,-20.592417328753008,
N,N_1_(1772rpm).mat,vibration,2859.375,-22.420254561602935,
N,N_1_(1772rpm).mat,vibration,2871.09375,-19.140166679533582,
N,N_1_(1772rpm).mat,vibration,2882.8125,-22.691273215097016,
N,N_1_(1772rpm).mat,vibration,2894.53125,-22.60196555965713,
N,N_1_(1772rpm).mat,vibration,2906.25,-20.546864178324785,
N,N_1_(1772rpm).mat,vibration,2917.96875,-22.7256246930924,
N,N_1_(1772rpm).mat,vibration,2929.6875,-24.080612390263934,
N,N_1_(1772rpm).mat,vibration,2941.40625,-27.413173832859627,
N,N_1_(1772rpm).mat,vibration,2953.125,-28.737726653827163,
N,N_1_(1772rpm).mat,vibration,2964.84375,-27.444787026083386,
N,N_1_(1772rpm).mat,vibration,2976.5625,-24.857708186456303,
N,N_1_(1772rpm).mat,vibration,2988.28125,-23.188161002490546,
N,N_1_(1772rpm).mat,vibration,3000.0,-21.082600690638262,
N,N_1_(1772rpm).mat,vibration,3011.71875,-23.235815119299588,
N,N_1_(1772rpm).mat,vibration,3023.4375,-22.55381074554058,
N,N_1_(1772rpm).mat,vibration,3035.15625,-20.84300616122838,
N,N_1_(1772rpm).mat,vibration,3046.875,-23.751917875507402,
N,N_1_(1772rpm).mat,vibration,3058.59375,-23.54640574966465,
N,N_1_(1772rpm).mat,vibration,3070.3125,-23.446256838340197,
N,N_1_(1772rpm).mat,vibration,3082.03125,-23.873488500774755,
N,N_1_(1772rpm).mat,vibration,3093.75,-27.870845262034685,
N,N_1_(1772rpm).mat,vibration,3105.46875,-28.85415260743156,
N,N_1_(1772rpm).mat,vibration,3117.1875,-25.377338948928582,
N,N_1_(1772rpm).mat,vibration,3128.90625,-24.626711140524776,
N,N_1_(1772rpm).mat,vibration,3140.625,-26.23506750513064,
N,N_1_(1772rpm).mat,vibration,3152.34375,-22.537075760948753,
N,N_1_(1772rpm).mat,vibration,3164.0625,-20.28169288307665,
N,N_1_(1772rpm).mat,vibration,3175.78125,-20.444557929468825,
N,N_1_(1772rpm).mat,vibration,3187.5,-19.688792979294284,
N,N_1_(1772rpm).mat,vibration,3199.21875,-18.852419111460925,
N,N_1_(1772rpm).mat,vibration,3210.9375,-21.219591507939267,
N,N_1_(1772rpm).mat,vibration,3222.65625,-21.517657276385734,
N,N_1_(1772rpm).mat,vibration,3234.375,-18.49813516234746,
N,N_1_(1772rpm).mat,vibration,3246.09375,-17.741678492112406,
N,N_1_(1772rpm).mat,vibration,3257.8125,-18.394189825585375,
N,N_1_(1772rpm).mat,vibration,3269.53125,-19.22413666947528,
N,N_1_(1772rpm).mat,vibration,3281.25,-20.916815586833565,
N,N_1_(1772rpm).mat,vibration,3292.96875,-21.389608625433098,
N,N_1_(1772rpm).mat,vibration,3304.6875,-22.65963948055816,
N,N_1_(1772rpm).mat,vibration,3316.40625,-22.126337897268108,
N,N_1_(1772rpm).mat,vibration,3328.125,-21.22348455498724,
N,N_1_(1772rpm).mat,vibration,3339.84375,-23.916247677923796,
N,N_1_(1772rpm).mat,vibration,3351.5625,-22.393599646369662,
N,N_1_(1772rpm).mat,vibration,3363.28125,-23.136492788153383,
N,N_1_(1772rpm).mat,vibration,3375.0,-22.919936385963666,
N,N_1_(1772rpm).mat,vibration,3386.71875,-22.781671067064547,
N,N_1_(1772rpm).mat,vibration,3398.4375,-23.444425529948518,
N,N_1_(1772rpm).mat,vibration,3410.15625,-23.31559221327538,
N,N_1_(1772rpm).mat,vibration,3421.875,-27.40419292838174,
N,N_1_(1772rpm).mat,vibration,3433.59375,-27.65617826715455,
N,N_1_(1772rpm).mat,vibration,3445.3125,-26.9738947859768,
N,N_1_(1772rpm).mat,vibration,3457.03125,-26.571168562852808,
N,N_1_(1772rpm).mat,vibration,3468.75,-25.251868068707278,
N,N_1_(1772rpm).mat,vibration,3480.46875,-26.20451695008457,
N,N_1_(1772rpm).mat,vibration,3492.1875,-27.327520153785944,
N,N_1_(1772rpm).mat,vibration,3503.90625,-26.368716617790753,
N,N_1_(1772rpm).mat,vibration,3515.625,-27.129009079295354,
N,N_1_(1772rpm).mat,vibration,3527.34375,-27.41276287489636,
N,N_1_(1772rpm).mat,vibration,3539.0625,-27.756617385525352,
N,N_1_(1772rpm).mat,vibration,3550.78125,-28.012467389296084,
N,N_1_(1772rpm).mat,vibration,3562.5,-28.428136611870144,
N,N_1_(1772rpm).mat,vibration,3574.21875,-28.994069522374772,
N,N_1_(1772rpm).mat,vibration,3585.9375,-26.841677528486358,
N,N_1_(1772rpm).mat,vibration,3597.65625,-26.544434216309014,
N,N_1_(1772rpm).mat,vibration,3609.375,-27.117153511680833,
N,N_1_(1772rpm).mat,vibration,3621.09375,-26.89685088240067,
N,N_1_(1772rpm).mat,vibration,3632.8125,-26.811564176205444,
N,N_1_(1772rpm).mat,vibration,3644.53125,-24.711969851246035,
N,N_1_(1772rpm).mat,vibration,3656.25,-26.26366217736143,
N,N_1_(1772rpm).mat,vibration,3667.96875,-27.11070803117631,
N,N_1_(1772rpm).mat,vibration,3679.6875,-28.311716050671144,
N,N_1_(1772rpm).mat,vibration,3691.40625,-26.114890941208543,
N,N_1_(1772rpm).mat,vibration,3703.125,-25.63597301888903,
N,N_1_(1772rpm).mat,vibration,3714.84375,-23.851470087287566,
N,N_1_(1772rpm).mat,vibration,3726.5625,-23.25981210797248,
N,N_1_(1772rpm).mat,vibration,3738.28125,-24.4581020509097,
N,N_1_(1772rpm).mat,vibration,3750.0,-25.8891618093759,
N,N_1_(1772rpm).mat,vibration,3761.71875,-26.949918353190043,
N,N_1_(1772rpm).mat,vibration,3773.4375,-24.738808445807415,
N,N_1_(1772rpm).mat,vibration,3785.15625,-23.225400663892458,
N,N_1_(1772rpm).mat,vibration,3796.875,-23.333686992541935,
N,N_1_(1772rpm).mat,vibration,3808.59375,-23.114539975306837,
N,N_1_(1772rpm).mat,vibration,3820.3125,-23.675530032661307,
N,N_1_(1772rpm).mat,vibration,3832.03125,-23.38665997887478,
N,N_1_(1772rpm).mat,vibration,3843.75,-23.63062385671831,
N,N_1_(1772rpm).mat,vibration,3855.46875,-23.35726814918186,
N,N_1_(1772rpm).mat,vibration,3867.1875,-23.097542955460774,
N,N_1_(1772rpm).mat,vibration,3878.90625,-25.23047997058505,
N,N_1_(1772rpm).mat,vibration,3890.625,-26.57015474418445,
N,N_1_(1772rpm).mat,vibration,3902.34375,-21.989140701666447,
N,N_1_(1772rpm).mat,vibration,3914.0625,-21.0414569669519,
N,N_1_(1772rpm).mat,vibration,3925.78125,-25.788801851912886,
N,N_1_(1772rpm).mat,vibration,3937.5,-24.3013488379246,
N,N_1_(1772rpm).mat,vibration,3949.21875,-24.554472013228413,
N,N_1_(1772rpm).mat,vibration,3960.9375,-24.7375927292762,
N,N_1_(1772rpm).mat,vibration,3972.65625,-26.433113073788434,
N,N_1_(1772rpm).mat,vibration,3984.375,-24.042902948155,
N,N_1_(1772rpm).mat,vibration,3996.09375,-25.63884532519422,
N,N_1_(1772rpm).mat,vibration,4007.8125,-21.95664238778512,
N,N_1_(1772rpm).mat,vibration,4019.53125,-13.350764685612031,
N,N_1_(1772rpm).mat,vibration,4031.25,-11.976596296836648,
N,N_1_(1772rpm).mat,vibration,4042.96875,-18.651318155792666,
N,N_1_(1772rpm).mat,vibration,4054.6875,-22.969212191906053,
N,N_1_(1772rpm).mat,vibration,4066.40625,-22.410540057845157,
N,N_1_(1772rpm).mat,vibration,4078.125,-21.084529956243692,
N,N_1_(1772rpm).mat,vibration,4089.84375,-21.93906187399667,
N,N_1_(1772rpm).mat,vibration,4101.5625,-22.621185600426173,
N,N_1_(1772rpm).mat,vibration,4113.28125,-23.374437636439286,
N,N_1_(1772rpm).mat,vibration,4125.0,-19.610899193046897,
N,N_1_(1772rpm).mat,vibration,4136.71875,-4.699373207045952,
N,N_1_(1772rpm).mat,vibration,4148.4375,-2.184349966796038,
N,N_1_(1772rpm).mat,vibration,4160.15625,-11.28080889910863,
N,N_1_(1772rpm).mat,vibration,4171.875,-24.084328262872646,
N,N_1_(1772rpm).mat,vibration,4183.59375,-24.285707644838975,
N,N_1_(1772rpm).mat,vibration,4195.3125,-21.988675813145534,
N,N_1_(1772rpm).mat,vibration,4207.03125,-21.946509348498434,
N,N_1_(1772rpm).mat,vibration,4218.75,-21.75662024095363,
N,N_1_(1772rpm).mat,vibration,4230.46875,-23.557704031439705,
N,N_1_(1772rpm).mat,vibration,4242.1875,-22.77937421092265,
N,N_1_(1772rpm).mat,vibration,4253.90625,-4.184758056239425,
N,N_1_(1772rpm).mat,vibration,4265.625,-0.8499937622010366,
N,N_1_(1772rpm).mat,vibration,4277.34375,-9.741122521012912,
N,N_1_(1772rpm).mat,vibration,4289.0625,-24.725415554071084,
N,N_1_(1772rpm).mat,vibration,4300.78125,-25.088912623079295,
N,N_1_(1772rpm).mat,vibration,4312.5,-20.529874335000944,
N,N_1_(1772rpm).mat,vibration,4324.21875,-18.322182879635378,
N,N_1_(1772rpm).mat,vibration,4335.9375,-21.49236530955774,
N,N_1_(1772rpm).mat,vibration,4347.65625,-22.105358993546574,
N,N_1_(1772rpm).mat,vibration,4359.375,-21.97415818305185,
N,N_1_(1772rpm).mat,vibration,4371.09375,-10.383529135409589,
N,N_1_(1772rpm).mat,vibration,4382.8125,-6.55119225140342,
N,N_1_(1772rpm).mat,vibration,4394.53125,-13.965301193661864,
N,N_1_(1772rpm).mat,vibration,4406.25,-27.13448751649443,
N,N_1_(1772rpm).mat,vibration,4417.96875,-27.495415326886032,
N,N_1_(1772rpm).mat,vibration,4429.6875,-25.517008031746688,
N,N_1_(1772rpm).mat,vibration,4441.40625,-27.807517388155883,
N,N_1_(1772rpm).mat,vibration,4453.125,-27.003729362328855,
N,N_1_(1772rpm).mat,vibration,4464.84375,-25.44763129298048,
N,N_1_(1772rpm).mat,vibration,4476.5625,-26.264934914490212,
N,N_1_(1772rpm).mat,vibration,4488.28125,-23.460757293305203,
N,N_1_(1772rpm).mat,vibration,4500.0,-19.404287717699123,
N,N_1_(1772rpm).mat,vibration,4511.71875,-24.19378578138381,
N,N_1_(1772rpm).mat,vibration,4523.4375,-24.941655754793807,
N,N_1_(1772rpm).mat,vibration,4535.15625,-26.15797719899529,
N,N_1_(1772rpm).mat,vibration,4546.875,-26.141852650236906,
N,N_1_(1772rpm).mat,vibration,4558.59375,-25.79979617713686,
N,N_1_(1772rpm).mat,vibration,4570.3125,-26.211038308224495,
N,N_1_(1772rpm).mat,vibration,4582.03125,-26.782272638571214,
N,N_1_(1772rpm).mat,vibration,4593.75,-29.051248512563483,
N,N_1_(1772rpm).mat,vibration,4605.46875,-26.61815070198984,
N,N_1_(1772rpm).mat,vibration,4617.1875,-26.459813398044542,
N,N_1_(1772rpm).mat,vibration,4628.90625,-27.687603891400098,
N,N_1_(1772rpm).mat,vibration,4640.625,-28.384180579368543,
N,N_1_(1772rpm).mat,vibration,4652.34375,-29.95086201041332,
N,N_1_(1772rpm).mat,vibration,4664.0625,-30.496585991877883,
N,N_1_(1772rpm).mat,vibration,4675.78125,-31.590869265584637,
N,N_1_(1772rpm).mat,vibration,4687.5,-28.99499125438077,
N,N_1_(1772rpm).mat,vibration,4699.21875,-26.497078799168335,
N,N_1_(1772rpm).mat,vibration,4710.9375,-27.262108104179987,
N,N_1_(1772rpm).mat,vibration,4722.65625,-29.650514187219443,
N,N_1_(1772rpm).mat,vibration,4734.375,-29.831537554038313,
N,N_1_(1772rpm).mat,vibration,4746.09375,-32.09975570604823,
N,N_1_(1772rpm).mat,vibration,4757.8125,-31.617191415216904,
N,N_1_(1772rpm).mat,vibration,4769.53125,-29.485745174917053,
N,N_1_(1772rpm).mat,vibration,4781.25,-26.72990664964778,
N,N_1_(1772rpm).mat,vibration,4792.96875,-29.987173777926238,
N,N_1_(1772rpm).mat,vibration,4804.6875,-29.240389844361154,
N,N_1_(1772rpm).mat,vibration,4816.40625,-29.628730861697772,
N,N_1_(1772rpm).mat,vibration,4828.125,-34.748465461243335,
N,N_1_(1772rpm).mat,vibration,4839.84375,-31.441086059798295,
N,N_1_(1772rpm).mat,vibration,4851.5625,-32.57013045215202,
N,N_1_(1772rpm).mat,vibration,4863.28125,-32.562524188619896,
N,N_1_(1772rpm).mat,vibration,4875.0,-30.746035452592587,
N,N_1_(1772rpm).mat,vibration,4886.71875,-34.157236316292966,
N,N_1_(1772rpm).mat,vibration,4898.4375,-33.8852495013434,
N,N_1_(1772rpm).mat,vibration,4910.15625,-33.53630450114191,
N,N_1_(1772rpm).mat,vibration,4921.875,-35.37101131876981,
N,N_1_(1772rpm).mat,vibration,4933.59375,-35.228622309185546,
N,N_1_(1772rpm).mat,vibration,4945.3125,-36.41196855723927,
N,N_1_(1772rpm).mat,vibration,4957.03125,-36.10618421079416,
N,N_1_(1772rpm).mat,vibration,4968.75,-36.05222718729655,
N,N_1_(1772rpm).mat,vibration,4980.46875,-36.020434884126296,
N,N_1_(1772rpm).mat,vibration,4992.1875,-35.844271762749806,
N,N_1_(1772rpm).mat,vibration,5003.90625,-34.455718752226275,
N,N_1_(1772rpm).mat,vibration,5015.625,-31.159751878059538,
N,N_1_(1772rpm).mat,vibration,5027.34375,-31.605481045828494,
N,N_1_(1772rpm).mat,vibration,5039.0625,-31.465697159725078,
N,N_1_(1772rpm).mat,vibration,5050.78125,-31.31317516375942,
N,N_1_(1772rpm).mat,vibration,5062.5,-29.823892039119357,
N,N_1_(1772rpm).mat,vibration,5074.21875,-25.54125214675362,
N,N_1_(1772rpm).mat,vibration,5085.9375,-26.349038369012007,
N,N_1_(1772rpm).mat,vibration,5097.65625,-31.688563264125705,
N,N_1_(1772rpm).mat,vibration,5109.375,-29.572867384286155,
N,N_1_(1772rpm).mat,vibration,5121.09375,-28.74667207006137,
N,N_1_(1772rpm).mat,vibration,5132.8125,-27.610446020715496,
N,N_1_(1772rpm).mat,vibration,5144.53125,-27.24748925720217,
N,N_1_(1772rpm).mat,vibration,5156.25,-29.359507281452228,
N,N_1_(1772rpm).mat,vibration,5167.96875,-30.367200549667178,
N,N_1_(1772rpm).mat,vibration,5179.6875,-28.15333378043498,
N,N_1_(1772rpm).mat,vibration,5191.40625,-22.385961471762673,
N,N_1_(1772rpm).mat,vibration,5203.125,-22.854611088517093,
N,N_1_(1772rpm).mat,vibration,5214.84375,-29.13783767303464,
N,N_1_(1772rpm).mat,vibration,5226.5625,-25.965892035402803,
N,N_1_(1772rpm).mat,vibration,5238.28125,-28.533883234893615,
N,N_1_(1772rpm).mat,vibration,5250.0,-23.59159605965293,
N,N_1_(1772rpm).mat,vibration,5261.71875,-22.92877578045138,
N,N_1_(1772rpm).mat,vibration,5273.4375,-25.612760251822387,
N,N_1_(1772rpm).mat,vibration,5285.15625,-21.38986461775037,
N,N_1_(1772rpm).mat,vibration,5296.875,-26.083942254728353,
N,N_1_(1772rpm).mat,vibration,5308.59375,-22.119274288340982,
N,N_1_(1772rpm).mat,vibration,5320.3125,-18.070711578507236,
N,N_1_(1772rpm).mat,vibration,5332.03125,-21.971002078531843,
N,N_1_(1772rpm).mat,vibration,5343.75,-21.295728917139932,
N,N_1_(1772rpm).mat,vibration,5355.46875,-25.222840846483663,
N,N_1_(1772rpm).mat,vibration,5367.1875,-29.24090378978814,
N,N_1_(1772rpm).mat,vibration,5378.90625,-28.872490591608173,
N,N_1_(1772rpm).mat,vibration,5390.625,-28.523556008141266,
N,N_1_(1772rpm).mat,vibration,5402.34375,-25.525908448688256,
N,N_1_(1772rpm).mat,vibration,5414.0625,-27.627505625427432,
N,N_1_(1772rpm).mat,vibration,5425.78125,-26.599640944332602,
N,N_1_(1772rpm).mat,vibration,5437.5,-25.701340476957654,
N,N_1_(1772rpm).mat,vibration,5449.21875,-30.887847120725056,
N,N_1_(1772rpm).mat,vibration,5460.9375,-29.645294566237396,
N,N_1_(1772rpm).mat,vibration,5472.65625,-29.427170787920687,
N,N_1_(1772rpm).mat,vibration,5484.375,-27.339144077610314,
N,N_1_(1772rpm).mat,vibration,5496.09375,-26.963636209097835,
N,N_1_(1772rpm).mat,vibration,5507.8125,-30.22561565894176,
N,N_1_(1772rpm).mat,vibration,5519.53125,-29.950444004755525,
N,N_1_(1772rpm).mat,vibration,5531.25,-31.358459994597638,
N,N_1_(1772rpm).mat,vibration,5542.96875,-27.74920614270856,
N,N_1_(1772rpm).mat,vibration,5554.6875,-26.625176596641644,
N,N_1_(1772rpm).mat,vibration,5566.40625,-29.730437198752377,
N,N_1_(1772rpm).mat,vibration,5578.125,-30.251279884292085,
N,N_1_(1772rpm).mat,vibration,5589.84375,-31.385921479973366,
N,N_1_(1772rpm).mat,vibration,5601.5625,-31.09405157910156,
N,N_1_(1772rpm).mat,vibration,5613.28125,-30.692216854931942,
N,N_1_(1772rpm).mat,vibration,5625.0,-33.20988739736758,
N,N_1_(1772rpm).mat,vibration,5636.71875,-31.45364691866485,
N,N_1_(1772rpm).mat,vibration,5648.4375,-32.809359504094246,
N,N_1_(1772rpm).mat,vibration,5660.15625,-33.39003393940138,
N,N_1_(1772rpm).mat,vibration,5671.875,-31.479925455478075,
N,N_1_(1772rpm).mat,vibration,5683.59375,-31.71822082802978,
N,N_1_(1772rpm).mat,vibration,5695.3125,-32.65367334918274,
N,N_1_(1772rpm).mat,vibration,5707.03125,-33.68864871491594,
N,N_1_(1772rpm).mat,vibration,5718.75,-34.32705243458755,
N,N_1_(1772rpm).mat,vibration,5730.46875,-34.86845748268579,
N,N_1_(1772rpm).mat,vibration,5742.1875,-35.15223327636798,
N,N_1_(1772rpm).mat,vibration,5753.90625,-35.43625895383918,
N,N_1_(1772rpm).mat,vibration,5765.625,-36.975931765708296,
N,N_1_(1772rpm).mat,vibration,5777.34375,-33.60676366665321,
N,N_1_(1772rpm).mat,vibration,5789.0625,-29.480672021734758,
N,N_1_(1772rpm).mat,vibration,5800.78125,-31.895937847259713,
N,N_1_(1772rpm).mat,vibration,5812.5,-34.765548308639175,
N,N_1_(1772rpm).mat,vibration,5824.21875,-35.0495192277487,
N,N_1_(1772rpm).mat,vibration,5835.9375,-35.935099982608,
N,N_1_(1772rpm).mat,vibration,5847.65625,-34.483705161894385,
N,N_1_(1772rpm).mat,vibration,5859.375,-35.40859848897294,
N,N_1_(1772rpm).mat,vibration,5871.09375,-32.95196895396997,
N,N_1_(1772rpm).mat,vibration,5882.8125,-32.03984724875744,
N,N_1_(1772rpm).mat,vibration,5894.53125,-33.119800330385715,
N,N_1_(1772rpm).mat,vibration,5906.25,-33.55017166886407,
N,N_1_(1772rpm).mat,vibration,5917.96875,-33.341362881601576,
N,N_1_(1772rpm).mat,vibration,5929.6875,-30.50457999330604,
N,N_1_(1772rpm).mat,vibration,5941.40625,-30.320033603540637,
N,N_1_(1772rpm).mat,vibration,5953.125,-31.637363619202183,
N,N_1_(1772rpm).mat,vibration,5964.84375,-31.825727889011496,
N,N_1_(1772rpm).mat,vibration,5976.5625,-34.31863392749902,
N,N_1_(1772rpm).mat,vibration,5988.28125,-28.60111510346689,
N,N_1_(1772rpm).mat,vibration,6000.0,-27.895380042625444,
N,N_1_(1772rpm).mat,envelope,0.0,-36.617619661151004,
N,N_1_(1772rpm).mat,envelope,1.0,-32.39947800202484,
N,N_1_(1772rpm).mat,envelope,2.0,-20.83452859003979,
N,N_1_(1772rpm).mat,envelope,3.0,-21.153288776451504,
N,N_1_(1772rpm).mat,envelope,4.0,-20.26821609682856,
N,N_1_(1772rpm).mat,envelope,5.0,-14.727981274375562,
N,N_1_(1772rpm).mat,envelope,6.0,-13.339691026657885,
N,N_1_(1772rpm).mat,envelope,7.0,-15.183897921468148,
N,N_1_(1772rpm).mat,envelope,8.0,-19.19096402500736,
N,N_1_(1772rpm).mat,envelope,9.0,-25.90625228716108,
N,N_1_(1772rpm).mat,envelope,10.0,-26.53111989952507,
N,N_1_(1772rpm).mat,envelope,11.0,-21.409461089639432,
N,N_1_(1772rpm).mat,envelope,12.0,-25.959034819163058,
N,N_1_(1772rpm).mat,envelope,13.0,-27.53490218096151,
N,N_1_(1772rpm).mat,envelope,14.0,-24.668975050015767,
N,N_1_(1772rpm).mat,envelope,15.0,-27.42564797128605,
N,N_1_(1772rpm).mat,envelope,16.0,-33.62443459809736,
N,N_1_(1772rpm).mat,envelope,17.0,-22.5882247001203,
N,N_1_(1772rpm).mat,envelope,18.0,-18.189016018449852,
N,N_1_(1772rpm).mat,envelope,19.0,-23.760249514324613,
N,N_1_(1772rpm).mat,envelope,20.0,-30.749695715601135,
N,N_1_(1772rpm).mat,envelope,21.0,-26.323678674872596,
N,N_1_(1772rpm).mat,envelope,22.0,-31.319103982461925,
N,N_1_(1772rpm).mat,envelope,23.0,-24.448589059606793,
N,N_1_(1772rpm).mat,envelope,24.0,-18.85260864975839,
N,N_1_(1772rpm).mat,envelope,25.0,-23.988112458019344,
N,N_1_(1772rpm).mat,envelope,26.0,-25.60257039806016,
N,N_1_(1772rpm).mat,envelope,27.0,-17.261128562926167,
N,N_1_(1772rpm).mat,envelope,28.0,-15.067260709887707,
N,N_1_(1772rpm).mat,envelope,29.0,-11.990121837465972,
N,N_1_(1772rpm).mat,envelope,30.0,-13.648787468392154,
N,N_1_(1772rpm).mat,envelope,31.0,-23.405835431528534,
N,N_1_(1772rpm).mat,envelope,32.0,-24.968346203564092,
N,N_1_(1772rpm).mat,envelope,33.0,-23.23251636805901,
N,N_1_(1772rpm).mat,envelope,34.0,-26.243314370195726,
N,N_1_(1772rpm).mat,envelope,35.0,-28.285168819616054,
N,N_1_(1772rpm).mat,envelope,36.0,-30.480004914538732,
N,N_1_(1772rpm).mat,envelope,37.0,-29.956424514546228,
N,N_1_(1772rpm).mat,envelope,38.0,-26.292919033439755,
N,N_1_(1772rpm).mat,envelope,39.0,-29.2437322060589,
N,N_1_(1772rpm).mat,envelope,40.0,-23.675635958842292,
N,N_1_(1772rpm).mat,envelope,41.0,-16.94104464392234,
N,N_1_(1772rpm).mat,envelope,42.0,-21.201630731100675,
N,N_1_(1772rpm).mat,envelope,43.0,-23.00791909672177,
N,N_1_(1772rpm).mat,envelope,44.0,-28.927693633356036,
N,N_1_(1772rpm).mat,envelope,45.0,-23.205004761131015,
N,N_1_(1772rpm).mat,envelope,46.0,-27.05451924212157,
N,N_1_(1772rpm).mat,envelope,47.0,-20.148830846649837,
N,N_1_(1772rpm).mat,envelope,48.0,-17.981669119581426,
N,N_1_(1772rpm).mat,envelope,49.0,-22.24194725317635,
N,N_1_(1772rpm).mat,envelope,50.0,-30.96205639307768,
N,N_1_(1772rpm).mat,envelope,51.0,-23.96201306445959,
N,N_1_(1772rpm).mat,envelope,52.0,-22.175160215471234,
N,N_1_(1772rpm).mat,envelope,53.0,-33.562619600221225,
N,N_1_(1772rpm).mat,envelope,54.0,-27.005410454653674,
N,N_1_(1772rpm).mat,envelope,55.0,-37.80502580985831,
N,N_1_(1772rpm).mat,envelope,56.0,-26.170803368851704,
N,N_1_(1772rpm).mat,envelope,57.0,-37.813057743244826,
N,N_1_(1772rpm).mat,envelope,58.0,-13.587809431378917,
N,N_1_(1772rpm).mat,envelope,59.0,-6.038163020790331,
N,N_1_(1772rpm).mat,envelope,60.0,-11.432310938655021,
N,N_1_(1772rpm).mat,envelope,61.0,-22.80947142684592,
N,N_1_(1772rpm).mat,envelope,62.0,-26.700240818933096,
N,N_1_(1772rpm).mat,envelope,63.0,-30.066796139426124,
N,N_1_(1772rpm).mat,envelope,64.0,-24.659541858381772,
N,N_1_(1772rpm).mat,envelope,65.0,-23.916432341675584,
N,N_1_(1772rpm).mat,envelope,66.0,-29.53319287312974,
N,N_1_(1772rpm).mat,envelope,67.0,-23.964345403212263,
N,N_1_(1772rpm).mat,envelope,68.0,-20.624055568976473,
N,N_1_(1772rpm).mat,envelope,69.0,-17.404385942290514,
N,N_1_(1772rpm).mat,envelope,70.0,-16.463777438071887,
N,N_1_(1772rpm).mat,envelope,71.0,-19.919041579543553,
N,N_1_(1772rpm).mat,envelope,72.0,-27.825705131813955,
N,N_1_(1772rpm).mat,envelope,73.0,-22.684558506198492,
N,N_1_(1772rpm).mat,envelope,74.0,-21.582932745352984,
N,N_1_(1772rpm).mat,envelope,75.0,-21.45845533859539,
N,N_1_(1772rpm).mat,envelope,76.0,-27.286102046675257,
N,N_1_(1772rpm).mat,envelope,77.0,-21.81241527757033,
N,N_1_(1772rpm).mat,envelope,78.0,-25.850959150294848,
N,N_1_(1772rpm).mat,envelope,79.0,-23.865565435441166,
N,N_1_(1772rpm).mat,envelope,80.0,-25.055677035577144,
N,N_1_(1772rpm).mat,envelope,81.0,-32.622315407291,
N,N_1_(1772rpm).mat,envelope,82.0,-29.590347119219203,
N,N_1_(1772rpm).mat,envelope,83.0,-24.62926833239486,
N,N_1_(1772rpm).mat,envelope,84.0,-29.487607485114143,
N,N_1_(1772rpm).mat,envelope,85.0,-18.06825706015527,
N,N_1_(1772rpm).mat,envelope,86.0,-20.914019739150636,
N,N_1_(1772rpm).mat,envelope,87.0,-18.50530525809728,
N,N_1_(1772rpm).mat,envelope,88.0,-22.87287200188797,
N,N_1_(1772rpm).mat,envelope,89.0,-17.930502658591017,
N,N_1_(1772rpm).mat,envelope,90.0,-16.806187989605654,
N,N_1_(1772rpm).mat,envelope,91.0,-22.946351260631765,
N,N_1_(1772rpm).mat,envelope,92.0,-35.1404191700897,
N,N_1_(1772rpm).mat,envelope,93.0,-25.20203975911501,
N,N_1_(1772rpm).mat,envelope,94.0,-18.58185613649991,
N,N_1_(1772rpm).mat,envelope,95.0,-21.547489314147402,
N,N_1_(1772rpm).mat,envelope,96.0,-21.95802720983537,
N,N_1_(1772rpm).mat,envelope,97.0,-16.55957477227529,
N,N_1_(1772rpm).mat,envelope,98.0,-16.341595923261004,
N,N_1_(1772rpm).mat,envelope,99.0,-18.564576060208427,
N,N_1_(1772rpm).mat,envelope,100.0,-24.002023226300075,
N,N_1_(1772rpm).mat,envelope,101.0,-27.26701695829292,
N,N_1_(1772rpm).mat,envelope,102.0,-21.72744656638003,
N,N_1_(1772rpm).mat,envelope,103.0,-28.306612097224452,
N,N_1_(1772rpm).mat,envelope,104.0,-27.63355513250536,
N,N_1_(1772rpm).mat,envelope,105.0,-20.40115407605507,
N,N_1_(1772rpm).mat,envelope,106.0,-16.106184757244918,
N,N_1_(1772rpm).mat,envelope,107.0,-23.11994379202062,
N,N_1_(1772rpm).mat,envelope,108.0,-23.331013730363942,
N,N_1_(1772rpm).mat,envelope,109.0,-22.917867942233464,
N,N_1_(1772rpm).mat,envelope,110.0,-37.83787841918371,
N,N_1_(1772rpm).mat,envelope,111.0,-19.228154954670174,
N,N_1_(1772rpm).mat,envelope,112.0,-18.40815691782629,
N,N_1_(1772rpm).mat,envelope,113.0,-25.75970335923642,
N,N_1_(1772rpm).mat,envelope,114.0,-14.987123219477319,
N,N_1_(1772rpm).mat,envelope,115.0,-16.646036696303973,
N,N_1_(1772rpm).mat,envelope,116.0,-19.274237897453183,
N,N_1_(1772rpm).mat,envelope,117.0,-3.1250536294765845,
N,N_1_(1772rpm).mat,envelope,118.0,-6.953930558067627e-08,
N,N_1_(1772rpm).mat,envelope,119.0,-6.674197989469819,
N,N_1_(1772rpm).mat,envelope,120.0,-14.557285855879536,
N,N_1_(1772rpm).mat,envelope,121.0,-18.370920411303675,
N,N_1_(1772rpm).mat,envelope,122.0,-31.624205816100194,
N,N_1_(1772rpm).mat,envelope,123.0,-19.3245845241813,
N,N_1_(1772rpm).mat,envelope,124.0,-17.16191717306134,
N,N_1_(1772rpm).mat,envelope,125.0,-23.102675120677112,
N,N_1_(1772rpm).mat,envelope,126.0,-29.135712355792805,
N,N_1_(1772rpm).mat,envelope,127.0,-19.328898625129757,
N,N_1_(1772rpm).mat,envelope,128.0,-21.28400351439896,
N,N_1_(1772rpm).mat,envelope,129.0,-38.15049644405762,
N,N_1_(1772rpm).mat,envelope,130.0,-20.87561996280442,
N,N_1_(1772rpm).mat,envelope,131.0,-21.358298374142784,
N,N_1_(1772rpm).mat,envelope,132.0,-23.22305438581961,
N,N_1_(1772rpm).mat,envelope,133.0,-32.22342417671542,
N,N_1_(1772rpm).mat,envelope,134.0,-20.505022192885882,
N,N_1_(1772rpm).mat,envelope,135.0,-16.322970827526724,
N,N_1_(1772rpm).mat,envelope,136.0,-15.710073646946352,
N,N_1_(1772rpm).mat,envelope,137.0,-24.851455598453008,
N,N_1_(1772rpm).mat,envelope,138.0,-28.351132250958496,
N,N_1_(1772rpm).mat,envelope,139.0,-24.103009225757035,
N,N_1_(1772rpm).mat,envelope,140.0,-23.63680320829706,
N,N_1_(1772rpm).mat,envelope,141.0,-20.26553432573376,
N,N_1_(1772rpm).mat,envelope,142.0,-17.785385152600565,
N,N_1_(1772rpm).mat,envelope,143.0,-23.011620437486314,
N,N_1_(1772rpm).mat,envelope,144.0,-24.927104923249427,
N,N_1_(1772rpm).mat,envelope,145.0,-18.645764225852687,
N,N_1_(1772rpm).mat,envelope,146.0,-19.236349529924667,
N,N_1_(1772rpm).mat,envelope,147.0,-20.47954164230497,
N,N_1_(1772rpm).mat,envelope,148.0,-16.2361534376302,
N,N_1_(1772rpm).mat,envelope,149.0,-25.40050066313768,
N,N_1_(1772rpm).mat,envelope,150.0,-36.72025895590437,
N,N_1_(1772rpm).mat,envelope,151.0,-22.517072999448253,
N,N_1_(1772rpm).mat,envelope,152.0,-19.831667684051723,
N,N_1_(1772rpm).mat,envelope,153.0,-20.126927340286564,
N,N_1_(1772rpm).mat,envelope,154.0,-28.64277278111237,
N,N_1_(1772rpm).mat,envelope,155.0,-23.86725902298288,
N,N_1_(1772rpm).mat,envelope,156.0,-22.84239867864947,
N,N_1_(1772rpm).mat,envelope,157.0,-23.621217395979286,
N,N_1_(1772rpm).mat,envelope,158.0,-22.216075339638216,
N,N_1_(1772rpm).mat,envelope,159.0,-25.56259820990505,
N,N_1_(1772rpm).mat,envelope,160.0,-26.811041884197916,
N,N_1_(1772rpm).mat,envelope,161.0,-20.224198740023688,
N,N_1_(1772rpm).mat,envelope,162.0,-20.444151779958,
N,N_1_(1772rpm).mat,envelope,163.0,-22.017754849786698,
N,N_1_(1772rpm).mat,envelope,164.0,-35.66627414007395,
N,N_1_(1772rpm).mat,envelope,165.0,-20.625951053376845,
N,N_1_(1772rpm).mat,envelope,166.0,-20.338354248166908,
N,N_1_(1772rpm).mat,envelope,167.0,-31.537603536329733,
N,N_1_(1772rpm).mat,envelope,168.0,-22.843158719816206,
N,N_1_(1772rpm).mat,envelope,169.0,-34.47650426714002,
N,N_1_(1772rpm).mat,envelope,170.0,-18.67328579639743,
N,N_1_(1772rpm).mat,envelope,171.0,-12.68029291087316,
N,N_1_(1772rpm).mat,envelope,172.0,-13.054274082235029,
N,N_1_(1772rpm).mat,envelope,173.0,-9.669454801178585,
N,N_1_(1772rpm).mat,envelope,174.0,-10.995980956367706,
N,N_1_(1772rpm).mat,envelope,175.0,-30.834833169145814,
N,N_1_(1772rpm).mat,envelope,176.0,-22.00023008705324,
N,N_1_(1772rpm).mat,envelope,177.0,-16.793277468428826,
N,N_1_(1772rpm).mat,envelope,178.0,-24.46097190692737,
N,N_1_(1772rpm).mat,envelope,179.0,-19.36938080257433,
N,N_1_(1772rpm).mat,envelope,180.0,-27.14248427746222,
N,N_1_(1772rpm).mat,envelope,181.0,-20.274299662882168,
N,N_1_(1772rpm).mat,envelope,182.0,-23.86121815515441,
N,N_1_(1772rpm).mat,envelope,183.0,-25.626135191117775,
N,N_1_(1772rpm).mat,envelope,184.0,-24.442567005132712,
N,N_1_(1772rpm).mat,envelope,185.0,-34.38378829161101,
N,N_1_(1772rpm).mat,envelope,186.0,-44.1525264251995,
N,N_1_(1772rpm).mat,envelope,187.0,-23.408470355489595,
N,N_1_(1772rpm).mat,envelope,188.0,-23.606509303095017,
N,N_1_(1772rpm).mat,envelope,189.0,-27.9332531737912,
N,N_1_(1772rpm).mat,envelope,190.0,-25.40109549797613,
N,N_1_(1772rpm).mat,envelope,191.0,-25.00562649843522,
N,N_1_(1772rpm).mat,envelope,192.0,-22.770642583661342,
N,N_1_(1772rpm).mat,envelope,193.0,-27.926124202435105,
N,N_1_(1772rpm).mat,envelope,194.0,-34.93541502856954,
N,N_1_(1772rpm).mat,envelope,195.0,-18.699150430449084,
N,N_1_(1772rpm).mat,envelope,196.0,-20.601095731834786,
N,N_1_(1772rpm).mat,envelope,197.0,-27.54290324271643,
N,N_1_(1772rpm).mat,envelope,198.0,-22.035435283250685,
N,N_1_(1772rpm).mat,envelope,199.0,-19.782687697489475,
N,N_1_(1772rpm).mat,envelope,200.0,-15.597164658455245,
N,N_1_(1772rpm).mat,envelope,201.0,-21.576662458379438,
N,N_1_(1772rpm).mat,envelope,202.0,-29.406500090459303,
N,N_1_(1772rpm).mat,envelope,203.0,-27.3087097160294,
N,N_1_(1772rpm).mat,envelope,204.0,-36.93221103535337,
N,N_1_(1772rpm).mat,envelope,205.0,-18.571305509089747,
N,N_1_(1772rpm).mat,envelope,206.0,-22.9185889494657,
N,N_1_(1772rpm).mat,envelope,207.0,-18.79216053077565,
N,N_1_(1772rpm).mat,envelope,208.0,-32.067062258842796,
N,N_1_(1772rpm).mat,envelope,209.0,-22.41555192932569,
N,N_1_(1772rpm).mat,envelope,210.0,-23.986027584698355,
N,N_1_(1772rpm).mat,envelope,211.0,-17.21550032152959,
N,N_1_(1772rpm).mat,envelope,212.0,-13.74296237801109,
N,N_1_(1772rpm).mat,envelope,213.0,-19.085639754459432,
N,N_1_(1772rpm).mat,envelope,214.0,-24.58249106728345,
N,N_1_(1772rpm).mat,envelope,215.0,-24.90557626256278,
N,N_1_(1772rpm).mat,envelope,216.0,-22.694302388473268,
N,N_1_(1772rpm).mat,envelope,217.0,-13.313354363119112,
N,N_1_(1772rpm).mat,envelope,218.0,-15.115447529457537,
N,N_1_(1772rpm).mat,envelope,219.0,-21.847087621231253,
N,N_1_(1772rpm).mat,envelope,220.0,-22.21723579755753,
N,N_1_(1772rpm).mat,envelope,221.0,-33.29976719213919,
N,N_1_(1772rpm).mat,envelope,222.0,-24.763510492378487,
N,N_1_(1772rpm).mat,envelope,223.0,-27.200702838158648,
N,N_1_(1772rpm).mat,envelope,224.0,-20.752998167074928,
N,N_1_(1772rpm).mat,envelope,225.0,-22.50523916853002,
N,N_1_(1772rpm).mat,envelope,226.0,-23.284589002608826,
N,N_1_(1772rpm).mat,envelope,227.0,-24.137604411347123,
N,N_1_(1772rpm).mat,envelope,228.0,-25.944212801146133,
N,N_1_(1772rpm).mat,envelope,229.0,-23.080754464897637,
N,N_1_(1772rpm).mat,envelope,230.0,-18.321567402654395,
N,N_1_(1772rpm).mat,envelope,231.0,-13.906582343382606,
N,N_1_(1772rpm).mat,envelope,232.0,-18.235912447493757,
N,N_1_(1772rpm).mat,envelope,233.0,-31.16946305440174,
N,N_1_(1772rpm).mat,envelope,234.0,-20.012492398860957,
N,N_1_(1772rpm).mat,envelope,235.0,-5.702581899723887,
N,N_1_(1772rpm).mat,envelope,236.0,-3.8925738865638233,
N,N_1_(1772rpm).mat,envelope,237.0,-13.15475903474978,
N,N_1_(1772rpm).mat,envelope,238.0,-26.58966507358333,
N,N_1_(1772rpm).mat,envelope,239.0,-18.651960473936345,
N,N_1_(1772rpm).mat,envelope,240.0,-13.659737602020252,
N,N_1_(1772rpm).mat,envelope,241.0,-14.931514779137045,
N,N_1_(1772rpm).mat,envelope,242.0,-23.699288882223364,
N,N_1_(1772rpm).mat,envelope,243.0,-22.281769298768296,
N,N_1_(1772rpm).mat,envelope,244.0,-19.734593085426738,
N,N_1_(1772rpm).mat,envelope,245.0,-20.900273992233565,
N,N_1_(1772rpm).mat,envelope,246.0,-23.65174921243608,
N,N_1_(1772rpm).mat,envelope,247.0,-21.52505422434999,
N,N_1_(1772rpm).mat,envelope,248.0,-22.209463258334075,
N,N_1_(1772rpm).mat,envelope,249.0,-28.066604257520726,
N,N_1_(1772rpm).mat,envelope,250.0,-29.063104580053466,
N,N_1_(1772rpm).mat,envelope,251.0,-20.547523103169418,
N,N_1_(1772rpm).mat,envelope,252.0,-27.871279014013126,
N,N_1_(1772rpm).mat,envelope,253.0,-22.514576177914694,
N,N_1_(1772rpm).mat,envelope,254.0,-23.183782139890813,
N,N_1_(1772rpm).mat,envelope,255.0,-30.502458902518832,
N,N_1_(1772rpm).mat,envelope,256.0,-33.96125071016413,
N,N_1_(1772rpm).mat,envelope,257.0,-28.56677055210405,
N,N_1_(1772rpm).mat,envelope,258.0,-21.70632927941277,
N,N_1_(1772rpm).mat,envelope,259.0,-16.497444427533893,
N,N_1_(1772rpm).mat,envelope,260.0,-12.319611786249256,
N,N_1_(1772rpm).mat,envelope,261.0,-18.964997946328698,
N,N_1_(1772rpm).mat,envelope,262.0,-27.36210282437156,
N,N_1_(1772rpm).mat,envelope,263.0,-22.28244141936291,
N,N_1_(1772rpm).mat,envelope,264.0,-20.48441299699637,
N,N_1_(1772rpm).mat,envelope,265.0,-31.918396960656445,
N,N_1_(1772rpm).mat,envelope,266.0,-26.077186285649834,
N,N_1_(1772rpm).mat,envelope,267.0,-26.279293476380982,
N,N_1_(1772rpm).mat,envelope,268.0,-41.11298419791768,
N,N_1_(1772rpm).mat,envelope,269.0,-29.217939945199966,
N,N_1_(1772rpm).mat,envelope,270.0,-27.799729849944292,
N,N_1_(1772rpm).mat,envelope,271.0,-31.967751446861236,
N,N_1_(1772rpm).mat,envelope,272.0,-25.45911561500094,
N,N_1_(1772rpm).mat,envelope,273.0,-18.588393307794814,
N,N_1_(1772rpm).mat,envelope,274.0,-16.934166852329092,
N,N_1_(1772rpm).mat,envelope,275.0,-21.11497031822473,
N,N_1_(1772rpm).mat,envelope,276.0,-11.010614581593966,
N,N_1_(1772rpm).mat,envelope,277.0,-11.291752987364244,
N,N_1_(1772rpm).mat,envelope,278.0,-19.575031363746348,
N,N_1_(1772rpm).mat,envelope,279.0,-26.080957341587204,
N,N_1_(1772rpm).mat,envelope,280.0,-17.737493810696208,
N,N_1_(1772rpm).mat,envelope,281.0,-16.782727631199727,
N,N_1_(1772rpm).mat,envelope,282.0,-24.647359547902674,
N,N_1_(1772rpm).mat,envelope,283.0,-39.86031954295732,
N,N_1_(1772rpm).mat,envelope,284.0,-31.575308332398553,
N,N_1_(1772rpm).mat,envelope,285.0,-34.56132643024886,
N,N_1_(1772rpm).mat,envelope,286.0,-26.614332412584695,
N,N_1_(1772rpm).mat,envelope,287.0,-25.699886241755237,
N,N_1_(1772rpm).mat,envelope,288.0,-26.40671410398582,
N,N_1_(1772rpm).mat,envelope,289.0,-31.992589114122715,
N,N_1_(1772rpm).mat,envelope,290.0,-30.724824226105646,
N,N_1_(1772rpm).mat,envelope,291.0,-25.8098814225446,
N,N_1_(1772rpm).mat,envelope,292.0,-24.644958943297993,
N,N_1_(1772rpm).mat,envelope,293.0,-28.482654578285054,
N,N_1_(1772rpm).mat,envelope,294.0,-25.254684818789,
N,N_1_(1772rpm).mat,envelope,295.0,-37.73588777609803,
N,N_1_(1772rpm).mat,envelope,296.0,-27.199226821728402,
N,N_1_(1772rpm).mat,envelope,297.0,-28.86466567210036,
N,N_1_(1772rpm).mat,envelope,298.0,-28.419201379186966,
N,N_1_(1772rpm).mat,envelope,299.0,-30.418241348823287,
N,N_1_(1772rpm).mat,envelope,300.0,-22.000019740060598,
N,N_1_(1772rpm).mat,envelope,301.0,-20.253616651529825,
N,N_1_(1772rpm).mat,envelope,302.0,-23.910643031190013,
N,N_1_(1772rpm).mat,envelope,303.0,-24.90217753707865,
N,N_1_(1772rpm).mat,envelope,304.0,-21.800262227439312,
N,N_1_(1772rpm).mat,envelope,305.0,-22.5827900190148,
N,N_1_(1772rpm).mat,envelope,306.0,-25.629180125666295,
N,N_1_(1772rpm).mat,envelope,307.0,-32.6757134791322,
N,N_1_(1772rpm).mat,envelope,308.0,-29.87998618821592,
N,N_1_(1772rpm).mat,envelope,309.0,-27.86195793910151,
N,N_1_(1772rpm).mat,envelope,310.0,-26.991224697002334,
N,N_1_(1772rpm).mat,envelope,311.0,-34.06446302248979,
N,N_1_(1772rpm).mat,envelope,312.0,-30.518227286627013,
N,N_1_(1772rpm).mat,envelope,313.0,-21.159222801285317,
N,N_1_(1772rpm).mat,envelope,314.0,-21.517381331126355,
N,N_1_(1772rpm).mat,envelope,315.0,-31.200272047027315,
N,N_1_(1772rpm).mat,envelope,316.0,-24.6078176279133,
N,N_1_(1772rpm).mat,envelope,317.0,-24.46101539783833,
N,N_1_(1772rpm).mat,envelope,318.0,-25.898616877976668,
N,N_1_(1772rpm).mat,envelope,319.0,-22.319190477891464,
N,N_1_(1772rpm).mat,envelope,320.0,-16.015984565760565,
N,N_1_(1772rpm).mat,envelope,321.0,-15.15606837636335,
N,N_1_(1772rpm).mat,envelope,322.0,-24.169446314814863,
N,N_1_(1772rpm).mat,envelope,323.0,-25.689453866746593,
N,N_1_(1772rpm).mat,envelope,324.0,-27.51818910299702,
N,N_1_(1772rpm).mat,envelope,325.0,-25.811959696489808,
N,N_1_(1772rpm).mat,envelope,326.0,-21.180629385691702,
N,N_1_(1772rpm).mat,envelope,327.0,-35.54487717586275,
N,N_1_(1772rpm).mat,envelope,328.0,-39.12231334544554,
N,N_1_(1772rpm).mat,envelope,329.0,-24.352240581860322,
N,N_1_(1772rpm).mat,envelope,330.0,-18.401355665677585,
N,N_1_(1772rpm).mat,envelope,331.0,-20.648319535337887,
N,N_1_(1772rpm).mat,envelope,332.0,-22.630385657472218,
N,N_1_(1772rpm).mat,envelope,333.0,-23.979724653748864,
N,N_1_(1772rpm).mat,envelope,334.0,-24.889171516097562,
N,N_1_(1772rpm).mat,envelope,335.0,-32.271280070906194,
N,N_1_(1772rpm).mat,envelope,336.0,-22.905328841654992,
N,N_1_(1772rpm).mat,envelope,337.0,-21.720360558712805,
N,N_1_(1772rpm).mat,envelope,338.0,-21.44455084686273,
N,N_1_(1772rpm).mat,envelope,339.0,-22.066819625861957,
N,N_1_(1772rpm).mat,envelope,340.0,-34.66714464672302,
N,N_1_(1772rpm).mat,envelope,341.0,-27.687436839565347,
N,N_1_(1772rpm).mat,envelope,342.0,-29.615169421620582,
N,N_1_(1772rpm).mat,envelope,343.0,-31.224190690580738,
N,N_1_(1772rpm).mat,envelope,344.0,-23.382138020269352,
N,N_1_(1772rpm).mat,envelope,345.0,-20.038183424124256,
N,N_1_(1772rpm).mat,envelope,346.0,-23.596942716318758,
N,N_1_(1772rpm).mat,envelope,347.0,-31.709015054499595,
N,N_1_(1772rpm).mat,envelope,348.0,-28.548348758668464,
N,N_1_(1772rpm).mat,envelope,349.0,-34.101860338564485,
N,N_1_(1772rpm).mat,envelope,350.0,-19.12926986624937,
N,N_1_(1772rpm).mat,envelope,351.0,-19.2146585544971,
N,N_1_(1772rpm).mat,envelope,352.0,-27.441725846341974,
N,N_1_(1772rpm).mat,envelope,353.0,-23.95649913878081,
N,N_1_(1772rpm).mat,envelope,354.0,-27.22892054513812,
N,N_1_(1772rpm).mat,envelope,355.0,-38.99663733296156,
N,N_1_(1772rpm).mat,envelope,356.0,-29.249057799067412,
N,N_1_(1772rpm).mat,envelope,357.0,-28.997543567988483,
N,N_1_(1772rpm).mat,envelope,358.0,-43.16257414107042,
N,N_1_(1772rpm).mat,envelope,359.0,-27.51930688103727,
N,N_1_(1772rpm).mat,envelope,360.0,-17.521005681742146,
N,N_1_(1772rpm).mat,envelope,361.0,-22.282448848280257,
N,N_1_(1772rpm).mat,envelope,362.0,-28.84354373633403,
N,N_1_(1772rpm).mat,envelope,363.0,-25.208502177505313,
N,N_1_(1772rpm).mat,envelope,364.0,-24.53051565538473,
N,N_1_(1772rpm).mat,envelope,365.0,-19.678986770832314,
N,N_1_(1772rpm).mat,envelope,366.0,-18.611615225316886,
N,N_1_(1772rpm).mat,envelope,367.0,-26.80089793031155,
N,N_1_(1772rpm).mat,envelope,368.0,-29.814458683227024,
N,N_1_(1772rpm).mat,envelope,369.0,-22.139655199032404,
N,N_1_(1772rpm).mat,envelope,370.0,-26.931791743033884,
N,N_1_(1772rpm).mat,envelope,371.0,-29.960097106128124,
N,N_1_(1772rpm).mat,envelope,372.0,-31.66577564433147,
N,N_1_(1772rpm).mat,envelope,373.0,-20.938068509687998,
N,N_1_(1772rpm).mat,envelope,374.0,-17.63886294523828,
N,N_1_(1772rpm).mat,envelope,375.0,-20.931628583301247,
N,N_1_(1772rpm).mat,envelope,376.0,-23.86648156374799,
N,N_1_(1772rpm).mat,envelope,377.0,-26.961839716575177,
N,N_1_(1772rpm).mat,envelope,378.0,-16.029495036404196,
N,N_1_(1772rpm).mat,envelope,379.0,-14.073061228232982,
N,N_1_(1772rpm).mat,envelope,380.0,-18.572344394665116,
N,N_1_(1772rpm).mat,envelope,381.0,-24.526821189402813,
N,N_1_(1772rpm).mat,envelope,382.0,-34.02713695861313,
N,N_1_(1772rpm).mat,envelope,383.0,-30.507103592320924,
N,N_1_(1772rpm).mat,envelope,384.0,-19.207960566483077,
N,N_1_(1772rpm).mat,envelope,385.0,-24.526250843206935,
N,N_1_(1772rpm).mat,envelope,386.0,-21.634204891853205,
N,N_1_(1772rpm).mat,envelope,387.0,-22.076889535352684,
N,N_1_(1772rpm).mat,envelope,388.0,-35.436435147520264,
N,N_1_(1772rpm).mat,envelope,389.0,-23.12257314968172,
N,N_1_(1772rpm).mat,envelope,390.0,-21.957620482292374,
N,N_1_(1772rpm).mat,envelope,391.0,-29.0938311093368,
N,N_1_(1772rpm).mat,envelope,392.0,-27.261369502476562,
N,N_1_(1772rpm).mat,envelope,393.0,-20.700899665996676,
N,N_1_(1772rpm).mat,envelope,394.0,-20.965707589279944,
N,N_1_(1772rpm).mat,envelope,395.0,-24.097568196508185,
N,N_1_(1772rpm).mat,envelope,396.0,-25.68890942509472,
N,N_1_(1772rpm).mat,envelope,397.0,-27.218818446789463,
N,N_1_(1772rpm).mat,envelope,398.0,-28.229636016002992,
N,N_1_(1772rpm).mat,envelope,399.0,-27.44609191807884,
N,N_1_(1772rpm).mat,envelope,400.0,-26.144472872050486,
N,N_1_(1772rpm).mat,envelope,401.0,-22.455303945698027,
N,N_1_(1772rpm).mat,envelope,402.0,-29.378272012957357,
N,N_1_(1772rpm).mat,envelope,403.0,-32.01485203290468,
N,N_1_(1772rpm).mat,envelope,404.0,-23.650939765162356,
N,N_1_(1772rpm).mat,envelope,405.0,-22.976575277673344,
N,N_1_(1772rpm).mat,envelope,406.0,-25.384837999435472,
N,N_1_(1772rpm).mat,envelope,407.0,-27.447787681281476,
N,N_1_(1772rpm).mat,envelope,408.0,-26.6619170393285,
N,N_1_(1772rpm).mat,envelope,409.0,-29.28226375430399,
N,N_1_(1772rpm).mat,envelope,410.0,-26.601410328736605,
N,N_1_(1772rpm).mat,envelope,411.0,-29.36085245721992,
N,N_1_(1772rpm).mat,envelope,412.0,-39.100110852807745,
N,N_1_(1772rpm).mat,envelope,413.0,-42.574173601140316,
N,N_1_(1772rpm).mat,envelope,414.0,-44.51181333042358,
N,N_1_(1772rpm).mat,envelope,415.0,-29.50275586281007,
N,N_1_(1772rpm).mat,envelope,416.0,-29.314008963601808,
N,N_1_(1772rpm).mat,envelope,417.0,-36.76073627150921,
N,N_1_(1772rpm).mat,envelope,418.0,-32.01286010375422,
N,N_1_(1772rpm).mat,envelope,419.0,-23.469850596598274,
N,N_1_(1772rpm).mat,envelope,420.0,-23.855450289573405,
N,N_1_(1772rpm).mat,envelope,421.0,-22.018429628160007,
N,N_1_(1772rpm).mat,envelope,422.0,-29.384876861117014,
N,N_1_(1772rpm).mat,envelope,423.0,-26.106018734987224,
N,N_1_(1772rpm).mat,envelope,424.0,-35.777733094775165,
N,N_1_(1772rpm).mat,envelope,425.0,-23.64581008166266,
N,N_1_(1772rpm).mat,envelope,426.0,-29.51735330707352,
N,N_1_(1772rpm).mat,envelope,427.0,-24.618474731710652,
N,N_1_(1772rpm).mat,envelope,428.0,-27.14225760235309,
N,N_1_(1772rpm).mat,envelope,429.0,-28.862655969168518,
N,N_1_(1772rpm).mat,envelope,430.0,-29.21195732368244,
N,N_1_(1772rpm).mat,envelope,431.0,-19.874693557280885,
N,N_1_(1772rpm).mat,envelope,432.0,-20.65137478455113,
N,N_1_(1772rpm).mat,envelope,433.0,-25.38625447359866,
N,N_1_(1772rpm).mat,envelope,434.0,-33.68266714464694,
N,N_1_(1772rpm).mat,envelope,435.0,-23.19590348276575,
N,N_1_(1772rpm).mat,envelope,436.0,-27.892065743699398,
N,N_1_(1772rpm).mat,envelope,437.0,-27.77962534780482,
N,N_1_(1772rpm).mat,envelope,438.0,-35.09977257210588,
N,N_1_(1772rpm).mat,envelope,439.0,-24.01466744670573,
N,N_1_(1772rpm).mat,envelope,440.0,-24.499613312235557,
N,N_1_(1772rpm).mat,envelope,441.0,-35.06311595166754,
N,N_1_(1772rpm).mat,envelope,442.0,-46.89852748899078,
N,N_1_(1772rpm).mat,envelope,443.0,-34.8731129710246,
N,N_1_(1772rpm).mat,envelope,444.0,-25.201193595404337,
N,N_1_(1772rpm).mat,envelope,445.0,-23.59786372095039,
N,N_1_(1772rpm).mat,envelope,446.0,-21.689493880098087,
N,N_1_(1772rpm).mat,envelope,447.0,-19.729223550445674,
N,N_1_(1772rpm).mat,envelope,448.0,-22.298940498985722,
N,N_1_(1772rpm).mat,envelope,449.0,-25.93583159996561,
N,N_1_(1772rpm).mat,envelope,450.0,-31.470397328235016,
N,N_1_(1772rpm).mat,envelope,451.0,-42.58309196771273,
N,N_1_(1772rpm).mat,envelope,452.0,-33.486037512586535,
N,N_1_(1772rpm).mat,envelope,453.0,-34.07066410738244,
N,N_1_(1772rpm).mat,envelope,454.0,-25.185428677846105,
N,N_1_(1772rpm).mat,envelope,455.0,-18.797026974470963,
N,N_1_(1772rpm).mat,envelope,456.0,-19.591581591624724,
N,N_1_(1772rpm).mat,envelope,457.0,-29.945391086469332,
N,N_1_(1772rpm).mat,envelope,458.0,-20.225835996473126,
N,N_1_(1772rpm).mat,envelope,459.0,-21.229454040314817,
N,N_1_(1772rpm).mat,envelope,460.0,-25.541286158385333,
N,N_1_(1772rpm).mat,envelope,461.0,-24.830510417702104,
N,N_1_(1772rpm).mat,envelope,462.0,-23.99923621826349,
N,N_1_(1772rpm).mat,envelope,463.0,-23.101350116447573,
N,N_1_(1772rpm).mat,envelope,464.0,-35.135726442819816,
N,N_1_(1772rpm).mat,envelope,465.0,-23.56677581660936,
N,N_1_(1772rpm).mat,envelope,466.0,-30.26448292060545,
N,N_1_(1772rpm).mat,envelope,467.0,-26.10308580823327,
N,N_1_(1772rpm).mat,envelope,468.0,-22.011779206235374,
N,N_1_(1772rpm).mat,envelope,469.0,-22.683872449789035,
N,N_1_(1772rpm).mat,envelope,470.0,-30.72512572781518,
N,N_1_(1772rpm).mat,envelope,471.0,-28.067168534671637,
N,N_1_(1772rpm).mat,envelope,472.0,-26.06445269541868,
N,N_1_(1772rpm).mat,envelope,473.0,-21.440785849447344,
N,N_1_(1772rpm).mat,envelope,474.0,-22.487831923842606,
N,N_1_(1772rpm).mat,envelope,475.0,-27.809385591638552,
N,N_1_(1772rpm).mat,envelope,476.0,-23.234367413403763,
N,N_1_(1772rpm).mat,envelope,477.0,-24.80700545760191,
N,N_1_(1772rpm).mat,envelope,478.0,-27.739062948601507,
N,N_1_(1772rpm).mat,envelope,479.0,-23.78066443183359,
N,N_1_(1772rpm).mat,envelope,480.0,-21.53750377980069,
N,N_1_(1772rpm).mat,envelope,481.0,-23.378219190094818,
N,N_1_(1772rpm).mat,envelope,482.0,-25.877795595528124,
N,N_1_(1772rpm).mat,envelope,483.0,-23.558471934031783,
N,N_1_(1772rpm).mat,envelope,484.0,-32.282652893986345,
N,N_1_(1772rpm).mat,envelope,485.0,-24.999285908608865,
N,N_1_(1772rpm).mat,envelope,486.0,-27.43175125909807,
N,N_1_(1772rpm).mat,envelope,487.0,-35.78664662762924,
N,N_1_(1772rpm).mat,envelope,488.0,-26.186847884590435,
N,N_1_(1772rpm).mat,envelope,489.0,-28.122646551375784,
N,N_1_(1772rpm).mat,envelope,490.0,-26.532795978345696,
N,N_1_(1772rpm).mat,envelope,491.0,-23.926056945588023,
N,N_1_(1772rpm).mat,envelope,492.0,-34.39981302594206,
N,N_1_(1772rpm).mat,envelope,493.0,-19.18505418483537,
N,N_1_(1772rpm).mat,envelope,494.0,-15.212646104701836,
N,N_1_(1772rpm).mat,envelope,495.0,-19.06937705981012,
N,N_1_(1772rpm).mat,envelope,496.0,-26.678732002824027,
N,N_1_(1772rpm).mat,envelope,497.0,-26.66656406153962,
N,N_1_(1772rpm).mat,envelope,498.0,-22.017978308395605,
N,N_1_(1772rpm).mat,envelope,499.0,-22.659120121312256,
N,N_1_(1772rpm).mat,envelope,500.0,-41.21714596441475,
