window_id,independent_object_id,class_label,load_hp,base_fold,evaluation_run,role,experiment_id,config_id,p_OR,p_IR,p_B,p_N,pred_label_window
source::data/raw/source_domain/cwru_48khz_de/B007_0.mat::w0000,data/raw/source_domain/cwru_48khz_de/B007_0.mat,B,0.0,F1,R1,test,E3_mechanism_logreg,LR_0.1_none,0.5142515635570977,0.06682563350254761,0.4018371226200643,0.01708568032029035,OR
source::data/raw/source_domain/cwru_48khz_de/B007_0.mat::w0001,data/raw/source_domain/cwru_48khz_de/B007_0.mat,B,0.0,F1,R1,test,E3_mechanism_logreg,LR_0.1_none,0.32370735050781274,0.0430922852203191,0.6119727127495724,0.0212276515222957,B
source::data/raw/source_domain/cwru_48khz_de/B007_0.mat::w0002,data/raw/source_domain/cwru_48khz_de/B007_0.mat,B,0.0,F1,R1,test,E3_mechanism_logreg,LR_0.1_none,0.4947687700612498,0.05195326547576639,0.43179031102138404,0.0214876534415998,OR
source::data/raw/source_domain/cwru_48khz_de/B007_0.mat::w0003,data/raw/source_domain/cwru_48khz_de/B007_0.mat,B,0.0,F1,R1,test,E3_mechanism_logreg,LR_0.1_none,0.5352838351951383,0.06847378048090633,0.3741609859950444,0.02208139832891102,OR
source::data/raw/source_domain/cwru_48khz_de/B007_0.mat::w0004,data/raw/source_domain/cwru_48khz_de/B007_0.mat,B,0.0,F1,R1,test,E3_mechanism_logreg,LR_0.1_none,0.4590702150520916,0.03325630583916828,0.48364622639912863,0.02402725270961148,B
source::data/raw/source_domain/cwru_48khz_de/B007_0.mat::w0005,data/raw/source_domain/cwru_48khz_de/B007_0.mat,B,0.0,F1,R1,test,E3_mechanism_logreg,LR_0.1_none,0.26068359060765456,0.021185092319225763,0.6993502920790313,0.018781024994088315,B
source::data/raw/source_domain/cwru_48khz_de/B007_0.mat::w0006,data/raw/source_domain/cwru_48khz_de/B007_0.mat,B,0.0,F1,R1,test,E3_mechanism_logreg,LR_0.1_none,0.3238903073815853,0.03816643794002137,0.6168855425756355,0.02105771210275776,B
source::data/raw/source_domain/cwru_48khz_de/B014_1.mat::w0000,data/raw/source_domain/cwru_48khz_de/B014_1.mat,B,1.0,F1,R1,test,E3_mechanism_logreg,LR_0.1_none,0.03980908590334795,0.018664963320188452,0.9387246273649551,0.0028013234115083848,B
source::data/raw/source_domain/cwru_48khz_de/B014_1.mat::w0001,data/raw/source_domain/cwru_48khz_de/B014_1.mat,B,1.0,F1,R1,test,E3_mechanism_logreg,LR_0.1_none,0.08703794186532379,0.01206093121733151,0.8977079991739909,0.003193127743353631,B
source::data/raw/source_domain/cwru_48khz_de/B014_1.mat::w0002,data/raw/source_domain/cwru_48khz_de/B014_1.mat,B,1.0,F1,R1,test,E3_mechanism_logreg,LR_0.1_none,0.04492122091365778,0.013074408220834464,0.9367285486871809,0.005275822178326918,B
source::data/raw/source_domain/cwru_48khz_de/B014_1.mat::w0003,data/raw/source_domain/cwru_48khz_de/B014_1.mat,B,1.0,F1,R1,test,E3_mechanism_logreg,LR_0.1_none,0.04925220611194896,0.018014107338240517,0.911127645729184,0.021606040820626508,B
source::data/raw/source_domain/cwru_48khz_de/B014_1.mat::w0004,data/raw/source_domain/cwru_48khz_de/B014_1.mat,B,1.0,F1,R1,test,E3_mechanism_logreg,LR_0.1_none,0.16467263531428553,0.011582474706045424,0.7969320034597963,0.026812886519872667,B
source::data/raw/source_domain/cwru_48khz_de/B014_1.mat::w0005,data/raw/source_domain/cwru_48khz_de/B014_1.mat,B,1.0,F1,R1,test,E3_mechanism_logreg,LR_0.1_none,0.18100197090357,0.06778711776033541,0.7171313591098083,0.03407955222628619,B
source::data/raw/source_domain/cwru_48khz_de/B014_1.mat::w0006,data/raw/source_domain/cwru_48khz_de/B014_1.mat,B,1.0,F1,R1,test,E3_mechanism_logreg,LR_0.1_none,0.02014719967540996,0.004523385655752502,0.9725930702255493,0.002736344443288136,B
source::data/raw/source_domain/cwru_48khz_de/B021_2.mat::w0000,data/raw/source_domain/cwru_48khz_de/B021_2.mat,B,2.0,F1,R1,test,E3_mechanism_logreg,LR_0.1_none,0.29145898415094373,0.05864161608993863,0.6486493672448694,0.0012500325142483968,B
source::data/raw/source_domain/cwru_48khz_de/B021_2.mat::w0001,data/raw/source_domain/cwru_48khz_de/B021_2.mat,B,2.0,F1,R1,test,E3_mechanism_logreg,LR_0.1_none,0.4100163354554931,0.010983524697163828,0.5781107791429605,0.0008893607043826871,B
source::data/raw/source_domain/cwru_48khz_de/B021_2.mat::w0002,data/raw/source_domain/cwru_48khz_de/B021_2.mat,B,2.0,F1,R1,test,E3_mechanism_logreg,LR_0.1_none,0.6434177320508937,0.025787208948635884,0.32990824098698757,0.0008868180134828956,OR
source::data/raw/source_domain/cwru_48khz_de/B021_2.mat::w0003,data/raw/source_domain/cwru_48khz_de/B021_2.mat,B,2.0,F1,R1,test,E3_mechanism_logreg,LR_0.1_none,0.09038702641719117,0.23002772190474977,0.6788216909567242,0.0007635607213350111,B
source::data/raw/source_domain/cwru_48khz_de/B021_2.mat::w0004,data/raw/source_domain/cwru_48khz_de/B021_2.mat,B,2.0,F1,R1,test,E3_mechanism_logreg,LR_0.1_none,0.5244359949803081,0.0011431778527073483,0.47401233053916114,0.0004084966278232877,OR
source::data/raw/source_domain/cwru_48khz_de/B021_2.mat::w0005,data/raw/source_domain/cwru_48khz_de/B021_2.mat,B,2.0,F1,R1,test,E3_mechanism_logreg,LR_0.1_none,0.3334865164127529,0.06171660543262773,0.6033226320132176,0.0014742461414018067,B
source::data/raw/source_domain/cwru_48khz_de/B021_2.mat::w0006,data/raw/source_domain/cwru_48khz_de/B021_2.mat,B,2.0,F1,R1,test,E3_mechanism_logreg,LR_0.1_none,0.25351854710175686,0.024557447564542326,0.7210009374261291,0.000923067907571644,B
source::data/raw/source_domain/cwru_48khz_de/IR007_1.mat::w0000,data/raw/source_domain/cwru_48khz_de/IR007_1.mat,IR,1.0,F1,R1,test,E3_mechanism_logreg,LR_0.1_none,0.0026793708453447702,0.990596292683305,0.004630104503182208,0.002094231968167957,IR
source::data/raw/source_domain/cwru_48khz_de/IR007_1.mat::w0001,data/raw/source_domain/cwru_48khz_de/IR007_1.mat,IR,1.0,F1,R1,test,E3_mechanism_logreg,LR_0.1_none,0.004777635827158398,0.9848822104439701,0.007090681345612649,0.0032494723832588697,IR
source::data/raw/source_domain/cwru_48khz_de/IR007_1.mat::w0002,data/raw/source_domain/cwru_48khz_de/IR007_1.mat,IR,1.0,F1,R1,test,E3_mechanism_logreg,LR_0.1_none,0.0053529508624514995,0.9838927989683053,0.007264546617309418,0.0034897035519338105,IR
source::data/raw/source_domain/cwru_48khz_de/IR007_1.mat::w0003,data/raw/source_domain/cwru_48khz_de/IR007_1.mat,IR,1.0,F1,R1,test,E3_mechanism_logreg,LR_0.1_none,0.0014172895895305994,0.9951710483832644,0.0020743743689149285,0.0013372876582900548,IR
source::data/raw/source_domain/cwru_48khz_de/IR007_1.mat::w0004,data/raw/source_domain/cwru_48khz_de/IR007_1.mat,IR,1.0,F1,R1,test,E3_mechanism_logreg,LR_0.1_none,0.004496841183538362,0.9880437765432913,0.004494989970475781,0.002964392302694507,IR
source::data/raw/source_domain/cwru_48khz_de/IR007_1.mat::w0005,data/raw/source_domain/cwru_48khz_de/IR007_1.mat,IR,1.0,F1,R1,test,E3_mechanism_logreg,LR_0.1_none,0.00836229968034716,0.9783069050805916,0.00886390492138967,0.00446689031767161,IR
source::data/raw/source_domain/cwru_48khz_de/IR007_1.mat::w0006,data/raw/source_domain/cwru_48khz_de/IR007_1.mat,IR,1.0,F1,R1,test,E3_mechanism_logreg,LR_0.1_none,0.0038783312554699543,0.9883839180568588,0.005022945767175508,0.0027148049204956727,IR
source::data/raw/source_domain/cwru_48khz_de/IR014_2.mat::w0000,data/raw/source_domain/cwru_48khz_de/IR014_2.mat,IR,2.0,F1,R1,test,E3_mechanism_logreg,LR_0.1_none,0.2379524395980052,0.7158483853469932,0.04504791375489674,0.0011512613001048414,IR
source::data/raw/source_domain/cwru_48khz_de/IR014_2.mat::w0001,data/raw/source_domain/cwru_48khz_de/IR014_2.mat,IR,2.0,F1,R1,test,E3_mechanism_logreg,LR_0.1_none,0.18032559375526058,0.7850980622665722,0.03371544032819493,0.0008609036499721862,IR
source::data/raw/source_domain/cwru_48khz_de/IR014_2.mat::w0002,data/raw/source_domain/cwru_48khz_de/IR014_2.mat,IR,2.0,F1,R1,test,E3_mechanism_logreg,LR_0.1_none,0.19957668024433292,0.7296501998726151,0.0697704788489189,0.0010026410341330524,IR
source::data/raw/source_domain/cwru_48khz_de/IR014_2.mat::w0003,data/raw/source_domain/cwru_48khz_de/IR014_2.mat,IR,2.0,F1,R1,test,E3_mechanism_logreg,LR_0.1_none,0.21488146073327108,0.7104746012946548,0.07375639316653645,0.00088754480553774,IR
source::data/raw/source_domain/cwru_48khz_de/IR014_2.mat::w0004,data/raw/source_domain/cwru_48khz_de/IR014_2.mat,IR,2.0,F1,R1,test,E3_mechanism_logreg,LR_0.1_none,0.18796121997853202,0.7710032806345143,0.040048072203904314,0.0009874271830492564,IR
source::data/raw/source_domain/cwru_48khz_de/IR014_2.mat::w0005,data/raw/source_domain/cwru_48khz_de/IR014_2.mat,IR,2.0,F1,R1,test,E3_mechanism_logreg,LR_0.1_none,0.2025980122785456,0.7588968562986629,0.037102604359981625,0.0014025270628097,IR
source::data/raw/source_domain/cwru_48khz_de/IR014_2.mat::w0006,data/raw/source_domain/cwru_48khz_de/IR014_2.mat,IR,2.0,F1,R1,test,E3_mechanism_logreg,LR_0.1_none,0.23039528382393154,0.7296815716334705,0.03882660691193797,0.0010965376306601657,IR
source::data/raw/source_domain/cwru_48khz_de/IR021_3.mat::w0000,data/raw/source_domain/cwru_48khz_de/IR021_3.mat,IR,3.0,F1,R1,test,E3_mechanism_logreg,LR_0.1_none,0.20043789634011056,0.7699969998564036,0.02754808178124854,0.0020170220222372882,IR
source::data/raw/source_domain/cwru_48khz_de/IR021_3.mat::w0001,data/raw/source_domain/cwru_48khz_de/IR021_3.mat,IR,3.0,F1,R1,test,E3_mechanism_logreg,LR_0.1_none,0.20901444806605937,0.7738563871249398,0.015374968999629653,0.0017541958093711695,IR
source::data/raw/source_domain/cwru_48khz_de/IR021_3.mat::w0002,data/raw/source_domain/cwru_48khz_de/IR021_3.mat,IR,3.0,F1,R1,test,E3_mechanism_logreg,LR_0.1_none,0.1984638805782089,0.7688078640932813,0.030539061199602358,0.0021891941289074435,IR
source::data/raw/source_domain/cwru_48khz_de/IR021_3.mat::w0003,data/raw/source_domain/cwru_48khz_de/IR021_3.mat,IR,3.0,F1,R1,test,E3_mechanism_logreg,LR_0.1_none,0.16291975287581312,0.8132263609938455,0.02205645794226526,0.0017974281880761658,IR
source::data/raw/source_domain/cwru_48khz_de/IR021_3.mat::w0004,data/raw/source_domain/cwru_48khz_de/IR021_3.mat,IR,3.0,F1,R1,test,E3_mechanism_logreg,LR_0.1_none,0.17081075629833684,0.7977221638117882,0.029372880370903298,0.002094199518971753,IR
source::data/raw/source_domain/cwru_48khz_de/IR021_3.mat::w0005,data/raw/source_domain/cwru_48khz_de/IR021_3.mat,IR,3.0,F1,R1,test,E3_mechanism_logreg,LR_0.1_none,0.14294354352745403,0.8494594938627557,0.006406502959411446,0.0011904596503788498,IR
source::data/raw/source_domain/cwru_48khz_de/IR021_3.mat::w0006,data/raw/source_domain/cwru_48khz_de/IR021_3.mat,IR,3.0,F1,R1,test,E3_mechanism_logreg,LR_0.1_none,0.1730247336676287,0.8100882253575679,0.015197842071939596,0.0016891989028638098,IR
source::data/raw/source_domain/cwru_48khz_de/OR007@12_2.mat::w0000,data/raw/source_domain/cwru_48khz_de/OR007@12_2.mat,OR,2.0,F1,R1,test,E3_mechanism_logreg,LR_0.1_none,0.6385218097092615,0.3102507539837416,0.047377874337214555,0.0038495619697823434,OR
source::data/raw/source_domain/cwru_48khz_de/OR007@12_2.mat::w0001,data/raw/source_domain/cwru_48khz_de/OR007@12_2.mat,OR,2.0,F1,R1,test,E3_mechanism_logreg,LR_0.1_none,0.7456923431478178,0.19288749192846022,0.05716497955984156,0.004255185363880302,OR
source::data/raw/source_domain/cwru_48khz_de/OR007@12_2.mat::w0002,data/raw/source_domain/cwru_48khz_de/OR007@12_2.mat,OR,2.0,F1,R1,test,E3_mechanism_logreg,LR_0.1_none,0.6582878022879985,0.28499536427199285,0.05269813302451236,0.0040187004154961445,OR
source::data/raw/source_domain/cwru_48khz_de/OR007@12_2.mat::w0003,data/raw/source_domain/cwru_48khz_de/OR007@12_2.mat,OR,2.0,F1,R1,test,E3_mechanism_logreg,LR_0.1_none,0.6269318009296134,0.31086223702438487,0.057794998141864666,0.0044109639041369905,OR
source::data/raw/source_domain/cwru_48khz_de/OR007@12_2.mat::w0004,data/raw/source_domain/cwru_48khz_de/OR007@12_2.mat,OR,2.0,F1,R1,test,E3_mechanism_logreg,LR_0.1_none,0.6395441458681126,0.3106486393670709,0.04567526050883338,0.004131954255983088,OR
source::data/raw/source_domain/cwru_48khz_de/OR007@12_2.mat::w0005,data/raw/source_domain/cwru_48khz_de/OR007@12_2.mat,OR,2.0,F1,R1,test,E3_mechanism_logreg,LR_0.1_none,0.6317253508931322,0.30253548702665656,0.061092067340184866,0.004647094740026376,OR
source::data/raw/source_domain/cwru_48khz_de/OR007@12_2.mat::w0006,data/raw/source_domain/cwru_48khz_de/OR007@12_2.mat,OR,2.0,F1,R1,test,E3_mechanism_logreg,LR_0.1_none,0.7136535600458738,0.21408778839966602,0.06773886185797011,0.00451978969649012,OR
source::data/raw/source_domain/cwru_48khz_de/OR007@3_0.mat::w0000,data/raw/source_domain/cwru_48khz_de/OR007@3_0.mat,OR,0.0,F1,R1,test,E3_mechanism_logreg,LR_0.1_none,0.9366185922723761,0.0508012446935198,0.008500809691981408,0.004079353342122799,OR
source::data/raw/source_domain/cwru_48khz_de/OR007@3_0.mat::w0001,data/raw/source_domain/cwru_48khz_de/OR007@3_0.mat,OR,0.0,F1,R1,test,E3_mechanism_logreg,LR_0.1_none,0.8421221531467316,0.1513717073422939,0.0031984246752023524,0.003307714835772148,OR
source::data/raw/source_domain/cwru_48khz_de/OR007@3_0.mat::w0002,data/raw/source_domain/cwru_48khz_de/OR007@3_0.mat,OR,0.0,F1,R1,test,E3_mechanism_logreg,LR_0.1_none,0.7999889084428291,0.19677585673456505,0.0010336645145440884,0.0022015703080617787,OR
source::data/raw/source_domain/cwru_48khz_de/OR007@3_0.mat::w0003,data/raw/source_domain/cwru_48khz_de/OR007@3_0.mat,OR,0.0,F1,R1,test,E3_mechanism_logreg,LR_0.1_none,0.40368478081630815,0.5947381037128668,0.00023366419602036397,0.00134345127480473,IR
source::data/raw/source_domain/cwru_48khz_de/OR007@6_1.mat::w0000,data/raw/source_domain/cwru_48khz_de/OR007@6_1.mat,OR,1.0,F1,R1,test,E3_mechanism_logreg,LR_0.1_none,0.9999765003117348,3.510784596543656e-07,1.9556438642547026e-05,3.592171163083547e-06,OR
source::data/raw/source_domain/cwru_48khz_de/OR007@6_1.mat::w0001,data/raw/source_domain/cwru_48khz_de/OR007@6_1.mat,OR,1.0,F1,R1,test,E3_mechanism_logreg,LR_0.1_none,0.9999254893785767,3.877043980388604e-05,2.1993927516201895e-05,1.3746254103323574e-05,OR
source::data/raw/source_domain/cwru_48khz_de/OR007@6_1.mat::w0002,data/raw/source_domain/cwru_48khz_de/OR007@6_1.mat,OR,1.0,F1,R1,test,E3_mechanism_logreg,LR_0.1_none,0.9998916081895571,7.812788119757691e-05,1.5971013083142466e-05,1.4292916162210735e-05,OR
source::data/raw/source_domain/cwru_48khz_de/OR007@6_1.mat::w0003,data/raw/source_domain/cwru_48khz_de/OR007@6_1.mat,OR,1.0,F1,R1,test,E3_mechanism_logreg,LR_0.1_none,0.9998616521989351,0.00011344772714348792,1.0519340726407904e-05,1.4380733195045343e-05,OR
source::data/raw/source_domain/cwru_48khz_de/OR007@6_1.mat::w0004,data/raw/source_domain/cwru_48khz_de/OR007@6_1.mat,OR,1.0,F1,R1,test,E3_mechanism_logreg,LR_0.1_none,0.9999393796081784,2.5886621193311263e-05,2.237708371781266e-05,1.2356686910631062e-05,OR
source::data/raw/source_domain/cwru_48khz_de/OR007@6_1.mat::w0005,data/raw/source_domain/cwru_48khz_de/OR007@6_1.mat,OR,1.0,F1,R1,test,E3_mechanism_logreg,LR_0.1_none,0.9999743250958196,2.5312715117284283e-06,1.7323807740563868e-05,5.8198249281887845e-06,OR
source::data/raw/source_domain/cwru_48khz_de/OR007@6_1.mat::w0006,data/raw/source_domain/cwru_48khz_de/OR007@6_1.mat,OR,1.0,F1,R1,test,E3_mechanism_logreg,LR_0.1_none,0.9998837447220256,6.544053986501274e-05,3.226793947776937e-05,1.854679863160717e-05,OR
source::data/raw/source_domain/cwru_48khz_de/OR014@6_3.mat::w0000,data/raw/source_domain/cwru_48khz_de/OR014@6_3.mat,OR,3.0,F1,R1,test,E3_mechanism_logreg,LR_0.1_none,0.3046874792932006,0.043274418969558026,0.6394976477794895,0.012540453957751873,B
source::data/raw/source_domain/cwru_48khz_de/OR014@6_3.mat::w0001,data/raw/source_domain/cwru_48khz_de/OR014@6_3.mat,OR,3.0,F1,R1,test,E3_mechanism_logreg,LR_0.1_none,0.42837516732085595,0.08138052134967216,0.47839222414026517,0.011852087189206658,B
source::data/raw/source_domain/cwru_48khz_de/OR014@6_3.mat::w0002,data/raw/source_domain/cwru_48khz_de/OR014@6_3.mat,OR,3.0,F1,R1,test,E3_mechanism_logreg,LR_0.1_none,0.3216222370507347,0.01741153368977838,0.6507404076203547,0.010225821639132224,B
source::data/raw/source_domain/cwru_48khz_de/OR014@6_3.mat::w0003,data/raw/source_domain/cwru_48khz_de/OR014@6_3.mat,OR,3.0,F1,R1,test,E3_mechanism_logreg,LR_0.1_none,0.3449726961164453,0.018637236237868192,0.6266092387311919,0.009780828914494635,B
source::data/raw/source_domain/cwru_48khz_de/OR014@6_3.mat::w0004,data/raw/source_domain/cwru_48khz_de/OR014@6_3.mat,OR,3.0,F1,R1,test,E3_mechanism_logreg,LR_0.1_none,0.38336189077625726,0.06425458050618073,0.5407468736435164,0.011636655074045767,B
source::data/raw/source_domain/cwru_48khz_de/OR014@6_3.mat::w0005,data/raw/source_domain/cwru_48khz_de/OR014@6_3.mat,OR,3.0,F1,R1,test,E3_mechanism_logreg,LR_0.1_none,0.35137960790096473,0.09171212230624255,0.5418018098689903,0.015106459923802322,B
source::data/raw/source_domain/cwru_48khz_de/OR014@6_3.mat::w0006,data/raw/source_domain/cwru_48khz_de/OR014@6_3.mat,OR,3.0,F1,R1,test,E3_mechanism_logreg,LR_0.1_none,0.3667566266151149,0.028813540552071165,0.5926322768922596,0.011797555940554332,B
source::data/raw/source_domain/cwru_48khz_de/OR021@12_3.mat::w0000,data/raw/source_domain/cwru_48khz_de/OR021@12_3.mat,OR,3.0,F1,R1,test,E3_mechanism_logreg,LR_0.1_none,0.894311527120085,0.08131958773117853,0.02369835701431621,0.0006705281344202668,OR
source::data/raw/source_domain/cwru_48khz_de/OR021@12_3.mat::w0001,data/raw/source_domain/cwru_48khz_de/OR021@12_3.mat,OR,3.0,F1,R1,test,E3_mechanism_logreg,LR_0.1_none,0.8404450277219848,0.13063601820910423,0.028041414978857333,0.0008775390900535561,OR
source::data/raw/source_domain/cwru_48khz_de/OR021@12_3.mat::w0002,data/raw/source_domain/cwru_48khz_de/OR021@12_3.mat,OR,3.0,F1,R1,test,E3_mechanism_logreg,LR_0.1_none,0.890029740399367,0.08606698484712602,0.023242872743397786,0.0006604020101092848,OR
source::data/raw/source_domain/cwru_48khz_de/OR021@12_3.mat::w0003,data/raw/source_domain/cwru_48khz_de/OR021@12_3.mat,OR,3.0,F1,R1,test,E3_mechanism_logreg,LR_0.1_none,0.8116180107289527,0.15315434222656885,0.034472656752882413,0.0007549902915961504,OR
source::data/raw/source_domain/cwru_48khz_de/OR021@12_3.mat::w0004,data/raw/source_domain/cwru_48khz_de/OR021@12_3.mat,OR,3.0,F1,R1,test,E3_mechanism_logreg,LR_0.1_none,0.8287653914046589,0.13068298159083416,0.039661148668963156,0.0008904783355438591,OR
source::data/raw/source_domain/cwru_48khz_de/OR021@12_3.mat::w0005,data/raw/source_domain/cwru_48khz_de/OR021@12_3.mat,OR,3.0,F1,R1,test,E3_mechanism_logreg,LR_0.1_none,0.8160046485086127,0.15591459150205364,0.027280707655705047,0.0008000523336286506,OR
source::data/raw/source_domain/cwru_48khz_de/OR021@12_3.mat::w0006,data/raw/source_domain/cwru_48khz_de/OR021@12_3.mat,OR,3.0,F1,R1,test,E3_mechanism_logreg,LR_0.1_none,0.8300046121576313,0.14639627695573704,0.02268367421572913,0.0009154366709024673,OR
source::data/raw/source_domain/cwru_48khz_de/OR021@3_1.mat::w0000,data/raw/source_domain/cwru_48khz_de/OR021@3_1.mat,OR,1.0,F1,R1,test,E3_mechanism_logreg,LR_0.1_none,0.9400544181793824,0.015271652400336505,0.043606151703798134,0.001067777716482906,OR
source::data/raw/source_domain/cwru_48khz_de/OR021@3_1.mat::w0001,data/raw/source_domain/cwru_48khz_de/OR021@3_1.mat,OR,1.0,F1,R1,test,E3_mechanism_logreg,LR_0.1_none,0.9762268841589535,6.929077071757248e-05,0.023498953341608314,0.0002048717287204946,OR
source::data/raw/source_domain/cwru_48khz_de/OR021@3_1.mat::w0002,data/raw/source_domain/cwru_48khz_de/OR021@3_1.mat,OR,1.0,F1,R1,test,E3_mechanism_logreg,LR_0.1_none,0.9710403041787872,0.00027655689778213305,0.02835562970005739,0.0003275092233733355,OR
source::data/raw/source_domain/cwru_48khz_de/OR021@3_1.mat::w0003,data/raw/source_domain/cwru_48khz_de/OR021@3_1.mat,OR,1.0,F1,R1,test,E3_mechanism_logreg,LR_0.1_none,0.976903305783892,0.0034988321815250818,0.01899275308875332,0.000605108945829539,OR
source::data/raw/source_domain/cwru_48khz_de/OR021@3_1.mat::w0004,data/raw/source_domain/cwru_48khz_de/OR021@3_1.mat,OR,1.0,F1,R1,test,E3_mechanism_logreg,LR_0.1_none,0.968644143500832,0.005275484995516823,0.02526418797036489,0.0008161835332863555,OR
source::data/raw/source_domain/cwru_48khz_de/OR021@3_1.mat::w0005,data/raw/source_domain/cwru_48khz_de/OR021@3_1.mat,OR,1.0,F1,R1,test,E3_mechanism_logreg,LR_0.1_none,0.9370163209343043,0.025934639314861726,0.035803954613558564,0.0012450851372755025,OR
source::data/raw/source_domain/cwru_48khz_de/OR021@3_1.mat::w0006,data/raw/source_domain/cwru_48khz_de/OR021@3_1.mat,OR,1.0,F1,R1,test,E3_mechanism_logreg,LR_0.1_none,0.9224927683495524,0.04520699301587565,0.031003609310963923,0.0012966293236080005,OR
source::data/raw/source_domain/cwru_48khz_de/OR021@6_2.mat::w0000,data/raw/source_domain/cwru_48khz_de/OR021@6_2.mat,OR,2.0,F1,R1,test,E3_mechanism_logreg,LR_0.1_none,0.9636041730864056,0.034242214776093134,0.0018216189273393057,0.000331993210162028,OR
source::data/raw/source_domain/cwru_48khz_de/OR021@6_2.mat::w0001,data/raw/source_domain/cwru_48khz_de/OR021@6_2.mat,OR,2.0,F1,R1,test,E3_mechanism_logreg,LR_0.1_none,0.9571248555077739,0.0410887627636443,0.001534364667754978,0.0002520170608268788,OR
source::data/raw/source_domain/cwru_48khz_de/OR021@6_2.mat::w0002,data/raw/source_domain/cwru_48khz_de/OR021@6_2.mat,OR,2.0,F1,R1,test,E3_mechanism_logreg,LR_0.1_none,0.9495095793729297,0.04867960569374393,0.001495890811374466,0.0003149241219519938,OR
source::data/raw/source_domain/cwru_48khz_de/OR021@6_2.mat::w0003,data/raw/source_domain/cwru_48khz_de/OR021@6_2.mat,OR,2.0,F1,R1,test,E3_mechanism_logreg,LR_0.1_none,0.9353465857546404,0.06286630283971488,0.001340198526945663,0.0004469128786989662,OR
source::data/raw/source_domain/cwru_48khz_de/OR021@6_2.mat::w0004,data/raw/source_domain/cwru_48khz_de/OR021@6_2.mat,OR,2.0,F1,R1,test,E3_mechanism_logreg,LR_0.1_none,0.941650493214406,0.0550206932823785,0.0027505903998735945,0.0005782231033420052,OR
source::data/raw/source_domain/cwru_48khz_de/OR021@6_2.mat::w0005,data/raw/source_domain/cwru_48khz_de/OR021@6_2.mat,OR,2.0,F1,R1,test,E3_mechanism_logreg,LR_0.1_none,0.9246106691537304,0.0720135831515887,0.00263660476258577,0.000739142932095205,OR
source::data/raw/source_domain/cwru_48khz_de/OR021@6_2.mat::w0006,data/raw/source_domain/cwru_48khz_de/OR021@6_2.mat,OR,2.0,F1,R1,test,E3_mechanism_logreg,LR_0.1_none,0.9492904931239168,0.048832346368870856,0.0013820452251560363,0.0004951152820563858,OR
source::data/raw/source_domain/cwru_48khz_normal/N_0.mat::w0000,data/raw/source_domain/cwru_48khz_normal/N_0.mat,N,0.0,F1,R1,test,E3_mechanism_logreg,LR_0.1_none,0.8639397247000206,0.0755507812287088,0.0014537039114424944,0.05905579015982821,OR
source::data/raw/source_domain/cwru_48khz_normal/N_0.mat::w0001,data/raw/source_domain/cwru_48khz_normal/N_0.mat,N,0.0,F1,R1,test,E3_mechanism_logreg,LR_0.1_none,0.616115950144802,0.284225791372734,0.005291593632458383,0.09436666485000557,OR
source::data/raw/source_domain/cwru_48khz_normal/N_0.mat::w0002,data/raw/source_domain/cwru_48khz_normal/N_0.mat,N,0.0,F1,R1,test,E3_mechanism_logreg,LR_0.1_none,0.7247718524569597,0.2111288112493124,0.0019361407408588494,0.06216319555286901,OR
source::data/raw/source_domain/cwru_48khz_normal/N_0.mat::w0003,data/raw/source_domain/cwru_48khz_normal/N_0.mat,N,0.0,F1,R1,test,E3_mechanism_logreg,LR_0.1_none,0.7163438401924793,0.1438753711912346,0.013943229116795868,0.12583755949949008,OR
source::data/raw/source_domain/cwru_48khz_normal/N_0.mat::w0004,data/raw/source_domain/cwru_48khz_normal/N_0.mat,N,0.0,F1,R1,test,E3_mechanism_logreg,LR_0.1_none,0.7168909542890038,0.17052539323931815,0.005499161024025505,0.10708449144765252,OR
source::data/raw/source_domain/cwru_48khz_normal/N_0.mat::w0005,data/raw/source_domain/cwru_48khz_normal/N_0.mat,N,0.0,F1,R1,test,E3_mechanism_logreg,LR_0.1_none,0.5381503791504031,0.3279638605318432,0.00750429662738823,0.1263814636903656,OR
source::data/raw/source_domain/cwru_48khz_normal/N_0.mat::w0006,data/raw/source_domain/cwru_48khz_normal/N_0.mat,N,0.0,F1,R1,test,E3_mechanism_logreg,LR_0.1_none,0.7233640640523951,0.16408006918151682,0.004689554003595147,0.107866312762493,OR
source::data/raw/source_domain/cwru_48khz_normal/N_0.mat::w0007,data/raw/source_domain/cwru_48khz_normal/N_0.mat,N,0.0,F1,R1,test,E3_mechanism_logreg,LR_0.1_none,0.7349715208015393,0.18571570215321384,0.0020393424150066146,0.07727343463024026,OR
source::data/raw/source_domain/cwru_48khz_normal/N_0.mat::w0008,data/raw/source_domain/cwru_48khz_normal/N_0.mat,N,0.0,F1,R1,test,E3_mechanism_logreg,LR_0.1_none,0.6748942339839196,0.2439356570957206,0.0036631840472610634,0.07750692487309882,OR
source::data/raw/source_domain/cwru_48khz_de/B007_1.mat::w0000,data/raw/source_domain/cwru_48khz_de/B007_1.mat,B,1.0,F2,R2,test,E3_mechanism_logreg,LR_1_none,0.0980392278884853,0.0008736409303361873,0.8982480679312487,0.002839063249929747,B
source::data/raw/source_domain/cwru_48khz_de/B007_1.mat::w0001,data/raw/source_domain/cwru_48khz_de/B007_1.mat,B,1.0,F2,R2,test,E3_mechanism_logreg,LR_1_none,0.5983132725365519,0.015831395817197353,0.37690872305051876,0.008946608595732042,OR
source::data/raw/source_domain/cwru_48khz_de/B007_1.mat::w0002,data/raw/source_domain/cwru_48khz_de/B007_1.mat,B,1.0,F2,R2,test,E3_mechanism_logreg,LR_1_none,0.09764229784327498,0.007075929143750864,0.8919335249207652,0.0033482480922089786,B
source::data/raw/source_domain/cwru_48khz_de/B007_1.mat::w0003,data/raw/source_domain/cwru_48khz_de/B007_1.mat,B,1.0,F2,R2,test,E3_mechanism_logreg,LR_1_none,0.1743034327813416,0.012074431755510399,0.806649340678148,0.0069727947850000485,B
source::data/raw/source_domain/cwru_48khz_de/B007_1.mat::w0004,data/raw/source_domain/cwru_48khz_de/B007_1.mat,B,1.0,F2,R2,test,E3_mechanism_logreg,LR_1_none,0.3821800195688284,0.004973273590671495,0.6068447371721821,0.006001969668317975,B
source::data/raw/source_domain/cwru_48khz_de/B007_1.mat::w0005,data/raw/source_domain/cwru_48khz_de/B007_1.mat,B,1.0,F2,R2,test,E3_mechanism_logreg,LR_1_none,0.5675689751106316,0.01005689941054727,0.4117908776345496,0.01058324784427157,OR
source::data/raw/source_domain/cwru_48khz_de/B007_1.mat::w0006,data/raw/source_domain/cwru_48khz_de/B007_1.mat,B,1.0,F2,R2,test,E3_mechanism_logreg,LR_1_none,0.15711983968075388,0.0036810804200791795,0.8340887788794158,0.005110301019751283,B
source::data/raw/source_domain/cwru_48khz_de/B014_2.mat::w0000,data/raw/source_domain/cwru_48khz_de/B014_2.mat,B,2.0,F2,R2,test,E3_mechanism_logreg,LR_1_none,0.0003440494829313752,2.3893247764369388e-05,0.9996298642027134,2.193066590992924e-06,B
source::data/raw/source_domain/cwru_48khz_de/B014_2.mat::w0001,data/raw/source_domain/cwru_48khz_de/B014_2.mat,B,2.0,F2,R2,test,E3_mechanism_logreg,LR_1_none,0.0005374601200855439,0.00014140738694731148,0.9992275644151746,9.356807779262367e-05,B
source::data/raw/source_domain/cwru_48khz_de/B014_2.mat::w0002,data/raw/source_domain/cwru_48khz_de/B014_2.mat,B,2.0,F2,R2,test,E3_mechanism_logreg,LR_1_none,5.446900017724512e-05,6.43958860889363e-05,0.9998808821265768,2.529871571653075e-07,B
source::data/raw/source_domain/cwru_48khz_de/B014_2.mat::w0003,data/raw/source_domain/cwru_48khz_de/B014_2.mat,B,2.0,F2,R2,test,E3_mechanism_logreg,LR_1_none,0.00036496857997427007,0.00012622251696831044,0.9995077778574992,1.0310455582826895e-06,B
source::data/raw/source_domain/cwru_48khz_de/B014_2.mat::w0004,data/raw/source_domain/cwru_48khz_de/B014_2.mat,B,2.0,F2,R2,test,E3_mechanism_logreg,LR_1_none,0.012257684555522686,0.08868443516273278,0.8989889660191852,6.891426255908223e-05,B
source::data/raw/source_domain/cwru_48khz_de/B014_2.mat::w0005,data/raw/source_domain/cwru_48khz_de/B014_2.mat,B,2.0,F2,R2,test,E3_mechanism_logreg,LR_1_none,0.0025444842616604837,0.23508454275250756,0.7623041503856796,6.682260015221226e-05,B
source::data/raw/source_domain/cwru_48khz_de/B014_2.mat::w0006,data/raw/source_domain/cwru_48khz_de/B014_2.mat,B,2.0,F2,R2,test,E3_mechanism_logreg,LR_1_none,0.004220492685996574,0.011852936759341008,0.9834458585371191,0.0004807120175434385,B
source::data/raw/source_domain/cwru_48khz_de/B021_3.mat::w0000,data/raw/source_domain/cwru_48khz_de/B021_3.mat,B,3.0,F2,R2,test,E3_mechanism_logreg,LR_1_none,0.0004679617229084284,0.0005325787971999192,0.9989976051580239,1.8543218676806757e-06,B
source::data/raw/source_domain/cwru_48khz_de/B021_3.mat::w0001,data/raw/source_domain/cwru_48khz_de/B021_3.mat,B,3.0,F2,R2,test,E3_mechanism_logreg,LR_1_none,0.13950353805583196,0.00039744440916325243,0.8600799776532854,1.9039881719381818e-05,B
source::data/raw/source_domain/cwru_48khz_de/B021_3.mat::w0002,data/raw/source_domain/cwru_48khz_de/B021_3.mat,B,3.0,F2,R2,test,E3_mechanism_logreg,LR_1_none,0.13420297880732826,0.00012167855370312263,0.8656628947192784,1.2447919690218121e-05,B
source::data/raw/source_domain/cwru_48khz_de/B021_3.mat::w0003,data/raw/source_domain/cwru_48khz_de/B021_3.mat,B,3.0,F2,R2,test,E3_mechanism_logreg,LR_1_none,0.19620430010956608,0.00577807453764165,0.7979840413923749,3.3583960417504044e-05,B
source::data/raw/source_domain/cwru_48khz_de/B021_3.mat::w0004,data/raw/source_domain/cwru_48khz_de/B021_3.mat,B,3.0,F2,R2,test,E3_mechanism_logreg,LR_1_none,0.19138266942351725,0.005658969666192706,0.8029045222491314,5.3838661158682295e-05,B
source::data/raw/source_domain/cwru_48khz_de/B021_3.mat::w0005,data/raw/source_domain/cwru_48khz_de/B021_3.mat,B,3.0,F2,R2,test,E3_mechanism_logreg,LR_1_none,0.0004636874160598607,0.1813477767955678,0.8181277537070039,6.078208136840547e-05,B
source::data/raw/source_domain/cwru_48khz_de/B021_3.mat::w0006,data/raw/source_domain/cwru_48khz_de/B021_3.mat,B,3.0,F2,R2,test,E3_mechanism_logreg,LR_1_none,0.03951476504153917,0.004672533860508231,0.9557882453066943,2.4455791258508078e-05,B
source::data/raw/source_domain/cwru_48khz_de/IR007_2.mat::w0000,data/raw/source_domain/cwru_48khz_de/IR007_2.mat,IR,2.0,F2,R2,test,E3_mechanism_logreg,LR_1_none,7.683137803898415e-05,0.9997561539867682,1.797608328941931e-05,0.00014903855190349412,IR
source::data/raw/source_domain/cwru_48khz_de/IR007_2.mat::w0001,data/raw/source_domain/cwru_48khz_de/IR007_2.mat,IR,2.0,F2,R2,test,E3_mechanism_logreg,LR_1_none,2.1265194840989908e-07,0.9999978975918343,7.40075890791844e-08,1.815748628186716e-06,IR
source::data/raw/source_domain/cwru_48khz_de/IR007_2.mat::w0002,data/raw/source_domain/cwru_48khz_de/IR007_2.mat,IR,2.0,F2,R2,test,E3_mechanism_logreg,LR_1_none,2.7370163616162902e-05,0.9998979043984512,8.019557602866516e-06,6.670588032987405e-05,IR
source::data/raw/source_domain/cwru_48khz_de/IR007_2.mat::w0003,data/raw/source_domain/cwru_48khz_de/IR007_2.mat,IR,2.0,F2,R2,test,E3_mechanism_logreg,LR_1_none,3.047843014382631e-05,0.9999007705804888,7.0120966745347545e-06,6.173889269297085e-05,IR
source::data/raw/source_domain/cwru_48khz_de/IR007_2.mat::w0004,data/raw/source_domain/cwru_48khz_de/IR007_2.mat,IR,2.0,F2,R2,test,E3_mechanism_logreg,LR_1_none,0.00017973015154102047,0.999333030265544,0.0001043662712907997,0.0003828733116241803,IR
source::data/raw/source_domain/cwru_48khz_de/IR007_2.mat::w0005,data/raw/source_domain/cwru_48khz_de/IR007_2.mat,IR,2.0,F2,R2,test,E3_mechanism_logreg,LR_1_none,3.925081348426539e-05,0.9998036954571553,2.550141305906154e-05,0.00013155231630150108,IR
source::data/raw/source_domain/cwru_48khz_de/IR007_2.mat::w0006,data/raw/source_domain/cwru_48khz_de/IR007_2.mat,IR,2.0,F2,R2,test,E3_mechanism_logreg,LR_1_none,4.114957543954959e-05,0.9997677674283675,3.573133848371155e-05,0.00015535165770908863,IR
source::data/raw/source_domain/cwru_48khz_de/IR014_3.mat::w0000,data/raw/source_domain/cwru_48khz_de/IR014_3.mat,IR,3.0,F2,R2,test,E3_mechanism_logreg,LR_1_none,0.9999998975581769,4.867839262517963e-18,3.54211954918204e-11,1.0240640197508005e-07,OR
source::data/raw/source_domain/cwru_48khz_de/IR014_3.mat::w0001,data/raw/source_domain/cwru_48khz_de/IR014_3.mat,IR,3.0,F2,R2,test,E3_mechanism_logreg,LR_1_none,0.04523010301770196,0.9265442730479063,0.027937190601844533,0.00028843333254708324,IR
source::data/raw/source_domain/cwru_48khz_de/IR014_3.mat::w0002,data/raw/source_domain/cwru_48khz_de/IR014_3.mat,IR,3.0,F2,R2,test,E3_mechanism_logreg,LR_1_none,0.05049171184058093,0.8452418095131871,0.10399390977430448,0.0002725688719276078,IR
source::data/raw/source_domain/cwru_48khz_de/IR014_3.mat::w0003,data/raw/source_domain/cwru_48khz_de/IR014_3.mat,IR,3.0,F2,R2,test,E3_mechanism_logreg,LR_1_none,0.047022963128441,0.8305885934729466,0.12211136347474714,0.00027707992386544693,IR
source::data/raw/source_domain/cwru_48khz_de/IR014_3.mat::w0004,data/raw/source_domain/cwru_48khz_de/IR014_3.mat,IR,3.0,F2,R2,test,E3_mechanism_logreg,LR_1_none,0.043856966669697614,0.9348810258276729,0.02095041535204896,0.0003115921505806143,IR
source::data/raw/source_domain/cwru_48khz_de/IR014_3.mat::w0005,data/raw/source_domain/cwru_48khz_de/IR014_3.mat,IR,3.0,F2,R2,test,E3_mechanism_logreg,LR_1_none,0.047443028185003844,0.8865514885545497,0.06555924986378588,0.00044623339666050065,IR
source::data/raw/source_domain/cwru_48khz_de/IR014_3.mat::w0006,data/raw/source_domain/cwru_48khz_de/IR014_3.mat,IR,3.0,F2,R2,test,E3_mechanism_logreg,LR_1_none,0.039359561567002925,0.9362016017241149,0.024211037451810254,0.00022779925707181077,IR
source::data/raw/source_domain/cwru_48khz_de/IR021_0.mat::w0000,data/raw/source_domain/cwru_48khz_de/IR021_0.mat,IR,0.0,F2,R2,test,E3_mechanism_logreg,LR_1_none,0.002027510703975892,0.996098453421523,0.0018314955363172149,4.254033818380355e-05,IR
source::data/raw/source_domain/cwru_48khz_de/IR021_0.mat::w0001,data/raw/source_domain/cwru_48khz_de/IR021_0.mat,IR,0.0,F2,R2,test,E3_mechanism_logreg,LR_1_none,0.004521137308219633,0.9778036863880576,0.01755105897288442,0.00012411733083842486,IR
source::data/raw/source_domain/cwru_48khz_de/IR021_0.mat::w0002,data/raw/source_domain/cwru_48khz_de/IR021_0.mat,IR,0.0,F2,R2,test,E3_mechanism_logreg,LR_1_none,0.007138893708011585,0.9539275995554817,0.03871827915389238,0.00021522758261428705,IR
source::data/raw/source_domain/cwru_48khz_de/IR021_0.mat::w0003,data/raw/source_domain/cwru_48khz_de/IR021_0.mat,IR,0.0,F2,R2,test,E3_mechanism_logreg,LR_1_none,0.001386256688737135,0.9966053395478809,0.0019777018886102714,3.070187477165929e-05,IR
source::data/raw/source_domain/cwru_48khz_de/IR021_0.mat::w0004,data/raw/source_domain/cwru_48khz_de/IR021_0.mat,IR,0.0,F2,R2,test,E3_mechanism_logreg,LR_1_none,0.005194270763781348,0.942047688734426,0.05260602939139104,0.0001520111104016819,IR
source::data/raw/source_domain/cwru_48khz_de/IR021_0.mat::w0005,data/raw/source_domain/cwru_48khz_de/IR021_0.mat,IR,0.0,F2,R2,test,E3_mechanism_logreg,LR_1_none,0.008106671232184136,0.9570277724871007,0.03467322603445406,0.0001923302462609136,IR
source::data/raw/source_domain/cwru_48khz_de/IR021_0.mat::w0006,data/raw/source_domain/cwru_48khz_de/IR021_0.mat,IR,0.0,F2,R2,test,E3_mechanism_logreg,LR_1_none,0.0026709976821686853,0.9950820240288688,0.0021833883412227676,6.358994773998574e-05,IR
source::data/raw/source_domain/cwru_48khz_de/OR007@12_3.mat::w0000,data/raw/source_domain/cwru_48khz_de/OR007@12_3.mat,OR,3.0,F2,R2,test,E3_mechanism_logreg,LR_1_none,0.8510393939231059,0.10574170914075595,0.0400725227420821,0.003146374194056023,OR
source::data/raw/source_domain/cwru_48khz_de/OR007@12_3.mat::w0001,data/raw/source_domain/cwru_48khz_de/OR007@12_3.mat,OR,3.0,F2,R2,test,E3_mechanism_logreg,LR_1_none,0.8046461850607305,0.11715871934918826,0.07498217137845058,0.003212924211630762,OR
source::data/raw/source_domain/cwru_48khz_de/OR007@12_3.mat::w0002,data/raw/source_domain/cwru_48khz_de/OR007@12_3.mat,OR,3.0,F2,R2,test,E3_mechanism_logreg,LR_1_none,0.849409287324635,0.0820283533883951,0.06531917101242263,0.003243188274547108,OR
source::data/raw/source_domain/cwru_48khz_de/OR007@12_3.mat::w0003,data/raw/source_domain/cwru_48khz_de/OR007@12_3.mat,OR,3.0,F2,R2,test,E3_mechanism_logreg,LR_1_none,0.756270839169551,0.19129413116083,0.04858234890426323,0.0038526807653558705,OR
source::data/raw/source_domain/cwru_48khz_de/OR007@12_3.mat::w0004,data/raw/source_domain/cwru_48khz_de/OR007@12_3.mat,OR,3.0,F2,R2,test,E3_mechanism_logreg,LR_1_none,0.7531049446643543,0.15793285347862096,0.08518256633857522,0.0037796355184495064,OR
source::data/raw/source_domain/cwru_48khz_de/OR007@12_3.mat::w0005,data/raw/source_domain/cwru_48khz_de/OR007@12_3.mat,OR,3.0,F2,R2,test,E3_mechanism_logreg,LR_1_none,0.8099434632548029,0.1448442008084315,0.041976248605111906,0.0032360873316536628,OR
source::data/raw/source_domain/cwru_48khz_de/OR007@12_3.mat::w0006,data/raw/source_domain/cwru_48khz_de/OR007@12_3.mat,OR,3.0,F2,R2,test,E3_mechanism_logreg,LR_1_none,0.780636642382465,0.15514483382730862,0.061381311547713195,0.0028372122425131944,OR
source::data/raw/source_domain/cwru_48khz_de/OR007@3_1.mat::w0000,data/raw/source_domain/cwru_48khz_de/OR007@3_1.mat,OR,1.0,F2,R2,test,E3_mechanism_logreg,LR_1_none,0.9998135557817664,2.1024002916526057e-05,7.002601546151484e-06,0.00015841761377078463,OR
source::data/raw/source_domain/cwru_48khz_de/OR007@3_1.mat::w0001,data/raw/source_domain/cwru_48khz_de/OR007@3_1.mat,OR,1.0,F2,R2,test,E3_mechanism_logreg,LR_1_none,0.9994054934531444,0.000258312001842651,6.441760043451889e-06,0.0003297527849694761,OR
source::data/raw/source_domain/cwru_48khz_de/OR007@3_1.mat::w0002,data/raw/source_domain/cwru_48khz_de/OR007@3_1.mat,OR,1.0,F2,R2,test,E3_mechanism_logreg,LR_1_none,0.9988935182339898,0.0008816065828996341,9.682182838552649e-07,0.0002239069648267127,OR
source::data/raw/source_domain/cwru_48khz_de/OR007@3_1.mat::w0003,data/raw/source_domain/cwru_48khz_de/OR007@3_1.mat,OR,1.0,F2,R2,test,E3_mechanism_logreg,LR_1_none,0.9997547804403684,6.548642133395072e-05,4.0380572641704445e-06,0.00017569508103346964,OR
source::data/raw/source_domain/cwru_48khz_de/OR007@3_1.mat::w0004,data/raw/source_domain/cwru_48khz_de/OR007@3_1.mat,OR,1.0,F2,R2,test,E3_mechanism_logreg,LR_1_none,0.9994463804807412,0.00018276842940758862,1.64346430017686e-05,0.00035441644684938917,OR
source::data/raw/source_domain/cwru_48khz_de/OR007@3_1.mat::w0005,data/raw/source_domain/cwru_48khz_de/OR007@3_1.mat,OR,1.0,F2,R2,test,E3_mechanism_logreg,LR_1_none,0.999448384377048,0.00019462095738880574,1.1109271939278919e-05,0.0003458853936238307,OR
source::data/raw/source_domain/cwru_48khz_de/OR007@3_1.mat::w0006,data/raw/source_domain/cwru_48khz_de/OR007@3_1.mat,OR,1.0,F2,R2,test,E3_mechanism_logreg,LR_1_none,0.9991726862821289,0.0005711037756920217,2.347748890362752e-06,0.0002538621932887573,OR
source::data/raw/source_domain/cwru_48khz_de/OR007@6_2.mat::w0000,data/raw/source_domain/cwru_48khz_de/OR007@6_2.mat,OR,2.0,F2,R2,test,E3_mechanism_logreg,LR_1_none,0.999991468664219,7.449667885640611e-07,2.077519006993588e-09,7.784291473537016e-06,OR
source::data/raw/source_domain/cwru_48khz_de/OR007@6_2.mat::w0001,data/raw/source_domain/cwru_48khz_de/OR007@6_2.mat,OR,2.0,F2,R2,test,E3_mechanism_logreg,LR_1_none,0.9999981523751253,7.643827112655857e-08,4.2779360929277105e-10,1.7707588099644396e-06,OR
source::data/raw/source_domain/cwru_48khz_de/OR007@6_2.mat::w0002,data/raw/source_domain/cwru_48khz_de/OR007@6_2.mat,OR,2.0,F2,R2,test,E3_mechanism_logreg,LR_1_none,0.999997883007954,9.603164576910335e-08,6.807635815703238e-10,2.020279636610951e-06,OR
source::data/raw/source_domain/cwru_48khz_de/OR007@6_2.mat::w0003,data/raw/source_domain/cwru_48khz_de/OR007@6_2.mat,OR,2.0,F2,R2,test,E3_mechanism_logreg,LR_1_none,0.9999958608814173,2.1303507019443206e-07,1.924697165282323e-09,3.924158815274228e-06,OR
source::data/raw/source_domain/cwru_48khz_de/OR007@6_2.mat::w0004,data/raw/source_domain/cwru_48khz_de/OR007@6_2.mat,OR,2.0,F2,R2,test,E3_mechanism_logreg,LR_1_none,0.9999894026583565,8.637391908597062e-07,4.643368803613031e-09,9.728959083966534e-06,OR
source::data/raw/source_domain/cwru_48khz_de/OR007@6_2.mat::w0005,data/raw/source_domain/cwru_48khz_de/OR007@6_2.mat,OR,2.0,F2,R2,test,E3_mechanism_logreg,LR_1_none,0.9999768025629359,4.549331884050953e-06,6.494868618095468e-09,1.8641610311364777e-05,OR
source::data/raw/source_domain/cwru_48khz_de/OR007@6_2.mat::w0006,data/raw/source_domain/cwru_48khz_de/OR007@6_2.mat,OR,2.0,F2,R2,test,E3_mechanism_logreg,LR_1_none,0.9999818574393731,2.1965859455968533e-06,7.63526001570984e-09,1.593833942141531e-05,OR
source::data/raw/source_domain/cwru_48khz_de/OR014@6_0.mat::w0000,data/raw/source_domain/cwru_48khz_de/OR014@6_0.mat,OR,0.0,F2,R2,test,E3_mechanism_logreg,LR_1_none,0.09749786246657842,0.2948670000673706,0.5997233313857238,0.007911806080327299,B
source::data/raw/source_domain/cwru_48khz_de/OR014@6_0.mat::w0001,data/raw/source_domain/cwru_48khz_de/OR014@6_0.mat,OR,0.0,F2,R2,test,E3_mechanism_logreg,LR_1_none,0.04400536871700367,0.5997121289454997,0.3492338772657225,0.007048625071774007,IR
source::data/raw/source_domain/cwru_48khz_de/OR014@6_0.mat::w0002,data/raw/source_domain/cwru_48khz_de/OR014@6_0.mat,OR,0.0,F2,R2,test,E3_mechanism_logreg,LR_1_none,0.25587453014624756,0.028348448067044875,0.708624924896378,0.007152096890329582,B
source::data/raw/source_domain/cwru_48khz_de/OR014@6_0.mat::w0003,data/raw/source_domain/cwru_48khz_de/OR014@6_0.mat,OR,0.0,F2,R2,test,E3_mechanism_logreg,LR_1_none,0.12769000492424795,0.030203549538114247,0.8406087086132701,0.001497736924367893,B
source::data/raw/source_domain/cwru_48khz_de/OR014@6_0.mat::w0004,data/raw/source_domain/cwru_48khz_de/OR014@6_0.mat,OR,0.0,F2,R2,test,E3_mechanism_logreg,LR_1_none,0.45732390208049134,0.012080047369481439,0.529342089382722,0.0012539611673052413,B
source::data/raw/source_domain/cwru_48khz_de/OR014@6_0.mat::w0005,data/raw/source_domain/cwru_48khz_de/OR014@6_0.mat,OR,0.0,F2,R2,test,E3_mechanism_logreg,LR_1_none,0.0684808968417926,0.0392977938647787,0.8912977978189623,0.0009235114744662976,B
source::data/raw/source_domain/cwru_48khz_de/OR014@6_0.mat::w0006,data/raw/source_domain/cwru_48khz_de/OR014@6_0.mat,OR,0.0,F2,R2,test,E3_mechanism_logreg,LR_1_none,0.25836996182679783,0.11568034397431076,0.6221385440885762,0.003811150110315355,B
source::data/raw/source_domain/cwru_48khz_de/OR021@12_0.mat::w0000,data/raw/source_domain/cwru_48khz_de/OR021@12_0.mat,OR,0.0,F2,R2,test,E3_mechanism_logreg,LR_1_none,0.991813797695266,0.003933471137927986,0.004243986501863287,8.74466494263491e-06,OR
source::data/raw/source_domain/cwru_48khz_de/OR021@12_0.mat::w0001,data/raw/source_domain/cwru_48khz_de/OR021@12_0.mat,OR,0.0,F2,R2,test,E3_mechanism_logreg,LR_1_none,0.9923378932038305,0.0009755282343513917,0.006676861891132583,9.71667068553979e-06,OR
source::data/raw/source_domain/cwru_48khz_de/OR021@12_0.mat::w0002,data/raw/source_domain/cwru_48khz_de/OR021@12_0.mat,OR,0.0,F2,R2,test,E3_mechanism_logreg,LR_1_none,0.9615987265025714,0.020167932381029076,0.01820701795898031,2.632315741934467e-05,OR
source::data/raw/source_domain/cwru_48khz_de/OR021@12_0.mat::w0003,data/raw/source_domain/cwru_48khz_de/OR021@12_0.mat,OR,0.0,F2,R2,test,E3_mechanism_logreg,LR_1_none,0.9652603806826359,0.021823123265848465,0.012896389047168395,2.0107004347334578e-05,OR
source::data/raw/source_domain/cwru_48khz_de/OR021@3_2.mat::w0000,data/raw/source_domain/cwru_48khz_de/OR021@3_2.mat,OR,2.0,F2,R2,test,E3_mechanism_logreg,LR_1_none,0.9597305688782598,4.896945966274121e-05,0.04016403821732387,5.642344475359574e-05,OR
source::data/raw/source_domain/cwru_48khz_de/OR021@3_2.mat::w0001,data/raw/source_domain/cwru_48khz_de/OR021@3_2.mat,OR,2.0,F2,R2,test,E3_mechanism_logreg,LR_1_none,0.9709225778822964,3.8306901853391346e-05,0.029007428395149054,3.1686820701163985e-05,OR
source::data/raw/source_domain/cwru_48khz_de/OR021@3_2.mat::w0002,data/raw/source_domain/cwru_48khz_de/OR021@3_2.mat,OR,2.0,F2,R2,test,E3_mechanism_logreg,LR_1_none,0.9822930352784975,5.952382287338105e-05,0.017614760834878222,3.268006375076261e-05,OR
source::data/raw/source_domain/cwru_48khz_de/OR021@3_2.mat::w0003,data/raw/source_domain/cwru_48khz_de/OR021@3_2.mat,OR,2.0,F2,R2,test,E3_mechanism_logreg,LR_1_none,0.9886189261856173,0.00032037832566372907,0.011010850883200028,4.9844605518874895e-05,OR
source::data/raw/source_domain/cwru_48khz_de/OR021@3_2.mat::w0004,data/raw/source_domain/cwru_48khz_de/OR021@3_2.mat,OR,2.0,F2,R2,test,E3_mechanism_logreg,LR_1_none,0.9773458070149975,0.00022013690609029243,0.02238077934386184,5.327673505035843e-05,OR
source::data/raw/source_domain/cwru_48khz_de/OR021@3_2.mat::w0005,data/raw/source_domain/cwru_48khz_de/OR021@3_2.mat,OR,2.0,F2,R2,test,E3_mechanism_logreg,LR_1_none,0.9789045814828737,0.0006205036785842089,0.020404935035958464,6.997980258350465e-05,OR
source::data/raw/source_domain/cwru_48khz_de/OR021@3_2.mat::w0006,data/raw/source_domain/cwru_48khz_de/OR021@3_2.mat,OR,2.0,F2,R2,test,E3_mechanism_logreg,LR_1_none,0.9680443027038982,0.006383857796597587,0.025408707954478735,0.00016313154502557557,OR
source::data/raw/source_domain/cwru_48khz_de/OR021@6_3.mat::w0000,data/raw/source_domain/cwru_48khz_de/OR021@6_3.mat,OR,3.0,F2,R2,test,E3_mechanism_logreg,LR_1_none,0.9975592215448128,0.0015592136554992348,0.0007374662735114155,0.00014409852617667,OR
source::data/raw/source_domain/cwru_48khz_de/OR021@6_3.mat::w0001,data/raw/source_domain/cwru_48khz_de/OR021@6_3.mat,OR,3.0,F2,R2,test,E3_mechanism_logreg,LR_1_none,0.9939036913046209,0.0033908943502590208,0.0025221568134255945,0.00018325753169445307,OR
source::data/raw/source_domain/cwru_48khz_de/OR021@6_3.mat::w0002,data/raw/source_domain/cwru_48khz_de/OR021@6_3.mat,OR,3.0,F2,R2,test,E3_mechanism_logreg,LR_1_none,0.9979177918124583,0.00046695839536563884,0.0014503399630502122,0.00016490982912571825,OR
source::data/raw/source_domain/cwru_48khz_de/OR021@6_3.mat::w0003,data/raw/source_domain/cwru_48khz_de/OR021@6_3.mat,OR,3.0,F2,R2,test,E3_mechanism_logreg,LR_1_none,0.9978787086065722,0.0004998598736272445,0.0014806271200277408,0.0001408043997726378,OR
source::data/raw/source_domain/cwru_48khz_de/OR021@6_3.mat::w0004,data/raw/source_domain/cwru_48khz_de/OR021@6_3.mat,OR,3.0,F2,R2,test,E3_mechanism_logreg,LR_1_none,0.99526278730423,0.0007784926472645936,0.0038887391636865695,6.998088481871387e-05,OR
source::data/raw/source_domain/cwru_48khz_de/OR021@6_3.mat::w0005,data/raw/source_domain/cwru_48khz_de/OR021@6_3.mat,OR,3.0,F2,R2,test,E3_mechanism_logreg,LR_1_none,0.9984237020034387,0.00013486567761779132,0.001401199402555085,4.023291638854996e-05,OR
source::data/raw/source_domain/cwru_48khz_de/OR021@6_3.mat::w0006,data/raw/source_domain/cwru_48khz_de/OR021@6_3.mat,OR,3.0,F2,R2,test,E3_mechanism_logreg,LR_1_none,0.9970758099047841,6.0970693264986725e-05,0.0027957389830652202,6.748041888572099e-05,OR
source::data/raw/source_domain/cwru_48khz_normal/N_1_(1772rpm).mat::w0000,data/raw/source_domain/cwru_48khz_normal/N_1_(1772rpm).mat,N,1.0,F2,R2,test,E3_mechanism_logreg,LR_1_none,0.00041192252729014916,0.0004029491147260478,0.0003455864607699247,0.9988395418972139,N
source::data/raw/source_domain/cwru_48khz_normal/N_1_(1772rpm).mat::w0001,data/raw/source_domain/cwru_48khz_normal/N_1_(1772rpm).mat,N,1.0,F2,R2,test,E3_mechanism_logreg,LR_1_none,0.0006576727872018713,0.00010132394777278752,0.0007057197340256158,0.9985352835309995,N
source::data/raw/source_domain/cwru_48khz_normal/N_1_(1772rpm).mat::w0002,data/raw/source_domain/cwru_48khz_normal/N_1_(1772rpm).mat,N,1.0,F2,R2,test,E3_mechanism_logreg,LR_1_none,0.0018122506913338342,2.1161057769734434e-05,0.0018150343977506138,0.9963515538531458,N
source::data/raw/source_domain/cwru_48khz_normal/N_1_(1772rpm).mat::w0003,data/raw/source_domain/cwru_48khz_normal/N_1_(1772rpm).mat,N,1.0,F2,R2,test,E3_mechanism_logreg,LR_1_none,0.0005514185465782275,0.00041103647209702205,0.00043698702317313004,0.9986005579581516,N
source::data/raw/source_domain/cwru_48khz_normal/N_1_(1772rpm).mat::w0004,data/raw/source_domain/cwru_48khz_normal/N_1_(1772rpm).mat,N,1.0,F2,R2,test,E3_mechanism_logreg,LR_1_none,0.0008441691468635736,6.411684807556317e-05,0.001765092970530927,0.9973266210345301,N
source::data/raw/source_domain/cwru_48khz_normal/N_1_(1772rpm).mat::w0005,data/raw/source_domain/cwru_48khz_normal/N_1_(1772rpm).mat,N,1.0,F2,R2,test,E3_mechanism_logreg,LR_1_none,0.000623866750170482,0.0005128205921262294,0.00112331581262749,0.9977399968450757,N
source::data/raw/source_domain/cwru_48khz_normal/N_1_(1772rpm).mat::w0006,data/raw/source_domain/cwru_48khz_normal/N_1_(1772rpm).mat,N,1.0,F2,R2,test,E3_mechanism_logreg,LR_1_none,0.0012976798480624726,0.00022690655995801594,0.000170915763805532,0.998304497828174,N
source::data/raw/source_domain/cwru_48khz_normal/N_1_(1772rpm).mat::w0007,data/raw/source_domain/cwru_48khz_normal/N_1_(1772rpm).mat,N,1.0,F2,R2,test,E3_mechanism_logreg,LR_1_none,0.0012159143044089727,0.00023470935009561132,0.00039615608129988674,0.9981532202641955,N
source::data/raw/source_domain/cwru_48khz_normal/N_1_(1772rpm).mat::w0008,data/raw/source_domain/cwru_48khz_normal/N_1_(1772rpm).mat,N,1.0,F2,R2,test,E3_mechanism_logreg,LR_1_none,0.0005676719056469057,0.00022361756227022754,0.0010736554767997648,0.9981350550552832,N
source::data/raw/source_domain/cwru_48khz_normal/N_1_(1772rpm).mat::w0009,data/raw/source_domain/cwru_48khz_normal/N_1_(1772rpm).mat,N,1.0,F2,R2,test,E3_mechanism_logreg,LR_1_none,0.0008633475151661435,0.0001544161932587963,0.0005274471281110463,0.998454789163464,N
source::data/raw/source_domain/cwru_48khz_normal/N_1_(1772rpm).mat::w0010,data/raw/source_domain/cwru_48khz_normal/N_1_(1772rpm).mat,N,1.0,F2,R2,test,E3_mechanism_logreg,LR_1_none,0.0009590452988560193,0.00010733115868322213,0.0003417145545880223,0.9985919089878728,N
source::data/raw/source_domain/cwru_48khz_normal/N_1_(1772rpm).mat::w0011,data/raw/source_domain/cwru_48khz_normal/N_1_(1772rpm).mat,N,1.0,F2,R2,test,E3_mechanism_logreg,LR_1_none,0.0014273959365141001,5.259663628078926e-05,0.0001670692850635554,0.9983529381421415,N
source::data/raw/source_domain/cwru_48khz_normal/N_1_(1772rpm).mat::w0012,data/raw/source_domain/cwru_48khz_normal/N_1_(1772rpm).mat,N,1.0,F2,R2,test,E3_mechanism_logreg,LR_1_none,0.0007087881186176632,0.0002870373154345316,0.0004971850170456733,0.998506989548902,N
source::data/raw/source_domain/cwru_48khz_normal/N_1_(1772rpm).mat::w0013,data/raw/source_domain/cwru_48khz_normal/N_1_(1772rpm).mat,N,1.0,F2,R2,test,E3_mechanism_logreg,LR_1_none,0.00045672602069197745,0.0001609674953047254,0.0004963440045651537,0.9988859624794381,N
source::data/raw/source_domain/cwru_48khz_normal/N_1_(1772rpm).mat::w0014,data/raw/source_domain/cwru_48khz_normal/N_1_(1772rpm).mat,N,1.0,F2,R2,test,E3_mechanism_logreg,LR_1_none,0.0006659859607780893,0.00015213475984262296,0.0008816922656514916,0.9983001870137279,N
source::data/raw/source_domain/cwru_48khz_de/B007_2.mat::w0000,data/raw/source_domain/cwru_48khz_de/B007_2.mat,B,2.0,F3,R3,test,E3_mechanism_logreg,LR_0.1_bal,0.261451595713555,0.02878692609997415,0.6827655719497913,0.02699590623667961,B
source::data/raw/source_domain/cwru_48khz_de/B007_2.mat::w0001,data/raw/source_domain/cwru_48khz_de/B007_2.mat,B,2.0,F3,R3,test,E3_mechanism_logreg,LR_0.1_bal,0.22009185697848585,0.017789617024869198,0.7378791239459199,0.02423940205072505,B
source::data/raw/source_domain/cwru_48khz_de/B007_2.mat::w0002,data/raw/source_domain/cwru_48khz_de/B007_2.mat,B,2.0,F3,R3,test,E3_mechanism_logreg,LR_0.1_bal,0.5127890720955293,0.03877286216851839,0.40940278234993555,0.039035283386016806,OR
source::data/raw/source_domain/cwru_48khz_de/B007_2.mat::w0003,data/raw/source_domain/cwru_48khz_de/B007_2.mat,B,2.0,F3,R3,test,E3_mechanism_logreg,LR_0.1_bal,0.20482634970698071,0.04209514200241928,0.727394111072203,0.025684397218397104,B
source::data/raw/source_domain/cwru_48khz_de/B007_2.mat::w0004,data/raw/source_domain/cwru_48khz_de/B007_2.mat,B,2.0,F3,R3,test,E3_mechanism_logreg,LR_0.1_bal,0.22398912998581208,0.021464039087073596,0.7299199612394092,0.02462686968770507,B
source::data/raw/source_domain/cwru_48khz_de/B007_2.mat::w0005,data/raw/source_domain/cwru_48khz_de/B007_2.mat,B,2.0,F3,R3,test,E3_mechanism_logreg,LR_0.1_bal,0.287149964094719,0.032772562728637114,0.6560809253717375,0.023996547804906378,B
source::data/raw/source_domain/cwru_48khz_de/B007_2.mat::w0006,data/raw/source_domain/cwru_48khz_de/B007_2.mat,B,2.0,F3,R3,test,E3_mechanism_logreg,LR_0.1_bal,0.22541434716290687,0.03859389245904018,0.707076870345018,0.028914890033034938,B
source::data/raw/source_domain/cwru_48khz_de/B014_3.mat::w0000,data/raw/source_domain/cwru_48khz_de/B014_3.mat,B,3.0,F3,R3,test,E3_mechanism_logreg,LR_0.1_bal,0.02625823283941639,0.007249797236549309,0.9654015546530067,0.001090415271027552,B
source::data/raw/source_domain/cwru_48khz_de/B014_3.mat::w0001,data/raw/source_domain/cwru_48khz_de/B014_3.mat,B,3.0,F3,R3,test,E3_mechanism_logreg,LR_0.1_bal,0.041624690826471786,0.03351593944870112,0.9236228320525446,0.0012365376722824903,B
source::data/raw/source_domain/cwru_48khz_de/B014_3.mat::w0002,data/raw/source_domain/cwru_48khz_de/B014_3.mat,B,3.0,F3,R3,test,E3_mechanism_logreg,LR_0.1_bal,0.009405067721602869,0.000997152041080277,0.9892985308480852,0.0002992493892317091,B
source::data/raw/source_domain/cwru_48khz_de/B014_3.mat::w0003,data/raw/source_domain/cwru_48khz_de/B014_3.mat,B,3.0,F3,R3,test,E3_mechanism_logreg,LR_0.1_bal,0.016829380742515474,0.008862700696158372,0.971101545818226,0.0032063727431002097,B
source::data/raw/source_domain/cwru_48khz_de/B014_3.mat::w0004,data/raw/source_domain/cwru_48khz_de/B014_3.mat,B,3.0,F3,R3,test,E3_mechanism_logreg,LR_0.1_bal,0.029886771974116582,0.036906505168707734,0.9323159246503295,0.0008907982068461878,B
source::data/raw/source_domain/cwru_48khz_de/B014_3.mat::w0005,data/raw/source_domain/cwru_48khz_de/B014_3.mat,B,3.0,F3,R3,test,E3_mechanism_logreg,LR_0.1_bal,0.04355161511188097,0.029530989627712282,0.9256311427728849,0.0012862524875218643,B
source::data/raw/source_domain/cwru_48khz_de/B014_3.mat::w0006,data/raw/source_domain/cwru_48khz_de/B014_3.mat,B,3.0,F3,R3,test,E3_mechanism_logreg,LR_0.1_bal,0.07056687051277727,0.01698771864410788,0.9024683544554226,0.009977056387692041,B
source::data/raw/source_domain/cwru_48khz_de/B021_0.mat::w0000,data/raw/source_domain/cwru_48khz_de/B021_0.mat,B,0.0,F3,R3,test,E3_mechanism_logreg,LR_0.1_bal,0.13933021024397316,0.2165232906727515,0.6330206773532019,0.011125821730073444,B
source::data/raw/source_domain/cwru_48khz_de/B021_0.mat::w0001,data/raw/source_domain/cwru_48khz_de/B021_0.mat,B,0.0,F3,R3,test,E3_mechanism_logreg,LR_0.1_bal,0.2639187660894355,0.3761290616666551,0.34165935451231577,0.018292817731593542,IR
source::data/raw/source_domain/cwru_48khz_de/B021_0.mat::w0002,data/raw/source_domain/cwru_48khz_de/B021_0.mat,B,0.0,F3,R3,test,E3_mechanism_logreg,LR_0.1_bal,0.1324622526398858,0.09926306016310275,0.7646895276396116,0.0035851595573998377,B
source::data/raw/source_domain/cwru_48khz_de/B021_0.mat::w0003,data/raw/source_domain/cwru_48khz_de/B021_0.mat,B,0.0,F3,R3,test,E3_mechanism_logreg,LR_0.1_bal,0.30891655909571436,0.31317310832954,0.36797270727787745,0.009937625296868244,B
source::data/raw/source_domain/cwru_48khz_de/B021_0.mat::w0004,data/raw/source_domain/cwru_48khz_de/B021_0.mat,B,0.0,F3,R3,test,E3_mechanism_logreg,LR_0.1_bal,0.2986787960571333,0.18616128095024653,0.4986671032648475,0.01649281972777265,B
source::data/raw/source_domain/cwru_48khz_de/B021_0.mat::w0005,data/raw/source_domain/cwru_48khz_de/B021_0.mat,B,0.0,F3,R3,test,E3_mechanism_logreg,LR_0.1_bal,0.30648226590772243,0.27229402582048884,0.4035772936105376,0.017646414661251244,B
source::data/raw/source_domain/cwru_48khz_de/B021_0.mat::w0006,data/raw/source_domain/cwru_48khz_de/B021_0.mat,B,0.0,F3,R3,test,E3_mechanism_logreg,LR_0.1_bal,0.09497382533411794,0.3148746376260045,0.5813946562590739,0.008756880780803784,B
source::data/raw/source_domain/cwru_48khz_de/IR007_3.mat::w0000,data/raw/source_domain/cwru_48khz_de/IR007_3.mat,IR,3.0,F3,R3,test,E3_mechanism_logreg,LR_0.1_bal,0.035141096976237525,0.9589270528530264,0.001053936456707114,0.0048779137140289325,IR
source::data/raw/source_domain/cwru_48khz_de/IR007_3.mat::w0001,data/raw/source_domain/cwru_48khz_de/IR007_3.mat,IR,3.0,F3,R3,test,E3_mechanism_logreg,LR_0.1_bal,0.018542013607510916,0.9761852986544981,0.0013603185747941724,0.003912369163196804,IR
source::data/raw/source_domain/cwru_48khz_de/IR007_3.mat::w0002,data/raw/source_domain/cwru_48khz_de/IR007_3.mat,IR,3.0,F3,R3,test,E3_mechanism_logreg,LR_0.1_bal,0.0798669780059135,0.9066942455992743,0.0031016809297109917,0.010337095465101233,IR
source::data/raw/source_domain/cwru_48khz_de/IR007_3.mat::w0003,data/raw/source_domain/cwru_48khz_de/IR007_3.mat,IR,3.0,F3,R3,test,E3_mechanism_logreg,LR_0.1_bal,0.1284787960599083,0.852077928946604,0.0053776372869377975,0.014065637706549733,IR
source::data/raw/source_domain/cwru_48khz_de/IR007_3.mat::w0004,data/raw/source_domain/cwru_48khz_de/IR007_3.mat,IR,3.0,F3,R3,test,E3_mechanism_logreg,LR_0.1_bal,0.10164776608631387,0.8755826031484871,0.006897868413557531,0.01587176235164163,IR
source::data/raw/source_domain/cwru_48khz_de/IR007_3.mat::w0005,data/raw/source_domain/cwru_48khz_de/IR007_3.mat,IR,3.0,F3,R3,test,E3_mechanism_logreg,LR_0.1_bal,0.04581354315525835,0.9423209664777413,0.002972129862717179,0.00889336050428312,IR
source::data/raw/source_domain/cwru_48khz_de/IR007_3.mat::w0006,data/raw/source_domain/cwru_48khz_de/IR007_3.mat,IR,3.0,F3,R3,test,E3_mechanism_logreg,LR_0.1_bal,0.03349245644077016,0.9588273541176203,0.0017915312899641398,0.005888658151645405,IR
source::data/raw/source_domain/cwru_48khz_de/IR014_0.mat::w0000,data/raw/source_domain/cwru_48khz_de/IR014_0.mat,IR,0.0,F3,R3,test,E3_mechanism_logreg,LR_0.1_bal,0.6756762756606187,0.016118828133440937,0.29916507417529864,0.009039822030641766,OR
source::data/raw/source_domain/cwru_48khz_de/IR021_1.mat::w0000,data/raw/source_domain/cwru_48khz_de/IR021_1.mat,IR,1.0,F3,R3,test,E3_mechanism_logreg,LR_0.1_bal,0.15193873608975128,0.8325516196877779,0.01329917570531416,0.002210468517156578,IR
source::data/raw/source_domain/cwru_48khz_de/IR021_1.mat::w0001,data/raw/source_domain/cwru_48khz_de/IR021_1.mat,IR,1.0,F3,R3,test,E3_mechanism_logreg,LR_0.1_bal,0.03246873729531748,0.9659164553906372,0.0012398797910724408,0.0003749275229728518,IR
source::data/raw/source_domain/cwru_48khz_de/IR021_1.mat::w0002,data/raw/source_domain/cwru_48khz_de/IR021_1.mat,IR,1.0,F3,R3,test,E3_mechanism_logreg,LR_0.1_bal,0.22937561360939682,0.7596264492414917,0.008632259398881986,0.002365677750229567,IR
source::data/raw/source_domain/cwru_48khz_de/IR021_1.mat::w0003,data/raw/source_domain/cwru_48khz_de/IR021_1.mat,IR,1.0,F3,R3,test,E3_mechanism_logreg,LR_0.1_bal,0.16334440112421128,0.8277101420433567,0.007095272550537069,0.0018501842818949709,IR
source::data/raw/source_domain/cwru_48khz_de/IR021_1.mat::w0004,data/raw/source_domain/cwru_48khz_de/IR021_1.mat,IR,1.0,F3,R3,test,E3_mechanism_logreg,LR_0.1_bal,0.16138007604843796,0.8319819798053321,0.004873023398421847,0.0017649207478081252,IR
source::data/raw/source_domain/cwru_48khz_de/IR021_1.mat::w0005,data/raw/source_domain/cwru_48khz_de/IR021_1.mat,IR,1.0,F3,R3,test,E3_mechanism_logreg,LR_0.1_bal,0.12024097039460543,0.8714687213788108,0.006650119266730649,0.0016401889598532118,IR
source::data/raw/source_domain/cwru_48khz_de/IR021_1.mat::w0006,data/raw/source_domain/cwru_48khz_de/IR021_1.mat,IR,1.0,F3,R3,test,E3_mechanism_logreg,LR_0.1_bal,0.12694847161097222,0.863664932662962,0.007606594864827317,0.0017800008612384901,IR
source::data/raw/source_domain/cwru_48khz_de/OR007@12_0.mat::w0000,data/raw/source_domain/cwru_48khz_de/OR007@12_0.mat,OR,0.0,F3,R3,test,E3_mechanism_logreg,LR_0.1_bal,0.7254642458896139,0.08808646945558611,0.16332130222683483,0.02312798242796517,OR
source::data/raw/source_domain/cwru_48khz_de/OR007@12_0.mat::w0001,data/raw/source_domain/cwru_48khz_de/OR007@12_0.mat,OR,0.0,F3,R3,test,E3_mechanism_logreg,LR_0.1_bal,0.6814169956476701,0.1449997566298877,0.14812566531156418,0.025457582410878008,OR
source::data/raw/source_domain/cwru_48khz_de/OR007@12_0.mat::w0002,data/raw/source_domain/cwru_48khz_de/OR007@12_0.mat,OR,0.0,F3,R3,test,E3_mechanism_logreg,LR_0.1_bal,0.8097366512147525,0.08408943211020911,0.0782611750647047,0.027912741610333684,OR
source::data/raw/source_domain/cwru_48khz_de/OR007@12_0.mat::w0003,data/raw/source_domain/cwru_48khz_de/OR007@12_0.mat,OR,0.0,F3,R3,test,E3_mechanism_logreg,LR_0.1_bal,0.797539853041315,0.10058780924531634,0.07657398796160654,0.02529834975176206,OR
source::data/raw/source_domain/cwru_48khz_de/OR007@3_2.mat::w0000,data/raw/source_domain/cwru_48khz_de/OR007@3_2.mat,OR,2.0,F3,R3,test,E3_mechanism_logreg,LR_0.1_bal,0.9298715331699481,0.03732979932952063,0.0167629298069879,0.016035737693543328,OR
source::data/raw/source_domain/cwru_48khz_de/OR007@3_2.mat::w0001,data/raw/source_domain/cwru_48khz_de/OR007@3_2.mat,OR,2.0,F3,R3,test,E3_mechanism_logreg,LR_0.1_bal,0.9490461149056066,0.020930231312665946,0.015984365760777382,0.014039288020950171,OR
source::data/raw/source_domain/cwru_48khz_de/OR007@3_2.mat::w0002,data/raw/source_domain/cwru_48khz_de/OR007@3_2.mat,OR,2.0,F3,R3,test,E3_mechanism_logreg,LR_0.1_bal,0.9372797570080127,0.03655355714022191,0.013050580808787958,0.013116105042977517,OR
source::data/raw/source_domain/cwru_48khz_de/OR007@3_2.mat::w0003,data/raw/source_domain/cwru_48khz_de/OR007@3_2.mat,OR,2.0,F3,R3,test,E3_mechanism_logreg,LR_0.1_bal,0.9385284153038027,0.03528620415181715,0.013311310512628073,0.01287407003175207,OR
source::data/raw/source_domain/cwru_48khz_de/OR007@3_2.mat::w0004,data/raw/source_domain/cwru_48khz_de/OR007@3_2.mat,OR,2.0,F3,R3,test,E3_mechanism_logreg,LR_0.1_bal,0.9436500611887276,0.027936735920304934,0.01634928990196377,0.012063912989003635,OR
source::data/raw/source_domain/cwru_48khz_de/OR007@3_2.mat::w0005,data/raw/source_domain/cwru_48khz_de/OR007@3_2.mat,OR,2.0,F3,R3,test,E3_mechanism_logreg,LR_0.1_bal,0.9389968824326828,0.031643013477818435,0.015571799969435316,0.013788304120063585,OR
source::data/raw/source_domain/cwru_48khz_de/OR007@3_2.mat::w0006,data/raw/source_domain/cwru_48khz_de/OR007@3_2.mat,OR,2.0,F3,R3,test,E3_mechanism_logreg,LR_0.1_bal,0.934607328512819,0.03223637955074117,0.01855751478076131,0.01459877715567857,OR
source::data/raw/source_domain/cwru_48khz_de/OR007@6_3.mat::w0000,data/raw/source_domain/cwru_48khz_de/OR007@6_3.mat,OR,3.0,F3,R3,test,E3_mechanism_logreg,LR_0.1_bal,0.9974427263761959,0.0018730261253984521,0.00021152860451687915,0.00047271889388867067,OR
source::data/raw/source_domain/cwru_48khz_de/OR007@6_3.mat::w0001,data/raw/source_domain/cwru_48khz_de/OR007@6_3.mat,OR,3.0,F3,R3,test,E3_mechanism_logreg,LR_0.1_bal,0.9986253682110297,0.0007294423705921337,0.00024319690761240748,0.0004019925107659501,OR
source::data/raw/source_domain/cwru_48khz_de/OR007@6_3.mat::w0002,data/raw/source_domain/cwru_48khz_de/OR007@6_3.mat,OR,3.0,F3,R3,test,E3_mechanism_logreg,LR_0.1_bal,0.998555600306999,0.0006711045192620176,0.0003384655299871094,0.000434829643751906,OR
source::data/raw/source_domain/cwru_48khz_de/OR007@6_3.mat::w0003,data/raw/source_domain/cwru_48khz_de/OR007@6_3.mat,OR,3.0,F3,R3,test,E3_mechanism_logreg,LR_0.1_bal,0.9946836933547324,0.004211204379170887,0.00026331060619573505,0.0008417916599010898,OR
source::data/raw/source_domain/cwru_48khz_de/OR007@6_3.mat::w0004,data/raw/source_domain/cwru_48khz_de/OR007@6_3.mat,OR,3.0,F3,R3,test,E3_mechanism_logreg,LR_0.1_bal,0.9957137917474175,0.003444338768299132,0.00019055061611555923,0.0006513188681677554,OR
source::data/raw/source_domain/cwru_48khz_de/OR007@6_3.mat::w0005,data/raw/source_domain/cwru_48khz_de/OR007@6_3.mat,OR,3.0,F3,R3,test,E3_mechanism_logreg,LR_0.1_bal,0.995812804940288,0.003206962181742504,0.00021563437615873028,0.0007645985018106598,OR
source::data/raw/source_domain/cwru_48khz_de/OR007@6_3.mat::w0006,data/raw/source_domain/cwru_48khz_de/OR007@6_3.mat,OR,3.0,F3,R3,test,E3_mechanism_logreg,LR_0.1_bal,0.9972430725760457,0.001980323972913969,0.0002137890916506662,0.0005628143593897285,OR
source::data/raw/source_domain/cwru_48khz_de/OR014@6_1.mat::w0000,data/raw/source_domain/cwru_48khz_de/OR014@6_1.mat,OR,1.0,F3,R3,test,E3_mechanism_logreg,LR_0.1_bal,0.09590094612025439,0.012499868185826655,0.8821283398992663,0.009470845794652768,B
source::data/raw/source_domain/cwru_48khz_de/OR014@6_1.mat::w0001,data/raw/source_domain/cwru_48khz_de/OR014@6_1.mat,OR,1.0,F3,R3,test,E3_mechanism_logreg,LR_0.1_bal,0.3348824013608113,0.020783471477667324,0.6203589535332171,0.023975173628304196,B
source::data/raw/source_domain/cwru_48khz_de/OR014@6_1.mat::w0002,data/raw/source_domain/cwru_48khz_de/OR014@6_1.mat,OR,1.0,F3,R3,test,E3_mechanism_logreg,LR_0.1_bal,0.13711603470180267,0.01604666223862937,0.8362119943575328,0.01062530870203519,B
source::data/raw/source_domain/cwru_48khz_de/OR014@6_1.mat::w0003,data/raw/source_domain/cwru_48khz_de/OR014@6_1.mat,OR,1.0,F3,R3,test,E3_mechanism_logreg,LR_0.1_bal,0.17095989729358796,0.04403099703770317,0.7706146165884147,0.014394489080294174,B
source::data/raw/source_domain/cwru_48khz_de/OR014@6_1.mat::w0004,data/raw/source_domain/cwru_48khz_de/OR014@6_1.mat,OR,1.0,F3,R3,test,E3_mechanism_logreg,LR_0.1_bal,0.1255004354346013,0.022020476759746284,0.8402656495573445,0.012213438248307933,B
source::data/raw/source_domain/cwru_48khz_de/OR014@6_1.mat::w0005,data/raw/source_domain/cwru_48khz_de/OR014@6_1.mat,OR,1.0,F3,R3,test,E3_mechanism_logreg,LR_0.1_bal,0.3254329831976283,0.2264397238786577,0.4250374653383773,0.02308982758533662,B
source::data/raw/source_domain/cwru_48khz_de/OR014@6_1.mat::w0006,data/raw/source_domain/cwru_48khz_de/OR014@6_1.mat,OR,1.0,F3,R3,test,E3_mechanism_logreg,LR_0.1_bal,0.1743117151135599,0.01904479416825112,0.7925796937748234,0.014063796943365622,B
source::data/raw/source_domain/cwru_48khz_de/OR021@12_1.mat::w0000,data/raw/source_domain/cwru_48khz_de/OR021@12_1.mat,OR,1.0,F3,R3,test,E3_mechanism_logreg,LR_0.1_bal,0.8361606725072173,0.0822863589746442,0.08076394156799908,0.0007890269501395295,OR
source::data/raw/source_domain/cwru_48khz_de/OR021@12_1.mat::w0001,data/raw/source_domain/cwru_48khz_de/OR021@12_1.mat,OR,1.0,F3,R3,test,E3_mechanism_logreg,LR_0.1_bal,0.8364346735384236,0.10399864492680401,0.05885771890059048,0.0007089626341818678,OR
source::data/raw/source_domain/cwru_48khz_de/OR021@12_1.mat::w0002,data/raw/source_domain/cwru_48khz_de/OR021@12_1.mat,OR,1.0,F3,R3,test,E3_mechanism_logreg,LR_0.1_bal,0.8601085412779338,0.09425574871258678,0.04504033279146244,0.0005953772180169925,OR
source::data/raw/source_domain/cwru_48khz_de/OR021@12_1.mat::w0003,data/raw/source_domain/cwru_48khz_de/OR021@12_1.mat,OR,1.0,F3,R3,test,E3_mechanism_logreg,LR_0.1_bal,0.8396451263329262,0.061416285337204814,0.09832003575331537,0.0006185525765535888,OR
source::data/raw/source_domain/cwru_48khz_de/OR021@12_1.mat::w0004,data/raw/source_domain/cwru_48khz_de/OR021@12_1.mat,OR,1.0,F3,R3,test,E3_mechanism_logreg,LR_0.1_bal,0.7659105576531615,0.16948486582719094,0.06385036760818857,0.0007542089114590049,OR
source::data/raw/source_domain/cwru_48khz_de/OR021@12_1.mat::w0005,data/raw/source_domain/cwru_48khz_de/OR021@12_1.mat,OR,1.0,F3,R3,test,E3_mechanism_logreg,LR_0.1_bal,0.8510807663208313,0.09377584900405793,0.054248787846419,0.0008945968286917758,OR
source::data/raw/source_domain/cwru_48khz_de/OR021@12_1.mat::w0006,data/raw/source_domain/cwru_48khz_de/OR021@12_1.mat,OR,1.0,F3,R3,test,E3_mechanism_logreg,LR_0.1_bal,0.8108127449532813,0.14366472320977175,0.04485107875018991,0.0006714530867569688,OR
source::data/raw/source_domain/cwru_48khz_de/OR021@3_3.mat::w0000,data/raw/source_domain/cwru_48khz_de/OR021@3_3.mat,OR,3.0,F3,R3,test,E3_mechanism_logreg,LR_0.1_bal,0.9580704186619942,0.010393585478979664,0.02992058468550773,0.0016154111735183672,OR
source::data/raw/source_domain/cwru_48khz_de/OR021@3_3.mat::w0001,data/raw/source_domain/cwru_48khz_de/OR021@3_3.mat,OR,3.0,F3,R3,test,E3_mechanism_logreg,LR_0.1_bal,0.9516734537798347,0.008829982596297378,0.03777093160292104,0.001725632020946857,OR
source::data/raw/source_domain/cwru_48khz_de/OR021@3_3.mat::w0002,data/raw/source_domain/cwru_48khz_de/OR021@3_3.mat,OR,3.0,F3,R3,test,E3_mechanism_logreg,LR_0.1_bal,0.968894733503319,0.005178658035390566,0.024534350031383732,0.0013922584299066124,OR
source::data/raw/source_domain/cwru_48khz_de/OR021@3_3.mat::w0003,data/raw/source_domain/cwru_48khz_de/OR021@3_3.mat,OR,3.0,F3,R3,test,E3_mechanism_logreg,LR_0.1_bal,0.9677327761571707,0.005412883486461811,0.025514743092015936,0.0013395972643515978,OR
source::data/raw/source_domain/cwru_48khz_de/OR021@3_3.mat::w0004,data/raw/source_domain/cwru_48khz_de/OR021@3_3.mat,OR,3.0,F3,R3,test,E3_mechanism_logreg,LR_0.1_bal,0.9662597683524697,0.0024298446906087165,0.03006174759252428,0.0012486393643972049,OR
source::data/raw/source_domain/cwru_48khz_de/OR021@3_3.mat::w0005,data/raw/source_domain/cwru_48khz_de/OR021@3_3.mat,OR,3.0,F3,R3,test,E3_mechanism_logreg,LR_0.1_bal,0.9517096019475307,0.021831917715163206,0.024520927010580416,0.001937553326725585,OR
source::data/raw/source_domain/cwru_48khz_de/OR021@3_3.mat::w0006,data/raw/source_domain/cwru_48khz_de/OR021@3_3.mat,OR,3.0,F3,R3,test,E3_mechanism_logreg,LR_0.1_bal,0.950903622221377,0.015156358193848538,0.031976912861303206,0.001963106723471153,OR
source::data/raw/source_domain/cwru_48khz_de/OR021@6_0.mat::w0000,data/raw/source_domain/cwru_48khz_de/OR021@6_0.mat,OR,0.0,F3,R3,test,E3_mechanism_logreg,LR_0.1_bal,0.9882475140680328,0.0017988414119117337,0.009448592628298119,0.0005050518917574397,OR
source::data/raw/source_domain/cwru_48khz_de/OR021@6_0.mat::w0001,data/raw/source_domain/cwru_48khz_de/OR021@6_0.mat,OR,0.0,F3,R3,test,E3_mechanism_logreg,LR_0.1_bal,0.9825631173936078,0.004372309779036422,0.012525561300481824,0.0005390115268740732,OR
source::data/raw/source_domain/cwru_48khz_de/OR021@6_0.mat::w0002,data/raw/source_domain/cwru_48khz_de/OR021@6_0.mat,OR,0.0,F3,R3,test,E3_mechanism_logreg,LR_0.1_bal,0.9735322146047796,0.01360079469802801,0.012209627801973242,0.000657362895219191,OR
source::data/raw/source_domain/cwru_48khz_de/OR021@6_0.mat::w0003,data/raw/source_domain/cwru_48khz_de/OR021@6_0.mat,OR,0.0,F3,R3,test,E3_mechanism_logreg,LR_0.1_bal,0.9796608823819051,0.004462063643977531,0.015602483567385295,0.0002745704067321495,OR
source::data/raw/source_domain/cwru_48khz_de/OR021@6_0.mat::w0004,data/raw/source_domain/cwru_48khz_de/OR021@6_0.mat,OR,0.0,F3,R3,test,E3_mechanism_logreg,LR_0.1_bal,0.9665676392838964,0.016265755755942652,0.016831765980325823,0.0003348389798350405,OR
source::data/raw/source_domain/cwru_48khz_de/OR021@6_0.mat::w0005,data/raw/source_domain/cwru_48khz_de/OR021@6_0.mat,OR,0.0,F3,R3,test,E3_mechanism_logreg,LR_0.1_bal,0.9773005958840302,0.009067126849580855,0.013175531667775972,0.00045674559861290067,OR
source::data/raw/source_domain/cwru_48khz_de/OR021@6_0.mat::w0006,data/raw/source_domain/cwru_48khz_de/OR021@6_0.mat,OR,0.0,F3,R3,test,E3_mechanism_logreg,LR_0.1_bal,0.9769890621813602,0.006220346738895298,0.01635248888382202,0.00043810219592255704,OR
source::data/raw/source_domain/cwru_48khz_normal/N_2_(1750rpm).mat::w0000,data/raw/source_domain/cwru_48khz_normal/N_2_(1750rpm).mat,N,2.0,F3,R3,test,E3_mechanism_logreg,LR_0.1_bal,0.010000599157719304,3.265236485843241e-06,0.25123025272789823,0.7387658828778966,N
source::data/raw/source_domain/cwru_48khz_normal/N_2_(1750rpm).mat::w0001,data/raw/source_domain/cwru_48khz_normal/N_2_(1750rpm).mat,N,2.0,F3,R3,test,E3_mechanism_logreg,LR_0.1_bal,0.012479583449926853,4.882649145699238e-05,0.058816764389298906,0.9286548256693172,N
source::data/raw/source_domain/cwru_48khz_normal/N_2_(1750rpm).mat::w0002,data/raw/source_domain/cwru_48khz_normal/N_2_(1750rpm).mat,N,2.0,F3,R3,test,E3_mechanism_logreg,LR_0.1_bal,0.005467759891545319,0.00036788403186127237,0.07147013848466482,0.9226942175919286,N
source::data/raw/source_domain/cwru_48khz_normal/N_2_(1750rpm).mat::w0003,data/raw/source_domain/cwru_48khz_normal/N_2_(1750rpm).mat,N,2.0,F3,R3,test,E3_mechanism_logreg,LR_0.1_bal,0.0056335344138321326,0.00011675873737481943,0.12438390412589749,0.8698658027228957,N
source::data/raw/source_domain/cwru_48khz_normal/N_2_(1750rpm).mat::w0004,data/raw/source_domain/cwru_48khz_normal/N_2_(1750rpm).mat,N,2.0,F3,R3,test,E3_mechanism_logreg,LR_0.1_bal,0.0054567809811241754,0.00020729484276976628,0.02763246813438999,0.9667034560417159,N
source::data/raw/source_domain/cwru_48khz_normal/N_2_(1750rpm).mat::w0005,data/raw/source_domain/cwru_48khz_normal/N_2_(1750rpm).mat,N,2.0,F3,R3,test,E3_mechanism_logreg,LR_0.1_bal,0.0077280407261514665,0.0004911407303376289,0.017387235247864643,0.9743935832956462,N
source::data/raw/source_domain/cwru_48khz_normal/N_2_(1750rpm).mat::w0006,data/raw/source_domain/cwru_48khz_normal/N_2_(1750rpm).mat,N,2.0,F3,R3,test,E3_mechanism_logreg,LR_0.1_bal,0.006803772942038454,8.874544850771175e-06,0.2789312874004996,0.7142560651126111,N
source::data/raw/source_domain/cwru_48khz_normal/N_2_(1750rpm).mat::w0007,data/raw/source_domain/cwru_48khz_normal/N_2_(1750rpm).mat,N,2.0,F3,R3,test,E3_mechanism_logreg,LR_0.1_bal,0.007787359976384112,0.0002165310151201548,0.07404421129185385,0.9179518977166419,N
source::data/raw/source_domain/cwru_48khz_normal/N_2_(1750rpm).mat::w0008,data/raw/source_domain/cwru_48khz_normal/N_2_(1750rpm).mat,N,2.0,F3,R3,test,E3_mechanism_logreg,LR_0.1_bal,0.006156784772308103,2.9876554982195006e-05,0.2660229207926655,0.7277904178800442,N
source::data/raw/source_domain/cwru_48khz_normal/N_2_(1750rpm).mat::w0009,data/raw/source_domain/cwru_48khz_normal/N_2_(1750rpm).mat,N,2.0,F3,R3,test,E3_mechanism_logreg,LR_0.1_bal,0.005943856651577412,0.00012332382265654488,0.1142318146405588,0.8797010048852073,N
source::data/raw/source_domain/cwru_48khz_normal/N_2_(1750rpm).mat::w0010,data/raw/source_domain/cwru_48khz_normal/N_2_(1750rpm).mat,N,2.0,F3,R3,test,E3_mechanism_logreg,LR_0.1_bal,0.007901201656484096,8.559134706298648e-05,0.06872470172929461,0.9232885052671584,N
source::data/raw/source_domain/cwru_48khz_normal/N_2_(1750rpm).mat::w0011,data/raw/source_domain/cwru_48khz_normal/N_2_(1750rpm).mat,N,2.0,F3,R3,test,E3_mechanism_logreg,LR_0.1_bal,0.008324624349207783,8.370473016546445e-05,0.0622684059310587,0.929323264989568,N
source::data/raw/source_domain/cwru_48khz_normal/N_2_(1750rpm).mat::w0012,data/raw/source_domain/cwru_48khz_normal/N_2_(1750rpm).mat,N,2.0,F3,R3,test,E3_mechanism_logreg,LR_0.1_bal,0.010601382850230752,8.161091665044268e-05,0.06902327988940657,0.9202937263437123,N
source::data/raw/source_domain/cwru_48khz_normal/N_2_(1750rpm).mat::w0013,data/raw/source_domain/cwru_48khz_normal/N_2_(1750rpm).mat,N,2.0,F3,R3,test,E3_mechanism_logreg,LR_0.1_bal,0.008500061144305172,6.209402940248353e-05,0.0812796550279958,0.9101581897982964,N
source::data/raw/source_domain/cwru_48khz_normal/N_2_(1750rpm).mat::w0014,data/raw/source_domain/cwru_48khz_normal/N_2_(1750rpm).mat,N,2.0,F3,R3,test,E3_mechanism_logreg,LR_0.1_bal,0.006467008606273135,0.00011789204243298412,0.0522773966943641,0.9411377026569298,N
source::data/raw/source_domain/cwru_48khz_de/B007_3.mat::w0000,data/raw/source_domain/cwru_48khz_de/B007_3.mat,B,3.0,F4,R4,test,E3_mechanism_logreg,LR_10_bal,0.20020343436245913,4.3872112329088883e-08,0.7996846264300882,0.00011189533534037348,B
source::data/raw/source_domain/cwru_48khz_de/B007_3.mat::w0001,data/raw/source_domain/cwru_48khz_de/B007_3.mat,B,3.0,F4,R4,test,E3_mechanism_logreg,LR_10_bal,0.48731316533070884,6.683310831066688e-08,0.5126125577453892,7.421009079366914e-05,B
source::data/raw/source_domain/cwru_48khz_de/B007_3.mat::w0002,data/raw/source_domain/cwru_48khz_de/B007_3.mat,B,3.0,F4,R4,test,E3_mechanism_logreg,LR_10_bal,0.1889589660742334,2.5091369293641975e-08,0.8110029325267597,3.8076307637633005e-05,B
source::data/raw/source_domain/cwru_48khz_de/B007_3.mat::w0003,data/raw/source_domain/cwru_48khz_de/B007_3.mat,B,3.0,F4,R4,test,E3_mechanism_logreg,LR_10_bal,0.13907461488654876,9.95418088303049e-09,0.8608882433415523,3.7131817717949296e-05,B
source::data/raw/source_domain/cwru_48khz_de/B007_3.mat::w0004,data/raw/source_domain/cwru_48khz_de/B007_3.mat,B,3.0,F4,R4,test,E3_mechanism_logreg,LR_10_bal,0.10691325027442035,1.2217495020465975e-07,0.893049077393737,3.755015689231253e-05,B
source::data/raw/source_domain/cwru_48khz_de/B007_3.mat::w0005,data/raw/source_domain/cwru_48khz_de/B007_3.mat,B,3.0,F4,R4,test,E3_mechanism_logreg,LR_10_bal,0.018572222320441634,2.7328734016263265e-08,0.9813651028017257,6.264754909865802e-05,B
source::data/raw/source_domain/cwru_48khz_de/B007_3.mat::w0006,data/raw/source_domain/cwru_48khz_de/B007_3.mat,B,3.0,F4,R4,test,E3_mechanism_logreg,LR_10_bal,0.23722476256253336,5.939987395156074e-06,0.7624125798854341,0.00035671756463752293,B
source::data/raw/source_domain/cwru_48khz_de/B014_0.mat::w0000,data/raw/source_domain/cwru_48khz_de/B014_0.mat,B,0.0,F4,R4,test,E3_mechanism_logreg,LR_10_bal,0.00167549335329254,6.0765633171985415e-05,0.9982199619134174,4.3779100118188834e-05,B
source::data/raw/source_domain/cwru_48khz_de/B014_0.mat::w0001,data/raw/source_domain/cwru_48khz_de/B014_0.mat,B,0.0,F4,R4,test,E3_mechanism_logreg,LR_10_bal,0.0011026242352471507,1.3239480054507124e-05,0.9988571668644473,2.6969420251074346e-05,B
source::data/raw/source_domain/cwru_48khz_de/B014_0.mat::w0002,data/raw/source_domain/cwru_48khz_de/B014_0.mat,B,0.0,F4,R4,test,E3_mechanism_logreg,LR_10_bal,0.0001658707790040259,1.779051271884191e-07,0.9998301750038279,3.7763120407860883e-06,B
source::data/raw/source_domain/cwru_48khz_de/B014_0.mat::w0003,data/raw/source_domain/cwru_48khz_de/B014_0.mat,B,0.0,F4,R4,test,E3_mechanism_logreg,LR_10_bal,0.0013626252758715464,7.878044832890198e-07,0.9986311596590728,5.427260572390456e-06,B
source::data/raw/source_domain/cwru_48khz_de/B014_0.mat::w0004,data/raw/source_domain/cwru_48khz_de/B014_0.mat,B,0.0,F4,R4,test,E3_mechanism_logreg,LR_10_bal,0.0003621628398300411,6.350528069168575e-08,0.9996334267709597,4.346883929709848e-06,B
source::data/raw/source_domain/cwru_48khz_de/B014_0.mat::w0005,data/raw/source_domain/cwru_48khz_de/B014_0.mat,B,0.0,F4,R4,test,E3_mechanism_logreg,LR_10_bal,0.00038870420635475156,2.6229540748066795e-08,0.9996071799784951,4.089585609294342e-06,B
source::data/raw/source_domain/cwru_48khz_de/B014_0.mat::w0006,data/raw/source_domain/cwru_48khz_de/B014_0.mat,B,0.0,F4,R4,test,E3_mechanism_logreg,LR_10_bal,0.00784490601797928,4.706743449769202e-07,0.9921417947869987,1.2828520677085e-05,B
source::data/raw/source_domain/cwru_48khz_de/B021_1.mat::w0000,data/raw/source_domain/cwru_48khz_de/B021_1.mat,B,1.0,F4,R4,test,E3_mechanism_logreg,LR_10_bal,0.014575941303410155,0.03513506652319667,0.9502792913655157,9.700807877617258e-06,B
source::data/raw/source_domain/cwru_48khz_de/B021_1.mat::w0001,data/raw/source_domain/cwru_48khz_de/B021_1.mat,B,1.0,F4,R4,test,E3_mechanism_logreg,LR_10_bal,0.0059788566966377755,0.8970495926533865,0.09695715791069792,1.4392739277861068e-05,IR
source::data/raw/source_domain/cwru_48khz_de/B021_1.mat::w0002,data/raw/source_domain/cwru_48khz_de/B021_1.mat,B,1.0,F4,R4,test,E3_mechanism_logreg,LR_10_bal,0.0018116547047637742,0.05334796010006734,0.9448385351262533,1.8500689156756473e-06,B
source::data/raw/source_domain/cwru_48khz_de/B021_1.mat::w0003,data/raw/source_domain/cwru_48khz_de/B021_1.mat,B,1.0,F4,R4,test,E3_mechanism_logreg,LR_10_bal,0.02364620961166118,0.30297677794136185,0.6733665949523849,1.0417494591997232e-05,B
source::data/raw/source_domain/cwru_48khz_de/B021_1.mat::w0004,data/raw/source_domain/cwru_48khz_de/B021_1.mat,B,1.0,F4,R4,test,E3_mechanism_logreg,LR_10_bal,0.0037532450414174533,0.012930774536914907,0.9832969460917853,1.9034329882132306e-05,B
source::data/raw/source_domain/cwru_48khz_de/B021_1.mat::w0005,data/raw/source_domain/cwru_48khz_de/B021_1.mat,B,1.0,F4,R4,test,E3_mechanism_logreg,LR_10_bal,0.006733285018272102,0.11247953850013022,0.8807769617606792,1.0214720918462757e-05,B
source::data/raw/source_domain/cwru_48khz_de/B021_1.mat::w0006,data/raw/source_domain/cwru_48khz_de/B021_1.mat,B,1.0,F4,R4,test,E3_mechanism_logreg,LR_10_bal,3.9095071651471e-05,0.022505736666756874,0.9774537278177408,1.4404438509790628e-06,B
source::data/raw/source_domain/cwru_48khz_de/IR007_0.mat::w0000,data/raw/source_domain/cwru_48khz_de/IR007_0.mat,IR,0.0,F4,R4,test,E3_mechanism_logreg,LR_10_bal,0.00033580279504812934,0.9989560783915414,0.0002509245780959339,0.0004571942353146278,IR
source::data/raw/source_domain/cwru_48khz_de/IR007_0.mat::w0001,data/raw/source_domain/cwru_48khz_de/IR007_0.mat,IR,0.0,F4,R4,test,E3_mechanism_logreg,LR_10_bal,0.006492329073630798,0.9892367989555846,0.0018337212055362366,0.0024371507652484743,IR
source::data/raw/source_domain/cwru_48khz_de/IR007_0.mat::w0002,data/raw/source_domain/cwru_48khz_de/IR007_0.mat,IR,0.0,F4,R4,test,E3_mechanism_logreg,LR_10_bal,0.001434279660347473,0.9977701366284686,0.00019092462605642375,0.0006046590851275536,IR
source::data/raw/source_domain/cwru_48khz_de/IR007_0.mat::w0003,data/raw/source_domain/cwru_48khz_de/IR007_0.mat,IR,0.0,F4,R4,test,E3_mechanism_logreg,LR_10_bal,0.036891864230412366,0.9543113353684957,0.003787332965386481,0.005009467435705325,IR
source::data/raw/source_domain/cwru_48khz_de/IR007_0.mat::w0004,data/raw/source_domain/cwru_48khz_de/IR007_0.mat,IR,0.0,F4,R4,test,E3_mechanism_logreg,LR_10_bal,0.022378965487110488,0.9724668125206658,0.0019386882327384579,0.0032155337594851232,IR
source::data/raw/source_domain/cwru_48khz_de/IR007_0.mat::w0005,data/raw/source_domain/cwru_48khz_de/IR007_0.mat,IR,0.0,F4,R4,test,E3_mechanism_logreg,LR_10_bal,0.006317739583782974,0.9903039279905551,0.0013867021422772192,0.0019916302833848216,IR
source::data/raw/source_domain/cwru_48khz_de/IR007_0.mat::w0006,data/raw/source_domain/cwru_48khz_de/IR007_0.mat,IR,0.0,F4,R4,test,E3_mechanism_logreg,LR_10_bal,0.015244796704731257,0.9752349118438743,0.005608795388450938,0.003911496062943268,IR
source::data/raw/source_domain/cwru_48khz_de/IR014_1.mat::w0000,data/raw/source_domain/cwru_48khz_de/IR014_1.mat,IR,1.0,F4,R4,test,E3_mechanism_logreg,LR_10_bal,0.0005383226216006559,0.9994115262036388,4.994569308598192e-05,2.054816744142171e-07,IR
source::data/raw/source_domain/cwru_48khz_de/IR014_1.mat::w0001,data/raw/source_domain/cwru_48khz_de/IR014_1.mat,IR,1.0,F4,R4,test,E3_mechanism_logreg,LR_10_bal,0.0050894901269463,0.9946985047289321,0.00020998934816251422,2.015795959083883e-06,IR
source::data/raw/source_domain/cwru_48khz_de/IR014_1.mat::w0002,data/raw/source_domain/cwru_48khz_de/IR014_1.mat,IR,1.0,F4,R4,test,E3_mechanism_logreg,LR_10_bal,0.020230820745229392,0.9756554316545049,0.004108817195864239,4.9304044016209705e-06,IR
source::data/raw/source_domain/cwru_48khz_de/IR014_1.mat::w0003,data/raw/source_domain/cwru_48khz_de/IR014_1.mat,IR,1.0,F4,R4,test,E3_mechanism_logreg,LR_10_bal,0.038022221707675885,0.9588317842418819,0.003139916684659172,6.077365783114607e-06,IR
source::data/raw/source_domain/cwru_48khz_de/IR014_1.mat::w0004,data/raw/source_domain/cwru_48khz_de/IR014_1.mat,IR,1.0,F4,R4,test,E3_mechanism_logreg,LR_10_bal,0.005698751904728825,0.9941298697714829,0.00017055945394828158,8.188698398837677e-07,IR
source::data/raw/source_domain/cwru_48khz_de/IR014_1.mat::w0005,data/raw/source_domain/cwru_48khz_de/IR014_1.mat,IR,1.0,F4,R4,test,E3_mechanism_logreg,LR_10_bal,0.0019197755898478202,0.9977768180221667,0.0003027563946717788,6.499933139603541e-07,IR
source::data/raw/source_domain/cwru_48khz_de/IR014_1.mat::w0006,data/raw/source_domain/cwru_48khz_de/IR014_1.mat,IR,1.0,F4,R4,test,E3_mechanism_logreg,LR_10_bal,0.001990201057336288,0.9979313336194362,7.79759884083563e-05,4.893348190432651e-07,IR
source::data/raw/source_domain/cwru_48khz_de/IR021_2.mat::w0000,data/raw/source_domain/cwru_48khz_de/IR021_2.mat,IR,2.0,F4,R4,test,E3_mechanism_logreg,LR_10_bal,0.00028927958592820855,0.9996965858770323,1.3234822046447945e-05,8.997149929058769e-07,IR
source::data/raw/source_domain/cwru_48khz_de/IR021_2.mat::w0001,data/raw/source_domain/cwru_48khz_de/IR021_2.mat,IR,2.0,F4,R4,test,E3_mechanism_logreg,LR_10_bal,0.0015809694656250515,0.9982358863681674,0.00017964894060451252,3.4952256029672463e-06,IR
source::data/raw/source_domain/cwru_48khz_de/IR021_2.mat::w0002,data/raw/source_domain/cwru_48khz_de/IR021_2.mat,IR,2.0,F4,R4,test,E3_mechanism_logreg,LR_10_bal,0.0036336526009893315,0.9958493289817251,0.0005108055767411862,6.2128405446411605e-06,IR
source::data/raw/source_domain/cwru_48khz_de/IR021_2.mat::w0003,data/raw/source_domain/cwru_48khz_de/IR021_2.mat,IR,2.0,F4,R4,test,E3_mechanism_logreg,LR_10_bal,0.0009339446970399584,0.9990452405696146,1.913837096516413e-05,1.6763623800507037e-06,IR
source::data/raw/source_domain/cwru_48khz_de/IR021_2.mat::w0004,data/raw/source_domain/cwru_48khz_de/IR021_2.mat,IR,2.0,F4,R4,test,E3_mechanism_logreg,LR_10_bal,0.0013896951661678469,0.9985638432277307,4.457893287519528e-05,1.88267322629462e-06,IR
source::data/raw/source_domain/cwru_48khz_de/IR021_2.mat::w0005,data/raw/source_domain/cwru_48khz_de/IR021_2.mat,IR,2.0,F4,R4,test,E3_mechanism_logreg,LR_10_bal,0.002659609766810368,0.9970610584397402,0.0002756019621297123,3.7298313195307327e-06,IR
source::data/raw/source_domain/cwru_48khz_de/IR021_2.mat::w0006,data/raw/source_domain/cwru_48khz_de/IR021_2.mat,IR,2.0,F4,R4,test,E3_mechanism_logreg,LR_10_bal,0.0048167745701614825,0.9941394488978559,0.0010347573148082195,9.019217174589277e-06,IR
source::data/raw/source_domain/cwru_48khz_de/OR007@12_1.mat::w0000,data/raw/source_domain/cwru_48khz_de/OR007@12_1.mat,OR,1.0,F4,R4,test,E3_mechanism_logreg,LR_10_bal,0.9374569595510238,0.052837514461274555,0.009456244680590802,0.00024928130711092037,OR
source::data/raw/source_domain/cwru_48khz_de/OR007@12_1.mat::w0001,data/raw/source_domain/cwru_48khz_de/OR007@12_1.mat,OR,1.0,F4,R4,test,E3_mechanism_logreg,LR_10_bal,0.9920177268610035,0.00174659481116661,0.006097510321232647,0.00013816800659727935,OR
source::data/raw/source_domain/cwru_48khz_de/OR007@12_1.mat::w0002,data/raw/source_domain/cwru_48khz_de/OR007@12_1.mat,OR,1.0,F4,R4,test,E3_mechanism_logreg,LR_10_bal,0.9853779832467139,0.014067858071640266,0.00040723261341303027,0.00014692606823292565,OR
source::data/raw/source_domain/cwru_48khz_de/OR007@12_1.mat::w0003,data/raw/source_domain/cwru_48khz_de/OR007@12_1.mat,OR,1.0,F4,R4,test,E3_mechanism_logreg,LR_10_bal,0.9894090812893604,0.009922812923117506,0.00047412345466689724,0.0001939823328551727,OR
source::data/raw/source_domain/cwru_48khz_de/OR007@12_1.mat::w0004,data/raw/source_domain/cwru_48khz_de/OR007@12_1.mat,OR,1.0,F4,R4,test,E3_mechanism_logreg,LR_10_bal,0.9610912195161511,0.03863841978207484,0.0001243739699926941,0.0001459867317814401,OR
source::data/raw/source_domain/cwru_48khz_de/OR007@12_1.mat::w0005,data/raw/source_domain/cwru_48khz_de/OR007@12_1.mat,OR,1.0,F4,R4,test,E3_mechanism_logreg,LR_10_bal,0.9413654989220746,0.05558969129634864,0.00269806814752148,0.00034674163405541496,OR
source::data/raw/source_domain/cwru_48khz_de/OR007@12_1.mat::w0006,data/raw/source_domain/cwru_48khz_de/OR007@12_1.mat,OR,1.0,F4,R4,test,E3_mechanism_logreg,LR_10_bal,0.9648328359115279,0.016219581757756833,0.018451400293713283,0.0004961820370019478,OR
source::data/raw/source_domain/cwru_48khz_de/OR007@3_3.mat::w0000,data/raw/source_domain/cwru_48khz_de/OR007@3_3.mat,OR,3.0,F4,R4,test,E3_mechanism_logreg,LR_10_bal,0.9999876588191767,8.302578019388175e-06,3.813697838883325e-09,4.034789106087627e-06,OR
source::data/raw/source_domain/cwru_48khz_de/OR007@3_3.mat::w0001,data/raw/source_domain/cwru_48khz_de/OR007@3_3.mat,OR,3.0,F4,R4,test,E3_mechanism_logreg,LR_10_bal,0.9999954113594057,2.2672613164986006e-06,2.4242147091524847e-09,2.3189550629871208e-06,OR
source::data/raw/source_domain/cwru_48khz_de/OR007@3_3.mat::w0002,data/raw/source_domain/cwru_48khz_de/OR007@3_3.mat,OR,3.0,F4,R4,test,E3_mechanism_logreg,LR_10_bal,0.9999801119934777,1.4024152760023013e-05,4.1144658484234244e-09,5.85973929640876e-06,OR
source::data/raw/source_domain/cwru_48khz_de/OR007@3_3.mat::w0003,data/raw/source_domain/cwru_48khz_de/OR007@3_3.mat,OR,3.0,F4,R4,test,E3_mechanism_logreg,LR_10_bal,0.999988904583797,5.668275709445313e-06,1.1563068947387314e-08,5.415577424723268e-06,OR
source::data/raw/source_domain/cwru_48khz_de/OR007@3_3.mat::w0004,data/raw/source_domain/cwru_48khz_de/OR007@3_3.mat,OR,3.0,F4,R4,test,E3_mechanism_logreg,LR_10_bal,0.9999784152821442,1.9876302772850012e-05,3.00368091514977e-10,1.7081147149030767e-06,OR
source::data/raw/source_domain/cwru_48khz_de/OR007@3_3.mat::w0005,data/raw/source_domain/cwru_48khz_de/OR007@3_3.mat,OR,3.0,F4,R4,test,E3_mechanism_logreg,LR_10_bal,0.9999986864731042,1.5056751802418025e-07,4.182870147518618e-09,1.1587765077385727e-06,OR
source::data/raw/source_domain/cwru_48khz_de/OR007@3_3.mat::w0006,data/raw/source_domain/cwru_48khz_de/OR007@3_3.mat,OR,3.0,F4,R4,test,E3_mechanism_logreg,LR_10_bal,0.9999993362988067,6.4194441046294325e-09,4.900891505228962e-09,6.523808578090326e-07,OR
source::data/raw/source_domain/cwru_48khz_de/OR007@6_0.mat::w0000,data/raw/source_domain/cwru_48khz_de/OR007@6_0.mat,OR,0.0,F4,R4,test,E3_mechanism_logreg,LR_10_bal,0.9999774722250536,8.998383681557034e-11,5.361602406963224e-06,1.716608255558695e-05,OR
source::data/raw/source_domain/cwru_48khz_de/OR007@6_0.mat::w0001,data/raw/source_domain/cwru_48khz_de/OR007@6_0.mat,OR,0.0,F4,R4,test,E3_mechanism_logreg,LR_10_bal,0.9999998869986432,8.889883191828031e-14,1.6806307278975492e-09,1.1132063723857332e-07,OR
source::data/raw/source_domain/cwru_48khz_de/OR007@6_0.mat::w0002,data/raw/source_domain/cwru_48khz_de/OR007@6_0.mat,OR,0.0,F4,R4,test,E3_mechanism_logreg,LR_10_bal,0.9999999993324074,6.791266150418988e-17,9.180735585335223e-13,6.666745802619199e-10,OR
source::data/raw/source_domain/cwru_48khz_de/OR007@6_0.mat::w0003,data/raw/source_domain/cwru_48khz_de/OR007@6_0.mat,OR,0.0,F4,R4,test,E3_mechanism_logreg,LR_10_bal,0.9999999999997942,4.6010635809067126e-23,6.671178638416381e-17,2.0587937845055464e-13,OR
source::data/raw/source_domain/cwru_48khz_de/OR007@6_0.mat::w0004,data/raw/source_domain/cwru_48khz_de/OR007@6_0.mat,OR,0.0,F4,R4,test,E3_mechanism_logreg,LR_10_bal,0.9999999999999676,1.0010638626777938e-23,2.7595237452909613e-18,3.240202051165161e-14,OR
source::data/raw/source_domain/cwru_48khz_de/OR007@6_0.mat::w0005,data/raw/source_domain/cwru_48khz_de/OR007@6_0.mat,OR,0.0,F4,R4,test,E3_mechanism_logreg,LR_10_bal,0.9999999999728144,1.3061200342008033e-19,1.1597711566156064e-13,2.7069706170096744e-11,OR
source::data/raw/source_domain/cwru_48khz_de/OR007@6_0.mat::w0006,data/raw/source_domain/cwru_48khz_de/OR007@6_0.mat,OR,0.0,F4,R4,test,E3_mechanism_logreg,LR_10_bal,0.9999999999938325,3.7528736221848595e-20,8.24782204841704e-15,6.159153816937136e-12,OR
source::data/raw/source_domain/cwru_48khz_de/OR014@6_2.mat::w0000,data/raw/source_domain/cwru_48khz_de/OR014@6_2.mat,OR,2.0,F4,R4,test,E3_mechanism_logreg,LR_10_bal,0.048239370581749916,0.2523027317400234,0.6992318786999223,0.00022601897830448438,B
source::data/raw/source_domain/cwru_48khz_de/OR014@6_2.mat::w0001,data/raw/source_domain/cwru_48khz_de/OR014@6_2.mat,OR,2.0,F4,R4,test,E3_mechanism_logreg,LR_10_bal,0.013631710541126552,0.020119421723707863,0.9662084617604508,4.04059747149924e-05,B
source::data/raw/source_domain/cwru_48khz_de/OR014@6_2.mat::w0002,data/raw/source_domain/cwru_48khz_de/OR014@6_2.mat,OR,2.0,F4,R4,test,E3_mechanism_logreg,LR_10_bal,0.8884707887303561,1.0913873761085612e-06,0.11144980368594398,7.831619632374642e-05,OR
source::data/raw/source_domain/cwru_48khz_de/OR014@6_2.mat::w0003,data/raw/source_domain/cwru_48khz_de/OR014@6_2.mat,OR,2.0,F4,R4,test,E3_mechanism_logreg,LR_10_bal,0.8352964971841781,0.000644804596228497,0.16316180152652196,0.0008968966930713556,OR
source::data/raw/source_domain/cwru_48khz_de/OR014@6_2.mat::w0004,data/raw/source_domain/cwru_48khz_de/OR014@6_2.mat,OR,2.0,F4,R4,test,E3_mechanism_logreg,LR_10_bal,0.9760882381829996,0.00019879790298063947,0.02296780877440061,0.0007451551396190831,OR
source::data/raw/source_domain/cwru_48khz_de/OR014@6_2.mat::w0005,data/raw/source_domain/cwru_48khz_de/OR014@6_2.mat,OR,2.0,F4,R4,test,E3_mechanism_logreg,LR_10_bal,0.9869571076508422,6.105138179278516e-08,0.012998278014974496,4.455328280149569e-05,OR
source::data/raw/source_domain/cwru_48khz_de/OR014@6_2.mat::w0006,data/raw/source_domain/cwru_48khz_de/OR014@6_2.mat,OR,2.0,F4,R4,test,E3_mechanism_logreg,LR_10_bal,0.9105365393551875,0.0011584140325325697,0.0864443885551202,0.0018606580571597735,OR
source::data/raw/source_domain/cwru_48khz_de/OR021@12_2.mat::w0000,data/raw/source_domain/cwru_48khz_de/OR021@12_2.mat,OR,2.0,F4,R4,test,E3_mechanism_logreg,LR_10_bal,0.9632351837524349,0.03672194502195299,4.00599554330545e-05,2.8112701790126572e-06,OR
source::data/raw/source_domain/cwru_48khz_de/OR021@12_2.mat::w0001,data/raw/source_domain/cwru_48khz_de/OR021@12_2.mat,OR,2.0,F4,R4,test,E3_mechanism_logreg,LR_10_bal,0.9466158829031971,0.05332898922478728,5.165953078658207e-05,3.4683412290873095e-06,OR
source::data/raw/source_domain/cwru_48khz_de/OR021@12_2.mat::w0002,data/raw/source_domain/cwru_48khz_de/OR021@12_2.mat,OR,2.0,F4,R4,test,E3_mechanism_logreg,LR_10_bal,0.9337851257085837,0.06610325247063419,0.0001074021206474503,4.219700134545536e-06,OR
source::data/raw/source_domain/cwru_48khz_de/OR021@12_2.mat::w0003,data/raw/source_domain/cwru_48khz_de/OR021@12_2.mat,OR,2.0,F4,R4,test,E3_mechanism_logreg,LR_10_bal,0.9538183050108905,0.045670360731409336,0.0005076093100379213,3.724947662258454e-06,OR
source::data/raw/source_domain/cwru_48khz_de/OR021@12_2.mat::w0004,data/raw/source_domain/cwru_48khz_de/OR021@12_2.mat,OR,2.0,F4,R4,test,E3_mechanism_logreg,LR_10_bal,0.9087708278828033,0.0908093651123341,0.0004168137895636645,2.9932152989322968e-06,OR
source::data/raw/source_domain/cwru_48khz_de/OR021@12_2.mat::w0005,data/raw/source_domain/cwru_48khz_de/OR021@12_2.mat,OR,2.0,F4,R4,test,E3_mechanism_logreg,LR_10_bal,0.7841298186647057,0.21326169479552703,0.0026030099425644005,5.476597203028779e-06,OR
source::data/raw/source_domain/cwru_48khz_de/OR021@12_2.mat::w0006,data/raw/source_domain/cwru_48khz_de/OR021@12_2.mat,OR,2.0,F4,R4,test,E3_mechanism_logreg,LR_10_bal,0.6589120917209035,0.33931906206344037,0.0017477832290712302,2.1062986584926377e-05,OR
source::data/raw/source_domain/cwru_48khz_de/OR021@3_0.mat::w0000,data/raw/source_domain/cwru_48khz_de/OR021@3_0.mat,OR,0.0,F4,R4,test,E3_mechanism_logreg,LR_10_bal,0.996840088117789,2.898580076082808e-07,0.0031569595227937007,2.6625014095996378e-06,OR
source::data/raw/source_domain/cwru_48khz_de/OR021@3_0.mat::w0001,data/raw/source_domain/cwru_48khz_de/OR021@3_0.mat,OR,0.0,F4,R4,test,E3_mechanism_logreg,LR_10_bal,0.9998714836249201,4.650498664899463e-07,0.0001267605437011633,1.2907815123327612e-06,OR
source::data/raw/source_domain/cwru_48khz_de/OR021@3_0.mat::w0002,data/raw/source_domain/cwru_48khz_de/OR021@3_0.mat,OR,0.0,F4,R4,test,E3_mechanism_logreg,LR_10_bal,0.9842855782403336,1.713271859009149e-07,0.015710177358920753,4.07307355971143e-06,OR
source::data/raw/source_domain/cwru_48khz_de/OR021@3_0.mat::w0003,data/raw/source_domain/cwru_48khz_de/OR021@3_0.mat,OR,0.0,F4,R4,test,E3_mechanism_logreg,LR_10_bal,0.9991937448974297,1.001708979190481e-07,0.0008045668427643034,1.5880889081394323e-06,OR
source::data/raw/source_domain/cwru_48khz_de/OR021@6_1.mat::w0000,data/raw/source_domain/cwru_48khz_de/OR021@6_1.mat,OR,1.0,F4,R4,test,E3_mechanism_logreg,LR_10_bal,0.9880537267905289,0.00016642913080496885,0.01175342920719018,2.6414871475859197e-05,OR
source::data/raw/source_domain/cwru_48khz_de/OR021@6_1.mat::w0001,data/raw/source_domain/cwru_48khz_de/OR021@6_1.mat,OR,1.0,F4,R4,test,E3_mechanism_logreg,LR_10_bal,0.9980809119536356,5.38154073866056e-05,0.0018532031830378287,1.2069455939917192e-05,OR
source::data/raw/source_domain/cwru_48khz_de/OR021@6_1.mat::w0002,data/raw/source_domain/cwru_48khz_de/OR021@6_1.mat,OR,1.0,F4,R4,test,E3_mechanism_logreg,LR_10_bal,0.9996253190022593,0.000157239592801503,0.00021151583656702034,5.9255683721687405e-06,OR
source::data/raw/source_domain/cwru_48khz_de/OR021@6_1.mat::w0003,data/raw/source_domain/cwru_48khz_de/OR021@6_1.mat,OR,1.0,F4,R4,test,E3_mechanism_logreg,LR_10_bal,0.9999946841042064,1.567080899599169e-06,2.9087313526848892e-06,8.400835412491481e-07,OR
source::data/raw/source_domain/cwru_48khz_de/OR021@6_1.mat::w0004,data/raw/source_domain/cwru_48khz_de/OR021@6_1.mat,OR,1.0,F4,R4,test,E3_mechanism_logreg,LR_10_bal,0.9992820091385878,0.0006731186688340787,3.165066602463385e-05,1.3221526553517098e-05,OR
source::data/raw/source_domain/cwru_48khz_de/OR021@6_1.mat::w0005,data/raw/source_domain/cwru_48khz_de/OR021@6_1.mat,OR,1.0,F4,R4,test,E3_mechanism_logreg,LR_10_bal,0.9967870326938267,0.002912736910921291,0.0002748913473431546,2.5339047908803148e-05,OR
source::data/raw/source_domain/cwru_48khz_de/OR021@6_1.mat::w0006,data/raw/source_domain/cwru_48khz_de/OR021@6_1.mat,OR,1.0,F4,R4,test,E3_mechanism_logreg,LR_10_bal,0.9991524409226489,0.0005035883602777699,0.000325724169795574,1.8246547277914787e-05,OR
source::data/raw/source_domain/cwru_48khz_normal/N_3.mat::w0000,data/raw/source_domain/cwru_48khz_normal/N_3.mat,N,3.0,F4,R4,test,E3_mechanism_logreg,LR_10_bal,0.008024456215196344,1.1634212965532814e-09,0.0005124119783720254,0.9914631306430103,N
source::data/raw/source_domain/cwru_48khz_normal/N_3.mat::w0001,data/raw/source_domain/cwru_48khz_normal/N_3.mat,N,3.0,F4,R4,test,E3_mechanism_logreg,LR_10_bal,0.011285811405519468,2.3719685957441297e-09,0.0001988529090744391,0.9885153333134374,N
source::data/raw/source_domain/cwru_48khz_normal/N_3.mat::w0002,data/raw/source_domain/cwru_48khz_normal/N_3.mat,N,3.0,F4,R4,test,E3_mechanism_logreg,LR_10_bal,0.00500328492244041,2.7808939987187034e-09,0.00017948598020583938,0.9948172263164599,N
source::data/raw/source_domain/cwru_48khz_normal/N_3.mat::w0003,data/raw/source_domain/cwru_48khz_normal/N_3.mat,N,3.0,F4,R4,test,E3_mechanism_logreg,LR_10_bal,0.013678559705315146,4.423242710112983e-09,1.4927389617151042e-05,0.9863065084818249,N
source::data/raw/source_domain/cwru_48khz_normal/N_3.mat::w0004,data/raw/source_domain/cwru_48khz_normal/N_3.mat,N,3.0,F4,R4,test,E3_mechanism_logreg,LR_10_bal,0.0030266449613912585,3.3383340211056043e-09,4.731441143250822e-05,0.9969260372888421,N
source::data/raw/source_domain/cwru_48khz_normal/N_3.mat::w0005,data/raw/source_domain/cwru_48khz_normal/N_3.mat,N,3.0,F4,R4,test,E3_mechanism_logreg,LR_10_bal,0.058517880708555535,1.7797052280776324e-09,1.6229229697833155e-05,0.9414658882820415,N
source::data/raw/source_domain/cwru_48khz_normal/N_3.mat::w0006,data/raw/source_domain/cwru_48khz_normal/N_3.mat,N,3.0,F4,R4,test,E3_mechanism_logreg,LR_10_bal,0.0056381744189954106,7.84007035891818e-09,6.420261358753474e-05,0.9942976151273467,N
source::data/raw/source_domain/cwru_48khz_normal/N_3.mat::w0007,data/raw/source_domain/cwru_48khz_normal/N_3.mat,N,3.0,F4,R4,test,E3_mechanism_logreg,LR_10_bal,0.006829461899440682,4.876532482240673e-09,5.525763915550655e-05,0.9931152755848713,N
source::data/raw/source_domain/cwru_48khz_normal/N_3.mat::w0008,data/raw/source_domain/cwru_48khz_normal/N_3.mat,N,3.0,F4,R4,test,E3_mechanism_logreg,LR_10_bal,0.0018641908389636064,6.129035459147262e-09,0.0005710178914836424,0.9975647851405174,N
source::data/raw/source_domain/cwru_48khz_normal/N_3.mat::w0009,data/raw/source_domain/cwru_48khz_normal/N_3.mat,N,3.0,F4,R4,test,E3_mechanism_logreg,LR_10_bal,0.009817101791891733,3.419129753334202e-08,9.368729860175573e-05,0.990089176718209,N
source::data/raw/source_domain/cwru_48khz_normal/N_3.mat::w0010,data/raw/source_domain/cwru_48khz_normal/N_3.mat,N,3.0,F4,R4,test,E3_mechanism_logreg,LR_10_bal,0.0031075540093515007,8.226440228797087e-10,0.000661899250214062,0.9962305459177904,N
source::data/raw/source_domain/cwru_48khz_normal/N_3.mat::w0011,data/raw/source_domain/cwru_48khz_normal/N_3.mat,N,3.0,F4,R4,test,E3_mechanism_logreg,LR_10_bal,0.005170764758944574,6.3179906543889296e-09,1.427859742948317e-05,0.9948149503256353,N
source::data/raw/source_domain/cwru_48khz_normal/N_3.mat::w0012,data/raw/source_domain/cwru_48khz_normal/N_3.mat,N,3.0,F4,R4,test,E3_mechanism_logreg,LR_10_bal,0.0044423873583843195,1.829616394712257e-08,0.0002087196165819601,0.9953488747288697,N
source::data/raw/source_domain/cwru_48khz_normal/N_3.mat::w0013,data/raw/source_domain/cwru_48khz_normal/N_3.mat,N,3.0,F4,R4,test,E3_mechanism_logreg,LR_10_bal,0.025457188179056164,1.0861112541985931e-08,8.614019350027033e-05,0.974456660766331,N
source::data/raw/source_domain/cwru_48khz_normal/N_3.mat::w0014,data/raw/source_domain/cwru_48khz_normal/N_3.mat,N,3.0,F4,R4,test,E3_mechanism_logreg,LR_10_bal,0.023052462229745684,3.3461720801786483e-09,0.00020212000821460236,0.9767454144158677,N
