sample_id,stage,time_s,value,sample_role_cn
B_typical_B021_3,primary_processed,0.0,0.1996596555330086,典型样本
B_typical_B021_3,primary_processed,8.333333333333333e-05,-0.1775663184929654,典型样本
B_typical_B021_3,primary_processed,0.0001666666666666,-0.0263507340773809,典型样本
B_typical_B021_3,primary_processed,0.00025,0.2094154996888528,典型样本
B_typical_B021_3,primary_processed,0.0003333333333333,-0.0044000847267316,典型样本
B_typical_B021_3,primary_processed,0.0004166666666666,-0.1344780068046537,典型样本
B_typical_B021_3,primary_processed,0.0005,0.1403116035849567,典型样本
B_typical_B021_3,primary_processed,0.0005833333333333,0.0382817334550865,典型样本
B_typical_B021_3,primary_processed,0.0006666666666666,-0.2653689158955628,典型样本
B_typical_B021_3,primary_processed,0.00075,-0.0060260587527056,典型样本
B_typical_B021_3,primary_processed,0.0008333333333333,0.0943778373511904,典型样本
B_typical_B021_3,primary_processed,0.0009166666666666,-0.093828656155303,典型样本
B_typical_B021_3,primary_processed,0.001,-0.0836663184929653,典型样本
B_typical_B021_3,primary_processed,0.0010833333333333,0.2350245905979437,典型样本
B_typical_B021_3,primary_processed,0.0011666666666666,0.1508804347537879,典型样本
B_typical_B021_3,primary_processed,0.00125,-0.0385455392721861,典型样本
B_typical_B021_3,primary_processed,0.0013333333333333,0.160636278909632,典型样本
B_typical_B021_3,primary_processed,0.0014166666666666,0.2874622529356061,典型样本
B_typical_B021_3,primary_processed,0.0015,-0.1060234613501082,典型样本
B_typical_B021_3,primary_processed,0.0015833333333333,-0.2527676171942641,典型样本
B_typical_B021_3,primary_processed,0.0016666666666666,0.0151116035849567,典型样本
B_typical_B021_3,primary_processed,0.00175,-0.0909832016098484,典型样本
B_typical_B021_3,primary_processed,0.0018333333333333,-0.2003299548566017,典型样本
B_typical_B021_3,primary_processed,0.0019166666666666,0.1781154996888528,典型样本
B_typical_B021_3,primary_processed,0.002,0.0834025126758658,典型样本
B_typical_B021_3,primary_processed,0.0020833333333333,-0.0995195652462121,典型样本
B_typical_B021_3,primary_processed,0.0021666666666666,0.2122609542343073,典型样本
B_typical_B021_3,primary_processed,0.00225,0.2659180970914502,典型样本
B_typical_B021_3,primary_processed,0.0023333333333333,-0.0739104743371212,典型样本
B_typical_B021_3,primary_processed,0.0024166666666666,-0.1043974873241342,典型样本
B_typical_B021_3,primary_processed,0.0025,0.1813674477408008,典型样本
B_typical_B021_3,primary_processed,0.0025833333333333,0.098849265922619,典型样本
B_typical_B021_3,primary_processed,0.0026666666666666,-0.2613039808306277,典型样本
B_typical_B021_3,primary_processed,0.00275,-0.0983000847267316,典型样本
B_typical_B021_3,primary_processed,0.0028333333333333,0.2329921230654762,典型样本
B_typical_B021_3,primary_processed,0.0029166666666666,-0.032854630181277,典型样本
B_typical_B021_3,primary_processed,0.003,-0.2133377470643939,典型样本
B_typical_B021_3,primary_processed,0.0030833333333333,0.1244583568317099,典型样本
B_typical_B021_3,primary_processed,0.0031666666666666,-0.0044000847267316,典型样本
B_typical_B021_3,primary_processed,0.00325,-0.2466702145968615,典型样本
B_typical_B021_3,primary_processed,0.0033333333333333,0.1569778373511904,典型样本
B_typical_B021_3,primary_processed,0.0034166666666666,0.0468180970914502,典型样本
B_typical_B021_3,primary_processed,0.0035,-0.3344728119994589,典型样本
B_typical_B021_3,primary_processed,0.0035833333333333,-0.0588702145968614,典型样本
B_typical_B021_3,primary_processed,0.0036666666666666,0.0232414737148268,典型样本
B_typical_B021_3,primary_processed,0.00375,-0.1401689158955628,典型样本
B_typical_B021_3,primary_processed,0.0038333333333333,-0.214963721090368,典型样本
B_typical_B021_3,primary_processed,0.0039166666666666,-0.0291961886228355,典型样本
B_typical_B021_3,primary_processed,0.004,0.1134830321563852,典型样本
B_typical_B021_3,primary_processed,0.0040833333333333,0.0460051100784632,典型样本
B_typical_B021_3,primary_processed,0.0041666666666666,-0.0523663184929653,典型样本
B_typical_B021_3,primary_processed,0.00425,0.1073856295589826,典型样本
B_typical_B021_3,primary_processed,0.0043333333333333,0.1679531620265151,典型样本
B_typical_B021_3,primary_processed,0.0044166666666666,-0.1178117730384199,典型样本
B_typical_B021_3,primary_processed,0.0045,-0.1665909938176407,典型样本
B_typical_B021_3,primary_processed,0.0045833333333333,-0.0027741107007575,典型样本
B_typical_B021_3,primary_processed,0.0046666666666666,-0.0832598249864718,典型样本
B_typical_B021_3,primary_processed,0.00475,-0.06334164316829,典型样本
B_typical_B021_3,primary_processed,0.0048333333333333,0.0403142009875541,典型样本
B_typical_B021_3,primary_processed,0.0049166666666666,0.1147025126758658,典型样本
B_typical_B021_3,primary_processed,0.005,0.1252713438446969,典型样本
B_typical_B021_3,primary_processed,0.0050833333333333,0.0407206944940476,典型样本
B_typical_B021_3,primary_processed,0.0051666666666666,0.0183635516369047,典型样本
B_typical_B021_3,primary_processed,0.00525,0.0451921230654761,典型样本
B_typical_B021_3,primary_processed,0.0053333333333333,-0.1165922925189394,典型样本
B_typical_B021_3,primary_processed,0.0054166666666666,-0.126754630181277,典型样本
B_typical_B021_3,primary_processed,0.0055,0.1081986165719697,典型样本
B_typical_B021_3,primary_processed,0.0055833333333333,-0.0324481366747835,典型样本
B_typical_B021_3,primary_processed,0.0056666666666666,-0.1759403444669913,典型样本
B_typical_B021_3,primary_processed,0.00575,0.0277129022862554,典型样本
B_typical_B021_3,primary_processed,0.0058333333333333,0.1858388763122294,典型样本
B_typical_B021_3,primary_processed,0.0059166666666666,-0.0178143704410173,典型样本
B_typical_B021_3,primary_processed,0.006,-0.2458572275838745,典型样本
B_typical_B021_3,primary_processed,0.0060833333333333,0.1077921230654762,典型样本
B_typical_B021_3,primary_processed,0.0061666666666666,0.2541297854031386,典型样本
B_typical_B021_3,primary_processed,0.00625,-0.2515481366747835,典型样本
B_typical_B021_3,primary_processed,0.0063333333333333,-0.0686260587527056,典型样本
B_typical_B021_3,primary_processed,0.0064166666666666,0.3724193957927489,典型样本
B_typical_B021_3,primary_processed,0.0065,-0.1674039808306277,典型样本
B_typical_B021_3,primary_processed,0.0065833333333333,-0.2556130717397186,典型样本
B_typical_B021_3,primary_processed,0.0066666666666666,0.3447778373511905,典型样本
B_typical_B021_3,primary_processed,0.00675,-0.0056195652462121,典型样本
B_typical_B021_3,primary_processed,0.0068333333333333,-0.4612987860254329,典型样本
B_typical_B021_3,primary_processed,0.0069166666666666,0.3232336815070347,典型样本
B_typical_B021_3,primary_processed,0.007,0.3333960191693723,典型样本
B_typical_B021_3,primary_processed,0.0070833333333333,-0.312115669142316,典型样本
B_typical_B021_3,primary_processed,0.0071666666666666,0.0630778373511904,典型样本
B_typical_B021_3,primary_processed,0.00725,0.3874596555330087,典型样本
B_typical_B021_3,primary_processed,0.0073333333333333,-0.2491091756358225,典型样本
B_typical_B021_3,primary_processed,0.0074166666666666,-0.2100857990124459,典型样本
B_typical_B021_3,primary_processed,0.0075,0.0992557594291125,典型样本
B_typical_B021_3,primary_processed,0.0075833333333333,-0.0263507340773809,典型样本
B_typical_B021_3,primary_processed,0.0076666666666666,-0.1422013834280303,典型样本
B_typical_B021_3,primary_processed,0.00775,0.1642947204680735,典型样本
B_typical_B021_3,primary_processed,0.0078333333333333,0.2935596555330086,典型样本
B_typical_B021_3,primary_processed,0.0079166666666666,0.0882804347537878,典型样本
B_typical_B021_3,primary_processed,0.008,0.0496635516369047,典型样本
B_typical_B021_3,primary_processed,0.0080833333333333,0.0208025126758658,典型样本
B_typical_B021_3,primary_processed,0.0081666666666666,-0.0206598249864718,典型样本
B_typical_B021_3,primary_processed,0.00825,-0.0291961886228355,典型样本
B_typical_B021_3,primary_processed,0.0083333333333333,-0.1210637210903679,典型样本
B_typical_B021_3,primary_processed,0.0084166666666666,-0.0365130717397186,典型样本
B_typical_B021_3,primary_processed,0.0085,-0.0202533314799783,典型样本
B_typical_B021_3,primary_processed,0.0085833333333333,-0.1296000847267316,典型样本
B_typical_B021_3,primary_processed,0.0086666666666666,-0.0348870977137446,典型样本
B_typical_B021_3,primary_processed,0.00875,0.2077895256628788,典型样本
B_typical_B021_3,primary_processed,0.0088333333333333,-0.0584637210903679,典型样本
B_typical_B021_3,primary_processed,0.0089166666666666,-0.1300065782332251,典型样本
B_typical_B021_3,primary_processed,0.009,0.2167323828057359,典型样本
B_typical_B021_3,primary_processed,0.0090833333333333,0.0915323828057359,典型样本
B_typical_B021_3,primary_processed,0.0091666666666666,-0.095454630181277,典型样本
B_typical_B021_3,primary_processed,0.00925,0.1203934217667749,典型样本
B_typical_B021_3,primary_processed,0.0093333333333333,0.1142960191693723,典型样本
B_typical_B021_3,primary_processed,0.0094166666666666,-0.1747208639475108,典型样本
B_typical_B021_3,primary_processed,0.0095,-0.1210637210903679,典型样本
B_typical_B021_3,primary_processed,0.0095833333333333,-0.1535832016098485,典型样本
B_typical_B021_3,primary_processed,0.0096666666666666,-0.1686234613501082,典型样本
B_typical_B021_3,primary_processed,0.00975,0.0407206944940476,典型样本
B_typical_B021_3,primary_processed,0.0098333333333333,-0.0210663184929653,典型样本
B_typical_B021_3,primary_processed,0.0099166666666666,0.033810304883658,典型样本
B_typical_B021_3,primary_processed,0.01,0.0907193957927489,典型样本
B_typical_B021_3,primary_processed,0.0100833333333333,0.0630778373511904,典型样本
B_typical_B021_3,primary_processed,0.0101666666666666,-0.0019611236877705,典型样本
B_typical_B021_3,primary_processed,0.01025,0.0293388763122294,典型样本
B_typical_B021_3,primary_processed,0.0103333333333333,-0.1279741107007576,典型样本
B_typical_B021_3,primary_processed,0.0104166666666666,-0.1978909938176407,典型样本
B_typical_B021_3,primary_processed,0.0105,0.0317778373511904,典型样本
B_typical_B021_3,primary_processed,0.0105833333333333,0.0606388763122294,典型样本
B_typical_B021_3,primary_processed,0.0106666666666666,-0.0157819029085497,典型样本
B_typical_B021_3,primary_processed,0.01075,0.0748661490395021,典型样本
B_typical_B021_3,primary_processed,0.0108333333333333,0.2703895256628788,典型样本
B_typical_B021_3,primary_processed,0.0109166666666666,0.0098271880005411,典型样本
B_typical_B021_3,primary_processed,0.011,-0.2015494353760822,典型样本
B_typical_B021_3,primary_processed,0.0110833333333333,0.1207999152732683,典型样本
B_typical_B021_3,primary_processed,0.0111666666666666,0.0500700451433982,典型样本
B_typical_B021_3,primary_processed,0.01125,-0.0755364483630952,典型样本
B_typical_B021_3,primary_processed,0.0113333333333333,0.0858414737148268,典型样本
B_typical_B021_3,primary_processed,0.0114166666666666,0.0045427724161255,典型样本
B_typical_B021_3,primary_processed,0.0115,-0.2226870977137446,典型样本
B_typical_B021_3,primary_processed,0.0115833333333333,0.0858414737148268,典型样本
B_typical_B021_3,primary_processed,0.0116666666666666,0.1468154996888528,典型样本
B_typical_B021_3,primary_processed,0.01175,-0.1970780068046537,典型样本
B_typical_B021_3,primary_processed,0.0118333333333333,-0.0430169678436147,典型样本
B_typical_B021_3,primary_processed,0.0119166666666666,0.0777116035849567,典型样本
B_typical_B021_3,primary_processed,0.012,-0.0056195652462121,典型样本
B_typical_B021_3,primary_processed,0.0120833333333333,0.0126726425459956,典型样本
B_typical_B021_3,primary_processed,0.0121666666666666,0.035436278909632,典型样本
B_typical_B021_3,primary_processed,0.01225,-0.031228656155303,典型样本
B_typical_B021_3,primary_processed,0.0123333333333333,-0.0897637210903679,典型样本
B_typical_B021_3,primary_processed,0.0124166666666666,-0.0417974873241342,典型样本
B_typical_B021_3,primary_processed,0.0125,-0.0592767081033549,典型样本
B_typical_B021_3,primary_processed,0.0125833333333333,-0.0816338509604978,典型样本
B_typical_B021_3,primary_processed,0.0126666666666666,-0.0434234613501082,典型样本
B_typical_B021_3,primary_processed,0.01275,0.1232388763122294,典型样本
B_typical_B021_3,primary_processed,0.0128333333333333,0.1968142009875541,典型样本
B_typical_B021_3,primary_processed,0.0129166666666666,0.098849265922619,典型样本
B_typical_B021_3,primary_processed,0.013,0.0134856295589826,典型样本
B_typical_B021_3,primary_processed,0.0130833333333333,-0.1182182665449134,典型样本
B_typical_B021_3,primary_processed,0.0131666666666666,0.0516960191693722,典型样本
B_typical_B021_3,primary_processed,0.01325,-0.0629351496617965,典型样本
B_typical_B021_3,primary_processed,0.0133333333333333,-0.1743143704410173,典型样本
B_typical_B021_3,primary_processed,0.0134166666666666,0.0842154996888528,典型样本
B_typical_B021_3,primary_processed,0.0135,0.0870609542343073,典型样本
B_typical_B021_3,primary_processed,0.0135833333333333,0.0138921230654761,典型样本
B_typical_B021_3,primary_processed,0.0136666666666666,0.1781154996888528,典型样本
B_typical_B021_3,primary_processed,0.01375,0.2549427724161256,典型样本
B_typical_B021_3,primary_processed,0.0138333333333333,-0.060089695116342,典型样本
B_typical_B021_3,primary_processed,0.0139166666666666,-0.0035870977137445,典型样本
B_typical_B021_3,primary_processed,0.014,0.1586038113771645,典型样本
B_typical_B021_3,primary_processed,0.0140833333333333,-0.1198442405708874,典型样本
B_typical_B021_3,primary_processed,0.0141666666666666,-0.1649650197916667,典型样本
B_typical_B021_3,primary_processed,0.01425,-0.003180604207251,典型样本
B_typical_B021_3,primary_processed,0.0143333333333333,0.06998822696158,典型样本
B_typical_B021_3,primary_processed,0.0144166666666666,-0.155615669142316,典型样本
B_typical_B021_3,primary_processed,0.0145,-0.0352935912202381,典型样本
B_typical_B021_3,primary_processed,0.0145833333333333,0.1321817334550866,典型样本
B_typical_B021_3,primary_processed,0.0146666666666666,-0.0422039808306277,典型样本
B_typical_B021_3,primary_processed,0.01475,-0.0552117730384199,典型样本
B_typical_B021_3,primary_processed,0.0148333333333333,0.1923427724161255,典型样本
B_typical_B021_3,primary_processed,0.0149166666666666,0.1134830321563852,典型样本
B_typical_B021_3,primary_processed,0.015,-0.1165922925189394,典型样本
B_typical_B021_3,primary_processed,0.0150833333333333,-0.0397650197916666,典型样本
B_typical_B021_3,primary_processed,0.0151666666666666,0.0537284867018398,典型样本
B_typical_B021_3,primary_processed,0.01525,-0.1678104743371212,典型样本
B_typical_B021_3,primary_processed,0.0153333333333333,-0.3287819029085498,典型样本
B_typical_B021_3,primary_processed,0.0154166666666666,-0.0100909938176406,典型样本
B_typical_B021_3,primary_processed,0.0155,0.0325908243641775,典型样本
B_typical_B021_3,primary_processed,0.0155833333333333,-0.2385403444669913,典型样本
B_typical_B021_3,primary_processed,0.0156666666666666,0.0894999152732684,典型样本
B_typical_B021_3,primary_processed,0.01575,0.404532382805736,典型样本
B_typical_B021_3,primary_processed,0.0158333333333333,0.0569804347537878,典型样本
B_typical_B021_3,primary_processed,0.0159166666666666,-0.060089695116342,典型样本
B_typical_B021_3,primary_processed,0.016,0.1520999152732684,典型样本
B_typical_B021_3,primary_processed,0.0160833333333333,-0.0340741107007575,典型样本
B_typical_B021_3,primary_processed,0.0161666666666666,-0.1373234613501082,典型样本
B_typical_B021_3,primary_processed,0.01625,0.1707986165719697,典型样本
B_typical_B021_3,primary_processed,0.0163333333333333,-0.060902682129329,典型样本
B_typical_B021_3,primary_processed,0.0164166666666666,-0.2137442405708874,典型样本
B_typical_B021_3,primary_processed,0.0165,0.037875239948593,典型样本
B_typical_B021_3,primary_processed,0.0165833333333333,0.2264882269615801,典型样本
B_typical_B021_3,primary_processed,0.0166666666666666,-0.0539922925189394,典型样本
B_typical_B021_3,primary_processed,0.01675,-0.0230987860254329,典型样本
B_typical_B021_3,primary_processed,0.0168333333333333,0.1305557594291125,典型样本
B_typical_B021_3,primary_processed,0.0169166666666666,-0.0401715132981601,典型样本
B_typical_B021_3,primary_processed,0.017,-0.003180604207251,典型样本
B_typical_B021_3,primary_processed,0.0170833333333333,-0.0543987860254329,典型样本
B_typical_B021_3,primary_processed,0.0171666666666666,-0.1023650197916666,典型样本
B_typical_B021_3,primary_processed,0.01725,-0.0548052795319264,典型样本
B_typical_B021_3,primary_processed,0.0173333333333333,0.0805570581304112,典型样本
B_typical_B021_3,primary_processed,0.0174166666666666,-0.0690325522591991,典型样本
B_typical_B021_3,primary_processed,0.0175,-0.0950481366747835,典型样本
B_typical_B021_3,primary_processed,0.0175833333333333,0.1041336815070346,典型样本
B_typical_B021_3,primary_processed,0.0176666666666666,0.0317778373511904,典型样本
B_typical_B021_3,primary_processed,0.01775,0.0248674477408008,典型样本
B_typical_B021_3,primary_processed,0.0178333333333333,0.1224258892992424,典型样本
B_typical_B021_3,primary_processed,0.0179166666666666,0.0256804347537878,典型样本
B_typical_B021_3,primary_processed,0.018,-0.1568351496617965,典型样本
B_typical_B021_3,primary_processed,0.0180833333333333,0.0167375776109307,典型样本
B_typical_B021_3,primary_processed,0.0181666666666666,-0.0808208639475108,典型样本
B_typical_B021_3,primary_processed,0.01825,-0.2588650197916667,典型样本
B_typical_B021_3,primary_processed,0.0183333333333333,0.0016973178706709,典型样本
B_typical_B021_3,primary_processed,0.0184166666666666,0.0118596555330086,典型样本
B_typical_B021_3,primary_processed,0.0185,-0.0434234613501082,典型样本
B_typical_B021_3,primary_processed,0.0185833333333333,0.1752700451433982,典型样本
B_typical_B021_3,primary_processed,0.0186666666666666,0.2935596555330086,典型样本
B_typical_B021_3,primary_processed,0.01875,-0.0161883964150432,典型样本
B_typical_B021_3,primary_processed,0.0188333333333333,0.126084330857684,典型样本
B_typical_B021_3,primary_processed,0.0189166666666666,0.3020960191693723,典型样本
B_typical_B021_3,primary_processed,0.019,-0.309676708103355,典型样本
B_typical_B021_3,primary_processed,0.0190833333333333,-0.0316351496617965,典型样本
B_typical_B021_3,primary_processed,0.0191666666666666,0.3419323828057359,典型样本
B_typical_B021_3,primary_processed,0.01925,-0.3072377470643939,典型样本
B_typical_B021_3,primary_processed,0.0193333333333333,-0.2202481366747836,典型样本
B_typical_B021_3,primary_processed,0.0194166666666666,0.3590051100784633,典型样本
B_typical_B021_3,primary_processed,0.0195,0.0773051100784632,典型样本
B_typical_B021_3,primary_processed,0.0195833333333333,-0.251954630181277,典型样本
B_typical_B021_3,primary_processed,0.0196666666666666,0.2760804347537879,典型样本
B_typical_B021_3,primary_processed,0.01975,0.1756765386498918,典型样本
B_typical_B021_3,primary_processed,0.0198333333333333,-0.2178091756358225,典型样本
B_typical_B021_3,primary_processed,0.0199166666666666,0.00738822696158,典型样本
B_typical_B021_3,primary_processed,0.02,0.1240518633252164,典型样本
B_typical_B021_3,primary_processed,0.0200833333333333,-0.1279741107007576,典型样本
B_typical_B021_3,primary_processed,0.0201666666666666,-0.2942299548566017,典型样本
B_typical_B021_3,primary_processed,0.02025,0.2167323828057359,典型样本
B_typical_B021_3,primary_processed,0.0203333333333333,0.0813700451433982,典型样本
B_typical_B021_3,primary_processed,0.0204166666666666,-0.3836585262851731,典型样本
B_typical_B021_3,primary_processed,0.0205,0.1305557594291125,典型样本
B_typical_B021_3,primary_processed,0.0205833333333333,0.2955921230654762,典型样本
B_typical_B021_3,primary_processed,0.0206666666666666,-0.1783793055059524,典型样本
B_typical_B021_3,primary_processed,0.02075,0.0504765386498917,典型样本
B_typical_B021_3,primary_processed,0.0208333333333333,0.2894947204680736,典型样本
B_typical_B021_3,primary_processed,0.0209166666666666,-0.2267520327786797,典型样本
B_typical_B021_3,primary_processed,0.021,-0.2710598249864718,典型样本
B_typical_B021_3,primary_processed,0.0210833333333333,0.036249265922619,典型样本
B_typical_B021_3,primary_processed,0.0211666666666666,-0.1865091756358225,典型样本
B_typical_B021_3,primary_processed,0.02125,-0.1775663184929654,典型样本
B_typical_B021_3,primary_processed,0.0213333333333333,-0.0873247600514069,典型样本
B_typical_B021_3,primary_processed,0.0214166666666666,0.0305583568317099,典型样本
B_typical_B021_3,primary_processed,0.0215,0.1382791360524891,典型样本
B_typical_B021_3,primary_processed,0.0215833333333333,0.0610453698187229,典型样本
B_typical_B021_3,primary_processed,0.0216666666666666,0.0618583568317099,典型样本
B_typical_B021_3,primary_processed,0.02175,0.1760830321563853,典型样本
B_typical_B021_3,primary_processed,0.0218333333333333,0.0094206944940476,典型样本
B_typical_B021_3,primary_processed,0.0219166666666666,-0.0686260587527056,典型样本
B_typical_B021_3,primary_processed,0.022,0.0630778373511904,典型样本
B_typical_B021_3,primary_processed,0.0220833333333333,-0.0198468379734848,典型样本
B_typical_B021_3,primary_processed,0.0221666666666666,-0.1686234613501082,典型样本
B_typical_B021_3,primary_processed,0.02225,0.0858414737148268,典型样本
B_typical_B021_3,primary_processed,0.0223333333333333,0.1508804347537879,典型样本
B_typical_B021_3,primary_processed,0.0224166666666666,-0.1202507340773809,典型样本
B_typical_B021_3,primary_processed,0.0225,-0.0657806042072511,典型样本
B_typical_B021_3,primary_processed,0.0225833333333333,0.1968142009875541,典型样本
B_typical_B021_3,primary_processed,0.0226666666666666,0.0175505646239177,典型样本
B_typical_B021_3,primary_processed,0.02275,-0.096267617194264,典型样本
B_typical_B021_3,primary_processed,0.0228333333333333,0.0516960191693722,典型样本
B_typical_B021_3,primary_processed,0.0229166666666666,-0.0576507340773809,典型样本
B_typical_B021_3,primary_processed,0.023,-0.1247221626488095,典型样本
B_typical_B021_3,primary_processed,0.0230833333333333,0.0195830321563852,典型样本
B_typical_B021_3,primary_processed,0.0231666666666666,-0.0035870977137445,典型样本
B_typical_B021_3,primary_processed,0.02325,-0.1795987860254329,典型样本
B_typical_B021_3,primary_processed,0.0233333333333333,-0.060902682129329,典型样本
B_typical_B021_3,primary_processed,0.0234166666666666,0.0212090061823593,典型样本
B_typical_B021_3,primary_processed,0.0235,0.004949265922619,典型样本
B_typical_B021_3,primary_processed,0.0235833333333333,0.0732401750135281,典型样本
B_typical_B021_3,primary_processed,0.0236666666666666,-0.0117169678436147,典型样本
B_typical_B021_3,primary_processed,0.02375,-0.1137468379734848,典型样本
B_typical_B021_3,primary_processed,0.0238333333333333,-0.0401715132981601,典型样本
B_typical_B021_3,primary_processed,0.0239166666666666,-0.1934195652462121,典型样本
B_typical_B021_3,primary_processed,0.024,-0.2966689158955627,典型样本
B_typical_B021_3,primary_processed,0.0240833333333333,0.0248674477408008,典型样本
B_typical_B021_3,primary_processed,0.0241666666666666,0.0545414737148268,典型样本
B_typical_B021_3,primary_processed,0.02425,-0.1417948899215368,典型样本
B_typical_B021_3,primary_processed,0.0243333333333333,0.1045401750135281,典型样本
B_typical_B021_3,primary_processed,0.0244166666666666,0.2447804347537878,典型样本
B_typical_B021_3,primary_processed,0.0245,0.0821830321563852,典型样本
B_typical_B021_3,primary_processed,0.0245833333333333,0.1362466685200216,典型样本
B_typical_B021_3,primary_processed,0.0246666666666666,0.2061635516369047,典型样本
B_typical_B021_3,primary_processed,0.02475,-0.0446429418695887,典型样本
B_typical_B021_3,primary_processed,0.0248333333333333,0.0004778373511904,典型样本
B_typical_B021_3,primary_processed,0.0249166666666666,0.1634817334550865,典型样本
B_typical_B021_3,primary_processed,0.025,0.0573869282602813,典型样本
B_typical_B021_3,primary_processed,0.0250833333333333,-0.1535832016098485,典型样本
B_typical_B021_3,primary_processed,0.0251666666666666,0.0846219931953463,典型样本
B_typical_B021_3,primary_processed,0.02525,0.188684330857684,典型样本
B_typical_B021_3,primary_processed,0.0253333333333333,-0.1096819029085498,典型样本
B_typical_B021_3,primary_processed,0.0254166666666666,-0.0487078769345238,典型样本
B_typical_B021_3,primary_processed,0.0255,0.094784330857684,典型样本
B_typical_B021_3,primary_processed,0.0255833333333333,0.0626713438446969,典型样本
B_typical_B021_3,primary_processed,0.0256666666666666,-0.0706585262851731,典型样本
B_typical_B021_3,primary_processed,0.02575,-0.0088715132981601,典型样本
B_typical_B021_3,primary_processed,0.0258333333333333,-0.062528656155303,典型样本
B_typical_B021_3,primary_processed,0.0259166666666666,-0.2267520327786797,典型样本
B_typical_B021_3,primary_processed,0.026,-0.0487078769345238,典型样本
B_typical_B021_3,primary_processed,0.0260833333333333,0.066736278909632,典型样本
B_typical_B021_3,primary_processed,0.0261666666666666,-0.0873247600514069,典型样本
B_typical_B021_3,primary_processed,0.02625,-0.1535832016098485,典型样本
B_typical_B021_3,primary_processed,0.0263333333333333,0.0960038113771645,典型样本
B_typical_B021_3,primary_processed,0.0264166666666666,0.3931505646239178,典型样本
B_typical_B021_3,primary_processed,0.0265,0.0134856295589826,典型样本
B_typical_B021_3,primary_processed,0.0265833333333333,-0.0161883964150432,典型样本
B_typical_B021_3,primary_processed,0.0266666666666666,0.1057596555330086,典型样本
B_typical_B021_3,primary_processed,0.02675,-0.0519598249864718,典型样本
B_typical_B021_3,primary_processed,0.0268333333333333,-0.2222806042072511,典型样本
B_typical_B021_3,primary_processed,0.0269166666666666,-0.0629351496617965,典型样本
B_typical_B021_3,primary_processed,0.027,0.1403116035849567,典型样本
B_typical_B021_3,primary_processed,0.0270833333333333,-0.0987065782332251,典型样本
B_typical_B021_3,primary_processed,0.0271666666666666,-0.0048065782332251,典型样本
B_typical_B021_3,primary_processed,0.02725,0.3529077074810606,典型样本
B_typical_B021_3,primary_processed,0.0273333333333333,0.2146999152732684,典型样本
B_typical_B021_3,primary_processed,0.0274166666666666,-0.1873221626488095,典型样本
B_typical_B021_3,primary_processed,0.0275,0.1147025126758658,典型样本
B_typical_B021_3,primary_processed,0.0275833333333333,0.3675414737148268,典型样本
B_typical_B021_3,primary_processed,0.0276666666666666,-0.1995169678436147,典型样本
B_typical_B021_3,primary_processed,0.02775,-0.2580520327786796,典型样本
B_typical_B021_3,primary_processed,0.0278333333333333,0.2651051100784632,典型样本
B_typical_B021_3,primary_processed,0.0279166666666666,0.0037297854031385,典型样本
B_typical_B021_3,primary_processed,0.028,-0.2930104743371212,典型样本
B_typical_B021_3,primary_processed,0.0280833333333333,0.1480349802083333,典型样本
B_typical_B021_3,primary_processed,0.0281666666666666,0.1305557594291125,典型样本
B_typical_B021_3,primary_processed,0.02825,-0.2783767081033549,典型样本
B_typical_B021_3,primary_processed,0.0283333333333333,0.0134856295589826,典型样本
B_typical_B021_3,primary_processed,0.0284166666666666,0.2025051100784632,典型样本
B_typical_B021_3,primary_processed,0.0285,-0.0865117730384199,典型样本
B_typical_B021_3,primary_processed,0.0285833333333333,-0.1056169678436147,典型样本
B_typical_B021_3,primary_processed,0.0286666666666666,0.1427505646239177,典型样本
B_typical_B021_3,primary_processed,0.02875,-0.0222857990124458,典型样本
B_typical_B021_3,primary_processed,0.0288333333333333,-0.3039857990124459,典型样本
B_typical_B021_3,primary_processed,0.0289166666666666,-0.1617130717397186,典型样本
B_typical_B021_3,primary_processed,0.029,0.0777116035849567,典型样本
B_typical_B021_3,primary_processed,0.0290833333333333,-0.0613091756358225,典型样本
B_typical_B021_3,primary_processed,0.0291666666666666,-0.2458572275838745,典型样本
B_typical_B021_3,primary_processed,0.02925,0.032997317870671,典型样本
B_typical_B021_3,primary_processed,0.0293333333333333,0.131775239948593,典型样本
B_typical_B021_3,primary_processed,0.0294166666666666,-0.1182182665449134,典型样本
B_typical_B021_3,primary_processed,0.0295,-0.0369195652462121,典型样本
B_typical_B021_3,primary_processed,0.0295833333333333,0.0504765386498917,典型样本
B_typical_B021_3,primary_processed,0.0296666666666666,-0.1470793055059524,典型样本
B_typical_B021_3,primary_processed,0.02975,-0.1991104743371212,典型样本
B_typical_B021_3,primary_processed,0.0298333333333333,0.0752726425459956,典型样本
B_typical_B021_3,primary_processed,0.0299166666666666,0.1212064087797619,典型样本
B_typical_B021_3,primary_processed,0.03,-0.1194377470643939,典型样本
B_typical_B021_3,primary_processed,0.0300833333333333,0.0797440711174242,典型样本
B_typical_B021_3,primary_processed,0.0301666666666666,0.2720154996888528,典型样本
B_typical_B021_3,primary_processed,0.03025,0.0325908243641775,典型样本
B_typical_B021_3,primary_processed,0.0303333333333333,-0.1109013834280303,典型样本
B_typical_B021_3,primary_processed,0.0304166666666666,0.0480375776109307,典型样本
B_typical_B021_3,primary_processed,0.0305,0.004949265922619,典型样本
B_typical_B021_3,primary_processed,0.0305833333333333,-0.1019585262851731,典型样本
B_typical_B021_3,primary_processed,0.0306666666666666,0.0106401750135281,典型样本
B_typical_B021_3,primary_processed,0.03075,-0.0568377470643939,典型样本
B_typical_B021_3,primary_processed,0.0308333333333333,-0.0901702145968614,典型样本
B_typical_B021_3,primary_processed,0.0309166666666666,0.1073856295589826,典型样本
B_typical_B021_3,primary_processed,0.031,0.0708012139745671,典型样本
B_typical_B021_3,primary_processed,0.0310833333333333,-0.0202533314799783,典型样本
B_typical_B021_3,primary_processed,0.0311666666666666,0.0569804347537878,典型样本
B_typical_B021_3,primary_processed,0.03125,-0.0726909938176407,典型样本
B_typical_B021_3,primary_processed,0.0313333333333333,-0.0133429418695887,典型样本
B_typical_B021_3,primary_processed,0.0314166666666666,0.3203882269615801,典型样本
B_typical_B021_3,primary_processed,0.0315,-0.0568377470643939,典型样本
B_typical_B021_3,primary_processed,0.0315833333333333,-0.2344754094020563,典型样本
B_typical_B021_3,primary_processed,0.0316666666666666,0.1964077074810606,典型样本
B_typical_B021_3,primary_processed,0.03175,-0.0511468379734848,典型样本
B_typical_B021_3,primary_processed,0.0318333333333333,-0.3710572275838745,典型样本
B_typical_B021_3,primary_processed,0.0319166666666666,0.0785245905979437,典型样本
B_typical_B021_3,primary_processed,0.032,0.224862252935606,典型样本
B_typical_B021_3,primary_processed,0.0320833333333333,-0.2820351496617965,典型样本
B_typical_B021_3,primary_processed,0.0321666666666666,-0.0230987860254329,典型样本
B_typical_B021_3,primary_processed,0.03225,0.3793297854031386,典型样本
B_typical_B021_3,primary_processed,0.0323333333333333,-0.1068364483630952,典型样本
B_typical_B021_3,primary_processed,0.0324166666666666,-0.2267520327786797,典型样本
B_typical_B021_3,primary_processed,0.0325,0.3541271880005411,典型样本
B_typical_B021_3,primary_processed,0.0325833333333333,0.0813700451433982,典型样本
B_typical_B021_3,primary_processed,0.0326666666666666,-0.4137390457656926,典型样本
B_typical_B021_3,primary_processed,0.03275,0.1167349802083333,典型样本
B_typical_B021_3,primary_processed,0.0328333333333333,0.3805492659226191,典型样本
B_typical_B021_3,primary_processed,0.0329166666666666,-0.2206546301812771,典型样本
B_typical_B021_3,primary_processed,0.033,0.0545414737148268,典型样本
B_typical_B021_3,primary_processed,0.0330833333333333,0.4659129022862555,典型样本
B_typical_B021_3,primary_processed,0.0331666666666666,-0.0226922925189393,典型样本
B_typical_B021_3,primary_processed,0.03325,-0.1767533314799783,典型样本
B_typical_B021_3,primary_processed,0.0333333333333333,0.2679505646239178,典型样本
B_typical_B021_3,primary_processed,0.0334166666666666,0.1203934217667749,典型样本
B_typical_B021_3,primary_processed,0.0335,-0.1352909938176407,典型样本
B_typical_B021_3,primary_processed,0.0335833333333333,0.0447856295589826,典型样本
B_typical_B021_3,primary_processed,0.0336666666666666,-0.0275702145968614,典型样本
B_typical_B021_3,primary_processed,0.03375,-0.061715669142316,典型样本
B_typical_B021_3,primary_processed,0.0338333333333333,-0.0165948899215368,典型样本
B_typical_B021_3,primary_processed,0.0339166666666666,-0.1397624223890693,典型样本
B_typical_B021_3,primary_processed,0.034,-0.0072455392721861,典型样本
B_typical_B021_3,primary_processed,0.0340833333333333,0.0512895256628787,典型样本
B_typical_B021_3,primary_processed,0.0341666666666666,-0.1328520327786796,典型样本
B_typical_B021_3,primary_processed,0.03425,-0.0117169678436147,典型样本
B_typical_B021_3,primary_processed,0.0343333333333333,0.1443765386498917,典型样本
B_typical_B021_3,primary_processed,0.0344166666666666,-0.0767559288825757,典型样本
B_typical_B021_3,primary_processed,0.0345,-0.1027715132981602,典型样本
B_typical_B021_3,primary_processed,0.0345833333333333,0.0403142009875541,典型样本
B_typical_B021_3,primary_processed,0.0346666666666666,-0.1592741107007576,典型样本
B_typical_B021_3,primary_processed,0.03475,-0.2653689158955628,典型样本
B_typical_B021_3,primary_processed,0.0348333333333333,0.0821830321563852,典型样本
B_typical_B021_3,primary_processed,0.0349166666666666,-0.0133429418695887,典型样本
B_typical_B021_3,primary_processed,0.035,-0.1832572275838745,典型样本
B_typical_B021_3,primary_processed,0.0350833333333333,0.0992557594291125,典型样本
B_typical_B021_3,primary_processed,0.0351666666666666,0.1651077074810606,典型样本
B_typical_B021_3,primary_processed,0.03525,-0.1328520327786796,典型样本
B_typical_B021_3,primary_processed,0.0353333333333333,0.1382791360524891,典型样本
B_typical_B021_3,primary_processed,0.0354166666666666,0.0590129022862554,典型样本
B_typical_B021_3,primary_processed,0.0355,-0.2548000847267316,典型样本
B_typical_B021_3,primary_processed,0.0355833333333333,0.0537284867018398,典型样本
B_typical_B021_3,primary_processed,0.0356666666666666,0.252097317870671,典型样本
B_typical_B021_3,primary_processed,0.03575,-0.2763442405708874,典型样本
B_typical_B021_3,primary_processed,0.0358333333333333,-0.1088689158955627,典型样本
B_typical_B021_3,primary_processed,0.0359166666666666,0.2618531620265152,典型样本
B_typical_B021_3,primary_processed,0.036,-0.0804143704410173,典型样本
B_typical_B021_3,primary_processed,0.0360833333333333,-0.0072455392721861,典型样本
B_typical_B021_3,primary_processed,0.0361666666666666,0.0577934217667748,典型样本
B_typical_B021_3,primary_processed,0.03625,-0.1462663184929654,典型样本
B_typical_B021_3,primary_processed,0.0363333333333333,-0.09464164316829,典型样本
B_typical_B021_3,primary_processed,0.0364166666666666,0.0825895256628787,典型样本
B_typical_B021_3,primary_processed,0.0365,-0.1165922925189394,典型样本
B_typical_B021_3,primary_processed,0.0365833333333333,-0.0454559288825757,典型样本
B_typical_B021_3,primary_processed,0.0366666666666666,-0.0405780068046536,典型样本
B_typical_B021_3,primary_processed,0.03675,-0.2287845003111472,典型样本
B_typical_B021_3,primary_processed,0.0368333333333333,0.1098245905979437,典型样本
B_typical_B021_3,primary_processed,0.0369166666666666,0.067549265922619,典型样本
B_typical_B021_3,primary_processed,0.037,-0.2938234613501082,典型样本
B_typical_B021_3,primary_processed,0.0370833333333333,0.1016947204680736,典型样本
B_typical_B021_3,primary_processed,0.0371666666666666,0.3610375776109308,典型样本
B_typical_B021_3,primary_processed,0.03725,-0.1617130717397186,典型样本
B_typical_B021_3,primary_processed,0.0373333333333333,-0.0987065782332251,典型样本
B_typical_B021_3,primary_processed,0.0374166666666666,0.3390869282602815,典型样本
B_typical_B021_3,primary_processed,0.0375,-0.0592767081033549,典型样本
B_typical_B021_3,primary_processed,0.0375833333333333,-0.2491091756358225,典型样本
B_typical_B021_3,primary_processed,0.0376666666666666,0.2077895256628788,典型样本
B_typical_B021_3,primary_processed,0.03775,0.005762252935606,典型样本
B_typical_B021_3,primary_processed,0.0378333333333333,-0.2515481366747835,典型样本
B_typical_B021_3,primary_processed,0.0379166666666666,0.1553518633252164,典型样本
B_typical_B021_3,primary_processed,0.038,0.3659154996888528,典型样本
B_typical_B021_3,primary_processed,0.0380833333333333,-0.0300091756358225,典型样本
B_typical_B021_3,primary_processed,0.0381666666666666,0.004949265922619,典型样本
B_typical_B021_3,primary_processed,0.03825,0.0703947204680736,典型样本
B_typical_B021_3,primary_processed,0.0383333333333333,-0.0942351496617965,典型样本
B_typical_B021_3,primary_processed,0.0384166666666666,0.037062252935606,典型样本
B_typical_B021_3,primary_processed,0.0385,0.1012882269615801,典型样本
B_typical_B021_3,primary_processed,0.0385833333333333,-0.0824468379734848,典型样本
B_typical_B021_3,primary_processed,0.0386666666666666,-0.0300091756358225,典型样本
B_typical_B021_3,primary_processed,0.03875,0.0610453698187229,典型样本
B_typical_B021_3,primary_processed,0.0388333333333333,-0.0226922925189393,典型样本
B_typical_B021_3,primary_processed,0.0389166666666666,0.1126700451433982,典型样本
B_typical_B021_3,primary_processed,0.039,0.0720206944940476,典型样本
B_typical_B021_3,primary_processed,0.0390833333333333,-0.1202507340773809,典型样本
B_typical_B021_3,primary_processed,0.0391666666666666,0.0252739412472943,典型样本
B_typical_B021_3,primary_processed,0.03925,0.0561674477408008,典型样本
B_typical_B021_3,primary_processed,0.0393333333333333,-0.034480604207251,典型样本
B_typical_B021_3,primary_processed,0.0394166666666666,0.098849265922619,典型样本
B_typical_B021_3,primary_processed,0.0395,0.1496609542343074,典型样本
B_typical_B021_3,primary_processed,0.0395833333333333,-0.1377299548566017,典型样本
B_typical_B021_3,primary_processed,0.0396666666666666,0.0191765386498917,典型样本
B_typical_B021_3,primary_processed,0.03975,0.1399051100784632,典型样本
B_typical_B021_3,primary_processed,0.0398333333333333,-0.0840728119994588,典型样本
B_typical_B021_3,primary_processed,0.0399166666666666,0.0703947204680736,典型样本
B_typical_B021_3,primary_processed,0.04,0.3370544607278139,典型样本
B_typical_B021_3,primary_processed,0.0400833333333333,0.0098271880005411,典型样本
B_typical_B021_3,primary_processed,0.0401666666666666,-0.0552117730384199,典型样本
B_typical_B021_3,primary_processed,0.04025,0.2797388763122295,典型样本
B_typical_B021_3,primary_processed,0.0403333333333333,-0.0726909938176407,典型样本
B_typical_B021_3,primary_processed,0.0404166666666666,-0.3511390457656926,典型样本
B_typical_B021_3,primary_processed,0.0405,-0.002367617194264,典型样本
B_typical_B021_3,primary_processed,0.0405833333333333,-0.0670000847267316,典型样本
B_typical_B021_3,primary_processed,0.0406666666666666,-0.4210559288825757,典型样本
B_typical_B021_3,primary_processed,0.04075,-0.1210637210903679,典型样本
B_typical_B021_3,primary_processed,0.0408333333333333,0.2106349802083333,典型样本
B_typical_B021_3,primary_processed,0.0409166666666666,-0.1320390457656926,典型样本
B_typical_B021_3,primary_processed,0.041,-0.0470819029085497,典型样本
B_typical_B021_3,primary_processed,0.0410833333333333,0.3244531620265152,典型样本
B_typical_B021_3,primary_processed,0.0411666666666666,-0.1938260587527056,典型样本
B_typical_B021_3,primary_processed,0.04125,-0.3060182665449134,典型样本
B_typical_B021_3,primary_processed,0.0413333333333333,0.2480323828057359,典型样本
B_typical_B021_3,primary_processed,0.0414166666666666,0.1516934217667749,典型样本
B_typical_B021_3,primary_processed,0.0415,-0.2682143704410173,典型样本
B_typical_B021_3,primary_processed,0.0415833333333333,0.0228349802083333,典型样本
B_typical_B021_3,primary_processed,0.0416666666666666,0.2049440711174242,典型样本
B_typical_B021_3,primary_processed,0.04175,-0.1710624223890693,典型样本
B_typical_B021_3,primary_processed,0.0418333333333333,0.0252739412472943,典型样本
B_typical_B021_3,primary_processed,0.0419166666666666,0.0610453698187229,典型样本
B_typical_B021_3,primary_processed,0.042,-0.2348819029085498,典型样本
B_typical_B021_3,primary_processed,0.0420833333333333,0.0476310841044372,典型样本
B_typical_B021_3,primary_processed,0.0421666666666666,0.1976271880005411,典型样本
B_typical_B021_3,primary_processed,0.04225,-0.1901676171942641,典型样本
B_typical_B021_3,primary_processed,0.0423333333333333,-0.096267617194264,典型样本
B_typical_B021_3,primary_processed,0.0424166666666666,0.1305557594291125,典型样本
B_typical_B021_3,primary_processed,0.0425,-0.1897611236877706,典型样本
B_typical_B021_3,primary_processed,0.0425833333333333,-0.1600870977137446,典型样本
B_typical_B021_3,primary_processed,0.0426666666666666,0.0277129022862554,典型样本
B_typical_B021_3,primary_processed,0.04275,-0.215776708103355,典型样本
B_typical_B021_3,primary_processed,0.0428333333333333,-0.0869182665449134,典型样本
B_typical_B021_3,primary_processed,0.0429166666666666,0.2890882269615801,典型样本
B_typical_B021_3,primary_processed,0.043,0.0606388763122294,典型样本
B_typical_B021_3,primary_processed,0.0430833333333333,-0.1763468379734848,典型样本
B_typical_B021_3,primary_processed,0.0431666666666666,0.1874648503382034,典型样本
B_typical_B021_3,primary_processed,0.04325,-0.0291961886228355,典型样本
B_typical_B021_3,primary_processed,0.0433333333333333,-0.2913845003111472,典型样本
B_typical_B021_3,primary_processed,0.0434166666666666,-0.0629351496617965,典型样本
B_typical_B021_3,primary_processed,0.0435,-0.0361065782332251,典型样本
B_typical_B021_3,primary_processed,0.0435833333333333,-0.158054630181277,典型样本
B_typical_B021_3,primary_processed,0.0436666666666666,-0.0564312535579004,典型样本
B_typical_B021_3,primary_processed,0.04375,0.2748609542343074,典型样本
B_typical_B021_3,primary_processed,0.0438333333333333,0.0793375776109307,典型样本
B_typical_B021_3,primary_processed,0.0439166666666666,0.0427531620265151,典型样本
B_typical_B021_3,primary_processed,0.044,0.1212064087797619,典型样本
B_typical_B021_3,primary_processed,0.0440833333333333,0.0492570581304112,典型样本
B_typical_B021_3,primary_processed,0.0441666666666666,-0.0291961886228355,典型样本
B_typical_B021_3,primary_processed,0.04425,0.0960038113771645,典型样本
B_typical_B021_3,primary_processed,0.0443333333333333,0.1338077074810606,典型样本
B_typical_B021_3,primary_processed,0.0444166666666666,-0.0044000847267316,典型样本
B_typical_B021_3,primary_processed,0.0445,0.1273038113771645,典型样本
B_typical_B021_3,primary_processed,0.0445833333333333,0.0712077074810606,典型样本
B_typical_B021_3,primary_processed,0.0446666666666666,-0.0580572275838744,典型样本
B_typical_B021_3,primary_processed,0.04475,0.1541323828057359,典型样本
B_typical_B021_3,primary_processed,0.0448333333333333,0.0671427724161255,典型样本
B_typical_B021_3,primary_processed,0.0449166666666666,-0.1657780068046537,典型样本
B_typical_B021_3,primary_processed,0.045,0.0703947204680736,典型样本
B_typical_B021_3,primary_processed,0.0450833333333333,0.1854323828057359,典型样本
B_typical_B021_3,primary_processed,0.0451666666666666,-0.1397624223890693,典型样本
B_typical_B021_3,primary_processed,0.04525,-0.0076520327786796,典型样本
B_typical_B021_3,primary_processed,0.0453333333333333,0.2155129022862554,典型样本
B_typical_B021_3,primary_processed,0.0454166666666666,-0.1808182665449134,典型样本
B_typical_B021_3,primary_processed,0.0455,-0.1174052795319264,典型样本
B_typical_B021_3,primary_processed,0.0455833333333333,0.1236453698187229,典型样本
B_typical_B021_3,primary_processed,0.0456666666666666,-0.0548052795319264,典型样本
B_typical_B021_3,primary_processed,0.04575,-0.0816338509604978,典型样本
B_typical_B021_3,primary_processed,0.0458333333333333,0.3008765386498918,典型样本
B_typical_B021_3,primary_processed,0.0459166666666666,0.2350245905979437,典型样本
B_typical_B021_3,primary_processed,0.046,-0.0873247600514069,典型样本
B_typical_B021_3,primary_processed,0.0460833333333333,0.0427531620265151,典型样本
B_typical_B021_3,primary_processed,0.0461666666666666,0.0167375776109307,典型样本
B_typical_B021_3,primary_processed,0.04625,-0.153989695116342,典型样本
B_typical_B021_3,primary_processed,0.0463333333333333,-0.0604961886228355,典型样本
B_typical_B021_3,primary_processed,0.0464166666666666,0.1025077074810606,典型样本
B_typical_B021_3,primary_processed,0.0465,-0.1121208639475108,典型样本
B_typical_B021_3,primary_processed,0.0465833333333333,-0.0580572275838744,典型样本
B_typical_B021_3,primary_processed,0.0466666666666666,0.219171343844697,典型样本
B_typical_B021_3,primary_processed,0.04675,0.1972206944940476,典型样本
B_typical_B021_3,primary_processed,0.0468333333333333,-0.0255377470643939,典型样本
B_typical_B021_3,primary_processed,0.0469166666666666,0.0208025126758658,典型样本
B_typical_B021_3,primary_processed,0.047,-0.0527728119994588,典型样本
B_typical_B021_3,primary_processed,0.0470833333333333,-0.2052078769345238,典型样本
B_typical_B021_3,primary_processed,0.0471666666666666,0.0106401750135281,典型样本
B_typical_B021_3,primary_processed,0.04725,0.0907193957927489,典型样本
B_typical_B021_3,primary_processed,0.0473333333333333,-0.1332585262851731,典型样本
B_typical_B021_3,primary_processed,0.0474166666666666,-0.061715669142316,典型样本
B_typical_B021_3,primary_processed,0.0475,0.1220193957927489,典型样本
B_typical_B021_3,primary_processed,0.0475833333333333,0.0110466685200216,典型样本
B_typical_B021_3,primary_processed,0.0476666666666666,-0.1210637210903679,典型样本
B_typical_B021_3,primary_processed,0.04775,-0.0942351496617965,典型样本
B_typical_B021_3,primary_processed,0.0478333333333333,0.1012882269615801,典型样本
B_typical_B021_3,primary_processed,0.0479166666666666,0.1557583568317099,典型样本
B_typical_B021_3,primary_processed,0.048,-0.2828481366747836,典型样本
B_typical_B021_3,primary_processed,0.0480833333333333,-0.1515507340773809,典型样本
B_typical_B021_3,primary_processed,0.0481666666666666,0.279332382805736,典型样本
B_typical_B021_3,primary_processed,0.04825,-0.153989695116342,典型样本
B_typical_B021_3,primary_processed,0.0483333333333333,-0.3316273574540043,典型样本
B_typical_B021_3,primary_processed,0.0484166666666666,0.2236427724161255,典型样本
B_typical_B021_3,primary_processed,0.0485,-0.1706559288825757,典型样本
B_typical_B021_3,primary_processed,0.0485833333333333,-0.4100806042072511,典型样本
B_typical_B021_3,primary_processed,0.0486666666666666,0.3053479672213204,典型样本
B_typical_B021_3,primary_processed,0.04875,0.1890908243641775,典型样本
B_typical_B021_3,primary_processed,0.0488333333333333,-0.3056117730384199,典型样本
B_typical_B021_3,primary_processed,0.0489166666666666,0.1667336815070346,典型样本
B_typical_B021_3,primary_processed,0.049,0.2606336815070347,典型样本
B_typical_B021_3,primary_processed,0.0490833333333333,-0.2881325522591991,典型样本
B_typical_B021_3,primary_processed,0.0491666666666666,-0.2430117730384199,典型样本
B_typical_B021_3,primary_processed,0.04925,0.2037245905979437,典型样本
B_typical_B021_3,primary_processed,0.0493333333333333,-0.0357000847267316,典型样本
B_typical_B021_3,primary_processed,0.0494166666666666,-0.158054630181277,典型样本
B_typical_B021_3,primary_processed,0.0495,0.1203934217667749,典型样本
B_typical_B021_3,primary_processed,0.0495833333333333,0.0630778373511904,典型样本
B_typical_B021_3,primary_processed,0.0496666666666666,0.0610453698187229,典型样本
B_typical_B021_3,primary_processed,0.04975,0.2049440711174242,典型样本
B_typical_B021_3,primary_processed,0.0498333333333333,0.0151116035849567,典型样本
B_typical_B021_3,primary_processed,0.0499166666666666,-0.1568351496617965,典型样本
B_typical_B021_3,primary_processed,0.05,0.1289297854031385,典型样本
B_typical_B021_3,primary_processed,0.0500833333333333,-0.0401715132981601,典型样本
B_typical_B021_3,primary_processed,0.0501666666666666,-0.1678104743371212,典型样本
B_typical_B021_3,primary_processed,0.05025,0.1313687464420996,典型样本
B_typical_B021_3,primary_processed,0.0503333333333333,-0.0584637210903679,典型样本
B_typical_B021_3,primary_processed,0.0504166666666666,-0.1405754094020563,典型样本
B_typical_B021_3,primary_processed,0.0505,0.1569778373511904,典型样本
B_typical_B021_3,primary_processed,0.0505833333333333,0.0919388763122294,典型样本
B_typical_B021_3,primary_processed,0.0506666666666666,-0.2161832016098485,典型样本
B_typical_B021_3,primary_processed,0.05075,0.1147025126758658,典型样本
B_typical_B021_3,primary_processed,0.0508333333333333,0.3179492659226191,典型样本
B_typical_B021_3,primary_processed,0.0509166666666666,-0.095454630181277,典型样本
B_typical_B021_3,primary_processed,0.051,-0.0267572275838744,典型样本
B_typical_B021_3,primary_processed,0.0510833333333333,0.1244583568317099,典型样本
B_typical_B021_3,primary_processed,0.0511666666666666,-0.0483013834280303,典型样本
B_typical_B021_3,primary_processed,0.05125,-0.0044000847267316,典型样本
B_typical_B021_3,primary_processed,0.0513333333333333,-0.0210663184929653,典型样本
B_typical_B021_3,primary_processed,0.0514166666666666,-0.0917961886228355,典型样本
B_typical_B021_3,primary_processed,0.0515,-0.1348845003111471,典型样本
B_typical_B021_3,primary_processed,0.0515833333333333,0.0984427724161255,典型样本
B_typical_B021_3,primary_processed,0.0516666666666666,0.0496635516369047,典型样本
B_typical_B021_3,primary_processed,0.05175,0.0813700451433982,典型样本
B_typical_B021_3,primary_processed,0.0518333333333333,0.095597317870671,典型样本
B_typical_B021_3,primary_processed,0.0519166666666666,-0.0430169678436147,典型样本
B_typical_B021_3,primary_processed,0.052,0.065923291896645,典型样本
B_typical_B021_3,primary_processed,0.0520833333333333,-0.0259442405708874,典型样本
B_typical_B021_3,primary_processed,0.0521666666666666,-0.1137468379734848,典型样本
B_typical_B021_3,primary_processed,0.05225,0.0537284867018398,典型样本
B_typical_B021_3,primary_processed,0.0523333333333333,0.1484414737148268,典型样本
B_typical_B021_3,primary_processed,0.0524166666666666,0.0521025126758658,典型样本
B_typical_B021_3,primary_processed,0.0525,0.0647038113771645,典型样本
B_typical_B021_3,primary_processed,0.0525833333333333,0.1858388763122294,典型样本
B_typical_B021_3,primary_processed,0.0526666666666666,0.1244583568317099,典型样本
B_typical_B021_3,primary_processed,0.05275,0.1334012139745671,典型样本
B_typical_B021_3,primary_processed,0.0528333333333333,0.0525090061823593,典型样本
B_typical_B021_3,primary_processed,0.0529166666666666,-0.0487078769345238,典型样本
B_typical_B021_3,primary_processed,0.053,-0.0300091756358225,典型样本
B_typical_B021_3,primary_processed,0.0530833333333333,-0.0426104743371212,典型样本
B_typical_B021_3,primary_processed,0.0531666666666666,-0.0848857990124459,典型样本
B_typical_B021_3,primary_processed,0.05325,-0.060902682129329,典型样本
B_typical_B021_3,primary_processed,0.0533333333333333,0.0224284867018398,典型样本
B_typical_B021_3,primary_processed,0.0534166666666666,-0.1478922925189394,典型样本
B_typical_B021_3,primary_processed,0.0535,-0.0450494353760822,典型样本
B_typical_B021_3,primary_processed,0.0535833333333333,0.158197317870671,典型样本
B_typical_B021_3,primary_processed,0.0536666666666666,-0.0722845003111472,典型样本
B_typical_B021_3,primary_processed,0.05375,-0.0865117730384199,典型样本
B_typical_B021_3,primary_processed,0.0538333333333333,0.2752674477408009,典型样本
B_typical_B021_3,primary_processed,0.0539166666666666,0.0492570581304112,典型样本
B_typical_B021_3,primary_processed,0.054,-0.3637403444669913,典型样本
B_typical_B021_3,primary_processed,0.0540833333333333,0.0159245905979437,典型样本
B_typical_B021_3,primary_processed,0.0541666666666666,0.1187674477408008,典型样本
B_typical_B021_3,primary_processed,0.05425,-0.2885390457656926,典型样本
B_typical_B021_3,primary_processed,0.0543333333333333,-0.0751299548566017,典型样本
B_typical_B021_3,primary_processed,0.0544166666666666,0.1431570581304112,典型样本
B_typical_B021_3,primary_processed,0.0545,-0.1592741107007576,典型样本
B_typical_B021_3,primary_processed,0.0545833333333333,-0.1125273574540043,典型样本
B_typical_B021_3,primary_processed,0.0546666666666666,0.3370544607278139,典型样本
B_typical_B021_3,primary_processed,0.05475,0.0716142009875541,典型样本
B_typical_B021_3,primary_processed,0.0548333333333333,-0.339350734077381,典型样本
B_typical_B021_3,primary_processed,0.0549166666666666,0.065923291896645,典型样本
B_typical_B021_3,primary_processed,0.055,0.1764895256628788,典型样本
B_typical_B021_3,primary_processed,0.0550833333333333,-0.2836611236877706,典型样本
B_typical_B021_3,primary_processed,0.0551666666666666,-0.1808182665449134,典型样本
B_typical_B021_3,primary_processed,0.05525,0.2610401750135282,典型样本
B_typical_B021_3,primary_processed,0.0553333333333333,-0.0141559288825757,典型样本
B_typical_B021_3,primary_processed,0.0554166666666666,-0.1609000847267316,典型样本
B_typical_B021_3,primary_processed,0.0555,0.2203908243641775,典型样本
B_typical_B021_3,primary_processed,0.0555833333333333,-0.0247247600514069,典型样本
B_typical_B021_3,primary_processed,0.0556666666666666,-0.2039883964150433,典型样本
B_typical_B021_3,primary_processed,0.05575,0.1667336815070346,典型样本
B_typical_B021_3,primary_processed,0.0558333333333333,0.0622648503382034,典型样本
B_typical_B021_3,primary_processed,0.0559166666666666,-0.2129312535579004,典型样本
B_typical_B021_3,primary_processed,0.056,-0.1035845003111472,典型样本
B_typical_B021_3,primary_processed,0.0560833333333333,-0.0674065782332251,典型样本
B_typical_B021_3,primary_processed,0.0561666666666666,-0.0194403444669913,典型样本
B_typical_B021_3,primary_processed,0.05625,-0.0109039808306277,典型样本
B_typical_B021_3,primary_processed,0.0563333333333333,-0.0153754094020562,典型样本
B_typical_B021_3,primary_processed,0.0564166666666666,0.0155180970914502,典型样本
B_typical_B021_3,primary_processed,0.0565,0.0817765386498917,典型样本
B_typical_B021_3,primary_processed,0.0565833333333333,0.0155180970914502,典型样本
B_typical_B021_3,primary_processed,0.0566666666666666,0.0581999152732684,典型样本
B_typical_B021_3,primary_processed,0.05675,-0.0283832016098484,典型样本
B_typical_B021_3,primary_processed,0.0568333333333333,-0.0613091756358225,典型样本
B_typical_B021_3,primary_processed,0.0569166666666666,-0.0084650197916666,典型样本
B_typical_B021_3,primary_processed,0.057,-0.2405728119994589,典型样本
B_typical_B021_3,primary_processed,0.0570833333333333,-0.2413857990124459,典型样本
B_typical_B021_3,primary_processed,0.0571666666666666,-0.0174078769345238,典型样本
B_typical_B021_3,primary_processed,0.05725,-0.0442364483630952,典型样本
B_typical_B021_3,primary_processed,0.0573333333333333,-0.0104974873241342,典型样本
B_typical_B021_3,primary_processed,0.0574166666666666,0.253723291896645,典型样本
B_typical_B021_3,primary_processed,0.0575,0.0813700451433982,典型样本
B_typical_B021_3,primary_processed,0.0575833333333333,0.0126726425459956,典型样本
B_typical_B021_3,primary_processed,0.0576666666666666,0.2667310841044373,典型样本
B_typical_B021_3,primary_processed,0.05775,0.0894999152732684,典型样本
B_typical_B021_3,primary_processed,0.0578333333333333,-0.1011455392721861,典型样本
B_typical_B021_3,primary_processed,0.0579166666666666,0.095597317870671,典型样本
B_typical_B021_3,primary_processed,0.058,0.0598258892992424,典型样本
B_typical_B021_3,primary_processed,0.0580833333333333,-0.1304130717397186,典型样本
B_typical_B021_3,primary_processed,0.0581666666666666,-0.0084650197916666,典型样本
B_typical_B021_3,primary_processed,0.05825,0.1342142009875541,典型样本
B_typical_B021_3,primary_processed,0.0583333333333333,0.0228349802083333,典型样本
B_typical_B021_3,primary_processed,0.0584166666666666,0.0671427724161255,典型样本
B_typical_B021_3,primary_processed,0.0585,0.126084330857684,典型样本
B_typical_B021_3,primary_processed,0.0585833333333333,0.0720206944940476,典型样本
B_typical_B021_3,primary_processed,0.0586666666666666,0.0708012139745671,典型样本
B_typical_B021_3,primary_processed,0.05875,0.0618583568317099,典型样本
B_typical_B021_3,primary_processed,0.0588333333333333,0.1000687464420995,典型样本
B_typical_B021_3,primary_processed,0.0589166666666666,-0.0287896951163419,典型样本
B_typical_B021_3,primary_processed,0.059,-0.1027715132981602,典型样本
B_typical_B021_3,primary_processed,0.0590833333333333,-0.0621221626488095,典型样本
B_typical_B021_3,primary_processed,0.0591666666666666,-0.0287896951163419,典型样本
B_typical_B021_3,primary_processed,0.05925,0.1687661490395021,典型样本
B_typical_B021_3,primary_processed,0.0593333333333333,0.100475239948593,典型样本
B_typical_B021_3,primary_processed,0.0594166666666666,0.0264934217667748,典型样本
B_typical_B021_3,primary_processed,0.0595,0.0801505646239177,典型样本
B_typical_B021_3,primary_processed,0.0595833333333333,0.2155129022862554,典型样本
B_typical_B021_3,primary_processed,0.0596666666666666,0.0118596555330086,典型样本
B_typical_B021_3,primary_processed,0.05975,-0.2259390457656926,典型样本
B_typical_B021_3,primary_processed,0.0598333333333333,-0.0808208639475108,典型样本
B_typical_B021_3,primary_processed,0.0599166666666666,-0.2052078769345238,典型样本
B_typical_B021_3,primary_processed,0.06,-0.2031754094020563,典型样本
B_typical_B021_3,primary_processed,0.0600833333333333,-0.0816338509604978,典型样本
B_typical_B021_3,primary_processed,0.0601666666666666,-0.0560247600514069,典型样本
B_typical_B021_3,primary_processed,0.06025,0.0476310841044372,典型样本
B_typical_B021_3,primary_processed,0.0603333333333333,0.2492518633252164,典型样本
B_typical_B021_3,primary_processed,0.0604166666666666,0.1968142009875541,典型样本
B_typical_B021_3,primary_processed,0.0605,-0.1474857990124459,典型样本
B_typical_B021_3,primary_processed,0.0605833333333333,0.0309648503382034,典型样本
B_typical_B021_3,primary_processed,0.0606666666666666,0.1923427724161255,典型样本
B_typical_B021_3,primary_processed,0.06075,0.0053557594291125,典型样本
B_typical_B021_3,primary_processed,0.0608333333333333,-0.032854630181277,典型样本
B_typical_B021_3,primary_processed,0.0609166666666666,-0.0629351496617965,典型样本
B_typical_B021_3,primary_processed,0.061,-0.0816338509604978,典型样本
B_typical_B021_3,primary_processed,0.0610833333333333,0.0236479672213203,典型样本
B_typical_B021_3,primary_processed,0.0611666666666666,0.1525064087797619,典型样本
B_typical_B021_3,primary_processed,0.06125,-0.0584637210903679,典型样本
B_typical_B021_3,primary_processed,0.0613333333333333,-0.1552091756358225,典型样本
B_typical_B021_3,primary_processed,0.0614166666666666,0.0565739412472943,典型样本
B_typical_B021_3,primary_processed,0.0615,0.0590129022862554,典型样本
B_typical_B021_3,primary_processed,0.0615833333333333,-0.0483013834280303,典型样本
B_typical_B021_3,primary_processed,0.0616666666666666,-0.2169961886228355,典型样本
B_typical_B021_3,primary_processed,0.06175,-0.0365130717397186,典型样本
B_typical_B021_3,primary_processed,0.0618333333333333,-0.0808208639475108,典型样本
B_typical_B021_3,primary_processed,0.0619166666666666,-0.3169935912202381,典型样本
B_typical_B021_3,primary_processed,0.062,-0.0576507340773809,典型样本
B_typical_B021_3,primary_processed,0.0620833333333333,0.0277129022862554,典型样本
B_typical_B021_3,primary_processed,0.0621666666666666,-0.2169961886228355,典型样本
B_typical_B021_3,primary_processed,0.06225,0.0789310841044372,典型样本
B_typical_B021_3,primary_processed,0.0623333333333333,0.3838012139745672,典型样本
B_typical_B021_3,primary_processed,0.0624166666666666,-0.2576455392721861,典型样本
B_typical_B021_3,primary_processed,0.0625,-0.2007364483630953,典型样本
B_typical_B021_3,primary_processed,0.0625833333333333,0.4268895256628788,典型样本
B_typical_B021_3,primary_processed,0.0626666666666666,-0.2324429418695887,典型样本
B_typical_B021_3,primary_processed,0.06275,-0.5178013834280304,典型样本
B_typical_B021_3,primary_processed,0.0628333333333333,0.0805570581304112,典型样本
B_typical_B021_3,primary_processed,0.0629166666666666,-0.0580572275838744,典型样本
B_typical_B021_3,primary_processed,0.063,-0.2108987860254329,典型样本
B_typical_B021_3,primary_processed,0.0630833333333333,0.2638856295589827,典型样本
B_typical_B021_3,primary_processed,0.0631666666666666,0.3000635516369048,典型样本
B_typical_B021_3,primary_processed,0.06325,-0.0869182665449134,典型样本
B_typical_B021_3,primary_processed,0.0633333333333333,0.1500674477408008,典型样本
B_typical_B021_3,primary_processed,0.0634166666666666,0.2590077074810606,典型样本
B_typical_B021_3,primary_processed,0.0635,-0.1405754094020563,典型样本
B_typical_B021_3,primary_processed,0.0635833333333333,-0.0613091756358225,典型样本
B_typical_B021_3,primary_processed,0.0636666666666666,0.1480349802083333,典型样本
B_typical_B021_3,primary_processed,0.06375,0.006575239948593,典型样本
B_typical_B021_3,primary_processed,0.0638333333333333,-0.0653741107007575,典型样本
B_typical_B021_3,primary_processed,0.0639166666666666,0.0618583568317099,典型样本
B_typical_B021_3,primary_processed,0.064,0.0155180970914502,典型样本
B_typical_B021_3,primary_processed,0.0640833333333333,0.0712077074810606,典型样本
B_typical_B021_3,primary_processed,0.0641666666666666,0.2029116035849567,典型样本
B_typical_B021_3,primary_processed,0.06425,-0.064154630181277,典型样本
B_typical_B021_3,primary_processed,0.0643333333333333,-0.1113078769345238,典型样本
B_typical_B021_3,primary_processed,0.0644166666666666,0.1114505646239177,典型样本
B_typical_B021_3,primary_processed,0.0645,-0.0218793055059523,典型样本
B_typical_B021_3,primary_processed,0.0645833333333333,-0.1487052795319264,典型样本
B_typical_B021_3,primary_processed,0.0646666666666666,0.0390947204680735,典型样本
B_typical_B021_3,primary_processed,0.06475,-0.1576481366747835,典型样本
B_typical_B021_3,primary_processed,0.0648333333333333,-0.2048013834280303,典型样本
B_typical_B021_3,primary_processed,0.0649166666666666,0.2086025126758658,典型样本
B_typical_B021_3,primary_processed,0.065,0.0061687464420995,典型样本
B_typical_B021_3,primary_processed,0.0650833333333333,-0.1320390457656926,典型样本
B_typical_B021_3,primary_processed,0.0651666666666666,0.3236401750135282,典型样本
B_typical_B021_3,primary_processed,0.06525,0.2159193957927489,典型样本
B_typical_B021_3,primary_processed,0.0653333333333333,-0.0357000847267316,典型样本
B_typical_B021_3,primary_processed,0.0654166666666666,0.2065700451433983,典型样本
B_typical_B021_3,primary_processed,0.0655,-0.0170013834280303,典型样本
B_typical_B021_3,primary_processed,0.0655833333333333,-0.2344754094020563,典型样本
B_typical_B021_3,primary_processed,0.0656666666666666,0.0594193957927489,典型样本
B_typical_B021_3,primary_processed,0.06575,-0.0316351496617965,典型样本
B_typical_B021_3,primary_processed,0.0658333333333333,-0.1007390457656926,典型样本
B_typical_B021_3,primary_processed,0.0659166666666666,0.1955947204680736,典型样本
B_typical_B021_3,primary_processed,0.066,0.1419375776109307,典型样本
B_typical_B021_3,primary_processed,0.0660833333333333,0.0862479672213203,典型样本
B_typical_B021_3,primary_processed,0.0661666666666666,0.222423291896645,典型样本
B_typical_B021_3,primary_processed,0.06625,0.0663297854031385,典型样本
B_typical_B021_3,primary_processed,0.0663333333333333,-0.1678104743371212,典型样本
B_typical_B021_3,primary_processed,0.0664166666666666,0.0285258892992424,典型样本
B_typical_B021_3,primary_processed,0.0665,0.094784330857684,典型样本
B_typical_B021_3,primary_processed,0.0665833333333333,-0.1491117730384199,典型样本
B_typical_B021_3,primary_processed,0.0666666666666666,-0.1060234613501082,典型样本
B_typical_B021_3,primary_processed,0.06675,0.1118570581304112,典型样本
B_typical_B021_3,primary_processed,0.0668333333333333,-0.060089695116342,典型样本
B_typical_B021_3,primary_processed,0.0669166666666666,-0.0905767081033549,典型样本
B_typical_B021_3,primary_processed,0.067,0.1744570581304112,典型样本
B_typical_B021_3,primary_processed,0.0670833333333333,0.0021038113771644,典型样本
B_typical_B021_3,primary_processed,0.0671666666666666,-0.1938260587527056,典型样本
B_typical_B021_3,primary_processed,0.06725,0.1374661490395021,典型样本
B_typical_B021_3,primary_processed,0.0673333333333333,0.0960038113771645,典型样本
B_typical_B021_3,primary_processed,0.0674166666666666,-0.309676708103355,典型样本
B_typical_B021_3,primary_processed,0.0675,-0.0113104743371212,典型样本
B_typical_B021_3,primary_processed,0.0675833333333333,0.1370596555330086,典型样本
B_typical_B021_3,primary_processed,0.0676666666666666,-0.2397598249864719,典型样本
B_typical_B021_3,primary_processed,0.06775,-0.1791922925189394,典型样本
B_typical_B021_3,primary_processed,0.0678333333333333,0.0476310841044372,典型样本
B_typical_B021_3,primary_processed,0.0679166666666666,-0.1405754094020563,典型样本
B_typical_B021_3,primary_processed,0.068,-0.1568351496617965,典型样本
B_typical_B021_3,primary_processed,0.0680833333333333,0.1081986165719697,典型样本
B_typical_B021_3,primary_processed,0.0681666666666666,0.0281193957927489,典型样本
B_typical_B021_3,primary_processed,0.06825,-0.0698455392721861,典型样本
B_typical_B021_3,primary_processed,0.0683333333333333,-0.06334164316829,典型样本
B_typical_B021_3,primary_processed,0.0684166666666666,-0.0991130717397186,典型样本
B_typical_B021_3,primary_processed,0.0685,-0.1690299548566017,典型样本
B_typical_B021_3,primary_processed,0.0685833333333333,-0.0263507340773809,典型样本
B_typical_B021_3,primary_processed,0.0686666666666666,-0.0161883964150432,典型样本
B_typical_B021_3,primary_processed,0.06875,-0.0056195652462121,典型样本
B_typical_B021_3,primary_processed,0.0688333333333333,0.0142986165719696,典型样本
B_typical_B021_3,primary_processed,0.0689166666666666,0.1480349802083333,典型样本
B_typical_B021_3,primary_processed,0.069,0.1671401750135281,典型样本
B_typical_B021_3,primary_processed,0.0690833333333333,0.0492570581304112,典型样本
B_typical_B021_3,primary_processed,0.0691666666666666,0.0244609542343073,典型样本
B_typical_B021_3,primary_processed,0.06925,-0.0735039808306277,典型样本
B_typical_B021_3,primary_processed,0.0693333333333333,-0.1446403444669913,典型样本
B_typical_B021_3,primary_processed,0.0694166666666666,-0.0178143704410173,典型样本
B_typical_B021_3,primary_processed,0.0695,0.066736278909632,典型样本
B_typical_B021_3,primary_processed,0.0695833333333333,-0.0909832016098484,典型样本
B_typical_B021_3,primary_processed,0.0696666666666666,-0.1304130717397186,典型样本
B_typical_B021_3,primary_processed,0.06975,0.1008817334550866,典型样本
B_typical_B021_3,primary_processed,0.0698333333333333,0.095597317870671,典型样本
B_typical_B021_3,primary_processed,0.0699166666666666,-0.1222832016098485,典型样本
B_typical_B021_3,primary_processed,0.07,0.0260869282602813,典型样本
B_typical_B021_3,primary_processed,0.0700833333333333,0.127710304883658,典型样本
B_typical_B021_3,primary_processed,0.0701666666666666,-0.0909832016098484,典型样本
B_typical_B021_3,primary_processed,0.07025,-0.1011455392721861,典型样本
B_typical_B021_3,primary_processed,0.0703333333333333,0.1508804347537879,典型样本
B_typical_B021_3,primary_processed,0.0704166666666666,-0.031228656155303,典型样本
B_typical_B021_3,primary_processed,0.0705,-0.2568325522591991,典型样本
B_typical_B021_3,primary_processed,0.0705833333333333,0.1419375776109307,典型样本
B_typical_B021_3,primary_processed,0.0706666666666666,0.1667336815070346,典型样本
B_typical_B021_3,primary_processed,0.07075,-0.2974819029085497,典型样本
B_typical_B021_3,primary_processed,0.0708333333333333,-0.0218793055059523,典型样本
B_typical_B021_3,primary_processed,0.0709166666666666,0.3573791360524892,典型样本
B_typical_B021_3,primary_processed,0.071,0.0634843308576839,典型样本
B_typical_B021_3,primary_processed,0.0710833333333333,-0.0828533314799783,典型样本
B_typical_B021_3,primary_processed,0.0711666666666666,0.1813674477408008,典型样本
B_typical_B021_3,primary_processed,0.07125,0.1126700451433982,典型样本
B_typical_B021_3,primary_processed,0.0713333333333333,-0.3759351496617966,典型样本
B_typical_B021_3,primary_processed,0.0714166666666666,-0.097080604207251,典型样本
B_typical_B021_3,primary_processed,0.0715,0.3301440711174243,典型样本
B_typical_B021_3,primary_processed,0.0715833333333333,-0.0877312535579004,典型样本
B_typical_B021_3,primary_processed,0.0716666666666666,-0.1958585262851731,典型样本
B_typical_B021_3,primary_processed,0.07175,0.3594116035849568,典型样本
B_typical_B021_3,primary_processed,0.0718333333333333,0.3781103048836581,典型样本
B_typical_B021_3,primary_processed,0.0719166666666666,0.0297453698187229,典型样本
B_typical_B021_3,primary_processed,0.072,0.1394986165719697,典型样本
B_typical_B021_3,primary_processed,0.0720833333333333,0.1224258892992424,典型样本
B_typical_B021_3,primary_processed,0.0721666666666666,-0.0535857990124458,典型样本
B_typical_B021_3,primary_processed,0.07225,-0.0499273574540043,典型样本
B_typical_B021_3,primary_processed,0.0723333333333333,-0.0458624223890692,典型样本
B_typical_B021_3,primary_processed,0.0724166666666666,-0.0674065782332251,典型样本
B_typical_B021_3,primary_processed,0.0725,-0.0881377470643939,典型样本
B_typical_B021_3,primary_processed,0.0725833333333333,-0.1048039808306277,典型样本
B_typical_B021_3,primary_processed,0.0726666666666666,0.1679531620265151,典型样本
B_typical_B021_3,primary_processed,0.07275,0.0724271880005411,典型样本
B_typical_B021_3,primary_processed,0.0728333333333333,-0.2393533314799784,典型样本
B_typical_B021_3,primary_processed,0.0729166666666666,0.004949265922619,典型样本
B_typical_B021_3,primary_processed,0.073,0.2151064087797619,典型样本
B_typical_B021_3,primary_processed,0.0730833333333333,-0.0255377470643939,典型样本
B_typical_B021_3,primary_processed,0.0731666666666666,-0.0702520327786796,典型样本
B_typical_B021_3,primary_processed,0.07325,-0.0397650197916666,典型样本
B_typical_B021_3,primary_processed,0.0733333333333333,-0.0824468379734848,典型样本
B_typical_B021_3,primary_processed,0.0734166666666666,-0.1064299548566017,典型样本
B_typical_B021_3,primary_processed,0.0735,-0.1031780068046537,典型样本
B_typical_B021_3,primary_processed,0.0735833333333333,-0.0442364483630952,典型样本
B_typical_B021_3,primary_processed,0.0736666666666666,0.0021038113771644,典型样本
B_typical_B021_3,primary_processed,0.07375,-0.1519572275838744,典型样本
B_typical_B021_3,primary_processed,0.0738333333333333,0.0561674477408008,典型样本
B_typical_B021_3,primary_processed,0.0739166666666666,0.2350245905979437,典型样本
B_typical_B021_3,primary_processed,0.074,-0.0377325522591991,典型样本
B_typical_B021_3,primary_processed,0.0740833333333333,-0.0259442405708874,典型样本
B_typical_B021_3,primary_processed,0.0741666666666666,0.0911258892992424,典型样本
B_typical_B021_3,primary_processed,0.07425,-0.1462663184929654,典型样本
B_typical_B021_3,primary_processed,0.0743333333333333,-0.2613039808306277,典型样本
B_typical_B021_3,primary_processed,0.0744166666666666,-0.0247247600514069,典型样本
B_typical_B021_3,primary_processed,0.0745,0.1098245905979437,典型样本
B_typical_B021_3,primary_processed,0.0745833333333333,-0.0458624223890692,典型样本
B_typical_B021_3,primary_processed,0.0746666666666666,-0.0665935912202381,典型样本
B_typical_B021_3,primary_processed,0.07475,0.1407180970914502,典型样本
B_typical_B021_3,primary_processed,0.0748333333333333,0.219171343844697,典型样本
B_typical_B021_3,primary_processed,0.0749166666666666,-0.155615669142316,典型样本
B_typical_B021_3,primary_processed,0.075,-0.0836663184929653,典型样本
B_typical_B021_3,primary_processed,0.0750833333333333,0.1931557594291125,典型样本
B_typical_B021_3,primary_processed,0.0751666666666666,-0.1340715132981602,典型样本
B_typical_B021_3,primary_processed,0.07525,-0.2369143704410173,典型样本
B_typical_B021_3,primary_processed,0.0753333333333333,0.0399077074810606,典型样本
B_typical_B021_3,primary_processed,0.0754166666666666,-0.0783819029085498,典型样本
B_typical_B021_3,primary_processed,0.0755,-0.1775663184929654,典型样本
B_typical_B021_3,primary_processed,0.0755833333333333,0.094784330857684,典型样本
B_typical_B021_3,primary_processed,0.0756666666666666,0.004136278909632,典型样本
B_typical_B021_3,primary_processed,0.07575,-0.2491091756358225,典型样本
B_typical_B021_3,primary_processed,0.0758333333333333,0.0695817334550865,典型样本
B_typical_B021_3,primary_processed,0.0759166666666666,0.3110388763122295,典型样本
B_typical_B021_3,primary_processed,0.076,0.0638908243641774,典型样本
B_typical_B021_3,primary_processed,0.0760833333333333,-0.1198442405708874,典型样本
B_typical_B021_3,primary_processed,0.0761666666666666,0.2016921230654762,典型样本
B_typical_B021_3,primary_processed,0.07625,-0.0255377470643939,典型样本
B_typical_B021_3,primary_processed,0.0763333333333333,-0.2869130717397186,典型样本
B_typical_B021_3,primary_processed,0.0764166666666666,0.0846219931953463,典型样本
B_typical_B021_3,primary_processed,0.0765,0.0134856295589826,典型样本
B_typical_B021_3,primary_processed,0.0765833333333333,-0.1946390457656926,典型样本
B_typical_B021_3,primary_processed,0.0766666666666666,-0.0157819029085497,典型样本
B_typical_B021_3,primary_processed,0.07675,0.2874622529356061,典型样本
B_typical_B021_3,primary_processed,0.0768333333333333,0.0581999152732684,典型样本
B_typical_B021_3,primary_processed,0.0769166666666666,0.0090142009875541,典型样本
B_typical_B021_3,primary_processed,0.077,0.2740479672213204,典型样本
B_typical_B021_3,primary_processed,0.0770833333333333,-0.0995195652462121,典型样本
B_typical_B021_3,primary_processed,0.0771666666666666,-0.2613039808306277,典型样本
B_typical_B021_3,primary_processed,0.07725,0.0151116035849567,典型样本
B_typical_B021_3,primary_processed,0.0773333333333333,0.06998822696158,典型样本
B_typical_B021_3,primary_processed,0.0774166666666666,-0.0730974873241342,典型样本
B_typical_B021_3,primary_processed,0.0775,0.033810304883658,典型样本
B_typical_B021_3,primary_processed,0.0775833333333333,0.1980336815070346,典型样本
B_typical_B021_3,primary_processed,0.0776666666666666,0.0317778373511904,典型样本
B_typical_B021_3,primary_processed,0.07775,0.1118570581304112,典型样本
B_typical_B021_3,primary_processed,0.0778333333333333,0.0541349802083333,典型样本
B_typical_B021_3,primary_processed,0.0779166666666666,-0.0706585262851731,典型样本
B_typical_B021_3,primary_processed,0.078,0.1029142009875541,典型样本
B_typical_B021_3,primary_processed,0.0780833333333333,0.0728336815070346,典型样本
B_typical_B021_3,primary_processed,0.0781666666666666,-0.1653715132981602,典型样本
B_typical_B021_3,primary_processed,0.07825,-0.0145624223890692,典型样本
B_typical_B021_3,primary_processed,0.0783333333333333,0.0793375776109307,典型样本
B_typical_B021_3,primary_processed,0.0784166666666666,-0.1060234613501082,典型样本
B_typical_B021_3,primary_processed,0.0785,0.0736466685200216,典型样本
B_typical_B021_3,primary_processed,0.0785833333333333,0.1102310841044372,典型样本
B_typical_B021_3,primary_processed,0.0786666666666666,-0.2263455392721861,典型样本
B_typical_B021_3,primary_processed,0.07875,0.0573869282602813,典型样本
B_typical_B021_3,primary_processed,0.0788333333333333,0.3927440711174243,典型样本
B_typical_B021_3,primary_processed,0.0789166666666666,0.0130791360524891,典型样本
B_typical_B021_3,primary_processed,0.079,-0.1617130717397186,典型样本
B_typical_B021_3,primary_processed,0.0790833333333333,0.0797440711174242,典型样本
B_typical_B021_3,primary_processed,0.0791666666666666,-0.097080604207251,典型样本
B_typical_B021_3,primary_processed,0.07925,-0.28244164316829,典型样本
B_typical_B021_3,primary_processed,0.0793333333333333,-0.0035870977137445,典型样本
B_typical_B021_3,primary_processed,0.0794166666666666,-0.1816312535579004,典型样本
B_typical_B021_3,primary_processed,0.0795,-0.1369169678436147,典型样本
B_typical_B021_3,primary_processed,0.0795833333333333,0.1825869282602814,典型样本
B_typical_B021_3,primary_processed,0.0796666666666666,0.1142960191693723,典型样本
B_typical_B021_3,primary_processed,0.07975,0.0760856295589826,典型样本
B_typical_B021_3,primary_processed,0.0798333333333333,0.1854323828057359,典型样本
B_typical_B021_3,primary_processed,0.0799166666666666,0.033810304883658,典型样本
B_typical_B021_3,primary_processed,0.08,-0.1507377470643939,典型样本
B_typical_B021_3,primary_processed,0.0800833333333333,-0.0816338509604978,典型样本
B_typical_B021_3,primary_processed,0.0801666666666666,-0.0812273574540043,典型样本
B_typical_B021_3,primary_processed,0.08025,-0.0397650197916666,典型样本
B_typical_B021_3,primary_processed,0.0803333333333333,-0.0271637210903679,典型样本
B_typical_B021_3,primary_processed,0.0804166666666666,0.0220219931953463,典型样本
B_typical_B021_3,primary_processed,0.0805,0.1634817334550865,典型样本
B_typical_B021_3,primary_processed,0.0805833333333333,0.0915323828057359,典型样本
B_typical_B021_3,primary_processed,0.0806666666666666,-0.0117169678436147,典型样本
B_typical_B021_3,primary_processed,0.08075,0.0610453698187229,典型样本
B_typical_B021_3,primary_processed,0.0808333333333333,-0.0576507340773809,典型样本
B_typical_B021_3,primary_processed,0.0809166666666666,0.0130791360524891,典型样本
B_typical_B021_3,primary_processed,0.081,-0.0178143704410173,典型样本
B_typical_B021_3,primary_processed,0.0810833333333333,-0.062528656155303,典型样本
B_typical_B021_3,primary_processed,0.0811666666666666,-0.1096819029085498,典型样本
B_typical_B021_3,primary_processed,0.08125,-0.1312260587527056,典型样本
B_typical_B021_3,primary_processed,0.0813333333333333,-0.03204164316829,典型样本
B_typical_B021_3,primary_processed,0.0814166666666666,0.100475239948593,典型样本
B_typical_B021_3,primary_processed,0.0815,-0.0735039808306277,典型样本
B_typical_B021_3,primary_processed,0.0815833333333333,-0.1661845003111472,典型样本
B_typical_B021_3,primary_processed,0.0816666666666666,0.1943752399485931,典型样本
B_typical_B021_3,primary_processed,0.08175,0.1394986165719697,典型样本
B_typical_B021_3,primary_processed,0.0818333333333333,-0.0202533314799783,典型样本
B_typical_B021_3,primary_processed,0.0819166666666666,0.094784330857684,典型样本
B_typical_B021_3,primary_processed,0.082,-0.0226922925189393,典型样本
B_typical_B021_3,primary_processed,0.0820833333333333,-0.1304130717397186,典型样本
B_typical_B021_3,primary_processed,0.0821666666666666,-0.0661870977137445,典型样本
B_typical_B021_3,primary_processed,0.08225,-0.2007364483630953,典型样本
B_typical_B021_3,primary_processed,0.0823333333333333,-0.1755338509604978,典型样本
B_typical_B021_3,primary_processed,0.0824166666666666,0.0610453698187229,典型样本
B_typical_B021_3,primary_processed,0.0825,0.0569804347537878,典型样本
B_typical_B021_3,primary_processed,0.0825833333333333,0.129336278909632,典型样本
B_typical_B021_3,primary_processed,0.0826666666666666,0.2386830321563853,典型样本
B_typical_B021_3,primary_processed,0.08275,-0.0613091756358225,典型样本
B_typical_B021_3,primary_processed,0.0828333333333333,0.0549479672213203,典型样本
B_typical_B021_3,primary_processed,0.0829166666666666,0.2736414737148269,典型样本
B_typical_B021_3,primary_processed,0.083,-0.1348845003111471,典型样本
B_typical_B021_3,primary_processed,0.0830833333333333,-0.1958585262851731,典型样本
B_typical_B021_3,primary_processed,0.0831666666666666,0.1069791360524891,典型样本
B_typical_B021_3,primary_processed,0.08325,0.1610427724161255,典型样本
B_typical_B021_3,primary_processed,0.0833333333333333,-0.1007390457656926,典型样本
B_typical_B021_3,primary_processed,0.0834166666666666,0.0167375776109307,典型样本
B_typical_B021_3,primary_processed,0.0835,0.278519395792749,典型样本
B_typical_B021_3,primary_processed,0.0835833333333333,-0.0621221626488095,典型样本
B_typical_B021_3,primary_processed,0.0836666666666666,-0.2104922925189394,典型样本
B_typical_B021_3,primary_processed,0.08375,0.2008791360524892,典型样本
B_typical_B021_3,primary_processed,0.0838333333333333,0.1386856295589827,典型样本
B_typical_B021_3,primary_processed,0.0839166666666666,-0.3263429418695887,典型样本
B_typical_B021_3,primary_processed,0.084,0.0163310841044372,典型样本
B_typical_B021_3,primary_processed,0.0840833333333333,0.1147025126758658,典型样本
B_typical_B021_3,primary_processed,0.0841666666666666,-0.2121182665449134,典型样本
B_typical_B021_3,primary_processed,0.08425,0.0179570581304112,典型样本
B_typical_B021_3,primary_processed,0.0843333333333333,0.0890934217667748,典型样本
B_typical_B021_3,primary_processed,0.0844166666666666,-0.0791948899215368,典型样本
B_typical_B021_3,primary_processed,0.0845,0.0134856295589826,典型样本
B_typical_B021_3,primary_processed,0.0845833333333333,0.0525090061823593,典型样本
B_typical_B021_3,primary_processed,0.0846666666666666,0.0155180970914502,典型样本
B_typical_B021_3,primary_processed,0.08475,0.1163284867018398,典型样本
B_typical_B021_3,primary_processed,0.0848333333333333,0.1651077074810606,典型样本
B_typical_B021_3,primary_processed,0.0849166666666666,-0.1198442405708874,典型样本
B_typical_B021_3,primary_processed,0.085,-0.1312260587527056,典型样本
B_typical_B021_3,primary_processed,0.0850833333333333,-0.0901702145968614,典型样本
B_typical_B021_3,primary_processed,0.0851666666666666,-0.1856961886228355,典型样本
B_typical_B021_3,primary_processed,0.08525,-0.0543987860254329,典型样本
B_typical_B021_3,primary_processed,0.0853333333333333,0.1520999152732684,典型样本
B_typical_B021_3,primary_processed,0.0854166666666666,0.0533219931953463,典型样本
B_typical_B021_3,primary_processed,0.0855,-0.031228656155303,典型样本
B_typical_B021_3,primary_processed,0.0855833333333333,0.281771343844697,典型样本
B_typical_B021_3,primary_processed,0.0856666666666666,0.1728310841044372,典型样本
B_typical_B021_3,primary_processed,0.08575,-0.0174078769345238,典型样本
B_typical_B021_3,primary_processed,0.0858333333333333,0.0195830321563852,典型样本
B_typical_B021_3,primary_processed,0.0859166666666666,0.0183635516369047,典型样本
B_typical_B021_3,primary_processed,0.086,-0.0779754094020562,典型样本
B_typical_B021_3,primary_processed,0.0860833333333333,-0.2007364483630953,典型样本
B_typical_B021_3,primary_processed,0.0861666666666666,-0.0275702145968614,典型样本
B_typical_B021_3,primary_processed,0.08625,0.0399077074810606,典型样本
B_typical_B021_3,primary_processed,0.0863333333333333,0.0724271880005411,典型样本
B_typical_B021_3,primary_processed,0.0864166666666666,0.0411271880005411,典型样本
B_typical_B021_3,primary_processed,0.0865,0.0256804347537878,典型样本
B_typical_B021_3,primary_processed,0.0865833333333333,0.0756791360524891,典型样本
B_typical_B021_3,primary_processed,0.0866666666666666,-0.0698455392721861,典型样本
B_typical_B021_3,primary_processed,0.08675,0.0488505646239177,典型样本
B_typical_B021_3,primary_processed,0.0868333333333333,0.0248674477408008,典型样本
B_typical_B021_3,primary_processed,0.0869166666666666,-0.1495182665449134,典型样本
B_typical_B021_3,primary_processed,0.087,-0.1300065782332251,典型样本
B_typical_B021_3,primary_processed,0.0870833333333333,-0.0405780068046536,典型样本
B_typical_B021_3,primary_processed,0.0871666666666666,-0.0718780068046537,典型样本
B_typical_B021_3,primary_processed,0.08725,-0.1568351496617965,典型样本
B_typical_B021_3,primary_processed,0.0873333333333333,0.0004778373511904,典型样本
B_typical_B021_3,primary_processed,0.0874166666666666,0.0016973178706709,典型样本
B_typical_B021_3,primary_processed,0.0875,0.0382817334550865,典型样本
B_typical_B021_3,primary_processed,0.0875833333333333,0.0671427724161255,典型样本
B_typical_B021_3,primary_processed,0.0876666666666666,0.0508830321563852,典型样本
B_typical_B021_3,primary_processed,0.08775,0.1171414737148268,典型样本
B_typical_B021_3,primary_processed,0.0878333333333333,-0.0275702145968614,典型样本
B_typical_B021_3,primary_processed,0.0879166666666666,-0.0966741107007575,典型样本
B_typical_B021_3,primary_processed,0.088,-0.062528656155303,典型样本
B_typical_B021_3,primary_processed,0.0880833333333333,-0.1039909938176407,典型样本
B_typical_B021_3,primary_processed,0.0881666666666666,-0.1141533314799783,典型样本
B_typical_B021_3,primary_processed,0.08825,0.0435661490395021,典型样本
B_typical_B021_3,primary_processed,0.0883333333333333,0.1342142009875541,典型样本
B_typical_B021_3,primary_processed,0.0884166666666666,0.0813700451433982,典型样本
B_typical_B021_3,primary_processed,0.0885,0.1399051100784632,典型样本
B_typical_B021_3,primary_processed,0.0885833333333333,0.1264908243641775,典型样本
B_typical_B021_3,primary_processed,0.0886666666666666,0.0285258892992424,典型样本
B_typical_B021_3,primary_processed,0.08875,0.0423466685200216,典型样本
B_typical_B021_3,primary_processed,0.0888333333333333,-0.0539922925189394,典型样本
B_typical_B021_3,primary_processed,0.0889166666666666,-0.0409845003111472,典型样本
B_typical_B021_3,primary_processed,0.089,-0.0706585262851731,典型样本
B_typical_B021_3,primary_processed,0.0890833333333333,-0.2031754094020563,典型样本
B_typical_B021_3,primary_processed,0.0891666666666666,-0.0365130717397186,典型样本
B_typical_B021_3,primary_processed,0.08925,0.1724245905979437,典型样本
B_typical_B021_3,primary_processed,0.0893333333333333,0.065923291896645,典型样本
B_typical_B021_3,primary_processed,0.0894166666666666,0.0208025126758658,典型样本
B_typical_B021_3,primary_processed,0.0895,0.2309596555330086,典型样本
B_typical_B021_3,primary_processed,0.0895833333333333,-0.0255377470643939,典型样本
B_typical_B021_3,primary_processed,0.0896666666666666,-0.0271637210903679,典型样本
B_typical_B021_3,primary_processed,0.08975,0.0870609542343073,典型样本
B_typical_B021_3,primary_processed,0.0898333333333333,-0.00074164316829,典型样本
B_typical_B021_3,primary_processed,0.0899166666666666,-0.0893572275838744,典型样本
B_typical_B021_3,primary_processed,0.09,-0.1438273574540043,典型样本
B_typical_B021_3,primary_processed,0.0900833333333333,-0.1011455392721861,典型样本
B_typical_B021_3,primary_processed,0.0901666666666666,-0.1649650197916667,典型样本
B_typical_B021_3,primary_processed,0.09025,-0.0909832016098484,典型样本
B_typical_B021_3,primary_processed,0.0903333333333333,0.1752700451433982,典型样本
B_typical_B021_3,primary_processed,0.0904166666666666,0.0500700451433982,典型样本
B_typical_B021_3,primary_processed,0.0905,-0.1316325522591991,典型样本
B_typical_B021_3,primary_processed,0.0905833333333333,0.1086051100784632,典型样本
B_typical_B021_3,primary_processed,0.0906666666666666,0.0842154996888528,典型样本
B_typical_B021_3,primary_processed,0.09075,-0.1808182665449134,典型样本
B_typical_B021_3,primary_processed,0.0908333333333333,-0.0369195652462121,典型样本
B_typical_B021_3,primary_processed,0.0909166666666666,0.0838090061823593,典型样本
B_typical_B021_3,primary_processed,0.091,-0.1629325522591991,典型样本
B_typical_B021_3,primary_processed,0.0910833333333333,-0.0897637210903679,典型样本
B_typical_B021_3,primary_processed,0.0911666666666666,0.1090116035849567,典型样本
B_typical_B021_3,primary_processed,0.09125,0.1472219931953463,典型样本
B_typical_B021_3,primary_processed,0.0913333333333333,0.1752700451433982,典型样本
B_typical_B021_3,primary_processed,0.0914166666666666,0.1764895256628788,典型样本
B_typical_B021_3,primary_processed,0.0915,0.0191765386498917,典型样本
B_typical_B021_3,primary_processed,0.0915833333333333,-0.0568377470643939,典型样本
B_typical_B021_3,primary_processed,0.0916666666666666,0.1553518633252164,典型样本
B_typical_B021_3,primary_processed,0.09175,0.0305583568317099,典型样本
B_typical_B021_3,primary_processed,0.0918333333333333,-0.1519572275838744,典型样本
B_typical_B021_3,primary_processed,0.0919166666666666,-0.092202682129329,典型样本
B_typical_B021_3,primary_processed,0.092,-0.062528656155303,典型样本
B_typical_B021_3,primary_processed,0.0920833333333333,-0.1283806042072511,典型样本
B_typical_B021_3,primary_processed,0.0921666666666666,0.0850284867018398,典型样本
B_typical_B021_3,primary_processed,0.09225,0.1663271880005411,典型样本
B_typical_B021_3,primary_processed,0.0923333333333333,0.0777116035849567,典型样本
B_typical_B021_3,primary_processed,0.0924166666666666,0.0992557594291125,典型样本
B_typical_B021_3,primary_processed,0.0925,0.1472219931953463,典型样本
B_typical_B021_3,primary_processed,0.0925833333333333,-0.0519598249864718,典型样本
B_typical_B021_3,primary_processed,0.0926666666666666,-0.0730974873241342,典型样本
B_typical_B021_3,primary_processed,0.09275,-0.0259442405708874,典型样本
B_typical_B021_3,primary_processed,0.0928333333333333,-0.186102682129329,典型样本
B_typical_B021_3,primary_processed,0.0929166666666666,-0.3117091756358225,典型样本
B_typical_B021_3,primary_processed,0.093,-0.3125221626488095,典型样本
B_typical_B021_3,primary_processed,0.0930833333333333,-0.0397650197916666,典型样本
B_typical_B021_3,primary_processed,0.0931666666666666,0.1126700451433982,典型样本
B_typical_B021_3,primary_processed,0.09325,-0.093015669142316,典型样本
B_typical_B021_3,primary_processed,0.0933333333333333,0.0508830321563852,典型样本
B_typical_B021_3,primary_processed,0.0934166666666666,0.277706408779762,典型样本
B_typical_B021_3,primary_processed,0.0935,-0.0718780068046537,典型样本
B_typical_B021_3,primary_processed,0.0935833333333333,-0.183663721090368,典型样本
B_typical_B021_3,primary_processed,0.0936666666666666,0.158197317870671,典型样本
B_typical_B021_3,primary_processed,0.09375,-0.0133429418695887,典型样本
B_typical_B021_3,primary_processed,0.0938333333333333,-0.2881325522591991,典型样本
B_typical_B021_3,primary_processed,0.0939166666666666,0.1671401750135281,典型样本
B_typical_B021_3,primary_processed,0.094,0.2073830321563853,典型样本
B_typical_B021_3,primary_processed,0.0940833333333333,-0.277563721090368,典型样本
B_typical_B021_3,primary_processed,0.0941666666666666,0.1199869282602814,典型样本
B_typical_B021_3,primary_processed,0.09425,0.5155051100784632,典型样本
B_typical_B021_3,primary_processed,0.0943333333333333,-0.0145624223890692,典型样本
B_typical_B021_3,primary_processed,0.0944166666666666,-0.2438247600514069,典型样本
B_typical_B021_3,primary_processed,0.0945,0.2618531620265152,典型样本
B_typical_B021_3,primary_processed,0.0945833333333333,0.1232388763122294,典型样本
B_typical_B021_3,primary_processed,0.0946666666666666,-0.2356948899215368,典型样本
B_typical_B021_3,primary_processed,0.09475,-0.0210663184929653,典型样本
B_typical_B021_3,primary_processed,0.0948333333333333,0.0191765386498917,典型样本
B_typical_B021_3,primary_processed,0.0949166666666666,-0.2767507340773809,典型样本
B_typical_B021_3,primary_processed,0.095,-0.0816338509604978,典型样本
B_typical_B021_3,primary_processed,0.0950833333333333,0.1545388763122294,典型样本
B_typical_B021_3,primary_processed,0.0951666666666666,-0.09464164316829,典型样本
B_typical_B021_3,primary_processed,0.09525,-0.0702520327786796,典型样本
B_typical_B021_3,primary_processed,0.0953333333333333,0.282584330857684,典型样本
B_typical_B021_3,primary_processed,0.0954166666666666,0.1061661490395021,典型样本
B_typical_B021_3,primary_processed,0.0955,-0.1458598249864718,典型样本
B_typical_B021_3,primary_processed,0.0955833333333333,0.0407206944940476,典型样本
B_typical_B021_3,primary_processed,0.0956666666666666,-0.0434234613501082,典型样本
B_typical_B021_3,primary_processed,0.09575,-0.1938260587527056,典型样本
B_typical_B021_3,primary_processed,0.0958333333333333,-0.0783819029085498,典型样本
B_typical_B021_3,primary_processed,0.0959166666666666,-0.0556182665449134,典型样本
B_typical_B021_3,primary_processed,0.096,-0.1080559288825757,典型样本
B_typical_B021_3,primary_processed,0.0960833333333333,0.0224284867018398,典型样本
B_typical_B021_3,primary_processed,0.0961666666666666,0.2333986165719697,典型样本
B_typical_B021_3,primary_processed,0.09625,0.1484414737148268,典型样本
B_typical_B021_3,primary_processed,0.0963333333333333,-0.0121234613501082,典型样本
B_typical_B021_3,primary_processed,0.0964166666666666,-0.0889507340773809,典型样本
B_typical_B021_3,primary_processed,0.0965,0.0264934217667748,典型样本
B_typical_B021_3,primary_processed,0.0965833333333333,0.0195830321563852,典型样本
B_typical_B021_3,primary_processed,0.0966666666666666,-0.0088715132981601,典型样本
B_typical_B021_3,primary_processed,0.09675,0.0626713438446969,典型样本
B_typical_B021_3,primary_processed,0.0968333333333333,0.0195830321563852,典型样本
B_typical_B021_3,primary_processed,0.0969166666666666,0.1244583568317099,典型样本
B_typical_B021_3,primary_processed,0.097,0.2252687464420995,典型样本
B_typical_B021_3,primary_processed,0.0970833333333333,0.0825895256628787,典型样本
B_typical_B021_3,primary_processed,0.0971666666666666,0.1081986165719697,典型样本
B_typical_B021_3,primary_processed,0.09725,0.1187674477408008,典型样本
B_typical_B021_3,primary_processed,0.0973333333333333,0.0118596555330086,典型样本
B_typical_B021_3,primary_processed,0.0974166666666666,-0.1535832016098485,典型样本
B_typical_B021_3,primary_processed,0.0975,-0.1100883964150433,典型样本
B_typical_B021_3,primary_processed,0.0975833333333333,-0.0149689158955627,典型样本
B_typical_B021_3,primary_processed,0.0976666666666666,0.0504765386498917,典型样本
B_typical_B021_3,primary_processed,0.09775,0.0175505646239177,典型样本
B_typical_B021_3,primary_processed,0.0978333333333333,-0.1678104743371212,典型样本
B_typical_B021_3,primary_processed,0.0979166666666666,-0.0861052795319264,典型样本
B_typical_B021_3,primary_processed,0.098,0.0488505646239177,典型样本
B_typical_B021_3,primary_processed,0.0980833333333333,0.1537258892992424,典型样本
B_typical_B021_3,primary_processed,0.0981666666666666,0.0703947204680736,典型样本
B_typical_B021_3,primary_processed,0.09825,-0.0027741107007575,典型样本
B_typical_B021_3,primary_processed,0.0983333333333333,0.1541323828057359,典型样本
B_typical_B021_3,primary_processed,0.0984166666666666,-0.0068390457656926,典型样本
B_typical_B021_3,primary_processed,0.0985,-0.3182130717397186,典型样本
B_typical_B021_3,primary_processed,0.0985833333333333,-0.1340715132981602,典型样本
B_typical_B021_3,primary_processed,0.0986666666666666,0.1525064087797619,典型样本
B_typical_B021_3,primary_processed,0.09875,-0.3507325522591991,典型样本
B_typical_B021_3,primary_processed,0.0988333333333333,-0.280815669142316,典型样本
B_typical_B021_3,primary_processed,0.0989166666666666,0.2947791360524892,典型样本
B_typical_B021_3,primary_processed,0.099,-0.0999260587527056,典型样本
B_typical_B021_3,primary_processed,0.0990833333333333,-0.1466728119994589,典型样本
B_typical_B021_3,primary_processed,0.0991666666666666,0.3651025126758658,典型样本
B_typical_B021_3,primary_processed,0.09925,0.1565713438446969,典型样本
B_typical_B021_3,primary_processed,0.0993333333333333,-0.3673987860254329,典型样本
B_typical_B021_3,primary_processed,0.0994166666666666,-0.0983000847267316,典型样本
B_typical_B021_3,primary_processed,0.0995,0.127710304883658,典型样本
B_typical_B021_3,primary_processed,0.0995833333333333,-0.1125273574540043,典型样本
B_typical_B021_3,primary_processed,0.0996666666666666,0.0305583568317099,典型样本
B_typical_B021_3,primary_processed,0.09975,0.0638908243641774,典型样本
B_typical_B021_3,primary_processed,0.0998333333333333,0.0114531620265151,典型样本
B_typical_B021_3,primary_processed,0.0999166666666666,0.0224284867018398,典型样本
B_typical_B021_3,primary_processed,0.1,0.0435661490395021,典型样本
B_typical_B021_3,primary_processed,0.1000833333333333,0.0508830321563852,典型样本
B_typical_B021_3,primary_processed,0.1001666666666666,-0.0539922925189394,典型样本
B_typical_B021_3,primary_processed,0.10025,-0.0556182665449134,典型样本
B_typical_B021_3,primary_processed,0.1003333333333333,0.0590129022862554,典型样本
B_typical_B021_3,primary_processed,0.1004166666666666,-0.0450494353760822,典型样本
B_typical_B021_3,primary_processed,0.1005,-0.0796013834280303,典型样本
B_typical_B021_3,primary_processed,0.1005833333333333,0.0004778373511904,典型样本
B_typical_B021_3,primary_processed,0.1006666666666666,0.0744596555330086,典型样本
B_typical_B021_3,primary_processed,0.10075,0.0622648503382034,典型样本
B_typical_B021_3,primary_processed,0.1008333333333333,-0.1255351496617965,典型样本
B_typical_B021_3,primary_processed,0.1009166666666666,-0.2552065782332251,典型样本
B_typical_B021_3,primary_processed,0.101,0.1244583568317099,典型样本
B_typical_B021_3,primary_processed,0.1010833333333333,0.0813700451433982,典型样本
B_typical_B021_3,primary_processed,0.1011666666666666,-0.1856961886228355,典型样本
B_typical_B021_3,primary_processed,0.10125,0.0590129022862554,典型样本
B_typical_B021_3,primary_processed,0.1013333333333333,-0.0121234613501082,典型样本
B_typical_B021_3,primary_processed,0.1014166666666666,-0.1966715132981601,典型样本
B_typical_B021_3,primary_processed,0.1015,-0.1084624223890692,典型样本
B_typical_B021_3,primary_processed,0.1015833333333333,0.0086077074810606,典型样本
B_typical_B021_3,primary_processed,0.1016666666666666,0.0037297854031385,典型样本
B_typical_B021_3,primary_processed,0.10175,-0.0454559288825757,典型样本
B_typical_B021_3,primary_processed,0.1018333333333333,0.0480375776109307,典型样本
B_typical_B021_3,primary_processed,0.1019166666666666,0.1516934217667749,典型样本
B_typical_B021_3,primary_processed,0.102,0.221610304883658,典型样本
B_typical_B021_3,primary_processed,0.1020833333333333,-0.0117169678436147,典型样本
B_typical_B021_3,primary_processed,0.1021666666666666,-0.0316351496617965,典型样本
B_typical_B021_3,primary_processed,0.10225,0.1565713438446969,典型样本
B_typical_B021_3,primary_processed,0.1023333333333333,-0.0283832016098484,典型样本
B_typical_B021_3,primary_processed,0.1024166666666666,-0.1795987860254329,典型样本
B_typical_B021_3,primary_processed,0.1025,0.1520999152732684,典型样本
B_typical_B021_3,primary_processed,0.1025833333333333,0.2565687464420996,典型样本
B_typical_B021_3,primary_processed,0.1026666666666666,0.0069817334550865,典型样本
B_typical_B021_3,primary_processed,0.10275,0.0708012139745671,典型样本
B_typical_B021_3,primary_processed,0.1028333333333333,0.2183583568317099,典型样本
B_typical_B021_3,primary_processed,0.1029166666666666,-0.06334164316829,典型样本
B_typical_B021_3,primary_processed,0.103,-0.0426104743371212,典型样本
B_typical_B021_3,primary_processed,0.1030833333333333,0.0878739412472943,典型样本
B_typical_B021_3,primary_processed,0.1031666666666666,-0.1730948899215368,典型样本
B_typical_B021_3,primary_processed,0.10325,-0.0755364483630952,典型样本
B_typical_B021_3,primary_processed,0.1033333333333333,0.1057596555330086,典型样本
B_typical_B021_3,primary_processed,0.1034166666666666,-0.2048013834280303,典型样本
B_typical_B021_3,primary_processed,0.1035,-0.0100909938176406,典型样本
B_typical_B021_3,primary_processed,0.1035833333333333,0.2459999152732684,典型样本
B_typical_B021_3,primary_processed,0.1036666666666666,-0.0316351496617965,典型样本
B_typical_B021_3,primary_processed,0.10375,-0.2052078769345238,典型样本
B_typical_B021_3,primary_processed,0.1038333333333333,0.0907193957927489,典型样本
B_typical_B021_3,primary_processed,0.1039166666666666,0.0903129022862554,典型样本
B_typical_B021_3,primary_processed,0.104,-0.095454630181277,典型样本
B_typical_B021_3,primary_processed,0.1040833333333333,0.068362252935606,典型样本
B_typical_B021_3,primary_processed,0.1041666666666666,0.2118544607278139,典型样本
B_typical_B021_3,primary_processed,0.10425,-0.1499247600514069,典型样本
B_typical_B021_3,primary_processed,0.1043333333333333,-0.2543935912202381,典型样本
B_typical_B021_3,primary_processed,0.1044166666666666,0.1561648503382035,典型样本
B_typical_B021_3,primary_processed,0.1045,0.0390947204680735,典型样本
B_typical_B021_3,primary_processed,0.1045833333333333,-0.4023572275838745,典型样本
B_typical_B021_3,primary_processed,0.1046666666666666,0.1838064087797619,典型样本
B_typical_B021_3,primary_processed,0.10475,0.3508752399485931,典型样本
B_typical_B021_3,primary_processed,0.1048333333333333,-0.2271585262851732,典型样本
B_typical_B021_3,primary_processed,0.1049166666666666,-0.093828656155303,典型样本
B_typical_B021_3,primary_processed,0.105,0.4179466685200217,典型样本
B_typical_B021_3,primary_processed,0.1050833333333333,0.0561674477408008,典型样本
B_typical_B021_3,primary_processed,0.1051666666666666,-0.4239013834280303,典型样本
B_typical_B021_3,primary_processed,0.10525,0.1610427724161255,典型样本
B_typical_B021_3,primary_processed,0.1053333333333333,0.2309596555330086,典型样本
B_typical_B021_3,primary_processed,0.1054166666666666,-0.2787832016098485,典型样本
B_typical_B021_3,primary_processed,0.1055,-0.12594164316829,典型样本
B_typical_B021_3,primary_processed,0.1055833333333333,0.3992479672213204,典型样本
B_typical_B021_3,primary_processed,0.1056666666666666,0.0939713438446969,典型样本
B_typical_B021_3,primary_processed,0.10575,-0.431624760051407,典型样本
B_typical_B021_3,primary_processed,0.1058333333333333,0.0285258892992424,典型样本
B_typical_B021_3,primary_processed,0.1059166666666666,0.2134804347537879,典型样本
B_typical_B021_3,primary_processed,0.106,-0.3767481366747836,典型样本
B_typical_B021_3,primary_processed,0.1060833333333333,-0.3308143704410173,典型样本
B_typical_B021_3,primary_processed,0.1061666666666666,0.2980310841044373,典型样本
B_typical_B021_3,primary_processed,0.10625,-0.0519598249864718,典型样本
B_typical_B021_3,primary_processed,0.1063333333333333,-0.3942273574540044,典型样本
B_typical_B021_3,primary_processed,0.1064166666666666,0.1130765386498917,典型样本
B_typical_B021_3,primary_processed,0.1065,0.2813648503382035,典型样本
B_typical_B021_3,primary_processed,0.1065833333333333,-0.3263429418695887,典型样本
B_typical_B021_3,primary_processed,0.1066666666666666,-0.1389494353760823,典型样本
B_typical_B021_3,primary_processed,0.10675,0.1968142009875541,典型样本
B_typical_B021_3,primary_processed,0.1068333333333333,-0.1153728119994589,典型样本
B_typical_B021_3,primary_processed,0.1069166666666666,-0.001554630181277,典型样本
B_typical_B021_3,primary_processed,0.107,0.1764895256628788,典型样本
B_typical_B021_3,primary_processed,0.1070833333333333,-0.0279767081033549,典型样本
B_typical_B021_3,primary_processed,0.1071666666666666,0.0240544607278138,典型样本
B_typical_B021_3,primary_processed,0.10725,-0.0690325522591991,典型样本
B_typical_B021_3,primary_processed,0.1073333333333333,-0.1121208639475108,典型样本
B_typical_B021_3,primary_processed,0.1074166666666666,0.0106401750135281,典型样本
B_typical_B021_3,primary_processed,0.1075,-0.0588702145968614,典型样本
B_typical_B021_3,primary_processed,0.1075833333333333,-0.1462663184929654,典型样本
B_typical_B021_3,primary_processed,0.1076666666666666,0.097223291896645,典型样本
B_typical_B021_3,primary_processed,0.10775,0.2000661490395021,典型样本
B_typical_B021_3,primary_processed,0.1078333333333333,-0.1405754094020563,典型样本
B_typical_B021_3,primary_processed,0.1079166666666666,0.0045427724161255,典型样本
B_typical_B021_3,primary_processed,0.108,0.2260817334550866,典型样本
B_typical_B021_3,primary_processed,0.1080833333333333,-0.0686260587527056,典型样本
B_typical_B021_3,primary_processed,0.1081666666666666,-0.1531767081033549,典型样本
B_typical_B021_3,primary_processed,0.10825,0.2919336815070347,典型样本
B_typical_B021_3,primary_processed,0.1083333333333333,0.0931583568317099,典型样本
B_typical_B021_3,primary_processed,0.1084166666666666,-0.3600819029085498,典型样本
B_typical_B021_3,primary_processed,0.1085,0.162262252935606,典型样本
B_typical_B021_3,primary_processed,0.1085833333333333,0.3728258892992425,典型样本
B_typical_B021_3,primary_processed,0.1086666666666666,-0.2970754094020563,典型样本
B_typical_B021_3,primary_processed,0.10875,-0.2722793055059524,典型样本
B_typical_B021_3,primary_processed,0.1088333333333333,0.2947791360524892,典型样本
B_typical_B021_3,primary_processed,0.1089166666666666,0.0224284867018398,典型样本
B_typical_B021_3,primary_processed,0.109,-0.1795987860254329,典型样本
B_typical_B021_3,primary_processed,0.1090833333333333,0.3549401750135282,典型样本
B_typical_B021_3,primary_processed,0.1091666666666666,0.1362466685200216,典型样本
B_typical_B021_3,primary_processed,0.10925,-0.1113078769345238,典型样本
B_typical_B021_3,primary_processed,0.1093333333333333,0.2394960191693723,典型样本
B_typical_B021_3,primary_processed,0.1094166666666666,0.1488479672213203,典型样本
B_typical_B021_3,primary_processed,0.1095,-0.2304104743371212,典型样本
B_typical_B021_3,primary_processed,0.1095833333333333,-0.0442364483630952,典型样本
B_typical_B021_3,primary_processed,0.1096666666666666,0.1358401750135281,典型样本
B_typical_B021_3,primary_processed,0.10975,-0.0117169678436147,典型样本
B_typical_B021_3,primary_processed,0.1098333333333333,-0.0999260587527056,典型样本
B_typical_B021_3,primary_processed,0.1099166666666666,-0.0019611236877705,典型样本
B_typical_B021_3,primary_processed,0.11,0.1163284867018398,典型样本
B_typical_B021_3,primary_processed,0.1100833333333333,0.0256804347537878,典型样本
B_typical_B021_3,primary_processed,0.1101666666666666,-0.1856961886228355,典型样本
B_typical_B021_3,primary_processed,0.11025,-0.0556182665449134,典型样本
B_typical_B021_3,primary_processed,0.1103333333333333,0.0545414737148268,典型样本
B_typical_B021_3,primary_processed,0.1104166666666666,-0.0645611236877705,典型样本
B_typical_B021_3,primary_processed,0.1105,0.0203960191693722,典型样本
B_typical_B021_3,primary_processed,0.1105833333333333,0.2638856295589827,典型样本
B_typical_B021_3,primary_processed,0.1106666666666666,0.0268999152732683,典型样本
B_typical_B021_3,primary_processed,0.11075,-0.2186221626488095,典型样本
B_typical_B021_3,primary_processed,0.1108333333333333,0.1980336815070346,典型样本
B_typical_B021_3,primary_processed,0.1109166666666666,0.2634791360524892,典型样本
B_typical_B021_3,primary_processed,0.111,-0.3023598249864718,典型样本
B_typical_B021_3,primary_processed,0.1110833333333333,-0.1617130717397186,典型样本
B_typical_B021_3,primary_processed,0.1111666666666666,0.4289219931953463,典型样本
B_typical_B021_3,primary_processed,0.11125,-0.1507377470643939,典型样本
B_typical_B021_3,primary_processed,0.1113333333333333,-0.3653663184929653,典型样本
B_typical_B021_3,primary_processed,0.1114166666666666,0.3602245905979437,典型样本
B_typical_B021_3,primary_processed,0.1115,0.0923453698187229,典型样本
B_typical_B021_3,primary_processed,0.1115833333333333,-0.4169909938176407,典型样本
B_typical_B021_3,primary_processed,0.1116666666666666,0.0732401750135281,典型样本
B_typical_B021_3,primary_processed,0.11175,0.2134804347537879,典型样本
B_typical_B021_3,primary_processed,0.1118333333333333,-0.3373182665449134,典型样本
B_typical_B021_3,primary_processed,0.1119166666666666,-0.0230987860254329,典型样本
B_typical_B021_3,primary_processed,0.112,0.3691674477408009,典型样本
B_typical_B021_3,primary_processed,0.1120833333333333,-0.0824468379734848,典型样本
B_typical_B021_3,primary_processed,0.1121666666666666,-0.3194325522591991,典型样本
B_typical_B021_3,primary_processed,0.11225,-0.0812273574540043,典型样本
B_typical_B021_3,primary_processed,0.1123333333333333,-0.0104974873241342,典型样本
B_typical_B021_3,primary_processed,0.1124166666666666,-0.1897611236877706,典型样本
B_typical_B021_3,primary_processed,0.1125,-0.2401663184929654,典型样本
B_typical_B021_3,primary_processed,0.1125833333333333,-0.0474883964150432,典型样本
B_typical_B021_3,primary_processed,0.1126666666666666,0.0122661490395021,典型样本
B_typical_B021_3,primary_processed,0.11275,-0.0044000847267316,典型样本
B_typical_B021_3,primary_processed,0.1128333333333333,-0.0596832016098484,典型样本
B_typical_B021_3,primary_processed,0.1129166666666666,0.2333986165719697,典型样本
B_typical_B021_3,primary_processed,0.113,0.0525090061823593,典型样本
B_typical_B021_3,primary_processed,0.1130833333333333,-0.3295948899215368,典型样本
B_typical_B021_3,primary_processed,0.1131666666666666,0.0016973178706709,典型样本
B_typical_B021_3,primary_processed,0.11325,0.224049265922619,典型样本
B_typical_B021_3,primary_processed,0.1133333333333333,-0.2178091756358225,典型样本
B_typical_B021_3,primary_processed,0.1134166666666666,-0.2214676171942641,典型样本
B_typical_B021_3,primary_processed,0.1135,0.4833921230654763,典型样本
B_typical_B021_3,primary_processed,0.1135833333333333,0.1773025126758658,典型样本
B_typical_B021_3,primary_processed,0.1136666666666666,-0.3295948899215368,典型样本
B_typical_B021_3,primary_processed,0.11375,0.2443739412472944,典型样本
B_typical_B021_3,primary_processed,0.1138333333333333,0.1915297854031385,典型样本
B_typical_B021_3,primary_processed,0.1139166666666666,-0.1747208639475108,典型样本
B_typical_B021_3,primary_processed,0.114,0.1248648503382034,典型样本
B_typical_B021_3,primary_processed,0.1140833333333333,0.1386856295589827,典型样本
B_typical_B021_3,primary_processed,0.1141666666666666,-0.2401663184929654,典型样本
B_typical_B021_3,primary_processed,0.11425,-0.0434234613501082,典型样本
B_typical_B021_3,primary_processed,0.1143333333333333,0.1500674477408008,典型样本
B_typical_B021_3,primary_processed,0.1144166666666666,-0.1409819029085498,典型样本
B_typical_B021_3,primary_processed,0.1145,-0.1039909938176407,典型样本
B_typical_B021_3,primary_processed,0.1145833333333333,0.03868822696158,典型样本
B_typical_B021_3,primary_processed,0.1146666666666666,0.0008843308576839,典型样本
B_typical_B021_3,primary_processed,0.11475,0.0882804347537878,典型样本
B_typical_B021_3,primary_processed,0.1148333333333333,0.1057596555330086,典型样本
B_typical_B021_3,primary_processed,0.1149166666666666,0.0655167983901515,典型样本
B_typical_B021_3,primary_processed,0.115,0.1500674477408008,典型样本
B_typical_B021_3,primary_processed,0.1150833333333333,0.2000661490395021,典型样本
B_typical_B021_3,primary_processed,0.1151666666666666,-0.062528656155303,典型样本
B_typical_B021_3,primary_processed,0.11525,-0.1340715132981602,典型样本
B_typical_B021_3,primary_processed,0.1153333333333333,-0.0247247600514069,典型样本
B_typical_B021_3,primary_processed,0.1154166666666666,0.0285258892992424,典型样本
B_typical_B021_3,primary_processed,0.1155,-0.0674065782332251,典型样本
B_typical_B021_3,primary_processed,0.1155833333333333,0.003323291896645,典型样本
B_typical_B021_3,primary_processed,0.1156666666666666,0.1793349802083333,典型样本
B_typical_B021_3,primary_processed,0.11575,0.0061687464420995,典型样本
B_typical_B021_3,primary_processed,0.1158333333333333,-0.003180604207251,典型样本
B_typical_B021_3,primary_processed,0.1159166666666666,0.2927466685200217,典型样本
B_typical_B021_3,primary_processed,0.116,-0.0787883964150433,典型样本
B_typical_B021_3,primary_processed,0.1160833333333333,-0.1795987860254329,典型样本
B_typical_B021_3,primary_processed,0.1161666666666666,0.2423414737148268,典型样本
B_typical_B021_3,primary_processed,0.11625,0.0943778373511904,典型样本
B_typical_B021_3,primary_processed,0.1163333333333333,-0.2548000847267316,典型样本
B_typical_B021_3,primary_processed,0.1164166666666666,0.1500674477408008,典型样本
B_typical_B021_3,primary_processed,0.1165,0.3602245905979437,典型样本
B_typical_B021_3,primary_processed,0.1165833333333333,-0.1340715132981602,典型样本
B_typical_B021_3,primary_processed,0.1166666666666666,-0.1088689158955627,典型样本
B_typical_B021_3,primary_processed,0.11675,0.1939687464420995,典型样本
B_typical_B021_3,primary_processed,0.1168333333333333,-0.0548052795319264,典型样本
B_typical_B021_3,primary_processed,0.1169166666666666,-0.2048013834280303,典型样本
B_typical_B021_3,primary_processed,0.117,0.1586038113771645,典型样本
B_typical_B021_3,primary_processed,0.1170833333333333,0.0862479672213203,典型样本
B_typical_B021_3,primary_processed,0.1171666666666666,-0.3913819029085498,典型样本
B_typical_B021_3,primary_processed,0.11725,-0.06334164316829,典型样本
B_typical_B021_3,primary_processed,0.1173333333333333,0.3598180970914503,典型样本
B_typical_B021_3,primary_processed,0.1174166666666666,-0.2543935912202381,典型样本
B_typical_B021_3,primary_processed,0.1175,-0.2633364483630952,典型样本
B_typical_B021_3,primary_processed,0.1175833333333333,0.3366479672213204,典型样本
B_typical_B021_3,primary_processed,0.1176666666666666,0.0488505646239177,典型样本
B_typical_B021_3,primary_processed,0.11775,-0.2873195652462121,典型样本
B_typical_B021_3,primary_processed,0.1178333333333333,0.2354310841044372,典型样本
B_typical_B021_3,primary_processed,0.1179166666666666,0.1825869282602814,典型样本
B_typical_B021_3,primary_processed,0.118,-0.3157741107007575,典型样本
B_typical_B021_3,primary_processed,0.1180833333333333,-0.1519572275838744,典型样本
B_typical_B021_3,primary_processed,0.1181666666666666,0.0732401750135281,典型样本
B_typical_B021_3,primary_processed,0.11825,-0.1909806042072511,典型样本
B_typical_B021_3,primary_processed,0.1183333333333333,-0.2718728119994589,典型样本
B_typical_B021_3,primary_processed,0.1184166666666666,0.1334012139745671,典型样本
B_typical_B021_3,primary_processed,0.1185,0.0744596555330086,典型样本
B_typical_B021_3,primary_processed,0.1185833333333333,-0.1385429418695887,典型样本
B_typical_B021_3,primary_processed,0.1186666666666666,0.163075239948593,典型样本
B_typical_B021_3,primary_processed,0.11875,0.0899064087797619,典型样本
B_typical_B021_3,primary_processed,0.1188333333333333,-0.1535832016098485,典型样本
B_typical_B021_3,primary_processed,0.1189166666666666,-0.0178143704410173,典型样本
B_typical_B021_3,primary_processed,0.119,0.0553544607278138,典型样本
B_typical_B021_3,primary_processed,0.1190833333333333,-0.1804117730384199,典型样本
B_typical_B021_3,primary_processed,0.1191666666666666,-0.1178117730384199,典型样本
B_typical_B021_3,primary_processed,0.11925,0.1191739412472943,典型样本
B_typical_B021_3,primary_processed,0.1193333333333333,-0.1153728119994589,典型样本
B_typical_B021_3,primary_processed,0.1194166666666666,0.1090116035849567,典型样本
B_typical_B021_3,primary_processed,0.1195,0.1825869282602814,典型样本
B_typical_B021_3,primary_processed,0.1195833333333333,-0.1328520327786796,典型样本
B_typical_B021_3,primary_processed,0.1196666666666666,-0.093015669142316,典型样本
B_typical_B021_3,primary_processed,0.11975,0.2651051100784632,典型样本
B_typical_B021_3,primary_processed,0.1198333333333333,0.0435661490395021,典型样本
B_typical_B021_3,primary_processed,0.1199166666666666,-0.2625234613501082,典型样本
B_typical_B021_3,primary_processed,0.12,0.1325882269615801,典型样本
B_difficult_B014_2,primary_processed,0.0,-0.1230243451298701,困难样本
B_difficult_B014_2,primary_processed,8.333333333333333e-05,0.2895665639610389,困难样本
B_difficult_B014_2,primary_processed,0.0001666666666666,-0.082781487987013,困难样本
B_difficult_B014_2,primary_processed,0.00025,-0.2929386308441558,困难样本
B_difficult_B014_2,primary_processed,0.0003333333333333,0.0863198107142857,困难样本
B_difficult_B014_2,primary_processed,0.0004166666666666,-0.0380672022727272,困难样本
B_difficult_B014_2,primary_processed,0.0005,-0.1092035659090909,困难样本
B_difficult_B014_2,primary_processed,0.0005833333333333,0.0651821483766234,困难样本
B_difficult_B014_2,primary_processed,0.0006666666666666,0.1330665639610389,困难样本
B_difficult_B014_2,primary_processed,0.00075,-0.2380620074675325,困难样本
B_difficult_B014_2,primary_processed,0.0008333333333333,0.0208743561688311,困难样本
B_difficult_B014_2,primary_processed,0.0009166666666666,0.1883496808441558,困难样本
B_difficult_B014_2,primary_processed,0.001,0.0196548756493506,困难样本
B_difficult_B014_2,primary_processed,0.0010833333333333,0.0582717587662337,困难样本
B_difficult_B014_2,primary_processed,0.0011666666666666,-0.0348152542207792,困难样本
B_difficult_B014_2,primary_processed,0.00125,-0.0230269425324675,困难样本
B_difficult_B014_2,primary_processed,0.0013333333333333,0.2188366938311688,困难样本
B_difficult_B014_2,primary_processed,0.0014166666666666,0.1310340964285714,困难样本
B_difficult_B014_2,primary_processed,0.0015,-0.0998542152597402,困难样本
B_difficult_B014_2,primary_processed,0.0015833333333333,0.0379470834415584,困难样本
B_difficult_B014_2,primary_processed,0.0016666666666666,0.139570460064935,困难样本
B_difficult_B014_2,primary_processed,0.00175,0.0334756548701298,困难样本
B_difficult_B014_2,primary_processed,0.0018333333333333,0.0038016288961038,困难样本
B_difficult_B014_2,primary_processed,0.0019166666666666,0.0050211094155844,困难样本
B_difficult_B014_2,primary_processed,0.002,0.0249392912337662,困难样本
B_difficult_B014_2,primary_processed,0.0020833333333333,-0.0173360334415584,困难样本
B_difficult_B014_2,primary_processed,0.0021666666666666,0.0566457847402597,困难样本
B_difficult_B014_2,primary_processed,0.00225,0.0814418886363636,困难样本
B_difficult_B014_2,primary_processed,0.0023333333333333,-0.1449749944805195,困难样本
B_difficult_B014_2,primary_processed,0.0024166666666666,0.0542068237012987,困难样本
B_difficult_B014_2,primary_processed,0.0025,0.0212808496753246,困难样本
B_difficult_B014_2,primary_processed,0.0025833333333333,-0.0222139555194805,困难样本
B_difficult_B014_2,primary_processed,0.0026666666666666,0.0395730574675324,困难样本
B_difficult_B014_2,primary_processed,0.00275,-0.0864399295454545,困难样本
B_difficult_B014_2,primary_processed,0.0028333333333333,0.0046146159090909,困难样本
B_difficult_B014_2,primary_processed,0.0029166666666666,-0.020994475,困难样本
B_difficult_B014_2,primary_processed,0.003,-0.0966022672077922,困难样本
B_difficult_B014_2,primary_processed,0.0030833333333333,-0.0982282412337662,困难样本
B_difficult_B014_2,primary_processed,0.0031666666666666,0.0481094211038961,困难样本
B_difficult_B014_2,primary_processed,0.00325,-0.0856269425324675,困难样本
B_difficult_B014_2,primary_processed,0.0033333333333333,-0.0230269425324675,困难样本
B_difficult_B014_2,primary_processed,0.0034166666666666,0.0387600704545454,困难样本
B_difficult_B014_2,primary_processed,0.0035,0.0411990314935065,困难样本
B_difficult_B014_2,primary_processed,0.0035833333333333,0.0290042262987013,困难样本
B_difficult_B014_2,primary_processed,0.0036666666666666,-0.0636762931818181,困难样本
B_difficult_B014_2,primary_processed,0.00375,0.071279550974026,困难样本
B_difficult_B014_2,primary_processed,0.0038333333333333,-0.1063581113636363,困难样本
B_difficult_B014_2,primary_processed,0.0039166666666666,0.0233133172077922,困难样本
B_difficult_B014_2,primary_processed,0.004,0.1172133172077922,困难样本
B_difficult_B014_2,primary_processed,0.0040833333333333,0.0351016288961038,困难样本
B_difficult_B014_2,primary_processed,0.0041666666666666,-0.0205879814935064,困难样本
B_difficult_B014_2,primary_processed,0.00425,0.0082730574675324,困难样本
B_difficult_B014_2,primary_processed,0.0043333333333333,0.0070535769480519,困难样本
B_difficult_B014_2,primary_processed,0.0044166666666666,0.1001405899350649,困难样本
B_difficult_B014_2,primary_processed,0.0045,0.0757509795454545,困难样本
B_difficult_B014_2,primary_processed,0.0045833333333333,-0.0673347347402597,困难样本
B_difficult_B014_2,primary_processed,0.0046666666666666,0.0550198107142857,困难样本
B_difficult_B014_2,primary_processed,0.00475,0.1952600704545454,困难样本
B_difficult_B014_2,primary_processed,0.0048333333333333,-0.266516552922078,困难样本
B_difficult_B014_2,primary_processed,0.0049166666666666,-0.1937542152597403,困难样本
B_difficult_B014_2,primary_processed,0.005,0.0916042262987013,困难样本
B_difficult_B014_2,primary_processed,0.0050833333333333,-0.0079866827922077,困难样本
B_difficult_B014_2,primary_processed,0.0051666666666666,-0.2514762931818182,困难样本
B_difficult_B014_2,primary_processed,0.00525,-0.0222139555194805,困难样本
B_difficult_B014_2,primary_processed,0.0053333333333333,-0.0474165529220779,困难样本
B_difficult_B014_2,primary_processed,0.0054166666666666,-0.0831879814935065,困难样本
B_difficult_B014_2,primary_processed,0.0055,0.0310366938311688,困难样本
B_difficult_B014_2,primary_processed,0.0055833333333333,0.0168094211038961,困难样本
B_difficult_B014_2,primary_processed,0.0056666666666666,0.0639626678571428,困难样本
B_difficult_B014_2,primary_processed,0.00575,-0.1144879814935065,困难样本
B_difficult_B014_2,primary_processed,0.0058333333333333,-0.0246529165584415,困难样本
B_difficult_B014_2,primary_processed,0.0059166666666666,0.0883522782467532,困难样本
B_difficult_B014_2,primary_processed,0.006,-0.118959410064935,困难样本
B_difficult_B014_2,primary_processed,0.0060833333333333,-0.0291243451298701,困难样本
B_difficult_B014_2,primary_processed,0.0061666666666666,0.0513613691558441,困难样本
B_difficult_B014_2,primary_processed,0.00625,-0.1299347347402597,困难样本
B_difficult_B014_2,primary_processed,0.0063333333333333,-0.0364412282467532,困难样本
B_difficult_B014_2,primary_processed,0.0064166666666666,0.1720899405844156,困难样本
B_difficult_B014_2,primary_processed,0.0065,-0.053920449025974,困难样本
B_difficult_B014_2,primary_processed,0.0065833333333333,-0.119772397077922,困难样本
B_difficult_B014_2,primary_processed,0.0066666666666666,0.0395730574675324,困难样本
B_difficult_B014_2,primary_processed,0.00675,0.0619302003246753,困难样本
B_difficult_B014_2,primary_processed,0.0068333333333333,-0.0405061633116883,困难样本
B_difficult_B014_2,primary_processed,0.0069166666666666,-0.0067672022727272,困难样本
B_difficult_B014_2,primary_processed,0.007,0.1724964340909091,困难样本
B_difficult_B014_2,primary_processed,0.0070833333333333,0.199731499025974,困难样本
B_difficult_B014_2,primary_processed,0.0071666666666666,-0.2352165529220779,困难样本
B_difficult_B014_2,primary_processed,0.00725,-0.1067646048701298,困难样本
B_difficult_B014_2,primary_processed,0.0073333333333333,0.2944444860389611,困难样本
B_difficult_B014_2,primary_processed,0.0074166666666666,-0.0486360334415584,困难样本
B_difficult_B014_2,primary_processed,0.0075,-0.2181438256493507,困难样本
B_difficult_B014_2,primary_processed,0.0075833333333333,0.4546029275974026,困难样本
B_difficult_B014_2,primary_processed,0.0076666666666666,-0.0970087607142857,困难样本
B_difficult_B014_2,primary_processed,0.00775,-0.5884594100649351,困难样本
B_difficult_B014_2,primary_processed,0.0078333333333333,0.072905525,困难样本
B_difficult_B014_2,primary_processed,0.0079166666666666,0.1936340964285714,困难样本
B_difficult_B014_2,primary_processed,0.008,-0.2230217477272727,困难样本
B_difficult_B014_2,primary_processed,0.0080833333333333,-0.052294475,困难样本
B_difficult_B014_2,primary_processed,0.0081666666666666,0.2875340964285714,困难样本
B_difficult_B014_2,primary_processed,0.00825,-0.1965996698051948,困难样本
B_difficult_B014_2,primary_processed,0.0083333333333333,-0.3352139555194805,困难样本
B_difficult_B014_2,primary_processed,0.0084166666666666,0.3196470834415585,困难样本
B_difficult_B014_2,primary_processed,0.0085,0.3924094211038962,困难样本
B_difficult_B014_2,primary_processed,0.0085833333333333,-0.054733436038961,困难样本
B_difficult_B014_2,primary_processed,0.0086666666666666,-0.1506659035714286,困难样本
B_difficult_B014_2,primary_processed,0.00875,0.076970460064935,困难样本
B_difficult_B014_2,primary_processed,0.0088333333333333,0.1737159146103896,困难样本
B_difficult_B014_2,primary_processed,0.0089166666666666,-0.0214009685064935,困难样本
B_difficult_B014_2,primary_processed,0.009,0.0086795509740259,困难样本
B_difficult_B014_2,primary_processed,0.0090833333333333,0.0855068237012987,困难样本
B_difficult_B014_2,primary_processed,0.0091666666666666,0.0269717587662337,困难样本
B_difficult_B014_2,primary_processed,0.00925,-0.1441620074675325,困难样本
B_difficult_B014_2,primary_processed,0.0093333333333333,0.0863198107142857,困难样本
B_difficult_B014_2,primary_processed,0.0094166666666666,0.1749353951298701,困难样本
B_difficult_B014_2,primary_processed,0.0095,-0.1754620074675325,困难样本
B_difficult_B014_2,primary_processed,0.0095833333333333,0.0387600704545454,困难样本
B_difficult_B014_2,primary_processed,0.0096666666666666,0.2550146159090909,困难样本
B_difficult_B014_2,primary_processed,0.00975,-0.0299373321428571,困难样本
B_difficult_B014_2,primary_processed,0.0098333333333333,-0.2470048646103896,困难样本
B_difficult_B014_2,primary_processed,0.0099166666666666,0.2582665639610391,困难样本
B_difficult_B014_2,primary_processed,0.01,0.2558276029220779,困难样本
B_difficult_B014_2,primary_processed,0.0100833333333333,-0.2201762931818182,困难样本
B_difficult_B014_2,primary_processed,0.0101666666666666,-0.023433436038961,困难样本
B_difficult_B014_2,primary_processed,0.01025,0.0993276029220779,困难样本
B_difficult_B014_2,primary_processed,0.0103333333333333,-0.0896918775974026,困难样本
B_difficult_B014_2,primary_processed,0.0104166666666666,0.0379470834415584,困难样本
B_difficult_B014_2,primary_processed,0.0105,0.1078639665584415,困难样本
B_difficult_B014_2,primary_processed,0.0105833333333333,-0.1051386308441558,困难样本
B_difficult_B014_2,primary_processed,0.0106666666666666,-0.2608256438311688,困难样本
B_difficult_B014_2,primary_processed,0.01075,-0.1026996698051948,困难样本
B_difficult_B014_2,primary_processed,0.0108333333333333,0.0818483821428571,困难样本
B_difficult_B014_2,primary_processed,0.0109166666666666,-0.0543269425324675,困难样本
B_difficult_B014_2,primary_processed,0.011,-0.0315633061688311,困难样本
B_difficult_B014_2,primary_processed,0.0110833333333333,0.0733120185064935,困难样本
B_difficult_B014_2,primary_processed,0.0111666666666666,-0.0559529165584415,困难样本
B_difficult_B014_2,primary_processed,0.01125,-0.0246529165584415,困难样本
B_difficult_B014_2,primary_processed,0.0113333333333333,-0.0307503191558441,困难样本
B_difficult_B014_2,primary_processed,0.0114166666666666,0.1196522782467532,困难样本
B_difficult_B014_2,primary_processed,0.0115,0.200544486038961,困难样本
B_difficult_B014_2,primary_processed,0.0115833333333333,-0.1535113581168831,困难样本
B_difficult_B014_2,primary_processed,0.0116666666666666,-0.0392866827922078,困难样本
B_difficult_B014_2,primary_processed,0.01175,-0.1161139555194805,困难样本
B_difficult_B014_2,primary_processed,0.0118333333333333,-0.1441620074675325,困难样本
B_difficult_B014_2,primary_processed,0.0119166666666666,0.1001405899350649,困难样本
B_difficult_B014_2,primary_processed,0.012,0.1001405899350649,困难样本
B_difficult_B014_2,primary_processed,0.0120833333333333,-0.1258697996753247,困难样本
B_difficult_B014_2,primary_processed,0.0121666666666666,-0.1758685009740259,困难样本
B_difficult_B014_2,primary_processed,0.01225,-0.1047321373376623,困难样本
B_difficult_B014_2,primary_processed,0.0123333333333333,-0.1982256438311688,困难样本
B_difficult_B014_2,primary_processed,0.0124166666666666,0.5798029275974027,困难样本
B_difficult_B014_2,primary_processed,0.0125,-0.3413113581168832,困难样本
B_difficult_B014_2,primary_processed,0.0125833333333333,-0.3356204490259741,困难样本
B_difficult_B014_2,primary_processed,0.0126666666666666,0.3688327977272727,困难样本
B_difficult_B014_2,primary_processed,0.01275,-0.2234282412337662,困难样本
B_difficult_B014_2,primary_processed,0.0128333333333333,-0.0900983711038961,困难样本
B_difficult_B014_2,primary_processed,0.0129166666666666,-0.0718061633116883,困难样本
B_difficult_B014_2,primary_processed,0.013,0.3781821483766234,困难样本
B_difficult_B014_2,primary_processed,0.0130833333333333,-0.1819659035714286,困难样本
B_difficult_B014_2,primary_processed,0.0131666666666666,-0.4433412282467532,困难样本
B_difficult_B014_2,primary_processed,0.01325,0.5172029275974026,困难样本
B_difficult_B014_2,primary_processed,0.0133333333333333,-0.2783048646103896,困难样本
B_difficult_B014_2,primary_processed,0.0134166666666666,-0.1043256438311688,困难样本
B_difficult_B014_2,primary_processed,0.0135,0.3948483821428572,困难样本
B_difficult_B014_2,primary_processed,0.0135833333333333,-0.0144905788961038,困难样本
B_difficult_B014_2,primary_processed,0.0136666666666666,-0.5449646048701299,困难样本
B_difficult_B014_2,primary_processed,0.01375,0.1298146159090909,困难样本
B_difficult_B014_2,primary_processed,0.0138333333333333,0.3968808496753246,困难样本
B_difficult_B014_2,primary_processed,0.0139166666666666,-0.2283061633116883,困难样本
B_difficult_B014_2,primary_processed,0.014,0.3054198107142858,困难样本
B_difficult_B014_2,primary_processed,0.0140833333333333,-0.1466009685064935,困难样本
B_difficult_B014_2,primary_processed,0.0141666666666666,0.078596434090909,困难样本
B_difficult_B014_2,primary_processed,0.01425,-0.0108321373376623,困难样本
B_difficult_B014_2,primary_processed,0.0143333333333333,-0.0087996698051948,困难样本
B_difficult_B014_2,primary_processed,0.0144166666666666,0.4062302003246754,困难样本
B_difficult_B014_2,primary_processed,0.0145,-0.3091983711038961,困难样本
B_difficult_B014_2,primary_processed,0.0145833333333333,-0.1059516178571428,困难样本
B_difficult_B014_2,primary_processed,0.0146666666666666,-0.0238399295454545,困难样本
B_difficult_B014_2,primary_processed,0.01475,0.1314405899350649,困难样本
B_difficult_B014_2,primary_processed,0.0148333333333333,-0.1953801892857143,困难样本
B_difficult_B014_2,primary_processed,0.0149166666666666,0.0680276029220779,困难样本
B_difficult_B014_2,primary_processed,0.015,0.2867211094155845,困难样本
B_difficult_B014_2,primary_processed,0.0150833333333333,-0.1514788905844156,困难样本
B_difficult_B014_2,primary_processed,0.0151666666666666,0.0322561743506493,困难样本
B_difficult_B014_2,primary_processed,0.01525,0.0460769535714285,困难样本
B_difficult_B014_2,primary_processed,0.0153333333333333,0.2355029275974026,困难样本
B_difficult_B014_2,primary_processed,0.0154166666666666,-0.1100165529220779,困难样本
B_difficult_B014_2,primary_processed,0.0155,0.1212782522727272,困难样本
B_difficult_B014_2,primary_processed,0.0155833333333333,0.0550198107142857,困难样本
B_difficult_B014_2,primary_processed,0.0156666666666666,-0.2774918775974025,困难样本
B_difficult_B014_2,primary_processed,0.01575,0.1761548756493506,困难样本
B_difficult_B014_2,primary_processed,0.0158333333333333,0.1578626678571428,困难样本
B_difficult_B014_2,primary_processed,0.0159166666666666,0.1749353951298701,困难样本
B_difficult_B014_2,primary_processed,0.016,-0.2551347347402597,困难样本
B_difficult_B014_2,primary_processed,0.0160833333333333,0.1867237068181818,困难样本
B_difficult_B014_2,primary_processed,0.0161666666666666,-0.0429451243506493,困难样本
B_difficult_B014_2,primary_processed,0.01625,-0.1380646048701299,困难样本
B_difficult_B014_2,primary_processed,0.0163333333333333,0.3013548756493507,困难样本
B_difficult_B014_2,primary_processed,0.0164166666666666,-0.240094475,困难样本
B_difficult_B014_2,primary_processed,0.0165,-0.0153035659090909,困难样本
B_difficult_B014_2,primary_processed,0.0165833333333333,0.0363211094155844,困难样本
B_difficult_B014_2,primary_processed,0.0166666666666666,-0.0043282412337662,困难样本
B_difficult_B014_2,primary_processed,0.01675,-0.209607462012987,困难样本
B_difficult_B014_2,primary_processed,0.0168333333333333,0.1558302003246753,困难样本
B_difficult_B014_2,primary_processed,0.0169166666666666,0.1151808496753246,困难样本
B_difficult_B014_2,primary_processed,0.017,-0.1738360334415584,困难样本
B_difficult_B014_2,primary_processed,0.0170833333333333,0.2416003301948052,困难样本
B_difficult_B014_2,primary_processed,0.0171666666666666,-0.2884672022727272,困难样本
B_difficult_B014_2,primary_processed,0.01725,-0.0685542152597402,困难样本
B_difficult_B014_2,primary_processed,0.0173333333333333,-0.0067672022727272,困难样本
B_difficult_B014_2,primary_processed,0.0174166666666666,0.0176224081168831,困难样本
B_difficult_B014_2,primary_processed,0.0175,-0.0953827866883117,困难样本
B_difficult_B014_2,primary_processed,0.0175833333333333,-0.1787139555194805,困难样本
B_difficult_B014_2,primary_processed,0.0176666666666666,0.0570522782467532,困难样本
B_difficult_B014_2,primary_processed,0.01775,-0.1876568126623377,困难样本
B_difficult_B014_2,primary_processed,0.0178333333333333,0.1733094211038961,困难样本
B_difficult_B014_2,primary_processed,0.0179166666666666,0.0355081224025974,困难样本
B_difficult_B014_2,primary_processed,0.018,-0.0006697996753246,困难样本
B_difficult_B014_2,primary_processed,0.0180833333333333,-0.0803425269480519,困难样本
B_difficult_B014_2,primary_processed,0.0181666666666666,-0.0010762931818181,困难样本
B_difficult_B014_2,primary_processed,0.01825,0.1830652652597402,困难样本
B_difficult_B014_2,primary_processed,0.0183333333333333,0.0021756548701298,困难样本
B_difficult_B014_2,primary_processed,0.0184166666666666,-0.0153035659090909,困难样本
B_difficult_B014_2,primary_processed,0.0185,-0.087659410064935,困难样本
B_difficult_B014_2,primary_processed,0.0185833333333333,0.1281886418831169,困难样本
B_difficult_B014_2,primary_processed,0.0186666666666666,-0.1970061633116883,困难样本
B_difficult_B014_2,primary_processed,0.01875,-0.0124581113636363,困难样本
B_difficult_B014_2,primary_processed,0.0188333333333333,0.1798133172077922,困难样本
B_difficult_B014_2,primary_processed,0.0189166666666666,-0.1722100594155844,困难样本
B_difficult_B014_2,primary_processed,0.019,-0.0173360334415584,困难样本
B_difficult_B014_2,primary_processed,0.0190833333333333,-0.1620477217532467,困难样本
B_difficult_B014_2,primary_processed,0.0191666666666666,-0.086033436038961,困难样本
B_difficult_B014_2,primary_processed,0.01925,-0.1799334360389611,困难样本
B_difficult_B014_2,primary_processed,0.0193333333333333,0.0814418886363636,困难样本
B_difficult_B014_2,primary_processed,0.0194166666666666,-0.0315633061688311,困难样本
B_difficult_B014_2,primary_processed,0.0195,-0.2234282412337662,困难样本
B_difficult_B014_2,primary_processed,0.0195833333333333,0.0379470834415584,困难样本
B_difficult_B014_2,primary_processed,0.0196666666666666,-0.0120516178571428,困难样本
B_difficult_B014_2,primary_processed,0.01975,0.2208691613636363,困难样本
B_difficult_B014_2,primary_processed,0.0198333333333333,0.010305525,困难样本
B_difficult_B014_2,primary_processed,0.0199166666666666,0.072905525,困难样本
B_difficult_B014_2,primary_processed,0.02,0.0696535769480519,困难样本
B_difficult_B014_2,primary_processed,0.0200833333333333,-0.057172397077922,困难样本
B_difficult_B014_2,primary_processed,0.0201666666666666,0.0294107198051948,困难样本
B_difficult_B014_2,primary_processed,0.02025,-0.021807462012987,困难样本
B_difficult_B014_2,primary_processed,0.0203333333333333,0.1046120185064935,困难样本
B_difficult_B014_2,primary_processed,0.0204166666666666,-0.0449775918831168,困难样本
B_difficult_B014_2,primary_processed,0.0205,0.1196522782467532,困难样本
B_difficult_B014_2,primary_processed,0.0205833333333333,-0.0177425269480519,困难样本
B_difficult_B014_2,primary_processed,0.0206666666666666,0.1013600704545454,困难样本
B_difficult_B014_2,primary_processed,0.02075,0.135505525,困难样本
B_difficult_B014_2,primary_processed,0.0208333333333333,-0.1372516178571429,困难样本
B_difficult_B014_2,primary_processed,0.0209166666666666,0.2476977327922078,困难样本
B_difficult_B014_2,primary_processed,0.021,0.0489224081168831,困难样本
B_difficult_B014_2,primary_processed,0.0210833333333333,-0.1632672022727273,困难样本
B_difficult_B014_2,primary_processed,0.0211666666666666,0.1037990314935065,困难样本
B_difficult_B014_2,primary_processed,0.02125,0.2550146159090909,困难样本
B_difficult_B014_2,primary_processed,0.0213333333333333,-0.1726165529220779,困难样本
B_difficult_B014_2,primary_processed,0.0214166666666666,-0.1303412282467532,困难样本
B_difficult_B014_2,primary_processed,0.0215,0.2046094211038961,困难样本
B_difficult_B014_2,primary_processed,0.0215833333333333,-0.0815620074675324,困难样本
B_difficult_B014_2,primary_processed,0.0216666666666666,-0.1466009685064935,困难样本
B_difficult_B014_2,primary_processed,0.02175,0.0318496808441558,困难样本
B_difficult_B014_2,primary_processed,0.0218333333333333,0.1708704600649351,困难样本
B_difficult_B014_2,primary_processed,0.0219166666666666,-0.1380646048701299,困难样本
B_difficult_B014_2,primary_processed,0.022,-0.2880607087662338,困难样本
B_difficult_B014_2,primary_processed,0.0220833333333333,0.3863120185064935,困难样本
B_difficult_B014_2,primary_processed,0.0221666666666666,0.0237198107142857,困难样本
B_difficult_B014_2,primary_processed,0.02225,-0.2522892801948052,困难样本
B_difficult_B014_2,primary_processed,0.0223333333333333,-0.0043282412337662,困难样本
B_difficult_B014_2,primary_processed,0.0224166666666666,0.3037938366883117,困难样本
B_difficult_B014_2,primary_processed,0.0225,0.0635561743506493,困难样本
B_difficult_B014_2,primary_processed,0.0225833333333333,-0.0063607087662337,困难样本
B_difficult_B014_2,primary_processed,0.0226666666666666,0.2322509795454545,困难样本
B_difficult_B014_2,primary_processed,0.02275,-0.0648957737012987,困难样本
B_difficult_B014_2,primary_processed,0.0228333333333333,-0.0120516178571428,困难样本
B_difficult_B014_2,primary_processed,0.0229166666666666,0.0830678626623376,困难样本
B_difficult_B014_2,primary_processed,0.023,0.0460769535714285,困难样本
B_difficult_B014_2,primary_processed,0.0230833333333333,-0.0811555139610389,困难样本
B_difficult_B014_2,primary_processed,0.0231666666666666,-0.1283087607142857,困难样本
B_difficult_B014_2,primary_processed,0.02325,0.0741250055194805,困难样本
B_difficult_B014_2,primary_processed,0.0233333333333333,0.1224977327922078,困难样本
B_difficult_B014_2,primary_processed,0.0234166666666666,-0.0677412282467532,困难样本
B_difficult_B014_2,primary_processed,0.0235,-0.0762775918831168,困难样本
B_difficult_B014_2,primary_processed,0.0235833333333333,0.2802172133116883,困难样本
B_difficult_B014_2,primary_processed,0.0236666666666666,0.0017691613636363,困难样本
B_difficult_B014_2,primary_processed,0.02375,-0.1982256438311688,困难样本
B_difficult_B014_2,primary_processed,0.0238333333333333,0.140383447077922,困难样本
B_difficult_B014_2,primary_processed,0.0239166666666666,-0.1339996698051948,困难样本
B_difficult_B014_2,primary_processed,0.024,-0.1896892801948052,困难样本
B_difficult_B014_2,primary_processed,0.0240833333333333,-0.0392866827922078,困难样本
B_difficult_B014_2,primary_processed,0.0241666666666666,-0.1636736957792208,困难样本
B_difficult_B014_2,primary_processed,0.02425,-0.1226178516233766,困难样本
B_difficult_B014_2,primary_processed,0.0243333333333333,-0.1108295399350649,困难样本
B_difficult_B014_2,primary_processed,0.0244166666666666,-0.1213983711038961,困难样本
B_difficult_B014_2,primary_processed,0.0245,0.1123353951298701,困难样本
B_difficult_B014_2,primary_processed,0.0245833333333333,0.0164029275974026,困难样本
B_difficult_B014_2,primary_processed,0.0246666666666666,-0.2868412282467533,困难样本
B_difficult_B014_2,primary_processed,0.02475,0.0603042262987013,困难样本
B_difficult_B014_2,primary_processed,0.0248333333333333,0.2159912392857143,困难样本
B_difficult_B014_2,primary_processed,0.0249166666666666,-0.1990386308441558,困难样本
B_difficult_B014_2,primary_processed,0.025,-0.0632697996753246,困难样本
B_difficult_B014_2,primary_processed,0.0250833333333333,0.2147717587662337,困难样本
B_difficult_B014_2,primary_processed,0.0251666666666666,-0.0506685009740259,困难样本
B_difficult_B014_2,primary_processed,0.02525,-0.0913178516233766,困难样本
B_difficult_B014_2,primary_processed,0.0253333333333333,0.2485107198051948,困难样本
B_difficult_B014_2,primary_processed,0.0254166666666666,0.0107120185064935,困难样本
B_difficult_B014_2,primary_processed,0.0255,-0.023433436038961,困难样本
B_difficult_B014_2,primary_processed,0.0255833333333333,0.0460769535714285,困难样本
B_difficult_B014_2,primary_processed,0.0256666666666666,-0.0608308386363636,困难样本
B_difficult_B014_2,primary_processed,0.02575,-0.022620449025974,困难样本
B_difficult_B014_2,primary_processed,0.0258333333333333,-0.1896892801948052,困难样本
B_difficult_B014_2,primary_processed,0.0259166666666666,-0.0461970724025974,困难样本
B_difficult_B014_2,primary_processed,0.026,0.105018512012987,困难样本
B_difficult_B014_2,primary_processed,0.0260833333333333,-0.1096100594155844,困难样本
B_difficult_B014_2,primary_processed,0.0261666666666666,0.1103029275974026,困难样本
B_difficult_B014_2,primary_processed,0.02625,-0.3274905788961039,困难样本
B_difficult_B014_2,primary_processed,0.0263333333333333,-0.0632697996753246,困难样本
B_difficult_B014_2,primary_processed,0.0264166666666666,0.2424133172077922,困难样本
B_difficult_B014_2,primary_processed,0.0265,0.1806263042207792,困难样本
B_difficult_B014_2,primary_processed,0.0265833333333333,-0.1872503191558442,困难样本
B_difficult_B014_2,primary_processed,0.0266666666666666,-0.0006697996753246,困难样本
B_difficult_B014_2,primary_processed,0.02675,0.381840589935065,困难样本
B_difficult_B014_2,primary_processed,0.0268333333333333,-0.3567581113636363,困难样本
B_difficult_B014_2,primary_processed,0.0269166666666666,-0.2807438256493506,困难样本
B_difficult_B014_2,primary_processed,0.027,0.3436302003246754,困难样本
B_difficult_B014_2,primary_processed,0.0270833333333333,0.1525782522727272,困难样本
B_difficult_B014_2,primary_processed,0.0271666666666666,-0.0783100594155844,困难样本
B_difficult_B014_2,primary_processed,0.02725,0.046483447077922,困难样本
B_difficult_B014_2,primary_processed,0.0273333333333333,-0.0514814879870129,困难样本
B_difficult_B014_2,primary_processed,0.0274166666666666,-0.2287126568181818,困难样本
B_difficult_B014_2,primary_processed,0.0275,0.2802172133116883,困难样本
B_difficult_B014_2,primary_processed,0.0275833333333333,0.3253379925324676,困难样本
B_difficult_B014_2,primary_processed,0.0276666666666666,-0.1502594100649351,困难样本
B_difficult_B014_2,primary_processed,0.02775,0.0318496808441558,困难样本
B_difficult_B014_2,primary_processed,0.0278333333333333,0.1546107198051948,困难样本
B_difficult_B014_2,primary_processed,0.0279166666666666,0.0956691613636363,困难样本
B_difficult_B014_2,primary_processed,0.028,0.071279550974026,困难样本
B_difficult_B014_2,primary_processed,0.0280833333333333,0.0643691613636363,困难样本
B_difficult_B014_2,primary_processed,0.0281666666666666,0.1200587717532467,困难样本
B_difficult_B014_2,primary_processed,0.02825,0.0643691613636363,困难样本
B_difficult_B014_2,primary_processed,0.0283333333333333,-0.087659410064935,困难样本
B_difficult_B014_2,primary_processed,0.0284166666666666,0.1310340964285714,困难样本
B_difficult_B014_2,primary_processed,0.0285,0.105831499025974,困难样本
B_difficult_B014_2,primary_processed,0.0285833333333333,-0.2949710983766234,困难样本
B_difficult_B014_2,primary_processed,0.0286666666666666,0.0302237068181818,困难样本
B_difficult_B014_2,primary_processed,0.02875,0.197292537987013,困难样本
B_difficult_B014_2,primary_processed,0.0288333333333333,-0.1449749944805195,困难样本
B_difficult_B014_2,primary_processed,0.0289166666666666,-0.1551373321428571,困难样本
B_difficult_B014_2,primary_processed,0.029,0.195666563961039,困难样本
B_difficult_B014_2,primary_processed,0.0290833333333333,0.0521743561688311,困难样本
B_difficult_B014_2,primary_processed,0.0291666666666666,-0.0348152542207792,困难样本
B_difficult_B014_2,primary_processed,0.02925,-0.0888788905844155,困难样本
B_difficult_B014_2,primary_processed,0.0293333333333333,-0.0949762931818181,困难样本
B_difficult_B014_2,primary_processed,0.0294166666666666,0.1505457847402597,困难样本
B_difficult_B014_2,primary_processed,0.0295,0.0826613691558441,困难样本
B_difficult_B014_2,primary_processed,0.0295833333333333,0.0375405899350649,困难样本
B_difficult_B014_2,primary_processed,0.0296666666666666,-0.1709905788961039,困难样本
B_difficult_B014_2,primary_processed,0.02975,-0.0713996698051948,困难样本
B_difficult_B014_2,primary_processed,0.0298333333333333,0.1196522782467532,困难样本
B_difficult_B014_2,primary_processed,0.0299166666666666,-0.0201814879870129,困难样本
B_difficult_B014_2,primary_processed,0.03,0.1013600704545454,困难样本
B_difficult_B014_2,primary_processed,0.0300833333333333,-0.0165230464285714,困难样本
B_difficult_B014_2,primary_processed,0.0301666666666666,-0.1372516178571429,困难样本
B_difficult_B014_2,primary_processed,0.03025,0.0281912392857142,困难样本
B_difficult_B014_2,primary_processed,0.0303333333333333,-0.0587983711038961,困难样本
B_difficult_B014_2,primary_processed,0.0304166666666666,-0.0193685009740259,困难样本
B_difficult_B014_2,primary_processed,0.0305,-0.0006697996753246,困难样本
B_difficult_B014_2,primary_processed,0.0305833333333333,0.041605525,困难样本
B_difficult_B014_2,primary_processed,0.0306666666666666,0.0676211094155844,困难样本
B_difficult_B014_2,primary_processed,0.03075,-0.0287178516233766,困难样本
B_difficult_B014_2,primary_processed,0.0308333333333333,-0.2490373321428571,困难样本
B_difficult_B014_2,primary_processed,0.0309166666666666,0.014370460064935,困难样本
B_difficult_B014_2,primary_processed,0.031,0.1001405899350649,困难样本
B_difficult_B014_2,primary_processed,0.0310833333333333,0.0180289016233766,困难样本
B_difficult_B014_2,primary_processed,0.0311666666666666,0.0391665639610389,困难样本
B_difficult_B014_2,primary_processed,0.03125,-0.2848087607142857,困难样本
B_difficult_B014_2,primary_processed,0.0313333333333333,-0.1726165529220779,困难样本
B_difficult_B014_2,primary_processed,0.0314166666666666,0.0903847457792208,困难样本
B_difficult_B014_2,primary_processed,0.0315,-0.1266827866883117,困难样本
B_difficult_B014_2,primary_processed,0.0315833333333333,-0.085220449025974,困难样本
B_difficult_B014_2,primary_processed,0.0316666666666666,0.0981081224025974,困难样本
B_difficult_B014_2,primary_processed,0.03175,-0.1514788905844156,困难样本
B_difficult_B014_2,primary_processed,0.0318333333333333,-0.022620449025974,困难样本
B_difficult_B014_2,primary_processed,0.0319166666666666,0.0842873431818182,困难样本
B_difficult_B014_2,primary_processed,0.032,-0.0222139555194805,困难样本
B_difficult_B014_2,primary_processed,0.0320833333333333,0.0684340964285714,困难样本
B_difficult_B014_2,primary_processed,0.0321666666666666,0.045670460064935,困难样本
B_difficult_B014_2,primary_processed,0.03225,0.0098990314935064,困难样本
B_difficult_B014_2,primary_processed,0.0323333333333333,-0.0173360334415584,困难样本
B_difficult_B014_2,primary_processed,0.0324166666666666,-0.0372542152597402,困难样本
B_difficult_B014_2,primary_processed,0.0325,0.0895717587662337,困难样本
B_difficult_B014_2,primary_processed,0.0325833333333333,0.1310340964285714,困难样本
B_difficult_B014_2,primary_processed,0.0326666666666666,-0.0982282412337662,困难样本
B_difficult_B014_2,primary_processed,0.03275,-0.1116425269480519,困难样本
B_difficult_B014_2,primary_processed,0.0328333333333333,0.0981081224025974,困难样本
B_difficult_B014_2,primary_processed,0.0329166666666666,-0.0575788905844155,困难样本
B_difficult_B014_2,primary_processed,0.033,0.0623366938311688,困难样本
B_difficult_B014_2,primary_processed,0.0330833333333333,0.1424159146103896,困难样本
B_difficult_B014_2,primary_processed,0.0331666666666666,-0.1270892801948052,困难样本
B_difficult_B014_2,primary_processed,0.03325,-0.0579853840909091,困难样本
B_difficult_B014_2,primary_processed,0.0333333333333333,0.1318470834415584,困难样本
B_difficult_B014_2,primary_processed,0.0334166666666666,0.1688379925324675,困难样本
B_difficult_B014_2,primary_processed,0.0335,-0.1010736957792207,困难样本
B_difficult_B014_2,primary_processed,0.0335833333333333,-0.1059516178571428,困难样本
B_difficult_B014_2,primary_processed,0.0336666666666666,-0.0457905788961039,困难样本
B_difficult_B014_2,primary_processed,0.03375,-0.0348152542207792,困难样本
B_difficult_B014_2,primary_processed,0.0338333333333333,-0.0421321373376623,困难样本
B_difficult_B014_2,primary_processed,0.0339166666666666,-0.0043282412337662,困难样本
B_difficult_B014_2,primary_processed,0.034,0.0493289016233766,困难样本
B_difficult_B014_2,primary_processed,0.0340833333333333,-0.0502620074675324,困难样本
B_difficult_B014_2,primary_processed,0.0341666666666666,-0.025059410064935,困难样本
B_difficult_B014_2,primary_processed,0.03425,-0.0405061633116883,困难样本
B_difficult_B014_2,primary_processed,0.0343333333333333,-0.0047347347402597,困难样本
B_difficult_B014_2,primary_processed,0.0344166666666666,0.1477003301948052,困难样本
B_difficult_B014_2,primary_processed,0.0345,0.2261535769480519,困难样本
B_difficult_B014_2,primary_processed,0.0345833333333333,0.0046146159090909,困难样本
B_difficult_B014_2,primary_processed,0.0346666666666666,0.011931499025974,困难样本
B_difficult_B014_2,primary_processed,0.03475,0.1306276029220779,困难样本
B_difficult_B014_2,primary_processed,0.0348333333333333,0.0208743561688311,困难样本
B_difficult_B014_2,primary_processed,0.0349166666666666,0.2094873431818182,困难样本
B_difficult_B014_2,primary_processed,0.035,0.2009509795454545,困难样本
B_difficult_B014_2,primary_processed,0.0350833333333333,-0.1100165529220779,困难样本
B_difficult_B014_2,primary_processed,0.0351666666666666,-0.0400996698051948,困难样本
B_difficult_B014_2,primary_processed,0.03525,0.1720899405844156,困难样本
B_difficult_B014_2,primary_processed,0.0353333333333333,-0.0957892801948052,困难样本
B_difficult_B014_2,primary_processed,0.0354166666666666,0.015996434090909,困难样本
B_difficult_B014_2,primary_processed,0.0355,0.1932276029220779,困难样本
B_difficult_B014_2,primary_processed,0.0355833333333333,-0.2059490204545455,困难样本
B_difficult_B014_2,primary_processed,0.0356666666666666,-0.1498529165584415,困难样本
B_difficult_B014_2,primary_processed,0.03575,0.1285951353896104,困难样本
B_difficult_B014_2,primary_processed,0.0358333333333333,0.0021756548701298,困难样本
B_difficult_B014_2,primary_processed,0.0359166666666666,-0.2222087607142857,困难样本
B_difficult_B014_2,primary_processed,0.036,-0.0238399295454545,困难样本
B_difficult_B014_2,primary_processed,0.0360833333333333,0.1855042262987013,困难样本
B_difficult_B014_2,primary_processed,0.0361666666666666,-0.0949762931818181,困难样本
B_difficult_B014_2,primary_processed,0.03625,-0.0701801892857142,困难样本
B_difficult_B014_2,primary_processed,0.0363333333333333,-0.0888788905844155,困难样本
B_difficult_B014_2,primary_processed,0.0364166666666666,-0.0116451243506493,困难样本
B_difficult_B014_2,primary_processed,0.0365,0.0094925379870129,困难样本
B_difficult_B014_2,primary_processed,0.0365833333333333,-0.1839983711038961,困难样本
B_difficult_B014_2,primary_processed,0.0366666666666666,-0.0360347347402597,困难样本
B_difficult_B014_2,primary_processed,0.03675,0.0180289016233766,困难样本
B_difficult_B014_2,primary_processed,0.0368333333333333,-0.0352217477272727,困难样本
B_difficult_B014_2,primary_processed,0.0369166666666666,0.0659951353896104,困难样本
B_difficult_B014_2,primary_processed,0.037,0.0574587717532467,困难样本
B_difficult_B014_2,primary_processed,0.0370833333333333,-0.1807464230519481,困难样本
B_difficult_B014_2,primary_processed,0.0371666666666666,0.0281912392857142,困难样本
B_difficult_B014_2,primary_processed,0.03725,0.2237146159090909,困难样本
B_difficult_B014_2,primary_processed,0.0373333333333333,-0.0193685009740259,困难样本
B_difficult_B014_2,primary_processed,0.0374166666666666,0.0290042262987013,困难样本
B_difficult_B014_2,primary_processed,0.0375,0.1696509795454545,困难样本
B_difficult_B014_2,primary_processed,0.0375833333333333,-0.0413191503246753,困难样本
B_difficult_B014_2,primary_processed,0.0376666666666666,-0.1348126568181818,困难样本
B_difficult_B014_2,primary_processed,0.03775,0.1241237068181818,困难样本
B_difficult_B014_2,primary_processed,0.0378333333333333,0.0330691613636363,困难样本
B_difficult_B014_2,primary_processed,0.0379166666666666,-0.1246503191558441,困难样本
B_difficult_B014_2,primary_processed,0.038,0.044857473051948,困难样本
B_difficult_B014_2,primary_processed,0.0380833333333333,0.0302237068181818,困难样本
B_difficult_B014_2,primary_processed,0.0381666666666666,-0.0779035659090909,困难样本
B_difficult_B014_2,primary_processed,0.03825,-0.0112386308441558,困难样本
B_difficult_B014_2,primary_processed,0.0383333333333333,-0.1331866827922078,困难样本
B_difficult_B014_2,primary_processed,0.0384166666666666,0.1330665639610389,困难样本
B_difficult_B014_2,primary_processed,0.0385,-0.1449749944805195,困难样本
B_difficult_B014_2,primary_processed,0.0385833333333333,-0.176681487987013,困难样本
B_difficult_B014_2,primary_processed,0.0386666666666666,-0.0994477217532467,困难样本
B_difficult_B014_2,primary_processed,0.03875,-0.0840009685064935,困难样本
B_difficult_B014_2,primary_processed,0.0388333333333333,0.0887587717532467,困难样本
B_difficult_B014_2,primary_processed,0.0389166666666666,-0.300255513961039,困难样本
B_difficult_B014_2,primary_processed,0.039,0.0594912392857142,困难样本
B_difficult_B014_2,primary_processed,0.0390833333333333,-0.0628633061688311,困难样本
B_difficult_B014_2,primary_processed,0.0391666666666666,-0.1852178516233766,困难样本
B_difficult_B014_2,primary_processed,0.03925,0.2289990314935065,困难样本
B_difficult_B014_2,primary_processed,0.0393333333333333,-0.0575788905844155,困难样本
B_difficult_B014_2,primary_processed,0.0394166666666666,-0.0685542152597402,困难样本
B_difficult_B014_2,primary_processed,0.0395,0.0164029275974026,困难样本
B_difficult_B014_2,primary_processed,0.0395833333333333,0.0021756548701298,困难样本
B_difficult_B014_2,primary_processed,0.0396666666666666,0.1639600704545454,困难样本
B_difficult_B014_2,primary_processed,0.03975,0.0338821483766233,困难样本
B_difficult_B014_2,primary_processed,0.0398333333333333,-0.0035152542207792,困难样本
B_difficult_B014_2,primary_processed,0.0399166666666666,0.1513587717532467,困难样本
B_difficult_B014_2,primary_processed,0.04,0.1265626678571428,困难样本
B_difficult_B014_2,primary_processed,0.0400833333333333,-0.1563568126623376,困难样本
B_difficult_B014_2,primary_processed,0.0401666666666666,0.1497327977272727,困难样本
B_difficult_B014_2,primary_processed,0.04025,0.0375405899350649,困难样本
B_difficult_B014_2,primary_processed,0.0403333333333333,0.0968886418831169,困难样本
B_difficult_B014_2,primary_processed,0.0404166666666666,0.1716834470779221,困难样本
B_difficult_B014_2,primary_processed,0.0405,-0.1709905788961039,困难样本
B_difficult_B014_2,primary_processed,0.0405833333333333,-0.0148970724025974,困难样本
B_difficult_B014_2,primary_processed,0.0406666666666666,0.0773769535714285,困难样本
B_difficult_B014_2,primary_processed,0.04075,0.1139613691558441,困难样本
B_difficult_B014_2,primary_processed,0.0408333333333333,0.103392537987013,困难样本
B_difficult_B014_2,primary_processed,0.0409166666666666,-0.1124555139610389,困难样本
B_difficult_B014_2,primary_processed,0.041,-0.0921308386363636,困难样本
B_difficult_B014_2,primary_processed,0.0410833333333333,0.0903847457792208,困难样本
B_difficult_B014_2,primary_processed,0.0411666666666666,-0.1161139555194805,困难样本
B_difficult_B014_2,primary_processed,0.04125,-0.1063581113636363,困难样本
B_difficult_B014_2,primary_processed,0.0413333333333333,0.0334756548701298,困难样本
B_difficult_B014_2,primary_processed,0.0414166666666666,-0.1356256438311688,困难样本
B_difficult_B014_2,primary_processed,0.0415,-0.0388801892857142,困难样本
B_difficult_B014_2,primary_processed,0.0415833333333333,0.0562392912337662,困难样本
B_difficult_B014_2,primary_processed,0.0416666666666666,-0.0014827866883116,困难样本
B_difficult_B014_2,primary_processed,0.04175,0.0330691613636363,困难样本
B_difficult_B014_2,primary_processed,0.0418333333333333,0.1013600704545454,困难样本
B_difficult_B014_2,primary_processed,0.0419166666666666,0.1302211094155844,困难样本
B_difficult_B014_2,primary_processed,0.042,-0.1055451243506493,困难样本
B_difficult_B014_2,primary_processed,0.0420833333333333,0.0485159146103896,困难样本
B_difficult_B014_2,primary_processed,0.0421666666666666,0.1107094211038961,困难样本
B_difficult_B014_2,primary_processed,0.04225,-0.053920449025974,困难样本
B_difficult_B014_2,primary_processed,0.0423333333333333,0.0867263042207792,困难样本
B_difficult_B014_2,primary_processed,0.0424166666666666,-0.0112386308441558,困难样本
B_difficult_B014_2,primary_processed,0.0425,-0.0035152542207792,困难样本
B_difficult_B014_2,primary_processed,0.0425833333333333,-0.085220449025974,困难样本
B_difficult_B014_2,primary_processed,0.0426666666666666,0.166805525,困难样本
B_difficult_B014_2,primary_processed,0.04275,0.2411938366883117,困难样本
B_difficult_B014_2,primary_processed,0.0428333333333333,-0.0722126568181818,困难样本
B_difficult_B014_2,primary_processed,0.0429166666666666,-0.052294475,困难样本
B_difficult_B014_2,primary_processed,0.043,0.2391613691558441,困难样本
B_difficult_B014_2,primary_processed,0.0430833333333333,0.0501418886363636,困难样本
B_difficult_B014_2,primary_processed,0.0431666666666666,-0.0153035659090909,困难样本
B_difficult_B014_2,primary_processed,0.04325,0.0688405899350649,困难样本
B_difficult_B014_2,primary_processed,0.0433333333333333,-0.2482243451298701,困难样本
B_difficult_B014_2,primary_processed,0.0434166666666666,-0.1079840853896103,困难样本
B_difficult_B014_2,primary_processed,0.0435,0.0351016288961038,困难样本
B_difficult_B014_2,primary_processed,0.0435833333333333,-0.208794475,困难样本
B_difficult_B014_2,primary_processed,0.0436666666666666,-0.2209892801948052,困难样本
B_difficult_B014_2,primary_processed,0.04375,-0.0425386308441558,困难样本
B_difficult_B014_2,primary_processed,0.0438333333333333,-0.0120516178571428,困难样本
B_difficult_B014_2,primary_processed,0.0439166666666666,-0.1242438256493506,困难样本
B_difficult_B014_2,primary_processed,0.044,-0.0429451243506493,困难样本
B_difficult_B014_2,primary_processed,0.0440833333333333,-0.0096126568181818,困难样本
B_difficult_B014_2,primary_processed,0.0441666666666666,-0.0287178516233766,困难样本
B_difficult_B014_2,primary_processed,0.04425,0.0090860444805194,困难样本
B_difficult_B014_2,primary_processed,0.0443333333333333,-0.0506685009740259,困难样本
B_difficult_B014_2,primary_processed,0.0444166666666666,-0.0433516178571428,困难样本
B_difficult_B014_2,primary_processed,0.0445,0.0208743561688311,困难样本
B_difficult_B014_2,primary_processed,0.0445833333333333,-0.0494490204545454,困难样本
B_difficult_B014_2,primary_processed,0.0446666666666666,0.1932276029220779,困难样本
B_difficult_B014_2,primary_processed,0.04475,-0.0665217477272727,困难样本
B_difficult_B014_2,primary_processed,0.0448333333333333,-0.1872503191558442,困难样本
B_difficult_B014_2,primary_processed,0.0449166666666666,0.1017665639610389,困难样本
B_difficult_B014_2,primary_processed,0.045,0.011931499025974,困难样本
B_difficult_B014_2,primary_processed,0.0450833333333333,-0.0067672022727272,困难样本
B_difficult_B014_2,primary_processed,0.0451666666666666,0.1777808496753246,困难样本
B_difficult_B014_2,primary_processed,0.04525,-0.4791126568181818,困难样本
B_difficult_B014_2,primary_processed,0.0453333333333333,-0.2161113581168831,困难样本
B_difficult_B014_2,primary_processed,0.0454166666666666,0.606631499025974,困难样本
B_difficult_B014_2,primary_processed,0.0455,0.2846886418831169,困难样本
B_difficult_B014_2,primary_processed,0.0455833333333333,-0.5287048646103897,困难样本
B_difficult_B014_2,primary_processed,0.0456666666666666,-0.0961957737012987,困难样本
B_difficult_B014_2,primary_processed,0.04575,0.3066392912337663,困难样本
B_difficult_B014_2,primary_processed,0.0458333333333333,0.1298146159090909,困难样本
B_difficult_B014_2,primary_processed,0.0459166666666666,-0.1075775918831168,困难样本
B_difficult_B014_2,primary_processed,0.046,-0.2583866827922078,困难样本
B_difficult_B014_2,primary_processed,0.0460833333333333,0.0566457847402597,困难样本
B_difficult_B014_2,primary_processed,0.0461666666666666,0.0094925379870129,困难样本
B_difficult_B014_2,primary_processed,0.04625,-0.1035126568181818,困难样本
B_difficult_B014_2,primary_processed,0.0463333333333333,-0.3722048646103897,困难样本
B_difficult_B014_2,primary_processed,0.0464166666666666,-0.025059410064935,困难样本
B_difficult_B014_2,primary_processed,0.0465,0.2639574730519481,困难样本
B_difficult_B014_2,primary_processed,0.0465833333333333,-0.0718061633116883,困难样本
B_difficult_B014_2,primary_processed,0.0466666666666666,0.1436353951298701,困难样本
B_difficult_B014_2,primary_processed,0.04675,0.1485133172077922,困难样本
B_difficult_B014_2,primary_processed,0.0468333333333333,-0.392529539935065,困难样本
B_difficult_B014_2,primary_processed,0.0469166666666666,0.3566379925324676,困难样本
B_difficult_B014_2,primary_processed,0.047,0.6460613691558442,困难样本
B_difficult_B014_2,primary_processed,0.0470833333333333,-0.4742347347402598,困难样本
B_difficult_B014_2,primary_processed,0.0471666666666666,-0.1075775918831168,困难样本
B_difficult_B014_2,primary_processed,0.04725,0.4802120185064935,困难样本
B_difficult_B014_2,primary_processed,0.0473333333333333,-0.3575710983766234,困难样本
B_difficult_B014_2,primary_processed,0.0474166666666666,0.011931499025974,困难样本
B_difficult_B014_2,primary_processed,0.0475,0.4107016288961039,困难样本
B_difficult_B014_2,primary_processed,0.0475833333333333,-0.4579749944805195,困难样本
B_difficult_B014_2,primary_processed,0.0476666666666666,-0.0400996698051948,困难样本
B_difficult_B014_2,primary_processed,0.04775,0.6358990314935066,困难样本
B_difficult_B014_2,primary_processed,0.0478333333333333,-0.0161165529220779,困难样本
B_difficult_B014_2,primary_processed,0.0479166666666666,-0.3600100594155844,困难样本
B_difficult_B014_2,primary_processed,0.048,0.4663912392857143,困难样本
B_difficult_B014_2,primary_processed,0.0480833333333333,-0.1579827866883117,困难样本
B_difficult_B014_2,primary_processed,0.0481666666666666,0.1245302003246753,困难样本
B_difficult_B014_2,primary_processed,0.04825,-0.0441646048701298,困难样本
B_difficult_B014_2,primary_processed,0.0483333333333333,-0.3352139555194805,困难样本
B_difficult_B014_2,primary_processed,0.0484166666666666,0.0635561743506493,困难样本
B_difficult_B014_2,primary_processed,0.0485,0.107457473051948,困难样本
B_difficult_B014_2,primary_processed,0.0485833333333333,0.0139639665584415,困难样本
B_difficult_B014_2,primary_processed,0.0486666666666666,-0.4035048646103896,困难样本
B_difficult_B014_2,primary_processed,0.04875,0.0855068237012987,困难样本
B_difficult_B014_2,primary_processed,0.0488333333333333,0.1704639665584415,困难样本
B_difficult_B014_2,primary_processed,0.0489166666666666,0.0680276029220779,困难样本
B_difficult_B014_2,primary_processed,0.049,0.3163951353896104,困难样本
B_difficult_B014_2,primary_processed,0.0490833333333333,-0.148633436038961,困难样本
B_difficult_B014_2,primary_processed,0.0491666666666666,-0.2701749944805195,困难样本
B_difficult_B014_2,primary_processed,0.04925,0.1070509795454545,困难样本
B_difficult_B014_2,primary_processed,0.0493333333333333,0.3655808496753246,困难样本
B_difficult_B014_2,primary_processed,0.0494166666666666,-0.2213957737012987,困难样本
B_difficult_B014_2,primary_processed,0.0495,-0.0831879814935065,困难样本
B_difficult_B014_2,primary_processed,0.0495833333333333,0.1196522782467532,困难样本
B_difficult_B014_2,primary_processed,0.0496666666666666,-0.2559477217532467,困难样本
B_difficult_B014_2,primary_processed,0.04975,0.1566431873376623,困难样本
B_difficult_B014_2,primary_processed,0.0498333333333333,-0.1213983711038961,困难样本
B_difficult_B014_2,primary_processed,0.0499166666666666,-0.3185477217532467,困难样本
B_difficult_B014_2,primary_processed,0.05,0.350540589935065,困难样本
B_difficult_B014_2,primary_processed,0.0500833333333333,0.1960730574675324,困难样本
B_difficult_B014_2,primary_processed,0.0501666666666666,-0.3486282412337662,困难样本
B_difficult_B014_2,primary_processed,0.05025,-0.0957892801948052,困难样本
B_difficult_B014_2,primary_processed,0.0503333333333333,0.1294081224025974,困难样本
B_difficult_B014_2,primary_processed,0.0504166666666666,-0.1327801892857143,困难样本
B_difficult_B014_2,primary_processed,0.0505,0.1891626678571429,困难样本
B_difficult_B014_2,primary_processed,0.0505833333333333,-0.4242360334415584,困难样本
B_difficult_B014_2,primary_processed,0.0506666666666666,-0.2474113581168831,困难样本
B_difficult_B014_2,primary_processed,0.05075,0.1009535769480519,困难样本
B_difficult_B014_2,primary_processed,0.0508333333333333,0.0407925379870129,困难样本
B_difficult_B014_2,primary_processed,0.0509166666666666,-0.023433436038961,困难样本
B_difficult_B014_2,primary_processed,0.051,-0.1555438256493506,困难样本
B_difficult_B014_2,primary_processed,0.0510833333333333,-0.0405061633116883,困难样本
B_difficult_B014_2,primary_processed,0.0511666666666666,-0.0356282412337662,困难样本
B_difficult_B014_2,primary_processed,0.05125,0.2769652652597403,困难样本
B_difficult_B014_2,primary_processed,0.0513333333333333,0.0033951353896103,困难样本
B_difficult_B014_2,primary_processed,0.0514166666666666,-0.1734295399350649,困难样本
B_difficult_B014_2,primary_processed,0.0515,0.0237198107142857,困难样本
B_difficult_B014_2,primary_processed,0.0515833333333333,0.0533938366883116,困难样本
B_difficult_B014_2,primary_processed,0.0516666666666666,-0.0405061633116883,困难样本
B_difficult_B014_2,primary_processed,0.05175,0.1501392912337662,困难样本
B_difficult_B014_2,primary_processed,0.0518333333333333,0.0578652652597402,困难样本
B_difficult_B014_2,primary_processed,0.0519166666666666,-0.2193633061688312,困难样本
B_difficult_B014_2,primary_processed,0.052,0.2635509795454546,困难样本
B_difficult_B014_2,primary_processed,0.0520833333333333,0.043231499025974,困难样本
B_difficult_B014_2,primary_processed,0.0521666666666666,-0.3417178516233766,困难样本
B_difficult_B014_2,primary_processed,0.05225,0.1115224081168831,困难样本
B_difficult_B014_2,primary_processed,0.0523333333333333,0.1220912392857142,困难样本
B_difficult_B014_2,primary_processed,0.0524166666666666,0.0863198107142857,困难样本
B_difficult_B014_2,primary_processed,0.0525,-0.0685542152597402,困难样本
B_difficult_B014_2,primary_processed,0.0525833333333333,-0.1388775918831169,困难样本
B_difficult_B014_2,primary_processed,0.0526666666666666,-0.056359410064935,困难样本
B_difficult_B014_2,primary_processed,0.05275,0.1391639665584415,困难样本
B_difficult_B014_2,primary_processed,0.0528333333333333,0.3029808496753248,困难样本
B_difficult_B014_2,primary_processed,0.0529166666666666,-0.1620477217532467,困难样本
B_difficult_B014_2,primary_processed,0.053,-0.2531022672077922,困难样本
B_difficult_B014_2,primary_processed,0.0530833333333333,0.0493289016233766,困难样本
B_difficult_B014_2,primary_processed,0.0531666666666666,0.2468847457792207,困难样本
B_difficult_B014_2,primary_processed,0.05325,0.0830678626623376,困难样本
B_difficult_B014_2,primary_processed,0.0533333333333333,0.0493289016233766,困难样本
B_difficult_B014_2,primary_processed,0.0534166666666666,-0.2799308386363637,困难样本
B_difficult_B014_2,primary_processed,0.0535,-0.1128620074675324,困难样本
B_difficult_B014_2,primary_processed,0.0535833333333333,0.2680224081168831,困难样本
B_difficult_B014_2,primary_processed,0.0536666666666666,0.0273782522727272,困难样本
B_difficult_B014_2,primary_processed,0.05375,-0.1031061633116883,困难样本
B_difficult_B014_2,primary_processed,0.0538333333333333,0.071279550974026,困难样本
B_difficult_B014_2,primary_processed,0.0539166666666666,-0.0035152542207792,困难样本
B_difficult_B014_2,primary_processed,0.054,-0.0701801892857142,困难样本
B_difficult_B014_2,primary_processed,0.0540833333333333,0.3903769535714286,困难样本
B_difficult_B014_2,primary_processed,0.0541666666666666,0.231844486038961,困难样本
B_difficult_B014_2,primary_processed,0.05425,-0.2600126568181818,困难样本
B_difficult_B014_2,primary_processed,0.0543333333333333,-0.0783100594155844,困难样本
B_difficult_B014_2,primary_processed,0.0544166666666666,0.4997237068181818,困难样本
B_difficult_B014_2,primary_processed,0.0545,0.0249392912337662,困难样本
B_difficult_B014_2,primary_processed,0.0545833333333333,-0.3852126568181818,困难样本
B_difficult_B014_2,primary_processed,0.0546666666666666,-0.086033436038961,困难样本
B_difficult_B014_2,primary_processed,0.05475,0.3253379925324676,困难样本
B_difficult_B014_2,primary_processed,0.0548333333333333,0.1489198107142857,困难样本
B_difficult_B014_2,primary_processed,0.0549166666666666,-0.4778931762987013,困难样本
B_difficult_B014_2,primary_processed,0.055,-0.0193685009740259,困难样本
B_difficult_B014_2,primary_processed,0.0550833333333333,0.1310340964285714,困难样本
B_difficult_B014_2,primary_processed,0.0551666666666666,-0.0762775918831168,困难样本
B_difficult_B014_2,primary_processed,0.05525,0.5773639665584416,困难样本
B_difficult_B014_2,primary_processed,0.0553333333333333,-0.0669282412337662,困难样本
B_difficult_B014_2,primary_processed,0.0554166666666666,-0.8075594100649351,困难样本
B_difficult_B014_2,primary_processed,0.0555,0.3042003301948052,困难样本
B_difficult_B014_2,primary_processed,0.0555833333333333,0.5041951353896105,困难样本
B_difficult_B014_2,primary_processed,0.0556666666666666,-0.711220449025974,困难样本
B_difficult_B014_2,primary_processed,0.05575,-0.1888762931818182,困难样本
B_difficult_B014_2,primary_processed,0.0558333333333333,0.3696457847402598,困难样本
B_difficult_B014_2,primary_processed,0.0559166666666666,-0.2368425269480519,困难样本
B_difficult_B014_2,primary_processed,0.056,-0.1441620074675325,困难样本
B_difficult_B014_2,primary_processed,0.0560833333333333,0.1948535769480519,困难样本
B_difficult_B014_2,primary_processed,0.0561666666666666,-0.2502568126623377,困难样本
B_difficult_B014_2,primary_processed,0.05625,-0.1596087607142857,困难样本
B_difficult_B014_2,primary_processed,0.0563333333333333,0.5228938366883118,困难样本
B_difficult_B014_2,primary_processed,0.0564166666666666,-0.0705866827922077,困难样本
B_difficult_B014_2,primary_processed,0.0565,-0.1010736957792207,困难样本
B_difficult_B014_2,primary_processed,0.0565833333333333,0.0538003301948052,困难样本
B_difficult_B014_2,primary_processed,0.0566666666666666,-0.2295256438311688,困难样本
B_difficult_B014_2,primary_processed,0.05675,0.5367146159090909,困难样本
B_difficult_B014_2,primary_processed,0.0568333333333333,-0.1128620074675324,困难样本
B_difficult_B014_2,primary_processed,0.0569166666666666,-0.4933399295454546,困难样本
B_difficult_B014_2,primary_processed,0.057,0.4046042262987013,困难样本
B_difficult_B014_2,primary_processed,0.0570833333333333,0.3655808496753246,困难样本
B_difficult_B014_2,primary_processed,0.0571666666666666,-0.5238269425324676,困难样本
B_difficult_B014_2,primary_processed,0.05725,0.1810327977272727,困难样本
B_difficult_B014_2,primary_processed,0.0573333333333333,0.0741250055194805,困难样本
B_difficult_B014_2,primary_processed,0.0574166666666666,-0.5709801892857144,困难样本
B_difficult_B014_2,primary_processed,0.0575,0.5761444860389611,困难样本
B_difficult_B014_2,primary_processed,0.0575833333333333,0.1257496808441558,困难样本
B_difficult_B014_2,primary_processed,0.0576666666666666,-0.4437477217532467,困难样本
B_difficult_B014_2,primary_processed,0.05775,-0.3372464230519481,困难样本
B_difficult_B014_2,primary_processed,0.0578333333333333,0.2042029275974026,困难样本
B_difficult_B014_2,primary_processed,0.0579166666666666,0.011931499025974,困难样本
B_difficult_B014_2,primary_processed,0.058,-0.2035100594155844,困难样本
B_difficult_B014_2,primary_processed,0.0580833333333333,0.3456626678571429,困难样本
B_difficult_B014_2,primary_processed,0.0581666666666666,-0.4535035659090909,困难样本
B_difficult_B014_2,primary_processed,0.05825,0.3570444860389611,困难样本
B_difficult_B014_2,primary_processed,0.0583333333333333,0.1517652652597402,困难样本
B_difficult_B014_2,primary_processed,0.0584166666666666,-0.5282983711038962,困难样本
B_difficult_B014_2,primary_processed,0.0585,0.1749353951298701,困难样本
B_difficult_B014_2,primary_processed,0.0585833333333333,0.3497276029220779,困难样本
B_difficult_B014_2,primary_processed,0.0586666666666666,-0.149446423051948,困难样本
B_difficult_B014_2,primary_processed,0.05875,0.2773717587662339,困难样本
B_difficult_B014_2,primary_processed,0.0588333333333333,0.1143678626623376,困难样本
B_difficult_B014_2,primary_processed,0.0589166666666666,-0.6937412282467534,困难样本
B_difficult_B014_2,primary_processed,0.059,0.6078509795454546,困难样本
B_difficult_B014_2,primary_processed,0.0590833333333333,0.227779550974026,困难样本
B_difficult_B014_2,primary_processed,0.0591666666666666,-0.4608204490259741,困难样本
B_difficult_B014_2,primary_processed,0.05925,0.136318512012987,困难样本
B_difficult_B014_2,primary_processed,0.0593333333333333,-0.0120516178571428,困难样本
B_difficult_B014_2,primary_processed,0.0594166666666666,0.2350964340909091,困难样本
B_difficult_B014_2,primary_processed,0.0595,0.1639600704545454,困难样本
B_difficult_B014_2,primary_processed,0.0595833333333333,-0.1616412282467532,困难样本
B_difficult_B014_2,primary_processed,0.0596666666666666,-0.0653022672077922,困难样本
B_difficult_B014_2,primary_processed,0.05975,0.2708678626623376,困难样本
B_difficult_B014_2,primary_processed,0.0598333333333333,0.2371289016233766,困难样本
B_difficult_B014_2,primary_processed,0.0599166666666666,-0.1104230464285714,困难样本
B_difficult_B014_2,primary_processed,0.06,-0.0941633061688311,困难样本
B_difficult_B014_2,primary_processed,0.0600833333333333,-0.2616386308441558,困难样本
B_difficult_B014_2,primary_processed,0.0601666666666666,0.0542068237012987,困难样本
B_difficult_B014_2,primary_processed,0.06025,-0.1063581113636363,困难样本
B_difficult_B014_2,primary_processed,0.0603333333333333,0.137131499025974,困难样本
B_difficult_B014_2,primary_processed,0.0604166666666666,-0.276272397077922,困难样本
B_difficult_B014_2,primary_processed,0.0605,-0.0474165529220779,困难样本
B_difficult_B014_2,primary_processed,0.0605833333333333,0.4143600704545455,困难样本
B_difficult_B014_2,primary_processed,0.0606666666666666,-0.2681425269480519,困难样本
B_difficult_B014_2,primary_processed,0.06075,0.1001405899350649,困难样本
B_difficult_B014_2,primary_processed,0.0608333333333333,0.0700600704545454,困难样本
B_difficult_B014_2,primary_processed,0.0609166666666666,0.0586782522727272,困难样本
B_difficult_B014_2,primary_processed,0.061,0.0322561743506493,困难样本
B_difficult_B014_2,primary_processed,0.0610833333333333,0.1241237068181818,困难样本
B_difficult_B014_2,primary_processed,0.0611666666666666,-0.1673321373376623,困难样本
B_difficult_B014_2,primary_processed,0.06125,-0.1835918775974026,困难样本
B_difficult_B014_2,primary_processed,0.0613333333333333,0.1948535769480519,困难样本
B_difficult_B014_2,primary_processed,0.0614166666666666,0.105831499025974,困难样本
B_difficult_B014_2,primary_processed,0.0615,0.0066470834415584,困难样本
B_difficult_B014_2,primary_processed,0.0615833333333333,-0.2295256438311688,困难样本
B_difficult_B014_2,primary_processed,0.0616666666666666,0.106644486038961,困难样本
B_difficult_B014_2,primary_processed,0.06175,0.2176172133116883,困难样本
B_difficult_B014_2,primary_processed,0.0618333333333333,-0.0587983711038961,困难样本
B_difficult_B014_2,primary_processed,0.0619166666666666,-0.1067646048701298,困难样本
B_difficult_B014_2,primary_processed,0.062,-0.0990412282467532,困难样本
B_difficult_B014_2,primary_processed,0.0620833333333333,-0.0348152542207792,困难样本
B_difficult_B014_2,primary_processed,0.0621666666666666,0.0558327977272727,困难样本
B_difficult_B014_2,primary_processed,0.06225,0.0538003301948052,困难样本
B_difficult_B014_2,primary_processed,0.0623333333333333,-0.3104178516233766,困难样本
B_difficult_B014_2,primary_processed,0.0624166666666666,-0.1648931762987013,困难样本
B_difficult_B014_2,primary_processed,0.0625,0.2407873431818182,困难样本
B_difficult_B014_2,primary_processed,0.0625833333333333,0.0038016288961038,困难样本
B_difficult_B014_2,primary_processed,0.0626666666666666,-0.0283113581168831,困难样本
B_difficult_B014_2,primary_processed,0.06275,-0.1697710983766234,困难样本
B_difficult_B014_2,primary_processed,0.0628333333333333,0.0826613691558441,困难样本
B_difficult_B014_2,primary_processed,0.0629166666666666,0.0107120185064935,困难样本
B_difficult_B014_2,primary_processed,0.063,-0.0079866827922077,困难样本
B_difficult_B014_2,primary_processed,0.0630833333333333,-0.1014801892857142,困难样本
B_difficult_B014_2,primary_processed,0.0631666666666666,0.0058340964285714,困难样本
B_difficult_B014_2,primary_processed,0.06325,0.1281886418831169,困难样本
B_difficult_B014_2,primary_processed,0.0633333333333333,-0.0551399295454545,困难样本
B_difficult_B014_2,primary_processed,0.0634166666666666,-0.0921308386363636,困难样本
B_difficult_B014_2,primary_processed,0.0635,-0.0746516178571428,困难样本
B_difficult_B014_2,primary_processed,0.0635833333333333,0.1895691613636363,困难样本
B_difficult_B014_2,primary_processed,0.0636666666666666,-0.1583892801948052,困难样本
B_difficult_B014_2,primary_processed,0.06375,0.0981081224025974,困难样本
B_difficult_B014_2,primary_processed,0.0638333333333333,0.2456652652597403,困难样本
B_difficult_B014_2,primary_processed,0.0639166666666666,-0.3148892801948052,困难样本
B_difficult_B014_2,primary_processed,0.064,-0.0937568126623376,困难样本
B_difficult_B014_2,primary_processed,0.0640833333333333,0.538340589935065,困难样本
B_difficult_B014_2,primary_processed,0.0641666666666666,0.0281912392857142,困难样本
B_difficult_B014_2,primary_processed,0.06425,-0.3665139555194805,困难样本
B_difficult_B014_2,primary_processed,0.0643333333333333,0.2444457847402597,困难样本
B_difficult_B014_2,primary_processed,0.0644166666666666,0.202170460064935,困难样本
B_difficult_B014_2,primary_processed,0.0645,-0.3567581113636363,困难样本
B_difficult_B014_2,primary_processed,0.0645833333333333,0.1416029275974026,困难样本
B_difficult_B014_2,primary_processed,0.0646666666666666,-0.021807462012987,困难样本
B_difficult_B014_2,primary_processed,0.06475,-0.2238347347402597,困难样本
B_difficult_B014_2,primary_processed,0.0648333333333333,0.4598873431818182,困难样本
B_difficult_B014_2,primary_processed,0.0649166666666666,-0.2551347347402597,困难样本
B_difficult_B014_2,primary_processed,0.065,-0.3843996698051948,困难样本
B_difficult_B014_2,primary_processed,0.0650833333333333,0.4574483821428572,困难样本
B_difficult_B014_2,primary_processed,0.0651666666666666,0.0924172133116883,困难样本
B_difficult_B014_2,primary_processed,0.06525,-0.0201814879870129,困难样本
B_difficult_B014_2,primary_processed,0.0653333333333333,0.3859055250000001,困难样本
B_difficult_B014_2,primary_processed,0.0654166666666666,-0.5173230464285715,困难样本
B_difficult_B014_2,primary_processed,0.0655,-0.3803347347402598,困难样本
B_difficult_B014_2,primary_processed,0.0655833333333333,0.8964613691558442,困难样本
B_difficult_B014_2,primary_processed,0.0656666666666666,0.0472964340909091,困难样本
B_difficult_B014_2,primary_processed,0.06575,-0.5356152542207793,困难样本
B_difficult_B014_2,primary_processed,0.0658333333333333,0.0875392912337662,困难样本
B_difficult_B014_2,primary_processed,0.0659166666666666,0.045670460064935,困难样本
B_difficult_B014_2,primary_processed,0.066,0.0903847457792208,困难样本
B_difficult_B014_2,primary_processed,0.0660833333333333,0.2460717587662337,困难样本
B_difficult_B014_2,primary_processed,0.0661666666666666,-0.2278996698051948,困难样本
B_difficult_B014_2,primary_processed,0.06625,-0.1799334360389611,困难样本
B_difficult_B014_2,primary_processed,0.0663333333333333,0.4985042262987014,困难样本
B_difficult_B014_2,primary_processed,0.0664166666666666,0.0911977327922078,困难样本
B_difficult_B014_2,primary_processed,0.0665,-0.4831775918831169,困难样本
B_difficult_B014_2,primary_processed,0.0665833333333333,0.015183447077922,困难样本
B_difficult_B014_2,primary_processed,0.0666666666666666,0.1855042262987013,困难样本
B_difficult_B014_2,primary_processed,0.06675,0.0294107198051948,困难样本
B_difficult_B014_2,primary_processed,0.0668333333333333,0.2009509795454545,困难样本
B_difficult_B014_2,primary_processed,0.0669166666666666,-0.1864373321428571,困难样本
B_difficult_B014_2,primary_processed,0.067,-0.455129539935065,困难样本
B_difficult_B014_2,primary_processed,0.0670833333333333,0.1737159146103896,困难样本
B_difficult_B014_2,primary_processed,0.0671666666666666,0.3355003301948052,困难样本
B_difficult_B014_2,primary_processed,0.06725,-0.2608256438311688,困难样本
B_difficult_B014_2,primary_processed,0.0673333333333333,-0.0856269425324675,困难样本
B_difficult_B014_2,primary_processed,0.0674166666666666,-0.2307451243506494,困难样本
B_difficult_B014_2,primary_processed,0.0675,-0.054733436038961,困难样本
B_difficult_B014_2,primary_processed,0.0675833333333333,0.229405525,困难样本
B_difficult_B014_2,primary_processed,0.0676666666666666,-0.1218048646103896,困难样本
B_difficult_B014_2,primary_processed,0.06775,-0.149446423051948,困难样本
B_difficult_B014_2,primary_processed,0.0678333333333333,-0.0494490204545454,困难样本
B_difficult_B014_2,primary_processed,0.0679166666666666,0.2789977327922078,困难样本
B_difficult_B014_2,primary_processed,0.068,0.2432263042207792,困难样本
B_difficult_B014_2,primary_processed,0.0680833333333333,-0.1738360334415584,困难样本
B_difficult_B014_2,primary_processed,0.0681666666666666,0.0131509795454545,困难样本
B_difficult_B014_2,primary_processed,0.06825,0.1818457847402597,困难样本
B_difficult_B014_2,primary_processed,0.0683333333333333,-0.0840009685064935,困难样本
B_difficult_B014_2,primary_processed,0.0684166666666666,0.1436353951298701,困难样本
B_difficult_B014_2,primary_processed,0.0685,-0.1246503191558441,困难样本
B_difficult_B014_2,primary_processed,0.0685833333333333,-0.2982230464285714,困难样本
B_difficult_B014_2,primary_processed,0.0686666666666666,0.3098912392857142,困难样本
B_difficult_B014_2,primary_processed,0.06875,0.1302211094155844,困难样本
B_difficult_B014_2,primary_processed,0.0688333333333333,-0.2766788905844156,困难样本
B_difficult_B014_2,primary_processed,0.0689166666666666,-0.0905048646103896,困难样本
B_difficult_B014_2,primary_processed,0.069,-0.1002607087662337,困难样本
B_difficult_B014_2,primary_processed,0.0690833333333333,0.2643639665584416,困难样本
B_difficult_B014_2,primary_processed,0.0691666666666666,0.2159912392857143,困难样本
B_difficult_B014_2,primary_processed,0.06925,-0.3417178516233766,困难样本
B_difficult_B014_2,primary_processed,0.0693333333333333,-0.1498529165584415,困难样本
B_difficult_B014_2,primary_processed,0.0694166666666666,0.1196522782467532,困难样本
B_difficult_B014_2,primary_processed,0.0695,-0.0653022672077922,困难样本
B_difficult_B014_2,primary_processed,0.0695833333333333,0.1440418886363636,困难样本
B_difficult_B014_2,primary_processed,0.0696666666666666,-0.0254659035714285,困难样本
B_difficult_B014_2,primary_processed,0.06975,-0.3014749944805195,困难样本
B_difficult_B014_2,primary_processed,0.0698333333333333,0.0062405899350649,困难样本
B_difficult_B014_2,primary_processed,0.0699166666666666,-0.0051412282467532,困难样本
B_difficult_B014_2,primary_processed,0.07,-0.0880659035714285,困难样本
B_difficult_B014_2,primary_processed,0.0700833333333333,-0.1144879814935065,困难样本
B_difficult_B014_2,primary_processed,0.0701666666666666,0.1037990314935065,困难样本
B_difficult_B014_2,primary_processed,0.07025,0.167618512012987,困难样本
B_difficult_B014_2,primary_processed,0.0703333333333333,-0.0726191503246753,困难样本
B_difficult_B014_2,primary_processed,0.0704166666666666,-0.0335957737012987,困难样本
B_difficult_B014_2,primary_processed,0.0705,0.0338821483766233,困难样本
B_difficult_B014_2,primary_processed,0.0705833333333333,0.2078613691558442,困难样本
B_difficult_B014_2,primary_processed,0.0706666666666666,0.1505457847402597,困难样本
B_difficult_B014_2,primary_processed,0.07075,0.0371340964285714,困难样本
B_difficult_B014_2,primary_processed,0.0708333333333333,-0.1376581113636364,困难样本
B_difficult_B014_2,primary_processed,0.0709166666666666,-0.0348152542207792,困难样本
B_difficult_B014_2,primary_processed,0.071,0.1985120185064935,困难样本
B_difficult_B014_2,primary_processed,0.0710833333333333,0.1411964340909091,困难样本
B_difficult_B014_2,primary_processed,0.0711666666666666,0.0029886418831168,困难样本
B_difficult_B014_2,primary_processed,0.07125,-0.1726165529220779,困难样本
B_difficult_B014_2,primary_processed,0.0713333333333333,-0.0010762931818181,困难样本
B_difficult_B014_2,primary_processed,0.0714166666666666,0.103392537987013,困难样本
B_difficult_B014_2,primary_processed,0.0715,0.138757473051948,困难样本
B_difficult_B014_2,primary_processed,0.0715833333333333,0.0773769535714285,困难样本
B_difficult_B014_2,primary_processed,0.0716666666666666,-0.2274931762987013,困难样本
B_difficult_B014_2,primary_processed,0.07175,-0.0466035659090909,困难样本
B_difficult_B014_2,primary_processed,0.0718333333333333,0.1533912392857143,困难样本
B_difficult_B014_2,primary_processed,0.0719166666666666,-0.1083905788961039,困难样本
B_difficult_B014_2,primary_processed,0.072,-0.1925347347402597,困难样本
B_difficult_B014_2,primary_processed,0.0720833333333333,0.108270460064935,困难样本
B_difficult_B014_2,primary_processed,0.0721666666666666,0.0176224081168831,困难样本
B_difficult_B014_2,primary_processed,0.07225,-0.1502594100649351,困难样本
B_difficult_B014_2,primary_processed,0.0723333333333333,0.0302237068181818,困难样本
B_difficult_B014_2,primary_processed,0.0724166666666666,-0.0961957737012987,困难样本
B_difficult_B014_2,primary_processed,0.0725,0.1229042262987013,困难样本
B_difficult_B014_2,primary_processed,0.0725833333333333,0.0107120185064935,困难样本
B_difficult_B014_2,primary_processed,0.0726666666666666,0.1464808496753246,困难样本
B_difficult_B014_2,primary_processed,0.07275,-0.2197697996753247,困难样本
B_difficult_B014_2,primary_processed,0.0728333333333333,-0.3486282412337662,困难样本
B_difficult_B014_2,primary_processed,0.0729166666666666,0.2668029275974026,困难样本
B_difficult_B014_2,primary_processed,0.073,0.320053576948052,困难样本
B_difficult_B014_2,primary_processed,0.0730833333333333,-0.144568500974026,困难样本
B_difficult_B014_2,primary_processed,0.0731666666666666,-0.210420449025974,困难样本
B_difficult_B014_2,primary_processed,0.07325,-0.0193685009740259,困难样本
B_difficult_B014_2,primary_processed,0.0733333333333333,-0.1640801892857143,困难样本
B_difficult_B014_2,primary_processed,0.0734166666666666,0.3285899405844156,困难样本
B_difficult_B014_2,primary_processed,0.0735,0.626549680844156,困难样本
B_difficult_B014_2,primary_processed,0.0735833333333333,-0.368546423051948,困难样本
B_difficult_B014_2,primary_processed,0.0736666666666666,-0.6177269425324676,困难样本
B_difficult_B014_2,primary_processed,0.07375,0.7737003301948052,困难样本
B_difficult_B014_2,primary_processed,0.0738333333333333,0.2501366938311689,困难样本
B_difficult_B014_2,primary_processed,0.0739166666666666,-0.6221983711038962,困难样本
B_difficult_B014_2,primary_processed,0.074,0.2537951353896104,困难样本
B_difficult_B014_2,primary_processed,0.0740833333333333,0.4806185120129871,困难样本
B_difficult_B014_2,primary_processed,0.0741666666666666,-0.645368500974026,困难样本
B_difficult_B014_2,primary_processed,0.07425,0.0615237068181818,困难样本
B_difficult_B014_2,primary_processed,0.0743333333333333,0.9151600704545456,困难样本
B_difficult_B014_2,primary_processed,0.0744166666666666,-0.924629539935065,困难样本
B_difficult_B014_2,primary_processed,0.0745,-0.1535113581168831,困难样本
B_difficult_B014_2,primary_processed,0.0745833333333333,0.8033743561688312,困难样本
B_difficult_B014_2,primary_processed,0.0746666666666666,-0.2986295399350649,困难样本
B_difficult_B014_2,primary_processed,0.07475,-0.6104100594155845,困难样本
B_difficult_B014_2,primary_processed,0.0748333333333333,-0.0388801892857142,困难样本
B_difficult_B014_2,primary_processed,0.0749166666666666,0.010305525,困难样本
B_difficult_B014_2,primary_processed,0.075,0.2094873431818182,困难样本
B_difficult_B014_2,primary_processed,0.0750833333333333,0.0269717587662337,困难样本
B_difficult_B014_2,primary_processed,0.0751666666666666,-0.8628425269480521,困难样本
B_difficult_B014_2,primary_processed,0.07525,0.2147717587662337,困难样本
B_difficult_B014_2,primary_processed,0.0753333333333333,0.4330587717532468,困难样本
B_difficult_B014_2,primary_processed,0.0754166666666666,-0.2823697996753247,困难样本
B_difficult_B014_2,primary_processed,0.0755,0.2448522782467532,困难样本
B_difficult_B014_2,primary_processed,0.0755833333333333,0.0501418886363636,困难样本
B_difficult_B014_2,primary_processed,0.0756666666666666,-0.5461840853896105,困难样本
B_difficult_B014_2,primary_processed,0.07575,0.2078613691558442,困难样本
B_difficult_B014_2,primary_processed,0.0758333333333333,0.728579550974026,困难样本
B_difficult_B014_2,primary_processed,0.0759166666666666,-0.4356178516233766,困难样本
B_difficult_B014_2,primary_processed,0.076,-0.5677282412337663,困难样本
B_difficult_B014_2,primary_processed,0.0760833333333333,0.7676029275974027,困难样本
B_difficult_B014_2,primary_processed,0.0761666666666666,-0.1392840853896104,困难样本
B_difficult_B014_2,primary_processed,0.07625,-0.3327749944805195,困难样本
B_difficult_B014_2,primary_processed,0.0763333333333333,0.2346899405844156,困难样本
B_difficult_B014_2,primary_processed,0.0764166666666666,-0.0819685009740259,困难样本
B_difficult_B014_2,primary_processed,0.0765,0.2172107198051948,困难样本
B_difficult_B014_2,primary_processed,0.0765833333333333,0.3582639665584416,困难样本
B_difficult_B014_2,primary_processed,0.0766666666666666,-0.4880555139610389,困难样本
B_difficult_B014_2,primary_processed,0.07675,-0.0754646048701298,困难样本
B_difficult_B014_2,primary_processed,0.0768333333333333,0.2151782522727273,困难样本
B_difficult_B014_2,primary_processed,0.0769166666666666,-0.1827788905844156,困难样本
B_difficult_B014_2,primary_processed,0.077,0.4448470834415585,困难样本
B_difficult_B014_2,primary_processed,0.0770833333333333,-0.3551321373376623,困难样本
B_difficult_B014_2,primary_processed,0.0771666666666666,-0.4579749944805195,困难样本
B_difficult_B014_2,primary_processed,0.07725,0.2448522782467532,困难样本
B_difficult_B014_2,primary_processed,0.0773333333333333,0.2757457847402598,困难样本
B_difficult_B014_2,primary_processed,0.0774166666666666,0.0078665639610389,困难样本
B_difficult_B014_2,primary_processed,0.0775,-0.2559477217532467,困难样本
B_difficult_B014_2,primary_processed,0.0775833333333333,-0.1006672022727272,困难样本
B_difficult_B014_2,primary_processed,0.0776666666666666,0.1456678626623377,困难样本
B_difficult_B014_2,primary_processed,0.07775,-0.0108321373376623,困难样本
B_difficult_B014_2,primary_processed,0.0778333333333333,-0.0087996698051948,困难样本
B_difficult_B014_2,primary_processed,0.0779166666666666,0.0330691613636363,困难样本
B_difficult_B014_2,primary_processed,0.078,-0.2612321373376624,困难样本
B_difficult_B014_2,primary_processed,0.0780833333333333,0.1359120185064935,困难样本
B_difficult_B014_2,primary_processed,0.0781666666666666,0.288753576948052,困难样本
B_difficult_B014_2,primary_processed,0.07825,-0.4018788905844156,困难样本
B_difficult_B014_2,primary_processed,0.0783333333333333,0.0928237068181818,困难样本
B_difficult_B014_2,primary_processed,0.0784166666666666,0.3237120185064935,困难样本
B_difficult_B014_2,primary_processed,0.0785,-0.0108321373376623,困难样本
B_difficult_B014_2,primary_processed,0.0785833333333333,0.0509548756493506,困难样本
B_difficult_B014_2,primary_processed,0.0786666666666666,-0.1880633061688311,困难样本
B_difficult_B014_2,primary_processed,0.07875,0.1127418886363636,困难样本
B_difficult_B014_2,primary_processed,0.0788333333333333,0.288753576948052,困难样本
B_difficult_B014_2,primary_processed,0.0789166666666666,0.2245276029220779,困难样本
B_difficult_B014_2,primary_processed,0.079,-0.0120516178571428,困难样本
B_difficult_B014_2,primary_processed,0.0790833333333333,-0.1413165529220779,困难样本
B_difficult_B014_2,primary_processed,0.0791666666666666,-0.082781487987013,困难样本
B_difficult_B014_2,primary_processed,0.07925,0.261518512012987,困难样本
B_difficult_B014_2,primary_processed,0.0793333333333333,0.165992537987013,困难样本
B_difficult_B014_2,primary_processed,0.0794166666666666,-0.3506607087662338,困难样本
B_difficult_B014_2,primary_processed,0.0795,-0.1921282412337662,困难样本
B_difficult_B014_2,primary_processed,0.0795833333333333,0.1192457847402597,困难样本
B_difficult_B014_2,primary_processed,0.0796666666666666,0.0603042262987013,困难样本
B_difficult_B014_2,primary_processed,0.07975,-0.2644840853896103,困难样本
B_difficult_B014_2,primary_processed,0.0798333333333333,0.1196522782467532,困难样本
B_difficult_B014_2,primary_processed,0.0799166666666666,-0.0433516178571428,困难样本
B_difficult_B014_2,primary_processed,0.08,-0.0807490204545454,困难样本
B_difficult_B014_2,primary_processed,0.0800833333333333,0.2733068237012988,困难样本
B_difficult_B014_2,primary_processed,0.0801666666666666,-0.1384710983766234,困难样本
B_difficult_B014_2,primary_processed,0.08025,-0.1575762931818182,困难样本
B_difficult_B014_2,primary_processed,0.0803333333333333,0.0989211094155844,困难样本
B_difficult_B014_2,primary_processed,0.0804166666666666,0.1481068237012987,困难样本
B_difficult_B014_2,primary_processed,0.0805,-0.1274957737012987,困难样本
B_difficult_B014_2,primary_processed,0.0805833333333333,-0.1587957737012987,困难样本
B_difficult_B014_2,primary_processed,0.0806666666666666,-0.1413165529220779,困难样本
B_difficult_B014_2,primary_processed,0.08075,0.0269717587662337,困难样本
B_difficult_B014_2,primary_processed,0.0808333333333333,0.2635509795454546,困难样本
B_difficult_B014_2,primary_processed,0.0809166666666666,-0.1555438256493506,困难样本
B_difficult_B014_2,primary_processed,0.081,-0.1835918775974026,困难样本
B_difficult_B014_2,primary_processed,0.0810833333333333,0.1428224081168831,困难样本
B_difficult_B014_2,primary_processed,0.0811666666666666,-0.0189620074675324,困难样本
B_difficult_B014_2,primary_processed,0.08125,0.0619302003246753,困难样本
B_difficult_B014_2,primary_processed,0.0813333333333333,0.1208717587662337,困难样本
B_difficult_B014_2,primary_processed,0.0814166666666666,-0.3478152542207792,困难样本
B_difficult_B014_2,primary_processed,0.0815,-0.0803425269480519,困难样本
B_difficult_B014_2,primary_processed,0.0815833333333333,0.3655808496753246,困难样本
B_difficult_B014_2,primary_processed,0.0816666666666666,-0.239281487987013,困难样本
B_difficult_B014_2,primary_processed,0.08175,-0.1457879814935065,困难样本
B_difficult_B014_2,primary_processed,0.0818333333333333,0.0757509795454545,困难样本
B_difficult_B014_2,primary_processed,0.0819166666666666,-0.1128620074675324,困难样本
B_difficult_B014_2,primary_processed,0.082,0.1562366938311688,困难样本
B_difficult_B014_2,primary_processed,0.0820833333333333,0.412327602922078,困难样本
B_difficult_B014_2,primary_processed,0.0821666666666666,-0.305133436038961,困难样本
B_difficult_B014_2,primary_processed,0.08225,-0.8648749944805196,困难样本
B_difficult_B014_2,primary_processed,0.0823333333333333,0.7200431873376624,困难样本
B_difficult_B014_2,primary_processed,0.0824166666666666,0.4359042262987013,困难样本
B_difficult_B014_2,primary_processed,0.0825,-0.6335801892857144,困难样本
B_difficult_B014_2,primary_processed,0.0825833333333333,-0.2657035659090909,困难样本
B_difficult_B014_2,primary_processed,0.0826666666666666,0.1212782522727272,困难样本
B_difficult_B014_2,primary_processed,0.08275,-0.1100165529220779,困难样本
B_difficult_B014_2,primary_processed,0.0828333333333333,0.1456678626623377,困难样本
B_difficult_B014_2,primary_processed,0.0829166666666666,0.3720847457792208,困难样本
B_difficult_B014_2,primary_processed,0.083,-0.5234204490259742,困难样本
B_difficult_B014_2,primary_processed,0.0830833333333333,0.0330691613636363,困难样本
B_difficult_B014_2,primary_processed,0.0831666666666666,0.3728977327922078,困难样本
B_difficult_B014_2,primary_processed,0.08325,-0.1738360334415584,困难样本
B_difficult_B014_2,primary_processed,0.0833333333333333,-0.0303438256493506,困难样本
B_difficult_B014_2,primary_processed,0.0834166666666666,-0.0441646048701298,困难样本
B_difficult_B014_2,primary_processed,0.0835,0.0895717587662337,困难样本
B_difficult_B014_2,primary_processed,0.0835833333333333,0.3025743561688312,困难样本
B_difficult_B014_2,primary_processed,0.0836666666666666,0.0586782522727272,困难样本
B_difficult_B014_2,primary_processed,0.08375,-0.3657009685064935,困难样本
B_difficult_B014_2,primary_processed,0.0838333333333333,0.0517678626623376,困难样本
B_difficult_B014_2,primary_processed,0.0839166666666666,0.3668003301948053,困难样本
B_difficult_B014_2,primary_processed,0.084,-0.0803425269480519,困难样本
B_difficult_B014_2,primary_processed,0.0840833333333333,0.2009509795454545,困难样本
B_difficult_B014_2,primary_processed,0.0841666666666666,-0.0994477217532467,困难样本
B_difficult_B014_2,primary_processed,0.08425,-0.5453710983766233,困难样本
B_difficult_B014_2,primary_processed,0.0843333333333333,0.135505525,困难样本
B_difficult_B014_2,primary_processed,0.0844166666666666,0.4716756548701299,困难样本
B_difficult_B014_2,primary_processed,0.0845,-0.3445633061688312,困难样本
B_difficult_B014_2,primary_processed,0.0845833333333333,-0.4478126568181818,困难样本
B_difficult_B014_2,primary_processed,0.0846666666666666,0.44037565487013,困难样本
B_difficult_B014_2,primary_processed,0.08475,0.2493237068181818,困难样本
B_difficult_B014_2,primary_processed,0.0848333333333333,-0.1726165529220779,困难样本
B_difficult_B014_2,primary_processed,0.0849166666666666,-0.1449749944805195,困难样本
B_difficult_B014_2,primary_processed,0.085,0.2448522782467532,困难样本
B_difficult_B014_2,primary_processed,0.0850833333333333,0.0387600704545454,困难样本
B_difficult_B014_2,primary_processed,0.0851666666666666,0.2090808496753247,困难样本
B_difficult_B014_2,primary_processed,0.08525,0.1229042262987013,困难样本
B_difficult_B014_2,primary_processed,0.0853333333333333,-0.2376555139610389,困难样本
B_difficult_B014_2,primary_processed,0.0854166666666666,0.0863198107142857,困难样本
B_difficult_B014_2,primary_processed,0.0855,0.0668081224025974,困难样本
B_difficult_B014_2,primary_processed,0.0855833333333333,0.1753418886363636,困难样本
B_difficult_B014_2,primary_processed,0.0856666666666666,-0.1620477217532467,困难样本
B_difficult_B014_2,primary_processed,0.08575,-0.2750529165584415,困难样本
B_difficult_B014_2,primary_processed,0.0858333333333333,0.3310289016233767,困难样本
B_difficult_B014_2,primary_processed,0.0859166666666666,0.3663938366883117,困难样本
B_difficult_B014_2,primary_processed,0.086,-0.2596061633116883,困难样本
B_difficult_B014_2,primary_processed,0.0860833333333333,-0.3116373321428571,困难样本
B_difficult_B014_2,primary_processed,0.0861666666666666,0.0489224081168831,困难样本
B_difficult_B014_2,primary_processed,0.08625,-0.057172397077922,困难样本
B_difficult_B014_2,primary_processed,0.0863333333333333,0.1554237068181818,困难样本
B_difficult_B014_2,primary_processed,0.0864166666666666,0.1464808496753246,困难样本
B_difficult_B014_2,primary_processed,0.0865,-0.2844022672077921,困难样本
B_difficult_B014_2,primary_processed,0.0865833333333333,-0.2278996698051948,困难样本
B_difficult_B014_2,primary_processed,0.0866666666666666,0.1485133172077922,困难样本
B_difficult_B014_2,primary_processed,0.08675,0.2322509795454545,困难样本
B_difficult_B014_2,primary_processed,0.0868333333333333,-0.2591996698051948,困难样本
B_difficult_B014_2,primary_processed,0.0869166666666666,0.0062405899350649,困难样本
B_difficult_B014_2,primary_processed,0.087,0.167618512012987,困难样本
B_difficult_B014_2,primary_processed,0.0870833333333333,-0.0803425269480519,困难样本
B_difficult_B014_2,primary_processed,0.0871666666666666,-0.0144905788961038,困难样本
B_difficult_B014_2,primary_processed,0.08725,-0.1258697996753247,困难样本
B_difficult_B014_2,primary_processed,0.0873333333333333,0.0038016288961038,困难样本
B_difficult_B014_2,primary_processed,0.0874166666666666,0.1960730574675324,困难样本
B_difficult_B014_2,primary_processed,0.0875,0.0598977327922078,困难样本
B_difficult_B014_2,primary_processed,0.0875833333333333,-0.1579827866883117,困难样本
B_difficult_B014_2,primary_processed,0.0876666666666666,-0.0348152542207792,困难样本
B_difficult_B014_2,primary_processed,0.08775,-0.0535139555194805,困难样本
B_difficult_B014_2,primary_processed,0.0878333333333333,0.0944496808441558,困难样本
B_difficult_B014_2,primary_processed,0.0879166666666666,0.1850977327922078,困难样本
B_difficult_B014_2,primary_processed,0.088,-0.2335905788961039,困难样本
B_difficult_B014_2,primary_processed,0.0880833333333333,-0.2531022672077922,困难样本
B_difficult_B014_2,primary_processed,0.0881666666666666,0.0603042262987013,困难样本
B_difficult_B014_2,primary_processed,0.08825,0.1643665639610389,困难样本
B_difficult_B014_2,primary_processed,0.0883333333333333,-0.0978217477272727,困难样本
B_difficult_B014_2,primary_processed,0.0884166666666666,-0.0986347347402597,困难样本
B_difficult_B014_2,primary_processed,0.0885,-0.1213983711038961,困难样本
B_difficult_B014_2,primary_processed,0.0885833333333333,0.046483447077922,困难样本
B_difficult_B014_2,primary_processed,0.0886666666666666,0.2062353951298701,困难样本
B_difficult_B014_2,primary_processed,0.08875,-0.1441620074675325,困难样本
B_difficult_B014_2,primary_processed,0.0888333333333333,-0.115707462012987,困难样本
B_difficult_B014_2,primary_processed,0.0889166666666666,0.0086795509740259,困难样本
B_difficult_B014_2,primary_processed,0.089,-0.0840009685064935,困难样本
B_difficult_B014_2,primary_processed,0.0890833333333333,-0.0478230464285714,困难样本
B_difficult_B014_2,primary_processed,0.0891666666666666,-0.0421321373376623,困难样本
B_difficult_B014_2,primary_processed,0.08925,-0.1852178516233766,困难样本
B_difficult_B014_2,primary_processed,0.0893333333333333,0.1164003301948052,困难样本
B_difficult_B014_2,primary_processed,0.0894166666666666,0.2151782522727273,困难样本
B_difficult_B014_2,primary_processed,0.0895,-0.1372516178571429,困难样本
B_difficult_B014_2,primary_processed,0.0895833333333333,-0.2339970724025974,困难样本
B_difficult_B014_2,primary_processed,0.0896666666666666,0.1155873431818182,困难样本
B_difficult_B014_2,primary_processed,0.08975,0.261518512012987,困难样本
B_difficult_B014_2,primary_processed,0.0898333333333333,-0.0734321373376623,困难样本
B_difficult_B014_2,primary_processed,0.0899166666666666,-0.1839983711038961,困难样本
B_difficult_B014_2,primary_processed,0.09,0.1448548756493506,困难样本
B_difficult_B014_2,primary_processed,0.0900833333333333,0.0558327977272727,困难样本
B_difficult_B014_2,primary_processed,0.0901666666666666,0.1314405899350649,困难样本
B_difficult_B014_2,primary_processed,0.09025,0.1216847457792208,困难样本
B_difficult_B014_2,primary_processed,0.0903333333333333,0.0692470834415584,困难样本
B_difficult_B014_2,primary_processed,0.0904166666666666,-0.1697710983766234,困难样本
B_difficult_B014_2,primary_processed,0.0905,0.0086795509740259,困难样本
B_difficult_B014_2,primary_processed,0.0905833333333333,0.3615159146103897,困难样本
B_difficult_B014_2,primary_processed,0.0906666666666666,0.1855042262987013,困难样本
B_difficult_B014_2,primary_processed,0.09075,-0.3303360334415585,困难样本
B_difficult_B014_2,primary_processed,0.0908333333333333,-0.3669204490259741,困难样本
B_difficult_B014_2,primary_processed,0.0909166666666666,0.1383509795454545,困难样本
B_difficult_B014_2,primary_processed,0.091,0.4342782522727273,困难样本
B_difficult_B014_2,primary_processed,0.0910833333333333,-0.2587931762987012,困难样本
B_difficult_B014_2,primary_processed,0.0911666666666666,-0.3726113581168832,困难样本
B_difficult_B014_2,primary_processed,0.09125,0.4066366938311689,困难样本
B_difficult_B014_2,primary_processed,0.0913333333333333,0.1350990314935065,困难样本
B_difficult_B014_2,primary_processed,0.0914166666666666,-0.2092009685064935,困难样本
B_difficult_B014_2,primary_processed,0.0915,0.0911977327922078,困难样本
B_difficult_B014_2,primary_processed,0.0915833333333333,0.1598951353896104,困难样本
B_difficult_B014_2,primary_processed,0.0916666666666666,-0.0600178516233766,困难样本
B_difficult_B014_2,primary_processed,0.09175,0.3220860444805196,困难样本
B_difficult_B014_2,primary_processed,0.0918333333333333,-0.1384710983766234,困难样本
B_difficult_B014_2,primary_processed,0.0919166666666666,-0.239281487987013,困难样本
B_difficult_B014_2,primary_processed,0.092,0.1428224081168831,困难样本
B_difficult_B014_2,primary_processed,0.0920833333333333,0.1615211094155844,困难样本
B_difficult_B014_2,primary_processed,0.0921666666666666,0.0968886418831169,困难样本
B_difficult_B014_2,primary_processed,0.09225,0.0607107198051948,困难样本
B_difficult_B014_2,primary_processed,0.0923333333333333,-0.117333436038961,困难样本
B_difficult_B014_2,primary_processed,0.0924166666666666,0.0842873431818182,困难样本
B_difficult_B014_2,primary_processed,0.0925,0.1139613691558441,困难样本
B_difficult_B014_2,primary_processed,0.0925833333333333,-0.207981487987013,困难样本
B_difficult_B014_2,primary_processed,0.0926666666666666,0.2546081224025974,困难样本
B_difficult_B014_2,primary_processed,0.09275,0.0290042262987013,困难样本
B_difficult_B014_2,primary_processed,0.0928333333333333,-0.636425643831169,困难样本
B_difficult_B014_2,primary_processed,0.0929166666666666,0.3119237068181818,困难样本
B_difficult_B014_2,primary_processed,0.093,0.3976938366883118,困难样本
B_difficult_B014_2,primary_processed,0.0930833333333333,-0.4140736957792208,困难样本
B_difficult_B014_2,primary_processed,0.0931666666666666,-0.1510723970779221,困难样本
B_difficult_B014_2,primary_processed,0.09325,0.4387496808441559,困难样本
B_difficult_B014_2,primary_processed,0.0933333333333333,0.0586782522727272,困难样本
B_difficult_B014_2,primary_processed,0.0934166666666666,-0.3567581113636363,困难样本
B_difficult_B014_2,primary_processed,0.0935,-0.0787165529220779,困难样本
B_difficult_B014_2,primary_processed,0.0935833333333333,0.0574587717532467,困难样本
B_difficult_B014_2,primary_processed,0.0936666666666666,0.0420120185064935,困难样本
B_difficult_B014_2,primary_processed,0.09375,-0.1299347347402597,困难样本
B_difficult_B014_2,primary_processed,0.0938333333333333,-0.0189620074675324,困难样本
B_difficult_B014_2,primary_processed,0.0939166666666666,-0.2026970724025974,困难样本
B_difficult_B014_2,primary_processed,0.094,-0.0953827866883117,困难样本
B_difficult_B014_2,primary_processed,0.0940833333333333,0.0570522782467532,困难样本
B_difficult_B014_2,primary_processed,0.0941666666666666,0.1273756548701299,困难样本
B_difficult_B014_2,primary_processed,0.09425,-0.0803425269480519,困难样本
B_difficult_B014_2,primary_processed,0.0943333333333333,-0.4648853840909092,困难样本
B_difficult_B014_2,primary_processed,0.0944166666666666,0.3989133172077922,困难样本
B_difficult_B014_2,primary_processed,0.0945,0.2688353951298702,困难样本
B_difficult_B014_2,primary_processed,0.0945833333333333,-0.3791152542207792,困难样本
B_difficult_B014_2,primary_processed,0.0946666666666666,0.0310366938311688,困难样本
B_difficult_B014_2,primary_processed,0.09475,-0.0433516178571428,困难样本
B_difficult_B014_2,primary_processed,0.0948333333333333,-0.0238399295454545,困难样本
B_difficult_B014_2,primary_processed,0.0949166666666666,0.0257522782467532,困难样本
B_difficult_B014_2,primary_processed,0.095,0.0574587717532467,困难样本
B_difficult_B014_2,primary_processed,0.0950833333333333,-0.0872529165584415,困难样本
B_difficult_B014_2,primary_processed,0.0951666666666666,-0.1718035659090909,困难样本
B_difficult_B014_2,primary_processed,0.09525,0.288753576948052,困难样本
B_difficult_B014_2,primary_processed,0.0953333333333333,0.135505525,困难样本
B_difficult_B014_2,primary_processed,0.0954166666666666,-0.2478178516233766,困难样本
B_difficult_B014_2,primary_processed,0.0955,-0.021807462012987,困难样本
B_difficult_B014_2,primary_processed,0.0955833333333333,0.3334678626623377,困难样本
B_difficult_B014_2,primary_processed,0.0956666666666666,-0.1592022672077922,困难样本
B_difficult_B014_2,primary_processed,0.09575,-0.0043282412337662,困难样本
B_difficult_B014_2,primary_processed,0.0958333333333333,-0.147007462012987,困难样本
B_difficult_B014_2,primary_processed,0.0959166666666666,-0.0376607087662337,困难样本
B_difficult_B014_2,primary_processed,0.096,0.1529847457792207,困难样本
B_difficult_B014_2,primary_processed,0.0960833333333333,-0.143755513961039,困难样本
B_difficult_B014_2,primary_processed,0.0961666666666666,0.0017691613636363,困难样本
B_difficult_B014_2,primary_processed,0.09625,-0.0344087607142857,困难样本
B_difficult_B014_2,primary_processed,0.0963333333333333,-0.1380646048701299,困难样本
B_difficult_B014_2,primary_processed,0.0964166666666666,0.0086795509740259,困难样本
B_difficult_B014_2,primary_processed,0.0965,0.2643639665584416,困难样本
B_difficult_B014_2,primary_processed,0.0965833333333333,0.0989211094155844,困难样本
B_difficult_B014_2,primary_processed,0.0966666666666666,-0.0819685009740259,困难样本
B_difficult_B014_2,primary_processed,0.09675,0.0842873431818182,困难样本
B_difficult_B014_2,primary_processed,0.0968333333333333,0.1578626678571428,困难样本
B_difficult_B014_2,primary_processed,0.0969166666666666,0.1115224081168831,困难样本
B_difficult_B014_2,primary_processed,0.097,-0.147820449025974,困难样本
B_difficult_B014_2,primary_processed,0.0970833333333333,0.1298146159090909,困难样本
B_difficult_B014_2,primary_processed,0.0971666666666666,0.1468873431818182,困难样本
B_difficult_B014_2,primary_processed,0.09725,-0.1441620074675325,困难样本
B_difficult_B014_2,primary_processed,0.0973333333333333,0.1029860444805195,困难样本
B_difficult_B014_2,primary_processed,0.0974166666666666,-0.0453840853896104,困难样本
B_difficult_B014_2,primary_processed,0.0975,0.0265652652597402,困难样本
B_difficult_B014_2,primary_processed,0.0975833333333333,0.1342860444805194,困难样本
B_difficult_B014_2,primary_processed,0.0976666666666666,0.1436353951298701,困难样本
B_difficult_B014_2,primary_processed,0.09775,-0.0791230464285714,困难样本
B_difficult_B014_2,primary_processed,0.0978333333333333,-0.1335931762987013,困难样本
B_difficult_B014_2,primary_processed,0.0979166666666666,0.291192537987013,困难样本
B_difficult_B014_2,primary_processed,0.098,0.0643691613636363,困难样本
B_difficult_B014_2,primary_processed,0.0980833333333333,-0.0795295399350649,困难样本
B_difficult_B014_2,primary_processed,0.0981666666666666,-0.1567633061688312,困难样本
B_difficult_B014_2,primary_processed,0.09825,0.0830678626623376,困难样本
B_difficult_B014_2,primary_processed,0.0983333333333333,0.0411990314935065,困难样本
B_difficult_B014_2,primary_processed,0.0984166666666666,-0.1295282412337662,困难样本
B_difficult_B014_2,primary_processed,0.0985,-0.0238399295454545,困难样本
B_difficult_B014_2,primary_processed,0.0985833333333333,0.0619302003246753,困难样本
B_difficult_B014_2,primary_processed,0.0986666666666666,0.0330691613636363,困难样本
B_difficult_B014_2,primary_processed,0.09875,-0.0193685009740259,困难样本
B_difficult_B014_2,primary_processed,0.0988333333333333,0.0428250055194805,困难样本
B_difficult_B014_2,primary_processed,0.0989166666666666,-0.0368477217532467,困难样本
B_difficult_B014_2,primary_processed,0.099,-0.0051412282467532,困难样本
B_difficult_B014_2,primary_processed,0.0990833333333333,0.0989211094155844,困难样本
B_difficult_B014_2,primary_processed,0.0991666666666666,0.0131509795454545,困难样本
B_difficult_B014_2,primary_processed,0.09925,0.0265652652597402,困难样本
B_difficult_B014_2,primary_processed,0.0993333333333333,-0.1075775918831168,困难样本
B_difficult_B014_2,primary_processed,0.0994166666666666,-0.0457905788961039,困难样本
B_difficult_B014_2,primary_processed,0.0995,-0.0933503191558441,困难样本
B_difficult_B014_2,primary_processed,0.0995833333333333,0.169244486038961,困难样本
B_difficult_B014_2,primary_processed,0.0996666666666666,0.1655860444805195,困难样本
B_difficult_B014_2,primary_processed,0.09975,-0.3087918775974025,困难样本
B_difficult_B014_2,primary_processed,0.0998333333333333,-0.3177347347402597,困难样本
B_difficult_B014_2,primary_processed,0.0999166666666666,0.2436327977272727,困难样本
B_difficult_B014_2,primary_processed,0.1,0.4062302003246754,困难样本
B_difficult_B014_2,primary_processed,0.1000833333333333,-0.3876516178571428,困难样本
B_difficult_B014_2,primary_processed,0.1001666666666666,-0.211233436038961,困难样本
B_difficult_B014_2,primary_processed,0.10025,0.4314327977272728,困难样本
B_difficult_B014_2,primary_processed,0.1003333333333333,-0.0417256438311688,困难样本
B_difficult_B014_2,primary_processed,0.1004166666666666,-0.5640697996753248,困难样本
B_difficult_B014_2,primary_processed,0.1005,-0.1014801892857142,困难样本
B_difficult_B014_2,primary_processed,0.1005833333333333,0.2131457847402597,困难样本
B_difficult_B014_2,primary_processed,0.1006666666666666,0.1729029275974026,困难样本
B_difficult_B014_2,primary_processed,0.10075,-0.0937568126623376,困难样本
B_difficult_B014_2,primary_processed,0.1008333333333333,-0.4823646048701299,困难样本
B_difficult_B014_2,primary_processed,0.1009166666666666,0.078596434090909,困难样本
B_difficult_B014_2,primary_processed,0.101,0.2676159146103897,困难样本
B_difficult_B014_2,primary_processed,0.1010833333333333,-0.118146423051948,困难样本
B_difficult_B014_2,primary_processed,0.1011666666666666,-0.0628633061688311,困难样本
B_difficult_B014_2,primary_processed,0.10125,0.1407899405844155,困难样本
B_difficult_B014_2,primary_processed,0.1013333333333333,0.0542068237012987,困难样本
B_difficult_B014_2,primary_processed,0.1014166666666666,-0.2600126568181818,困难样本
B_difficult_B014_2,primary_processed,0.1015,0.0375405899350649,困难样本
B_difficult_B014_2,primary_processed,0.1015833333333333,0.2119263042207792,困难样本
B_difficult_B014_2,primary_processed,0.1016666666666666,-0.1522918775974026,困难样本
B_difficult_B014_2,primary_processed,0.10175,-0.0502620074675324,困难样本
B_difficult_B014_2,primary_processed,0.1018333333333333,0.135505525,困难样本
B_difficult_B014_2,primary_processed,0.1019166666666666,0.0245327977272727,困难样本
B_difficult_B014_2,primary_processed,0.102,-0.0096126568181818,困难样本
B_difficult_B014_2,primary_processed,0.1020833333333333,0.0529873431818181,困难样本
B_difficult_B014_2,primary_processed,0.1021666666666666,-0.0466035659090909,困难样本
B_difficult_B014_2,primary_processed,0.10225,0.137944486038961,困难样本
B_difficult_B014_2,primary_processed,0.1023333333333333,0.108270460064935,困难样本
B_difficult_B014_2,primary_processed,0.1024166666666666,-0.212859410064935,困难样本
B_difficult_B014_2,primary_processed,0.1025,0.0265652652597402,困难样本
B_difficult_B014_2,primary_processed,0.1025833333333333,0.1013600704545454,困难样本
B_difficult_B014_2,primary_processed,0.1026666666666666,-0.0705866827922077,困难样本
B_difficult_B014_2,primary_processed,0.10275,-0.1526983711038961,困难样本
B_difficult_B014_2,primary_processed,0.1028333333333333,0.0562392912337662,困难样本
B_difficult_B014_2,primary_processed,0.1029166666666666,-0.0888788905844155,困难样本
B_difficult_B014_2,primary_processed,0.103,-0.1266827866883117,困难样本
B_difficult_B014_2,primary_processed,0.1030833333333333,0.3163951353896104,困难样本
B_difficult_B014_2,primary_processed,0.1031666666666666,0.0546133172077922,困难样本
B_difficult_B014_2,primary_processed,0.10325,-0.2218022672077922,困难样本
B_difficult_B014_2,primary_processed,0.1033333333333333,-0.0628633061688311,困难样本
B_difficult_B014_2,primary_processed,0.1034166666666666,0.0590847457792207,困难样本
B_difficult_B014_2,primary_processed,0.1035,-0.0579853840909091,困难样本
B_difficult_B014_2,primary_processed,0.1035833333333333,0.1009535769480519,困难样本
B_difficult_B014_2,primary_processed,0.1036666666666666,0.1489198107142857,困难样本
B_difficult_B014_2,primary_processed,0.10375,-0.1738360334415584,困难样本
B_difficult_B014_2,primary_processed,0.1038333333333333,-0.1311542152597402,困难样本
B_difficult_B014_2,primary_processed,0.1039166666666666,0.1497327977272727,困难样本
B_difficult_B014_2,primary_processed,0.104,0.1159938366883117,困难样本
B_difficult_B014_2,primary_processed,0.1040833333333333,0.0403860444805194,困难样本
B_difficult_B014_2,primary_processed,0.1041666666666666,0.2513561743506494,困难样本
B_difficult_B014_2,primary_processed,0.10425,0.1265626678571428,困难样本
B_difficult_B014_2,primary_processed,0.1043333333333333,-0.0657087607142857,困难样本
B_difficult_B014_2,primary_processed,0.1044166666666666,0.0781899405844156,困难样本
B_difficult_B014_2,primary_processed,0.1045,0.0956691613636363,困难样本
B_difficult_B014_2,primary_processed,0.1045833333333333,0.3151756548701299,困难样本
B_difficult_B014_2,primary_processed,0.1046666666666666,-0.021807462012987,困难样本
B_difficult_B014_2,primary_processed,0.10475,-0.1941607087662337,困难样本
B_difficult_B014_2,primary_processed,0.1048333333333333,0.197292537987013,困难样本
B_difficult_B014_2,primary_processed,0.1049166666666666,0.0054276029220779,困难样本
B_difficult_B014_2,primary_processed,0.105,-0.1811529165584416,困难样本
B_difficult_B014_2,primary_processed,0.1050833333333333,0.043231499025974,困难样本
B_difficult_B014_2,primary_processed,0.1051666666666666,0.139570460064935,困难样本
B_difficult_B014_2,primary_processed,0.10525,-0.1441620074675325,困难样本
B_difficult_B014_2,primary_processed,0.1053333333333333,-0.0636762931818181,困难样本
B_difficult_B014_2,primary_processed,0.1054166666666666,-0.1368451243506493,困难样本
B_difficult_B014_2,primary_processed,0.1055,-0.0372542152597402,困难样本
B_difficult_B014_2,primary_processed,0.1055833333333333,0.1863172133116883,困难样本
B_difficult_B014_2,primary_processed,0.1056666666666666,-0.0368477217532467,困难样本
B_difficult_B014_2,primary_processed,0.10575,-0.2222087607142857,困难样本
B_difficult_B014_2,primary_processed,0.1058333333333333,-0.0230269425324675,困难样本
B_difficult_B014_2,primary_processed,0.1059166666666666,0.0851003301948052,困难样本
B_difficult_B014_2,primary_processed,0.106,0.0436379925324675,困难样本
B_difficult_B014_2,primary_processed,0.1060833333333333,-0.0315633061688311,困难样本
B_difficult_B014_2,primary_processed,0.1061666666666666,-0.0900983711038961,困难样本
B_difficult_B014_2,primary_processed,0.10625,-0.053107462012987,困难样本
B_difficult_B014_2,primary_processed,0.1063333333333333,-0.0315633061688311,困难样本
B_difficult_B014_2,primary_processed,0.1064166666666666,-0.1043256438311688,困难样本
B_difficult_B014_2,primary_processed,0.1065,0.1472938366883117,困难样本
B_difficult_B014_2,primary_processed,0.1065833333333333,0.0603042262987013,困难样本
B_difficult_B014_2,primary_processed,0.1066666666666666,-0.1905022672077922,困难样本
B_difficult_B014_2,primary_processed,0.10675,0.0436379925324675,困难样本
B_difficult_B014_2,primary_processed,0.1068333333333333,0.046483447077922,困难样本
B_difficult_B014_2,primary_processed,0.1069166666666666,0.071279550974026,困难样本
B_difficult_B014_2,primary_processed,0.107,0.169244486038961,困难样本
B_difficult_B014_2,primary_processed,0.1070833333333333,0.0021756548701298,困难样本
B_difficult_B014_2,primary_processed,0.1071666666666666,-0.1466009685064935,困难样本
B_difficult_B014_2,primary_processed,0.10725,0.2216821483766234,困难样本
B_difficult_B014_2,primary_processed,0.1073333333333333,-0.0120516178571428,困难样本
B_difficult_B014_2,primary_processed,0.1074166666666666,-0.2531022672077922,困难样本
B_difficult_B014_2,primary_processed,0.1075,0.0078665639610389,困难样本
B_difficult_B014_2,primary_processed,0.1075833333333333,0.1151808496753246,困难样本
B_difficult_B014_2,primary_processed,0.1076666666666666,-0.1327801892857143,困难样本
B_difficult_B014_2,primary_processed,0.10775,-0.2315581113636363,困难样本
B_difficult_B014_2,primary_processed,0.1078333333333333,-0.0494490204545454,困难样本
B_difficult_B014_2,primary_processed,0.1079166666666666,0.076970460064935,困难样本
B_difficult_B014_2,primary_processed,0.108,0.0314431873376623,困难样本
B_difficult_B014_2,primary_processed,0.1080833333333333,-0.307572397077922,困难样本
B_difficult_B014_2,primary_processed,0.1081666666666666,-0.1124555139610389,困难样本
B_difficult_B014_2,primary_processed,0.10825,0.1505457847402597,困难样本
B_difficult_B014_2,primary_processed,0.1083333333333333,-0.394968500974026,困难样本
B_difficult_B014_2,primary_processed,0.1084166666666666,0.1257496808441558,困难样本
B_difficult_B014_2,primary_processed,0.1085,0.3936289016233767,困难样本
B_difficult_B014_2,primary_processed,0.1085833333333333,-0.3673269425324675,困难样本
B_difficult_B014_2,primary_processed,0.1086666666666666,-0.3124503191558442,困难样本
B_difficult_B014_2,primary_processed,0.10875,0.3302159146103897,困难样本
B_difficult_B014_2,primary_processed,0.1088333333333333,0.0074600704545454,困难样本
B_difficult_B014_2,primary_processed,0.1089166666666666,-0.2791178516233766,困难样本
B_difficult_B014_2,primary_processed,0.109,0.2765587717532468,困难样本
B_difficult_B014_2,primary_processed,0.1090833333333333,0.0842873431818182,困难样本
B_difficult_B014_2,primary_processed,0.1091666666666666,-0.3567581113636363,困难样本
B_difficult_B014_2,primary_processed,0.10925,-0.1303412282467532,困难样本
B_difficult_B014_2,primary_processed,0.1093333333333333,0.2525756548701299,困难样本
B_difficult_B014_2,primary_processed,0.1094166666666666,0.381027602922078,困难样本
B_difficult_B014_2,primary_processed,0.1095,-0.0006697996753246,困难样本
B_difficult_B014_2,primary_processed,0.1095833333333333,-0.2315581113636363,困难样本
B_difficult_B014_2,primary_processed,0.1096666666666666,0.199731499025974,困难样本
B_difficult_B014_2,primary_processed,0.10975,0.3066392912337663,困难样本
B_difficult_B014_2,primary_processed,0.1098333333333333,-0.2884672022727272,困难样本
B_difficult_B014_2,primary_processed,0.1099166666666666,0.2062353951298701,困难样本
B_difficult_B014_2,primary_processed,0.11,0.3838730574675325,困难样本
B_difficult_B014_2,primary_processed,0.1100833333333333,-0.3705788905844156,困难样本
B_difficult_B014_2,primary_processed,0.1101666666666666,-0.0348152542207792,困难样本
B_difficult_B014_2,primary_processed,0.11025,0.0188418886363636,困难样本
B_difficult_B014_2,primary_processed,0.1103333333333333,-0.1270892801948052,困难样本
B_difficult_B014_2,primary_processed,0.1104166666666666,0.0497353951298701,困难样本
B_difficult_B014_2,primary_processed,0.1105,0.0038016288961038,困难样本
B_difficult_B014_2,primary_processed,0.1105833333333333,0.0619302003246753,困难样本
B_difficult_B014_2,primary_processed,0.1106666666666666,-0.0636762931818181,困难样本
B_difficult_B014_2,primary_processed,0.11075,-0.2181438256493507,困难样本
B_difficult_B014_2,primary_processed,0.1108333333333333,0.2367224081168831,困难样本
B_difficult_B014_2,primary_processed,0.1109166666666666,0.1440418886363636,困难样本
B_difficult_B014_2,primary_processed,0.111,-0.2014775918831169,困难样本
B_difficult_B014_2,primary_processed,0.1110833333333333,0.0472964340909091,困难样本
B_difficult_B014_2,primary_processed,0.1111666666666666,0.0302237068181818,困难样本
B_difficult_B014_2,primary_processed,0.11125,-0.0734321373376623,困难样本
B_difficult_B014_2,primary_processed,0.1113333333333333,0.0554263042207792,困难样本
B_difficult_B014_2,primary_processed,0.1114166666666666,0.2411938366883117,困难样本
B_difficult_B014_2,primary_processed,0.1115,0.1310340964285714,困难样本
B_difficult_B014_2,primary_processed,0.1115833333333333,-0.116520449025974,困难样本
B_difficult_B014_2,primary_processed,0.1116666666666666,0.1456678626623377,困难样本
B_difficult_B014_2,primary_processed,0.11175,0.1663990314935065,困难样本
B_difficult_B014_2,primary_processed,0.1118333333333333,-0.118146423051948,困难样本
B_difficult_B014_2,primary_processed,0.1119166666666666,0.3086717587662339,困难样本
B_difficult_B014_2,primary_processed,0.112,-0.0803425269480519,困难样本
B_difficult_B014_2,primary_processed,0.1120833333333333,-0.2445659035714286,困难样本
B_difficult_B014_2,primary_processed,0.1121666666666666,0.0367276029220779,困难样本
B_difficult_B014_2,primary_processed,0.11225,-0.0132710983766233,困难样本
B_difficult_B014_2,primary_processed,0.1123333333333333,-0.0189620074675324,困难样本
B_difficult_B014_2,primary_processed,0.1124166666666666,0.2505431873376623,困难样本
B_difficult_B014_2,primary_processed,0.1125,0.0651821483766234,困难样本
B_difficult_B014_2,primary_processed,0.1125833333333333,-0.2441594100649351,困难样本
B_difficult_B014_2,primary_processed,0.1126666666666666,0.0411990314935065,困难样本
B_difficult_B014_2,primary_processed,0.11275,-0.114081487987013,困难样本
B_difficult_B014_2,primary_processed,0.1128333333333333,0.1846912392857143,困难样本
B_difficult_B014_2,primary_processed,0.1129166666666666,-0.0181490204545454,困难样本
B_difficult_B014_2,primary_processed,0.113,-0.1258697996753247,困难样本
B_difficult_B014_2,primary_processed,0.1130833333333333,-0.114081487987013,困难样本
B_difficult_B014_2,primary_processed,0.1131666666666666,-0.2848087607142857,困难样本
B_difficult_B014_2,primary_processed,0.11325,-0.0144905788961038,困难样本
B_difficult_B014_2,primary_processed,0.1133333333333333,0.0647756548701298,困难样本
B_difficult_B014_2,primary_processed,0.1134166666666666,-0.0970087607142857,困难样本
B_difficult_B014_2,primary_processed,0.1135,-0.0620503191558441,困难样本
B_difficult_B014_2,primary_processed,0.1135833333333333,-0.0449775918831168,困难样本
B_difficult_B014_2,primary_processed,0.1136666666666666,-0.1770879814935065,困难样本
B_difficult_B014_2,primary_processed,0.11375,-0.052294475,困难样本
B_difficult_B014_2,primary_processed,0.1138333333333333,0.0883522782467532,困难样本
B_difficult_B014_2,primary_processed,0.1139166666666666,0.074531499025974,困难样本
B_difficult_B014_2,primary_processed,0.114,0.044857473051948,困难样本
B_difficult_B014_2,primary_processed,0.1140833333333333,-0.1352191503246753,困难样本
B_difficult_B014_2,primary_processed,0.1141666666666666,-0.0608308386363636,困难样本
B_difficult_B014_2,primary_processed,0.11425,0.0867263042207792,困难样本
B_difficult_B014_2,primary_processed,0.1143333333333333,0.1029860444805195,困难样本
B_difficult_B014_2,primary_processed,0.1144166666666666,0.106644486038961,困难样本
B_difficult_B014_2,primary_processed,0.1145,-0.1620477217532467,困难样本
B_difficult_B014_2,primary_processed,0.1145833333333333,-0.0974152542207792,困难样本
B_difficult_B014_2,primary_processed,0.1146666666666666,0.045670460064935,困难样本
B_difficult_B014_2,primary_processed,0.11475,0.0257522782467532,困难样本
B_difficult_B014_2,primary_processed,0.1148333333333333,-0.1059516178571428,困难样本
B_difficult_B014_2,primary_processed,0.1149166666666666,0.0306302003246753,困难样本
B_difficult_B014_2,primary_processed,0.115,-0.0417256438311688,困难样本
B_difficult_B014_2,primary_processed,0.1150833333333333,-0.2640775918831168,困难样本
B_difficult_B014_2,primary_processed,0.1151666666666666,0.0639626678571428,困难样本
B_difficult_B014_2,primary_processed,0.11525,0.135505525,困难样本
B_difficult_B014_2,primary_processed,0.1153333333333333,0.0871327977272727,困难样本
B_difficult_B014_2,primary_processed,0.1154166666666666,-0.208794475,困难样本
B_difficult_B014_2,primary_processed,0.1155,0.0855068237012987,困难样本
B_difficult_B014_2,primary_processed,0.1155833333333333,0.105831499025974,困难样本
B_difficult_B014_2,primary_processed,0.1156666666666666,-0.2205827866883117,困难样本
B_difficult_B014_2,primary_processed,0.11575,0.0468899405844155,困难样本
B_difficult_B014_2,primary_processed,0.1158333333333333,0.1733094211038961,困难样本
B_difficult_B014_2,primary_processed,0.1159166666666666,-0.1657061633116883,困难样本
B_difficult_B014_2,primary_processed,0.116,-0.1974126568181818,困难样本
B_difficult_B014_2,primary_processed,0.1160833333333333,0.1273756548701299,困难样本
B_difficult_B014_2,primary_processed,0.1161666666666666,-0.0331892801948052,困难样本
B_difficult_B014_2,primary_processed,0.11625,-0.0079866827922077,困难样本
B_difficult_B014_2,primary_processed,0.1163333333333333,0.165992537987013,困难样本
B_difficult_B014_2,primary_processed,0.1164166666666666,0.1224977327922078,困难样本
B_difficult_B014_2,primary_processed,0.1165,-0.0405061633116883,困难样本
B_difficult_B014_2,primary_processed,0.1165833333333333,-0.0974152542207792,困难样本
B_difficult_B014_2,primary_processed,0.1166666666666666,0.2643639665584416,困难样本
B_difficult_B014_2,primary_processed,0.11675,0.288753576948052,困难样本
B_difficult_B014_2,primary_processed,0.1168333333333333,-0.118146423051948,困难样本
B_difficult_B014_2,primary_processed,0.1169166666666666,0.0676211094155844,困难样本
B_difficult_B014_2,primary_processed,0.117,0.2745263042207793,困难样本
B_difficult_B014_2,primary_processed,0.1170833333333333,-0.3681399295454545,困难样本
B_difficult_B014_2,primary_processed,0.1171666666666666,-0.2177373321428571,困难样本
B_difficult_B014_2,primary_processed,0.11725,0.5826483821428572,困难样本
B_difficult_B014_2,primary_processed,0.1173333333333333,-0.2043230464285714,困难样本
B_difficult_B014_2,primary_processed,0.1174166666666666,-0.3486282412337662,困难样本
B_difficult_B014_2,primary_processed,0.1175,0.4257418886363637,困难样本
B_difficult_B014_2,primary_processed,0.1175833333333333,-0.1730230464285714,困难样本
B_difficult_B014_2,primary_processed,0.1176666666666666,-0.4392762931818182,困难样本
B_difficult_B014_2,primary_processed,0.11775,0.168431499025974,困难样本
B_difficult_B014_2,primary_processed,0.1178333333333333,0.3838730574675325,困难样本
B_difficult_B014_2,primary_processed,0.1179166666666666,-0.1063581113636363,困难样本
B_difficult_B014_2,primary_processed,0.118,-0.0856269425324675,困难样本
B_difficult_B014_2,primary_processed,0.1180833333333333,0.169244486038961,困难样本
B_difficult_B014_2,primary_processed,0.1181666666666666,0.1611146159090909,困难样本
B_difficult_B014_2,primary_processed,0.11825,-0.300255513961039,困难样本
B_difficult_B014_2,primary_processed,0.1183333333333333,0.1342860444805194,困难样本
B_difficult_B014_2,primary_processed,0.1184166666666666,0.40907565487013,困难样本
B_difficult_B014_2,primary_processed,0.1185,-0.1953801892857143,困难样本
B_difficult_B014_2,primary_processed,0.1185833333333333,-0.2356230464285714,困难样本
B_difficult_B014_2,primary_processed,0.1186666666666666,0.1070509795454545,困难样本
B_difficult_B014_2,primary_processed,0.11875,0.041605525,困难样本
B_difficult_B014_2,primary_processed,0.1188333333333333,-0.1128620074675324,困难样本
B_difficult_B014_2,primary_processed,0.1189166666666666,0.0692470834415584,困难样本
B_difficult_B014_2,primary_processed,0.119,-0.0514814879870129,困难样本
B_difficult_B014_2,primary_processed,0.1190833333333333,-0.0400996698051948,困难样本
B_difficult_B014_2,primary_processed,0.1191666666666666,0.045670460064935,困难样本
B_difficult_B014_2,primary_processed,0.11925,-0.023433436038961,困难样本
B_difficult_B014_2,primary_processed,0.1193333333333333,-0.0307503191558441,困难样本
B_difficult_B014_2,primary_processed,0.1194166666666666,-0.1124555139610389,困难样本
B_difficult_B014_2,primary_processed,0.1195,-0.023433436038961,困难样本
B_difficult_B014_2,primary_processed,0.1195833333333333,0.0050211094155844,困难样本
B_difficult_B014_2,primary_processed,0.1196666666666666,-0.0161165529220779,困难样本
B_difficult_B014_2,primary_processed,0.11975,-0.1299347347402597,困难样本
B_difficult_B014_2,primary_processed,0.1198333333333333,0.0806289016233766,困难样本
B_difficult_B014_2,primary_processed,0.1199166666666666,0.0607107198051948,困难样本
B_difficult_B014_2,primary_processed,0.12,-0.208794475,困难样本
