domain,subgroup,file,relative_path,label,fs,rpm,signal_var,signal_length,window_index,window_start,mean,std,rms,peak_abs,ptp,skewness,kurtosis,crest_factor,impulse_factor,shape_factor,clearance_factor,dominant_freq_0_6k,spectral_centroid_0_6k,f95_0_6k,spectral_entropy_0_6k,energy_0_500,energy_500_1500,energy_1500_3000,energy_3000_6000
source,source_12khz_de,B007_0.mat,source_domain\cwru_12khz_de\B007_0.mat,B,12000,1796.0,X118_DE_time,96000,0,0,0.002387676693922286,0.13690125682977103,0.1369220768231538,0.5252523180000231,1.0384477844311375,-0.04038419214716789,2.9833362760863316,3.836140454359262,4.811997879614632,1.2543852178590837,5.688009839372088,3263.671875,2987.004862521247,3489.2578125,0.7307432111936367,0.01927078635583422,0.06956812018964158,0.19198457199746655,0.71864346830858
source,source_12khz_de,B007_0.mat,source_domain\cwru_12khz_de\B007_0.mat,B,12000,1796.0,X118_DE_time,96000,1,24000,0.0008192707624518932,0.13855406326016326,0.13855648541473448,0.5794689993652463,1.067686107784431,-0.0011300039374075358,2.98572854569911,4.182186042223627,5.2460931124485946,1.2543901824179575,6.201019106008864,3231.4453125,2984.1482985291145,3495.1171875,0.7298818116590521,0.017785105941326325,0.07106797410917717,0.2133350018760064,0.696934491043372
source,source_12khz_de,B007_0.mat,source_domain\cwru_12khz_de\B007_0.mat,B,12000,1796.0,X118_DE_time,96000,2,48000,-0.00045570964340306373,0.13642622484960942,0.13642698595950611,0.562125092451121,1.0348742115768463,-0.010482812654352185,2.9356480789550816,4.120336519153542,5.16596242622423,1.2537719679381014,6.110504339254575,3445.3125,2991.7873252585027,3512.6953125,0.725473092264128,0.020521530212570062,0.06597775246448448,0.21171212450347704,0.7012664157155366
source,source_12khz_de,B007_0.mat,source_domain\cwru_12khz_de\B007_0.mat,B,12000,1796.0,X118_DE_time,96000,3,84000,-0.0014590037585061903,0.1394774684919216,0.13948509923601993,0.5702468489381469,1.1235637924151696,0.008731575887583163,2.9840799591140414,4.088227717923873,5.1053512250632505,1.2487932613546542,6.0117217744012175,3263.671875,3033.6547074824884,3498.046875,0.7093236109946717,0.019002015830061995,0.058433205968134325,0.16701599386872068,0.7550067917963426
source,source_12khz_de,B007_1.mat,source_domain\cwru_12khz_de\B007_1.mat,B,12000,1772.0,X119_DE_time,96000,0,0,-0.0002617213818709649,0.13906761742654788,0.13906786370250468,0.6357777057205909,1.2310958483033931,0.005484142964180311,3.0928792755118284,4.57170829255047,5.738903091742551,1.255308240259498,6.77916022574272,3372.0703125,3063.6011025954203,3480.46875,0.6957152584467257,0.016502096192963358,0.043946329338053064,0.1892316007021268,0.74710817643829
source,source_12khz_de,B007_1.mat,source_domain\cwru_12khz_de\B007_1.mat,B,12000,1772.0,X119_DE_time,96000,1,24000,-0.00016592526410649376,0.13963737014338387,0.13963746872438523,0.6635408970738204,1.251075369261477,0.02646547137285701,2.980051624660662,4.751882880222912,5.95420812143617,1.2530208070099185,7.035701983356339,3477.5390625,3063.464724433215,3486.328125,0.7097683920420624,0.01972784986971545,0.04202003643479308,0.1847396552131911,0.7487663380353061
source,source_12khz_de,B007_1.mat,source_domain\cwru_12khz_de\B007_1.mat,B,12000,1772.0,X119_DE_time,96000,2,48000,0.00012377778978572187,0.13872684208207436,0.13872689730187887,0.5509733521636407,1.0399097005988023,0.007907843192723451,2.9626231340109044,3.9716404163549823,4.9581924162760656,1.2483991239042636,5.8318397684898935,3477.5390625,3058.6178648118967,3506.8359375,0.7112382054806554,0.01910005532031708,0.04591538638404883,0.1928445066935405,0.7400727021936165
source,source_12khz_de,B007_1.mat,source_domain\cwru_12khz_de\B007_1.mat,B,12000,1772.0,X119_DE_time,96000,3,84000,0.00014819720429004623,0.13755101612152396,0.1375510959551944,0.4725304003313692,0.9445602794411178,-0.010250368484024002,2.8530429807420647,3.435308145286279,4.271536989567257,1.2434217860186272,5.011223445791054,3477.5390625,3055.960556547245,3492.1875,0.714387329258238,0.021308090358460048,0.04419090268851845,0.1845510081050903,0.7465042535912935
source,source_12khz_de,B007_2.mat,source_domain\cwru_12khz_de\B007_2.mat,B,12000,1748.0,X120_DE_time,96000,0,0,0.00017490285133529393,0.14654074173660628,0.14654084611371035,0.5477153261314418,1.084579361277445,0.024258278233095443,2.7747674679584056,3.737629068298794,4.621787131219762,1.2365558611443106,5.40876406493455,3430.6640625,3102.3849100554435,3489.2578125,0.6676013963539607,0.012704361943025176,0.051371011465299155,0.14685610841412786,0.7856680904597829
source,source_12khz_de,B007_2.mat,source_domain\cwru_12khz_de\B007_2.mat,B,12000,1748.0,X120_DE_time,96000,1,24000,8.959733569989829e-05,0.14960836114045006,0.14960838796943804,0.6000194379078888,1.1349342514970058,0.028606560228198886,2.8969941028011816,4.010600248071986,5.002500279424607,1.2473195955632872,5.890992372502599,3430.6640625,3104.036205702658,3489.2578125,0.665608621873059,0.01234194238504568,0.05157748723919604,0.14706065719608866,0.7874568443469129
source,source_12khz_de,B007_2.mat,source_domain\cwru_12khz_de\B007_2.mat,B,12000,1748.0,X120_DE_time,96000,2,48000,-3.323069490555705e-05,0.1474461197302845,0.14744612347497124,0.5473904558719608,1.0490060678642714,0.0403053883553424,2.843129196385412,3.7124777713207697,4.621692913267536,1.244907901924475,5.444774238120091,3430.6640625,3093.3988909258496,3489.2578125,0.6735348775605268,0.013438183163337385,0.049050082696451336,0.1524582501076672,0.78175000721347
source,source_12khz_de,B007_2.mat,source_domain\cwru_12khz_de\B007_2.mat,B,12000,1748.0,X120_DE_time,96000,3,84000,-0.00033119086789291615,0.14569237383772174,0.14569275027214443,0.5191267432971105,1.0329249900199602,0.026030563403436523,2.8457735083816775,3.563161120397912,4.4462684183229815,1.2478437735636079,5.243743991602495,3430.6640625,3081.526520539307,3492.1875,0.6677148704201087,0.015598706436494237,0.051830146614976334,0.15711534626034537,0.7726136515770412
source,source_12khz_de,B007_3.mat,source_domain\cwru_12khz_de\B007_3.mat,B,12000,1722.0,X121_DE_time,96000,0,0,-0.0003878262575176509,0.15425138961570597,0.15425187716064379,0.6138187468995668,1.1688831936127744,0.012427159876900021,2.8539972659091424,3.979327566019396,4.936201181057205,1.2404611329755366,5.79161427386921,3380.859375,2974.319003615805,3439.453125,0.6537129515930513,0.01339375172132526,0.09888040983027181,0.16532174573998387,0.7209770417809855
source,source_12khz_de,B007_3.mat,source_domain\cwru_12khz_de\B007_3.mat,B,12000,1722.0,X121_DE_time,96000,1,24000,-0.0003259790818689487,0.15438188771584987,0.15438223186970415,0.5898255644776788,1.173431377245509,0.020742764383498646,2.850182818047335,3.8205534233477105,4.745476397533363,1.2420913599853451,5.567256200305866,3380.859375,2971.5282117637853,3439.453125,0.6635343268176167,0.014387843781924075,0.0955783987141134,0.179796365231204,0.7086582475511096
source,source_12khz_de,B007_3.mat,source_domain\cwru_12khz_de\B007_3.mat,B,12000,1722.0,X121_DE_time,96000,2,48000,-4.8042215895071076e-06,0.1587309261351579,0.15873092620786128,0.5789424107850638,1.1159293413173652,-0.0010997783239442606,2.7969046012932486,3.6473195527334097,4.527117077887432,1.2412175605688716,5.317931643845171,3380.859375,2995.901542235761,3442.3828125,0.6719245363577451,0.013113077283998782,0.09033152712875978,0.1668920777655591,0.7275757625427104
source,source_12khz_de,B007_3.mat,source_domain\cwru_12khz_de\B007_3.mat,B,12000,1722.0,X121_DE_time,96000,3,84000,0.00026931859610843003,0.14847845475095198,0.1484786990033813,0.5904753049966407,1.1752181636726546,0.02929407607671658,2.904770932737098,3.976835121509362,4.968289710160181,1.2493074413004737,5.870126855205391,3380.859375,2957.067219618271,3445.3125,0.695718820810685,0.014146403598056252,0.10073924813211903,0.1866646383714952,0.6967867816304738
source,source_12khz_de,B014_0.mat,source_domain\cwru_12khz_de\B014_0.mat,B,12000,1796.0,X185_DE_time,96000,0,0,0.00026371643576046997,0.19497396691016242,0.19497414525788698,1.965325405723851,3.8068297005988025,0.1235545877369632,15.73604079979129,10.079928305951995,15.61828478489395,1.5494440347945293,20.123255976891766,3257.8125,2934.0468116842103,3413.0859375,0.7546447178267186,0.025361438620618584,0.05751134256902664,0.22607822795632113,0.6898949625167465
source,source_12khz_de,B014_0.mat,source_domain\cwru_12khz_de\B014_0.mat,B,12000,1796.0,X185_DE_time,96000,1,24000,0.00036198968925348323,0.13958000855810823,0.13958047795310308,2.2564091582188612,4.224612854291418,0.6297150085440762,33.3729375497927,16.165650034246298,24.916009611468315,1.5412933942344549,31.18354046148729,3251.953125,2627.6533023991346,3395.5078125,0.7745088109353216,0.07458141688175225,0.1259587646298037,0.23054555065437463,0.5662517490338632
source,source_12khz_de,B014_0.mat,source_domain\cwru_12khz_de\B014_0.mat,B,12000,1796.0,X185_DE_time,96000,2,48000,-0.0005376708130751934,0.09448807200145158,0.09448960175836668,1.0943482400551883,2.1348849101796405,0.0554678498741411,10.343344957858932,11.581679038526653,15.384135180937633,1.328316484129739,18.476462657878123,1438.4765625,2540.251894713981,3427.734375,0.7448925261479441,0.06873228600119723,0.20808912807886712,0.14587823199083574,0.5763680690212396
source,source_12khz_de,B014_0.mat,source_domain\cwru_12khz_de\B014_0.mat,B,12000,1796.0,X185_DE_time,96000,3,84000,-7.198283236993605e-05,0.1856537923653047,0.18565380632011783,2.191272671192913,4.074847664670658,0.3500434130433823,15.12495757466872,11.803004283158934,17.667242810282826,1.496842870369546,22.485443458981628,3240.234375,2865.7235876061736,3404.296875,0.7482748809288086,0.03354840042931804,0.08522567707845055,0.18235830477334627,0.697598414328236
source,source_12khz_de,B014_1.mat,source_domain\cwru_12khz_de\B014_1.mat,B,12000,1772.0,X186_DE_time,96000,0,0,-4.011480334215836e-05,0.1425640015562561,0.14256400720002801,1.2863005169091306,2.5123841516966072,0.0044746288576174706,9.200327964220232,9.022617574822597,12.890039661975129,1.4286363746429935,16.087960028600364,360.3515625,2793.3948222366453,3407.2265625,0.7403014213359539,0.08887029266245558,0.043498920482592816,0.20152339267698532,0.6644274898861362
source,source_12khz_de,B014_1.mat,source_domain\cwru_12khz_de\B014_1.mat,B,12000,1772.0,X186_DE_time,96000,1,24000,-5.8943742131247346e-05,0.12320131562270112,0.12320132972305596,0.8607204769889709,1.6790919361277445,0.05011300726683001,6.418384470945606,6.986292103476452,9.5759516759473,1.370677253976323,11.752886627665104,360.3515625,2706.004682782089,3418.9453125,0.735994636871275,0.11721565959599861,0.055317051571914966,0.16882547581106097,0.6579179919339154
source,source_12khz_de,B014_1.mat,source_domain\cwru_12khz_de\B014_1.mat,B,12000,1772.0,X186_DE_time,96000,2,48000,5.183701635178754e-05,0.16675145853337864,0.16675146659050818,1.335240041973105,2.5962006786427145,0.029453216289026456,8.992933168135487,8.007366107574025,11.672790888885425,1.4577566120992442,14.770684822356577,360.3515625,2861.90476236443,3401.3671875,0.7446143998784501,0.0695292953714689,0.03346921191914732,0.22540978244736326,0.6698374984190966
source,source_12khz_de,B014_1.mat,source_domain\cwru_12khz_de\B014_1.mat,B,12000,1772.0,X186_DE_time,96000,3,84000,0.00011785336033049572,0.12563524485380698,0.12563530013053884,0.9404761256915658,1.8746638323353295,0.008880583904116801,8.928133037894954,7.4857633539848845,10.645355177327964,1.4220801104507808,13.214622473879684,360.3515625,2662.3406489087465,3404.296875,0.7446857976393552,0.12217005782346348,0.05829300268297434,0.19739460853993532,0.6211256808654153
source,source_12khz_de,B014_2.mat,source_domain\cwru_12khz_de\B014_2.mat,B,12000,1749.0,X187_DE_time,96000,0,0,0.000203446815415194,0.14281135278181314,0.1428114976953123,1.8345112187049695,3.122490499001996,0.3984600260337431,17.4668502790291,12.845682933779221,19.10589148369386,1.487339488453269,24.036631987459117,360.3515625,2646.545227147628,3398.4375,0.760890897405884,0.09605948427520059,0.08661992647851484,0.2833200032272136,0.5320571522617559
source,source_12khz_de,B014_2.mat,source_domain\cwru_12khz_de\B014_2.mat,B,12000,1749.0,X187_DE_time,96000,1,24000,0.0004099289378370168,0.17452255794959323,0.1745230393816335,1.4097433544335125,2.589703273453094,0.011355876842992732,7.618063224659905,8.077691973623706,11.479467632303482,1.4211321339959366,14.407186009506244,360.3515625,2720.0525854771695,3389.6484375,0.7729015239660393,0.07538794527051336,0.07386216578778229,0.2636682179610316,0.5852301816766052
source,source_12khz_de,B014_2.mat,source_domain\cwru_12khz_de\B014_2.mat,B,12000,1749.0,X187_DE_time,96000,2,48000,-0.00025673190713969583,0.11317559758450672,0.11317588877443088,0.7627642326770253,1.3646175249500998,0.038187350145201304,5.217123930263058,6.739635455309207,9.059455902986752,1.3442056269927831,11.067010065463652,360.3515625,2550.2069606166438,3404.296875,0.7460903501995896,0.12354706166406498,0.116602792279194,0.16626475349158013,0.5926549079835436
source,source_12khz_de,B014_2.mat,source_domain\cwru_12khz_de\B014_2.mat,B,12000,1749.0,X187_DE_time,96000,3,84000,-0.0003659424593685714,0.14412501553051962,0.14412548010520584,1.2151460690043707,2.355959121756487,0.03051695447785452,6.576937075530498,8.431167536156211,11.555529263782015,1.3705728434581705,14.21349395695685,360.3515625,2673.842045548212,3395.5078125,0.7604176209421475,0.08995920899166017,0.08710466244507921,0.22831256739445396,0.5926893590637752
source,source_12khz_de,B014_3.mat,source_domain\cwru_12khz_de\B014_3.mat,B,12000,1724.0,X188_DE_time,96000,0,0,-1.8011632182020448e-05,0.1408035914638114,0.14080359261583775,1.9846451308495212,3.7020590419161676,0.195351654306954,22.887853474362185,14.095131338376028,20.930209010414753,1.4849247238499008,26.185736384238744,1382.8125,2572.1618525416793,3395.5078125,0.7485036442940162,0.07898921311276867,0.17381353106796738,0.17723716578935078,0.5674215065543401
source,source_12khz_de,B014_3.mat,source_domain\cwru_12khz_de\B014_3.mat,B,12000,1724.0,X188_DE_time,96000,1,24000,-1.7957487138773534e-05,0.16814088030894292,0.1681408812678749,1.8421895220670863,3.1473430738522956,0.3433564054342892,17.632707990759627,10.956226160853957,17.422867738308305,1.5902252730466366,22.538842143833723,1382.8125,2748.712684550933,3375.0,0.743217058512832,0.056448805316166244,0.11549701928254642,0.16677848608628246,0.6586576307087619
source,source_12khz_de,B014_3.mat,source_domain\cwru_12khz_de\B014_3.mat,B,12000,1724.0,X188_DE_time,96000,2,48000,5.7141687844593465e-05,0.1577565409062488,0.15775655125501903,1.5813187037038126,2.9436494211576845,0.2646152949813271,13.333042989884559,10.023791031901624,15.11127301339217,1.507540706425681,19.147915224587376,1382.8125,2636.587574137814,3377.9296875,0.7449160374657376,0.06778416850195365,0.1487641530257032,0.19209479703051097,0.5878308658646253
source,source_12khz_de,B014_3.mat,source_domain\cwru_12khz_de\B014_3.mat,B,12000,1724.0,X188_DE_time,96000,3,84000,-7.009916378548002e-05,0.1323532736137282,0.13235329217727518,0.989242655799621,1.9401251896207583,-0.11302868916822899,7.445996904982635,7.474258021985175,10.42672593926572,1.3950181955877388,12.889910394518687,1382.8125,2467.6734722640776,3345.703125,0.7485712942791467,0.09377580042547327,0.18372117641635874,0.22269160154745823,0.497362745477961
source,source_12khz_de,B021_0.mat,source_domain\cwru_12khz_de\B021_0.mat,B,12000,1796.0,X222_DE_time,96000,0,0,-0.026200854966179403,0.11691550780488395,0.11981536114469067,0.6201227750759598,1.1060207984031936,0.011824897815935606,3.8052907540161156,5.175653348170568,6.663091041102014,1.2873912901067064,7.9605620107202935,3208.0078125,2995.358435015872,3656.25,0.6732666815082529,0.017137529106305636,0.09033986686590183,0.13407526105879625,0.7581482043092121
source,source_12khz_de,B021_0.mat,source_domain\cwru_12khz_de\B021_0.mat,B,12000,1796.0,X222_DE_time,96000,1,24000,0.009140494617985601,0.12603896890431693,0.1263699739824488,0.8812651291156569,1.6186660678642715,-0.01946115620202464,4.123838988074707,6.973690832848313,8.978142535861801,1.287430537284623,10.707720913515448,3208.0078125,3019.5655334927924,3679.6875,0.7081756151548556,0.017930993792320386,0.076383463226021,0.15727349689489029,0.7481155857398818
source,source_12khz_de,B021_0.mat,source_domain\cwru_12khz_de\B021_0.mat,B,12000,1796.0,X222_DE_time,96000,2,48000,0.007874691796960983,0.14180048424950667,0.14201897093097005,1.6382128337064754,3.181292015968064,0.02778997473660931,11.032985140036294,11.535169019716474,15.912293265623799,1.3794590472245083,19.466645399140674,3208.0078125,3044.045424347808,3530.2734375,0.7193630150382762,0.010942639939211837,0.05884155067780727,0.17427570551446014,0.7556971065371745
source,source_12khz_de,B021_0.mat,source_domain\cwru_12khz_de\B021_0.mat,B,12000,1796.0,X222_DE_time,96000,3,84000,0.00014264425870416387,0.11725680363111932,0.11725689039528303,0.5317580644971176,1.0405594411177645,-0.06639746867730385,3.5798124244298357,4.534983510990105,5.828446323922601,1.2852188568598328,6.966031220102046,3208.0078125,2979.3423026731775,3665.0390625,0.679877239988748,0.022069184136985536,0.08657183587357112,0.14788498936071848,0.7433058596279639
source,source_12khz_de,B021_1.mat,source_domain\cwru_12khz_de\B021_1.mat,B,12000,1774.0,X223_DE_time,96000,0,0,0.00010936213886324932,0.11130027869633548,0.11130033242519705,0.5531773716664747,1.0498182435129741,-0.04051381369398073,3.6961586534440767,4.970132250353207,6.398531456143649,1.287396619200916,7.658200417427591,3386.71875,2987.432215353953,3489.2578125,0.6675754362058585,0.04253350950353938,0.06486427973596465,0.13489923464256792,0.7574677501114925
source,source_12khz_de,B021_1.mat,source_domain\cwru_12khz_de\B021_1.mat,B,12000,1774.0,X223_DE_time,96000,1,24000,0.00025987182282865163,0.12549435030261705,0.12549461937166972,1.314185954500806,2.549256926147705,0.10450808253917526,9.8064477436597,10.472050204783601,14.134068693086666,1.3496945122090458,17.05951147316556,3386.71875,3057.6505472170365,3486.328125,0.7023418670902077,0.02524649784337232,0.042993619916809334,0.18257957863827826,0.7487105073966007
source,source_12khz_de,B021_1.mat,source_domain\cwru_12khz_de\B021_1.mat,B,12000,1774.0,X223_DE_time,96000,2,48000,0.0001482653524361036,0.10872983648176078,0.10872993756994974,0.47033545549881006,0.9343268662674651,-0.04199130560437925,3.3169913785806426,4.325721746983449,5.474330657351874,1.2655300034310026,6.487737747411948,3386.71875,2976.455055740086,3489.2578125,0.6451505616803402,0.04326295608265148,0.07180362903069257,0.12455976366654598,0.7594852602370442
source,source_12khz_de,B021_1.mat,source_domain\cwru_12khz_de\B021_1.mat,B,12000,1774.0,X223_DE_time,96000,3,84000,-0.0003556354925406098,0.14135945435228406,0.14135990170971055,1.256521483442922,2.432303632734531,-0.025371724155056088,9.109766466740957,8.8888112416374,12.391172395711436,1.3940190717044871,15.21716911874274,3383.7890625,3103.248621172024,3565.4296875,0.7250915829678551,0.020127573763429416,0.03947412643580779,0.15922444128406826,0.7807637478821138
source,source_12khz_de,B021_2.mat,source_domain\cwru_12khz_de\B021_2.mat,B,12000,1754.0,X224_DE_time,96000,0,0,0.00013725896936526012,0.10459342798062637,0.10459351804372559,0.41259533984301,0.8126629540918164,-0.015185291264287734,3.1977691661034084,3.9447505692138463,4.973298631510373,1.2607384279949436,5.878020429081926,3345.703125,2810.5922585349463,3571.2890625,0.6709768112803252,0.04403025992278728,0.1522292171496246,0.13121483059433414,0.671664325828639
source,source_12khz_de,B021_2.mat,source_domain\cwru_12khz_de\B021_2.mat,B,12000,1754.0,X224_DE_time,96000,1,24000,0.0005331675255861514,0.10577243574367759,0.10577377950494508,0.5093864565641757,0.9075250698602795,0.033929720764862024,3.225070344876394,4.815810297631893,6.102570743504683,1.267195002769906,7.254996012013755,3345.703125,2838.9138444534124,3568.359375,0.6780864262168078,0.03725106239186741,0.15087614773925334,0.1257417448655247,0.6853398062662803
source,source_12khz_de,B021_2.mat,source_domain\cwru_12khz_de\B021_2.mat,B,12000,1754.0,X224_DE_time,96000,2,48000,-3.39070485988117e-05,0.10788764568518289,0.10788765101335511,0.47218881185359673,0.8927434730538921,-0.030954419453216923,3.243717666766681,4.37667154131263,5.540443421805728,1.2659034084364282,6.569253931210126,3345.703125,2845.384763057146,3533.203125,0.6745170650084968,0.040831953752256005,0.14290586788008763,0.12116850441864258,0.6940735021890613
source,source_12khz_de,B021_2.mat,source_domain\cwru_12khz_de\B021_2.mat,B,12000,1754.0,X224_DE_time,96000,3,84000,-0.0005447790678935558,0.11167296367666488,0.11167429247845059,0.6409589116539961,1.1763552095808385,0.04228159172989076,3.6417790915202533,5.73953859409443,7.330937530017345,1.2772694894838243,8.715151946983456,3345.703125,2920.0439611288725,3565.4296875,0.6688932325527952,0.03214789253304604,0.12456959781159772,0.12261923783380811,0.7197207299691912
source,source_12khz_de,B021_3.mat,source_domain\cwru_12khz_de\B021_3.mat,B,12000,1729.0,X225_DE_time,96000,0,0,4.828684268915528e-05,0.11593619345195015,0.11593620350756353,0.44954528880210365,0.8747131736526945,0.016806509420590397,3.1069345589136454,3.8775229410448855,4.877516630035312,1.2578949768067356,5.76739773838333,1388.671875,2582.0745871953513,3451.171875,0.6367288440953209,0.033468145403121916,0.2726312922761445,0.12553691523861846,0.5648916655672914
source,source_12khz_de,B021_3.mat,source_domain\cwru_12khz_de\B021_3.mat,B,12000,1729.0,X225_DE_time,96000,1,24000,0.0004550920888634738,0.1182056645277495,0.11820654057731407,0.47894604728513757,0.9253929341317365,0.03296332859796951,3.0533114577903997,4.051772811740706,5.096306688051963,1.2577967533721108,6.024976490676438,3298.828125,2621.322151275365,3427.734375,0.638482205174523,0.029325784158062786,0.26261861903708555,0.12050416397272923,0.584407698122792
source,source_12khz_de,B021_3.mat,source_domain\cwru_12khz_de\B021_3.mat,B,12000,1729.0,X225_DE_time,96000,2,48000,-0.00012233772484244798,0.11717723694290555,0.1171773008056285,0.4669137131939043,0.9120732534930139,0.0242175055122843,3.117905990854607,3.984677151459797,5.0287645809080725,1.262025602004633,5.96208560661175,1388.671875,2578.9202121149247,3457.03125,0.6487706515010969,0.03278169165489527,0.2720034891896576,0.13814125099787858,0.5540815131154124
source,source_12khz_de,B021_3.mat,source_domain\cwru_12khz_de\B021_3.mat,B,12000,1729.0,X225_DE_time,96000,3,84000,-0.00020295969423699193,0.11833775351973372,0.11833792756650227,0.4602660073649779,0.9075250698602795,0.04050156444616561,3.030203893085364,3.88942088834903,4.885873510598889,1.2561956267560288,5.7730266121500975,1388.671875,2596.0113951317235,3433.59375,0.6333506063617829,0.02709113231571964,0.2770286059475226,0.11490949581641043,0.5767030265563934
source,source_12khz_de,B028_0_(1797rpm).mat,source_domain\cwru_12khz_de\B028_0_(1797rpm).mat,B,12000,1797.0,X048_DE_time,96000,0,0,-0.003080647475418245,2.0375342822135054,2.0375366111027726,10.735533897191248,19.7232568,0.05330898211136096,3.9319664852554075,5.268879017283328,7.000870712787026,1.3287210979449076,8.622087875730067,2824.21875,2918.6532390682455,3363.28125,0.7011695714417643,0.00024092235430134425,0.003076113250974531,0.6840538211588522,0.30725857837418147
source,source_12khz_de,B028_0_(1797rpm).mat,source_domain\cwru_12khz_de\B028_0_(1797rpm).mat,B,12000,1797.0,X048_DE_time,96000,1,24000,0.025823087124581753,1.9696898733756412,1.969859139407484,10.313985497191249,19.121858600000003,0.05688805954853138,3.94100242723015,5.23590001480429,6.962130438731489,1.329691250605019,8.57642138220888,3249.0234375,2930.4195264963423,3389.6484375,0.7381958351355148,0.0002075432839816156,0.0024283907935704445,0.6066276978401206,0.3835244159299217
source,source_12khz_de,B028_0_(1797rpm).mat,source_domain\cwru_12khz_de\B028_0_(1797rpm).mat,B,12000,1797.0,X048_DE_time,96000,2,48000,-0.001758425925418251,2.1319887083163236,2.1319894334752325,10.263529897191248,19.315542999999998,0.05665564299015633,3.837666517016541,4.814062272558475,6.391486083164936,1.3276700053497912,7.868086998883892,2824.21875,2915.6009995747286,3380.859375,0.7154992445668625,0.00020983728573484715,0.0025967721760927955,0.6678874778801756,0.321476228709798
source,source_12khz_de,B028_0_(1797rpm).mat,source_domain\cwru_12khz_de\B028_0_(1797rpm).mat,B,12000,1797.0,X048_DE_time,96000,3,84000,0.009896682041248423,2.1359424423212237,2.1359653698561174,8.514673697191249,16.4648016,0.04892178159620904,3.5510002568367662,3.98633508639741,5.233962128031746,1.312975957763603,6.410356991803567,2824.21875,2903.081084236169,3380.859375,0.7138255912961166,0.000223283838220058,0.002200296511720606,0.6932267619972898,0.2947054690225573
source,source_12khz_de,B028_1_(1772rpm).mat,source_domain\cwru_12khz_de\B028_1_(1772rpm).mat,B,12000,1772.0,X049_DE_time,96000,0,0,-0.030422688688729393,2.073468064487532,2.073691238935228,9.907759877311271,19.217887,0.05153897644564055,4.109487105864353,4.77783755425123,6.382756510903002,1.3359090673186802,7.876504371463836,2791.9921875,2926.2032164414345,3389.6484375,0.69815564585463,0.00028633817790553733,0.0028611744976996655,0.7147663810843955,0.2817611414870992
source,source_12khz_de,B028_1_(1772rpm).mat,source_domain\cwru_12khz_de\B028_1_(1772rpm).mat,B,12000,1772.0,X049_DE_time,96000,1,24000,0.03447257161127061,1.9547886580822675,1.9550925952395626,10.64506267731127,19.623973200000002,0.04767587442625054,4.059431171623434,5.444786964681566,7.248047518370701,1.3311902863018423,8.900032564890859,2791.9921875,2886.079357889142,3366.2109375,0.6876811793841587,0.00022339704140710544,0.002253698242580823,0.7420524460087612,0.2548807022409473
source,source_12khz_de,B028_1_(1772rpm).mat,source_domain\cwru_12khz_de\B028_1_(1772rpm).mat,B,12000,1772.0,X049_DE_time,96000,2,48000,-0.036774804588729386,2.0558049365542113,2.0561338291592803,8.66834247731127,16.8692602,0.04623106684949966,3.7286368914694985,4.215845464130805,5.5802367185101085,1.3236340767196246,6.863081256474312,2791.9921875,2911.8258789878237,3369.140625,0.7061381687538975,0.00022969497602382365,0.0019338445194443134,0.7110202712032957,0.28591115270561057
source,source_12khz_de,B028_1_(1772rpm).mat,source_domain\cwru_12khz_de\B028_1_(1772rpm).mat,B,12000,1772.0,X049_DE_time,96000,3,84000,0.017617146011270606,2.044531338807427,2.044607238371045,11.66475407731127,21.765894799999998,0.0460131573241398,3.8154511084972733,5.705131948275292,7.511247702723781,1.3165773852068081,9.203016026207052,3210.9375,2947.1761106745794,3416.015625,0.7368841046163469,0.00020907581353541576,0.0017979479929675615,0.6138746655540774,0.38329862869366466
source,source_12khz_de,B028_2_(1750rpm).mat,source_domain\cwru_12khz_de\B028_2_(1750rpm).mat,B,12000,1750.0,X050_DE_time,96000,0,0,-0.007337186077759001,2.159773254150983,2.159785717066734,9.36090807757224,18.1143742,0.03935374906574035,3.639686428117197,4.334183712577385,5.6865010269408875,1.3120119967311432,6.939173741355553,2891.6015625,2943.187448288044,3442.3828125,0.683197132938693,0.00022300687523811504,0.0023477782892868124,0.6895355703367172,0.30670920642254473
source,source_12khz_de,B028_2_(1750rpm).mat,source_domain\cwru_12khz_de\B028_2_(1750rpm).mat,B,12000,1750.0,X050_DE_time,96000,1,24000,-0.004112978294425668,2.1525291166114258,2.152533046076277,9.266507277572241,17.980911,0.04443698753636191,3.8742392928723834,4.304931482682366,5.7063498520775715,1.32553790345563,7.019750492273477,2891.6015625,2966.696617195818,3442.3828125,0.693965882593787,0.00025008522144875743,0.0025709527941561385,0.6589780970858393,0.33691354847264277
source,source_12khz_de,B028_2_(1750rpm).mat,source_domain\cwru_12khz_de\B028_2_(1750rpm).mat,B,12000,1750.0,X050_DE_time,96000,2,48000,-0.028216242327759006,2.157196649074979,2.157381176127996,9.325914677572241,18.1013534,0.0499897464335265,3.9723058820292474,4.322794126861621,5.7174618856313995,1.3226310848579936,6.995933257803002,2891.6015625,2960.415853349931,3445.3125,0.6740038786749276,0.00026327091032230464,0.002382051410184538,0.6719465717618747,0.32418180447823913
source,source_12khz_de,B028_2_(1750rpm).mat,source_domain\cwru_12khz_de\B028_2_(1750rpm).mat,B,12000,1750.0,X050_DE_time,96000,3,84000,-0.011321889961092343,2.13908969816059,2.1391196605073444,10.331771477572241,20.2538544,0.05007973134347084,4.05471494194695,4.82991749751717,6.415075361425887,1.328195639929786,7.874776803948206,2891.6015625,2972.135071989067,3442.3828125,0.6993550474322446,0.00024942767643964224,0.0018688003231954672,0.6010122278782127,0.39564291665331375
source,source_12khz_de,B028_3_(1730rpm).mat,source_domain\cwru_12khz_de\B028_3_(1730rpm).mat,B,12000,1730.0,X051_DE_time,96000,0,0,-0.015157275858437463,2.163480895193912,2.16353399022999,10.33827535285823,20.074818399999998,0.04735316201775312,3.9970080020526497,4.778420583886672,6.34101185241548,1.327009990245542,7.772904220480912,2853.515625,2992.5458921299473,3416.015625,0.6900732896848326,0.000311449956420359,0.0026286408682179526,0.5864891079634899,0.40784220606190147
source,source_12khz_de,B028_3_(1730rpm).mat,source_domain\cwru_12khz_de\B028_3_(1730rpm).mat,B,12000,1730.0,X051_DE_time,96000,1,24000,0.015577712191562528,2.1657201714318455,2.1657761948234415,9.242900552858229,18.1973818,0.03940307673914148,3.9021482948477213,4.2677080738748545,5.6586202705010615,1.3259154966897067,6.930941065268044,2850.5859375,2976.704443010504,3416.015625,0.6870004890773698,0.00021534784908875998,0.0035124603851318876,0.6136769620028384,0.38072266646220043
source,source_12khz_de,B028_3_(1730rpm).mat,source_domain\cwru_12khz_de\B028_3_(1730rpm).mat,B,12000,1730.0,X051_DE_time,96000,2,48000,0.0023341344415625377,2.120191864600878,2.120193149433169,9.59364835285823,18.2567892,0.03316908149586071,3.7470667519882546,4.524893571804321,5.944484296033768,1.313729085933081,7.241098004164123,2847.65625,2991.025138769602,3416.015625,0.6995807328240196,0.00024222958241722822,0.0036562686814840023,0.6033837215783873,0.39056834200363105
source,source_12khz_de,B028_3_(1730rpm).mat,source_domain\cwru_12khz_de\B028_3_(1730rpm).mat,B,12000,1730.0,X051_DE_time,96000,3,84000,0.0058437147582292,2.159185296208137,2.1591932040379334,9.87440935285823,18.7027516,0.04242757140858307,3.8707013299325803,4.573193975595793,6.054534511753997,1.3239181508723146,7.448645969963034,2850.5859375,2981.7744332147854,3410.15625,0.6819043162074189,0.00025757819152467433,0.0038380225949783717,0.6181364789672238,0.37519346362069284
source,source_12khz_de,IR007_0.mat,source_domain\cwru_12khz_de\IR007_0.mat,IR,12000,1797.0,X105_DE_time,96000,0,0,0.00081044806171931,0.2910393144835649,0.29104044289604175,1.491030612213416,2.7399557684630738,0.1450866380440295,5.109397451813491,5.123104532729433,7.095072570663864,1.3849166116584097,8.85950889605185,3585.9375,2730.900801829596,3703.125,0.6525485351548659,0.009648183373937564,0.16698080378611962,0.4193901105742459,0.40386256164158263
source,source_12khz_de,IR007_0.mat,source_domain\cwru_12khz_de\IR007_0.mat,IR,12000,1797.0,X105_DE_time,96000,1,24000,0.0007762283943873059,0.2918510982605476,0.2918521305154514,1.689201470496849,2.997253013972056,0.16999278733905995,5.5378292201800114,5.787867532464803,8.094115004760566,1.398462380027191,10.135898820513152,3585.9375,2736.763037862847,3720.703125,0.6728617211787281,0.007900979927583453,0.16698691432469265,0.4294944985340856,0.395475464817587
source,source_12khz_de,IR007_0.mat,source_domain\cwru_12khz_de\IR007_0.mat,IR,12000,1797.0,X105_DE_time,96000,2,48000,-0.0009270799123325867,0.2900753350438163,0.2900768165123613,1.4853453826724978,2.7025956886227545,0.1694738780624538,5.1915688146685985,5.120524282243291,7.121692710808803,1.3908131898681777,8.910896579215114,3585.9375,2749.4099309834064,3732.421875,0.7242009347040449,0.008725632439707911,0.167901387537479,0.4072224858545908,0.4160437099792065
source,source_12khz_de,IR007_0.mat,source_domain\cwru_12khz_de\IR007_0.mat,IR,12000,1797.0,X105_DE_time,96000,3,84000,-0.0011192406708156212,0.2895822251724823,0.2895843881073796,1.5347256621136156,2.918309540918164,0.18497331958831653,5.582705029167705,5.299752766848849,7.431362968609317,1.402209366268651,9.32315391254599,3606.4453125,2743.2468318220645,3732.421875,0.7476024316471594,0.011031848177291961,0.1671779223171916,0.40744799504481904,0.41417750533064646
source,source_12khz_de,IR007_1.mat,source_domain\cwru_12khz_de\IR007_1.mat,IR,12000,1772.0,X106_DE_time,96000,0,0,9.140863238674773e-06,0.29073466693694605,0.29073466708064305,1.404948114040218,2.7126666666666663,0.14438370487348787,5.392388909195029,4.832406565556511,6.782396206501929,1.403523506242386,8.49665627444113,3539.0625,2748.1337687942078,3744.140625,0.6587510392369594,0.006116946954630584,0.16808619950471052,0.41605978436253577,0.4084229593047896
source,source_12khz_de,IR007_1.mat,source_domain\cwru_12khz_de\IR007_1.mat,IR,12000,1772.0,X106_DE_time,96000,1,24000,0.000320163527909333,0.2924315156267583,0.29243169088942395,1.5709568166350283,2.8547974051896206,0.14089864191341298,5.7011764622491246,5.372047098765626,7.607780401121312,1.4161790209999072,9.585887023259321,3539.0625,2770.1754639465275,3735.3515625,0.6808978670349736,0.006715658335854921,0.16501685723528037,0.39996845881825954,0.427167090486871
source,source_12khz_de,IR007_1.mat,source_domain\cwru_12khz_de\IR007_1.mat,IR,12000,1772.0,X106_DE_time,96000,2,48000,0.0005493730322340172,0.29487033391848433,0.29487084568659383,1.5521143415851282,2.888746347305389,0.11059366665038127,5.655110700091461,5.2637090586756194,7.4422717295798515,1.4138835651047805,9.388249913661332,3539.0625,2786.090272050361,3744.140625,0.7061955170436925,0.006595254690319154,0.16304656173869667,0.39168425832938314,0.4376169750662671
source,source_12khz_de,IR007_1.mat,source_domain\cwru_12khz_de\IR007_1.mat,IR,12000,1772.0,X106_DE_time,96000,3,84000,-0.00037040235366086034,0.29171300861240046,0.2917132437713482,1.5011097108466054,2.800381636726547,0.12318557824218736,5.4746946312687434,5.145840111455705,7.247246181015852,1.4083698723668345,9.132945224507337,3539.0625,2752.778933840647,3761.71875,0.6856655011024971,0.006905744536953249,0.16923983479635663,0.40858433945075273,0.41414888473580885
source,source_12khz_de,IR007_2.mat,source_domain\cwru_12khz_de\IR007_2.mat,IR,12000,1748.0,X107_DE_time,96000,0,0,0.00020577707714066138,0.30071453969017725,0.3007146100961519,1.635068278800361,3.029252734530938,0.08813604571909556,5.50177212004787,5.437275821989891,7.581456807512104,1.3943483935145105,9.443652901821588,2862.3046875,2752.479517507629,3750.0,0.688968048364329,0.005409269357886326,0.1852756222080088,0.3680972677090801,0.4408556507676921
source,source_12khz_de,IR007_2.mat,source_domain\cwru_12khz_de\IR007_2.mat,IR,12000,1748.0,X107_DE_time,96000,1,24000,0.00014016682098630268,0.3002931877166334,0.3002932204292247,1.580652510337287,2.9082385628742515,0.08937054109242981,5.600287675859219,5.2636969561707545,7.399848144524763,1.4058271602861003,9.270967190516833,2862.3046875,2757.1932171778258,3750.0,0.668995898611584,0.005339638026077587,0.1792123362908997,0.3845306298672605,0.4306017435428886
source,source_12khz_de,IR007_2.mat,source_domain\cwru_12khz_de\IR007_2.mat,IR,12000,1748.0,X107_DE_time,96000,2,48000,-5.2982084535985446e-05,0.2995623502973759,0.2995623549827131,1.4693844464650316,2.785275169660679,0.10107203387372199,5.586901093225977,4.905103802328302,6.869786411547034,1.4005384367733922,8.572430415491201,2862.3046875,2734.7949348346956,3750.0,0.6513952580714396,0.005188324305382333,0.18608756632476378,0.3864472663060188,0.4219232019324071
source,source_12khz_de,IR007_2.mat,source_domain\cwru_12khz_de\IR007_2.mat,IR,12000,1748.0,X107_DE_time,96000,3,84000,-0.0003943665822073093,0.29997397080538235,0.2999742300360975,1.5004095562454707,2.789173612774451,0.09575498364568387,5.521744118043721,5.0017948410432345,7.012958487616107,1.4020883923599756,8.772320929959676,2862.3046875,2748.966181728778,3750.0,0.6647466559235594,0.005207551647711141,0.18373096615854975,0.3771707394953349,0.43341562106479264
source,source_12khz_de,IR007_3.mat,source_domain\cwru_12khz_de\IR007_3.mat,IR,12000,1721.0,X108_DE_time,96000,0,0,-0.00020999656431384823,0.30708293144686094,0.30708300324921034,1.4010107723760237,2.7410928143712576,-0.016159132598978537,5.209261987928991,4.562319495209848,6.3589346126237105,1.3937942354277226,7.952471321165433,3591.796875,2840.0173437805092,3747.0703125,0.6719206872326497,0.004501899083421191,0.1857639121160182,0.2678601259936279,0.5417392623422351
source,source_12khz_de,IR007_3.mat,source_domain\cwru_12khz_de\IR007_3.mat,IR,12000,1721.0,X108_DE_time,96000,1,24000,-0.00021466657429388875,0.31588333740871105,0.315883410349774,1.4823907723760237,2.960705109780439,-0.008092468677528828,5.252678226184603,4.6928414845524715,6.543000924384463,1.394251424409175,8.180231066418528,2507.8125,2874.384967439633,3747.0703125,0.7024413684681767,0.00426284256193311,0.1750386312451941,0.2603372448904954,0.5602005154424473
source,source_12khz_de,IR007_3.mat,source_domain\cwru_12khz_de\IR007_3.mat,IR,12000,1721.0,X108_DE_time,96000,2,48000,-9.568284175895862e-05,0.3137574339900112,0.3137574485796352,1.504466393292639,2.9072639520958083,-0.017752224845866485,5.243631978142585,4.794998174859244,6.712212487935274,1.3998362967282916,8.430550618029319,2507.8125,2840.5754223889217,3747.0703125,0.6792451724432172,0.004749794151302609,0.18445093610299315,0.2676533336538295,0.5429200280015984
source,source_12khz_de,IR007_3.mat,source_domain\cwru_12khz_de\IR007_3.mat,IR,12000,1721.0,X108_DE_time,96000,3,84000,-0.0001724063680397306,0.32166316958842656,0.32166321579196555,1.5127505849094052,3.0240548103792415,-0.026066362781792012,5.424958396852032,4.702902012529366,6.620467533688773,1.4077409046648413,8.326956118115922,3609.375,2899.034353568349,3744.140625,0.7127467384348868,0.004154837014886243,0.16914414160990923,0.2516223521215877,0.5750004198936666
source,source_12khz_de,IR014_0.mat,source_domain\cwru_12khz_de\IR014_0.mat,IR,12000,1796.0,X169_DE_time,96000,0,0,0.009875898584266064,0.18563688950872112,0.18589940322475446,2.0452177083818017,3.945061996007984,-0.0934923266547439,23.331611456593258,11.001744346097276,19.02078090231066,1.728887738511731,25.243955913327376,2753.90625,3039.786031072345,3837.890625,0.7922999745160244,0.013475630856382318,0.03154892373308909,0.4553325026846016,0.49941236484026896
source,source_12khz_de,IR014_0.mat,source_domain\cwru_12khz_de\IR014_0.mat,IR,12000,1796.0,X169_DE_time,96000,1,24000,0.003221310334099729,0.20343446020937503,0.20345996274684702,1.93508669041773,3.786038003992016,0.04859666425633296,22.014353386657692,9.510896710503829,16.527574614794908,1.7377514568590184,22.09143085202404,2622.0703125,3011.838291640197,3826.171875,0.7964582390624982,0.01480585101279102,0.040855103298875185,0.4569923519087902,0.4870512878976773
source,source_12khz_de,IR014_0.mat,source_domain\cwru_12khz_de\IR014_0.mat,IR,12000,1796.0,X169_DE_time,96000,2,48000,-0.0027375276466055283,0.19095770792384084,0.19097732921250843,1.9856040157670314,3.7808400798403197,-0.1446858475837609,22.38476676781965,10.397066625364573,18.13250975466626,1.7440024583795042,24.214888390927403,2622.0703125,3034.717006027673,3837.890625,0.7987779169560361,0.014075647324675571,0.03702218748142545,0.44254649459396256,0.5061446676781902
source,source_12khz_de,IR014_0.mat,source_domain\cwru_12khz_de\IR014_0.mat,IR,12000,1796.0,X169_DE_time,96000,3,84000,-0.009812741665234935,0.19475005680105842,0.1949971141401947,1.8735237762460732,3.659176167664671,-0.09663967965106497,21.482166402444435,9.6079564279576,16.72287977147734,1.740524105909838,22.374061989378845,2622.0703125,3031.382251355029,3837.890625,0.7904948497192458,0.01431657453793104,0.03763554377282622,0.44054341545791,0.5071099246907352
source,source_12khz_de,IR014_1.mat,source_domain\cwru_12khz_de\IR014_1.mat,IR,12000,1774.0,X170_DE_time,96000,0,0,0.0004910756174630475,0.1689547593291749,0.16895547299582064,1.764995897001362,3.52435500998004,0.08989427814187236,22.231721523096034,10.4465150829093,17.686165051029356,1.6930205825155589,23.241517091824687,3667.96875,3127.398226038483,3796.875,0.7798243465438665,0.01948301915767953,0.027944317331170754,0.323955347031898,0.627200915983145
source,source_12khz_de,IR014_1.mat,source_domain\cwru_12khz_de\IR014_1.mat,IR,12000,1774.0,X170_DE_time,96000,1,24000,0.0006089223040897938,0.17020908756784164,0.17021017677286399,1.6894635616720206,3.207931377245509,0.01769484611045085,18.79151685813364,9.92574940989921,16.501480993294038,1.6624922020235302,21.705098439407113,3667.96875,3132.248386196455,3796.875,0.7880679643692895,0.016986321480767688,0.028754911768410246,0.32456412866418227,0.6284643377011343
source,source_12khz_de,IR014_1.mat,source_domain\cwru_12khz_de\IR014_1.mat,IR,12000,1774.0,X170_DE_time,96000,2,48000,-0.0003062778256507254,0.16698054747146598,0.1669808283605546,1.7090042227591171,3.3305699001996008,-0.11197667346028417,20.40295463416666,10.234733169838528,16.904237092193753,1.6516539133534844,21.96696654198115,3667.96875,3106.7745341170385,3793.9453125,0.7886476233295054,0.01843808598931054,0.03254649785553313,0.3327422311383704,0.6154209333559877
source,source_12khz_de,IR014_1.mat,source_domain\cwru_12khz_de\IR014_1.mat,IR,12000,1774.0,X170_DE_time,96000,3,84000,-3.329205386097106e-05,0.16800024377916128,0.16800024707784947,1.8028432822309028,3.5358879041916165,-0.09096142817673823,22.78321143154315,10.731194230832017,18.314358842490034,1.7066468510803445,24.16312713390945,2589.84375,3130.153176641219,3799.8046875,0.7830246631931822,0.01676663868590952,0.027852889762935994,0.3300254415274253,0.623197248930396
source,source_12khz_de,IR014_2.mat,source_domain\cwru_12khz_de\IR014_2.mat,IR,12000,1752.0,X171_DE_time,96000,0,0,-0.0004632188759034086,0.16633489509748234,0.16633554009536702,1.6917061825651913,3.3216359680638723,0.08053071939060284,22.763903230692545,10.170443319479986,16.945292166842595,1.6661311247155284,22.13158568790202,3465.8203125,3077.317508874255,3750.0,0.7804078258297762,0.014790880819682217,0.050480219198497385,0.3082678599655687,0.6257377320552817
source,source_12khz_de,IR014_2.mat,source_domain\cwru_12khz_de\IR014_2.mat,IR,12000,1752.0,X171_DE_time,96000,1,24000,-0.00023911254190473925,0.16484274980758665,0.16484292322976535,1.6627416817062657,3.2881743313373253,0.139765890212895,22.12916162948472,10.086824773051228,16.7746366508186,1.6630244926563318,21.85246622893322,3465.8203125,3059.461956504501,3758.7890625,0.7846631422750495,0.01569312700761916,0.05565537577013705,0.3229422190748945,0.6042416879725044
source,source_12khz_de,IR014_2.mat,source_domain\cwru_12khz_de\IR014_2.mat,IR,12000,1752.0,X171_DE_time,96000,2,48000,-0.00012298496040107957,0.16969513044209947,0.16969517500819414,1.8841918113077063,3.723175608782435,-0.0809795144999535,23.49409581407138,11.103390601445327,18.512576160925903,1.6672903642971029,24.144880305662824,3465.8203125,3087.414429059679,3761.71875,0.7818770161362246,0.014352759431898928,0.054162433895299,0.2949001486145595,0.6358501316864744
source,source_12khz_de,IR014_2.mat,source_domain\cwru_12khz_de\IR014_2.mat,IR,12000,1752.0,X171_DE_time,96000,3,84000,-0.00082199746871778,0.16648288438462802,0.16648491364944754,1.834110743582513,3.5940396806387227,0.02394751268159599,22.547827355027106,11.01667834860653,18.305714677286446,1.661636484058004,23.82701639125523,3465.8203125,3062.5501869195546,3761.71875,0.7797134624587928,0.014897803902506149,0.05460006547290283,0.3175550745643199,0.6119370638736582
source,source_12khz_de,IR014_3.mat,source_domain\cwru_12khz_de\IR014_3.mat,IR,12000,1728.0,X172_DE_time,96000,0,0,-2.9864966440608534e-05,0.1813518205149511,0.1813518229740282,1.7660835459211977,3.4520713772455087,0.0956896345734844,17.633119569911432,9.738438340178053,15.316714950574935,1.5728101791534712,19.52353046257399,1385.7421875,2916.1470544780573,3711.9140625,0.7596441289234726,0.011840106724630647,0.133293337964995,0.2769654083080182,0.5776095169521236
source,source_12khz_de,IR014_3.mat,source_domain\cwru_12khz_de\IR014_3.mat,IR,12000,1728.0,X172_DE_time,96000,1,24000,6.88143748767568e-05,0.1820039435892704,0.1820039565983787,1.8940672325219159,3.723825349301397,-0.038506737101712374,17.684468102848257,10.406736578211188,16.202869437833478,1.5569596977854474,20.57913043255506,1385.7421875,2918.079535621706,3703.125,0.7568138981514394,0.011192490413189206,0.14185984603535504,0.24450301327618604,0.6022426620936069
source,source_12khz_de,IR014_3.mat,source_domain\cwru_12khz_de\IR014_3.mat,IR,12000,1728.0,X172_DE_time,96000,2,48000,0.0003917895578441553,0.17730252010618003,0.17730295297896198,1.9043006456955687,3.546933493013972,0.04705296782903425,18.793952848275193,10.740377493378718,16.8152035774269,1.5656063846637032,21.32625501550524,1385.7421875,2892.0839056720874,3706.0546875,0.7660513922856861,0.013575163845617695,0.14298479211291582,0.2720690548949582,0.5712025717178995
source,source_12khz_de,IR014_3.mat,source_domain\cwru_12khz_de\IR014_3.mat,IR,12000,1728.0,X172_DE_time,96000,3,84000,-0.00018928151002011617,0.18366483971483288,0.1836649372497791,1.9444373183762875,3.830545229540918,0.05916368131892884,20.204038689739523,10.586872744912228,16.724663199935613,1.579754815498466,21.274313395126622,1385.7421875,2928.0168584259495,3700.1953125,0.7565829802734834,0.011644696769715033,0.13078719770826877,0.25994054914483644,0.5974246982443909
source,source_12khz_de,IR021_0.mat,source_domain\cwru_12khz_de\IR021_0.mat,IR,12000,1797.0,X209_DE_time,96000,0,0,0.004586667556040411,0.5035494402760151,0.5035703290718763,3.5078539090646896,6.446644211576846,0.34223906817967376,7.382606504090071,6.965966234593294,10.2131007274225,1.4661427264294666,13.172898864201962,2944.3359375,2826.9211594442068,3328.125,0.669434883219286,0.025445289702856193,0.03714316107097568,0.510589174922536,0.42568169475640244
source,source_12khz_de,IR021_0.mat,source_domain\cwru_12khz_de\IR021_0.mat,IR,12000,1797.0,X209_DE_time,96000,1,24000,0.0014987418990211167,0.5413351513189685,0.5413372260253403,3.732420475930957,7.118313473053892,0.28357144238321796,8.569944459342937,6.894815831027564,10.147405235870114,1.4717442038388804,13.05632190758235,2882.8125,2831.550068425083,3336.9140625,0.6501064338696477,0.023670571470339324,0.034905180470744375,0.5259509958766355,0.41393013385187893
source,source_12khz_de,IR021_0.mat,source_domain\cwru_12khz_de\IR021_0.mat,IR,12000,1797.0,X209_DE_time,96000,2,48000,-0.0013118596146182728,0.5193477752552381,0.5193494321150391,3.4148597972882424,6.097408682634731,0.3066396578694775,7.143782100540387,6.57526433286877,9.469971473671189,1.4402419422613895,12.053510777788299,2882.8125,2840.605839664942,3336.9140625,0.661938044832559,0.023781206942150936,0.036479197100973394,0.49460126580211666,0.44416896357759617
source,source_12khz_de,IR021_0.mat,source_domain\cwru_12khz_de\IR021_0.mat,IR,12000,1797.0,X209_DE_time,96000,3,84000,-0.0034389137979183386,0.5277290061424896,0.52774021075928,3.293845625631556,6.1035,0.27635588142867085,6.974663807994701,6.241414920584378,9.083000674576043,1.4552790977896402,11.660310223621,2882.8125,2835.7484117355316,3339.84375,0.6624456573173855,0.02402545580914092,0.0363996774980866,0.4958721238085033,0.4416750094808153
source,source_12khz_de,IR021_1.mat,source_domain\cwru_12khz_de\IR021_1.mat,IR,12000,1774.0,X210_DE_time,96000,0,0,-0.0004798064492837411,0.436577657505158,0.4365779211629005,2.834699462105274,5.2137615768463075,0.26300541851623455,7.145321270754037,6.492997755241655,9.589790185192157,1.4769434006701396,12.456457140819795,2847.65625,2826.567098361175,3336.9140625,0.6571889007639922,0.017024897132785207,0.02886066172706555,0.5863538004699256,0.3639522639193614
source,source_12khz_de,IR021_1.mat,source_domain\cwru_12khz_de\IR021_1.mat,IR,12000,1774.0,X210_DE_time,96000,1,24000,-0.0003802134103615849,0.427490441054706,0.42749061013709355,2.750639282464555,5.020057684630737,0.28423241406881716,7.487533045414085,6.4343852642190384,9.438591727944749,1.466898754168439,12.152955646215737,2906.25,2824.5407395033844,3328.125,0.6812161812338772,0.017012447480747532,0.03000113244910711,0.5782844376026568,0.37333822330764127
source,source_12khz_de,IR021_1.mat,source_domain\cwru_12khz_de\IR021_1.mat,IR,12000,1774.0,X210_DE_time,96000,2,48000,0.00034719140500767595,0.444018672581497,0.4440188083211187,2.6300311986322202,5.087468263473054,0.25279481073683197,7.153175754585737,5.923242775617363,8.670228824867232,1.4637638795657895,11.16417837796395,2844.7265625,2838.040720261251,3348.6328125,0.6669281512268956,0.01695772502237116,0.02678135417326165,0.5632392525526637,0.392175507111683
source,source_12khz_de,IR021_1.mat,source_domain\cwru_12khz_de\IR021_1.mat,IR,12000,1774.0,X210_DE_time,96000,3,84000,-1.1790231718869855e-05,0.45414217455262496,0.4541421747056712,3.13073748605737,5.816395908183633,0.2521984659532828,8.35723028205809,6.893738702157539,10.285320448666376,1.491980026081453,13.366034933465764,2847.65625,2831.42868939164,3342.7734375,0.6711039903721621,0.01567427252680562,0.026785109587894776,0.5941948065149685,0.35974993664896227
source,source_12khz_de,IR021_2.mat,source_domain\cwru_12khz_de\IR021_2.mat,IR,12000,1752.0,X211_DE_time,96000,0,0,0.000414051430795108,0.47758078906083656,0.4775809685472806,3.2302488583835562,6.05964251497006,0.29510344459120236,8.009498180733953,6.763772158263876,10.152814456835914,1.501058021951567,13.259761099339782,2812.5,2801.325897047285,3313.4765625,0.6377693693240907,0.01284463343302612,0.028222832480342085,0.6609209540207672,0.28703977720161705
source,source_12khz_de,IR021_2.mat,source_domain\cwru_12khz_de\IR021_2.mat,IR,12000,1752.0,X211_DE_time,96000,1,24000,0.0007077206091051525,0.4598913932530436,0.45989193780353027,2.9768500559883466,5.739239221556886,0.22043991599936555,7.74872393545962,6.472933772658588,9.643514364988159,1.489821262454593,12.51212854060454,2809.5703125,2801.814237619306,3316.40625,0.6613994567059222,0.01351650413768771,0.0296639714407987,0.653071493873381,0.2958757575283967
source,source_12khz_de,IR021_2.mat,source_domain\cwru_12khz_de\IR021_2.mat,IR,12000,1752.0,X211_DE_time,96000,2,48000,-0.00016184878543908926,0.501339685112362,0.5013397112373922,2.9646674212578077,5.617412874251497,0.2272631084375525,8.226791182847613,5.913490104214143,8.888758377471207,1.5031323669788612,11.545735969374727,2812.5,2816.279481982228,3316.40625,0.6569889168498497,0.011437648171212948,0.0255969945160123,0.6647718525183002,0.2889050717137338
source,source_12khz_de,IR021_2.mat,source_domain\cwru_12khz_de\IR021_2.mat,IR,12000,1752.0,X211_DE_time,96000,3,84000,-0.0004728443775881253,0.4885205456229392,0.48852077445850717,3.15309217175681,5.98126756487026,0.2814967763227437,8.46960685846241,6.454366603437386,9.719087322952479,1.505815817427618,12.645203542060353,2812.5,2815.9118138654076,3322.265625,0.6374909700145964,0.011746072851929397,0.025769501674054906,0.6642676277247048,0.2854175824183666
source,source_12khz_de,IR021_3.mat,source_domain\cwru_12khz_de\IR021_3.mat,IR,12000,1728.0,X212_DE_time,96000,0,0,0.00014501750806110417,0.44169381740545666,0.4416938412116276,2.8795656932898313,5.3908158682634735,0.34428563442442295,8.033248688045399,6.519370261953989,9.727083195788516,1.4920280341388508,12.623761531464892,2830.078125,2780.3026435468173,3333.984375,0.6707783305807915,0.012144803712653453,0.03446917197793375,0.7076337929553502,0.24352107240024448
source,source_12khz_de,IR021_3.mat,source_domain\cwru_12khz_de\IR021_3.mat,IR,12000,1728.0,X212_DE_time,96000,1,24000,0.0002916152126519224,0.4486807510224263,0.4486808457884967,3.000173777122166,5.468378642714571,0.2327169730961805,8.191080602668759,6.686654456673038,9.894491273350308,1.4797371895677836,12.72206425067166,2830.078125,2784.550492797417,3325.1953125,0.6441756524855755,0.010976743060938465,0.03423776425394198,0.7143128063424254,0.2397485941840489
source,source_12khz_de,IR021_3.mat,source_domain\cwru_12khz_de\IR021_3.mat,IR,12000,1728.0,X212_DE_time,96000,2,48000,3.422321331725955e-05,0.4560470216265521,0.45604702291066124,2.7906324597568966,5.164218862275449,0.3025350726921761,7.964155386607639,6.119177013677068,9.036027365563331,1.4766736352530663,11.61506424785793,2830.078125,2784.8845969282165,3336.9140625,0.6440549226689893,0.011016964970161434,0.032261115405876596,0.7210071586487027,0.23359119898660624
source,source_12khz_de,IR021_3.mat,source_domain\cwru_12khz_de\IR021_3.mat,IR,12000,1728.0,X212_DE_time,96000,3,84000,-0.0003028296808943191,0.43762633959095054,0.4376264443673275,2.7516480286191722,5.134574451097804,0.31275597714915937,7.80831118402409,6.287663974673461,9.27926996173571,1.4757897367116237,11.951578388055706,2830.078125,2786.5887569488004,3348.6328125,0.6608250160478003,0.012507416954911471,0.035400876792029946,0.6961896555722087,0.2549846983663871
source,source_12khz_de,IR028_0_(1797rpm).mat,source_domain\cwru_12khz_de\IR028_0_(1797rpm).mat,IR,12000,1797.0,X056_DE_time,96000,0,0,0.00010460314189328793,0.8377186236069956,0.837718630137719,3.6963096726252265,6.9063137,0.1388468589873959,3.404711839737359,4.412352238141283,5.63149892169908,1.2763031185526212,6.713637763518312,641.6015625,2159.28218519583,3058.59375,0.7114656080440849,0.0025793016879098376,0.27585405870079516,0.6292236911381344,0.08873688911840162
source,source_12khz_de,IR028_0_(1797rpm).mat,source_domain\cwru_12khz_de\IR028_0_(1797rpm).mat,IR,12000,1797.0,X056_DE_time,96000,1,24000,0.000591357266893288,0.8231111271906737,0.8231113396184738,3.9253943726252265,7.3172827,0.08880999940169144,3.398789434219027,4.76897132098793,6.068128972480918,1.2724188434030015,7.216831873303009,641.6015625,2145.138867691888,3058.59375,0.7102204530215313,0.002688414092072445,0.28123374296641235,0.630802614363099,0.08238991347332655
source,source_12khz_de,IR028_0_(1797rpm).mat,source_domain\cwru_12khz_de\IR028_0_(1797rpm).mat,IR,12000,1797.0,X056_DE_time,96000,2,48000,-0.00033532357477337885,0.8259506178476179,0.8259506859157885,3.3720103726252266,6.6756014,0.09099716095492608,3.3815715540794455,4.082580752242325,5.223808161605349,1.2795357835187677,6.2383312433487115,641.6015625,2161.664436951853,3058.59375,0.7108289590727609,0.002619458414772844,0.27871154382035246,0.6304706790132079,0.0856436310207735
source,source_12khz_de,IR028_0_(1797rpm).mat,source_domain\cwru_12khz_de\IR028_0_(1797rpm).mat,IR,12000,1797.0,X056_DE_time,96000,3,84000,-0.0004003258497733811,0.8384391945535797,0.8384392901244797,3.6344608726252265,7.2452614,0.0994861406482785,3.472132854784285,4.33479312745625,5.537217358780644,1.2773890693195313,6.601015188171869,641.6015625,2137.011797104971,3058.59375,0.7208069627665462,0.002841755397992816,0.28931314785793255,0.6141631010325243,0.08753095931657193
source,source_12khz_de,IR028_1_(1772rpm).mat,source_domain\cwru_12khz_de\IR028_1_(1772rpm).mat,IR,12000,1772.0,X057_DE_time,96000,0,0,0.0002005062396771195,0.8312213755229634,0.8312213997059023,3.3655180435686565,6.4326821,0.07365845823878656,3.064524415350353,4.048882818410805,5.080997860504705,1.25491353748116,5.9964828009550715,632.8125,2082.165420301586,3055.6640625,0.7128734879931119,0.002117925815202402,0.3327094505513377,0.5408322183784254,0.12319990674615348
source,source_12khz_de,IR028_1_(1772rpm).mat,source_domain\cwru_12khz_de\IR028_1_(1772rpm).mat,IR,12000,1772.0,X057_DE_time,96000,1,24000,9.556980104541424e-07,0.8350661412756939,0.8350661412762408,3.7670320564313435,7.4922497,0.11533796597362674,3.2618485732496447,4.511058310506562,5.713191620695433,1.2664858725905137,6.779644043718554,632.8125,2074.8930537532738,3043.9453125,0.7093279975892347,0.0023212298136780453,0.32993464069542233,0.5351149492034577,0.1315635922401094
source,source_12khz_de,IR028_1_(1772rpm).mat,source_domain\cwru_12khz_de\IR028_1_(1772rpm).mat,IR,12000,1772.0,X057_DE_time,96000,2,48000,0.00041612933134378645,0.8392422773896205,0.8392423805562593,3.586775356431344,6.6304355,0.08036864070074246,3.2093433938512677,4.273825344770739,5.404577505796953,1.264576127895192,6.406383889418364,632.8125,2080.2085722908682,3055.6640625,0.7110115240037904,0.0020371790288069985,0.32548848469371156,0.5528719086229756,0.11873385511072032
source,source_12khz_de,IR028_1_(1772rpm).mat,source_domain\cwru_12khz_de\IR028_1_(1772rpm).mat,IR,12000,1772.0,X057_DE_time,96000,3,84000,-0.00028611225198954646,0.8339890639715529,0.8339891130490659,3.087509056431344,6.167790200000001,0.09916389297549687,3.1468546392129064,3.702097555134386,4.669640316561777,1.2613498826036933,5.52373080574091,632.8125,2095.9809410175194,3055.6640625,0.7079617029008846,0.0018984171686471166,0.3267314866782282,0.5422014168759357,0.1278887508976728
source,source_12khz_de,IR028_2_(1750rpm).mat,source_domain\cwru_12khz_de\IR028_2_(1750rpm).mat,IR,12000,1750.0,X058_DE_time,96000,0,0,0.0005418219381709499,0.846476622697893,0.8464767961055069,4.198644544545163,7.9162395000000005,0.1372943728555559,3.196939103849658,4.960141333888228,6.2440291401189585,1.2588409724238485,7.3825518761006155,624.0234375,1874.9688185210405,3046.875,0.6702352094175726,0.0023579643641418765,0.40027257726193854,0.5246701687357154,0.06454019261886812
source,source_12khz_de,IR028_2_(1750rpm).mat,source_domain\cwru_12khz_de\IR028_2_(1750rpm).mat,IR,12000,1750.0,X058_DE_time,96000,1,24000,0.00042633015483761684,0.822891339297793,0.8228914497360612,3.742415855454838,6.7097809999999996,0.14365758517610158,3.256389513817925,4.547885212139041,5.749823850411366,1.2642851748010635,6.805551529247523,624.0234375,1859.234375947807,3061.5234375,0.6735397216256016,0.002382813030109036,0.4121683226261016,0.5080391926945325,0.06952510872739327
source,source_12khz_de,IR028_2_(1750rpm).mat,source_domain\cwru_12khz_de\IR028_2_(1750rpm).mat,IR,12000,1750.0,X058_DE_time,96000,2,48000,-0.0004803108618290474,0.8269537614477824,0.8269539009347256,3.7908369554548376,7.1642883,0.14287022987876719,3.4023079785007013,4.584097071391017,5.836012077972047,1.2730995847332889,6.935438728318783,624.0234375,1834.0994769214508,3043.9453125,0.6720657594194799,0.002591747223636943,0.42341146429452853,0.5021401590835923,0.06323825971988115
source,source_12khz_de,IR028_2_(1750rpm).mat,source_domain\cwru_12khz_de\IR028_2_(1750rpm).mat,IR,12000,1750.0,X058_DE_time,96000,3,84000,-0.0006545657868290524,0.8447950196822369,0.8447952732681927,3.807926755454838,7.000714500000001,0.14809625813052663,3.274432487951285,4.507514277061358,5.71654211652592,1.2682249606197613,6.796870039725336,624.0234375,1866.481107307839,3052.734375,0.6815925360954702,0.0024738266956672314,0.4093312150193954,0.5120477944388476,0.06723803107299103
source,source_12khz_de,IR028_3_(1730rpm).mat,source_domain\cwru_12khz_de\IR028_3_(1730rpm).mat,IR,12000,1730.0,X059_DE_time,96000,0,0,4.0053518807367886e-05,0.823155017198099,0.823155018172572,3.538859322568807,6.5698074,0.14671262085269698,3.275979599049132,4.2991407990452135,5.467624197146848,1.271794633558989,6.510902914048884,615.234375,1693.545776572975,3064.453125,0.6437009651221645,0.0041779387531861315,0.5184784818080792,0.40962005735956436,0.06682175578705805
source,source_12khz_de,IR028_3_(1730rpm).mat,source_domain\cwru_12khz_de\IR028_3_(1730rpm).mat,IR,12000,1730.0,X059_DE_time,96000,1,24000,0.00019487896880736967,0.8212665076744353,0.8212665307959262,3.6959227225688074,6.6251458,0.17549146821600034,3.2552530679713736,4.500271938492882,5.713249544071373,1.2695342908494889,6.799981308356826,615.234375,1676.727102338534,3064.453125,0.6449154381177152,0.004021024084738049,0.5283738019921649,0.39077624246713827,0.07541478863626298
source,source_12khz_de,IR028_3_(1730rpm).mat,source_domain\cwru_12khz_de\IR028_3_(1730rpm).mat,IR,12000,1730.0,X059_DE_time,96000,2,48000,-8.639065619263412e-05,0.8250189687515649,0.8250189732747006,3.2751881225688075,6.2723635,0.1758819369065386,3.349234392398116,3.9698336991752092,5.066698921223741,1.276300043064847,6.050067176130565,615.234375,1705.7591164963076,3055.6640625,0.6450826035808396,0.004135923209684714,0.5113807396525187,0.4139767356129009,0.06948296248296432
source,source_12khz_de,IR028_3_(1730rpm).mat,source_domain\cwru_12khz_de\IR028_3_(1730rpm).mat,IR,12000,1730.0,X059_DE_time,96000,3,84000,0.0010806324521407025,0.8214217928774447,0.8214225036973921,3.6019288225688073,6.7537262,0.1330775856176009,3.2526635968560393,4.384989218522013,5.563900530339569,1.2688515873268538,6.605648322025423,615.234375,1694.9492049952796,3058.59375,0.6395353049067747,0.004194165083188215,0.5157399550472943,0.40622172391146993,0.07261139555659749
source,source_12khz_de,OR007@12_0.mat,source_domain\cwru_12khz_de\OR007@12_0.mat,OR,12000,1797.0,X156_DE_time,96000,0,0,0.0012330654133832324,0.24986249630986002,0.24986553886542356,1.7473251608773688,3.2628344510978042,-0.04024356528875064,7.27240744050486,6.993061823589355,10.180972461071649,1.4558676467992782,12.905030255577385,3416.015625,3263.7411569566166,3685.546875,0.7050123058885451,0.008291663769359468,0.020842049073745997,0.1129267235191837,0.8574463033861468
source,source_12khz_de,OR007@12_0.mat,source_domain\cwru_12khz_de\OR007@12_0.mat,OR,12000,1797.0,X156_DE_time,96000,1,24000,-0.00016104762387558289,0.2283011596977532,0.2283012165006489,1.4525054003983267,2.7714681836327344,-0.019487579657051276,7.648915253910364,6.36223241669777,9.180012148092688,1.442891668647534,11.524996743328819,3427.734375,3292.281456153679,3691.40625,0.702337714189498,0.006436552484004423,0.019871187877074654,0.09145148464562187,0.881655635756108
source,source_12khz_de,OR007@12_0.mat,source_domain\cwru_12khz_de\OR007@12_0.mat,OR,12000,1797.0,X156_DE_time,96000,2,48000,-0.0019790080596706595,0.2449667361811533,0.24497472993789993,1.7738020870250732,3.2318093413173656,-0.048014071514294765,8.098283540088978,7.24075535247037,10.649214998823457,1.4707326073579783,13.530309645706042,3310.546875,3252.913644049022,3688.4765625,0.6794557363897069,0.008107829858546103,0.02074599969274327,0.13078961476726816,0.8396835911472644
source,source_12khz_de,OR007@12_0.mat,source_domain\cwru_12khz_de\OR007@12_0.mat,OR,12000,1797.0,X156_DE_time,96000,3,84000,-0.000661293678433134,0.22379037545594047,0.2237913525050509,1.5411740407194376,3.0131716566866267,-0.020905055012672615,8.815680171699267,6.886655911683483,10.020876804853106,1.455115070844111,12.601047423039631,3310.546875,3239.049837188559,3688.4765625,0.6856787924166511,0.008441261514316968,0.02071201337926312,0.14814718665581722,0.8224402932066791
source,source_12khz_de,OR007@12_1.mat,source_domain\cwru_12khz_de\OR007@12_1.mat,OR,12000,1773.0,X158_DE_time,96000,0,0,-0.0002097702948938985,0.24963772268164566,0.24963781081650038,1.4751369805933294,2.9283805189620757,-0.022940130569279578,6.888148409797626,5.909108783491694,8.557564200941027,1.4481987918066521,10.812236828345108,3310.546875,3246.750611313481,3673.828125,0.6922202380314421,0.00724665417565159,0.021951566261505445,0.12550677467707252,0.84456961607173
source,source_12khz_de,OR007@12_1.mat,source_domain\cwru_12khz_de\OR007@12_1.mat,OR,12000,1773.0,X158_DE_time,96000,1,24000,-6.888489236562147e-05,0.22639983751934353,0.22639984799887466,1.6484552640264634,3.2904484231536926,-0.038648209796626726,8.139764081738818,7.281167715392529,10.48276632994773,1.4397094998568234,13.138996131377988,3427.734375,3223.4505777296845,3665.0390625,0.6911733136265578,0.005667187630655831,0.025503688513238046,0.14904975979496435,0.8189990805326594
source,source_12khz_de,OR007@12_1.mat,source_domain\cwru_12khz_de\OR007@12_1.mat,OR,12000,1773.0,X158_DE_time,96000,2,48000,-0.0002779253680808573,0.24364149436242413,0.24364165287911133,1.6028109925693776,3.1580637924151698,-0.03188182816579899,7.9854488553612475,6.578559017402793,9.716413553479734,1.4769820454200138,12.367866525442924,3418.9453125,3246.40771433012,3682.6171875,0.6619656447673715,0.007456428152117577,0.023792607077656888,0.12219412150603938,0.8458679270945844
source,source_12khz_de,OR007@12_1.mat,source_domain\cwru_12khz_de\OR007@12_1.mat,OR,12000,1773.0,X158_DE_time,96000,3,84000,0.00015250065320989394,0.23779258476519277,0.23779263366589098,1.7587840174106624,3.41487373253493,-0.04379269960178029,8.019087790663633,7.396293107525081,10.644715555999765,1.439196013625384,13.339463775236618,3310.546875,3221.180620566037,3667.96875,0.6967895914970476,0.006188816026703406,0.02409231482455025,0.1569541722473498,0.8126681756404286
source,source_12khz_de,OR007@12_2.mat,source_domain\cwru_12khz_de\OR007@12_2.mat,OR,12000,1750.0,X159_DE_time,96000,0,0,0.00038803319242510415,0.2774245884786317,0.27742485984910686,1.908544982116956,3.692150499001996,-0.02502020429383184,8.555906740949503,6.879502374618289,10.438957520568236,1.5174000897281203,13.536101034833814,3328.125,3240.725305000162,3662.109375,0.7059309236559916,0.006588538363583796,0.026555924353198177,0.1311565382476833,0.8355772079724401
source,source_12khz_de,OR007@12_2.mat,source_domain\cwru_12khz_de\OR007@12_2.mat,OR,12000,1750.0,X159_DE_time,96000,1,24000,-0.0001647200178210709,0.26358729049423973,0.26358734196235406,1.8754082156498901,3.736982594810379,0.005744892529491038,8.709025377397557,7.11494035214568,10.726696276158428,1.5076298247367375,13.862905928849589,3328.125,3209.488339345411,3662.109375,0.6954710845075114,0.007073686168323976,0.029288720935744528,0.16120500457714362,0.8022290968791332
source,source_12khz_de,OR007@12_2.mat,source_domain\cwru_12khz_de\OR007@12_2.mat,OR,12000,1750.0,X159_DE_time,96000,2,48000,-0.0001376204236760273,0.2702376947730306,0.2702377298151068,1.745135241597994,3.3235851896207587,-0.012245939629969792,8.634563329646113,6.457777908308864,9.877664509921336,1.5295763728845093,12.880384225896954,3328.125,3241.53891135619,3667.96875,0.6930545375695208,0.006258307968050283,0.025347200587617497,0.1349071876468058,0.8331279553912384
source,source_12khz_de,OR007@12_2.mat,source_domain\cwru_12khz_de\OR007@12_2.mat,OR,12000,1750.0,X159_DE_time,96000,3,84000,-0.00019888554010982624,0.27172789335137787,0.2717279661364208,1.6999514250686727,3.361107704590818,-0.014121399307983028,8.081322435337176,6.2560782728155315,9.400210772348919,1.502572436339385,12.133955635195118,3339.84375,3229.413730915119,3667.96875,0.7162517281626679,0.006871058003772254,0.027943413281368755,0.13745405034286975,0.8273725534090205
source,source_12khz_de,OR007@12_3.mat,source_domain\cwru_12khz_de\OR007@12_3.mat,OR,12000,1724.0,X160_DE_time,96000,0,0,5.751559612811108e-06,0.26171922077529103,0.2617192208384893,1.9109413916772469,3.5214311776447103,-0.02345091554664283,8.090039826423087,7.301494271409339,10.838559828404485,1.4844303680143827,13.872368727105064,3278.3203125,3215.232506942821,3667.96875,0.6934616518821133,0.006731691070413207,0.037555597922502355,0.13091466310910657,0.8222051903992571
source,source_12khz_de,OR007@12_3.mat,source_domain\cwru_12khz_de\OR007@12_3.mat,OR,12000,1724.0,X160_DE_time,96000,1,24000,0.0004369897565522658,0.2595042358406235,0.25950460377279105,1.5581322898808396,3.104135329341317,-0.04388158715824323,7.987902252353849,6.004256830984996,8.970267248949305,1.493984601495331,11.534234733550438,3278.3203125,3210.789603497592,3670.8984375,0.6970634405697294,0.006851540492722128,0.0383058465761705,0.1415518734618657,0.8114197772783022
source,source_12khz_de,OR007@12_3.mat,source_domain\cwru_12khz_de\OR007@12_3.mat,OR,12000,1724.0,X160_DE_time,96000,2,48000,0.00019364839594015662,0.25121798480146795,0.25121805943723835,1.698476241976648,3.2363575249500998,-0.029085000794569934,8.064764161441381,6.760963944131637,10.001341732434698,1.4792774839563854,12.751475975741887,3278.3203125,3211.247952394656,3673.828125,0.6996682476454172,0.007290386706434678,0.041220924047823314,0.12976739617495883,0.8197275528244756
source,source_12khz_de,OR007@12_3.mat,source_domain\cwru_12khz_de\OR007@12_3.mat,OR,12000,1724.0,X160_DE_time,96000,3,84000,-0.0005212692188303029,0.2543192633207532,0.254319797533753,1.6247306930744525,3.1254143313373257,-0.03810831375111292,8.672790930342977,6.3885340772671535,9.627262115417421,1.5069594994628026,12.377591232616203,3278.3203125,3230.606107993156,3670.8984375,0.71937331703444,0.006301526288396031,0.034278761688501615,0.13126603440759305,0.8276563637192893
source,source_12khz_de,OR007@3_0.mat,source_domain\cwru_12khz_de\OR007@3_0.mat,OR,12000,1797.0,X144_DE_time,96000,0,0,0.0004862581873511528,0.7427556771260874,0.7427558362948469,2.9874701872218306,5.896395209580838,0.06426036423144432,4.23194619941883,4.022142999401344,5.377575875412983,1.3369927116480302,6.550606603284594,2633.7890625,2712.939461989207,2923.828125,0.5823108753476955,0.0008797345617335101,0.007498892889494501,0.9532987107874044,0.037874397125942025
source,source_12khz_de,OR007@3_0.mat,source_domain\cwru_12khz_de\OR007@3_0.mat,OR,12000,1797.0,X144_DE_time,96000,1,24000,0.00030785026985281666,0.7813381164555295,0.7813381771026315,3.217957856690345,6.202179341317365,0.06673985852185767,4.31662632886406,4.118521212695763,5.548507028626318,1.3472085591098515,6.826168525379004,2633.7890625,2711.611652066699,2923.828125,0.5626761092914632,0.0008996569779437221,0.006937358543266222,0.9537739509757741,0.03827140591039034
source,source_12khz_de,OR007@3_0.mat,source_domain\cwru_12khz_de\OR007@3_0.mat,OR,12000,1797.0,X144_DE_time,96000,2,48000,-0.0003593181849043372,0.754589062588662,0.7545891481382393,2.9174528666703847,5.80624371257485,0.06091458495251311,4.08340698984239,3.866279913863864,5.159979017102748,1.334610822820419,6.304841300908371,2633.7890625,2716.1507035920804,2938.4765625,0.5668424183997266,0.0010851328957062517,0.007918181749133215,0.9494939893918509,0.041007678068191666
source,source_12khz_de,OR007@3_0.mat,source_domain\cwru_12khz_de\OR007@3_0.mat,OR,12000,1797.0,X144_DE_time,96000,3,84000,-4.51415714645477e-05,0.7796936184274642,0.7796936197342349,3.1416133457123014,6.075479940119761,0.06633323834466719,4.262051451397499,4.029292104223089,5.394072687753932,1.3387147290943493,6.579306411896267,2633.7890625,2719.0252051836474,2923.828125,0.5829849177093375,0.0008027280228824014,0.0067652494602321814,0.954771278023143,0.037121511057509174
source,source_12khz_de,OR007@3_1.mat,source_domain\cwru_12khz_de\OR007@3_1.mat,OR,12000,1774.0,X145_DE_time,96000,0,0,0.0004734288638559351,0.8438497225206956,0.843849855325664,3.2703780381868763,6.399538023952095,0.07356789950635789,4.0588830967054,3.875544941488288,5.08270017464557,1.3114801276663008,6.105225991073286,2601.5625,2709.133027210866,2944.3359375,0.5981180816572991,0.0010493794630194492,0.008202432307962864,0.9545139830791955,0.03577251811486862
source,source_12khz_de,OR007@3_1.mat,source_domain\cwru_12khz_de\OR007@3_1.mat,OR,12000,1774.0,X145_DE_time,96000,1,24000,0.00015329629565899466,0.8507438597492781,0.850743873560576,3.3796156629373755,6.422278942115769,0.07296701006797449,4.034495079259894,3.9725418753694526,5.221068605943961,1.314289130168642,6.291552687780029,2707.03125,2705.313729403779,2941.40625,0.592718480252577,0.0009346794857800396,0.008103260116162978,0.9604826209740421,0.030128181497319977
source,source_12khz_de,OR007@3_1.mat,source_domain\cwru_12khz_de\OR007@3_1.mat,OR,12000,1774.0,X145_DE_time,96000,2,48000,-0.0002038917865099995,0.8439011193076775,0.8439011439384424,3.4624575791050405,6.584714071856288,0.07457045730995067,4.073305705623464,4.102918456706706,5.367210402739094,1.3081445462215788,6.435313729058464,2707.03125,2706.761608897733,2941.40625,0.5913480781105103,0.0008671655644853203,0.007793557583539469,0.9583019133720181,0.03267278581632774
source,source_12khz_de,OR007@3_1.mat,source_domain\cwru_12khz_de\OR007@3_1.mat,OR,12000,1774.0,X145_DE_time,96000,3,84000,-9.346973893847699e-05,0.8478104089460208,0.8478104140984654,3.4169757427776952,6.489283433133733,0.07083055971417106,4.055600536535077,4.0303535860752175,5.288992453664626,1.3122899370248158,6.3576457157938275,2707.03125,2705.3269787158224,2944.3359375,0.6022417722585117,0.0009407909515772686,0.008432501703730715,0.9572563570839165,0.033106937729296466
source,source_12khz_de,OR007@3_2.mat,source_domain\cwru_12khz_de\OR007@3_2.mat,OR,12000,1751.0,X146_DE_time,96000,0,0,-0.00023226210418840818,0.8591359084167273,0.8591359398120417,3.4074591981253524,6.555069660678643,0.07433315550481762,3.981789954910623,3.96614672977929,5.161366148528112,1.3013553204596964,6.148415292828471,2671.875,2699.360316654989,2941.40625,0.5629720702202353,0.001044731492527212,0.008467433032349439,0.9514118093271804,0.03791485729174906
source,source_12khz_de,OR007@3_2.mat,source_domain\cwru_12khz_de\OR007@3_2.mat,OR,12000,1751.0,X146_DE_time,96000,1,24000,-0.0004969636843613925,0.8494340523926613,0.8494341977676211,3.5183211741732565,6.7361848303393215,0.07190039735245163,3.9979583521656843,4.141958474730044,5.3989350655490815,1.3034739721514486,6.439102332024538,2671.875,2700.0293854591555,2941.40625,0.5692495457895347,0.0010427366434684461,0.00832660973611846,0.9531980598033027,0.03608618785438614
source,source_12khz_de,OR007@3_2.mat,source_domain\cwru_12khz_de\OR007@3_2.mat,OR,12000,1751.0,X146_DE_time,96000,2,48000,-0.0001957818813008483,0.8509849551956642,0.8509849777169464,3.496798519482638,6.832427644710579,0.07596037678912383,3.9932495618922625,4.109118975119711,5.352596124661413,1.302614053539101,6.381520193425189,2671.875,2698.443679312364,2941.40625,0.5573449453482938,0.0009834965432381777,0.008188739585066978,0.9537177415288182,0.03599648404647317
source,source_12khz_de,OR007@3_2.mat,source_domain\cwru_12khz_de\OR007@3_2.mat,OR,12000,1751.0,X146_DE_time,96000,3,84000,0.0006164952893578319,0.8526721567522745,0.8526723796201077,3.5589299566083863,6.84217375249501,0.07127839022287706,3.8325515481695955,4.173853922874607,5.397809586963594,1.2932435314458004,6.415142365048031,2671.875,2700.036486927146,2941.40625,0.5751309361193794,0.000993864772214563,0.008091986245719916,0.9545156366705632,0.034811336868989476
source,source_12khz_de,OR007@3_3.mat,source_domain\cwru_12khz_de\OR007@3_3.mat,OR,12000,1725.0,X147_DE_time,96000,0,0,0.0008006429420687489,0.7943037820559615,0.7943041855722058,3.25583573744473,6.396695409181637,0.08218189590814731,4.03259011016546,4.098978447526588,5.3813906274742545,1.3128614108021786,6.478041845142075,2633.7890625,2688.02087126879,2932.6171875,0.5882689995370818,0.0009506788320670504,0.009169075354853437,0.9523516988441789,0.03552452180711182
source,source_12khz_de,OR007@3_3.mat,source_domain\cwru_12khz_de\OR007@3_3.mat,OR,12000,1725.0,X147_DE_time,96000,1,24000,0.00045106900660634163,0.7927272425255795,0.7927273708567514,3.307814978961696,6.482786027944112,0.08504377963738288,4.110675085358693,4.172701865185449,5.46849338456856,1.3105401634819704,6.560503363750536,2633.7890625,2684.8020760856,2935.546875,0.5884325641453023,0.0009443259701053421,0.009811686856451231,0.9517297621030424,0.03546127509620873
source,source_12khz_de,OR007@3_3.mat,source_domain\cwru_12khz_de\OR007@3_3.mat,OR,12000,1725.0,X147_DE_time,96000,2,48000,9.770491811665257e-05,0.8059553803490711,0.8059553862713909,3.198577354211197,6.252940319361278,0.0838643737161838,4.102913872952005,3.9686779301828072,5.194034459329291,1.3087568582526918,6.216590454110522,2633.7890625,2685.6066420840607,2941.40625,0.5986169844880243,0.0009612973034806665,0.00959436842624246,0.9515702435834849,0.03577873175248507
source,source_12khz_de,OR007@3_3.mat,source_domain\cwru_12khz_de\OR007@3_3.mat,OR,12000,1725.0,X147_DE_time,96000,3,84000,-0.0004877045213377724,0.8037991157933698,0.8037992637505357,3.612380847225169,6.935167864271457,0.08324612387782436,4.156591555477343,4.494133062980511,5.8795196842565955,1.308265599138709,7.026293240617799,2633.7890625,2686.259348056952,2932.6171875,0.6000947161680527,0.0009454553147523637,0.008970674492267003,0.9539410344731529,0.03425369503191996
source,source_12khz_de,OR007@6_0.mat,source_domain\cwru_12khz_de\OR007@6_0.mat,OR,12000,1796.0,X130_DE_time,96000,0,0,0.009803904148619612,0.6731013720440989,0.6731727665200099,3.469183813172239,6.704916067864271,0.04668030147618627,7.542210348538133,5.153482115893,8.468897120685023,1.6433349200058187,11.931325875318382,3445.3125,3257.195873268573,3659.1796875,0.6377303386167115,0.0011653984359528608,0.006791164462786823,0.25174647202277173,0.7401042684824344
source,source_12khz_de,OR007@6_0.mat,source_domain\cwru_12khz_de\OR007@6_0.mat,OR,12000,1796.0,X130_DE_time,96000,1,24000,0.0030237264706422327,0.6830114912939881,0.6830181843563222,3.402179322154275,6.708976946107785,0.05889694746836901,7.674725093877671,4.981096257862468,8.262414062460339,1.6587541446135157,11.727686025764314,3445.3125,3260.513625726928,3659.1796875,0.6362858751467112,0.001205056382523684,0.006003024908641397,0.24901315570156735,0.7436472129157254
source,source_12khz_de,OR007@6_0.mat,source_domain\cwru_12khz_de\OR007@6_0.mat,OR,12000,1796.0,X130_DE_time,96000,2,48000,0.00019204223078860672,0.659172676957601,0.6591727049322265,3.4436002802381074,6.624510678642714,0.06703632816947884,7.445340367573164,5.224124504043202,8.560053730507253,1.6385623512359302,12.029671999472852,3445.3125,3258.116136708369,3662.109375,0.642197436735971,0.0013025620624700996,0.007364603409693633,0.2518847705200176,0.7392857631717484
source,source_12khz_de,OR007@6_0.mat,source_domain\cwru_12khz_de\OR007@6_0.mat,OR,12000,1796.0,X130_DE_time,96000,3,84000,-0.00543704566841299,0.6774972040198721,0.677519020338429,3.3229921964057723,6.46938512974052,0.030558217685728258,7.552990662794685,4.904647835186963,8.099995660890661,1.6514938346373522,11.450120151751316,3445.3125,3263.1574198202934,3670.8984375,0.6755790931412476,0.0010713744239248218,0.0050593498680675105,0.2507057952407797,0.7422883235983704
source,source_12khz_de,OR007@6_1.mat,source_domain\cwru_12khz_de\OR007@6_1.mat,OR,12000,1773.0,X131_DE_time,96000,0,0,-0.0006900513336074876,0.5885343027747292,0.5885347073141732,3.0070801635200186,5.960150998003992,0.043825904425550954,7.617902412573468,5.109435562837013,8.24853452888922,1.6143729434362821,11.356184798517708,2871.09375,3245.4739801540686,3717.7734375,0.6478520262440643,0.0016727717655499422,0.009442049025950944,0.29332758869379,0.6952595041389747
source,source_12khz_de,OR007@6_1.mat,source_domain\cwru_12khz_de\OR007@6_1.mat,OR,12000,1773.0,X131_DE_time,96000,1,24000,-0.00017479356580974982,0.5875484385411402,0.587548464541371,3.0919525188094394,5.9906075848303395,0.04300011443540627,7.594961446228225,5.262463788783272,8.472025029410885,1.6098970690219747,11.609481417052605,3401.3671875,3245.430000136088,3717.7734375,0.6564303268831532,0.0016107832250719678,0.008980720100640075,0.2962510385749324,0.6928181247427184
source,source_12khz_de,OR007@6_1.mat,source_domain\cwru_12khz_de\OR007@6_1.mat,OR,12000,1773.0,X131_DE_time,96000,2,48000,0.0004824257372507971,0.5938832206716746,0.5938834166147031,3.0769272693084413,5.9199483033932125,0.04415623598603461,7.478629395557566,5.181029109791585,8.360354258128526,1.613647420415817,11.491853222107986,2871.09375,3250.682370027515,3717.7734375,0.6647949686283523,0.0015379793390667014,0.008095661701365458,0.2914118346075817,0.6986731185112749
source,source_12khz_de,OR007@6_1.mat,source_domain\cwru_12khz_de\OR007@6_1.mat,OR,12000,1773.0,X131_DE_time,96000,3,84000,0.0005007335299986344,0.590884547591191,0.5908847597595613,3.1081960317834914,6.074261676646707,0.03617569391224657,7.732243957266969,5.260240648350782,8.520263226171757,1.6197478016198088,11.76155494851002,3307.6171875,3252.9747723846845,3720.703125,0.6820334158510951,0.0015661710407563149,0.008303362336114782,0.28876621846554995,0.7011619906824229
source,source_12khz_de,OR007@6_2.mat,source_domain\cwru_12khz_de\OR007@6_2.mat,OR,12000,1750.0,X132_DE_time,96000,0,0,0.00010040166912077908,0.5630918923963318,0.5630919013473531,2.9816454309854885,5.861877744510979,0.02967632478625966,7.8086486781345705,5.295131085788629,8.633276621440361,1.6304179219652375,12.014881435386974,3357.421875,3256.323237852791,3755.859375,0.6133626049363741,0.0013178225669586915,0.010793899632835058,0.2680708858500716,0.7194009340904318
source,source_12khz_de,OR007@6_2.mat,source_domain\cwru_12khz_de\OR007@6_2.mat,OR,12000,1750.0,X132_DE_time,96000,1,24000,-5.7566494551875517e-05,0.5702600207288205,0.5702600236344261,2.9077374469535524,5.649087724550899,0.019924053210782257,7.8902057320767875,5.098967710232663,8.310083374687908,1.6297579916022162,11.548834163509328,3357.421875,3255.311883480916,3747.0703125,0.6178749912844314,0.0012710132591546312,0.009437514010395503,0.26930201273200166,0.7194214898134076
source,source_12khz_de,OR007@6_2.mat,source_domain\cwru_12khz_de\OR007@6_2.mat,OR,12000,1750.0,X132_DE_time,96000,2,48000,2.561382813608214e-05,0.5709038176473227,0.5709038182219099,2.9150470277918754,5.724620059880239,0.01078032710575533,7.908365266340878,5.106021250419616,8.347007132782714,1.6347380324909795,11.628856573953696,3357.421875,3249.8893002833906,3732.421875,0.6639696207842248,0.001496123002132692,0.010383950038563076,0.2748960535089534,0.7123231485713613
source,source_12khz_de,OR007@6_2.mat,source_domain\cwru_12khz_de\OR007@6_2.mat,OR,12000,1750.0,X132_DE_time,96000,3,84000,-5.5637577386206625e-05,0.5761681173915133,0.57616812007783,3.0263150916641313,5.910608283433135,0.002944452195844205,7.8250891292839695,5.252486186236888,8.56703873231761,1.631044505124257,11.915207284518372,3357.421875,3249.7441449958033,3732.421875,0.6774913492099552,0.0014328151243918144,0.010120837727142437,0.27618070431784564,0.7116591701448911
source,source_12khz_de,OR007@6_3.mat,source_domain\cwru_12khz_de\OR007@6_3.mat,OR,12000,1725.0,X133_DE_time,96000,0,0,0.00028055677338366473,0.5726592379672171,0.5726593066922923,3.1796055510015937,6.122992215568862,-0.010293590699396156,8.086868606021905,5.552351134152689,9.073860446610144,1.6342375018000381,12.640948199249548,3310.546875,3232.865800241164,3723.6328125,0.6722457859436826,0.0013230134007382228,0.01476714994458106,0.274971782213976,0.7015862892448775
source,source_12khz_de,OR007@6_3.mat,source_domain\cwru_12khz_de\OR007@6_3.mat,OR,12000,1725.0,X133_DE_time,96000,1,24000,0.0006272880940756133,0.5862207177358032,0.5862210533519187,3.1255958703628712,6.1331444111776445,-0.0017174981653288123,7.881023215377487,5.331770076297806,8.660696060438909,1.6243566276282149,12.009766071037244,3413.0859375,3233.76075125534,3723.6328125,0.6039953069355813,0.0013826612363259459,0.013019247076595802,0.2697023478292649,0.7030296949427877
source,source_12khz_de,OR007@6_3.mat,source_domain\cwru_12khz_de\OR007@6_3.mat,OR,12000,1725.0,X133_DE_time,96000,2,48000,-0.0004373388187653715,0.5827357618490849,0.5827359259588136,3.1231593434167637,6.026749401197605,-0.004970897226871671,7.918884495932586,5.359476229773659,8.743884760854849,1.631481209351145,12.179754552501723,3413.0859375,3229.4755680186117,3723.6328125,0.6419278771775481,0.0014061710161945417,0.014242129571820163,0.2752465534361443,0.6980814040728045
source,source_12khz_de,OR007@6_3.mat,source_domain\cwru_12khz_de\OR007@6_3.mat,OR,12000,1725.0,X133_DE_time,96000,3,84000,-0.00030025033739478004,0.5872660178190314,0.587266094573225,3.009048664774049,5.937410079840319,0.008751114124385352,7.900787026807347,5.123824945071358,8.3748374868371,1.6344893856841562,11.67312467604219,3310.546875,3232.85223877563,3723.6328125,0.6695848398268384,0.001421436389210732,0.013648463137551227,0.2747091097460039,0.7005612528748735
source,source_12khz_de,OR014@6_0.mat,source_domain\cwru_12khz_de\OR014@6_0.mat,OR,12000,1796.0,X197_DE_time,96000,0,0,0.00377991125261484,0.10243757051318426,0.10250728550557392,0.4130151146755288,0.798294251497006,0.01036308882005445,3.096070428103394,4.029129370019672,5.052740907118934,1.2540527848687502,5.962393158737419,3416.015625,3117.0393525336926,4245.1171875,0.72551800973347,0.034393505208977854,0.12094928950583184,0.06874730585738463,0.775780758264913
source,source_12khz_de,OR014@6_0.mat,source_domain\cwru_12khz_de\OR014@6_0.mat,OR,12000,1796.0,X197_DE_time,96000,1,24000,-0.003369480334211507,0.09941254581098853,0.09946963185990251,0.3968161925198402,0.7892407185628743,0.0008797996638258326,3.0272825887671835,3.9893200074847424,5.011572692303032,1.2562473511400343,5.927738568144254,3416.015625,3020.4996682020706,4262.6953125,0.7231083308181531,0.04009918923369669,0.15130464197977767,0.07087208056848679,0.73750858038642
source,source_12khz_de,OR014@6_0.mat,source_domain\cwru_12khz_de\OR014@6_0.mat,OR,12000,1796.0,X197_DE_time,96000,2,48000,0.002457066941237595,0.09935030986521826,0.09938068850772071,0.37139434640231545,0.7180710179640718,-0.006800279314140381,2.8621685610941174,3.737087677448777,4.652247656141053,1.2448858730738213,5.475623693286602,3416.015625,3167.286243012984,4218.75,0.714505437757477,0.03780374233422897,0.10140498426878879,0.06792691655725024,0.792731158173129
source,source_12khz_de,OR014@6_0.mat,source_domain\cwru_12khz_de\OR014@6_0.mat,OR,12000,1796.0,X197_DE_time,96000,3,84000,0.0009026808933334036,0.0983645150221177,0.0983686568391152,0.3727747056837526,0.7439730538922156,0.016344825435216367,2.8961206502588164,3.7895679137883,4.729555268328909,1.248046050599171,5.575614303347622,3416.015625,3093.730041470166,4262.6953125,0.7199337316338393,0.03653226160687162,0.1315105650152847,0.07128550016659983,0.7605488910957358
source,source_12khz_de,OR014@6_1.mat,source_domain\cwru_12khz_de\OR014@6_1.mat,OR,12000,1772.0,X198_DE_time,96000,0,0,-6.463160212881328e-05,0.0943335880504171,0.09433361019122394,0.39273895833799094,0.735163113772455,0.04370000377784125,3.034780919248285,4.163298293553118,5.2284857988375455,1.255851834320507,6.17716951842956,3372.0703125,3187.1792727855563,4265.625,0.702195633531766,0.04395587433691471,0.07903658793267627,0.06984585750495213,0.8067488549274396
source,source_12khz_de,OR014@6_1.mat,source_domain\cwru_12khz_de\OR014@6_1.mat,OR,12000,1772.0,X198_DE_time,96000,1,24000,0.00011021052361968967,0.09401906875594603,0.0940191333511154,0.355578167410512,0.6939959281437125,0.012433237114750995,2.8211234812909107,3.7819766544626585,4.69211818975811,1.2406523409317178,5.5058456626377055,3372.0703125,3177.0706372716245,5109.375,0.7011043631461127,0.04955603861165313,0.0769628096307621,0.07788928340154655,0.7952149518758603
source,source_12khz_de,OR014@6_1.mat,source_domain\cwru_12khz_de\OR014@6_1.mat,OR,12000,1772.0,X198_DE_time,96000,2,48000,-0.00012709285961384336,0.09621748574990625,0.09621756968780898,0.40015565244045215,0.7571270658682635,-0.009919472119212609,2.943312683376365,4.15886260414447,5.200764420281542,1.2505256641671028,6.1369548335124255,3372.0703125,3209.227551850103,4743.1640625,0.7088275026163955,0.04270506201452342,0.07180508446202646,0.07243408444895373,0.8123561584278858
source,source_12khz_de,OR014@6_1.mat,source_domain\cwru_12khz_de\OR014@6_1.mat,OR,12000,1772.0,X198_DE_time,96000,3,84000,0.00013157902661370166,0.09311107065509289,0.09311116362487339,0.40474331711111083,0.7464901796407186,0.025036063534365778,2.9100905867672657,4.346882815656728,5.407517270015693,1.243998860627359,6.349770299534256,3372.0703125,3169.0791004755306,5138.671875,0.7142496049335478,0.047828785893209734,0.08607435548832439,0.08269394447111429,0.7829782526719274
source,source_12khz_de,OR014@6_2.mat,source_domain\cwru_12khz_de\OR014@6_2.mat,OR,12000,1749.0,X199_DE_time,96000,0,0,-0.00021150468595039173,0.09692628303666395,0.09692651380058848,0.3672597452541694,0.7168530538922155,0.016241803469672515,3.011566570516959,3.7890534885631113,4.75267360733202,1.2543168423534976,5.613020347611992,3471.6796875,3118.4110985075517,4145.5078125,0.7142663112043186,0.04121406331352885,0.09644262909748068,0.08954205331442701,0.7720076702834717
source,source_12khz_de,OR014@6_2.mat,source_domain\cwru_12khz_de\OR014@6_2.mat,OR,12000,1749.0,X199_DE_time,96000,1,24000,0.00037934998470829084,0.09743706642627398,0.09743780488172457,0.3641742362721334,0.7089768862275448,-0.028517802038600618,2.9602651737751566,3.737504521068089,4.681933300816602,1.252689668835656,5.532496647651302,3471.6796875,3100.95848222404,4142.578125,0.7190739042010854,0.04080260277494803,0.0978330106903068,0.09975119641716167,0.7603853619207662
source,source_12khz_de,OR014@6_2.mat,source_domain\cwru_12khz_de\OR014@6_2.mat,OR,12000,1749.0,X199_DE_time,96000,2,48000,0.00010346082303164429,0.09816940041769291,0.09816945493640691,0.4002665716014748,0.7736101796407185,0.01634527617088979,3.0218053129729046,4.077302577025468,5.117230198882143,1.255052844903949,6.045711469228333,3483.3984375,3127.187419280055,4145.5078125,0.7002352946726386,0.038311833629490075,0.09465714815611703,0.0934945676690593,0.7726342950041539
source,source_12khz_de,OR014@6_2.mat,source_domain\cwru_12khz_de\OR014@6_2.mat,OR,12000,1749.0,X199_DE_time,96000,3,84000,6.23037871035006e-05,0.09344011677764945,0.09344013754903539,0.4108975002548127,0.7898497005988024,-0.0016602822113773676,2.945844345385251,4.397441089326147,5.496221169354256,1.2498680613678583,6.476141280308906,3471.6796875,3065.0009018047895,4256.8359375,0.735883364948275,0.046075627555487414,0.10931967639906569,0.10225669091318895,0.7416403847214269
source,source_12khz_de,OR014@6_3.mat,source_domain\cwru_12khz_de\OR014@6_3.mat,OR,12000,1723.0,X200_DE_time,96000,0,0,-3.788868631861919e-05,0.09751151781066733,0.09751152517160545,0.6329130506024863,1.1919808383233534,-0.027193596560269373,3.973283221954609,6.490648664167286,8.247475439400569,1.2706704469843764,9.77360063208297,3430.6640625,2961.586517443846,4145.5078125,0.7454164892206783,0.03771365462354603,0.16107996626198615,0.09392640134448399,0.7067218254574568
source,source_12khz_de,OR014@6_3.mat,source_domain\cwru_12khz_de\OR014@6_3.mat,OR,12000,1723.0,X200_DE_time,96000,1,24000,1.5667900507727933e-05,0.1029649248335603,0.10296492602563179,0.6163081404228455,1.11285377245509,0.029382571159603455,3.9099970495959155,5.985612423627032,7.716827941685119,1.2892294715156476,9.230098645382967,720.703125,3046.850446410933,4042.96875,0.7744611518144674,0.0327486786192795,0.1312461053530079,0.10727109990819972,0.7275816244231319
source,source_12khz_de,OR014@6_3.mat,source_domain\cwru_12khz_de\OR014@6_3.mat,OR,12000,1723.0,X200_DE_time,96000,2,48000,0.0002161650861364709,0.09273508155074313,0.09273533349035547,0.6677062242551808,1.3303009580838323,0.03674318757034344,5.530438978827006,7.2001274931245325,9.252441836776292,1.2850386115401096,10.98271786688221,720.703125,2929.932971435365,4142.578125,0.7776486903083432,0.03865025827062059,0.16988777240637953,0.10913753869251887,0.6808823248778602
source,source_12khz_de,OR014@6_3.mat,source_domain\cwru_12khz_de\OR014@6_3.mat,OR,12000,1723.0,X200_DE_time,96000,3,84000,-0.00030964691985155344,0.09341026543169383,0.0934107786566115,0.5058833565831424,1.0090020359281437,0.00890147980098395,3.480862569855517,5.415685040346475,6.875586625439659,1.269569144834571,8.171793279364385,720.703125,2901.662834888866,4201.171875,0.7622714776032292,0.0420352217456183,0.1820474356784128,0.10123054495514719,0.6740669298140678
source,source_12khz_de,OR021@12_0.mat,source_domain\cwru_12khz_de\OR021@12_0.mat,OR,12000,1796.0,X258_DE_time,96000,0,0,0.024055646999085856,0.38628213980418935,0.38703044542289944,4.502311599352712,8.525001696606786,-0.341841255643504,33.745384153806654,11.632964932310442,26.396391385542124,2.2691026354045145,41.03375432413146,3503.90625,3072.014444905257,3609.375,0.7406430067333447,0.0070855228819352335,0.0465319049849671,0.31363594322280564,0.6322933694664502
source,source_12khz_de,OR021@12_0.mat,source_domain\cwru_12khz_de\OR021@12_0.mat,OR,12000,1796.0,X258_DE_time,96000,1,24000,0.009979018655772486,0.38137013437930634,0.3815006686885652,4.0751072081351465,7.964600499001996,-0.300590879588166,32.2564777915798,10.681782609013311,24.364305672046697,2.2809213184533617,38.00051907494493,3366.2109375,3070.2936085859833,3600.5859375,0.7463403572398596,0.00824850930808476,0.04670188308805589,0.30415313438657815,0.6406208244710804
source,source_12khz_de,OR021@12_0.mat,source_domain\cwru_12khz_de\OR021@12_0.mat,OR,12000,1796.0,X258_DE_time,96000,2,48000,-0.0009111062111603152,0.36920507175363365,0.3692061959435863,3.9025198827858456,7.680745109780439,-0.40000611275944375,32.88374220782701,10.570028145929518,24.58893210958135,2.3262882340558257,38.69908666187908,3413.0859375,3081.1867665080063,3609.375,0.7462858978695736,0.008518516365054987,0.049987248893967856,0.277737876204184,0.6635019391953291
source,source_12khz_de,OR021@12_0.mat,source_domain\cwru_12khz_de\OR021@12_0.mat,OR,12000,1796.0,X258_DE_time,96000,3,84000,-0.013822668586409816,0.4020642370923043,0.40230177344310375,4.6667771682149874,8.972916566866267,-0.3292610614461972,35.864828741412694,11.600190395042826,27.274714381067444,2.3512298895244945,43.074847171349084,3395.5078125,3089.9707482467343,3606.4453125,0.720488527965984,0.007960199334622229,0.04416012558890564,0.28690948907659636,0.660593647893559
source,source_12khz_de,OR021@12_1.mat,source_domain\cwru_12khz_de\OR021@12_1.mat,OR,12000,1771.0,X259_DE_time,96000,0,0,9.389736965645956e-05,0.3629267609932678,0.3629267731399553,3.87708518493619,7.668968562874252,-0.42794487022901445,33.26760512248792,10.682830454699985,24.09405731143326,2.2554001407713558,37.04028464363656,3483.3984375,3069.550672260006,3606.4453125,0.7201412258224997,0.010013661666223923,0.06096613923138233,0.23983947400388728,0.6878868301103426
source,source_12khz_de,OR021@12_1.mat,source_domain\cwru_12khz_de\OR021@12_1.mat,OR,12000,1771.0,X259_DE_time,96000,1,24000,0.00022327018236437753,0.33999494832389193,0.3399950216331708,3.792289465762413,7.357499201596807,-0.33941840171754245,30.806591982287856,11.153955865397512,24.15096350719561,2.165237499463951,36.26712853709636,3471.6796875,3057.2445600637807,3606.4453125,0.7506523260702515,0.011029055426942025,0.06585502787253662,0.2298631418558421,0.6927869414319385
source,source_12khz_de,OR021@12_1.mat,source_domain\cwru_12khz_de\OR021@12_1.mat,OR,12000,1771.0,X259_DE_time,96000,2,48000,-0.00025841765862032016,0.3577256130603136,0.357725706399559,3.9286583386288045,7.625517165668663,-0.4125368804279235,32.56365310813987,10.982320443669032,24.41683244001022,2.223285376271962,37.2255025721433,3483.3984375,3051.173588857353,3615.234375,0.7393040176058235,0.010353322089410392,0.0636193014150049,0.2586172321559554,0.6668428324820121
source,source_12khz_de,OR021@12_1.mat,source_domain\cwru_12khz_de\OR021@12_1.mat,OR,12000,1771.0,X259_DE_time,96000,3,84000,7.866907624328687e-05,0.34254989619092463,0.3425499052243874,3.997693268768525,7.471203792415169,-0.360743792092548,31.053045778597564,11.670396656913875,25.0779729514739,2.1488535213191566,37.524376478189815,3471.6796875,3033.7600617843373,3609.375,0.7422463880752844,0.010293500522746841,0.0682115021948166,0.26827556362829785,0.6526354678077454
source,source_12khz_de,OR021@12_2.mat,source_domain\cwru_12khz_de\OR021@12_2.mat,OR,12000,1746.0,X260_DE_time,96000,0,0,-0.00030836950394304416,0.3506285185294394,0.3506286541312623,3.6613195195595964,7.266129441117764,-0.4087138331115137,30.330482361692866,10.442157183703797,22.652095071965267,2.169292673285162,34.23543999330389,3498.046875,3021.532961532613,3603.515625,0.7604148206432969,0.009834084350802689,0.07099264329932109,0.27678319706218885,0.6422169890308196
source,source_12khz_de,OR021@12_2.mat,source_domain\cwru_12khz_de\OR021@12_2.mat,OR,12000,1746.0,X260_DE_time,96000,1,24000,0.0005437381141540947,0.33907898354696897,0.3390794195087376,3.641015128342032,7.174759680638723,-0.4224912725841917,33.367384759756554,10.737941965355613,23.553054560205403,2.1934421545698797,35.407335284002095,3462.890625,3025.5250637261415,3606.4453125,0.7678700968057175,0.012448323278247306,0.0688365108312735,0.27222818031534896,0.6462087525013215
source,source_12khz_de,OR021@12_2.mat,source_domain\cwru_12khz_de\OR021@12_2.mat,OR,12000,1746.0,X260_DE_time,96000,2,48000,0.00032553358986933087,0.3533673537985735,0.3533675037446487,4.0734986612761634,7.757089620758483,-0.42640193029733153,34.68540199406258,11.527654971375743,25.507078722280912,2.212685822532442,38.78539825872659,3462.890625,3029.743435480122,3606.4453125,0.7512923828231232,0.009768503508776918,0.06922343774941384,0.2724544375988451,0.6483604446950536
source,source_12khz_de,OR021@12_2.mat,source_domain\cwru_12khz_de\OR021@12_2.mat,OR,12000,1746.0,X260_DE_time,96000,3,84000,-0.0006193650960920799,0.34297927228727537,0.3429798315234166,3.89400784291289,7.697394710578842,-0.4384075467509087,33.05202356689557,11.353460130893081,24.97499293835723,2.1997692906259263,37.8306757918949,3451.171875,3035.73260841608,3603.515625,0.7567892253495769,0.012136432527538722,0.07024718152628229,0.23996742936831045,0.6774923044440886
source,source_12khz_de,OR021@12_3.mat,source_domain\cwru_12khz_de\OR021@12_3.mat,OR,12000,1718.0,X261_DE_time,96000,0,0,0.0001232515854016043,0.31557902665604176,0.3155790507244231,3.679056336399108,7.1820692614770465,-0.4420096693023211,34.460945375011605,11.658113325146404,25.119036596055437,2.1546399400488236,37.22934595426728,3500.9765625,3009.1010724005905,3609.375,0.7625737438049507,0.011566861960857688,0.08797624718017619,0.2362281527328769,0.6636113248275127
source,source_12khz_de,OR021@12_3.mat,source_domain\cwru_12khz_de\OR021@12_3.mat,OR,12000,1718.0,X261_DE_time,96000,1,24000,-0.0004838497120035856,0.3174800411921346,0.31748040989311965,3.533270807456992,6.885219061876247,-0.4535039468861513,31.935684995215496,11.129098669852873,23.39740840627533,2.1023632820851743,34.24600433765577,3483.3984375,3008.580472107005,3603.515625,0.7634608327134653,0.011522788584090761,0.08815522446181472,0.22359714521927535,0.6760590954726883
source,source_12khz_de,OR021@12_3.mat,source_domain\cwru_12khz_de\OR021@12_3.mat,OR,12000,1718.0,X261_DE_time,96000,2,48000,-0.0003259153889829603,0.30104753227742265,0.30104770869609127,3.1943861785709524,6.3101987025948105,-0.45784276145994823,30.508370101000096,10.610896832252877,22.099813993403362,2.082747042281607,32.0444679385306,3471.6796875,3012.5908767386236,3603.515625,0.756167772455277,0.011629935871054932,0.08815708963332199,0.22002880218203102,0.6795271932215
source,source_12khz_de,OR021@12_3.mat,source_domain\cwru_12khz_de\OR021@12_3.mat,OR,12000,1718.0,X261_DE_time,96000,3,84000,0.00047949212931378015,0.31191433653200057,0.3119147050828162,3.3030190110498063,6.395071057884232,-0.3960872101966827,32.80619912151246,10.589494362448335,22.407262121914044,2.1159898060195537,32.65432442664994,3442.3828125,3030.9268395234576,3603.515625,0.7481588425106648,0.011557661423614264,0.08464831223707392,0.20956259892976664,0.6936167001244542
source,source_12khz_de,OR021@3_0.mat,source_domain\cwru_12khz_de\OR021@3_0.mat,OR,12000,1796.0,X246_DE_time,96000,0,0,0.0009007436447755075,0.31646107305864585,0.3164623549500686,1.9217460339475034,3.734870938123753,0.04722021466737064,6.638824611912749,6.072589689995336,8.597899745736513,1.4158538917711643,10.788787007705723,477.5390625,1840.7027424947287,3442.3828125,0.7540862789708737,0.132756570815362,0.35206208556014024,0.3316685913293893,0.18187820361984106
source,source_12khz_de,OR021@3_0.mat,source_domain\cwru_12khz_de\OR021@3_0.mat,OR,12000,1796.0,X246_DE_time,96000,1,24000,0.001295555763870651,0.3145680445199047,0.31457071239677425,2.3279962934285416,4.110258522954092,0.11882493612690542,7.054770504937557,7.400550024774059,10.45092660871874,1.4121824153204867,13.06315406195637,477.5390625,1829.1427162993662,3474.609375,0.7526311884875322,0.13532677664834572,0.36000011554034506,0.3060196855612671,0.19692003536586772
source,source_12khz_de,OR021@3_0.mat,source_domain\cwru_12khz_de\OR021@3_0.mat,OR,12000,1796.0,X246_DE_time,96000,2,48000,0.0007401359102445694,0.3172359918185459,0.31723685521430534,2.326534377260877,4.286825508982036,0.0704872023254242,7.124556254057768,7.333745556397861,10.450592700838722,1.4250007203602564,13.152435795444864,644.53125,1847.716745656238,3465.8203125,0.7523806477145452,0.13109842868211366,0.353191355234778,0.32540047832979485,0.18936640365230656
source,source_12khz_de,OR021@3_0.mat,source_domain\cwru_12khz_de\OR021@3_0.mat,OR,12000,1796.0,X246_DE_time,96000,3,84000,-0.001039557516235803,0.31717247981861324,0.3171741834294181,2.5489080698756474,4.452671776447106,0.08010187197050904,7.185582190117384,8.036303719009428,11.415424981831658,1.4204820251869172,14.32703707840009,644.53125,1894.1770998974346,3506.8359375,0.7599123541848625,0.12876988948016727,0.3515197791078437,0.2896430976284138,0.22901949682507197
source,source_12khz_de,OR021@3_1.mat,source_domain\cwru_12khz_de\OR021@3_1.mat,OR,12000,1771.0,X247_DE_time,96000,0,0,-0.0006855717232438672,0.2888618960381164,0.28886270958938826,2.0086750606686388,3.6658360079840318,0.16394148246175494,7.03064381794102,6.953736131316399,9.911892686689654,1.4254053503722666,12.494810076312842,635.7421875,1914.5695623108,3524.4140625,0.7590899125304117,0.124531150446938,0.3296593914457608,0.34612607888730657,0.19815885007599854
source,source_12khz_de,OR021@3_1.mat,source_domain\cwru_12khz_de\OR021@3_1.mat,OR,12000,1771.0,X247_DE_time,96000,1,24000,-0.000429452132425504,0.28308816410704685,0.2830884898519053,2.1860542223452857,4.0616904191616765,0.08872713085190378,7.242772352934165,7.722158620723769,11.000874682210096,1.424585432970576,13.84572894160075,471.6796875,1897.171437752195,3506.8359375,0.7615586287088182,0.12411441997158558,0.33867313421282874,0.32321251899897907,0.211989989458313
source,source_12khz_de,OR021@3_1.mat,source_domain\cwru_12khz_de\OR021@3_1.mat,OR,12000,1771.0,X247_DE_time,96000,2,48000,0.00020290782765433632,0.28658368786130856,0.28658375969299876,2.157465639510954,3.669409580838323,0.26718321596100575,7.267848905963817,7.528220167865056,10.782197744329375,1.432237302293126,13.606069334926964,635.7421875,1946.6211166062355,3518.5546875,0.7663795026356761,0.11510122998980969,0.3330119487774293,0.32661551682562867,0.22382321688977194
source,source_12khz_de,OR021@3_1.mat,source_domain\cwru_12khz_de\OR021@3_1.mat,OR,12000,1771.0,X247_DE_time,96000,3,84000,0.00018785550563171465,0.28027508182501626,0.2802751447804649,1.9997411285329105,3.770931536926148,0.13145155259147712,7.263085379180197,7.134921400512134,10.154936184804571,1.4232723270139223,12.751767152980678,471.6796875,1955.984689886557,3533.203125,0.7728329994172599,0.12905315174919735,0.31298978467516764,0.3320609715526622,0.22451963049003482
source,source_12khz_de,OR021@3_2.mat,source_domain\cwru_12khz_de\OR021@3_2.mat,OR,12000,1747.0,X248_DE_time,96000,0,0,0.00016044773697091873,0.2808802252266928,0.28088027105311963,1.9199775507409629,3.4520713772455087,0.182410932524778,6.929072833867205,6.835572835128119,9.688800661800437,1.4174087374177393,12.121026437613072,626.953125,1922.6564970665065,3530.2734375,0.7653842193393106,0.12202885249755384,0.334588150472835,0.3225000981269168,0.2203930510096085
source,source_12khz_de,OR021@3_2.mat,source_domain\cwru_12khz_de\OR021@3_2.mat,OR,12000,1747.0,X248_DE_time,96000,1,24000,0.0001398049392330615,0.27961443854432655,0.2796144734949892,1.6753502453517415,3.1639114570858284,0.12260976913587543,6.325165107924476,5.991643509740467,8.419455847279528,1.4051997308521635,10.492799333022225,626.953125,1887.12534482974,3518.5546875,0.7539985556478754,0.11996701775842435,0.3476638233727552,0.3416604091211067,0.19030421961007563
source,source_12khz_de,OR021@3_2.mat,source_domain\cwru_12khz_de\OR021@3_2.mat,OR,12000,1747.0,X248_DE_time,96000,2,48000,-0.0002543439030823079,0.28264939374002546,0.2826495081765135,2.0002205048327792,3.6055725748502994,0.17664070851506092,6.928292010211257,7.076681356107554,10.027255677230585,1.416943221350648,12.56828887225078,626.953125,1864.03291355023,3530.2734375,0.7634455418404843,0.134607548837877,0.3462039106203929,0.3046893916174273,0.21400283156481217
source,source_12khz_de,OR021@3_2.mat,source_domain\cwru_12khz_de\OR021@3_2.mat,OR,12000,1747.0,X248_DE_time,96000,3,84000,-1.0488164559353493e-05,0.27828433966978466,0.2782843398674271,1.8975615028367714,3.530365109780439,0.19925093261976984,6.853612712777316,6.818786510710372,9.652408016668973,1.4155609654992283,12.057282894065043,626.953125,1900.2405242065856,3527.34375,0.7519005842728788,0.1125204239395166,0.34887719952059487,0.3450478462278061,0.19325387459078006
source,source_12khz_de,OR021@3_3.mat,source_domain\cwru_12khz_de\OR021@3_3.mat,OR,12000,1719.0,X249_DE_time,96000,0,0,7.830041687830556e-05,0.2741685559074636,0.27416856708845977,1.5743887353170778,2.99237996007984,0.1645875985127905,6.129273963705932,5.742411509935649,7.993295525866956,1.3919753943108437,9.926131293205792,618.1640625,1798.8637915014558,3498.046875,0.7433940931896978,0.11481699346503718,0.3945512758913583,0.32320906609108335,0.1648972913000131
source,source_12khz_de,OR021@3_3.mat,source_domain\cwru_12khz_de\OR021@3_3.mat,OR,12000,1719.0,X249_DE_time,96000,1,24000,-0.00010410069755948519,0.28228000708900725,0.28228002628440646,1.9855120486903315,3.662424870259481,0.1546251828574303,7.0130035120625145,7.033838259186036,9.975512714249314,1.418217528841551,12.526068142585991,618.1640625,1979.886857200765,3547.8515625,0.7726037804365543,0.10186903812738111,0.35087325169234107,0.29010550295562576,0.2547465701554828
source,source_12khz_de,OR021@3_3.mat,source_domain\cwru_12khz_de\OR021@3_3.mat,OR,12000,1719.0,X249_DE_time,96000,2,48000,-0.00015867890115229963,0.27545607194423855,0.2754561176484255,1.4902473381114891,2.922857724550898,0.08446801594329129,5.833693477708314,5.4101079722910175,7.487702746016543,1.3840209445613976,9.274205720068412,618.1640625,1835.192215044408,3527.34375,0.7438608705784207,0.10393827153331552,0.39334534265573334,0.3165179323566978,0.18300931026827252
source,source_12khz_de,OR021@3_3.mat,source_domain\cwru_12khz_de\OR021@3_3.mat,OR,12000,1719.0,X249_DE_time,96000,3,84000,7.55660921943403e-05,0.2790990036818055,0.27909901391157005,2.2936514898080955,3.786200439121756,0.21302970771448254,7.273845466406832,8.218056587353619,11.662899785371733,1.4191797855562875,14.62302066163332,618.1640625,1897.091101922222,3533.203125,0.7625290954116306,0.10200415690464605,0.37704014316187245,0.30684866653575904,0.21163895889676806
source,source_12khz_de,OR021@6_0.mat,source_domain\cwru_12khz_de\OR021@6_0.mat,OR,12000,1796.0,X234_DE_time,96000,0,0,0.0009589913452948879,0.597274228361076,0.5972749982451293,6.058566295661661,11.490661077844312,0.10384188875242657,21.427350268487935,10.143679734548348,20.292300500505604,2.000487104433917,30.85673729794413,3439.453125,3029.4302797292253,3653.3203125,0.7688961804733394,0.007894892192621822,0.06581307794497965,0.31481107075878495,0.6105856769957544
source,source_12khz_de,OR021@6_0.mat,source_domain\cwru_12khz_de\OR021@6_0.mat,OR,12000,1796.0,X234_DE_time,96000,1,24000,0.000782241619745986,0.5895281286818704,0.5895286476576855,6.648205816619745,12.632580039920159,0.10774825519001223,20.45137744406445,11.277154796502444,22.33800340933456,1.9808190817975377,33.88567471323368,2794.921875,2938.8882347617628,3653.3203125,0.7605121334156648,0.00840052445730897,0.07770283138030491,0.39672315214520604,0.5166737710167714
source,source_12khz_de,OR021@6_0.mat,source_domain\cwru_12khz_de\OR021@6_0.mat,OR,12000,1796.0,X234_DE_time,96000,2,48000,-0.0006132791886372485,0.6058943280401508,0.6058946384171006,6.033794938376232,11.517868962075848,0.2731029202793939,22.764773676393922,9.958488746706127,20.025132878297754,2.010860622289524,30.504710312181988,2783.203125,3004.1534848189713,3653.3203125,0.769676420410773,0.0075142255812415725,0.06451986741287091,0.3575277067108303,0.5685737479377517
source,source_12khz_de,OR021@6_0.mat,source_domain\cwru_12khz_de\OR021@6_0.mat,OR,12000,1796.0,X234_DE_time,96000,3,84000,-0.00010110092017417404,0.5961137511551621,0.5961137597285224,6.416451668410195,12.672782734530939,0.16111205617717966,23.495782611708094,10.763803994931376,21.719275411983435,2.0178066622333986,33.15579940884445,3439.453125,2994.7727864810076,3653.3203125,0.7329461927741094,0.00837261128366967,0.07258015533229986,0.34144791659627594,0.5769460695844104
source,source_12khz_de,OR021@6_1.mat,source_domain\cwru_12khz_de\OR021@6_1.mat,OR,12000,1771.0,X235_DE_time,96000,0,0,-0.0004196846272271103,0.5304832030211843,0.530483369035073,5.790653466686812,11.254317964071856,0.21108669416688977,21.613228152391326,10.9158058568525,21.44114281048097,1.9642290355485454,32.40547019742029,3392.578125,2950.901856696106,3638.671875,0.7642506030346645,0.006615475118452559,0.08134622211643669,0.37349767463844424,0.5380526901143821
source,source_12khz_de,OR021@6_1.mat,source_domain\cwru_12khz_de\OR021@6_1.mat,OR,12000,1771.0,X235_DE_time,96000,1,24000,0.0003145221592000338,0.5907666273587685,0.5907667110840308,6.11624763111758,11.971062974051897,0.12150609956120258,20.73033851263916,10.353067490692194,20.764298743684545,2.0056180221289295,32.10059701684113,3287.109375,3113.580160030217,3653.3203125,0.7409381426742112,0.005072561983206036,0.06029469791386239,0.236301469329593,0.6976279813078583
source,source_12khz_de,OR021@6_1.mat,source_domain\cwru_12khz_de\OR021@6_1.mat,OR,12000,1771.0,X235_DE_time,96000,2,48000,-6.960308198426351e-05,0.5320083640314596,0.5320083685845732,5.4970519696808235,10.825083133732536,0.0796134646731482,21.45300681046786,10.33264191744876,20.251174884330695,1.9599222586136869,30.396469318531977,2756.8359375,2972.3165867797275,3656.25,0.7643140252605608,0.006506633400016369,0.08190795566546002,0.34716617658373133,0.5637503579851987
source,source_12khz_de,OR021@6_1.mat,source_domain\cwru_12khz_de\OR021@6_1.mat,OR,12000,1771.0,X235_DE_time,96000,3,84000,8.342434649211777e-05,0.5996813004821343,0.5996813062849012,6.032593539301212,12.014108283433133,0.157481385652958,25.53082930682298,10.059665819272915,21.17104067037372,2.1045471142567838,33.09966214071596,3436.5234375,3129.5445887817973,3659.1796875,0.7564828657590583,0.004800100770619417,0.054960914275404574,0.23336883205942346,0.7065240765575672
source,source_12khz_de,OR021@6_2.mat,source_domain\cwru_12khz_de\OR021@6_2.mat,OR,12000,1748.0,X236_DE_time,96000,0,0,3.8000693531429024e-06,0.6185280611781119,0.6185280611897852,6.649563870794569,12.899379740518961,0.10937780481472531,23.137855916410004,10.750626023325252,22.60459600483762,2.102630670600641,35.556101039214646,3498.046875,3167.00635734553,3638.671875,0.7401434878955294,0.004745833612476746,0.05287947636344367,0.1742197644648681,0.7678599000868396
source,source_12khz_de,OR021@6_2.mat,source_domain\cwru_12khz_de\OR021@6_2.mat,OR,12000,1748.0,X236_DE_time,96000,1,24000,0.0003233911871176161,0.5184492003521423,0.5184493012124095,5.625252795872098,11.144268163672654,0.13739987726603167,21.053061385021895,10.850150212771862,21.314113982010365,1.9644072721574046,32.13851163200287,3451.171875,2999.790722943354,3632.8125,0.7439948907455309,0.00521893769918386,0.07698735169049453,0.31405580037130937,0.6034271168841676
source,source_12khz_de,OR021@6_2.mat,source_domain\cwru_12khz_de\OR021@6_2.mat,OR,12000,1748.0,X236_DE_time,96000,2,48000,4.58639998255311e-05,0.6173978109218785,0.6173978126254045,5.965960480502836,11.857764471057884,0.2482493623148081,23.1683386566581,9.663073562123092,20.143529122876355,2.084588199949288,31.65451879886041,3451.171875,3144.5701794642264,3650.390625,0.7488840735887599,0.004742559898414409,0.056369053209353266,0.1972814179229204,0.741367658271936
source,source_12khz_de,OR021@6_2.mat,source_domain\cwru_12khz_de\OR021@6_2.mat,OR,12000,1748.0,X236_DE_time,96000,3,84000,-3.6876394386044246e-05,0.5401040124698772,0.5401040137287721,5.199018162211734,9.999506586826346,0.023540724410786473,20.856791185752876,9.625957278689908,19.441798673187883,2.019726257895663,29.714881433208348,3421.875,3086.7629995322172,3644.53125,0.7586085238552515,0.0055670561675403435,0.06396587398715964,0.245888224626441,0.6839853563228414
source,source_12khz_de,OR021@6_3.mat,source_domain\cwru_12khz_de\OR021@6_3.mat,OR,12000,1721.0,X237_DE_time,96000,0,0,-0.000468661999212168,0.5340008501744271,0.5340010558333012,5.891626957378699,11.67827365269461,0.08385032901193669,24.061127509855787,11.032987468861583,22.621486785323576,2.050350084156795,34.62413887526957,3410.15625,3125.382671995156,3629.8828125,0.7501118715208522,0.004963538674789638,0.06268813029600268,0.1858942593269108,0.7460536879641129
source,source_12khz_de,OR021@6_3.mat,source_domain\cwru_12khz_de\OR021@6_3.mat,OR,12000,1721.0,X237_DE_time,96000,1,24000,-8.622879062933392e-05,0.5167584760899315,0.5167584832842057,5.908682646001453,11.413504391217565,0.15381418365383376,21.872564116479673,11.434128005868411,22.556639439108228,1.9727468004108133,33.882647682880254,3398.4375,2985.0154035949186,3626.953125,0.7645075232770021,0.006253700053129806,0.08259566008921883,0.3057282773438376,0.604811349536508
source,source_12khz_de,OR021@6_3.mat,source_domain\cwru_12khz_de\OR021@6_3.mat,OR,12000,1721.0,X237_DE_time,96000,2,48000,-6.463845463465551e-05,0.5783844337517478,0.5783844373636446,6.656892902900743,13.306279740518962,0.25172148638994035,26.23549225332367,11.509460616250779,23.58993356932832,2.049612432400154,36.33848681867677,3410.15625,3157.759919666368,3626.953125,0.7500725729500874,0.003681978146122774,0.053406273044041365,0.17868677937033114,0.7639012445710478
source,source_12khz_de,OR021@6_3.mat,source_domain\cwru_12khz_de\OR021@6_3.mat,OR,12000,1721.0,X237_DE_time,96000,3,84000,0.0005080807403087907,0.583247398206152,0.5832476195067446,5.775891927438579,11.469138423153693,0.17027333471359934,23.574247738866905,9.902984143018665,20.651388364045893,2.0853702344428324,32.30893986826281,3401.3671875,3166.8024308442396,3635.7421875,0.7363282784787454,0.003952459316829891,0.05581830450889135,0.17043983011548758,0.7693904475895119
source,source_12khz_fe,B007_0.mat,source_domain\cwru_12khz_fe\B007_0.mat,B,12000,1798.0,X282_FE_time,96000,0,0,0.0011707669560177053,0.13988586648497023,0.1398907657335402,1.1153788488881382,2.210349090909091,0.001216420836180929,6.911404917522367,7.973212835253941,10.756437612147856,1.3490719280075982,13.082939145690837,4122.0703125,2973.1119858162638,4125.0,0.7351175371417656,0.0765013920024535,0.07319942160916626,0.1480064527510303,0.7020530425046213
source,source_12khz_fe,B007_0.mat,source_domain\cwru_12khz_fe\B007_0.mat,B,12000,1798.0,X282_FE_time,96000,1,24000,0.00024095370926445866,0.18356829181613435,0.18356844995527816,2.185836216046927,4.306392207792209,0.13884877582983646,20.292020867705038,11.907472207601817,17.92659702680651,1.5054914018832966,22.46389697555976,4122.0703125,3088.3842095613822,4122.0703125,0.725033662303322,0.0603141100981618,0.047852706920147654,0.09485273838186747,0.7966380067779476
source,source_12khz_fe,B007_0.mat,source_domain\cwru_12khz_fe\B007_0.mat,B,12000,1798.0,X282_FE_time,96000,2,48000,-0.00043389326043251114,0.17019052972691057,0.17019108282189133,2.000884303433593,3.742829610389611,0.022012539556859136,18.814618770583042,11.75669294915883,17.65738209477798,1.5019004214052882,22.06824786815388,4122.0703125,3082.1580717807674,4122.0703125,0.7380708095475813,0.04926987972578975,0.03591456064130612,0.13215163673355454,0.7824297005656179
source,source_12khz_fe,B007_0.mat,source_domain\cwru_12khz_fe\B007_0.mat,B,12000,1798.0,X282_FE_time,96000,3,84000,-0.0009249103167095679,0.12461102731763304,0.12461445978797903,1.8195042679949787,3.3790992207792208,0.047756470652464376,17.170554191551744,14.601068536316815,19.58372525760242,1.3412528821938774,23.452926995483114,4122.0703125,2976.50384734063,4125.0,0.716863509759631,0.0910861624736252,0.07267109848480685,0.11131398943486354,0.7244682846758472
source,source_12khz_fe,B007_1.mat,source_domain\cwru_12khz_fe\B007_1.mat,B,12000,1777.0,X283_FE_time,96000,0,0,0.0015931516273522501,0.10578114171866645,0.10579313813009014,0.5666655365328209,1.1054997402597404,0.08489267007038317,3.5294899690343287,5.356354358546919,6.894190086775814,1.2871049271991997,8.276384292960131,1066.40625,2574.9867404001984,5988.28125,0.7859516259914494,0.17642075930706436,0.21259343763299585,0.09517071435305176,0.5010294455604093
source,source_12khz_fe,B007_1.mat,source_domain\cwru_12khz_fe\B007_1.mat,B,12000,1777.0,X283_FE_time,96000,1,24000,-0.00200353679256117,0.11263439288825691,0.11265221090145265,1.3965355024282182,2.681068571428572,0.031645062061829723,14.622610737147554,12.39687611313284,16.57022126014566,1.3366449022140847,19.851392480826593,1066.40625,2502.4293653956315,4122.0703125,0.769558337617664,0.1274106226526965,0.2152764282582066,0.10364538364428336,0.5517202329167692
source,source_12khz_fe,B007_1.mat,source_domain\cwru_12khz_fe\B007_1.mat,B,12000,1777.0,X283_FE_time,96000,2,48000,-0.0017955069657213437,0.10051831298742896,0.10053434781756275,0.5547959261432106,1.0760696103896106,-0.09425870536422697,3.4575518027090286,5.518471429729338,6.997015991265902,1.2679264684603944,8.305969048676006,4122.0703125,2344.085638480305,4125.0,0.7464363404169703,0.15322672487956282,0.2471681783764126,0.11622478061529874,0.4814115690136608
source,source_12khz_fe,B007_1.mat,source_domain\cwru_12khz_fe\B007_1.mat,B,12000,1777.0,X283_FE_time,96000,3,84000,-0.002436899519833898,0.09857455921364809,0.09860467637711094,0.5198374845847691,0.9759096103896105,-0.06336351593274683,3.183289405347273,5.271935405896903,6.6557697198930805,1.262490756692655,7.8948320838151105,4122.0703125,2287.4807674557064,4125.0,0.7472809451396119,0.17608279364046908,0.24581784780299293,0.106809834521973,0.46805297649206157
source,source_12khz_fe,B007_2.mat,source_domain\cwru_12khz_fe\B007_2.mat,B,12000,1755.0,X284_FE_time,96000,0,0,-0.00031073676001345683,0.10097189506159075,0.1009723732001131,0.4724648548119616,0.8437179220779222,-0.13101579783743794,3.076521385328625,4.6791497499115255,5.8701885462626295,1.2545417137623107,6.926321681564237,1083.984375,2075.8819522354675,4122.0703125,0.7424573139040279,0.16381103763248062,0.34959206511037966,0.0846780321510797,0.39885570862411857
source,source_12khz_fe,B007_2.mat,source_domain\cwru_12khz_fe\B007_2.mat,B,12000,1755.0,X284_FE_time,96000,1,24000,-0.0001471637730004703,0.17084017788009964,0.1708402412644052,1.1654549846820916,2.3240046753246757,-0.025487616914376763,7.493211780325195,6.821899665146948,9.62779312300942,1.411306761391026,11.948223565249247,1083.984375,2970.8456031017886,4007.8125,0.7910803221219741,0.058367253308477175,0.11743900908901485,0.11183611771399248,0.7108587464417997
source,source_12khz_fe,B007_2.mat,source_domain\cwru_12khz_fe\B007_2.mat,B,12000,1755.0,X284_FE_time,96000,2,48000,6.884687635017924e-05,0.11558319846832026,0.11558321897256318,1.2795221581750515,2.341077402597403,0.07234046032626383,9.089468664149187,11.070137772055913,14.683495256712312,1.3264058279067197,17.56667023551018,1083.984375,2349.2247041668224,4122.0703125,0.7685825796577774,0.13142701735103862,0.27716703706624973,0.08586975518028392,0.5025079736408645
source,source_12khz_fe,B007_2.mat,source_domain\cwru_12khz_fe\B007_2.mat,B,12000,1755.0,X284_FE_time,96000,3,84000,0.0006153909456142489,0.10154171729139805,0.1015435820547126,0.43181550416261094,0.8489210389610391,-0.10039191253051032,3.0416239954929147,4.252513998626642,5.33954693519579,1.2556212482469484,6.301702768814221,1083.984375,2063.6815075364357,4122.0703125,0.731178541613308,0.1576288916662753,0.3593159065347448,0.09267432232500825,0.3877468107798385
source,source_12khz_fe,B007_3.mat,source_domain\cwru_12khz_fe\B007_3.mat,B,12000,1732.0,X285_FE_time,96000,0,0,0.00039824375486391254,0.11045538312943101,0.11045610105538617,0.45863625572565564,0.8466446753246755,-0.12951801851513814,3.0284899323959134,4.152203919379055,5.206615671232468,1.253940262154552,6.14551399512815,1072.265625,2020.8229446122625,4122.0703125,0.7408129697375133,0.13370020720830098,0.40865106770006426,0.06802786002573875,0.3835813913627194
source,source_12khz_fe,B007_3.mat,source_domain\cwru_12khz_fe\B007_3.mat,B,12000,1732.0,X285_FE_time,96000,1,24000,-2.057500547342707e-06,0.10964264253806263,0.10964264255736766,0.4007515804009803,0.7744514285714286,-0.10049003746195427,3.0130999582891196,3.655070427435588,4.577338784543603,1.252325741836207,5.3923042131781,1072.265625,2031.6766860334913,4122.0703125,0.7436439270502302,0.1335691212099577,0.39959565107749945,0.0774379050320098,0.38417626395884136
source,source_12khz_fe,B007_3.mat,source_domain\cwru_12khz_fe\B007_3.mat,B,12000,1732.0,X285_FE_time,96000,2,48000,-4.320819318803549e-05,0.13684767533087913,0.13684768215214194,2.670773918063318,5.194499220779221,0.20349872561027763,54.409563249014596,19.51639864148038,28.13733507954354,1.441727830847568,33.97107465091898,1072.265625,2088.2631811115325,4122.0703125,0.7495789327826828,0.12676886430692608,0.3877785053190761,0.07012602754854992,0.4084800960385883
source,source_12khz_fe,B007_3.mat,source_domain\cwru_12khz_fe\B007_3.mat,B,12000,1732.0,X285_FE_time,96000,3,84000,-0.0005481950763049188,0.11095078354843,0.11095213782461448,0.4877411907905907,0.8572135064935066,-0.12152495531025159,3.039008925160938,4.395960279352008,5.509967751462164,1.2534161824193524,6.496646065662344,1072.265625,2099.17528524006,4122.0703125,0.7498818000269689,0.1291261671158457,0.37999004848250445,0.07278477767928246,0.41257723153716913
source,source_12khz_fe,B014_0.mat,source_domain\cwru_12khz_fe\B014_0.mat,B,12000,1796.0,X286_FE_time,96000,0,0,0.0001724334732230132,0.24927043122040338,0.2492704908610494,2.419445781353617,4.6275220779220785,0.10953282320692624,11.23367091871854,9.706105897198157,14.462274883044637,1.4900182458509357,18.359376251122708,4122.0703125,3461.5832854519062,5021.484375,0.8306733608549135,0.015318529280623364,0.026871816135679117,0.2041171460132777,0.7529826453006584
source,source_12khz_fe,B014_0.mat,source_domain\cwru_12khz_fe\B014_0.mat,B,12000,1796.0,X286_FE_time,96000,1,24000,0.00013107275893729846,0.24245204191285394,0.242452077342679,1.8662152576074225,3.6364909090909094,0.05510110721838626,8.757398144874616,7.697254146278309,11.217091509809375,1.4572848052817218,14.168306437202485,4122.0703125,3439.6368736370587,4558.59375,0.8161690543522538,0.016057042235981762,0.03221606856868222,0.17351497076835545,0.7768504232169917
source,source_12khz_fe,B014_0.mat,source_domain\cwru_12khz_fe\B014_0.mat,B,12000,1796.0,X286_FE_time,96000,2,48000,0.00016569245590699564,0.22934396163457157,0.2293440214878726,3.0873146125224484,5.751476623376624,0.10897305605789796,25.466401090237802,13.461500293227568,21.754756826157433,1.6160722320830254,28.06802593741695,4122.0703125,3531.761080855645,4576.171875,0.7963751956316006,0.017637267150885688,0.03268560081172748,0.11844237371587592,0.8303861864927538
source,source_12khz_fe,B014_0.mat,source_domain\cwru_12khz_fe\B014_0.mat,B,12000,1796.0,X286_FE_time,96000,3,84000,-0.0003839545137899749,0.22264881821950652,0.22264914928113136,2.623106166698331,4.855564935064935,0.16861435982413225,17.9222219224687,11.781343765093144,18.12357052060676,1.5383279600263895,23.12882458507512,4122.0703125,3458.9849857576005,4918.9453125,0.8269577240910418,0.018751144425269203,0.042535152347973025,0.17252520423094023,0.7657725107553273
source,source_12khz_fe,B014_1.mat,source_domain\cwru_12khz_fe\B014_1.mat,B,12000,1775.0,X287_FE_time,96000,0,0,-2.8826854753706824e-05,0.13466608477201178,0.1346660878573749,0.8752254705776974,1.7365402597402597,-0.010350144465304661,5.901153174650792,6.499226973149699,8.784470819229591,1.3516177932322881,10.716127528201044,3635.7421875,3440.9241395813456,5217.7734375,0.8137128848116656,0.06272189571052858,0.05547231059055907,0.15601202888208937,0.7255458987607243
source,source_12khz_fe,B014_1.mat,source_domain\cwru_12khz_fe\B014_1.mat,B,12000,1775.0,X287_FE_time,96000,1,24000,0.00020202758247573154,0.23846682130325594,0.23846690688148547,2.667048847201074,5.144581818181818,0.1950268278551575,18.638811704392566,11.184146605781965,18.346789068583508,1.6404281627550976,24.246186904010262,4122.0703125,3546.274157416531,5176.7578125,0.8131924083645578,0.024306339192716388,0.02075173262840453,0.18198836729194293,0.7725217102260549
source,source_12khz_fe,B014_1.mat,source_domain\cwru_12khz_fe\B014_1.mat,B,12000,1775.0,X287_FE_time,96000,2,48000,-0.0002558534781303296,0.13424764994894797,0.13424789375560997,3.2661303735781475,5.419371428571429,0.5844198485621466,66.67030913821557,24.32909956486623,38.74313235273171,1.5924605943243484,48.37126938305121,3635.7421875,3374.9512411529026,5182.6171875,0.8011782367041207,0.06771846452283427,0.05156378610973055,0.14821827377959879,0.7322790694404362
source,source_12khz_fe,B014_1.mat,source_domain\cwru_12khz_fe\B014_1.mat,B,12000,1775.0,X287_FE_time,96000,3,84000,0.0003173701149432632,0.11787002556422337,0.11787045282979329,0.9561176783699052,1.802392207792208,-0.031185641105292622,6.352918242627368,8.1115975667154,10.908656745705146,1.344822232105605,13.244507025380333,4122.0703125,3464.360135889365,5226.5625,0.7870486382595585,0.08994715277554614,0.07045495193212076,0.09037990318796416,0.7488424141695882
source,source_12khz_fe,B014_2.mat,source_domain\cwru_12khz_fe\B014_2.mat,B,12000,1755.0,X288_FE_time,96000,0,0,0.00024927489692728723,0.27839910786768063,0.2783992194663891,1.9740566440527718,3.8287623376623383,0.09461123221224246,8.427058042812583,7.090740584076987,10.485770515085221,1.4787976503603124,13.399969880630936,2572.265625,3389.4453868777387,4634.765625,0.7988169477509455,0.016373627052286278,0.014788076767776713,0.23902833142643115,0.7292451847233972
source,source_12khz_fe,B014_2.mat,source_domain\cwru_12khz_fe\B014_2.mat,B,12000,1755.0,X288_FE_time,96000,1,24000,0.00029991721294460343,0.29649600304208074,0.2964961547309917,2.0803095897134627,4.063715584415585,0.009308062303462657,8.161512456902347,7.016312206793685,10.390973562028453,1.4809736590586917,13.323280181965105,2572.265625,3279.8273014221854,4467.7734375,0.7792584278834388,0.013572346366821532,0.011228528063023295,0.3152295722272977,0.6597281917786146
source,source_12khz_fe,B014_2.mat,source_domain\cwru_12khz_fe\B014_2.mat,B,12000,1755.0,X288_FE_time,96000,2,48000,-0.0002808942589168681,0.33031406856416357,0.33031418799832934,2.5358306700267974,4.567767532467533,0.04978194705215709,8.298726472615208,7.677026183422512,11.617217907041692,1.5132445336831486,15.146245983804215,2566.40625,3248.489689619335,4473.6328125,0.7677660582157306,0.011080730628605219,0.00996243221806115,0.3449809159527337,0.6336360170366935
source,source_12khz_fe,B014_2.mat,source_domain\cwru_12khz_fe\B014_2.mat,B,12000,1755.0,X288_FE_time,96000,3,84000,-9.004555761816724e-05,0.22094920272901356,0.22094922107757967,1.8992618388579665,3.653157142857143,-0.10836804429664279,10.707756454994637,8.595920047088565,12.74741776916284,1.4829614164946416,16.15735673611538,2569.3359375,3405.8138509942028,5091.796875,0.7951357807119735,0.021246672120944145,0.017304992527512775,0.2562429482383844,0.7046996793235698
source,source_12khz_fe,B014_3.mat,source_domain\cwru_12khz_fe\B014_3.mat,B,12000,1732.0,X289_FE_time,96000,0,0,-2.720017956536474e-05,0.22882820697730097,0.2288282085939062,2.6473156551234647,4.832801298701298,0.20773747420957478,12.933829987002564,11.56900922040603,17.540019815679884,1.516121171782387,22.49914818484726,3638.671875,3282.051860844519,4749.0234375,0.8356337977176572,0.021786574333533183,0.04024672629850506,0.2735758933715123,0.662306561716628
source,source_12khz_fe,B014_3.mat,source_domain\cwru_12khz_fe\B014_3.mat,B,12000,1732.0,X289_FE_time,96000,1,24000,-4.0580590820775334e-05,0.2688626539090585,0.2688626569715596,2.595637591629782,4.67874025974026,-0.028568532918479394,11.430820886100122,9.654139480942106,14.890529817146474,1.5423984547235885,19.339963741020618,3638.671875,3404.38219787068,4819.3359375,0.830210157620185,0.014939542989607769,0.02494020515305461,0.2247746262350463,0.7324030989105933
source,source_12khz_fe,B014_3.mat,source_domain\cwru_12khz_fe\B014_3.mat,B,12000,1732.0,X289_FE_time,96000,2,48000,-0.00020117940034458488,0.1735892476612968,0.17358936423861387,2.005462408370218,3.688522077922078,-0.08455460082239687,15.615614317868282,11.55291061266853,17.299659930253654,1.4974287008837215,21.75568247803688,3638.671875,3406.7578884347686,5085.9375,0.8224567179148634,0.04714085065809216,0.07452694138863263,0.09274020530823777,0.7839524228794192
source,source_12khz_fe,B014_3.mat,source_domain\cwru_12khz_fe\B014_3.mat,B,12000,1732.0,X289_FE_time,96000,3,84000,6.073791567273094e-05,0.16742326995244783,0.16742328096971643,1.3351012279934182,2.563754545454546,-0.005271822266436856,8.70373914671146,7.974406069768381,11.37128649141221,1.4259728425987432,14.140399783311077,3638.671875,3458.141294261475,5080.078125,0.8236250487995576,0.03674895585966305,0.06285625654919312,0.09901690199238779,0.8005052836296482
source,source_12khz_fe,B021_0.mat,source_domain\cwru_12khz_fe\B021_0.mat,B,12000,1796.0,X290_FE_time,96000,0,0,0.0001582075199376014,0.13034860622317604,0.13034870223344755,0.8117903776498078,1.4771974025974028,0.03692374542876495,3.500589047607587,6.2278362863153545,7.908901716475941,1.2699276848034327,9.402850825354545,4122.0703125,3179.069095126682,4242.1875,0.7473517689867297,0.05151234283285678,0.0714682357640062,0.11109709621648438,0.7657589603643281
source,source_12khz_fe,B021_0.mat,source_domain\cwru_12khz_fe\B021_0.mat,B,12000,1796.0,X290_FE_time,96000,1,24000,-6.705763157754992e-05,0.14317910816933835,0.14317912387248724,1.7796514166108468,3.487714285714286,0.026494699977641745,15.957979577244734,12.429545372713292,17.168401390520838,1.3812573891954967,20.756889735572507,4122.0703125,3087.7112460140147,4242.1875,0.7407225811939218,0.054023772129153186,0.10859574498323876,0.10435885440261357,0.7326615407185049
source,source_12khz_fe,B021_0.mat,source_domain\cwru_12khz_fe\B021_0.mat,B,12000,1796.0,X290_FE_time,96000,2,48000,-4.781693893685757e-05,0.17790334975469052,0.17790335618081912,2.305608323648894,4.578742857142858,0.09741765442411283,28.407577751382885,12.959892230996124,19.982542105861125,1.541875638283213,24.946533185189665,4122.0703125,3234.3446537709356,4189.453125,0.7657129328234547,0.03601935670146094,0.05398849326251796,0.12589653219496874,0.7836224271027903
source,source_12khz_fe,B021_0.mat,source_domain\cwru_12khz_fe\B021_0.mat,B,12000,1796.0,X290_FE_time,96000,3,84000,1.319096149604295e-05,0.14987080989922177,0.14987081047972664,1.1491799880394182,2.160919480519481,0.02156761360804105,5.568070825743092,7.667803919611168,10.083718898453215,1.3150726080248119,12.112968358047512,4122.0703125,3321.622107241825,4189.453125,0.7454610315549853,0.0342092735531491,0.048904802784428124,0.07794658363301855,0.8386810635004484
source,source_12khz_fe,B021_1.mat,source_domain\cwru_12khz_fe\B021_1.mat,B,12000,1775.0,X291_FE_time,96000,0,0,0.00010273611341948085,0.12548912593226325,0.12548916798653348,0.6138799608562775,1.1926519480519482,0.013234209904056497,3.3482463639343254,4.891896015417541,6.196375804818035,1.2666613896206813,7.3524203129873795,4239.2578125,3179.9855344869775,4239.2578125,0.7407135781548556,0.07377056051980341,0.06214664157016545,0.06724926956483684,0.7963832063455044
source,source_12khz_fe,B021_1.mat,source_domain\cwru_12khz_fe\B021_1.mat,B,12000,1775.0,X291_FE_time,96000,1,24000,4.3083191341559595e-05,0.2074170570768982,0.2074170615513647,2.5333422985186154,4.8937753246753255,0.13001829726529243,22.96505755873795,12.213760428184667,19.119104708180313,1.5653741384978033,24.147729687890457,3395.5078125,3274.0120665599356,4122.0703125,0.7381051181762185,0.0501881022833502,0.035511689984846766,0.0690318621042752,0.8447135952112554
source,source_12khz_fe,B021_1.mat,source_domain\cwru_12khz_fe\B021_1.mat,B,12000,1775.0,X291_FE_time,96000,2,48000,6.259487965324746e-05,0.22624050420639089,0.22624051286558058,2.3718148443385276,4.713698701298702,0.10875984180747235,21.189359167997452,10.483599132120263,17.192866768857016,1.6399775069712952,22.29757481290264,3650.390625,3413.4539686615763,3919.921875,0.7258102128687866,0.02072750828616108,0.017368461455463623,0.07216486592033228,0.889462818702267
source,source_12khz_fe,B021_1.mat,source_domain\cwru_12khz_fe\B021_1.mat,B,12000,1775.0,X291_FE_time,96000,3,84000,1.608524761861498e-05,0.13104915141884624,0.13104915240601475,1.2779408183645018,2.4832688311688313,0.050342439074289494,6.713443430614815,9.751614527009307,12.665647792694134,1.2988257234242702,15.103260709553272,3413.0859375,3255.6141787772317,4133.7890625,0.7297891040441398,0.06081066305350959,0.046780287498336515,0.0369301152035199,0.8552958901474187
source,source_12khz_fe,B021_2.mat,source_domain\cwru_12khz_fe\B021_2.mat,B,12000,1756.0,X292_FE_time,96000,0,0,0.00023478150671684336,0.16230274284057453,0.16230291265386937,1.4040237250132104,2.799114285714286,0.0372309518609646,7.409692124251557,8.650637884723674,11.446991664333215,1.3232540555739996,13.706709016227897,3644.53125,3264.82081158455,4122.0703125,0.728724071295478,0.05448298875896221,0.055250047513743863,0.04549437243805676,0.844392337030482
source,source_12khz_fe,B021_2.mat,source_domain\cwru_12khz_fe\B021_2.mat,B,12000,1756.0,X292_FE_time,96000,1,24000,-0.00016568234609700948,0.15055921669388583,0.1505593078561278,1.2450847639742495,2.4857077922077924,0.020302431947968182,4.942639781535278,8.269729594903318,10.685549322057572,1.2921280193456586,12.767899253233766,3644.53125,3268.515198051174,4122.0703125,0.7207143132296774,0.05554211230865538,0.05327059617665162,0.0414456982812419,0.8494206784567606
source,source_12khz_fe,B021_2.mat,source_domain\cwru_12khz_fe\B021_2.mat,B,12000,1756.0,X292_FE_time,96000,2,48000,-9.241189155155545e-05,0.19565815517005783,0.19565817699372576,3.043818530208016,6.077484415584417,0.03406866213067997,34.05452293346039,15.556817389186174,23.737148884822236,1.5258357985998496,29.43705493552147,3416.015625,3391.6260990702795,3931.640625,0.7221877841297004,0.03116780139641728,0.02919740514031145,0.056985688816364476,0.8823364977499867
source,source_12khz_fe,B021_2.mat,source_domain\cwru_12khz_fe\B021_2.mat,B,12000,1756.0,X292_FE_time,96000,3,84000,5.7753584638920976e-05,0.16665330257907182,0.16665331258630356,1.5373632879738028,2.8869168831168834,0.04512192287260352,8.28327983542989,9.224918869635037,12.5150584322137,1.356657831792263,15.142234764336777,3644.53125,3331.1839287649295,3990.234375,0.7291358667545302,0.041442149418257426,0.03864707288962505,0.04602318541907821,0.8734342349749076
source,source_12khz_fe,B021_3.mat,source_domain\cwru_12khz_fe\B021_3.mat,B,12000,1734.0,X293_FE_time,96000,0,0,0.00027357428730862563,0.21806310768000786,0.2180632792882685,1.9193954653230811,3.834453246753247,0.0521383611305273,12.452252682730919,8.80201137751825,12.655639922183257,1.4378122657793597,15.593874786791796,3826.171875,3322.050213198822,3896.484375,0.7484977616869124,0.01790856002842606,0.06516820491723681,0.07114748162729001,0.8455328703118123
source,source_12khz_fe,B021_3.mat,source_domain\cwru_12khz_fe\B021_3.mat,B,12000,1734.0,X293_FE_time,96000,1,24000,0.00022675978514412413,0.17151691911039527,0.17151706900807873,1.521978560650945,2.969028571428572,0.03906880783855419,6.749553026974098,8.873627385565829,11.6670662692064,1.314802364601928,13.970359409574597,3398.4375,3087.79146253289,4054.6875,0.7197682236225946,0.03741595173148889,0.143102465244761,0.062379760157849365,0.7569347674055541
source,source_12khz_fe,B021_3.mat,source_domain\cwru_12khz_fe\B021_3.mat,B,12000,1734.0,X293_FE_time,96000,2,48000,-0.00031773826680392756,0.16938921836723303,0.16938951637178834,1.153561699089315,2.240592207792208,0.010055925715104105,5.6132305467491594,6.810112714122073,8.8716140489124,1.3027117789787876,10.600655014660415,1031.25,3105.4532115206493,3949.21875,0.7239910465693202,0.036150069187144536,0.1336202052934923,0.05115935664959386,0.7789346682624542
source,source_12khz_fe,B021_3.mat,source_domain\cwru_12khz_fe\B021_3.mat,B,12000,1734.0,X293_FE_time,96000,3,84000,-0.00016076402437968507,0.1565518155081199,0.15655189805288194,0.9801227164951009,1.9495428571428572,0.03580519892672402,3.480334756486016,6.260688811053334,7.8943907350652855,1.2609460353750854,9.333783811675236,3398.4375,3037.8763809231377,4051.7578125,0.7178127099420754,0.039455288197609045,0.1594603798191691,0.05470626059225425,0.7462633421296427
source,source_12khz_fe,IR007_0.mat,source_domain\cwru_12khz_fe\IR007_0.mat,IR,12000,1796.0,X278_FE_time,96000,0,0,0.0013070389794060985,0.2835236244646385,0.2835266371621176,1.987013685775943,3.776324675324676,0.08811960502069081,7.547152801777835,7.008208137540111,10.24168292228878,1.461383954536416,13.043472357472528,3366.2109375,2859.240443949395,3750.0,0.6369145768704367,0.009059151568655588,0.2229258049167913,0.07291567029880236,0.6950594203242568
source,source_12khz_fe,IR007_0.mat,source_domain\cwru_12khz_fe\IR007_0.mat,IR,12000,1796.0,X278_FE_time,96000,1,24000,6.876491014202978e-05,0.2683717242810851,0.26837173309090434,1.5462278726656156,2.962036883116883,0.06032457510011349,7.344939891025474,5.761515398255849,8.39901135633508,1.457778166981272,10.667033699624863,3366.2109375,2864.7649929925233,3811.5234375,0.6451097558916647,0.010380065269800611,0.21763969056773805,0.07721588405294597,0.6947092738556103
source,source_12khz_fe,IR007_0.mat,source_domain\cwru_12khz_fe\IR007_0.mat,IR,12000,1796.0,X278_FE_time,96000,2,48000,-0.0006322331418060233,0.2741195931447046,0.27412032223927496,1.6569567038344468,3.107398961038961,0.037676879441368494,6.914984109487083,6.044632846965914,8.634162287160404,1.428401444012071,10.839455944939429,3366.2109375,2798.6824273024204,3750.0,0.6802795128078154,0.010923716734054002,0.24470111450547732,0.07384232117006051,0.670445645464279
source,source_12khz_fe,IR007_0.mat,source_domain\cwru_12khz_fe\IR007_0.mat,IR,12000,1796.0,X278_FE_time,96000,3,84000,-0.0018764420162648977,0.2825094622506408,0.28251569389289977,1.5678375818798391,3.0958545454545456,0.019198565489252358,7.23266000145459,5.5495592484453224,8.055949523229053,1.4516377179786604,10.184279707183759,3366.2109375,2810.3500074400395,3708.984375,0.6634280827642653,0.006950073871623946,0.24470969145577345,0.07333644015264669,0.6749514284445549
source,source_12khz_fe,IR007_1.mat,source_domain\cwru_12khz_fe\IR007_1.mat,IR,12000,1772.0,X279_FE_time,96000,0,0,0.00020895182623901294,0.2382277949268713,0.23822788656365387,1.4326118404409576,2.64611012987013,0.084914272587602,5.804147144289328,6.013619400733565,8.33689993103052,1.3863364764950965,10.326500523399835,1195.3125,2752.519166488328,3931.640625,0.7346250383322841,0.009112954973398408,0.2946257234858391,0.06116605898406163,0.6349212547654193
source,source_12khz_fe,IR007_1.mat,source_domain\cwru_12khz_fe\IR007_1.mat,IR,12000,1772.0,X279_FE_time,96000,1,24000,-0.00022472254605535976,0.23859239537636454,0.23859250120583037,1.296097769948653,2.5921277922077923,0.10263052947168044,5.98468076997492,5.432265320128797,7.580804029386682,1.3955143172526725,9.43454379287204,1195.3125,2768.2438194608135,3940.4296875,0.7318716964793544,0.010698591159651766,0.2850928713426964,0.05898489276470652,0.645014762995859
source,source_12khz_fe,IR007_1.mat,source_domain\cwru_12khz_fe\IR007_1.mat,IR,12000,1772.0,X279_FE_time,96000,2,48000,-0.00017793514345795748,0.2376291420796608,0.2376292086979858,1.5285443079734253,2.7522862337662337,0.14368251648367253,6.020610825909371,6.432476530735294,9.002851923872774,1.399593435097349,11.229952945033428,1195.3125,2724.952682617767,4016.6015625,0.7400790575100074,0.0082272517120206,0.30536038636124235,0.06553789955467886,0.6206788873760634
source,source_12khz_fe,IR007_1.mat,source_domain\cwru_12khz_fe\IR007_1.mat,IR,12000,1772.0,X279_FE_time,96000,3,84000,-0.0002613476109904251,0.23889116646504527,0.23889130942251485,1.5391131391422566,2.8948841558441565,0.09799675423894486,6.244477290517996,6.442733906295699,9.00782621688231,1.3981372423347103,11.225405459959147,1195.3125,2768.3455985158994,4040.0390625,0.730516962064963,0.009816790445419086,0.2857326613035275,0.062417505091403924,0.6418741363012315
source,source_12khz_fe,IR007_2.mat,source_domain\cwru_12khz_fe\IR007_2.mat,IR,12000,1755.0,X280_FE_time,96000,0,0,-7.692527989912288e-05,0.23031900821545603,0.23031902106176552,1.4132917287460753,2.6744020779220783,-0.056815947464492846,6.374424702774377,6.13623539308519,8.596330284320832,1.4009127312766638,10.696782123018863,1183.59375,2782.2499401957575,4139.6484375,0.7440107030472497,0.011977649184052247,0.29028823266576137,0.06130590191193895,0.6356000494988949
source,source_12khz_fe,IR007_2.mat,source_domain\cwru_12khz_fe\IR007_2.mat,IR,12000,1755.0,X280_FE_time,96000,1,24000,-4.597757427141744e-05,0.2327245617472628,0.2327245662889779,1.2933046348902888,2.577006233766234,-0.08247306200496898,5.785530557655017,5.557232979344407,7.664498580728922,1.3791933160232879,9.475907377592472,1183.59375,2787.979293586362,4122.0703125,0.7469452318874032,0.008711616898526581,0.2904584750121455,0.060987034984691546,0.6390748484878782
source,source_12khz_fe,IR007_2.mat,source_domain\cwru_12khz_fe\IR007_2.mat,IR,12000,1755.0,X280_FE_time,96000,2,48000,-6.33077474315903e-05,0.23112874945109152,0.23112875812130415,1.3988205599149062,2.6563537662337664,-0.05528370894302613,5.851374533219998,6.052126837347977,8.37147815977536,1.3832291332822588,10.366714258603247,1183.59375,2756.410153091983,4125.0,0.7391759317568749,0.010589001916093499,0.302479432350743,0.06371832929191089,0.6224554690551658
source,source_12khz_fe,IR007_2.mat,source_domain\cwru_12khz_fe\IR007_2.mat,IR,12000,1755.0,X280_FE_time,96000,3,84000,1.574168979784681e-05,0.23125491916422863,0.23125491970000273,1.353781079395426,2.6865968831168834,0.08293549693556392,5.587798129962168,5.854063909843626,8.069777315978195,1.3784914958604986,9.973357405830132,1183.59375,2749.3659526869596,4183.59375,0.7399041591452813,0.009351793050544139,0.30878380483082984,0.06046244792661782,0.620340851009503
source,source_12khz_fe,IR007_3.mat,source_domain\cwru_12khz_fe\IR007_3.mat,IR,12000,1732.0,X281_FE_time,96000,0,0,0.00025252223213094807,0.24026420736359239,0.2402643400663799,1.4294718079031268,2.7218805194805196,-0.0030978219209173014,5.601485220641021,5.949579565166619,8.120967497881276,1.364964937252679,9.989181188290882,1166.015625,2439.932404878778,4110.3515625,0.7148357888100894,0.00837988207280358,0.4451588569545747,0.057436511492842464,0.4888194660603599
source,source_12khz_fe,IR007_3.mat,source_domain\cwru_12khz_fe\IR007_3.mat,IR,12000,1732.0,X281_FE_time,96000,1,24000,-5.944798431926923e-05,0.24108458201300179,0.24108458934250987,1.5447533663446853,2.9488664935064937,-0.09674350946271143,5.355924242476467,6.40751601150101,8.675618664156493,1.3539753390468978,10.62298757921079,1166.015625,2425.6122851401424,4122.0703125,0.7050294615128223,0.010516768931279834,0.4515278307167496,0.053657593731862546,0.4840625771814265
source,source_12khz_fe,IR007_3.mat,source_domain\cwru_12khz_fe\IR007_3.mat,IR,12000,1732.0,X281_FE_time,96000,2,48000,-5.560495141779901e-06,0.24158303989701152,0.24158303996100428,1.4024871531358345,2.7633428571428573,-0.11561992528742092,5.487102416012496,5.805404027353969,7.92868867769621,1.3657427872900672,9.741877690836116,1166.015625,2418.379077494968,4122.0703125,0.7120069537862819,0.010767439180725272,0.4508745533146134,0.0562100094555717,0.4820052458701173
source,source_12khz_fe,IR007_3.mat,source_domain\cwru_12khz_fe\IR007_3.mat,IR,12000,1732.0,X281_FE_time,96000,3,84000,-0.00020178846050974516,0.2462512415141601,0.24625132419105483,1.328986613097932,2.540909610389611,-0.14038176646333278,5.220013748925999,5.396870930372893,7.294283280030368,1.3515763808523678,8.908364856926841,1166.015625,2393.7736716381232,4122.0703125,0.7187071167335213,0.009051108750755434,0.4626684849087611,0.061687101643516706,0.46640198395245447
source,source_12khz_fe,IR014_0.mat,source_domain\cwru_12khz_fe\IR014_0.mat,IR,12000,1796.0,X274_FE_time,96000,0,0,-0.0002487042491276306,0.17722511595276527,0.17722529045899357,1.080209586183773,2.1370176623376627,0.14058571554047403,5.624995505583458,6.095120980645914,8.244120038279242,1.3525769323382772,10.05381137054948,4119.140625,3085.4132070346022,4693.359375,0.7504547585663475,0.030403891876836963,0.16576955913003957,0.1619898828253087,0.6410417684845278
source,source_12khz_fe,IR014_0.mat,source_domain\cwru_12khz_fe\IR014_0.mat,IR,12000,1796.0,X274_FE_time,96000,1,24000,2.8781768188386316e-05,0.18089111856081086,0.1808911208505589,1.0455763394305264,1.994094545454546,0.11945433337674603,5.510044239039403,5.780141858308994,7.824884401473153,1.3537530035152288,9.573173271389665,4119.140625,3087.2017871076005,4687.5,0.7338902091930791,0.03110200296772279,0.1628229665900471,0.1658246541582446,0.6394448677635458
source,source_12khz_fe,IR014_0.mat,source_domain\cwru_12khz_fe\IR014_0.mat,IR,12000,1796.0,X274_FE_time,96000,2,48000,0.00019980713615375364,0.1799637538754459,0.1799638647946685,1.0215119238461106,1.9222264935064937,0.06554151727086195,5.369554287244191,5.676205748336969,7.634848568194355,1.3450619844759522,9.287534762105832,4119.140625,3066.1562418524,4646.484375,0.729433684101978,0.028207554369109048,0.17035534579289632,0.16834180218466765,0.6323516951228689
source,source_12khz_fe,IR014_0.mat,source_domain\cwru_12khz_fe\IR014_0.mat,IR,12000,1796.0,X274_FE_time,96000,3,84000,0.00014526925736587555,0.17730694607046055,0.1773070055806886,1.1078511446253314,1.964339220779221,0.11543654009916289,5.651521001773974,6.248208529554823,8.476650623924176,1.356652964410635,10.369229318905013,4119.140625,3105.451955111267,4781.25,0.7398043004970964,0.03199422205019217,0.15904984930653351,0.15953458113486393,0.6486950335142688
source,source_12khz_fe,IR014_1.mat,source_domain\cwru_12khz_fe\IR014_1.mat,IR,12000,1775.0,X275_FE_time,96000,0,0,-1.387042785373364e-06,0.1419201884320049,0.14192018843878298,0.8727386502029587,1.6451605194805197,-0.018920051954801172,5.950467719203546,6.149503180608186,8.521148454638194,1.3856645332664759,10.528782928393145,4119.140625,3074.3923252220548,4842.7734375,0.7823378818833426,0.041517293639306736,0.17666416292123396,0.16251593904461872,0.6181402668198479
source,source_12khz_fe,IR014_1.mat,source_domain\cwru_12khz_fe\IR014_1.mat,IR,12000,1775.0,X275_FE_time,96000,1,24000,-0.00010372855793688892,0.14157444693693336,0.14157448493677202,0.8143661826704912,1.5214238961038964,0.05291746257367598,5.424163968700174,5.752210103596277,7.868957814719818,1.367988594461209,9.682977066025682,4119.140625,3032.331715371765,4848.6328125,0.8121916383378267,0.04247468661648654,0.18397642348963505,0.17509341328003478,0.5974636586320888
source,source_12khz_fe,IR014_1.mat,source_domain\cwru_12khz_fe\IR014_1.mat,IR,12000,1775.0,X275_FE_time,96000,2,48000,0.0002939440394657092,0.1412058297570101,0.14120613570402687,0.9031501809658726,1.652152207792208,-0.09570874408585103,5.74166822565425,6.3959698100691025,8.802858663287015,1.3763133542885764,10.858254602243859,4119.140625,3047.89144821833,4842.7734375,0.8185506216228159,0.041050362853196944,0.17959327530371363,0.17227877821446091,0.6058379383842639
source,source_12khz_fe,IR014_1.mat,source_domain\cwru_12khz_fe\IR014_1.mat,IR,12000,1775.0,X275_FE_time,96000,3,84000,-0.00019753370945204036,0.14054608283447645,0.14054622164854483,0.7917709601866518,1.5745932467532469,0.017086500555189014,5.395071729944245,5.633527183398431,7.6966473773459265,1.3662217517956758,9.462097122361609,4051.7578125,3021.650176860846,4842.7734375,0.7883785718352861,0.04091931065958337,0.19025975738314596,0.17267439130591178,0.5949929075751622
source,source_12khz_fe,IR014_2.mat,source_domain\cwru_12khz_fe\IR014_2.mat,IR,12000,1755.0,X276_FE_time,96000,0,0,-1.0342612725042448e-05,0.13262764468380234,0.13262764508707287,0.7417379328291753,1.4806119480519482,0.06113595257010472,5.683084868682732,5.592634418990219,7.652607394814459,1.3683367839620886,9.394953199162797,4119.140625,2984.610144572748,4839.84375,0.7914891668541358,0.046126297662904554,0.20860258192136746,0.16002381836714996,0.5784547930223161
source,source_12khz_fe,IR014_2.mat,source_domain\cwru_12khz_fe\IR014_2.mat,IR,12000,1755.0,X276_FE_time,96000,1,24000,0.0003044866080541783,0.13366427312754667,0.13366461993665293,0.7843384523096948,1.4131340259740262,-0.10011221014431838,5.724082834073996,5.86795857180116,8.05799121133252,1.3732188311613878,9.9131852529292,4119.140625,2998.235037088217,4907.2265625,0.8099840650829635,0.04642294434949915,0.20752253048419841,0.1619275126301875,0.577804081499187
source,source_12khz_fe,IR014_2.mat,source_domain\cwru_12khz_fe\IR014_2.mat,IR,12000,1755.0,X276_FE_time,96000,2,48000,2.7271586409156104e-05,0.1317992493874673,0.13179925220895305,0.7697675217162795,1.5201231168831173,0.05523030510477787,5.855203572200695,5.840454394157398,7.993188216536608,1.3685901262189615,9.810327545126048,4119.140625,2991.1195077313228,4880.859375,0.8046793592223791,0.04796245699009076,0.2032692902997313,0.16959990590010535,0.5727415071878742
source,source_12khz_fe,IR014_2.mat,source_domain\cwru_12khz_fe\IR014_2.mat,IR,12000,1755.0,X276_FE_time,96000,3,84000,-0.00016890217982461016,0.13306344570845813,0.1330635529051969,0.7409249458161883,1.3937849350649354,-0.01845953978397208,5.608570714074435,5.568203536084018,7.618363227667002,1.3681905085257637,9.366854420118639,4119.140625,3057.5946708178485,4875.0,0.7984476914879519,0.046909631399769794,0.18359915990851897,0.16560253199260194,0.5973387797774702
source,source_12khz_fe,IR014_3.mat,source_domain\cwru_12khz_fe\IR014_3.mat,IR,12000,1733.0,X277_FE_time,96000,0,0,-0.0002711720704622212,0.13709912155699086,0.13709938973602454,0.8346657590834493,1.6358924675324678,-0.04942282131936831,5.477064930076956,6.088034094713717,8.313686746186736,1.3655782173337248,10.2125148632815,1391.6015625,2828.915154246191,4839.84375,0.7823645549627858,0.04537289858473886,0.26775774620160425,0.1707968109566775,0.5157363284964394
source,source_12khz_fe,IR014_3.mat,source_domain\cwru_12khz_fe\IR014_3.mat,IR,12000,1733.0,X277_FE_time,96000,1,24000,3.7123884122379584e-06,0.13738366983688222,0.1373836698870404,0.8592179668756571,1.5989828571428573,-0.07941487509281438,5.632159167757279,6.254149183639286,8.53261359065422,1.3643124492318215,10.463788980110914,1391.6015625,2844.0213522656245,4828.125,0.806334583693437,0.04788291265602527,0.26213972198671104,0.1592179822899654,0.5302183814833241
source,source_12khz_fe,IR014_3.mat,source_domain\cwru_12khz_fe\IR014_3.mat,IR,12000,1733.0,X277_FE_time,96000,2,48000,0.0003135010897109393,0.13656242616636322,0.13656278601206354,0.7551556292133195,1.4794737662337663,0.008980619519301031,5.385700142241081,5.529732156614625,7.520001324767484,1.3599214413517382,9.22755707275938,1391.6015625,2852.3983967012846,4866.2109375,0.7986047903546986,0.044772548440450706,0.266389243412306,0.16254197172444343,0.5259106526191665
source,source_12khz_fe,IR014_3.mat,source_domain\cwru_12khz_fe\IR014_3.mat,IR,12000,1733.0,X277_FE_time,96000,3,84000,-0.00033463925660940687,0.13689981797037085,0.13690022696749898,0.8161296551873455,1.5158955844155846,-0.12010651693945831,5.423688451560108,5.96149234562729,8.126015796142719,1.3630841616434737,9.977177629932262,1391.6015625,2826.6828019899235,4754.8828125,0.7865313802280067,0.04625367290404577,0.2695344126170505,0.16959987090685205,0.5141344336777476
source,source_12khz_fe,IR021_0.mat,source_domain\cwru_12khz_fe\IR021_0.mat,IR,12000,1796.0,X270_FE_time,96000,0,0,-0.001450451537139522,0.3106677529179604,0.31067113884742575,1.9444279071432,3.711741818181818,0.03197174197441421,7.00161751663906,6.258798015002844,8.85464095316568,1.414751032372652,11.030893682152055,3360.3515625,3313.4411500050255,4122.0703125,0.727978655381747,0.011557016423826129,0.04387587447006099,0.09553235309374818,0.84893721292092
source,source_12khz_fe,IR021_0.mat,source_domain\cwru_12khz_fe\IR021_0.mat,IR,12000,1796.0,X270_FE_time,96000,1,24000,0.001999301493163507,0.3334643944315619,0.333470387830867,1.973396998052291,3.8401509090909087,0.03516622836481711,7.373568796861749,5.9177578281621255,8.522694625258623,1.4401898274164346,10.708390848592432,3360.3515625,3346.6181405341904,4122.0703125,0.7052985968756817,0.0089148933997975,0.037032550713685226,0.0739089612211799,0.8800971132750478
source,source_12khz_fe,IR021_0.mat,source_domain\cwru_12khz_fe\IR021_0.mat,IR,12000,1796.0,X270_FE_time,96000,2,48000,0.0008819711901332049,0.31528985898517936,0.3152910925669714,1.8566988162341092,3.603467272727273,0.023604655715447478,6.980531659355519,5.8888400592345835,8.326222172327823,1.4138985077790747,10.355177090137754,3360.3515625,3345.2787340261425,4122.0703125,0.7047233914193775,0.011122110466312455,0.04467825124433205,0.06689345291076694,0.8771056673549619
source,source_12khz_fe,IR021_0.mat,source_domain\cwru_12khz_fe\IR021_0.mat,IR,12000,1796.0,X270_FE_time,96000,3,84000,0.0007876333113453263,0.314393469257091,0.31439445586355774,1.8160066383113453,3.6217527272727272,0.020202919206649406,6.7095390518149465,5.776204396853893,8.116964410626922,1.405241894663933,10.058983868777913,3360.3515625,3339.5429115369375,4122.0703125,0.703613797662156,0.013010781358907039,0.04601830734724186,0.06922923077754174,0.8715943374890671
source,source_12khz_fe,IR021_1.mat,source_domain\cwru_12khz_fe\IR021_1.mat,IR,12000,1776.0,X271_FE_time,96000,0,0,-0.0008462891846231983,0.28744931682742236,0.2874505626189239,1.5716982132396193,3.1171563636363637,0.1041538036502703,6.2017286080562215,5.467716601124792,7.627902437741587,1.3950800661734875,9.45724207264373,3462.890625,3407.3457979498457,3952.1484375,0.7087079521184374,0.007620343323611181,0.03146808281072003,0.08516267213167662,0.8754164251123173
source,source_12khz_fe,IR021_1.mat,source_domain\cwru_12khz_fe\IR021_1.mat,IR,12000,1776.0,X271_FE_time,96000,1,24000,-0.00046339039674441043,0.30114745193009557,0.30114780845068256,1.6925054859668918,3.3511690909090905,0.09926924535912227,6.665741065417903,5.620181978639385,7.956927681102449,1.4157775871524994,9.948515447266026,3462.890625,3406.953617108067,3966.796875,0.71307149971916,0.008128648545074356,0.0310840591817544,0.07882870002236785,0.8816716651844786
source,source_12khz_fe,IR021_1.mat,source_domain\cwru_12khz_fe\IR021_1.mat,IR,12000,1776.0,X271_FE_time,96000,2,48000,0.00019154733052831677,0.2920183520073673,0.2920184148294051,1.6230618496032556,3.204269090909091,0.0453667028317916,6.293445079886537,5.558080474294328,7.744389848883387,1.3933569124581846,9.608376844227925,3462.890625,3417.238583584822,3972.65625,0.7184844928106289,0.0073671215626290466,0.030547532432169518,0.07992686545973157,0.8818326015173319
source,source_12khz_fe,IR021_1.mat,source_domain\cwru_12khz_fe\IR021_1.mat,IR,12000,1776.0,X271_FE_time,96000,3,84000,-0.001205081305835319,0.2926117168951911,0.29261419836587754,1.51704730414871,2.9801181818181814,0.038201161055835896,6.1832102824394335,5.184462382945093,7.2397714225014145,1.39643629131012,8.978859499820535,3462.890625,3406.6470305125927,3958.0078125,0.7073813405870762,0.007510068726746729,0.03134369425663038,0.08092164504910193,0.8799810476787805
source,source_12khz_fe,IR021_2.mat,source_domain\cwru_12khz_fe\IR021_2.mat,IR,12000,1758.0,X272_FE_time,96000,0,0,0.0003929613939634317,0.2897211697997429,0.28972143629491526,1.4978374926060845,2.9819672727272724,0.0751301562647482,5.831711442454556,5.169922915459474,7.188533948680597,1.3904528299948373,8.928821200624752,3424.8046875,3368.5046928931783,3899.4140625,0.7096292312918275,0.008662908811247249,0.0327843080753754,0.08959977259358727,0.8687902629450126
source,source_12khz_fe,IR021_2.mat,source_domain\cwru_12khz_fe\IR021_2.mat,IR,12000,1758.0,X272_FE_time,96000,1,24000,0.0004460200303270685,0.29001311669528224,0.2900134596689934,1.427161128969721,2.8247945454545453,0.049223639517912934,6.0290807699869795,4.921016874850185,6.878114566025179,1.39770188579385,8.571345353129718,3366.2109375,3374.6197788301038,3899.4140625,0.71643820434364,0.008307544744933055,0.032497919131543755,0.08885557181292379,0.870103464070119
source,source_12khz_fe,IR021_2.mat,source_domain\cwru_12khz_fe\IR021_2.mat,IR,12000,1758.0,X272_FE_time,96000,2,48000,-0.0013304598181577798,0.29224128836216623,0.29224431687700364,1.5776115983030061,2.99902,0.03210565802399067,6.03383312780844,5.398262710995932,7.557244009100998,1.3999400202738361,9.407394278064718,3366.2109375,3374.149775223701,3902.34375,0.6970533729479024,0.008470199054095162,0.03133775067223168,0.08602537726785922,0.8740443828951087
source,source_12khz_fe,IR021_2.mat,source_domain\cwru_12khz_fe\IR021_2.mat,IR,12000,1758.0,X272_FE_time,96000,3,84000,-0.00017698663633959776,0.2944671759850085,0.2944672291730532,1.499949780121188,2.949710909090909,0.07465090087786153,5.804634216360042,5.093774897561183,7.112627009986683,1.3963371277690226,8.857272432129426,3568.359375,3368.7236510163657,3919.921875,0.7110618245985373,0.00842960951251319,0.03412621761637377,0.08967676844049009,0.8676424810662859
source,source_12khz_fe,IR021_3.mat,source_domain\cwru_12khz_fe\IR021_3.mat,IR,12000,1737.0,X273_FE_time,96000,0,0,-0.0003560588314946687,0.28752041666577655,0.28752063713332515,1.5927118802594145,3.0397,0.07577730385628663,5.880511915061543,5.539469779052154,7.71328825383301,1.392423564250582,9.589168213300436,3383.7890625,3321.3975098126944,3899.4140625,0.7171090708921746,0.01023712091669444,0.03900508468640851,0.11532099571503146,0.8351938789072698
source,source_12khz_fe,IR021_3.mat,source_domain\cwru_12khz_fe\IR021_3.mat,IR,12000,1737.0,X273_FE_time,96000,1,24000,-0.0009999191345249718,0.28955292614142847,0.2895546526570401,1.4462227893503234,2.872665454545454,0.08839037871639682,5.883247576854474,4.9946453150531545,6.967408088796631,1.3949755486688487,8.674036625942675,3383.7890625,3300.679876687405,3899.4140625,0.728096923345343,0.011195424627701156,0.0440260027247041,0.12290474948079129,0.8216639248192562
source,source_12khz_fe,IR021_3.mat,source_domain\cwru_12khz_fe\IR021_3.mat,IR,12000,1737.0,X273_FE_time,96000,2,48000,0.00023914298668714935,0.28300781220536103,0.2830079132438402,1.5053372106496763,2.959778181818182,0.10330054709418071,5.695704943564925,5.319064026832902,7.355260685617276,1.3828110826428208,9.097342045055582,3383.7890625,3301.833149657414,3899.4140625,0.7265937823539815,0.011510047783438693,0.04267301190052937,0.12171442251319575,0.8238065201164474
source,source_12khz_fe,IR021_3.mat,source_domain\cwru_12khz_fe\IR021_3.mat,IR,12000,1737.0,X273_FE_time,96000,3,84000,0.0023364743503235127,0.2820819870236601,0.2820916633217049,1.4439627893503235,2.86342,0.09675181655810287,5.79934902185683,5.118771580635019,7.079219958774416,1.3829919634489911,8.753243658778326,3383.7890625,3296.63431544926,3887.6953125,0.7147117585087849,0.011849563650219691,0.04333709414141031,0.12034175768365207,0.8242913226268503
source,source_12khz_fe,OR007@12_0.mat,source_domain\cwru_12khz_fe\OR007@12_0.mat,OR,12000,1797.0,X302_FE_time,96000,0,0,-0.00011496108765525374,0.11444209606741268,0.11444215380861454,0.5485779727884688,1.082022977022977,0.0018183278237673876,3.0470707224558926,4.793495705272033,5.986735197966085,1.2489288748771334,7.042165110509715,4122.0703125,2830.1569967063315,4122.0703125,0.7034634854545551,0.056815614843780234,0.15814370404414982,0.08122011030950989,0.7034654686785107
source,source_12khz_fe,OR007@12_0.mat,source_domain\cwru_12khz_fe\OR007@12_0.mat,OR,12000,1797.0,X302_FE_time,96000,1,24000,0.00012587115010698376,0.15117427425534602,0.15117432665693276,0.562705343894848,1.1114865134865135,-0.0994467345228277,2.734680771395001,3.7222282138428198,4.602767316709809,1.2365623632537768,5.3957372129936605,1107.421875,2089.62016852711,4119.140625,0.5501899123359045,0.028205771051279478,0.5019328487064483,0.08447082909222581,0.38523947615972437
source,source_12khz_fe,OR007@12_0.mat,source_domain\cwru_12khz_fe\OR007@12_0.mat,OR,12000,1797.0,X302_FE_time,96000,2,48000,-0.00016448014859431475,0.11418736986433851,0.11418748832623707,0.47546776299825894,0.8793138461538463,-0.04922291103045578,3.027321698224301,4.163921721753519,5.2187068728461075,1.253315317033071,6.155008144963148,4122.0703125,2673.8719596070177,4122.0703125,0.6982942438081116,0.05673277482777971,0.23245795841014333,0.06917637071180527,0.6414307524398434
source,source_12khz_fe,OR007@12_0.mat,source_domain\cwru_12khz_fe\OR007@12_0.mat,OR,12000,1797.0,X302_FE_time,96000,3,84000,-6.749431442848039e-05,0.11008514090813608,0.11008516159885788,0.4438352140247182,0.8577749850149852,-0.014905217002464539,2.960298669696616,4.031744220333607,5.029397564293297,1.2474495626191913,5.9110344589152595,4122.0703125,2840.0793779412406,4122.0703125,0.7093814123115985,0.06066763040499904,0.15304319059292978,0.07714895772923684,0.7089672326136665
source,source_12khz_fe,OR007@12_1.mat,source_domain\cwru_12khz_fe\OR007@12_1.mat,OR,12000,1775.0,X305_FE_time,96000,0,0,-2.2748282988585425e-05,0.15752950647505326,0.1575295081175531,0.746104344646625,1.4419137662337662,-0.11069077876222932,3.743473179554864,4.7362830847229205,6.0543574296362435,1.278292982344403,7.2077415176342905,3471.6796875,2508.5718486111855,3500.9765625,0.6341263153337798,0.02658345670270898,0.31968181126839257,0.06256945588342497,0.5910994093558435
source,source_12khz_fe,OR007@12_1.mat,source_domain\cwru_12khz_fe\OR007@12_1.mat,OR,12000,1775.0,X305_FE_time,96000,1,24000,4.264297242266928e-05,0.19504682307614893,0.19504682773765286,2.138263305685586,4.244280000000001,-0.0014318216656994088,17.614206405482516,10.96282021336275,15.431040774804291,1.4075794799513397,18.809686917230472,1092.7734375,2827.5616036673614,3480.46875,0.685473897579763,0.013840510812125001,0.18862768207530486,0.0666630711849639,0.7306486788954677
source,source_12khz_fe,OR007@12_1.mat,source_domain\cwru_12khz_fe\OR007@12_1.mat,OR,12000,1775.0,X305_FE_time,96000,2,48000,-2.4455555715858146e-05,0.15956563131709572,0.15956563319116537,0.7272430459453264,1.390045194805195,-0.11676617406601812,3.520441066195027,4.557642089944928,5.800223239298165,1.2726368426468304,6.883075406911221,3471.6796875,2532.301201255467,3498.046875,0.626294079206993,0.02623855812999279,0.3138404601477101,0.06320928239876586,0.5966212914375166
source,source_12khz_fe,OR007@12_1.mat,source_domain\cwru_12khz_fe\OR007@12_1.mat,OR,12000,1775.0,X305_FE_time,96000,3,84000,-0.00010647239554269794,0.16268083949978426,0.1626808743421475,0.8361833056855861,1.6215838961038962,-0.02103042236042354,3.5883751581311305,5.140022200285205,6.53934494024781,1.2722406023547452,7.766926452246415,3471.6796875,2589.8749206472394,3477.5390625,0.6037999882256269,0.024480126624358993,0.289879631867999,0.061153158747576174,0.6243840006674929
source,source_12khz_fe,OR007@12_2.mat,source_domain\cwru_12khz_fe\OR007@12_2.mat,OR,12000,1755.0,X306_FE_time,96000,0,0,-0.00010132347499238229,0.16467998651394003,0.16468001768483645,0.7736456617866808,1.3757366233766235,-0.09459782160603823,3.316963582090051,4.697872107729433,5.950338433981479,1.2666028996734977,7.060950512991261,3433.59375,2752.6787634591706,3468.75,0.6223445098646769,0.02388459275927253,0.22398924753586646,0.052596282120077914,0.6987362871737077
source,source_12khz_fe,OR007@12_2.mat,source_domain\cwru_12khz_fe\OR007@12_2.mat,OR,12000,1755.0,X306_FE_time,96000,1,24000,2.0884730595661185e-06,0.16097978008324598,0.1609797800967934,0.7118586487996678,1.3144374025974028,-0.11966036519514069,3.2507038082368283,4.422037651978538,5.588247318902539,1.2637267609803127,6.618821238747583,3430.6640625,2717.876028705327,3486.328125,0.6435844777190373,0.023699449604730416,0.23495915079129986,0.05989085126409421,0.680920971387057
source,source_12khz_fe,OR007@12_2.mat,source_domain\cwru_12khz_fe\OR007@12_2.mat,OR,12000,1755.0,X306_FE_time,96000,2,48000,0.00011883340812450153,0.20480335960089321,0.20480339407634743,1.6705184940574753,3.327555844155844,-0.03317010798232035,10.617807837585747,8.156693406294702,11.413094361757201,1.399230520653594,13.954515263032759,3433.59375,2882.5635461899537,3474.609375,0.6802984820567991,0.014287113586898777,0.16814842869763902,0.07255362570174628,0.7443242230824592
source,source_12khz_fe,OR007@12_2.mat,source_domain\cwru_12khz_fe\OR007@12_2.mat,OR,12000,1755.0,X306_FE_time,96000,3,84000,-2.7883648152555313e-05,0.1598310441828339,0.15983104661508302,0.6523479994490183,1.2739506493506494,-0.075437992210918,3.2291369608647065,4.081484875813707,5.173050712097618,1.267443312780603,6.142725762597288,3433.59375,2676.545270500331,3480.46875,0.6539682395386317,0.022984645626374416,0.25348910499254085,0.06462875364006036,0.6583996924700206
source,source_12khz_fe,OR007@12_3.mat,source_domain\cwru_12khz_fe\OR007@12_3.mat,OR,12000,1733.0,X307_FE_time,96000,0,0,0.0007472327046073358,0.16716470290374946,0.16716637297499057,0.761036733572449,1.3863054545454547,-0.010205817392409514,3.3058526150411343,4.55257071158536,5.782199226329895,1.2700954235770117,6.8695812060908095,3386.71875,2829.3944359162465,3471.6796875,0.6135389274666387,0.020530544537311044,0.1890567773071933,0.0583964981947648,0.7316595063691239
source,source_12khz_fe,OR007@12_3.mat,source_domain\cwru_12khz_fe\OR007@12_3.mat,OR,12000,1733.0,X307_FE_time,96000,1,24000,4.452737993201122e-05,0.1688322853707376,0.16883229124250415,0.6392512790269945,1.2554145454545456,-0.01724600249779706,3.18301360838585,3.7863093269581496,4.798700724970054,1.2673821155538862,5.695741951395212,3386.71875,2860.320313715786,3471.6796875,0.6094479178982638,0.019085836717297848,0.17964662049947375,0.05504328853022749,0.7459935224182473
source,source_12khz_fe,OR007@12_3.mat,source_domain\cwru_12khz_fe\OR007@12_3.mat,OR,12000,1733.0,X307_FE_time,96000,2,48000,-0.0004183874252627941,0.16761661156164162,0.16761713372875658,0.7265660842217996,1.3419163636363636,-0.057627506356441205,3.3461867039382476,4.334676700731665,5.516333681831769,1.2726055626865407,6.557298468917611,3386.71875,2852.990844345109,3474.609375,0.6213852046394285,0.019512796335675115,0.1778923587615359,0.0592980905614793,0.7430750493210311
source,source_12khz_fe,OR007@12_3.mat,source_domain\cwru_12khz_fe\OR007@12_3.mat,OR,12000,1733.0,X307_FE_time,96000,3,84000,-0.00013293413521950348,0.17719373512712833,0.17719378499198898,0.7457525777282932,1.4519948051948053,-0.08452434901080015,3.3100455442758476,4.208683604550805,5.36730360823118,1.2752927310566375,6.397930444563367,3386.71875,2902.8830146053806,3471.6796875,0.5931306620055268,0.017657948978768094,0.1611604114552702,0.0501275553087844,0.7708624257568921
source,source_12khz_fe,OR007@3_0.mat,source_domain\cwru_12khz_fe\OR007@3_0.mat,OR,12000,1797.0,X298_FE_time,96000,0,0,0.0009189284979313473,0.09438065476322954,0.09438512818829158,0.46922813886470605,0.8975202797202797,0.031929486591391505,3.118212819558484,4.97142026362096,6.239755853298391,1.255125401264612,7.360758339241015,3574.21875,2885.8897656782187,4136.71875,0.7487306854961029,0.06088402825383717,0.20758642158654123,0.03218507292357599,0.6989614458360572
source,source_12khz_fe,OR007@3_0.mat,source_domain\cwru_12khz_fe\OR007@3_0.mat,OR,12000,1797.0,X298_FE_time,96000,1,24000,0.00029761701940986875,0.09486616526322066,0.09486663210865523,0.3795655474489803,0.7270381618381618,0.03302371074869513,2.998658616175216,4.001043770693207,5.006716298740864,1.2513525433941055,5.897717884303841,3577.1484375,2885.9639934761267,4163.0859375,0.7508200855104277,0.07006712577624115,0.19182543068121433,0.028387112081772498,0.7094769863031136
source,source_12khz_fe,OR007@3_0.mat,source_domain\cwru_12khz_fe\OR007@3_0.mat,OR,12000,1797.0,X298_FE_time,96000,2,48000,-0.00016271856500571556,0.0973270809059207,0.09732721692825204,0.45853998701655424,0.8500535064935066,0.005528675203450786,3.0555807426124595,4.711323322333061,5.906821130414123,1.25374989705193,6.973231046854098,3574.21875,2874.715686494173,4125.0,0.7462438351435241,0.05932260363314751,0.21212223726106588,0.031110307259992767,0.6971143038687506
source,source_12khz_fe,OR007@3_0.mat,source_domain\cwru_12khz_fe\OR007@3_0.mat,OR,12000,1797.0,X298_FE_time,96000,3,84000,-0.00036041212144927214,0.09831459034274054,0.09831525095913746,0.5055882047916376,0.9731907692307693,-0.03585919947556784,3.214607924837279,5.142520614595506,6.483722974332218,1.2608064138555246,7.680236734273361,3574.21875,2899.99018301221,4142.578125,0.7471679130120913,0.056082958796014326,0.2076268637953304,0.029622399888272366,0.7064020860128966
source,source_12khz_fe,OR007@3_1.mat,source_domain\cwru_12khz_fe\OR007@3_1.mat,OR,12000,1776.0,X299_FE_time,96000,0,0,4.6319665604427926e-05,0.09735511822575427,0.09735512924475018,0.3908096230416883,0.7507309090909091,-0.019994115800093686,3.0819462792788253,4.0142684424482775,5.057567629415778,1.2598977128393658,5.991956550035556,3764.6484375,2707.2567508823436,4119.140625,0.7314736161011117,0.06744698027219703,0.27483951686281727,0.02714511205434811,0.6304624680008851
source,source_12khz_fe,OR007@3_1.mat,source_domain\cwru_12khz_fe\OR007@3_1.mat,OR,12000,1776.0,X299_FE_time,96000,1,24000,0.00024470070456546693,0.09644619747455868,0.09644650789809024,0.3578104622025275,0.7124486313686315,-0.023044639340076948,2.9114789867862236,3.709936938068264,4.631764109407541,1.2484751591953587,5.4635432393020515,3386.71875,2741.022168436573,4119.140625,0.7253590241662802,0.07121825973938513,0.2512215463273712,0.0222635816921564,0.6551775886102678
source,source_12khz_fe,OR007@3_1.mat,source_domain\cwru_12khz_fe\OR007@3_1.mat,OR,12000,1776.0,X299_FE_time,96000,2,48000,0.000229826698571461,0.09698353768123788,0.09698380999671782,0.4739553320032668,0.8534265734265735,0.02844322247922676,3.1606658494370623,4.8869531111885545,6.183591514705734,1.265326548864322,7.3443131359386475,3764.6484375,2714.822750480809,4119.140625,0.7227914568760041,0.07728868567849734,0.256305919807409,0.026712642116856745,0.6395995775661434
source,source_12khz_fe,OR007@3_1.mat,source_domain\cwru_12khz_fe\OR007@3_1.mat,OR,12000,1776.0,X299_FE_time,96000,3,84000,-0.00020926127345651132,0.09740395014792899,0.09740417493465464,0.4198667658988312,0.8162415584415585,0.044798499082724645,2.9857714393448305,4.310562316001299,5.396091767524469,1.2518301260692046,6.363880971362064,3533.203125,2666.236795465262,4119.140625,0.7422102332856596,0.07656357800400303,0.27405974342516726,0.025187197685674557,0.6240766856787495
source,source_12khz_fe,OR007@3_2.mat,source_domain\cwru_12khz_fe\OR007@3_2.mat,OR,12000,1755.0,X300_FE_time,96000,0,0,0.00043360414150253476,0.10803850328991026,0.10803937340467816,0.41167923027408193,0.8011643556443557,-0.04102130849151639,2.9665020436538576,3.810455552424053,4.7646139330207555,1.2504053301305682,5.610478072152005,1406.25,2546.1445928961293,4119.140625,0.6974830200182857,0.060551753105093475,0.3529983921176894,0.022051648757909978,0.5639648096561908
source,source_12khz_fe,OR007@3_2.mat,source_domain\cwru_12khz_fe\OR007@3_2.mat,OR,12000,1755.0,X300_FE_time,96000,1,24000,0.0006569580675764606,0.10499731660365212,0.10499937184512159,0.44410944006429176,0.832294105894106,-0.0508764853489901,2.9487274958759877,4.2296390183661465,5.281143598466344,1.2486038585051835,6.212586373107066,1406.25,2517.671414222645,4119.140625,0.7091022934215854,0.06101852783637254,0.36853625635738957,0.02339567793067698,0.54650587538127
source,source_12khz_fe,OR007@3_2.mat,source_domain\cwru_12khz_fe\OR007@3_2.mat,OR,12000,1755.0,X300_FE_time,96000,2,48000,-0.00046071240195400865,0.10257048710185496,0.10257152177982495,0.444835934561083,0.8529795404595406,-0.06976858609456196,3.0803816533620454,4.336836646643591,5.453079437746441,1.2573864044230438,6.442139792564921,1406.25,2432.906749245668,4119.140625,0.7125109541711832,0.06337682470758696,0.4015015545571583,0.024342752540412717,0.5102405828452781
source,source_12khz_fe,OR007@3_2.mat,source_domain\cwru_12khz_fe\OR007@3_2.mat,OR,12000,1755.0,X300_FE_time,96000,3,84000,-0.000381645139216746,0.10694628008470979,0.10694696104597588,0.47341041908527076,0.9203596003996005,-0.04534778159466016,3.138956306099722,4.426590661863947,5.565680918419282,1.2573290244152926,6.5731384915735696,1406.25,2552.3734939306737,4119.140625,0.7052081492063673,0.058215383638380816,0.35276694535045505,0.021517674552536163,0.5671796654870762
source,source_12khz_fe,OR007@3_3.mat,source_domain\cwru_12khz_fe\OR007@3_3.mat,OR,12000,1733.0,X301_FE_time,96000,0,0,0.00012807756733690463,0.1474546677155021,0.1474547233389029,0.5737735566983974,1.0351251548451548,-0.12522136999108058,2.7810587345730617,3.89118465453136,4.837561568352115,1.2432104867307885,5.696428498027241,1391.6015625,2022.122897080542,3814.453125,0.5262427146643327,0.02781355457974787,0.6536646151813508,0.01696783600947476,0.3015052165111858
source,source_12khz_fe,OR007@3_3.mat,source_domain\cwru_12khz_fe\OR007@3_3.mat,OR,12000,1733.0,X301_FE_time,96000,1,24000,1.8540943960280837e-05,0.1460087801201836,0.1460087812973957,0.5324433269281676,1.0454475524475526,-0.13057910143635815,2.8475803013919694,3.6466527711098564,4.538959280487063,1.2446919313007547,5.340398334248535,1391.6015625,2002.5767881261565,3817.3828125,0.5257228313879992,0.029193806252698414,0.6613826599488978,0.018379847417118213,0.2909576224622621
source,source_12khz_fe,OR007@3_3.mat,source_domain\cwru_12khz_fe\OR007@3_3.mat,OR,12000,1733.0,X301_FE_time,96000,2,48000,-3.4381769188402735e-06,0.14862683792618914,0.14862683796595674,0.5680434068482475,1.0911668331668332,-0.12318838090940999,2.743038078113068,3.821943698852942,4.728831940142756,1.237284563226344,5.543714464599916,1391.6015625,2056.0165357135797,3817.3828125,0.5379730936507383,0.02853361189155826,0.6371514507781545,0.017325089353575813,0.3169289454322604
source,source_12khz_fe,OR007@3_3.mat,source_domain\cwru_12khz_fe\OR007@3_3.mat,OR,12000,1733.0,X301_FE_time,96000,3,84000,-0.0001224200650307285,0.14785411195013062,0.14785416263072906,0.5779187714836121,1.0710097102897103,-0.15544449668159585,2.798457827063792,3.908708156719779,4.842301006847813,1.2388494644938552,5.6700865425917355,1391.6015625,2012.2825362225803,3817.3828125,0.5283911057149032,0.029682784387612002,0.653898772793092,0.017821095750398905,0.29856267818016435
source,source_12khz_fe,OR007@6_0.mat,source_domain\cwru_12khz_fe\OR007@6_0.mat,OR,12000,1797.0,X294_FE_time,96000,0,0,-0.00016776148400875508,0.4029000463194936,0.40290008124616405,2.9652999945765974,5.632374025974026,0.18741063981438366,12.736194484674225,7.359889294133692,12.653847978011811,1.719298684025905,17.62843797583282,3407.2265625,3268.4840122435403,3861.328125,0.741114699310983,0.005220307554443872,0.06510974728954928,0.06888557912665695,0.8606983820000019
source,source_12khz_fe,OR007@6_0.mat,source_domain\cwru_12khz_fe\OR007@6_0.mat,OR,12000,1797.0,X294_FE_time,96000,1,24000,6.922423027695763e-05,0.44467198171309913,0.4446719871013339,3.1762701244467273,5.877083116883117,0.3613866900135698,12.031489382642508,7.142950796483975,12.261695576826535,1.7166148733426279,17.111826807989686,3316.40625,3225.2473150482115,3852.5390625,0.7358019605406094,0.004269250417471813,0.06757220688166114,0.08217258616304308,0.8458943481633421
source,source_12khz_fe,OR007@6_0.mat,source_domain\cwru_12khz_fe\OR007@6_0.mat,OR,12000,1797.0,X294_FE_time,96000,2,48000,0.0003002141653418941,0.4048643422381119,0.40486445354518846,3.3632571374337408,6.056346753246754,0.23656735566952505,12.756834298164051,8.307118859102427,14.253037635216453,1.7157618516031767,19.81386396182915,3588.8671875,3296.108856294648,3849.609375,0.7322761259558097,0.004985617680014648,0.05924752978088189,0.056542540542905514,0.879165927906292
source,source_12khz_fe,OR007@6_0.mat,source_domain\cwru_12khz_fe\OR007@6_0.mat,OR,12000,1797.0,X294_FE_time,96000,3,84000,9.242823460596285e-05,0.4241035425899501,0.42410355266175753,3.0596064880830913,5.7673298701298705,0.2756173416860189,12.123162431634094,7.214291106200793,12.046384124946862,1.669794571300901,16.460955227475917,3600.5859375,3257.312299705521,3852.5390625,0.7433247038230568,0.004092782621394865,0.07039861722393474,0.06829200632121836,0.857113710418633
source,source_12khz_fe,OR007@6_1.mat,source_domain\cwru_12khz_fe\OR007@6_1.mat,OR,12000,1776.0,X295_FE_time,96000,0,0,0.0002026061542984521,0.3527486620344992,0.3527487202193413,2.8439284363491035,5.499857142857143,0.0645105510240243,14.483033085312648,8.062193491652272,13.675526424404769,1.69625380965191,18.533518308306306,3600.5859375,3226.5722239727,3817.3828125,0.7155222732888387,0.009484295582648931,0.08587367440527244,0.04755366435461224,0.8570206460173475
source,source_12khz_fe,OR007@6_1.mat,source_domain\cwru_12khz_fe\OR007@6_1.mat,OR,12000,1776.0,X295_FE_time,96000,1,24000,-6.744103184873336e-05,0.3477287885568143,0.34772879509681454,2.637836228556896,5.069787012987014,0.11031659653040313,15.38679466196433,7.58590104053616,12.934794620651314,1.7051098546495018,17.473766167601443,3448.2421875,3233.102916273763,3814.453125,0.7104137889837175,0.00891111009551325,0.08514807244857249,0.04203610532928281,0.8638512999865717
source,source_12khz_fe,OR007@6_1.mat,source_domain\cwru_12khz_fe\OR007@6_1.mat,OR,12000,1776.0,X295_FE_time,96000,2,48000,-1.961702844404963e-06,0.34763341210502896,0.3476334121105639,2.793929735050402,5.522214285714286,0.14764187811896534,15.9583241619821,8.037000005493612,13.955325274040854,1.7363848779969746,19.06513198615218,3448.2421875,3202.2799998116466,3840.8203125,0.7341420270050563,0.009583516194414417,0.08673276615698042,0.058116043792131165,0.8454964876626909
source,source_12khz_fe,OR007@6_1.mat,source_domain\cwru_12khz_fe\OR007@6_1.mat,OR,12000,1776.0,X295_FE_time,96000,3,84000,-0.00022746397557167687,0.35661739783525304,0.3566174703777807,2.902463501284169,5.714485714285715,0.09316331543053362,15.205618067155845,8.138870757513146,14.042156490325558,1.725319999377506,19.184778629586443,3600.5859375,3218.2443522802682,3832.03125,0.7304815749987733,0.009367491543904542,0.08623804986336014,0.05329326763915029,0.8510626284722308
source,source_12khz_fe,OR007@6_2.mat,source_domain\cwru_12khz_fe\OR007@6_2.mat,OR,12000,1756.0,X296_FE_time,96000,0,0,0.00024921397347205755,0.36600266048577607,0.3660027453316038,3.1226535779345115,6.131548051948053,0.08912279320034987,15.39398271877795,8.531776380794112,14.538872972312932,1.7040850959246514,19.6467604512029,3588.8671875,3277.347788862959,3744.140625,0.7132443320979184,0.008290075411401553,0.0655991038881391,0.04258822836726864,0.8834285635321482
source,source_12khz_fe,OR007@6_2.mat,source_domain\cwru_12khz_fe\OR007@6_2.mat,OR,12000,1756.0,X296_FE_time,96000,1,24000,7.736884360192769e-05,0.3418686255064407,0.3418686342611748,2.7954853831044506,5.3608363636363645,0.06784494648759185,15.43206353514673,8.177074767732648,14.053598653343505,1.7186584509119267,19.067586724358065,3588.8671875,3218.5631902897776,3785.15625,0.7163311661477152,0.008468684899312526,0.08816824084320389,0.046596513154616416,0.8567096806256618
source,source_12khz_fe,OR007@6_2.mat,source_domain\cwru_12khz_fe\OR007@6_2.mat,OR,12000,1756.0,X296_FE_time,96000,2,48000,-8.895474947166598e-05,0.34845488151789267,0.3484548928722283,2.823067863648797,5.5035155844155845,0.08918452547289571,15.46385287430519,8.101673764345332,13.77183637998988,1.6998754554347586,18.567229772267115,3588.8671875,3252.401992209725,3773.4375,0.7157874575358205,0.008909422499964575,0.07854487696327153,0.04305965966829186,0.8694256586275292
source,source_12khz_fe,OR007@6_2.mat,source_domain\cwru_12khz_fe\OR007@6_2.mat,OR,12000,1756.0,X296_FE_time,96000,3,84000,-0.0002326502040171202,0.35463688399742915,0.35463696030944586,3.0011710973901646,5.584407792207793,0.11098220704051807,16.062889014960504,8.462657402553214,14.673233893195759,1.7338801744151213,19.993476569050888,3588.8671875,3280.264506132842,3764.6484375,0.7004900428888188,0.008529946752820285,0.0689147614263578,0.04050680322619294,0.8819721937526561
source,source_12khz_fe,OR007@6_3.mat,source_domain\cwru_12khz_fe\OR007@6_3.mat,OR,12000,1733.0,X297_FE_time,96000,0,0,4.087844382979898e-05,0.3535424518273712,0.3535424541906619,2.7636411297812784,5.316122077922078,0.0018459004116625729,15.1263666612319,7.8169993363316355,13.12804674949212,1.679422779075701,17.547857457760802,3600.5859375,3213.907024796361,3708.984375,0.6982376589858801,0.00831678382442955,0.0891462529193465,0.04978533114057596,0.852677118159086
source,source_12khz_fe,OR007@6_3.mat,source_domain\cwru_12khz_fe\OR007@6_3.mat,OR,12000,1733.0,X297_FE_time,96000,1,24000,0.00025808147413282936,0.3501947070953672,0.35019480219394655,2.7504432858031373,5.442135064935066,0.037755260854746786,15.224786489872107,7.854038005601294,13.130026000173219,1.6717548337265158,17.475285420501546,3600.5859375,3247.872075498716,3691.40625,0.7021547838999306,0.006472013221144211,0.07978925075221799,0.04590981937522557,0.8677802312272347
source,source_12khz_fe,OR007@6_3.mat,source_domain\cwru_12khz_fe\OR007@6_3.mat,OR,12000,1733.0,X297_FE_time,96000,2,48000,-0.00015793075530439992,0.35215745300529927,0.35215748841860944,3.2506203505604994,5.866107792207792,0.07564181242340672,16.415320563118605,9.230587045439336,15.58428197695445,1.6883305363129757,20.86397178987824,3600.5859375,3230.9674365721808,3720.703125,0.7272003624478229,0.00748044900259622,0.08616546835607419,0.04563394778031214,0.8606607628954567
source,source_12khz_fe,OR007@6_3.mat,source_domain\cwru_12khz_fe\OR007@6_3.mat,OR,12000,1733.0,X297_FE_time,96000,3,84000,-3.601657781522327e-05,0.35921872225095886,0.35921872405653543,3.020951519391668,5.670584415584416,0.05241160169460825,15.077502415187128,8.409783001477974,13.963762919467136,1.6604189331608448,18.58223861122937,3600.5859375,3286.5898112653067,3703.125,0.6945245609784105,0.0072284247917016806,0.07167086810603532,0.03553515879887822,0.8855056062185808
source,source_12khz_fe,OR014@3_0.mat,source_domain\cwru_12khz_fe\OR014@3_0.mat,OR,12000,1796.0,X310_FE_time,96000,0,0,-4.763842622252953e-06,0.4160356990860537,0.4160356991133281,2.892781691223575,5.686844155844156,-0.0068904693955731434,10.31361027413842,6.9532054517961654,10.938907524466016,1.5732179352781765,14.532424928692876,3336.9140625,3250.3523467914206,3521.484375,0.6749670876908643,0.003954078325000154,0.032420105841620236,0.04056107388305824,0.920924000824299
source,source_12khz_fe,OR014@3_0.mat,source_domain\cwru_12khz_fe\OR014@3_0.mat,OR,12000,1796.0,X310_FE_time,96000,1,24000,0.00033594546473705427,0.4309922658876442,0.43099239681730017,3.1412079191660363,6.00838051948052,0.10276251344655052,10.35964423444987,7.288313998936556,11.53419095212684,1.5825595540728683,15.35056613688224,3333.984375,3235.7827402894814,3521.484375,0.682529990209857,0.0045627026931032285,0.03372389954275619,0.043699145635649674,0.9153253341645248
source,source_12khz_fe,OR014@3_0.mat,source_domain\cwru_12khz_fe\OR014@3_0.mat,OR,12000,1796.0,X310_FE_time,96000,2,48000,9.462381971540889e-05,0.41950057060586937,0.41950058127768697,2.8656053217634385,5.720583116883118,0.05684327734773448,10.480310160758759,6.830992493571135,10.854265251768943,1.588973382997912,14.502787628230225,3336.9140625,3245.6260788010422,3530.2734375,0.6896856065361492,0.00486705246831618,0.03240740453663726,0.043491021300880665,0.9163463361487991
source,source_12khz_fe,OR014@3_0.mat,source_domain\cwru_12khz_fe\OR014@3_0.mat,OR,12000,1796.0,X310_FE_time,96000,3,84000,-1.8178128336537518e-05,0.4027101659266344,0.40271016633691004,2.734307919166036,5.399859740259741,0.0684340651518862,10.24913069627775,6.789766307691637,10.640630451121503,1.5671570962672277,14.057550657868664,3336.9140625,3229.2575808012216,3527.34375,0.691315082353918,0.004882154191302877,0.03809720106340264,0.04229802529646179,0.9125496060057329
source,source_12khz_fe,OR014@3_1.mat,source_domain\cwru_12khz_fe\OR014@3_1.mat,OR,12000,1774.0,X309_FE_time,121168,0,0,0.006488144480519481,0.2846963588526994,0.2847702806874079,2.079214285714286,3.9023376623376627,0.04766453192130575,6.814661471627799,7.301373867694208,10.382724688758204,1.4220234269417893,13.049049132521107,3011.71875,3043.5092878650876,3509.765625,0.7076379740511696,0.007937859706645681,0.05742234365610845,0.12407377186537201,0.8056917989362933
source,source_12khz_fe,OR014@3_1.mat,source_domain\cwru_12khz_fe\OR014@3_1.mat,OR,12000,1774.0,X309_FE_time,121168,1,36000,0.005898491774891775,0.2884838779123515,0.28854417343028604,2.021492207792208,3.8011207792207795,0.04525228688308471,6.452869044223248,7.005832707530332,9.908604924964434,1.414336501966379,12.435664205008834,3011.71875,3055.2091088252455,3512.6953125,0.6944978204223458,0.006985842276728843,0.05056858318358524,0.12182581809269993,0.8140403160157369
source,source_12khz_fe,OR014@3_1.mat,source_domain\cwru_12khz_fe\OR014@3_1.mat,OR,12000,1774.0,X309_FE_time,121168,2,72000,0.0060127841991342,0.2850874734345844,0.28515087424579333,1.7194675324675326,3.361701298701299,0.03971199189759051,6.574885452040302,6.030027216326759,8.632626634773084,1.4316065790498118,10.89081305676089,3011.71875,3061.160350073819,3527.34375,0.705047716077887,0.007545676530499557,0.051878063201528525,0.1212420293225333,0.8106994498685984
source,source_12khz_fe,OR014@3_1.mat,source_domain\cwru_12khz_fe\OR014@3_1.mat,OR,12000,1774.0,X309_FE_time,121168,3,108000,0.005868004761904763,0.2944347023068227,0.2944931703832757,1.7869454545454548,3.530802597402598,0.02724287401985361,6.654680085396418,6.067867218155589,8.667018701278684,1.4283467962708178,10.91768046590003,3011.71875,3082.034439042198,3509.765625,0.7063646504402781,0.006753886191475837,0.04836465472221662,0.10633072763176424,0.8283426543850742
source,source_12khz_fe,OR014@3_2.mat,source_domain\cwru_12khz_fe\OR014@3_2.mat,OR,12000,1752.0,X311_FE_time,96000,0,0,-6.903846551352635e-05,0.4005060166780468,0.40050602262840646,2.4873014138072143,4.739307792207793,0.07600127142419691,8.617253862378888,6.210397030929913,9.65917162009031,1.5553227228404556,12.787970461142077,3319.3359375,3240.6339102253764,3527.34375,0.6661209690655869,0.003761018938480672,0.053378627596700395,0.02412339608696624,0.9182351671925739
source,source_12khz_fe,OR014@3_2.mat,source_domain\cwru_12khz_fe\OR014@3_2.mat,OR,12000,1752.0,X311_FE_time,96000,1,24000,-0.000266255565080626,0.41289349448930657,0.4128935803371336,2.31704533943954,4.588905194805195,0.08978104414917906,8.012318084490804,5.611725272022944,8.731833626148473,1.555998058147923,11.632096576486049,3319.3359375,3279.2028414928095,3521.484375,0.6668993860922416,0.0034461592175637637,0.036583004564566084,0.02182778333337126,0.9377422513544242
source,source_12khz_fe,OR014@3_2.mat,source_domain\cwru_12khz_fe\OR014@3_2.mat,OR,12000,1752.0,X311_FE_time,96000,2,48000,-1.2806863781925729e-05,0.4361857708344888,0.4361857710225001,2.494618296924097,4.923449350649351,0.006374781603377491,8.2137225479915,5.719164774840158,8.92850980949374,1.5611562458825656,11.905933708703866,3486.328125,3280.560136629923,3527.34375,0.6609656942537973,0.003420598228244188,0.04069277169481879,0.018782830424614396,0.9369130902395232
source,source_12khz_fe,OR014@3_2.mat,source_domain\cwru_12khz_fe\OR014@3_2.mat,OR,12000,1752.0,X311_FE_time,96000,3,84000,-5.38835728841786e-06,0.4389843629963776,0.4389843630294476,2.467854430348631,4.924262337662339,0.06161305820280013,8.37964456232406,5.621736531370396,8.89590965134018,1.5824131212266865,11.998856307867271,3319.3359375,3268.046816980478,3521.484375,0.6665226356067016,0.003309640493318979,0.04378887923164125,0.019112734506832804,0.9335495341314487
source,source_12khz_fe,OR014@3_3.mat,source_domain\cwru_12khz_fe\OR014@3_3.mat,OR,12000,1728.0,X312_FE_time,96000,0,0,0.0002160265967550939,0.7251541389584146,0.7251541711360491,4.0430950065201285,7.942476623376624,0.10388459105511853,8.439645979577197,5.57549713901599,9.034940820851354,1.6204726853170723,12.458850362459508,3451.171875,3325.5642360733377,3515.625,0.6260745243853771,0.0011052542139831252,0.02603455927963639,0.017173032324359575,0.9556132045825539
source,source_12khz_fe,OR014@3_3.mat,source_domain\cwru_12khz_fe\OR014@3_3.mat,OR,12000,1728.0,X312_FE_time,96000,1,24000,0.00019350008160357908,0.7351614132252157,0.7351614386905626,4.045719279194158,7.871746753246754,0.10213564427035439,8.591860933227597,5.503171230518718,9.00436012845397,1.6362129672626937,12.470643566874648,3451.171875,3314.6589969811453,3515.625,0.6296787908014451,0.0011638673048706045,0.03237478348533285,0.016842151714851556,0.9495338933360258
source,source_12khz_fe,OR014@3_3.mat,source_domain\cwru_12khz_fe\OR014@3_3.mat,OR,12000,1728.0,X312_FE_time,96000,2,48000,0.00016948309026158779,0.7212344168827871,0.7212344367962277,4.12132707140195,8.0441,0.11391644269029795,8.439528851061787,5.714268289383755,9.291429366669036,1.6260050974362232,12.865134496769429,3451.171875,3310.304576077076,3515.625,0.6334750919499325,0.0012748263981008916,0.0314798082084975,0.01839023820440384,0.9487901349051988
source,source_12khz_fe,OR014@3_3.mat,source_domain\cwru_12khz_fe\OR014@3_3.mat,OR,12000,1728.0,X312_FE_time,96000,3,84000,2.9378328356824643e-05,0.7568126817842274,0.7568126823544387,4.055475123350003,7.8908519480519494,0.08733412079341456,7.882551745147019,5.358624687324333,8.671462913000923,1.6182254624962915,12.02914264885565,3451.171875,3324.1419690483135,3518.5546875,0.6291249188624275,0.0011442170056432453,0.03027869665382133,0.017070359030303045,0.951452858586171
source,source_12khz_fe,OR014@6_0.mat,source_domain\cwru_12khz_fe\OR014@6_0.mat,OR,12000,1797.0,X313_FE_time,96000,0,0,0.0591754356013804,0.9083898576350408,0.9103152561793209,4.854305659952031,9.356667532467533,0.1654077101478098,7.98309715622022,5.3325544386904795,8.625301239579644,1.6174802036691989,11.974430592365824,3404.296875,3338.0717230622276,3711.9140625,0.6781005111158048,0.0015191136971527785,0.008896754936286505,0.12710725745429793,0.8624694008048966
source,source_12khz_fe,OR014@6_0.mat,source_domain\cwru_12khz_fe\OR014@6_0.mat,OR,12000,1797.0,X313_FE_time,96000,1,24000,0.016649846423891217,0.912162172322614,0.9123141158626503,4.826664101510472,9.126185714285715,0.134375258299695,7.574242640157964,5.290572641136071,8.512123290470882,1.6089228648477079,11.83263267713495,3392.578125,3337.1264005905487,3685.546875,0.6680607126665806,0.0014180678494909254,0.00876706431217733,0.12620981030340697,0.8635871128070354
source,source_12khz_fe,OR014@6_0.mat,source_domain\cwru_12khz_fe\OR014@6_0.mat,OR,12000,1797.0,X313_FE_time,96000,2,48000,-0.020214372190827404,0.9200930676588942,0.9203150949522798,4.738455010601381,9.13147012987013,0.1486522995672096,7.9790757400280805,5.148731164560472,8.385270782517491,1.6286091688425142,11.749354318470349,3392.578125,3339.569524765109,3679.6875,0.6635604687755862,0.0013731110422263036,0.008656444102606806,0.1251280135920008,0.8648273885812855
source,source_12khz_fe,OR014@6_0.mat,source_domain\cwru_12khz_fe\OR014@6_0.mat,OR,12000,1797.0,X313_FE_time,96000,3,84000,-0.06605088485316507,0.9350839029149166,0.937413795972984,4.690082283328654,9.26358051948052,0.13425579759064743,7.736221525939595,5.0032144859310534,8.06870548003842,1.6127042929538322,11.228076240993147,3392.578125,3337.1035304315283,3685.546875,0.6657346832299904,0.0013285582913294576,0.007686679623286589,0.13048450422607466,0.8604838805393891
source,source_12khz_fe,OR021@3_1.mat,source_domain\cwru_12khz_fe\OR021@3_1.mat,OR,12000,1773.0,X316_FE_time,96000,0,0,-0.00012425118325107675,0.17212957071367366,0.17212961555882858,0.7886565003102555,1.5502036363636367,-0.0927514538262077,3.95284775491977,4.581759494118752,5.967183099846824,1.3023780727626069,7.172632376491363,2909.1796875,3049.6385484956886,4239.2578125,0.7904880945535124,0.01864244106077525,0.15383924383867473,0.24277889998177732,0.5743388766277803
source,source_12khz_fe,OR021@3_1.mat,source_domain\cwru_12khz_fe\OR021@3_1.mat,OR,12000,1773.0,X316_FE_time,96000,1,24000,0.00017169641415152096,0.1694588226296412,0.16945890961139468,0.7899572795310347,1.5548376623376625,-0.08736668771555248,3.968733595072894,4.661645004903626,6.0858006093228045,1.305504945761675,7.3361580282564,2909.1796875,3024.9916728265744,4239.2578125,0.7773843869864624,0.019551909397169397,0.15875839197565397,0.2389906569831205,0.5686137752553512
source,source_12khz_fe,OR021@3_1.mat,source_domain\cwru_12khz_fe\OR021@3_1.mat,OR,12000,1773.0,X316_FE_time,96000,2,48000,-0.00011857382394371706,0.16490852260653446,0.16490856523547107,0.7622344223881776,1.4583361038961042,-0.07637036239370215,3.940032707020685,4.622163932450504,6.031105678349103,1.3048229717622881,7.2660520129764,2900.390625,3055.3507811295567,4239.2578125,0.7932948153015753,0.021007307359493306,0.14582328500766126,0.27017405164220676,0.560087336171389
source,source_12khz_fe,OR021@3_1.mat,source_domain\cwru_12khz_fe\OR021@3_1.mat,OR,12000,1773.0,X316_FE_time,96000,3,84000,0.00013562011545022282,0.16054844685130737,0.1605485041324982,0.7034185646248097,1.3929719480519482,-0.0577556698701356,3.8661266726347363,4.3813461135701885,5.6975134655919915,1.300402505958111,6.85108038489139,2900.390625,3014.483554761071,4294.921875,0.7884452991432366,0.0225860392883251,0.15524417768443188,0.27621018398465524,0.5424493277117459
source,source_12khz_fe,OR021@3_2.mat,source_domain\cwru_12khz_fe\OR021@3_2.mat,OR,12000,1751.0,X317_FE_time,96000,0,0,-2.6453914302172163e-05,0.13247978611755126,0.13247978875874503,0.6593622452198971,1.3061449350649355,0.05322639754000817,3.6618517680027782,4.977078023695107,6.364317244851064,1.2787256326912062,7.564821236858535,3641.6015625,3148.208728977855,4590.8203125,0.759393296210445,0.03628418068090791,0.15528979915015442,0.1394332513639268,0.6685450132691158
source,source_12khz_fe,OR021@3_2.mat,source_domain\cwru_12khz_fe\OR021@3_2.mat,OR,12000,1751.0,X317_FE_time,96000,1,24000,0.00018876407271081467,0.13042588313041167,0.13042601972851486,0.6673295179471697,1.2278542857142858,0.08217972180890305,3.764195030308331,5.116536710474771,6.5877832256952935,1.2875473388391838,7.869404239943474,3641.6015625,3179.999368813436,4596.6796875,0.77523433949275,0.03257362413414908,0.14889326653280383,0.1411822521276309,0.6769944491636771
source,source_12khz_fe,OR021@3_2.mat,source_domain\cwru_12khz_fe\OR021@3_2.mat,OR,12000,1751.0,X317_FE_time,96000,2,48000,-2.735497490823281e-05,0.12688108568223516,0.12688108863103814,0.6044043231419749,1.1640348051948053,0.0932221623503151,3.634779788917051,4.76354931738314,6.102100924401673,1.2809987926619757,7.266680314217695,3641.6015625,3147.67932304239,4828.125,0.7766592165632358,0.03592805098451821,0.15502024311525342,0.14447937072592634,0.6640490842992786
source,source_12khz_fe,OR021@3_2.mat,source_domain\cwru_12khz_fe\OR021@3_2.mat,OR,12000,1751.0,X317_FE_time,96000,3,84000,-0.0002738729619212196,0.12912516304362584,0.12912545348397514,0.6847274400250918,1.3201283116883118,0.11564023849488692,3.943438037599828,5.302807630447282,6.85228854013046,1.2922000980637902,8.203337570210303,3641.6015625,3156.952348494113,4587.890625,0.7776165173327191,0.03639146380098533,0.1499519049487431,0.14066663488204978,0.6714559848418928
source,source_12khz_fe,OR021@3_3.mat,source_domain\cwru_12khz_fe\OR021@3_3.mat,OR,12000,1728.0,X318_FE_time,96000,0,0,-7.479547335497608e-05,0.14704471672462135,0.14704473574727855,0.7248264838340044,1.3507779220779224,0.011984673012681706,3.4202071598142245,4.929292301050566,6.285527591352799,1.2751379320659146,7.483977435361296,1385.7421875,2868.2345078878934,4895.5078125,0.7042414989757536,0.028008027376844286,0.3251041869804347,0.057876802972861296,0.5884195661431995
source,source_12khz_fe,OR021@3_3.mat,source_domain\cwru_12khz_fe\OR021@3_3.mat,OR,12000,1728.0,X318_FE_time,96000,1,24000,0.0002184489422294396,0.1442310416113109,0.1442312070400302,0.7433625877301083,1.470612207792208,-0.014314536727523634,3.6973599530765924,5.153964963481448,6.612293985413156,1.282952839652363,7.904255661010764,1385.7421875,2816.3269849108306,4892.578125,0.7077957217725502,0.02898320723258685,0.3409689930931894,0.057297945386883785,0.5724480243696635
source,source_12khz_fe,OR021@3_3.mat,source_domain\cwru_12khz_fe\OR021@3_3.mat,OR,12000,1728.0,X318_FE_time,96000,2,48000,-4.4517720562752134e-06,0.14793972093617558,0.14793972100315647,0.7434280616205413,1.4636205194805196,-0.015315433362754472,3.7476570432603085,5.025209298587592,6.448173277434329,1.2831651169640028,7.693985989646341,1385.7421875,2868.46802012949,4986.328125,0.7119132494127198,0.027069878559327375,0.324679716085447,0.0598343552842937,0.5875867738663388
source,source_12khz_fe,OR021@3_3.mat,source_domain\cwru_12khz_fe\OR021@3_3.mat,OR,12000,1728.0,X318_FE_time,96000,3,84000,0.0003962763015367982,0.1612099742178302,0.16121046126793584,0.8124506590231386,1.568577142857143,-0.025414335250628788,3.9169313284740963,5.03968943844026,6.509607759620638,1.2916684329649737,7.786370516992152,1385.7421875,2980.065797519007,4608.3984375,0.7190909295924847,0.023647627014645917,0.2810024778644872,0.057235185428787284,0.6378406357647878
source,source_12khz_fe,OR021@6_0.mat,source_domain\cwru_12khz_fe\OR021@6_0.mat,OR,12000,1797.0,X315_FE_time,96000,0,0,8.226439340732866e-05,0.8434974316320157,0.8434974356435455,5.401136485821979,9.866003896103898,0.45548437885025433,9.205765208114197,6.4032636704992285,10.469045974848324,1.634954690850595,14.543198250728517,1186.5234375,2962.622126560415,3905.2734375,0.7562031133710534,0.0018010115228690082,0.18477157232387179,0.2063307242964642,0.6069814476762876
source,source_12khz_fe,OR021@6_0.mat,source_domain\cwru_12khz_fe\OR021@6_0.mat,OR,12000,1797.0,X315_FE_time,96000,1,24000,0.0001705412332341671,0.845575851206871,0.8455758684048029,5.032040381925875,9.668854545454547,0.44498732806666746,8.779049705056845,5.951021747360147,9.590425841464823,1.6115595352525407,13.286763928799656,1218.75,2985.580473354483,3911.1328125,0.7516656528527745,0.0017888963605740627,0.17985469761614603,0.20009586132472804,0.6181753660402729
source,source_12khz_fe,OR021@6_0.mat,source_domain\cwru_12khz_fe\OR021@6_0.mat,OR,12000,1797.0,X315_FE_time,96000,2,48000,2.071450163243482e-05,0.816485746787782,0.8164857470505488,4.961310511796005,9.317237662337664,0.4091669113559205,8.431612355868022,6.07642023110879,9.65887040250636,1.5895659014900019,13.208912870421619,1218.75,2979.276695588861,3911.1328125,0.7512278512367887,0.0018165764955454646,0.18166975925232348,0.20122054223126884,0.6151906059776351
source,source_12khz_fe,OR021@6_0.mat,source_domain\cwru_12khz_fe\OR021@6_0.mat,OR,12000,1797.0,X315_FE_time,96000,3,84000,-0.00015898950269656887,0.8107984930997708,0.810798508687899,5.022284537770031,9.454225974025974,0.39794873186433855,8.589521557676209,6.194244912822191,9.87115063176172,1.5936003129802148,13.571857042027432,1218.75,2983.038711784564,3914.0625,0.7533949376622552,0.0017029877071002648,0.18284838977371537,0.1970016827794329,0.6183440997751584
source,source_48khz_de,B007_0.mat,source_domain\cwru_48khz_de\B007_0.mat,B,48000,1796.0,X122_DE_time,192000,0,0,2.1181181411627246e-05,0.14710492669108596,0.1471049282159922,0.5725657348352577,1.128817846153846,-0.023309840264517007,3.0962127074649337,3.8922267375752013,4.906821892459157,1.260672161016672,5.809967529091973,3363.28125,2878.491160238524,3457.03125,0.7453770861007707,0.018631415725702517,0.05894365875608468,0.4499658983338056,0.46417401475715836
source,source_48khz_de,B007_0.mat,source_domain\cwru_48khz_de\B007_0.mat,B,48000,1796.0,X122_DE_time,192000,1,48000,3.4401814116271632e-06,0.14663731490769277,0.1466373149480469,0.7000297348352578,1.3330523076923075,-0.017596291637931097,3.1691042923439663,4.773885385711693,6.030716554667778,1.2632721708561905,7.147923280545122,2859.375,2848.890222028597,3457.03125,0.7461742268060616,0.020646899113091748,0.06670624272313848,0.4542098827416494,0.4492745428611442
source,source_48khz_de,B007_0.mat,source_domain\cwru_48khz_de\B007_0.mat,B,48000,1796.0,X122_DE_time,192000,2,96000,0.00107030360448855,0.14469080290070546,0.14469476145962085,0.6570133420878191,1.2352116923076923,-0.018722140833090536,3.0457171986612344,4.5406850632020115,5.695535552750237,1.2543339767974313,6.724226027940307,2859.375,2878.8699037106994,3457.03125,0.745743336452254,0.019586447192192918,0.06387383101172556,0.399714553021476,0.5086486895513332
source,source_48khz_de,B007_0.mat,source_domain\cwru_48khz_de\B007_0.mat,B,48000,1796.0,X122_DE_time,192000,3,144000,-0.0013476573570499115,0.14343679996488617,0.1434431307679764,0.6071542651647422,1.1469673846153845,-0.024770340132322367,3.1730095821213453,4.232717606691113,5.351661298994524,1.2643558574513138,6.344278859793661,2859.375,2878.0149695891037,3457.03125,0.7462276027820016,0.018646889959254776,0.05994408556188099,0.42804885353166267,0.4847813728073068
source,source_48khz_de,B007_1.mat,source_domain\cwru_48khz_de\B007_1.mat,B,48000,1772.0,X123_DE_time,192000,0,0,-0.0027837871941258766,0.13879752927766065,0.13882544293005245,0.5708183630787412,1.1079563076923078,-0.019405474205763263,3.031437874519831,4.111770515742116,5.1677774985273555,1.2568253696807834,6.109353877616454,2812.5,2801.494790553223,3421.875,0.7444884617473194,0.02106001981214807,0.057679706129779226,0.5154672200895543,0.39092169617848
source,source_48khz_de,B007_1.mat,source_domain\cwru_48khz_de\B007_1.mat,B,48000,1772.0,X123_DE_time,192000,1,48000,-0.0006836995787412609,0.14142516218685983,0.1414268148007781,0.6564659446135664,1.209552,-0.0017400051286427204,3.0104587978697097,4.64173604937409,5.817160804615996,1.2532295552133506,6.866897458739695,2824.21875,2807.760110328341,3421.875,0.7458580268974768,0.019580769997212373,0.05768096261970802,0.5054472110132164,0.4031122347211502
source,source_48khz_de,B007_1.mat,source_domain\cwru_48khz_de\B007_1.mat,B,48000,1772.0,X123_DE_time,192000,2,96000,0.0005837866520279698,0.14048418425825684,0.14048539722534492,0.6147428676904896,1.2076744615384616,0.0069484556325348935,3.126628580514645,4.375848877019142,5.51735015883634,1.2608639635095267,6.536827063398572,2824.21875,2804.58641300764,3433.59375,0.7487465268346642,0.020801944713078543,0.05930675461397088,0.5185139498864577,0.39084082805405
source,source_48khz_de,B007_1.mat,source_domain\cwru_48khz_de\B007_1.mat,B,48000,1772.0,X123_DE_time,192000,3,144000,0.00032783730587412354,0.14139269069948238,0.1413930707656447,0.6103619446135664,1.195992,0.032069069541201804,3.049870109794467,4.31677409157418,5.4228484388298765,1.2562270630228871,6.411946717813264,2894.53125,2822.7276392845297,3421.875,0.7419284747214558,0.02035601046897649,0.056198350130038516,0.5091887587209044,0.4036410552476113
source,source_48khz_de,B007_2.mat,source_domain\cwru_48khz_de\B007_2.mat,B,48000,1747.0,X124_DE_time,192000,0,0,0.0008804224586458102,0.13632368511513143,0.13632652811201199,0.6188696558817226,1.1828492307692307,0.03399279665341262,3.1210284047884356,4.539612828463524,5.704145103021179,1.256526782904074,6.7378083949016325,2929.6875,2755.118216725108,3433.59375,0.7493053949358519,0.020041716430058112,0.07204698455130396,0.5638998120975904,0.3275745947398488
source,source_48khz_de,B007_2.mat,source_domain\cwru_48khz_de\B007_2.mat,B,48000,1747.0,X124_DE_time,192000,1,48000,-0.0019258325798157281,0.13578359024436293,0.1357972466980628,0.5637709595028927,1.1246455384615386,-0.008068412188594703,3.066097635504911,4.1515639912218,5.225979584160493,1.2587977916688715,6.183926306857366,2929.6875,2752.7308903242288,3433.59375,0.7488497681895705,0.020571904935244405,0.0745563861357887,0.5562989686759899,0.3324215438920346
source,source_48khz_de,B007_2.mat,source_domain\cwru_48khz_de\B007_2.mat,B,48000,1747.0,X124_DE_time,192000,2,96000,0.00040569207403042565,0.14358073645036196,0.1435813095973401,0.5913081902721234,1.1711667692307692,-0.0068215182286482145,3.0073852622786856,4.11828107659884,5.159807207987634,1.252903119525057,6.087013720679172,2859.375,2770.339087375352,3433.59375,0.7356376765180337,0.017804007834276752,0.0674051358994318,0.5531991580699958,0.3432221388479888
source,source_48khz_de,B007_2.mat,source_domain\cwru_48khz_de\B007_2.mat,B,48000,1747.0,X124_DE_time,192000,3,144000,0.001286748727876579,0.1415701730838672,0.1415760206718808,0.7563229595028927,1.4317273846153848,-0.01070438569052301,3.190085058113809,5.3421685106577375,6.707318866603315,1.255542361341597,7.913452666984626,2859.375,2771.508262534442,3433.59375,0.7373541696821212,0.017766758820920128,0.06718835915742596,0.5527965916079772,0.3451202560369893
source,source_48khz_de,B007_3.mat,source_domain\cwru_48khz_de\B007_3.mat,B,48000,1721.0,X125_DE_time,192000,0,0,-0.0009054244885417232,0.14379774242749488,0.14380059290819566,0.5899036538191506,1.129860923076923,0.03361344608749285,3.0263050217241627,4.102233807837296,5.160533854591053,1.2579814063001464,6.112511542538193,2894.53125,2704.241799638601,3421.875,0.7415156454045597,0.015717916448035607,0.11618078765250774,0.5346507406533823,0.3143534721865442
source,source_48khz_de,B007_3.mat,source_domain\cwru_48khz_de\B007_3.mat,B,48000,1721.0,X125_DE_time,192000,1,48000,0.0011704680883813535,0.14171471175645142,0.14171954531312903,0.6224476538191505,1.238966769230769,0.023699114262227046,3.007076223645386,4.392108741525113,5.4999922634121186,1.2522441011930627,6.4819146146357705,2882.8125,2694.7686378562876,3421.875,0.7483740740615353,0.016433797432207735,0.12175761497330649,0.5322532310703834,0.3209536765917622
source,source_48khz_de,B007_3.mat,source_domain\cwru_48khz_de\B007_3.mat,B,48000,1721.0,X125_DE_time,192000,2,96000,0.000587883549919815,0.13800167273548894,0.1380029249141527,0.5967879615114583,1.1448812307692307,0.02152485755742446,3.093078289217985,4.324458788669711,5.444872189341747,1.2590875426002712,6.44242194770822,2882.8125,2692.476363452882,3421.875,0.7526814802481138,0.017248740676063884,0.12112979483871898,0.5274438368087275,0.324355024581809
source,source_48khz_de,B007_3.mat,source_domain\cwru_48khz_de\B007_3.mat,B,48000,1721.0,X125_DE_time,192000,3,144000,0.0016729486653044303,0.13947038369551837,0.1394804168527319,0.6499848845883813,1.2087175384615385,-0.014112384337384725,2.9965476232205903,4.660044035213897,5.849065781625083,1.2551524701020718,6.911208736037019,2917.96875,2685.338508295067,3421.875,0.7527624290837479,0.016645832806181638,0.1261977311021582,0.5274987998479304,0.31886212681651704
source,source_48khz_de,B014_0.mat,source_domain\cwru_48khz_de\B014_0.mat,B,48000,1797.0,X189_DE_time,192000,0,0,0.0025874899264194183,0.12607040278818754,0.12609695302938595,1.1068260831505035,2.1733550769230767,-0.05189810220962529,8.374098036619163,8.777579922044495,12.281906540226391,1.3992360820644352,15.152089979504582,2800.78125,2559.4987462528375,3292.96875,0.7834538035523635,0.05092596113241213,0.10139020317694873,0.5317527975914412,0.30301078193773034
source,source_48khz_de,B014_0.mat,source_domain\cwru_48khz_de\B014_0.mat,B,48000,1797.0,X189_DE_time,192000,1,48000,-0.001576186304349812,0.14545862609519766,0.14546716560368025,1.2870354553110348,2.5515747692307693,-0.024812880301042305,12.721422602457176,8.847601106140104,13.269297130074847,1.4997621356115312,16.775815309986584,2812.5,2729.279776346347,3328.125,0.7606274226971568,0.027730527614707182,0.06125339484149844,0.5311045936021136,0.3648192892370629
source,source_48khz_de,B014_0.mat,source_domain\cwru_48khz_de\B014_0.mat,B,48000,1797.0,X189_DE_time,192000,2,96000,-0.003107492765888274,0.1312391284177514,0.13127591301964384,1.125567147618727,2.221962461538461,0.06722760380305605,9.984187385953774,8.574056898326242,12.241948712125144,1.4277895350124938,15.174553247791001,2812.5,2606.9495164445443,3328.125,0.7784925416240744,0.038218027707913625,0.10228418126153639,0.5271299172475921,0.3181374206164956
source,source_48khz_de,B014_0.mat,source_domain\cwru_48khz_de\B014_0.mat,B,48000,1797.0,X189_DE_time,192000,3,144000,-0.001627097150503659,0.14970399858545386,0.14971284059028053,1.1619005446889652,2.3139618461538465,-0.008376369362913255,9.671043840988467,7.760860992952369,11.294087468561477,1.4552621775782595,14.180374628612332,2800.78125,2651.749873535907,3304.6875,0.7643452101715654,0.03504692369876047,0.08163135573145947,0.5690935004963851,0.29740718285507434
source,source_48khz_de,B014_1.mat,source_domain\cwru_48khz_de\B014_1.mat,B,48000,1772.0,X190_DE_time,192000,0,0,0.000519854945687584,0.1678009236247157,0.1678017288899975,2.304677642907226,4.155618461538461,0.17680889333258984,15.802766164490778,13.734528590014254,20.271618005618883,1.475960232099749,25.476299969998315,363.28125,2458.1371889958077,3234.375,0.748567001310416,0.0995051771063149,0.055080378029834634,0.6562732598244961,0.18387026243881097
source,source_48khz_de,B014_1.mat,source_domain\cwru_48khz_de\B014_1.mat,B,48000,1772.0,X190_DE_time,192000,1,48000,-0.0006580309773893387,0.13819738248835023,0.1381989490965781,1.868673126323543,3.466561846153846,-0.05187180028500939,16.744516492152385,13.521616036342863,19.54684815777223,1.4456000011458356,24.21798620532846,363.28125,2380.9322685895077,3246.09375,0.749387701064309,0.12155740633220131,0.06341362061066794,0.644457892644653,0.16222920139951766
source,source_48khz_de,B014_1.mat,source_domain\cwru_48khz_de\B014_1.mat,B,48000,1772.0,X190_DE_time,192000,2,96000,0.0020392877149183536,0.13701147474184766,0.1370266503470043,1.1468622582918415,2.145817846153846,0.049239967069591176,8.89459369557441,8.369629231825886,11.90987099567823,1.4229866898169754,14.803387179432475,363.28125,2461.571656111134,3292.96875,0.7458272726588709,0.11555088361268077,0.05057305384786898,0.6078852675202767,0.21958625402171242
source,source_48khz_de,B014_1.mat,source_domain\cwru_48khz_de\B014_1.mat,B,48000,1772.0,X190_DE_time,192000,3,144000,0.0010083843687645074,0.15376446333302698,0.15376776978004517,1.8188124121379954,3.123180923076923,0.2963502893938675,10.330767805040601,11.828307159087112,16.678280752324262,1.4100310828843066,20.651935072452062,363.28125,2429.0400447421166,3269.53125,0.7628835740866322,0.11640645637362494,0.062203416806498366,0.5779857152055851,0.23668618936184974
source,source_48khz_de,B014_2.mat,source_domain\cwru_48khz_de\B014_2.mat,B,48000,1748.0,X191_DE_time,192000,0,0,-0.0009273405568504497,0.1366739236886779,0.13667706968239746,1.9496683590585342,3.7273310769230767,0.23918156710043115,19.29372821542626,14.264780212034102,21.016168638834362,1.4732907430954223,26.13660276503896,363.28125,2372.434369617166,3246.09375,0.7457738980632188,0.11843086740914663,0.07225799722901381,0.647728098532616,0.1542163882403868
source,source_48khz_de,B014_2.mat,source_domain\cwru_48khz_de\B014_2.mat,B,48000,1748.0,X191_DE_time,192000,1,48000,0.0006677196354572419,0.17675063682250028,0.17675189805677044,2.9103422052123804,5.279638153846154,0.3788462178449236,24.784387059348216,16.465691385453468,25.045274894923367,1.521058199651901,31.71474614715619,363.28125,2523.194763318427,3246.09375,0.7415282373575482,0.07850319751851798,0.054156191464040764,0.6679898121878692,0.19103666707977765
source,source_48khz_de,B014_2.mat,source_domain\cwru_48khz_de\B014_2.mat,B,48000,1748.0,X191_DE_time,192000,2,96000,-0.00221587955685045,0.17926797809259298,0.17928167249224575,2.314119435981611,4.492949538461538,0.10424232266413856,26.71671652439902,12.907730075246777,20.534425656184176,1.590862648688991,26.201545199232605,2882.8125,2534.2735235464065,3234.375,0.7309428090426573,0.06829909047978953,0.04567891377955344,0.7490535326658465,0.13027881055640025
source,source_48khz_de,B014_2.mat,source_domain\cwru_48khz_de\B014_2.mat,B,48000,1748.0,X191_DE_time,192000,3,144000,-0.0004312575183889113,0.13112437783823408,0.13112508702193923,1.072440666750842,2.1101446153846153,0.016670077109861643,8.384073780137125,8.178760381399995,11.483457025547553,1.4040583768141037,14.174667199982458,363.28125,2447.893939407003,3292.96875,0.7502905760558702,0.11030090288514897,0.06576583374561065,0.6250127480150822,0.19263335298703757
source,source_48khz_de,B014_3.mat,source_domain\cwru_48khz_de\B014_3.mat,B,48000,1725.0,X192_DE_time,192000,0,0,-0.0004915432351617772,0.1697070528285506,0.16970776468536877,1.9670947538032995,3.602161846153846,0.218384674359526,10.157078605867394,11.591071023995992,16.586690090603817,1.4309885649193321,20.689969114461835,2765.625,2436.265342059088,3222.65625,0.7568053292718387,0.08072520695613264,0.09760048310227316,0.649414148436275,0.16161913906597475
source,source_48khz_de,B014_3.mat,source_domain\cwru_48khz_de\B014_3.mat,B,48000,1725.0,X192_DE_time,192000,1,48000,-0.0005317668890079315,0.17528688997275713,0.17528769658006724,2.314439369187915,4.1253692307692305,0.2568053214787314,18.966358528778727,13.20366126277169,19.64663495525883,1.4879687205049184,24.573013044584208,2765.625,2468.9282911486216,3187.5,0.7481523000289675,0.07008949470175267,0.09186319713324174,0.6759502951071943,0.15271277995865315
source,source_48khz_de,B014_3.mat,source_domain\cwru_48khz_de\B014_3.mat,B,48000,1725.0,X192_DE_time,192000,2,96000,-0.00025287419670023893,0.1822628951658397,0.182263070586428,2.2489341384186843,3.9000646153846157,0.4635957702622419,18.301116862566225,12.338945740189947,18.75611159087394,1.520074079722981,23.703291814812253,2566.40625,2490.0077018325874,3246.09375,0.7471576970656761,0.06445583396779807,0.08041085469414415,0.6878945817712648,0.15522925711512173
source,source_48khz_de,B014_3.mat,source_domain\cwru_48khz_de\B014_3.mat,B,48000,1725.0,X192_DE_time,192000,3,144000,4.343788022283792e-05,0.1526889930343868,0.15268899921312096,1.2706160154274695,2.521742769230769,0.0022133885218871825,7.869994880803707,8.321595019727921,11.48090304798144,1.3796517399234867,14.083794778639753,363.28125,2372.1366391075003,3234.375,0.7628243911244293,0.08930908215197984,0.12400069256108799,0.6058804978537939,0.1686185768095743
source,source_48khz_de,B021_0.mat,source_domain\cwru_48khz_de\B021_0.mat,B,48000,1797.0,X226_DE_time,192000,0,0,0.026271677673745813,0.3422720775113648,0.3432788605372299,1.4422361712293015,2.809488,0.021666771625293235,3.021107465724912,4.201354458494785,5.263701305181835,1.2528581811334059,6.206308722642961,2578.125,2647.5465754826114,3210.9375,0.6540133026718775,0.009132371492336451,0.05141034380159612,0.8530261503064507,0.08406796743169957
source,source_48khz_de,B021_0.mat,source_domain\cwru_48khz_de\B021_0.mat,B,48000,1797.0,X226_DE_time,192000,1,48000,0.0008756488681902627,0.3723646089294776,0.37236563851158866,2.1387655045626346,4.135773333333333,-0.009995228002771459,3.844161430707209,5.7437241339075085,7.373841110051711,1.2838083685985484,8.786680171317512,2578.125,2673.1467836796974,3199.21875,0.6585384127980527,0.008852301132187126,0.04322854103420386,0.8664829636763101,0.07818935361044606
source,source_48khz_de,B021_0.mat,source_domain\cwru_48khz_de\B021_0.mat,B,48000,1797.0,X226_DE_time,192000,2,96000,-0.019058790770698626,0.34739607356412616,0.34791848101733974,1.4827175045626346,2.845796,-0.015994650693465336,2.944003488886558,4.261680782874183,5.339269179225568,1.2528552585792894,6.302822337718985,2578.125,2650.909928550841,3199.21875,0.6529102767814466,0.009813540526767004,0.04594138921852366,0.8627477639987058,0.0794431743705901
source,source_48khz_de,B021_0.mat,source_domain\cwru_48khz_de\B021_0.mat,B,48000,1797.0,X226_DE_time,192000,3,144000,-0.04205330968736529,0.3497444005444622,0.35226357542026204,1.4372281712293014,2.7886213333333334,-0.005713762812750192,2.9564244727130053,4.079979513949351,5.1163090248533685,1.254003606475549,6.044724625451789,2578.125,2649.4513458096862,3210.9375,0.6435461676487326,0.009575077643165482,0.050734859054996084,0.8576847369148524,0.08002956157128203
source,source_48khz_de,B021_1.mat,source_domain\cwru_48khz_de\B021_1.mat,B,48000,1774.0,X227_DE_time,192000,0,0,0.0011031217086993775,0.22281198190307977,0.2228147126136031,1.7821941525605312,3.5464615384615383,-0.02144089514600963,8.251581374243623,7.998547903984898,11.0706511001479,1.384082615118525,13.533941301943955,2824.21875,2695.779308060543,3210.9375,0.6606732211444142,0.010221061216275073,0.02527948966045437,0.8871902136942252,0.07474291219088451
source,source_48khz_de,B021_1.mat,source_domain\cwru_48khz_de\B021_1.mat,B,48000,1774.0,X227_DE_time,192000,1,48000,0.002188743131776301,0.2496968051969811,0.24970639783969498,2.5038089243625454,4.957327384615384,0.011357962954331011,13.177073645403128,10.027011506368765,14.550784087977435,1.4511586107861822,18.00646435236108,2812.5,2692.7777646125273,3058.59375,0.6482425350497283,0.00791101126426682,0.020312021278451938,0.9111015366768987,0.05865047877928546
source,source_48khz_de,B021_1.mat,source_domain\cwru_48khz_de\B021_1.mat,B,48000,1774.0,X227_DE_time,192000,2,96000,0.0017121612856224543,0.21146679349917533,0.21147372472506093,1.444251385901007,2.8795181538461536,0.00421114214742825,6.204561413195043,6.829460197818254,9.087428921958846,1.3306218439956576,10.95382536696436,2554.6875,2681.3881765170795,3128.90625,0.6505096337649471,0.009385050031266075,0.024782260894833544,0.8991797619260912,0.06519587636641686
source,source_48khz_de,B021_1.mat,source_domain\cwru_48khz_de\B021_1.mat,B,48000,1774.0,X227_DE_time,192000,3,144000,-0.000570595175916007,0.23167034173547738,0.23167104441144054,2.08866430897793,4.010004923076923,0.036584974221929134,8.260443706344185,9.015646794683205,12.364529600196322,1.371452307496638,15.024609051448465,2554.6875,2689.8635513582008,3234.375,0.6627867231846881,0.00793132686962007,0.022817895686408574,0.8868223682319861,0.08075357327443992
source,source_48khz_de,B021_2.mat,source_domain\cwru_48khz_de\B021_2.mat,B,48000,1754.0,X228_DE_time,192000,0,0,-0.00033914099706944034,0.3285897464965948,0.3285899215120761,3.4056900133106227,6.626041846153846,0.0678300946235314,18.047779102439836,10.364560171621378,16.045200771057686,1.5480831318767703,20.444589630677093,2789.0625,2676.7592559257178,3046.875,0.6681868918093697,0.003944770770878966,0.026653374888196097,0.9044359446491325,0.06373536033773779
source,source_48khz_de,B021_2.mat,source_domain\cwru_48khz_de\B021_2.mat,B,48000,1754.0,X228_DE_time,192000,1,48000,-0.0008891033047617481,0.33098669307638856,0.33098788723808303,3.421039832843223,6.826729846153846,0.04529330072509312,17.38124385298611,10.335846007476697,16.200382783068196,1.5673978473847514,20.810318527308866,2789.0625,2701.6204825974014,3046.875,0.6587750419711749,0.0035739939580577014,0.022799751198281225,0.9050614311919571,0.06615648972146297
source,source_48khz_de,B021_2.mat,source_domain\cwru_48khz_de\B021_2.mat,B,48000,1754.0,X228_DE_time,192000,2,96000,-0.0004130864586079013,0.38786407938745865,0.3878642993619071,3.4056900133106227,6.8044080000000005,0.037794821241045835,11.31212722572774,8.780622549960631,13.664748573271423,1.556239149956111,17.80133947365631,2812.5,2718.3830353135945,3210.9375,0.669970986903378,0.003037150153373983,0.018247738969383087,0.8943028326311449,0.08250394780550137
source,source_48khz_de,B021_2.mat,source_domain\cwru_48khz_de\B021_2.mat,B,48000,1754.0,X228_DE_time,192000,3,144000,0.0020607356183151753,0.285370274544097,0.2853777150105837,3.4056900133106227,6.660254769230769,0.05854851474594514,19.81736019555835,11.933973236741291,18.410958012638936,1.5427349841788105,23.25898461401215,2519.53125,2646.461874270736,3023.4375,0.6681088528920089,0.005526653547221819,0.03254287802648823,0.9066745360156977,0.05370263416230989
source,source_48khz_de,B021_3.mat,source_domain\cwru_48khz_de\B021_3.mat,B,48000,1729.0,X229_DE_time,192000,0,0,0.000549709876258837,0.3243014686600467,0.32430193455483936,3.4296368060852793,6.835700307692307,0.0438828144514446,16.85120380290502,10.575443562439661,16.227148299485044,1.5344177484023707,20.56242551043474,2835.9375,2621.435496132384,3011.71875,0.655124074357328,0.0033446023329119713,0.06049149951414188,0.8791363738080072,0.051943757160280386
source,source_48khz_de,B021_3.mat,source_domain\cwru_48khz_de\B021_3.mat,B,48000,1729.0,X229_DE_time,192000,1,48000,-0.0008093585083565483,0.3912296978184671,0.39123053499992066,3.4296368060852793,6.835700307692307,0.07050821831822296,13.961811677354962,8.766281001244467,13.810048138698392,1.5753599658398594,17.82961110220668,2847.65625,2671.6975131642057,3046.875,0.6507284470482526,0.002362614486366475,0.043190119913762134,0.8875655329322709,0.05977225871094681
source,source_48khz_de,B021_3.mat,source_domain\cwru_48khz_de\B021_3.mat,B,48000,1729.0,X229_DE_time,192000,2,96000,-0.004150703316048856,0.41639319758167537,0.41641388465120854,3.4296368060852793,6.835700307692307,0.04595483886124363,16.362273331078132,8.236125000850375,13.221597268865317,1.6053177031029084,17.14427338594297,2578.125,2626.0779700768717,2976.5625,0.6614443399174619,0.00220651299757744,0.038350912698809844,0.9116284173578334,0.043620772845667156
source,source_48khz_de,B021_3.mat,source_domain\cwru_48khz_de\B021_3.mat,B,48000,1729.0,X229_DE_time,192000,3,144000,-0.001677185469895009,0.36301975833380845,0.3630236326905414,3.4296368060852793,6.835700307692307,0.06439267308231629,19.26027455319974,9.447420215199648,15.343569668682,1.6241015345071625,19.851054213478772,2765.625,2648.4666077648462,3011.71875,0.6530147550660041,0.0030837171731706737,0.051019267109827855,0.8841805884859347,0.05500945147653157
source,source_48khz_de,IR007_0.mat,source_domain\cwru_48khz_de\IR007_0.mat,IR,48000,1796.0,X109_DE_time,192000,0,0,-0.00020378058827038323,0.5805873751719882,0.5805874109345011,3.1864340128283963,6.036726666666667,0.018308639709087283,5.983528972798167,5.488293326398677,7.693978696971605,1.4018891191457163,9.584721416991403,2613.28125,2803.181865615023,4265.625,0.7965713655982377,0.006331272180672125,0.1369813807978625,0.5027473282347764,0.34389437153980973
source,source_48khz_de,IR007_0.mat,source_domain\cwru_48khz_de\IR007_0.mat,IR,48000,1796.0,X109_DE_time,192000,1,48000,0.0027079193006185054,0.5840426415820695,0.5840489191952164,3.1793393461617296,6.073452,-0.001848552087087011,6.075008773524881,5.443618234132204,7.6366423711129965,1.4028614870927516,9.502849203717048,2613.28125,2804.9182362508686,4265.625,0.8052250749845007,0.006543764467780151,0.13358329518215536,0.5084445249600846,0.3418314244943435
source,source_48khz_de,IR007_0.mat,source_domain\cwru_48khz_de\IR007_0.mat,IR,48000,1796.0,X109_DE_time,192000,2,96000,-0.003750496616048161,0.5835869744544525,0.5835990258540265,3.492756679495063,6.417752,-0.001978065200704372,6.068958575166121,5.98485693902222,8.409562942228705,1.405140177601006,10.480070963422417,2613.28125,2804.4728725999407,4265.625,0.8088708802475404,0.007580487332366542,0.13589199276187033,0.5000341109469044,0.3467870072163782
source,source_48khz_de,IR007_0.mat,source_domain\cwru_48khz_de\IR007_0.mat,IR,48000,1796.0,X109_DE_time,192000,3,144000,-0.006038804838270383,0.5827510580660263,0.5827823460271836,3.355871346161729,6.214510666666666,0.022759732300111694,6.002601115733409,5.758361366010627,8.064047647161381,1.4004066668595148,10.041189381355066,2613.28125,2806.483115968908,4265.625,0.8108560437251248,0.007537757882138196,0.13500137544422472,0.4992613723356854,0.34851389895433915
source,source_48khz_de,IR007_1.mat,source_domain\cwru_48khz_de\IR007_1.mat,IR,48000,1772.0,X110_DE_time,192000,0,0,-0.00043766735484500053,0.2797413465325423,0.27974168890702256,1.5785146270297705,3.125892923076923,-0.06429360634811265,7.397142712775699,5.642757907094702,8.297444862792428,1.4704591264371447,10.567710794221517,2578.125,2766.5209207667494,4171.875,0.7710748325626713,0.006094156876391967,0.1430721828810408,0.49751930278322726,0.35102263586227295
source,source_48khz_de,IR007_1.mat,source_domain\cwru_48khz_de\IR007_1.mat,IR,48000,1772.0,X110_DE_time,192000,1,48000,-0.0014314154317680774,0.2763046641022676,0.2763083718507371,1.5187979883548448,3.0172043076923076,-0.08928341448587741,7.283881661409219,5.496749802318003,8.056795085810306,1.465738004371886,10.258041006614999,2578.125,2771.5010855156993,4171.875,0.7792000465691985,0.0055720488196573485,0.1448543637434471,0.4916716266879071,0.3557446973003813
source,source_48khz_de,IR007_1.mat,source_domain\cwru_48khz_de\IR007_1.mat,IR,48000,1772.0,X110_DE_time,192000,2,96000,0.0008505717605396148,0.2759001301032243,0.27590144121279236,1.5949426037394603,3.136115076923077,-0.14980062986713338,7.379613559372707,5.780841871367974,8.481698133088209,1.4672081198184315,10.793019733870876,2578.125,2751.7281806817255,4171.875,0.776489893079078,0.005748772902981072,0.14867525129633502,0.5004033612912625,0.3429551939576856
source,source_48khz_de,IR007_1.mat,source_domain\cwru_48khz_de\IR007_1.mat,IR,48000,1772.0,X110_DE_time,192000,3,144000,-9.361277792192342e-05,0.2787186783285516,0.27871869404933497,1.6308770885682322,3.2093390769230767,-0.11548906517261492,7.436766966653269,5.851337292337146,8.605189857421239,1.47063644214454,10.957620887854832,2578.125,2761.990375820648,4171.875,0.7708236424543172,0.00685505260084348,0.14371080446808832,0.4979943956190633,0.34892250476638853
source,source_48khz_de,IR007_2.mat,source_domain\cwru_48khz_de\IR007_2.mat,IR,48000,1748.0,X111_DE_time,192000,0,0,-0.001989092508630034,0.28000738515335166,0.28001445003682457,1.5923790877990622,3.1457113846153844,-0.09051920635450109,7.439259290316571,5.68677469174881,8.249403140675529,1.4506295022757782,10.410919474323894,2859.375,2723.878131797058,4136.71875,0.7911126041615676,0.006037763109641442,0.17245231025231011,0.4619573019179929,0.3579688411747621
source,source_48khz_de,IR007_2.mat,source_domain\cwru_48khz_de\IR007_2.mat,IR,48000,1748.0,X111_DE_time,192000,1,48000,-0.0013238137009377257,0.2812721007969486,0.2812752160597225,1.6528775493375238,3.2143458461538463,-0.0750101325898065,7.512355663307963,5.876371094781049,8.511452341888031,1.448419816341586,10.70600719162381,2542.96875,2723.4560036157864,4148.4375,0.782648334566016,0.005555615816874175,0.17250293964524924,0.4666638388673111,0.35383785193383116
source,source_48khz_de,IR007_2.mat,source_domain\cwru_48khz_de\IR007_2.mat,IR,48000,1748.0,X111_DE_time,192000,2,96000,0.0010843206067545819,0.2804711088005026,0.28047320482171123,1.6793359891240147,3.2685858461538464,-0.08146474523360106,7.4456245612682235,5.9875095383373,8.668963002094667,1.4478412011801294,10.930365052259898,2542.96875,2707.636397569628,4136.71875,0.7817422085456386,0.005464699144257135,0.1770176473561382,0.46726115231786586,0.3491066125130661
source,source_48khz_de,IR007_2.mat,source_domain\cwru_48khz_de\IR007_2.mat,IR,48000,1748.0,X111_DE_time,192000,3,144000,-0.000826683239399264,0.2811000708773489,0.28110128646526844,1.6140393737393992,3.1651126153846154,-0.09322794157207073,7.420168094003253,5.741842714523047,8.317162926356565,1.4485180698680724,10.482454667320612,2859.375,2708.7167659426154,4136.71875,0.7852317161806394,0.005453491007604769,0.1774965278293003,0.46820624197705935,0.347470090574981
source,source_48khz_de,IR007_3.mat,source_domain\cwru_48khz_de\IR007_3.mat,IR,48000,1721.0,X112_DE_time,192000,0,0,0.00029419242213771967,0.2789918146716325,0.2789919697821996,1.490296326424016,2.9483612307692306,-0.1588057361881577,6.7884222278216715,5.341717640052876,7.607830381054352,1.4242292261917042,9.507407798897601,2507.8125,2752.8116898648614,4160.15625,0.7941735459802257,0.005238273664275073,0.2089487440943749,0.3548610211861513,0.4297062785483954
source,source_48khz_de,IR007_3.mat,source_domain\cwru_48khz_de\IR007_3.mat,IR,48000,1721.0,X112_DE_time,192000,1,48000,0.0005975322298300272,0.27911977264873233,0.2791204122385995,1.5280557110394009,3.0309729230769227,-0.16512550157554487,6.793450235453637,5.474539460509624,7.806824404514684,1.4260239533938766,9.759927083652896,2507.8125,2751.89276178326,4160.15625,0.7923359745886602,0.005123881886624054,0.21112538817336718,0.3529811409993803,0.4294625658358076
source,source_48khz_de,IR007_3.mat,source_domain\cwru_48khz_de\IR007_3.mat,IR,48000,1721.0,X112_DE_time,192000,2,96000,-0.001026794962477665,0.27963503776825127,0.27963692291173975,1.5351486341163236,2.9758984615384616,-0.1470860227113495,6.75504054399559,5.489792328301955,7.819982250042191,1.424458664802175,9.772624171513552,2507.8125,2744.9812442574657,4160.15625,0.8048150017792551,0.005417669431837771,0.2145146589777282,0.35087480521631964,0.4278210588346831
source,source_48khz_de,IR007_3.mat,source_domain\cwru_48khz_de\IR007_3.mat,IR,48000,1721.0,X112_DE_time,192000,3,144000,0.0011607981144454121,0.2797644038325839,0.2797668120132614,1.515330172577862,2.9717261538461535,-0.13470026011137548,6.769722171197733,5.416404332121483,7.696621677929148,1.420983590951203,9.602072744099228,2507.8125,2743.6215819549666,4160.15625,0.7847919794678396,0.005160606030644983,0.21373658307627388,0.3552801968453565,0.42471999279296513
source,source_48khz_de,IR014_0.mat,source_domain\cwru_48khz_de\IR014_0.mat,IR,48000,1796.0,X173_DE_time,63788,0,0,0.00034319566380102963,0.18031326058282143,0.18031358718985133,1.41223495930269,2.7514786666666664,-0.0967175071697599,11.834843860530775,7.832105063762734,12.008434623733951,1.5332320654414473,15.43547447631018,2601.5625,2700.2695586749496,3339.84375,0.7393454261694837,0.0121633452966169,0.0268094034347536,0.7553627543751006,0.20063886856770474
source,source_48khz_de,IR014_1.mat,source_domain\cwru_48khz_de\IR014_1.mat,IR,48000,1772.0,X175_DE_time,192000,0,0,-0.0001300615183386165,0.25356544135047465,0.25356547470675017,2.9056314696483274,5.453294666666666,0.0697778684746312,20.947987059494064,11.459097390909575,20.00021220429064,1.7453566822878914,26.9793098613374,2589.84375,2604.568378305938,3023.4375,0.6707983381762905,0.008825721984356636,0.019343607740276183,0.9176252183800016,0.05209350727884598
source,source_48khz_de,IR014_1.mat,source_domain\cwru_48khz_de\IR014_1.mat,IR,48000,1772.0,X175_DE_time,192000,1,48000,0.0021250947872169393,0.2539929694876619,0.25400185939676706,2.2913168029816613,4.355290666666667,0.1636005777666376,18.343492354746875,9.020866258279858,15.609200944422197,1.730343904614897,20.97198644919562,2589.84375,2588.5502837281792,2964.84375,0.6689131979875405,0.010212043802669006,0.020845482297043774,0.9209501298215929,0.046548948037392145
source,source_48khz_de,IR014_1.mat,source_domain\cwru_48khz_de\IR014_1.mat,IR,48000,1772.0,X175_DE_time,192000,2,96000,0.0013864669538836056,0.2717992248576286,0.2718027610673261,2.7399501363149943,5.212076,0.1724413208459732,18.21282894405912,10.080656007854985,17.721170756763804,1.7579382475594871,24.168455385330418,2589.84375,2577.7745448711976,2953.125,0.6540508225992673,0.008217470065424975,0.015512896206786248,0.9322119367622134,0.04216106881642536
source,source_48khz_de,IR014_1.mat,source_domain\cwru_48khz_de\IR014_1.mat,IR,48000,1772.0,X175_DE_time,192000,3,144000,-0.0007940910183386162,0.2669465743656994,0.2669477554618642,2.7549741363149947,5.188288,0.07645484788296723,19.48453968611566,10.320274585332658,18.031729836054836,1.7472141547100186,24.386022420843943,2589.84375,2589.3751329549737,2953.125,0.6593538623378503,0.007366664377384598,0.018621542245445304,0.928544479346639,0.04428786141370036
source,source_48khz_de,IR014_2.mat,source_domain\cwru_48khz_de\IR014_2.mat,IR,48000,1751.0,X176_DE_time,192000,0,0,-0.0007324719050301083,0.23564156220595345,0.23564270061674708,2.355581651567192,4.478404,0.0674032379363341,19.042140805742314,9.99641255762193,17.454157151672398,1.7460420977013513,23.56342402233572,2566.40625,2584.948643153887,3011.71875,0.6741405563425649,0.009221131225532775,0.033311417544326545,0.9039484196890635,0.05134324982659027
source,source_48khz_de,IR014_2.mat,source_domain\cwru_48khz_de\IR014_2.mat,IR,48000,1751.0,X176_DE_time,192000,1,48000,0.0015640525671921134,0.23943666749434508,0.23944177580620826,2.651053651567192,5.178689333333333,0.1836315451094231,20.97831957903849,11.07180918045707,19.346912106048332,1.7474029574242398,26.030748527857998,2578.125,2595.8329893501063,3164.0625,0.6761555837137588,0.009836778021061572,0.03180149932249828,0.8981614942913095,0.05845396953940254
source,source_48khz_de,IR014_2.mat,source_domain\cwru_48khz_de\IR014_2.mat,IR,48000,1751.0,X176_DE_time,192000,2,96000,0.00014571915052544721,0.2362217586355886,0.23622180358078954,2.4791123182338586,4.900745333333333,0.13979683303353937,20.663481650994516,10.494849673669052,18.476300993996748,1.7605112572764587,24.934156578223668,2554.6875,2586.124603627233,3164.0625,0.6782845026842457,0.009026707715032741,0.03314180697973909,0.8960724952384436,0.05958910200221357
source,source_48khz_de,IR014_2.mat,source_domain\cwru_48khz_de\IR014_2.mat,IR,48000,1751.0,X176_DE_time,192000,3,144000,-0.0016961467383634415,0.24346412983018348,0.24347003804929773,2.5617443182338584,4.972109333333333,0.05095486280403522,20.799459411928662,10.521805223953821,18.32699197611792,1.7418106100576378,24.540326923372238,2578.125,2591.3881809568657,3175.78125,0.6716997596123474,0.00881673865641618,0.03153046692738691,0.8979682391847746,0.06005063980969626
source,source_48khz_de,IR014_3.mat,source_domain\cwru_48khz_de\IR014_3.mat,IR,48000,1726.0,X177_DE_time,192000,0,0,0.02073286984749777,0.36085792431262204,0.361453030740271,2.5019506910002756,4.940391999999999,0.5259705572165513,8.77288863118191,6.921924781953698,12.050084893559513,1.7408575321335789,17.272137141178757,6000.0,4191.926473227763,6000.0,0.5293428840965905,0.013959838716846766,0.0438453865807221,0.5263130804879907,0.13285598785795805
source,source_48khz_de,IR014_3.mat,source_domain\cwru_48khz_de\IR014_3.mat,IR,48000,1726.0,X177_DE_time,192000,1,48000,-0.004614274444168891,0.2654342761673108,0.2654743801068388,2.6455133576669425,4.975448,0.1829501256458154,17.534699912051842,9.965230379640792,16.56710942442278,1.6624913617860138,21.80489806565522,2589.84375,2521.5203966161475,3023.4375,0.6700621073481176,0.007439159215293275,0.07996574725047148,0.8595555030684638,0.051690059503699
source,source_48khz_de,IR014_3.mat,source_domain\cwru_48khz_de\IR014_3.mat,IR,48000,1726.0,X177_DE_time,192000,2,96000,-0.0022413171108355574,0.2510812672061405,0.2510912707447885,2.3675693576669423,4.570634666666667,0.06338673691235844,14.527330963103772,9.429118545757543,15.036048451190979,1.594639878389936,19.537109973050253,2589.84375,2500.833533907563,3105.46875,0.6789617242583943,0.007540939450670163,0.09575684483345369,0.8395812028530383,0.055570871595661195
source,source_48khz_de,IR014_3.mat,source_domain\cwru_48khz_de\IR014_3.mat,IR,48000,1726.0,X177_DE_time,192000,3,144000,-0.0005117225830577799,0.26018717697152727,0.26018768018569766,2.5557866910002756,5.085206666666666,0.07645465994817495,16.958333748299374,9.822858212065887,16.146624505462906,1.6437806753198554,21.17693990942823,2519.53125,2537.7879908897626,3199.21875,0.6802676284668262,0.007670042684773566,0.08198488722552492,0.847091973073053,0.061766791178925785
source,source_48khz_de,IR021_0.mat,source_domain\cwru_48khz_de\IR021_0.mat,IR,48000,1796.0,X213_DE_time,192000,0,0,0.0021051137111694203,0.5819424914140361,0.5819462989116027,2.726087295173446,5.193271384615384,-0.00046852188209664953,4.211590629642828,4.684431020984726,6.237509549984737,1.3315404842193228,7.618819038030747,2882.8125,2554.8737254187527,3187.5,0.6909075767346485,0.02088663529686522,0.03494840116587279,0.8629343570710596,0.07834119516508532
source,source_48khz_de,IR021_0.mat,source_domain\cwru_48khz_de\IR021_0.mat,IR,48000,1796.0,X213_DE_time,192000,1,48000,-0.001385325904215195,0.5715848685518359,0.5715865473270696,2.6138522182503694,5.048075076923077,-0.03501831520589019,3.9692689258637115,4.572977146626432,6.063890099074948,1.3260267665098175,7.4168416340094465,2882.8125,2564.666123423793,3199.21875,0.6880473588360037,0.020418319770769532,0.0324646528664298,0.8638364134230325,0.08128317925160386
source,source_48khz_de,IR021_0.mat,source_domain\cwru_48khz_de\IR021_0.mat,IR,48000,1796.0,X213_DE_time,192000,2,96000,-0.00031769321190750415,0.5894375031192398,0.5894375887338885,3.0638240894419386,6.102625846153846,-0.05471878265698295,4.472196841850632,5.1978770068224405,6.954186939870926,1.33788985978919,8.530335873206566,2460.9375,2560.661464806432,3199.21875,0.6842794211123492,0.01926101194932964,0.03232998951213533,0.8694687062305334,0.07712975656925203
source,source_48khz_de,IR021_0.mat,source_domain\cwru_48khz_de\IR021_0.mat,IR,48000,1796.0,X213_DE_time,192000,3,144000,4.328528809249595e-05,0.592347880645747,0.5923478822272638,2.8437348586727076,5.475945230769231,-0.04449563738317467,4.221222835895258,4.800785052147553,6.41902516971837,1.3370782278277773,7.886708047193471,2882.8125,2564.22538682963,3199.21875,0.6839246590814307,0.019635814898485548,0.03485632859427033,0.8613151999272386,0.08182536462363735
source,source_48khz_de,IR021_1.mat,source_domain\cwru_48khz_de\IR021_1.mat,IR,48000,1774.0,X214_DE_time,192000,0,0,0.00022129283373665442,0.5858092554595491,0.5858092972568715,2.730192487435494,5.3532793846153846,0.012305781971301177,3.7957685361143803,4.6605482367987605,6.063258210705862,1.3009753150544034,7.336127497940631,2589.84375,2576.541591292877,2941.40625,0.6330637430480986,0.011184469347719089,0.0166350597790944,0.92422921195898,0.046074789393569675
source,source_48khz_de,IR021_1.mat,source_domain\cwru_48khz_de\IR021_1.mat,IR,48000,1774.0,X214_DE_time,192000,1,48000,0.00020406467989050037,0.5922846205070754,0.5922846556611137,3.1757090510260446,6.042336,0.018051113141740287,3.782505817947178,5.361795246030689,6.917650052232644,1.290174229861177,8.30165332885267,2589.84375,2572.35838966691,2929.6875,0.6351531111007424,0.010686244096860672,0.016581369270800138,0.9273701443037019,0.04353616724511958
source,source_48khz_de,IR021_1.mat,source_domain\cwru_48khz_de\IR021_1.mat,IR,48000,1774.0,X214_DE_time,192000,2,96000,-0.0001206277816479601,0.6117709461929122,0.6117709580854853,3.1255186412816474,6.00749723076923,0.02630583235852508,4.003888746627879,5.108968642541866,6.650683787877264,1.3017664137702512,8.017403870810485,2589.84375,2581.0665087395114,2929.6875,0.6312407696922718,0.010190419167003374,0.016109151851780253,0.926939066259792,0.044333488822284293
source,source_48khz_de,IR021_1.mat,source_domain\cwru_48khz_de\IR021_1.mat,IR,48000,1774.0,X214_DE_time,192000,3,144000,0.0016117230645058852,0.6264223205068709,0.62642439390596,3.0159096664106597,6.028150153846154,0.03405697349909658,3.837671100563192,4.814483113597583,6.266097142414267,1.3015098390742874,7.577593672084396,2589.84375,2582.4593278892585,2929.6875,0.6237750865181527,0.009174135704145832,0.015350955378397145,0.9299710155355227,0.04282929152153162
source,source_48khz_de,IR021_2.mat,source_domain\cwru_48khz_de\IR021_2.mat,IR,48000,1752.0,X215_DE_time,192000,0,0,0.0004888282576027543,0.7681574233078808,0.7681575788443854,3.428610406050089,6.835700307692307,0.053553137419995796,3.799352215230723,4.46342065804209,5.8765466293878665,1.3166015662879518,7.228746605403667,2554.6875,2587.6272160760664,2882.8125,0.5606931387033253,0.0045280619307602405,0.009760259812359954,0.9560886272421271,0.02814747637011645
source,source_48khz_de,IR021_2.mat,source_domain\cwru_48khz_de\IR021_2.mat,IR,48000,1752.0,X215_DE_time,192000,1,48000,0.002118874988371985,0.7772150483952294,0.7772179366710569,3.262135329127012,6.4591495384615385,0.06532345010036981,3.6220844918689936,4.19719511762047,5.5026299688208855,1.311025533626712,6.7555282828268615,2554.6875,2588.324296782308,2882.8125,0.5577906631119101,0.004356517561510439,0.009507623660094108,0.9565268351473415,0.027933979223579437
source,source_48khz_de,IR021_2.mat,source_domain\cwru_48khz_de\IR021_2.mat,IR,48000,1752.0,X215_DE_time,192000,2,96000,0.00027885687298736866,0.7689389718022577,0.7689390223661879,3.387304559896243,6.551357538461538,0.060069862993395354,3.6347702727957896,4.405166679496101,5.792000113160534,1.3148197411262401,7.135272064621688,2554.6875,2581.371473592252,2882.8125,0.5642347875964693,0.004718525706739256,0.010225530762653699,0.9571323331473587,0.02647058624951236
source,source_48khz_de,IR021_2.mat,source_domain\cwru_48khz_de\IR021_2.mat,IR,48000,1752.0,X215_DE_time,192000,3,144000,-5.139431932032383e-05,0.7591796943201978,0.7591796960598228,3.3921027137423967,6.684662769230769,0.04972974915520474,3.4770002734032426,4.468115692955299,5.83331623566215,1.3055427917526006,7.1747505092914805,2554.6875,2580.5335155231387,2871.09375,0.5503745137353586,0.004887466357501739,0.010257969899368682,0.9577719133144473,0.025609260762576018
source,source_48khz_de,IR021_3.mat,source_domain\cwru_48khz_de\IR021_3.mat,IR,48000,1727.0,X217_DE_time,192000,0,0,0.00014953237419646056,0.4001118635085007,0.4001118914505991,1.8312379124719573,3.6251095384615386,0.050886896465129366,3.605384225893276,4.576814515130399,5.992087240823683,1.3092265856524417,7.325882483417887,2519.53125,2558.528466711159,2859.375,0.5587015795226329,0.003328048661617002,0.010709623286428584,0.9653532131736796,0.019134835529510258
source,source_48khz_de,IR021_3.mat,source_domain\cwru_48khz_de\IR021_3.mat,IR,48000,1727.0,X217_DE_time,192000,1,48000,-0.00037416177964969346,0.40183710237651865,0.4018372765727367,1.7761634509334958,3.488257846153846,0.045198229272772505,3.6473025916693063,4.420106233244321,5.777980981549013,1.3072040979643254,7.043075771579894,2519.53125,2555.111175095551,2859.375,0.5549442242243563,0.0032801095318018398,0.01051190180808045,0.9676016922336294,0.017113234895354157
source,source_48khz_de,IR021_3.mat,source_domain\cwru_48khz_de\IR021_3.mat,IR,48000,1727.0,X217_DE_time,192000,2,96000,0.0001984092203503068,0.4071890460261487,0.40718909436514106,1.8110022201642653,3.548339076923077,0.04303482440725612,3.5904847571280367,4.447570539636867,5.784347126088665,1.3005633242967602,7.017224813168138,2519.53125,2555.577456193516,2859.375,0.5453333170222932,0.0031010465688936233,0.010065233346273452,0.9669792458791338,0.018404708128381204
source,source_48khz_de,IR021_3.mat,source_domain\cwru_48khz_de\IR021_3.mat,IR,48000,1727.0,X217_DE_time,192000,3,144000,0.0003239522203503064,0.4091747751410942,0.4091749033809455,1.7538416047796497,3.5032781538461535,0.03436242686574962,3.5305265359331734,4.2862883091891915,5.557439915889742,1.2965623203557728,6.7332446657628395,2519.53125,2558.373330360686,2847.65625,0.5510065118836691,0.0031418311982329035,0.009803700955069253,0.9664059908565076,0.019177205663105833
source,source_48khz_de,OR007@12_0.mat,source_domain\cwru_48khz_de\OR007@12_0.mat,OR,48000,1796.0,X161_DE_time,129969,0,0,0.008717628727207443,0.22117714591722754,0.2213488805635032,1.392106129080485,2.7501766153846154,0.019214902844926048,5.778923355928844,6.289194350250224,8.494186142153016,1.3506000401747307,10.356149391706134,2589.84375,2746.9790667444427,3398.4375,0.6871383673882514,0.009614480313891094,0.023227494602145748,0.7554833776852298,0.20840703765831842
source,source_48khz_de,OR007@12_0.mat,source_domain\cwru_48khz_de\OR007@12_0.mat,OR,48000,1796.0,X161_DE_time,129969,1,48000,-0.002726698349715632,0.20062780791508056,0.2006463361058477,1.1058544863041304,2.1604209230769227,0.04508274183787637,4.815886272427791,5.511461149807607,7.348207866468929,1.3332594872212455,8.939576725562695,2589.84375,2736.6249164040573,3410.15625,0.6960089928105393,0.011142266677237616,0.031058933243892955,0.7323361965235539,0.2213531925754129
source,source_48khz_de,OR007@12_1.mat,source_domain\cwru_48khz_de\OR007@12_1.mat,OR,48000,1772.0,X162_DE_time,192000,0,0,0.0004383880399716626,0.27846221720652053,0.2784625622873657,2.241903988963048,4.440378461538462,0.039517760542097276,12.711622917598742,8.051006823105412,12.155583805157265,1.5098215753871382,15.361502777637648,2554.6875,2733.789665095828,3375.0,0.6801842073788095,0.007194618745012121,0.017714945931670677,0.8082648583316626,0.1649065671638151
source,source_48khz_de,OR007@12_1.mat,source_domain\cwru_48khz_de\OR007@12_1.mat,OR,48000,1772.0,X162_DE_time,192000,1,48000,-0.0009331103446437221,0.2632341929300106,0.263235846765651,1.899111395652336,3.7381790769230765,0.0007329194717433157,10.014561748166384,7.2144862448609794,10.650059086302308,1.4762047808807033,13.43842449317804,2554.6875,2735.811756935823,3386.71875,0.6898558340625823,0.008532054534492402,0.02168617143043347,0.7898466243048402,0.1772411549934649
source,source_48khz_de,OR007@12_1.mat,source_domain\cwru_48khz_de\OR007@12_1.mat,OR,48000,1772.0,X162_DE_time,192000,2,96000,-0.00033326288310526065,0.2570874740732431,0.2570876900777431,1.7155298571907975,3.426090461538461,0.02167122226912977,8.74653530456257,6.672936602547363,9.735618556257572,1.4589706355824175,12.27438885408012,2554.6875,2736.0993729604756,3386.71875,0.69056002106901,0.008667450108737205,0.01910416806956017,0.7997428677458965,0.16999061732982595
source,source_48khz_de,OR007@12_1.mat,source_domain\cwru_48khz_de\OR007@12_1.mat,OR,48000,1772.0,X162_DE_time,192000,3,144000,-0.001752455960028338,0.2661122949699349,0.2661180652192885,1.9819317033446437,3.9319827692307694,0.07004323988941241,11.233209499955896,7.447565431922222,11.078590359209565,1.487545220036898,13.955300374181693,2554.6875,2739.045147050044,3375.0,0.6837218954371833,0.008263082078259501,0.020147662821412293,0.791680654034381,0.1776844396963167
source,source_48khz_de,OR007@12_2.mat,source_domain\cwru_48khz_de\OR007@12_2.mat,OR,48000,1749.0,X163_DE_time,192000,0,0,0.00229387904919023,0.2668020493489266,0.2668119101874566,2.1454822412799595,4.210275692307692,0.04588931423187773,11.15734817894061,8.041178670639352,12.034016675634849,1.496548847935613,15.210318912444922,2519.53125,2732.336793075832,3375.0,0.7051372722902002,0.006799052585663094,0.028980016275990138,0.7783145509408481,0.18304332833716364
source,source_48khz_de,OR007@12_2.mat,source_domain\cwru_48khz_de\OR007@12_2.mat,OR,48000,1749.0,X163_DE_time,192000,1,48000,0.001518859856882538,0.2614637843798427,0.26146819591968296,2.0029979335876518,3.9793384615384615,0.048779902666371236,12.092895414381177,7.660579622445808,11.49129011716018,1.500054915354745,14.501409692670613,2519.53125,2723.9239337052627,3386.71875,0.7068561164123562,0.007125343568080733,0.03227278434403733,0.775463804584332,0.18189417832651641
source,source_48khz_de,OR007@12_2.mat,source_domain\cwru_48khz_de\OR007@12_2.mat,OR,48000,1749.0,X163_DE_time,192000,2,96000,0.0013733853953440765,0.2582370334160067,0.2582406854369464,2.0751788566645746,3.9534701538461534,0.0282664866307922,10.753039322603165,8.035832359820882,12.021046532271463,1.4959304766398664,15.225605569232394,2519.53125,2730.1818618268703,3375.0,0.7097888419880855,0.007725330943373784,0.031250507284947326,0.7716129701984604,0.1867462942798007
source,source_48khz_de,OR007@12_2.mat,source_domain\cwru_48khz_de\OR007@12_2.mat,OR,48000,1749.0,X163_DE_time,192000,3,144000,0.0008739036645748459,0.25881491774921234,0.25881639313835303,1.932068702818421,3.7500701538461536,0.031163674549162853,11.08587778174439,7.465016722407333,11.136029683356641,1.491762188541012,14.070631098326226,2507.8125,2731.4787927028838,3375.0,0.7073237266671196,0.0071914878794032255,0.028974253312087632,0.7826228079256446,0.17866192546044815
source,source_48khz_de,OR007@12_3.mat,source_domain\cwru_48khz_de\OR007@12_3.mat,OR,48000,1723.0,X164_DE_time,192000,0,0,0.00010917458092099608,0.24319310124689558,0.24319312575229576,2.060541426157844,4.08468923076923,0.021345903169836426,10.836613645073118,8.472860488039183,12.270319184647448,1.4481908679977133,15.280609330529485,2671.875,2665.3548293683602,3386.71875,0.7206962430079245,0.009483663602407997,0.0634981354623194,0.7550733117342942,0.16892618234589032
source,source_48khz_de,OR007@12_3.mat,source_domain\cwru_48khz_de\OR007@12_3.mat,OR,48000,1723.0,X164_DE_time,192000,1,48000,-0.001534210496002081,0.24038286757140837,0.24038776346498858,1.862262266149848,3.6701704615384614,0.0352487141135326,10.066176494440107,7.746909573512179,11.2317888662386,1.4498412250215251,14.015970525852271,2578.125,2652.223973639049,3386.71875,0.7196835494138989,0.009606916419193635,0.07018770703139023,0.7541943485012345,0.1632017844560151
source,source_48khz_de,OR007@12_3.mat,source_domain\cwru_48khz_de\OR007@12_3.mat,OR,48000,1723.0,X164_DE_time,192000,2,96000,-0.0005795169575405424,0.24312217253486512,0.24312286321524104,1.8376456507652328,3.609254769230769,0.01510520935003904,10.072108709537888,7.558506125072958,10.930729622905304,1.4461494694832753,13.643968635541942,2578.125,2667.4142117508923,3386.71875,0.7211507543451872,0.008814947263498903,0.06496970811425973,0.7565767766321154,0.16688640511681874
source,source_48khz_de,OR007@12_3.mat,source_domain\cwru_48khz_de\OR007@12_3.mat,OR,48000,1723.0,X164_DE_time,192000,3,144000,0.000972333773228688,0.24026744488097185,0.24026941233248436,1.8949008107732288,3.783448615384615,0.01698551667275007,10.407285782740166,7.886566968179795,11.407973577386453,1.4465069051422652,14.209982825005808,2578.125,2665.996266351644,3386.71875,0.7285522602989428,0.009797523445960889,0.06612189281455529,0.7505810220783982,0.17102422212139134
source,source_48khz_de,OR007@3_0.mat,source_domain\cwru_48khz_de\OR007@3_0.mat,OR,48000,1797.0,X148_DE_time,124602,0,0,0.008933349779322607,0.40619977617014147,0.40629799765560354,1.9518746248745236,3.843112615384615,0.07380751053940736,4.2169771506046665,4.804046872326002,6.364176756498482,1.3247532602448233,7.717788762939038,2871.09375,2903.8374711738234,3503.90625,0.7129605122880162,0.003943209624569052,0.02146622679744918,0.6605333928513851,0.30842561753749165
source,source_48khz_de,OR007@3_0.mat,source_domain\cwru_48khz_de\OR007@3_0.mat,OR,48000,1797.0,X148_DE_time,124602,1,48000,-0.002232606143754314,0.3945851995408894,0.3945915156550082,1.8469410864129852,3.6107150769230767,0.07859796069572655,4.063725424588441,4.6806406451554,6.171160065849448,1.3184434639777656,7.4766802142584465,2800.78125,2904.3007597897945,3515.625,0.7108620774157977,0.003766818180695708,0.021905528453636282,0.6614855051083594,0.3066873834142887
source,source_48khz_de,OR007@3_1.mat,source_domain\cwru_48khz_de\OR007@3_1.mat,OR,48000,1773.0,X149_DE_time,192000,0,0,0.00048333360528854413,0.4562521945721226,0.45625245058328395,2.151137436317788,4.161668307692308,0.04755713375955325,3.977437029627446,4.714796454381797,6.173653915709585,1.3094210906938382,7.457539703957954,2871.09375,2942.895884718663,3457.03125,0.6697422153037267,0.0037132428693642263,0.019921281903368483,0.6019701794714115,0.36966353070077934
source,source_48khz_de,OR007@3_1.mat,source_domain\cwru_48khz_de\OR007@3_1.mat,OR,48000,1773.0,X149_DE_time,192000,1,48000,-0.0016137464716345325,0.4557112503137722,0.45571410757207875,2.1033645132408654,4.198801846153846,0.057081611740874526,4.11630480460149,4.615535218873092,6.080236462631801,1.3173415810491818,7.361879753027984,2871.09375,2941.15637180674,3457.03125,0.6756635223540042,0.003657858809631917,0.02074185523886014,0.6006699036931912,0.37028930950853556
source,source_48khz_de,OR007@3_1.mat,source_domain\cwru_48khz_de\OR007@3_1.mat,OR,48000,1773.0,X149_DE_time,192000,2,96000,-0.0007053525100960707,0.45513015279054825,0.4551306993615255,2.169287179066827,4.233223384615384,0.06069882653816463,4.171872013278621,4.766295005160536,6.28318999558119,1.3182545328739588,7.613179448500132,2871.09375,2938.614038940161,3457.03125,0.6706055916475263,0.003788931278425374,0.019904231482577105,0.6113804032758847,0.358629498054969
source,source_48khz_de,OR007@3_1.mat,source_domain\cwru_48khz_de\OR007@3_1.mat,OR,48000,1773.0,X149_DE_time,192000,3,144000,-0.00017718616394222443,0.45573879172721427,0.4557388261712161,2.1190108713745195,4.215491076923077,0.0576479625113406,4.1391248904638696,4.649616731521972,6.125322780602984,1.3173822992899726,7.419891792965802,2871.09375,2943.4807973188585,3457.03125,0.6779355279171712,0.0038673787450291598,0.020212705888884925,0.5968046617852302,0.3713984276828898
source,source_48khz_de,OR007@3_2.mat,source_domain\cwru_48khz_de\OR007@3_2.mat,OR,48000,1750.0,X150_DE_time,192000,0,0,-1.2999386667219336e-05,0.4442494161285068,0.44424941631869735,2.030932436767179,3.9755833846153843,0.06152832820021536,4.370020378042653,4.571604063303145,6.152656354663476,1.3458419122595922,7.571450493138322,2835.9375,2877.917802524976,3433.59375,0.6935857584493034,0.0032709754181600853,0.0267624905797605,0.6590420227709601,0.3082020535310978
source,source_48khz_de,OR007@3_2.mat,source_domain\cwru_48khz_de\OR007@3_2.mat,OR,48000,1750.0,X150_DE_time,192000,1,48000,6.6973825635495516e-06,0.4499118297159023,0.4499118297657509,2.050125052151794,4.008336,0.055443696686789556,4.316435703162904,4.556726266154518,6.124596957515313,1.3440783140722492,7.527415357815796,2566.40625,2887.5250672462284,3433.59375,0.699933569454626,0.003358735704582172,0.025453203957197027,0.6488167529477714,0.31909471524223487
source,source_48khz_de,OR007@3_2.mat,source_domain\cwru_48khz_de\OR007@3_2.mat,OR,48000,1750.0,X150_DE_time,192000,2,96000,0.0012346249210250877,0.4426790947049935,0.44268081637623313,2.014745717078975,4.008961846153846,0.06843769030374225,4.330513422544369,4.551237918026466,6.110534253246456,1.3426092775836114,7.501050473437415,2566.40625,2883.4569124879936,3433.59375,0.706815858163792,0.0034208576500434702,0.0265484657494847,0.652771793555209,0.31432106984319536
source,source_48khz_de,OR007@3_2.mat,source_domain\cwru_48khz_de\OR007@3_2.mat,OR,48000,1750.0,X150_DE_time,192000,3,144000,0.0007841373825635495,0.4405256192005191,0.44052631708382134,1.9714770521517944,3.8362283076923074,0.06563360638254373,4.3905363799802295,4.47527644931187,6.033368519696692,1.3481554911788078,7.438259155123653,2835.9375,2882.9218142893897,3445.3125,0.6998436839780875,0.0035705816769565097,0.027007256681653977,0.6528997288968877,0.31385806734291466
source,source_48khz_de,OR007@3_3.mat,source_domain\cwru_48khz_de\OR007@3_3.mat,OR,48000,1724.0,X151_DE_time,192000,0,0,0.0016798120255039181,0.4439134125078381,0.4439165907834433,1.86026527467935,3.7087643076923076,0.05236762351083449,4.026184370320315,4.190573890000557,5.515756192383141,1.3162293130142093,6.684976057994523,3363.28125,2921.20681725296,3445.3125,0.7024572269291337,0.0032245424079018364,0.02662544368596314,0.5992667664393165,0.3638408543198994
source,source_48khz_de,OR007@3_3.mat,source_domain\cwru_48khz_de\OR007@3_3.mat,OR,48000,1724.0,X151_DE_time,192000,1,48000,-0.0003419926668037742,0.4454416377168403,0.44544176900111754,2.027157582371658,3.9853883076923076,0.04085619683124384,4.067182020327503,4.550892447542388,5.990543156832407,1.3163447007089835,7.255580118322215,3363.28125,2917.934558048121,3445.3125,0.7055891720466206,0.003216388288279282,0.0265354776098354,0.5985738637277515,0.36411561578982865
source,source_48khz_de,OR007@3_3.mat,source_domain\cwru_48khz_de\OR007@3_3.mat,OR,48000,1724.0,X151_DE_time,192000,2,96000,-0.0020204946668037744,0.44124391792914686,0.441248543916195,1.9732510330129576,3.918214153846154,0.04948139819640257,4.180605468820045,4.471971772406028,5.903856358386451,1.3201908819734467,7.152340983988659,3363.28125,2913.436940907475,3445.3125,0.7081423382698906,0.003219382173492102,0.026805732491994,0.6084060953447761,0.3530150072788779
source,source_48khz_de,OR007@3_3.mat,source_domain\cwru_48khz_de\OR007@3_3.mat,OR,48000,1724.0,X151_DE_time,192000,3,144000,0.0010337649485808408,0.4471465666085175,0.447147761595375,2.1552474285255037,4.117441846153845,0.04744139334987022,4.190978865925567,4.819989304723327,6.366088799011466,1.3207682416968867,7.719400321764661,3363.28125,2917.4899393701903,3445.3125,0.7067080170819099,0.0031153810203028835,0.026822878582521432,0.6013477663626063,0.36023811593782257
source,source_48khz_de,OR007@6_0.mat,source_domain\cwru_48khz_de\OR007@6_0.mat,OR,48000,1796.0,X135_DE_time,192000,0,0,-0.0014091686122669953,1.2880644167731106,1.2880651876024098,6.52853247341551,12.690271999999998,0.08275526761461391,6.784210116493833,5.0684798690682555,8.060758814092935,1.5903700956335247,11.308003793710595,3445.3125,3243.9496694682866,3550.78125,0.6273038399306844,0.0004100365511333007,0.0014200488926872454,0.23634517486511247,0.7595433213280056
source,source_48khz_de,OR007@6_0.mat,source_domain\cwru_48khz_de\OR007@6_0.mat,OR,48000,1796.0,X135_DE_time,192000,1,48000,-0.00222585516782255,1.2547830033414802,1.2547849775582642,6.0210551400821775,11.771304,0.0735305648318271,6.541026180851027,4.7984756334858165,7.588578829272629,1.5814561558487927,10.621894674485516,3445.3125,3244.632788338133,3550.78125,0.6385118648242202,0.0003596849706857193,0.0014872891672264316,0.23535479176609375,0.7607378466983218
source,source_48khz_de,OR007@6_0.mat,source_domain\cwru_48khz_de\OR007@6_0.mat,OR,48000,1796.0,X135_DE_time,192000,2,96000,0.0009914370543996716,1.1942616064235316,1.1942620179528225,5.802415526584489,11.547196,0.07268408010332761,6.7538709830116055,4.858578301373096,7.7298601704314445,1.5909716157585472,10.839398051598597,3445.3125,3245.670592804513,3550.78125,0.6388362474111722,0.0004998551728870665,0.001536184247203061,0.2319443354626598,0.7635214180619088
source,source_48khz_de,OR007@6_0.mat,source_domain\cwru_48khz_de\OR007@6_0.mat,OR,48000,1796.0,X135_DE_time,192000,3,144000,0.0018587687488441154,1.2610386746151736,1.2610400445253338,6.162531140082177,12.055090666666667,0.07742965272802435,6.787947545184407,4.886863955535147,7.810266029216577,1.5982163817685207,11.028014277666077,3445.3125,3245.2775884160505,3550.78125,0.6394424986168973,0.0004241608862653255,0.0015604227943432172,0.23205842478287272,0.762876314231264
source,source_48khz_de,OR007@6_1.mat,source_domain\cwru_48khz_de\OR007@6_1.mat,OR,48000,1774.0,X136_DE_time,192000,0,0,-0.0018157360431604248,1.051201868772314,1.0512034369273073,5.264650830401284,10.438341333333334,0.07065194529223882,6.897399812896262,5.008213106480108,7.88262093705386,1.5739388020144485,10.797437955458035,3398.4375,3210.0802471208494,3515.625,0.6184818815713486,0.0005403049034365736,0.0017470454636702947,0.29238350798853224,0.7025698227872125
source,source_48khz_de,OR007@6_1.mat,source_domain\cwru_48khz_de\OR007@6_1.mat,OR,48000,1774.0,X136_DE_time,192000,1,48000,-0.0009706447376048685,1.0628163108378403,1.062816754071069,5.189948163734618,10.317314666666666,0.07164409673197976,6.849364681539915,4.883201308080518,7.671935600346987,1.5710873085745138,10.499550222441902,3398.4375,3207.4387067801754,3515.625,0.6129141983063836,0.0005695951817053257,0.0017425983612039655,0.2957968543456964,0.6995145155691282
source,source_48khz_de,OR007@6_1.mat,source_domain\cwru_48khz_de\OR007@6_1.mat,OR,48000,1774.0,X136_DE_time,192000,2,96000,-0.0005464514876048677,1.0636511276906095,1.0636512680605112,5.263834502932049,10.500524,0.07746396554229339,6.9169011949504755,4.948834886950597,7.754273515583496,1.566888710719197,10.552942284586953,3398.4375,3207.676783038898,3515.625,0.5975787216873069,0.0005355885111072333,0.0017782950098799257,0.29957684306444293,0.6946081652835712
source,source_48khz_de,OR007@6_1.mat,source_domain\cwru_48khz_de\OR007@6_1.mat,OR,48000,1774.0,X136_DE_time,192000,3,144000,-0.0007430241820493133,1.0579310945776177,1.0579313555042837,5.179115836265382,10.289353333333333,0.07124975963273453,6.935536142664811,4.895512179797109,7.684124724585891,1.5696263112753792,10.480223693067266,3398.4375,3210.048548488935,3515.625,0.5986775338516301,0.000546365044988717,0.0017019448274853278,0.29692487711018994,0.6985828471536543
source,source_48khz_de,OR007@6_2.mat,source_domain\cwru_48khz_de\OR007@6_2.mat,OR,48000,1750.0,X137_DE_time,192000,0,0,0.0003226840759148729,1.024893302948073,1.0248933537460487,4.966963863937026,9.83446,0.07538744444944531,6.953253332780232,4.846322640085057,7.701800893018525,1.5892051489324361,10.755092199579366,3363.28125,3192.3763163834597,3503.90625,0.6389354964079991,0.0006413037478074701,0.0022382794018021325,0.2937418836394685,0.7014511207744183
source,source_48khz_de,OR007@6_2.mat,source_domain\cwru_48khz_de\OR007@6_2.mat,OR,48000,1750.0,X137_DE_time,192000,1,48000,0.00016778385369265052,1.0235025588525448,1.0235025726050366,5.45691319727036,10.56062,0.09352437890357489,7.038344400128244,5.331606723152632,8.495769563663844,1.5934726630834295,11.878655041611996,3363.28125,3192.9253793272037,3503.90625,0.6508231511340957,0.000644438604536732,0.002221107849773679,0.29315771393339213,0.7017840527992351
source,source_48khz_de,OR007@6_2.mat,source_domain\cwru_48khz_de\OR007@6_2.mat,OR,48000,1750.0,X137_DE_time,192000,2,96000,-0.002220345285196238,1.0203502463168272,1.0203526621183459,4.968215863937027,9.871185333333333,0.07855161573478509,6.918835657631506,4.8691163833665945,7.753830761147142,1.5924513095697264,10.876363436954849,3375.0,3195.411088966597,3503.90625,0.6582687172576884,0.0006059264070105479,0.0021449147454298875,0.29229220986091425,0.7026256863313467
source,source_48khz_de,OR007@6_2.mat,source_domain\cwru_48khz_de\OR007@6_2.mat,OR,48000,1750.0,X137_DE_time,192000,3,144000,0.0005973763536926505,1.0170638315326386,1.017064006968273,4.875985197270359,9.733465333333333,0.07193912774217123,6.914238160324997,4.794177322035219,7.590468546167226,1.5832682098077808,10.550374704107382,3363.28125,3191.285246312481,3503.90625,0.6551783996082731,0.000667785204573152,0.002301485136917189,0.29878770149017303,0.6951421398554521
source,source_48khz_de,OR007@6_3.mat,source_domain\cwru_48khz_de\OR007@6_3.mat,OR,48000,1725.0,X138_DE_time,192000,0,0,-5.157243359278167e-05,1.001938331739747,1.0019383330670324,5.262557636850259,10.424986666666666,0.07281297002548852,7.308860497547391,5.2523767812493976,8.371087553045964,1.5937713347073237,11.602326583022686,3410.15625,3177.055025933891,3515.625,0.6461510552299606,0.0005483714373757593,0.00343077979600999,0.3053177761400104,0.6775350610606075
source,source_48khz_de,OR007@6_3.mat,source_domain\cwru_48khz_de\OR007@6_3.mat,OR,48000,1725.0,X138_DE_time,192000,1,48000,-0.001291626266926114,0.9907159735864831,0.9907168155521671,5.086891696483074,10.057316,0.08892689664783607,7.483562355428791,5.134556733694691,8.238525681486855,1.604525202227207,11.470884647240188,3410.15625,3175.2403734589393,3515.625,0.6490552700764038,0.0006323333569071806,0.003626321656327094,0.3083828130262859,0.6746859136112529
source,source_48khz_de,OR007@6_3.mat,source_domain\cwru_48khz_de\OR007@6_3.mat,OR,48000,1725.0,X138_DE_time,192000,2,96000,0.0007019315941849964,0.9994071530729378,0.9994073995730258,5.036394363149741,10.033110666666666,0.08405269325327075,7.394733531963355,5.03938070230057,8.058543568562897,1.5991138682727344,11.193065000644216,3410.15625,3178.1361676626043,3515.625,0.6449988899629422,0.0005989286734801554,0.0034987477820815115,0.3043199664831587,0.6782603986710787
source,source_48khz_de,OR007@6_3.mat,source_domain\cwru_48khz_de\OR007@6_3.mat,OR,48000,1725.0,X138_DE_time,192000,3,144000,0.001060020983073886,1.0016203934264445,1.0016209543396295,5.060985636850259,10.079434666666668,0.07065662180911482,7.375396397615393,5.052795286398459,8.075942577337146,1.5983118491003558,11.204774240266927,3410.15625,3177.4584129326067,3515.625,0.6445133631452067,0.0005949150705229779,0.0035906720412703153,0.30489912274375225,0.6776470866108214
source,source_48khz_de,OR014@6_0.mat,source_domain\cwru_48khz_de\OR014@6_0.mat,OR,48000,1796.0,X201_DE_time,192000,0,0,0.07694198149794151,0.13834631793117616,0.15830278646297935,0.6587057618440955,1.1513483076923077,-0.0004382987658624169,3.225264913367196,4.161049698224859,5.211030589317037,1.2523355804923915,6.142261762099909,2648.4375,2641.8154439265854,3421.875,0.7359556213954287,0.022916267112644953,0.07207040015570992,0.7139821108435399,0.18468463095694337
source,source_48khz_de,OR014@6_0.mat,source_domain\cwru_48khz_de\OR014@6_0.mat,OR,48000,1796.0,X201_DE_time,192000,1,48000,0.035541958536403045,0.13539590586055936,0.13998314948737525,0.6115586849210184,1.1342418461538462,-0.012703647578868441,3.166055010666608,4.368802153374928,5.493987796680469,1.2575501484765288,6.489792839629709,2765.625,2667.0391239247274,3445.3125,0.7383716189661869,0.023718496922641958,0.06933249279736797,0.6904215003657418,0.21148972915832664
source,source_48khz_de,OR014@6_0.mat,source_domain\cwru_48khz_de\OR014@6_0.mat,OR,48000,1796.0,X201_DE_time,192000,2,96000,-0.003965010194366185,0.15794134149331138,0.15799110309934616,1.115782069536403,2.2221710769230767,0.01649691403592499,5.872876399098192,7.062309507565924,9.328029876128914,1.3208186169236364,11.225011984160776,2917.96875,2725.3094415412693,3421.875,0.7161751006037775,0.01526475920255632,0.047047102836105095,0.7525594391373052,0.18000483763389738
source,source_48khz_de,OR014@6_0.mat,source_domain\cwru_48khz_de\OR014@6_0.mat,OR,48000,1796.0,X201_DE_time,192000,3,144000,-0.03902149130975081,0.13941211636782225,0.14477021438884508,0.9000683920020585,1.7494486153846154,-0.002256882125055856,3.560738815126158,6.217220826780745,7.8570036163157795,1.2637485196628981,9.300435554220948,2765.625,2679.2492589560047,3433.59375,0.7367722192976475,0.02175553658265792,0.062088869071800064,0.702205874454069,0.20938665697036435
source,source_48khz_de,OR014@6_1.mat,source_domain\cwru_48khz_de\OR014@6_1.mat,OR,48000,1772.0,X202_DE_time,192000,0,0,0.0007630550546746199,0.1328660196714379,0.13286821078176442,0.6131600254837869,1.2060055384615382,-0.03372712215535918,3.1302990935244694,4.6147985426422675,5.812838976067798,1.259608392936656,6.878763970076737,2871.09375,2791.666390666531,3468.75,0.7324698084050735,0.025419467815903048,0.03813700360378894,0.5865785538834041,0.3333576368280163
source,source_48khz_de,OR014@6_1.mat,source_domain\cwru_48khz_de\OR014@6_1.mat,OR,48000,1772.0,X202_DE_time,192000,1,48000,0.0016814929777515433,0.1376302270716212,0.13764049848217,0.623511974516213,1.1920283076923077,0.010048199214514397,3.071054894637699,4.530003751711586,5.689750910672874,1.2560146133392844,6.724503664421681,2871.09375,2805.9304433806246,3445.3125,0.7281176630602175,0.023631884149053213,0.03533587547788116,0.6080805177292703,0.31725109239424837
source,source_48khz_de,OR014@6_1.mat,source_domain\cwru_48khz_de\OR014@6_1.mat,OR,48000,1772.0,X202_DE_time,192000,2,96000,0.002036882323905389,0.13591249146861337,0.13592775370323507,0.5989741793299408,1.1909852307692308,0.002496037808324289,3.1797450566947245,4.40656277328946,5.561301271313189,1.2620497102599568,6.5843963280156705,3035.15625,2798.1979964723587,3457.03125,0.7308262418252589,0.024743903749728458,0.03887887866162132,0.5607798337452026,0.35536951954649537
source,source_48khz_de,OR014@6_1.mat,source_domain\cwru_48khz_de\OR014@6_1.mat,OR,48000,1772.0,X202_DE_time,192000,3,144000,-0.00329240194532538,0.1336654789166311,0.13370602142230523,0.5695594100991715,1.1012806153846153,-0.02019359961807919,3.0560638206499404,4.259788781658386,5.3584566036403904,1.257916032520796,6.3373692700400195,2871.09375,2801.5662217931667,3457.03125,0.7320678411563751,0.025066908179228797,0.03699943197681804,0.5860897088550621,0.332166033334828
source,source_48khz_de,OR014@6_2.mat,source_domain\cwru_48khz_de\OR014@6_2.mat,OR,48000,1749.0,X203_DE_time,192000,0,0,-0.00038483350417827124,0.18153668044943574,0.18153708834677967,1.8891098277265908,3.763838769230769,-0.02274756829750881,14.92958883068046,10.406192172188685,14.701325312372015,1.4127478206275497,17.942412409342115,2882.8125,2831.5276598219057,3457.03125,0.7066999412054014,0.01220906029018139,0.026147367604030754,0.6892292413429159,0.25972692390539037
source,source_48khz_de,OR014@6_2.mat,source_domain\cwru_48khz_de\OR014@6_2.mat,OR,48000,1749.0,X203_DE_time,192000,1,48000,-1.926546571673245e-05,0.14499587085780374,0.14499587213769596,0.633453827726591,1.2445993846153844,-0.010075783258557586,3.2144238297485583,4.3687714579947485,5.516143319561366,1.2626303235498644,6.531717009742723,2941.40625,2793.409261952598,3457.03125,0.7140764388085968,0.020111247129314964,0.03930531544873464,0.624208911172818,0.2952343996973275
source,source_48khz_de,OR014@6_2.mat,source_domain\cwru_48khz_de\OR014@6_2.mat,OR,48000,1749.0,X203_DE_time,192000,2,96000,0.001184054149667883,0.1402608186837835,0.14026581637047045,0.6134403261195629,1.2201913846153847,0.012714831682633947,3.0971777461556544,4.373412867002244,5.495363973657735,1.2565390327269408,6.4909735900296255,2941.40625,2788.9064265534275,3445.3125,0.7152013779439036,0.020784066221655424,0.0442490864276525,0.6141216147914955,0.30692871928067683
source,source_48khz_de,OR014@6_2.mat,source_domain\cwru_48khz_de\OR014@6_2.mat,OR,48000,1749.0,X203_DE_time,192000,3,144000,0.0008088202650524982,0.14347580748721483,0.1434780872618864,0.5840255568887937,1.132990153846154,-0.011769108917056171,3.053505973313731,4.070486079304348,5.117395186491845,1.2571951080915496,6.049842976679862,2941.40625,2791.2116406670198,3457.03125,0.7129558444981043,0.019702771311486133,0.0422853118687447,0.6125505833602708,0.30328712166584104
source,source_48khz_de,OR014@6_3.mat,source_domain\cwru_48khz_de\OR014@6_3.mat,OR,48000,1723.0,X204_DE_time,192000,0,0,0.0003555265967929098,0.15181131785552288,0.15181173415843593,0.6858107407121775,1.3660135384615384,0.01110103564141815,2.959833679934773,4.517508112988976,5.645450507441054,1.2496824280562489,6.657742978251452,2906.25,2739.0537451903165,3421.875,0.706057324357051,0.01623685256335231,0.07236875232243803,0.6612061125015586,0.23506957494396127
source,source_48khz_de,OR014@6_3.mat,source_domain\cwru_48khz_de\OR014@6_3.mat,OR,48000,1723.0,X204_DE_time,192000,1,48000,-0.000847580057053244,0.154431125208697,0.15443345112111354,0.6630963362108994,1.2531526153846153,0.01384246894297346,3.0565605651834598,4.2937351421783365,5.394170259669473,1.2562885415652176,6.376190372956494,2906.25,2738.6762950827256,3421.875,0.6930287617321584,0.014923006325825397,0.07167348287868908,0.6824959964608773,0.2180866009431059
source,source_48khz_de,OR014@6_3.mat,source_domain\cwru_48khz_de\OR014@6_3.mat,OR,48000,1723.0,X204_DE_time,192000,2,96000,-0.001521181749360936,0.15181287787930892,0.15182049889231872,0.684583720826284,1.3324264615384616,0.003604298591137197,3.052127993670621,4.509165269620985,5.66920160653033,1.2572618805275038,6.705177031813866,2906.25,2744.3792431139755,3421.875,0.6980944645018963,0.01579577346645746,0.07216546458736768,0.6562825785085956,0.23551555852233716
source,source_48khz_de,OR014@6_3.mat,source_domain\cwru_48khz_de\OR014@6_3.mat,OR,48000,1723.0,X204_DE_time,192000,3,144000,-0.0017515670185917053,0.15058896514061798,0.15059915142238642,0.6382464330198697,1.2504406153846153,0.011002019463982368,2.9583744959439042,4.238048003507919,5.296808581129139,1.2498226958990766,6.243027790488194,2906.25,2729.7546776669465,3421.875,0.6990216249897229,0.016669133222519852,0.0767971410678629,0.6671469174364688,0.22284010953890293
source,source_48khz_de,OR021@12_0.mat,source_domain\cwru_48khz_de\OR021@12_0.mat,OR,48000,1796.0,X262_DE_time,130549,0,0,0.006933095684307954,0.6296316453012193,0.6296698155227771,5.6768949002954185,11.000906666666666,0.13210936127098133,24.99672726099476,9.015669419651658,20.038998901636106,2.2226856341831724,31.92018738065367,2765.625,2721.2158883632496,2929.6875,0.6107400456887325,0.003371284771883072,0.01893503636157098,0.9364376846297585,0.03982959249568373
source,source_48khz_de,OR021@12_0.mat,source_domain\cwru_48khz_de\OR021@12_0.mat,OR,48000,1796.0,X262_DE_time,130549,1,48000,-0.0006890977045809335,0.588406375002167,0.5884067785119724,5.354713566962086,10.525981333333334,0.15745608419438029,25.260209571615253,9.10036009526364,19.97695072966361,2.195182445585514,31.251101808986743,2765.625,2724.0336659677387,2941.40625,0.6137259725008767,0.003336197285025136,0.019960267779626447,0.9308936732024043,0.04433876196661172
source,source_48khz_de,OR021@12_1.mat,source_domain\cwru_48khz_de\OR021@12_1.mat,OR,48000,1771.0,X263_DE_time,192000,0,0,-0.002801621089624895,0.5222881798399824,0.5222956939141771,4.945561984632598,9.371637333333334,0.16780066309032146,22.290731019701873,9.468892893908825,19.309002549199132,2.039203818810044,29.088091606540274,2765.625,2708.8163716989125,3035.15625,0.6215292077804034,0.00564274212570972,0.029551813301632215,0.9075419906548305,0.055481630051053256
source,source_48khz_de,OR021@12_1.mat,source_domain\cwru_48khz_de\OR021@12_1.mat,OR,48000,1771.0,X263_DE_time,192000,1,48000,-0.0008682374785137838,0.5762831529917969,0.5762838070417092,5.045721984632598,9.801490666666666,0.1418496721708124,22.55488588579297,8.755619927142344,18.61877639729588,2.1264943604444877,28.891782180480575,2765.625,2713.732452163124,3023.4375,0.6221604644693757,0.005150455212695288,0.026712655532112134,0.912400690629401,0.05387507702778612
source,source_48khz_de,OR021@12_1.mat,source_domain\cwru_48khz_de\OR021@12_1.mat,OR,48000,1771.0,X263_DE_time,192000,2,96000,-0.0008337379229582283,0.5184668271055464,0.5184674974651898,5.0240206512992645,9.588650666666666,0.1524056521329319,23.215175807184334,9.690136172184815,20.026142290936633,2.066652308600402,30.208715517404926,2753.90625,2713.190990235247,3011.71875,0.6210028643523535,0.0058692459967523165,0.029687696668830397,0.909664892461905,0.05252703698347389
source,source_48khz_de,OR021@12_1.mat,source_domain\cwru_48khz_de\OR021@12_1.mat,OR,48000,1771.0,X263_DE_time,192000,3,144000,0.0006435699103751049,0.5511230096537371,0.5511233854156641,5.145881984632598,9.850736000000001,0.16227199329422332,22.159546939050383,9.337077904509846,19.18529159370575,2.054742585408264,28.991538787152027,2753.90625,2710.926592794369,2988.28125,0.6157912115195171,0.0054008740190188325,0.028061119640941497,0.9167751324297855,0.047590279187440354
source,source_48khz_de,OR021@12_2.mat,source_domain\cwru_48khz_de\OR021@12_2.mat,OR,48000,1746.0,X264_DE_time,192000,0,0,-0.0003476239971090241,0.47950448115161404,0.4795046071592242,4.663919653725113,9.081173333333332,0.14945798064446977,21.261024830295064,9.72653773098511,18.935586939775234,1.9467962252810733,27.534767827118042,2777.34375,2697.566565057634,3269.53125,0.6422215935200984,0.008393668639630697,0.037138431351531415,0.8739847036135046,0.07827733274092175
source,source_48khz_de,OR021@12_2.mat,source_domain\cwru_48khz_de\OR021@12_2.mat,OR,48000,1746.0,X264_DE_time,192000,1,48000,0.0004744531140020869,0.4773157573814671,0.4773159931852283,4.514514320391779,8.804064,0.17275158472377533,21.907996145124592,9.45812498394624,18.442969879353146,1.9499604742608823,26.828319701597245,2765.625,2694.666148212804,3246.09375,0.637729910368076,0.008136246770447554,0.03800285721587507,0.8801094578863969,0.07127005802263632
source,source_48khz_de,OR021@12_2.mat,source_domain\cwru_48khz_de\OR021@12_2.mat,OR,48000,1746.0,X264_DE_time,192000,2,96000,0.000898707225113198,0.48363477732983606,0.4836356123338692,5.1822476537251125,9.822357333333333,0.1826967312964864,25.452042945537883,10.715190365545135,21.327492541169065,1.9903979130136462,31.22488387910017,2765.625,2701.15284945541,3257.8125,0.6367525695586218,0.006940182455028708,0.038099862550885974,0.8788920916692867,0.07335926547551713
source,source_48khz_de,OR021@12_2.mat,source_domain\cwru_48khz_de\OR021@12_2.mat,OR,48000,1746.0,X264_DE_time,192000,3,144000,0.0010541986695576425,0.46623302605442907,0.46623421787627817,4.50700232039178,8.591224,0.19303379790376304,21.348770125773648,9.666820125111688,18.85303493471945,1.9502829979947716,27.535716672537,2765.625,2697.395952479637,3117.1875,0.6336568418511507,0.00679063074969219,0.03870045724162847,0.8850590894344851,0.06689077728850366
source,source_48khz_de,OR021@12_3.mat,source_domain\cwru_48khz_de\OR021@12_3.mat,OR,48000,1718.0,X265_DE_time,192000,0,0,-0.0015684383324832342,0.4355570670419258,0.4355598910011888,3.9381123158324827,7.77492,0.12882116425980047,21.34225940698533,9.041494401082703,17.0398712660213,1.8846299638189992,24.15609437865287,2765.625,2662.537886117273,3269.53125,0.6479470871512434,0.00775124630759609,0.050880203220148176,0.8685948863281048,0.07029539556877429
source,source_48khz_de,OR021@12_3.mat,source_domain\cwru_48khz_de\OR021@12_3.mat,OR,48000,1718.0,X265_DE_time,192000,1,48000,-0.00018887344359434614,0.43497968355970856,0.4349797245652743,4.103376315832484,8.170552,0.158609801829707,21.792334589241655,9.43348869863769,18.210780887008752,1.9304396781221294,26.241438848704238,2765.625,2665.482838391961,3292.96875,0.6597333642709433,0.008468063130880457,0.05255210527214946,0.8517312485954239,0.0842206943595137
source,source_48khz_de,OR021@12_3.mat,source_domain\cwru_48khz_de\OR021@12_3.mat,OR,48000,1718.0,X265_DE_time,192000,2,96000,0.0010204368341834317,0.3987525664286218,0.3987538721125414,3.9870476841675164,7.623845333333333,0.17823382168987373,21.35450087605532,9.998768571286107,18.740843202525678,1.8743151287947166,26.459262302603197,2753.90625,2653.809691555244,3246.09375,0.6492079318396506,0.008344603189926213,0.054246891509145266,0.8653761175672139,0.06908567924753184
source,source_48khz_de,OR021@12_3.mat,source_domain\cwru_48khz_de\OR021@12_3.mat,OR,48000,1718.0,X265_DE_time,192000,3,144000,0.0004412303341834316,0.40185442645900704,0.401854668691189,3.6147863508341835,7.162274666666667,0.17604086796141732,19.06189379209237,8.995257819445722,16.686866687705592,1.8550737535939013,23.686193837634704,2777.34375,2651.9366684841348,3281.25,0.6572151802684805,0.008867204417312893,0.05773149729179798,0.8517451553196349,0.0783399943807122
source,source_48khz_de,OR021@3_0.mat,source_domain\cwru_48khz_de\OR021@3_0.mat,OR,48000,1796.0,X250_DE_time,128663,0,0,-0.0005616853897777272,0.4138843337536745,0.413884714887129,2.9786059150286666,5.445782666666666,-0.2510124152314168,8.112743753447385,7.196704318577624,10.377114146610035,1.4419258715127987,13.076853284457162,3058.59375,2598.5216282102742,3398.4375,0.8187913937277795,0.017694949766509805,0.09398408701113595,0.5440387848867966,0.3346463351265834
source,source_48khz_de,OR021@3_0.mat,source_domain\cwru_48khz_de\OR021@3_0.mat,OR,48000,1796.0,X250_DE_time,128663,1,48000,-0.0001835205286666157,0.41342994417841983,0.413429984910572,3.255715248362,5.935732,-0.2265776155585826,8.45629666546573,7.874889019136726,11.358079422159301,1.4423161259200759,14.305673896753532,3058.59375,2603.648070254385,3363.28125,0.8165937124307294,0.018554710272944062,0.09196305056776768,0.5331975156907134,0.34611491646245285
source,source_48khz_de,OR021@3_1.mat,source_domain\cwru_48khz_de\OR021@3_1.mat,OR,48000,1770.0,X251_DE_time,192000,0,0,-0.00014314700846599618,0.7720223238701294,0.7720223371411614,5.026593331952911,9.778954666666667,0.10641948271952409,7.083439813547799,6.510942870591199,9.496629315973697,1.4585643745786845,12.163152125444567,2964.84375,2621.563147603847,3316.40625,0.7892775108461563,0.018686670275955514,0.07926407873930792,0.6421466436656798,0.24812328636054964
source,source_48khz_de,OR021@3_1.mat,source_domain\cwru_48khz_de\OR021@3_1.mat,OR,48000,1770.0,X251_DE_time,192000,1,48000,-0.0007029475084659953,0.7532214185907213,0.75322174660522,5.821195998619577,10.808098666666666,0.059724264493673906,7.542244117341257,7.728396086342506,11.338486270510531,1.4671202334637927,14.539614399503737,2707.03125,2612.1485493432783,3304.6875,0.7870900279571053,0.019407760093179353,0.0805992437424939,0.6473785253891792,0.2441672031901714
source,source_48khz_de,OR021@3_1.mat,source_domain\cwru_48khz_de\OR021@3_1.mat,OR,48000,1770.0,X251_DE_time,192000,2,96000,-0.0006536673973548852,0.768970246655251,0.7689705244819882,5.23442533195291,9.713850666666666,-0.009436975952565978,7.517063334189659,6.80705588224235,9.998501139529742,1.4688436987273679,12.830684578825737,2859.375,2625.9222690761494,3292.96875,0.7867725196019824,0.018382773346706086,0.07876926833656453,0.6370564148274676,0.2570121980001243
source,source_48khz_de,OR021@3_1.mat,source_domain\cwru_48khz_de\OR021@3_1.mat,OR,48000,1770.0,X251_DE_time,192000,3,144000,0.00013601421375622656,0.7536169531397778,0.7536169654138292,5.458950665286244,10.329,0.05561011377674262,7.37042844851048,7.243667427631966,10.621233953559653,1.4662785197770678,13.627070239458726,2859.375,2628.6127603691234,3304.6875,0.7872217723718358,0.01973651593471531,0.07939232274389112,0.6262080623117828,0.26518116349065496
source,source_48khz_de,OR021@3_2.mat,source_domain\cwru_48khz_de\OR021@3_2.mat,OR,48000,1746.0,X252_DE_time,192000,0,0,-0.00018236083558844304,0.7138635602540332,0.7138635835466312,4.52817178605781,8.702234666666666,0.09018657865661811,6.689337586390164,6.343189217685702,9.251304301264945,1.4584626098584685,11.938288984951763,2929.6875,2615.2592317197095,3339.84375,0.7868160393070659,0.021684522177033157,0.07917303443533195,0.6304877312328768,0.25127262516796206
source,source_48khz_de,OR021@3_2.mat,source_domain\cwru_48khz_de\OR021@3_2.mat,OR,48000,1746.0,X252_DE_time,192000,1,48000,0.0013531128310782237,0.7309842651654506,0.7309855175267205,4.775233119391144,9.383322666666666,0.06098462122363037,7.476006955633081,6.5325960704960995,9.654621604546525,1.4779149820907456,12.536463335556956,2882.8125,2624.0948493252076,3339.84375,0.7869766539376609,0.01888695123835678,0.07893699746082188,0.6357654666688006,0.24791434177286548
source,source_48khz_de,OR021@3_2.mat,source_domain\cwru_48khz_de\OR021@3_2.mat,OR,48000,1746.0,X252_DE_time,192000,2,96000,0.00036029421996711217,0.7127179780199561,0.712718069088177,4.67590778605781,8.987690666666666,0.03123412439092178,7.516904340146763,6.560669623591021,9.692900731547722,1.4774255202060693,12.558167633577856,2718.75,2619.7458336551763,3339.84375,0.7865789880896885,0.020461320385680052,0.07782215189731179,0.6255566434094799,0.2617127210208256
source,source_48khz_de,OR021@3_2.mat,source_domain\cwru_48khz_de\OR021@3_2.mat,OR,48000,1746.0,X252_DE_time,192000,3,144000,-2.730411336622098e-05,0.7038242799014517,0.7038242804310686,5.060689119391144,9.791474666666666,0.0077062794652198105,7.544393535063065,7.190273566982447,10.452200343308471,1.4536582295407865,13.355036729586004,2871.09375,2606.1899779100086,3339.84375,0.791757577226819,0.022177861989412698,0.08245375819786972,0.6308023850140307,0.25117579116017497
source,source_48khz_de,OR021@3_3.mat,source_domain\cwru_48khz_de\OR021@3_3.mat,OR,48000,1719.0,X253_DE_time,192000,0,0,0.0005555647267361976,0.6683005622542216,0.6683007931773495,4.698794091939931,9.263965333333335,-0.09119585640534544,7.764484192958206,7.030956928231512,10.235132316697584,1.4557239393097376,13.059693726020676,2894.53125,2565.7047306831787,3339.84375,0.8009787567835719,0.021534857946015836,0.09890469236047056,0.6464220016286281,0.21780469051071974
source,source_48khz_de,OR021@3_3.mat,source_domain\cwru_48khz_de\OR021@3_3.mat,OR,48000,1719.0,X253_DE_time,192000,1,48000,-0.00033165116215269137,0.6784576838720103,0.6784577649326935,4.8690660919399305,9.253949333333333,-0.11317796459618788,7.611793088854275,7.176667942500135,10.409723869177219,1.4504954043527114,13.262880435962614,2894.53125,2572.7598129496932,3363.28125,0.8003613440965915,0.02073287316087212,0.09868971502036458,0.6410972334466633,0.21869909791495531
source,source_48khz_de,OR021@3_3.mat,source_domain\cwru_48khz_de\OR021@3_3.mat,OR,48000,1719.0,X253_DE_time,192000,2,96000,-0.0018497359399304687,0.6748201209121754,0.6748226560445124,4.66874609193993,8.898381333333333,-0.09266978616507945,7.282805671083709,6.918478581171189,10.047599182726506,1.452284496486902,12.850195684885875,2894.53125,2557.902570093718,3363.28125,0.8060741166907588,0.020574461831421698,0.105850000797544,0.6290100513160536,0.22402656838233606
source,source_48khz_de,OR021@3_3.mat,source_domain\cwru_48khz_de\OR021@3_3.mat,OR,48000,1719.0,X253_DE_time,192000,3,144000,0.0006613065600695311,0.6756266620216785,0.6756269856665894,4.281460758606597,8.245671999999999,-0.034177992806052375,6.835836342150546,6.337018575976611,9.173588095309979,1.4476189370934014,11.722843362651124,2917.96875,2576.7304448253517,3339.84375,0.7970498945505591,0.02030996875098486,0.09824511275655473,0.6448839383406998,0.2162316155832784
source,source_48khz_de,OR021@6_0.mat,source_domain\cwru_48khz_de\OR021@6_0.mat,OR,48000,1796.0,X238_DE_time,192000,0,0,0.0010187129706722186,0.6427158642265538,0.6427166715626743,6.224493282304006,11.959938666666666,-0.35447510480552585,19.014613929725822,9.684661309874459,18.65863249739008,1.9266169358278695,27.7619031256994,2789.0625,2768.5868179033973,3468.75,0.7428776255598776,0.010746313474133282,0.0696967783895768,0.5957968292284334,0.3190095569557162
source,source_48khz_de,OR021@6_0.mat,source_domain\cwru_48khz_de\OR021@6_0.mat,OR,48000,1796.0,X238_DE_time,192000,1,48000,0.0016027709706722187,0.6651509564283987,0.6651528874720443,6.2528719489706726,12.001672,-0.21884261020604767,19.751171546211694,9.400653694409579,18.2141002673113,1.9375355011870667,27.07344612916659,2789.0625,2759.6081320457192,3468.75,0.7381961969680083,0.010473399132582996,0.06564221528660337,0.6343831986828805,0.28360395182042175
source,source_48khz_de,OR021@6_0.mat,source_domain\cwru_48khz_de\OR021@6_0.mat,OR,48000,1796.0,X238_DE_time,192000,2,96000,-0.0003967947515500041,0.6980752642334639,0.6980753770050161,7.676813282304005,14.953053333333333,-0.10369519279620301,21.593806377245123,10.997112253449165,21.634032081163543,1.9672466355289948,32.428241764177606,2800.78125,2751.3457364557116,3457.03125,0.7317399311983462,0.009801435946606383,0.061624113936830004,0.6735967382381531,0.2491354547617225
source,source_48khz_de,OR021@6_0.mat,source_domain\cwru_48khz_de\OR021@6_0.mat,OR,48000,1796.0,X238_DE_time,192000,3,144000,-0.0025571729182166715,0.6671501648984257,0.6671550656761368,6.784554615637338,12.923978666666667,-0.1869198546198989,21.996576434267638,10.169381849407493,19.919897899968596,1.9588110855626244,29.625089757327906,2789.0625,2757.0189824827826,3445.3125,0.7363348828449008,0.010058689309376336,0.06468673675421521,0.6488181050861528,0.27055375657715197
source,source_48khz_de,OR021@6_1.mat,source_domain\cwru_48khz_de\OR021@6_1.mat,OR,48000,1771.0,X239_DE_time,192000,0,0,0.00011988890095693058,0.6454637185646019,0.6454637296987278,6.569273710123178,12.681925333333332,-0.2593908102165395,22.076127978078617,10.177603183341114,20.255477431113928,1.9902011373598332,30.68012404620528,2753.90625,2832.4360211123094,3492.1875,0.7423254278051847,0.007697921216615381,0.06086087705751104,0.5436640404477298,0.38480706460761094
source,source_48khz_de,OR021@6_1.mat,source_domain\cwru_48khz_de\OR021@6_1.mat,OR,48000,1771.0,X239_DE_time,192000,1,48000,0.0002114240120680418,0.6222530244174082,0.6222530603353627,6.653575043456511,12.821314666666666,-0.28616072191317204,20.567098579638404,10.69271566114899,20.8900102810167,1.9536674258425373,31.22362870845729,2800.78125,2799.661805905279,3480.46875,0.7417361690837055,0.007591449286425957,0.06404641198139646,0.5875906242722133,0.3373367176161718
source,source_48khz_de,OR021@6_1.mat,source_domain\cwru_48khz_de\OR021@6_1.mat,OR,48000,1771.0,X239_DE_time,192000,2,96000,-0.0006513778768208468,0.600070062404557,0.6000704159407854,5.500065710123178,10.750506666666666,-0.4494036814290907,19.33925606799941,9.165700497817504,17.75091298316151,1.9366673597243003,26.43529843919851,2753.90625,2753.551036894801,3445.3125,0.7374109022916392,0.009095519650868245,0.07290813734011227,0.6144930504464424,0.2993645716006119
source,source_48khz_de,OR021@6_1.mat,source_domain\cwru_48khz_de\OR021@6_1.mat,OR,48000,1771.0,X239_DE_time,192000,3,144000,-0.0009951388212652908,0.5868818661870011,0.5868827098836791,5.125240956543488,10.195453333333333,-0.30702203218495905,19.043172263915405,8.732990204381016,16.871823448314455,1.931964087148723,25.144167261385668,2800.78125,2750.015804987011,3445.3125,0.7352528985094332,0.00849925744757198,0.07218766233078791,0.6245901673904507,0.2902853422787229
source,source_48khz_de,OR021@6_2.mat,source_domain\cwru_48khz_de\OR021@6_2.mat,OR,48000,1747.0,X240_DE_time,192000,0,0,0.002646761150086208,0.6299488983322499,0.6299544585560141,6.978761182650087,13.516592,-0.30953964343298307,21.064509134313514,11.078199523558851,21.296835999863838,1.9224094993541392,31.432577864101365,2765.625,2848.4914154559356,3480.46875,0.7467238728107967,0.007418754051983779,0.06334959743002298,0.49328387769543325,0.43230105033637223
source,source_48khz_de,OR021@6_2.mat,source_domain\cwru_48khz_de\OR021@6_2.mat,OR,48000,1747.0,X240_DE_time,192000,1,48000,0.0012885324278639853,0.6118321513078205,0.6118335081456175,7.177411849316753,14.119221333333332,-0.41360375678604466,24.56799150942005,11.730988502180539,23.059676849213293,1.965706201560875,34.183486398176306,2765.625,2810.6380043011477,3468.75,0.7450768499229712,0.008166093593848945,0.06614310465709168,0.5457879236703131,0.376311622814541
source,source_48khz_de,OR021@6_2.mat,source_domain\cwru_48khz_de\OR021@6_2.mat,OR,48000,1747.0,X240_DE_time,192000,2,96000,-0.0009897771832471257,0.6031724823042545,0.6031732943922076,5.8125054840165795,11.570149333333333,-0.3062558853033181,19.636303499023672,9.636543159398265,18.52737641061103,1.9226164511608146,27.47237676044656,2765.625,2772.6520783110013,3457.03125,0.7426261299853745,0.008288541227851278,0.07635677351937964,0.5642629288636761,0.3470634172458638
source,source_48khz_de,OR021@6_2.mat,source_domain\cwru_48khz_de\OR021@6_2.mat,OR,48000,1747.0,X240_DE_time,192000,3,144000,-0.0009665108499137918,0.6053809661658568,0.605381737698726,5.590710515983419,10.953330666666666,-0.3649425882952466,20.033045852184145,9.235016796553012,17.992861148924415,1.9483300946036792,26.804694259123377,2765.625,2812.7637314873796,3480.46875,0.7460980213149999,0.007702817369250672,0.07095058558594762,0.5314721852215059,0.38714832482827793
source,source_48khz_de,OR021@6_3.mat,source_domain\cwru_48khz_de\OR021@6_3.mat,OR,48000,1719.0,X241_DE_time,192000,0,0,0.00014310316538887534,0.5603577986467105,0.5603578169194244,6.453662812998722,12.439037333333332,-0.4231056307618318,20.492708779446595,11.517038967112683,21.70034502127139,1.8841948076409898,31.44589609537372,3304.6875,2839.947499197992,3480.46875,0.7556441553387204,0.007756380786732486,0.0737664008504246,0.4633470391374246,0.45076833423301643
source,source_48khz_de,OR021@6_3.mat,source_domain\cwru_48khz_de\OR021@6_3.mat,OR,48000,1719.0,X241_DE_time,192000,1,48000,0.0020683139987222082,0.5681765689491408,0.5681803335435107,6.159860146332056,11.81888,-0.3202394432136635,18.12222761229572,10.841382185660423,20.32016427934831,1.8743149103432062,29.591506696653834,3292.96875,2837.0108848914147,3468.75,0.752029876117373,0.007844282350086424,0.07747295732557434,0.4464268916680715,0.4632495373141605
source,source_48khz_de,OR021@6_3.mat,source_domain\cwru_48khz_de\OR021@6_3.mat,OR,48000,1719.0,X241_DE_time,192000,2,96000,0.0003858694431666524,0.6064713241415276,0.6064714468968881,6.630612146332055,12.758714666666666,-0.11976471340551721,20.322723447503574,10.9330986318445,21.131243511692073,1.9327771771955764,31.262060802566687,3292.96875,2816.3034719453813,3457.03125,0.7478974081897148,0.00739379373473827,0.06709061368230435,0.5356222169120205,0.3846645791811393
source,source_48khz_de,OR021@6_3.mat,source_domain\cwru_48khz_de\OR021@6_3.mat,OR,48000,1719.0,X241_DE_time,192000,3,144000,-0.001238704890166681,0.6260976965178333,0.6260989218763612,6.497900146332056,12.611813333333334,-0.15288495786338016,20.256101331117797,10.378392166605344,20.1333921621802,1.939933646652076,29.971116067212726,3292.96875,2902.5746636429344,3492.1875,0.749386647776261,0.00642453819457919,0.05810599593426803,0.43489768557719605,0.49605331253369456
source,source_48khz_normal,N_0.mat,source_domain\cwru_48khz_normal\N_0.mat,N,48000,1796.0,X097_DE_time,243938,0,0,-0.0007822117384070479,0.07253491456775636,0.0725391321050605,0.29919574966148393,0.540313846153846,-0.06834546646254464,2.792964672482515,4.124611654079698,5.1221750785652675,1.2418563268685563,6.019044712371739,4148.4375,3195.4278171176375,4382.8125,0.5990764404624295,0.08421264772454988,0.16998612499632174,0.0505898706996711,0.6931483756828538
source,source_48khz_normal,N_0.mat,source_domain\cwru_48khz_normal\N_0.mat,N,48000,1796.0,X097_DE_time,243938,1,48000,7.960014620833668e-05,0.07176239162589897,0.07176243577284826,0.29869594264620836,0.5757784615384616,-0.008615473087388296,2.777340590432802,4.162288242103669,5.154904900275611,1.238478596474719,6.043604813816528,4148.4375,3248.9266238738064,4382.8125,0.6016771523948234,0.09615877513065729,0.1420994570237844,0.052097181838050566,0.7075248037599584
source,source_48khz_normal,N_0.mat,source_domain\cwru_48khz_normal\N_0.mat,N,48000,1796.0,X097_DE_time,243938,2,96000,0.0005154194154391059,0.07185397284087737,0.07185582140781187,0.2633139035076378,0.5148627692307692,-0.035621627137769674,2.7059047813305366,3.6644755893827536,4.522728781318788,1.23420900779357,5.292930093749882,4148.4375,3179.2407977591547,4382.8125,0.61093004229977,0.08680134004890776,0.16959628366935925,0.05405016416121845,0.6867015146875325
source,source_48khz_normal,N_0.mat,source_domain\cwru_48khz_normal\N_0.mat,N,48000,1796.0,X097_DE_time,243938,3,192000,0.0009123188769775672,0.07318796339406546,0.07319364939326604,0.2555951342768686,0.5035975384615384,-1.7710845930591117e-05,2.754723343427708,3.492039765636987,4.324640776899512,1.238428273181925,5.075367013061336,4148.4375,3238.809083837646,4382.8125,0.5954437446311329,0.0870437868628051,0.15287122175626996,0.05437478244880701,0.7037069614072715
source,source_48khz_normal,N_1_(1772rpm).mat,source_domain\cwru_48khz_normal\N_1_(1772rpm).mat,N,48000,1772.0,X098_DE_time,384000,0,0,-0.0015882690303868163,0.06502069031187659,0.06504008584823553,0.26394564091500217,0.4785636923076923,-0.18598058052281236,2.8935428468813327,4.058199454515395,5.0627132867107765,1.2475269743087314,5.958708693428082,363.28125,2250.894336687849,4382.8125,0.6838432844959003,0.3023254780269972,0.1910983231217396,0.07364462816374076,0.42828973743471177
source,source_48khz_normal,N_1_(1772rpm).mat,source_domain\cwru_48khz_normal\N_1_(1772rpm).mat,N,48000,1772.0,X098_DE_time,384000,1,96000,-0.0010083312996175856,0.06513559766104675,0.06514340192737518,0.2679093332226945,0.4896203076923077,-0.15274337338642988,2.87416168339489,4.112608879672255,5.1373156034554155,1.2491622115512135,6.062415447826685,363.28125,2284.90270038089,4382.8125,0.6859990256372742,0.2979416660589523,0.18182938852706787,0.08697601104261021,0.4296583230460248
source,source_48khz_normal,N_1_(1772rpm).mat,source_domain\cwru_48khz_normal\N_1_(1772rpm).mat,N,48000,1772.0,X098_DE_time,384000,2,192000,0.003511190623459337,0.06513409246873612,0.06522866288159015,0.28313825629961753,0.5346812307692307,-0.1524840235640785,2.960684094333863,4.340703055790961,5.421289989310182,1.2489428370352333,6.389924303573621,363.28125,2310.555230842339,4382.8125,0.691332336599065,0.28144573801537376,0.19291230502366322,0.08331470718116024,0.43786438318444193
source,source_48khz_normal,N_1_(1772rpm).mat,source_domain\cwru_48khz_normal\N_1_(1772rpm).mat,N,48000,1772.0,X098_DE_time,384000,3,336000,0.0022810161234593372,0.06520297364899531,0.06524286020115197,0.25643548706884833,0.4877427692307692,-0.18070049215156356,2.9232962013630237,3.9304758601062995,4.897676117845687,1.246077139788911,5.760730292092762,363.28125,2266.9553202259867,4382.8125,0.6867932269817772,0.29830510323627696,0.18959763499899226,0.08008589393558796,0.4288813145358549
source,source_48khz_normal,N_2_(1750rpm).mat,source_domain\cwru_48khz_normal\N_2_(1750rpm).mat,N,48000,1750.0,X099_DE_time,384000,0,0,-0.0010159320696478161,0.06324945396703661,0.063257612546621,0.28825875503118625,0.5113163076923076,-0.19039006894788016,2.9546086702959395,4.5569022197001505,5.694305689035071,1.249600148172533,6.712956403101722,363.28125,2252.7663377110453,4382.8125,0.7302439011864714,0.2602437588297102,0.22570909169488865,0.10499619852135177,0.4044251302855914
source,source_48khz_normal,N_2_(1750rpm).mat,source_domain\cwru_48khz_normal\N_2_(1750rpm).mat,N,48000,1750.0,X099_DE_time,384000,1,96000,-0.0007409900311862779,0.06321174758515813,0.06321609050705415,0.27365567810810937,0.49984246153846157,-0.18411909286224118,2.925958817253264,4.328892785188033,5.409199564674074,1.2495572962899215,6.372432923602198,363.28125,2270.128607629999,4382.8125,0.7225896130805354,0.266005962022963,0.2241648624882576,0.08952386573285048,0.4162900853521617
source,source_48khz_normal,N_2_(1750rpm).mat,source_domain\cwru_48khz_normal\N_2_(1750rpm).mat,N,48000,1750.0,X099_DE_time,384000,2,192000,0.00044907381496756845,0.06322516010283726,0.06322675491689174,0.33916090887734013,0.5570030769230769,-0.15896234570464302,2.9036236220800227,5.364199211517104,6.684457740226712,1.2461240674599199,7.8611042381806975,363.28125,2257.010289349296,4382.8125,0.7315705761432187,0.26273640686121774,0.22617192821092186,0.0980092538753815,0.40914614929425147
source,source_48khz_normal,N_2_(1750rpm).mat,source_domain\cwru_48khz_normal\N_2_(1750rpm).mat,N,48000,1750.0,X099_DE_time,384000,3,336000,0.0011461751611214147,0.0628387949303477,0.06284924713787958,0.25717506272349394,0.4942098461538461,-0.12961899639569657,2.9101237815200416,4.091935455570496,5.10935099196978,1.2486391946708115,6.021870641479063,363.28125,2239.6537323123544,4382.8125,0.72555916003625,0.265985307559577,0.22791355253511464,0.09859006843189833,0.40320364258271174
source,source_48khz_normal,N_3.mat,source_domain\cwru_48khz_normal\N_3.mat,N,48000,1725.0,X100_DE_time,384000,0,0,-0.0032018888767819985,0.06473627612561085,0.06481541127687607,0.26217112960755123,0.5113163076923076,-0.11159217706210516,2.946584572709665,4.044888776275343,5.069688765106599,1.2533567782540376,5.986868179664344,363.28125,2226.1376045278403,4570.3125,0.7731429668653172,0.22286347381998764,0.268191735392288,0.1283078877705164,0.37580696007134856
source,source_48khz_normal,N_3.mat,source_domain\cwru_48khz_normal\N_3.mat,N,48000,1725.0,X100_DE_time,384000,1,96000,0.0005323134693718475,0.06423423375232108,0.06423643937343897,0.2589501011616795,0.5042233846153845,-0.1452443994637832,2.934420692133036,4.031202595963331,5.039184467569015,1.2500449549562667,5.939455014393261,363.28125,2269.9596523589553,4617.1875,0.766170045951935,0.21244265228303783,0.27240633821916893,0.1164486449829933,0.3934834019238915
source,source_48khz_normal,N_3.mat,source_domain\cwru_48khz_normal\N_3.mat,N,48000,1725.0,X100_DE_time,384000,2,192000,-0.00160428183832046,0.06506389281920397,0.06508366822026572,0.2990960526844743,0.5392707692307692,-0.13882768864192477,2.970652021548991,4.595562310157963,5.761700051497995,1.2537530039955915,6.805676237966863,363.28125,2248.9515155304416,4546.875,0.7714486426060988,0.21596972791189947,0.27171453307838206,0.12322866306986771,0.3837195506824812
source,source_48khz_normal,N_3.mat,source_domain\cwru_48khz_normal\N_3.mat,N,48000,1725.0,X100_DE_time,384000,3,336000,0.0006881839309103088,0.06456477555262004,0.06456844306070084,0.3189145142229359,0.5816196923076923,-0.13453849374401627,3.000637922698321,4.939169958274895,6.186213972286846,1.2524804824395428,7.302682185494453,363.28125,2266.569784886512,4546.875,0.775469265329689,0.21578614714368977,0.2662531226780577,0.12157650532783448,0.3917792632808138
target,target_32khz,A.mat,target_domain\train_bearing_a_to_p\A.mat,UNKNOWN,32000,,A,256000,0,0,0.024976537893793147,3.401648516191155,3.4017402098265306,15.144878309250744,29.355344016796877,0.036398088251889976,3.153530876007167,4.452097272301283,5.60800927786859,1.259633142509523,6.625098998703138,1328.125,2605.6435052805855,5375.0,0.9128969260305813,0.028147499739151444,0.19657769135635478,0.44650049642215384,0.32248680977955785
target,target_32khz,A.mat,target_domain\train_bearing_a_to_p\A.mat,UNKNOWN,32000,,A,256000,1,64000,-0.0001365606098251815,3.49586340138014,3.495863404047407,15.369451800656995,30.21817163203125,-0.023417499674868253,3.0732771699701398,4.396468060753834,5.524279935702397,1.256526798184815,6.525123070335373,1328.125,2609.9716110667055,5375.0,0.9101680076186186,0.027312845815219106,0.18436333227918247,0.4653670036379818,0.3121822149182516
target,target_32khz,A.mat,target_domain\train_bearing_a_to_p\A.mat,UNKNOWN,32000,,A,256000,2,128000,-0.04301060914993237,3.4673860691280325,3.467652817812446,15.972800306906993,29.109743044921874,0.023207826305573276,3.1714505119592338,4.606228231630974,5.806319443125243,1.260536636732754,6.870701701121345,1328.125,2658.827549085656,5382.8125,0.9170611883727119,0.02740818850237982,0.16228240033282595,0.4723346931716237,0.3308045941599901
target,target_32khz,A.mat,target_domain\train_bearing_a_to_p\A.mat,UNKNOWN,32000,,A,256000,3,224000,-0.006297128787489487,3.414589738928321,3.414595545452718,15.720330358078868,30.460828756640623,0.03250386701476197,3.2171924309484012,4.60386307801793,5.82711354950276,1.2657008800552254,6.922303416597888,1328.125,2627.4139590512764,5382.8125,0.9216239516183947,0.027233390336819856,0.19696161408902566,0.4387972312114552,0.3272957183366275
target,target_32khz,B.mat,target_domain\train_bearing_a_to_p\B.mat,UNKNOWN,32000,,B,256000,0,0,-0.0008946619061290528,1.5404580010774593,1.5404582608767718,10.118199027369494,19.248415437890625,0.001109684025624754,4.559699934161372,6.568304565164928,8.585750071541325,1.3071485931195042,10.324246634229368,273.4375,2658.044987993943,5250.0,0.9372745358650059,0.14057933942086395,0.06482585017586345,0.385979556375437,0.40553357480145774
target,target_32khz,B.mat,target_domain\train_bearing_a_to_p\B.mat,UNKNOWN,32000,,B,256000,1,64000,-0.0024460605236349985,1.417667748396122,1.4176698586252783,9.822300884349255,18.37998049453125,-0.007891213805203698,4.169073778082206,6.928482555076019,8.954406368095405,1.2924051257845508,10.712614879795687,273.4375,2604.5438640690045,5226.5625,0.9339303527446279,0.14740498223020135,0.07362325038268225,0.3805493625301692,0.3964040728519395
target,target_32khz,B.mat,target_domain\train_bearing_a_to_p\B.mat,UNKNOWN,32000,,B,256000,2,128000,0.00654312038023538,1.40978004902317,1.4097952330207681,10.393098288697619,18.359513746875002,-0.007930862417593184,4.126232491814038,7.372062300438451,9.523494127286002,1.2918358173279192,11.394204534281181,273.4375,2623.047099127895,5210.9375,0.9360174412501852,0.13901903320689663,0.07307102333030907,0.38555642957203573,0.3995589633777116
target,target_32khz,B.mat,target_domain\train_bearing_a_to_p\B.mat,UNKNOWN,32000,,B,256000,3,224000,0.004862150326281797,1.4355118033863485,1.4355200375359873,11.178264409400743,21.8865231375,0.04455464919991381,4.729240642523038,7.786909354870447,10.09244657805418,1.2960786003929359,12.064635891373536,273.4375,2586.7356955075966,5257.8125,0.9367645024835796,0.1475430654024516,0.07771351700078258,0.38417520170824865,0.38734094454758977
target,target_32khz,C.mat,target_domain\train_bearing_a_to_p\C.mat,UNKNOWN,32000,,C,256000,0,0,0.013515190160201182,32.30942932292812,32.30943214966262,347.4137568709385,667.1830305410156,0.1627802715861025,27.75375534458247,10.752703893452844,21.54875630774439,2.0040314065436533,31.049194246620353,1945.3125,3286.839455653819,5875.0,0.9296224953838056,0.008578833830262271,0.07567439074066963,0.43622110389264074,0.4744361776869762
target,target_32khz,C.mat,target_domain\train_bearing_a_to_p\C.mat,UNKNOWN,32000,,C,256000,1,64000,0.05914994786659336,30.82665925986832,30.826716008040133,347.3781503373448,684.2046357972656,0.029333299508865276,28.36094853691605,11.268736840042623,22.156137745075238,1.9661598331362502,31.576075429240756,1945.3125,3283.122079038591,5890.625,0.9289971967331749,0.0064702010543347946,0.0779111126063005,0.4421186403458233,0.465220778249896
target,target_32khz,C.mat,target_domain\train_bearing_a_to_p\C.mat,UNKNOWN,32000,,C,256000,2,128000,-0.06653281921520834,30.37339751985699,30.373470389721476,349.50128995367083,690.2598492562499,-0.033185032610093125,30.622374924024374,11.506794760994193,22.894039664937246,1.9896104988804402,32.494809192374305,1945.3125,3214.770133657865,5757.8125,0.928151990242798,0.009475729927545279,0.08402564361384855,0.4488710302884214,0.4520175864199289
target,target_32khz,C.mat,target_domain\train_bearing_a_to_p\C.mat,UNKNOWN,32000,,C,256000,3,224000,-0.02845288167991392,29.921469629109282,29.92148315729327,324.56115610249896,645.6876185402343,0.05613032522219429,29.136006736689637,10.847094523901545,21.40889226922538,1.9736983228135632,30.37316544704171,1984.375,3179.58442691969,5718.75,0.9200417452530139,0.006909347736941332,0.08141967297773174,0.47648797515686764,0.43041939604719687
target,target_32khz,D.mat,target_domain\train_bearing_a_to_p\D.mat,UNKNOWN,32000,,D,256000,0,0,0.030402391153397497,8.334044519184197,8.334099972590442,36.1097928399123,68.37646007226563,0.023806645845728537,3.032915754387802,4.332776539598452,5.436908057594289,1.2548323247008515,6.419362612065644,4835.9375,3896.4703634100024,5773.4375,0.9349933957387608,0.016134371759359764,0.03780004135322721,0.28072682907725305,0.6611420901751413
target,target_32khz,D.mat,target_domain\train_bearing_a_to_p\D.mat,UNKNOWN,32000,,D,256000,1,64000,0.02928042174501125,8.36075527646664,8.36080654817837,37.8458216274123,71.38969802343749,0.012324869263887915,3.0678730363182805,4.526575445721025,5.697625987206609,1.2587056275825244,6.737179408719914,2562.5,3930.520170192555,5804.6875,0.9344603271820312,0.012333832606933588,0.0399750557783955,0.273573162313087,0.6684926222838364
target,target_32khz,D.mat,target_domain\train_bearing_a_to_p\D.mat,UNKNOWN,32000,,D,256000,2,128000,-0.06291665669806389,8.248412860879506,8.248652812987856,35.11813686100605,68.69846088984374,0.006881091673442493,3.084608810184904,4.257439082137968,5.349335284686105,1.2564678393470208,6.316971554558289,4875.0,3915.832596083389,5789.0625,0.9343537189462943,0.010625557926284546,0.038977000253609666,0.2821731661388535,0.66279945150029
target,target_32khz,D.mat,target_domain\train_bearing_a_to_p\D.mat,UNKNOWN,32000,,D,256000,3,224000,-0.017133343576105835,8.249248017581035,8.249265810181337,34.16586926829083,67.88722069335938,0.008792235567390973,3.0923433475989057,4.141686066912619,5.204002556695183,1.2564937256516466,6.144826567045962,4835.9375,3956.812836667069,5796.875,0.9366865470479744,0.014274775899871788,0.03849093941936675,0.258402853557363,0.6851603077062064
target,target_32khz,E.mat,target_domain\train_bearing_a_to_p\E.mat,UNKNOWN,32000,,E,256000,0,0,0.012379235574138945,15.9655197613325,15.965524560595307,179.6403239482024,356.3604215800781,0.17400325610242984,41.28510764771464,11.251764592286774,25.95392969189697,2.3066541677993415,39.296490216676766,1492.1875,2997.9747464489496,5687.5,0.9277299393580601,0.023593329305203692,0.12994364402047737,0.4051603089742883,0.41980458661661163
target,target_32khz,E.mat,target_domain\train_bearing_a_to_p\E.mat,UNKNOWN,32000,,E,256000,1,64000,-0.009214672013644336,15.597877414258122,15.597880136108367,179.49845854663988,358.6522767679687,0.006844511677712899,44.56439845071599,11.507875235628832,26.76664377913861,2.325941429766836,40.44084648297062,1906.25,3089.2046489166155,5632.8125,0.9066184137676729,0.01328808914186807,0.12430066569233365,0.40381624141019035,0.44543596125121643
target,target_32khz,E.mat,target_domain\train_bearing_a_to_p\E.mat,UNKNOWN,32000,,E,256000,2,128000,-0.03525434384957635,15.614190038582052,15.614229837866331,179.47616941734302,358.6709211339844,-0.20097963505119196,42.12270429668852,11.494397820511189,26.507038456377337,2.30608326510808,40.18900175572078,1492.1875,3093.385740232729,5757.8125,0.9230847231601055,0.01660257755929806,0.15112345785050157,0.3643986969891117,0.44325309801927953
target,target_32khz,E.mat,target_domain\train_bearing_a_to_p\E.mat,UNKNOWN,32000,,E,256000,3,224000,-0.0394947618308037,15.615867727769785,15.615917671639215,179.9677218986726,356.3385530003906,-0.2283864264165555,40.51224268009418,11.52463311365356,26.24317084911266,2.2771372060443253,39.26886546663093,1906.25,2980.747022006598,5664.0625,0.9192855153857485,0.015618151684695412,0.14186181640254394,0.3988754007901556,0.42323742334766834
target,target_32khz,F.mat,target_domain\train_bearing_a_to_p\F.mat,UNKNOWN,32000,,F,256000,0,0,-0.02023664100950681,5.719202064507597,5.719237866736031,23.205405555071803,44.67680738554688,0.01864336219002868,3.0885783677867513,4.057429695315517,5.108053100082666,1.258938166194043,6.035969477772554,2648.4375,3428.826898169073,5695.3125,0.9423701933404798,0.014130025600886175,0.08109700649128425,0.3858892324504164,0.5143187149863008
target,target_32khz,F.mat,target_domain\train_bearing_a_to_p\F.mat,UNKNOWN,32000,,F,256000,1,64000,-0.023535403479669804,5.7978089412745275,5.797856710435315,24.864816628521947,49.682749569140626,0.015341131907298798,3.1351844078117383,4.288622135791065,5.400058485427755,1.2591593090844193,6.384482456352594,2648.4375,3308.5616640459043,5703.125,0.9381767401514309,0.015661902976635448,0.09974473928101918,0.40039249512160247,0.48105719831760557
target,target_32khz,F.mat,target_domain\train_bearing_a_to_p\F.mat,UNKNOWN,32000,,F,256000,2,128000,0.017242709976403325,5.735927861694316,5.735953778196654,23.7027755597593,44.71031117109375,-0.010680296970698161,3.0469926546309756,4.132316346385755,5.189843454368675,1.2559162995608888,6.133230183062561,2648.4375,3365.6475063714606,5726.5625,0.9376166523107023,0.014592969465019149,0.0820001333013119,0.41018275128578674,0.4900274269418896
target,target_32khz,F.mat,target_domain\train_bearing_a_to_p\F.mat,UNKNOWN,32000,,F,256000,3,224000,0.00015333282222832433,5.80866321304545,5.808663215069233,23.141061464837424,45.96242754140624,0.011518744543422638,3.0424889881618067,3.9838876188929855,5.006729088301217,1.256744558896867,5.922174821556885,2648.4375,3336.6204921215544,5710.9375,0.9325155653861973,0.01536194105018556,0.09235612237056938,0.3998236474597023,0.48900224241772505
target,target_32khz,G.mat,target_domain\train_bearing_a_to_p\G.mat,UNKNOWN,32000,,G,256000,0,0,-0.0036873583685356915,1.6560700186728947,1.656074123751404,9.350156232735854,18.12036120234375,-0.0358005952218366,4.325809666874909,5.64597689114897,7.348347823382592,1.3015192879903459,8.81371708816573,273.4375,2464.8111877467522,5226.5625,0.9164753288742168,0.2273222019898102,0.09986798101182336,0.29478242774279134,0.37578760054730104
target,target_32khz,G.mat,target_domain\train_bearing_a_to_p\G.mat,UNKNOWN,32000,,G,256000,1,64000,0.0097868276621988,1.630177761031075,1.630207138542823,10.563148137576647,20.078860733203125,0.012978932487454757,4.504258841038304,6.479635555400734,8.452548178808506,1.3044789489369006,10.15393606512115,273.4375,2569.744012096967,5265.625,0.9287212961557737,0.1921181976369555,0.09994398085606737,0.31582616999675683,0.3895783968953195
target,target_32khz,G.mat,target_domain\train_bearing_a_to_p\G.mat,UNKNOWN,32000,,G,256000,2,128000,0.0030298282585967127,1.603340235220866,1.6033430979479655,9.977743081326647,19.903211179687503,-0.061829952048303896,4.284686511296092,6.223086683125035,8.095846236632015,1.3009374043559825,9.72148255524538,70.3125,2457.39971301234,5218.75,0.920487671724819,0.22458177022471024,0.09514937558779463,0.3082196684677988,0.36973874694628356
target,target_32khz,G.mat,target_domain\train_bearing_a_to_p\G.mat,UNKNOWN,32000,,G,256000,3,224000,0.004742012506594211,1.6056742164601228,1.6056812187004748,10.087239514767104,18.159892865625,-0.04339140686509017,3.941310263878122,6.282218037603206,8.11333787638863,1.29147664532175,9.715475259713406,273.4375,2546.1176407180633,5218.75,0.9216509317359769,0.20665923102015119,0.09575027055288497,0.3007103605970534,0.39494909553631746
target,target_32khz,H.mat,target_domain\train_bearing_a_to_p\H.mat,UNKNOWN,32000,,H,256000,0,0,0.0188955684112205,10.883776094037243,10.883792496535486,66.48880802767263,125.34088594453124,-0.2346328744535429,4.8311931038511196,6.108974243016039,8.01100351965973,1.3113500239123466,9.635483490071659,1984.375,2637.744325578882,5500.0,0.8282165299869055,0.018967163363470027,0.17802458319141334,0.48828195176238526,0.31195587368199623
target,target_32khz,H.mat,target_domain\train_bearing_a_to_p\H.mat,UNKNOWN,32000,,H,256000,1,64000,0.008354884620176252,10.837705002414284,10.837708222841792,69.89483931400075,129.28886549414062,-0.24698899410668435,4.9080904211892715,6.449226891593409,8.461181890033306,1.3119684005941405,10.186610809495656,1984.375,2636.4568289059043,5546.875,0.8330627281127376,0.020598970685304658,0.17708872933177291,0.4858563881029055,0.3139401701020312
target,target_32khz,H.mat,target_domain\train_bearing_a_to_p\H.mat,UNKNOWN,32000,,H,256000,2,128000,-0.019564604327070433,10.835286919222906,10.83530458250369,67.4912581132195,123.92293284492186,-0.2876540559154126,4.920586643233304,6.22882888056463,8.154459601976434,1.309148117300101,9.784782845354115,1984.375,2652.6098620392318,5476.5625,0.8320903278834396,0.019803000822435204,0.17685565716513754,0.4830653552173041,0.31753084866448517
target,target_32khz,H.mat,target_domain\train_bearing_a_to_p\H.mat,UNKNOWN,32000,,H,256000,3,224000,0.002101308051576518,10.931250579078919,10.931250781045538,66.887348874157,125.7097079519531,-0.2345218924909812,4.677886508221925,6.118910837736112,7.990968788500541,1.3059462705713043,9.589602218666654,1984.375,2639.6375248315053,5492.1875,0.8265973634879203,0.0203693011679176,0.17858923611160818,0.48426951291591414,0.3139304243163229
target,target_32khz,I.mat,target_domain\train_bearing_a_to_p\I.mat,UNKNOWN,32000,,I,256000,0,0,-0.03959841365527039,30.314781500208866,30.314807362735618,296.8199959791295,587.7763953140625,0.04955994905062278,21.447515595965925,9.791254565054066,16.09494586480198,1.643808335067282,20.899394837177713,2140.625,3450.8379717844095,5875.0,0.9431252432690469,0.009354804092194018,0.07926424144319391,0.39555654274479757,0.5084645717108842
target,target_32khz,I.mat,target_domain\train_bearing_a_to_p\I.mat,UNKNOWN,32000,,I,256000,1,64000,-0.025284914026777038,28.955321191385345,28.95533223126902,299.67719640133924,597.7697754984374,0.1320810083206082,21.097087090709476,10.34963764213715,16.79105939917381,1.6223813798862583,21.72161131161474,2140.625,3515.7657802751146,5828.125,0.9470076766735167,0.011584876929873564,0.07706567744641354,0.36656501750190645,0.5401295962866877
target,target_32khz,I.mat,target_domain\train_bearing_a_to_p\I.mat,UNKNOWN,32000,,I,256000,2,128000,-0.0594619590691815,30.316907872592928,30.316966185287463,298.9183983467076,591.1360259601563,-0.01169283051409079,21.45800814944533,9.859772792561284,16.188046163222936,1.6418275049335307,20.96483431565502,2140.625,3601.69609976522,5851.5625,0.9536952036606643,0.014290162001641543,0.07316068163270018,0.3343684895691006,0.5708343635028267
target,target_32khz,I.mat,target_domain\train_bearing_a_to_p\I.mat,UNKNOWN,32000,,I,256000,3,224000,-0.022380821340136237,30.18756645864505,30.187574755125254,295.51362870920764,581.3387620769531,-0.1576779613173628,19.52017169533343,9.7892471027016,15.91183842319208,1.6254404711880512,20.625466947092857,2140.625,3546.3457230094814,5843.75,0.9520555573159127,0.01279940566797905,0.07515831299593195,0.35427675696562155,0.5504553519321834
target,target_32khz,J.mat,target_domain\train_bearing_a_to_p\J.mat,UNKNOWN,32000,,J,256000,0,0,0.012819531391300333,31.321055427590974,31.321058051071823,432.438309436089,828.8620662164062,0.25686879028207943,36.00710724325739,13.806631587315644,27.46465650605161,1.9892365731901558,38.68211006680822,2148.4375,3165.0896651446196,5726.5625,0.9447783110361337,0.01416570111401198,0.10416218895102573,0.4453067160758765,0.43211485897823404
target,target_32khz,J.mat,target_domain\train_bearing_a_to_p\J.mat,UNKNOWN,32000,,J,256000,1,64000,-0.021659460364521366,30.440109115833902,30.44011682165654,419.4919700778859,826.1252695417968,0.24033995279815468,39.144277436088544,13.78089225266789,27.132746193770597,1.968867160144655,37.83929411589936,2476.5625,3128.9564848864343,5671.875,0.9311044029772935,0.010877879964834983,0.08983967157693207,0.48449570413812143,0.41045341195417623
target,target_32khz,J.mat,target_domain\train_bearing_a_to_p\J.mat,UNKNOWN,32000,,J,256000,2,128000,0.01938217839910969,29.17754878563022,29.177555223264868,409.9273243709422,776.951385,0.23104689941934317,35.181989056338075,14.049406169714677,27.130425770409037,1.9310727757939883,37.5508320201074,2140.625,3195.495432044779,5710.9375,0.936988827809767,0.0102230570196617,0.08967194531529979,0.4616106991051151,0.4338269823382605
target,target_32khz,J.mat,target_domain\train_bearing_a_to_p\J.mat,UNKNOWN,32000,,J,256000,3,224000,-0.001323172456356934,30.12992150977482,30.129921538828754,394.11662162328594,772.3715997539061,0.34026728855507893,35.356569962786104,13.080572450723794,25.538398992288723,1.9523915400869742,35.592526178663164,2054.6875,3218.790627757799,5734.375,0.9386587271961147,0.011152750847664641,0.09489752997864068,0.44144765462116237,0.44720030266822386
target,target_32khz,K.mat,target_domain\train_bearing_a_to_p\K.mat,UNKNOWN,32000,,K,256000,0,0,0.002423562874817299,10.390740559159019,10.390740841798014,54.7372235613975,105.77243225390625,-0.05077447520810013,3.522271865219626,5.267884590211809,6.738819566851932,1.2792268796800523,8.03699414444046,1984.375,2381.2550103153308,5367.1875,0.7822603044289795,0.03289699506633759,0.25127985630247235,0.4561093337226333,0.25613211123272867
target,target_32khz,K.mat,target_domain\train_bearing_a_to_p\K.mat,UNKNOWN,32000,,K,256000,1,64000,-0.0016961199828915716,10.316034921721354,10.316035061155885,55.014028546805626,104.85226970859375,-0.058118734687658595,3.5617722750305445,5.332865603951923,6.808228845271474,1.2766548701744092,8.0987202413459,1984.375,2348.9685544816666,5398.4375,0.7858786088708837,0.03247901332210426,0.25164016293113156,0.4696305306435384,0.24258646199752132
target,target_32khz,K.mat,target_domain\train_bearing_a_to_p\K.mat,UNKNOWN,32000,,K,256000,2,128000,-0.005857293571233688,10.225062815353095,10.225064492989985,57.92535330930562,114.43673548945313,-0.01304030723483932,3.521486745419093,5.6650354967454675,7.218926305584622,1.2742949818639533,8.585805668746112,1984.375,2328.9442442538734,5375.0,0.7927123834489386,0.0346126421325043,0.2629452513957529,0.45772833002291347,0.24129140568703628
target,target_32khz,K.mat,target_domain\train_bearing_a_to_p\K.mat,UNKNOWN,32000,,K,256000,3,224000,-0.008219725023758732,10.35725805581112,10.357261317478855,64.05570496516499,113.65142918554687,0.009541779899561526,3.5003344336469997,6.18461801838086,7.883381477792323,1.2746755667628833,9.378558374446849,1984.375,2322.692063910044,5382.8125,0.7823199771251951,0.03675267441267096,0.25632132007973624,0.4654981894531418,0.23786826062644198
target,target_32khz,L.mat,target_domain\train_bearing_a_to_p\L.mat,UNKNOWN,32000,,L,256000,0,0,0.00586569348649992,1.8147668708301345,1.814776350359095,9.80716809174312,19.368832809375,0.014224879444025942,3.6582875451061048,5.404064302357226,6.905857044404261,1.2779006055475977,8.223203907569951,2085.9375,2848.6369339697408,5320.3125,0.9448774866561336,0.10486049229522772,0.04992189359452315,0.3777808478298633,0.46225053519326054
target,target_32khz,L.mat,target_domain\train_bearing_a_to_p\L.mat,UNKNOWN,32000,,L,256000,1,64000,-0.00835164196296737,1.8573504861375307,1.8573692627689302,9.87697932689937,18.96202115390625,0.011525643887755059,3.48173185814663,5.317725195995568,6.782654639660052,1.27548047137975,8.072322836327464,281.25,2803.3547832927466,5289.0625,0.9431281173043377,0.11530863775178463,0.04620741300623275,0.38393316937377775,0.4506792959574458
target,target_32khz,L.mat,target_domain\train_bearing_a_to_p\L.mat,UNKNOWN,32000,,L,256000,2,128000,-0.0064536933084311425,1.8468946301079834,1.8469059058000286,10.299729282085003,19.841670753515622,0.008928453325476964,3.7303350368740613,5.576748252162781,7.166023922604743,1.2849825020919186,8.559952129405604,70.3125,2790.3818101319343,5265.625,0.9431802772356218,0.12568725617528598,0.046696853460584,0.3761900739572102,0.44694181791027354
target,target_32khz,L.mat,target_domain\train_bearing_a_to_p\L.mat,UNKNOWN,32000,,L,256000,3,224000,0.004665199571307397,1.846434899011916,1.8464407925455353,9.708198750336871,19.320890153906248,-0.008915267843886035,3.660011371051449,5.2577904417653825,6.7075500078313395,1.2757355170617155,7.974020503141456,2078.125,2813.8600515681132,5328.125,0.9396587779135028,0.10804168808120894,0.04515700909751087,0.3945944489294684,0.44811163908155305
target,target_32khz,M.mat,target_domain\train_bearing_a_to_p\M.mat,UNKNOWN,32000,,M,256000,0,0,0.023054485976464496,10.020080281304711,10.02010680347845,54.262974120250874,101.24619699140624,-0.07809300589910029,3.4412530579948344,5.415408756063182,6.907025994589928,1.2754394553977144,8.222425027408537,1898.4375,2366.4869538311195,5429.6875,0.8259889932338172,0.03554144468112266,0.28344710196614326,0.4099854090531782,0.26862692161239027
target,target_32khz,M.mat,target_domain\train_bearing_a_to_p\M.mat,UNKNOWN,32000,,M,256000,1,64000,-0.00985318296043442,10.080089703240676,10.080094518931514,44.07918763521787,87.92542829765625,-0.09065515283648294,3.3081125065075057,4.372894277174484,5.5618592436631875,1.2718942858267304,6.614985186977425,1976.5625,2361.1950500558028,5398.4375,0.8078337734056754,0.033196694042073566,0.2734854438294079,0.4339287224330783,0.2568850092271722
target,target_32khz,M.mat,target_domain\train_bearing_a_to_p\M.mat,UNKNOWN,32000,,M,256000,2,128000,-0.005293386757170085,9.981761315028773,9.981762718585745,44.443103230530376,86.97610764609375,-0.04959676772330669,3.304619794724211,4.452430345571548,5.663195289492668,1.2719334947316576,6.739173731402674,1976.5625,2367.4104123455036,5429.6875,0.8209606621001702,0.03253495899857417,0.28590223704620044,0.41613379536465184,0.2628622030836365
target,target_32khz,M.mat,target_domain\train_bearing_a_to_p\M.mat,UNKNOWN,32000,,M,256000,3,224000,0.021076111095837045,9.895150598386241,9.895173043823059,48.01356941412412,87.793936453125,-0.04884267594005032,3.249888702756786,4.852221300373434,6.158953279412018,1.2693059318909041,7.326570055419919,1976.5625,2363.003047397819,5398.4375,0.8223098339925935,0.038860170379093784,0.2731961772820158,0.4234029023509543,0.2620537952376638
target,target_32khz,N.mat,target_domain\train_bearing_a_to_p\N.mat,UNKNOWN,32000,,N,256000,0,0,0.004548440552042901,9.207324617618548,9.207325741088777,150.20482555702233,288.18302165625005,-0.1528059128753043,30.956194299460897,16.313621325104126,25.03207717693017,1.5344279898422661,31.190889255196698,2070.3125,2820.008044739209,5375.0,0.8752119468153194,0.011276260603276541,0.08907626980527668,0.542812242880938,0.35067318877036163
target,target_32khz,N.mat,target_domain\train_bearing_a_to_p\N.mat,UNKNOWN,32000,,N,256000,1,64000,-0.0030678385764891214,9.783605492912146,9.78360597390217,149.6146636074308,290.52015601874996,-0.03416989471342059,33.858741915543916,15.292384424159515,24.15162566922783,1.5793237339148805,30.41616488997132,2070.3125,2841.916392934887,5414.0625,0.8813059842260085,0.013296949161498692,0.08733492149944438,0.5375606685950246,0.3551587524568446
target,target_32khz,N.mat,target_domain\train_bearing_a_to_p\N.mat,UNKNOWN,32000,,N,256000,2,128000,-0.004623499174464182,8.651111417871718,8.651112653362862,152.23679042188394,294.4799109574219,-0.143421589017446,28.126353271466797,17.59736539353569,26.105134294013418,1.4834683323447952,32.27339290986378,2062.5,2829.5808563623827,5414.0625,0.8776477657229141,0.011337205473637866,0.08610751311722797,0.5451132154260057,0.35244193501324356
target,target_32khz,N.mat,target_domain\train_bearing_a_to_p\N.mat,UNKNOWN,32000,,N,256000,3,224000,0.00022788939056563894,8.835324101378472,8.835324104317444,154.80242340547767,303.2089788328125,-0.35868255456676446,31.410436722202377,17.520853969557816,26.205512527590447,1.4956755288936892,32.39766283313744,2062.5,2809.9177151568197,5375.0,0.8833899510937858,0.014736389293404224,0.09587079049275506,0.5337577265515905,0.34937716975924843
target,target_32khz,O.mat,target_domain\train_bearing_a_to_p\O.mat,UNKNOWN,32000,,O,256000,0,0,0.003999750999480355,1.52243061061418,1.5224358647060054,10.340078957650373,19.70162773359375,0.07757035565509685,4.638461331329047,6.791799377138513,8.868284525665471,1.3057341704630838,10.65026192688615,70.3125,2320.5845036219075,5250.0,0.9123933321306671,0.2636449583814324,0.11783636934026195,0.2662364375403302,0.3492429395986683
target,target_32khz,O.mat,target_domain\train_bearing_a_to_p\O.mat,UNKNOWN,32000,,O,256000,1,64000,-0.02636622559976762,1.4702843644969057,1.470520754813222,8.375780491568376,16.370173911328123,0.0009222376286234041,3.822896806470207,5.69579209551961,7.330339313655924,1.2869745227212712,8.76013829428026,343.75,2311.134812044665,5273.4375,0.9136086882478917,0.2564575722400557,0.12628335216651426,0.26798431143635487,0.3466572981892338
target,target_32khz,O.mat,target_domain\train_bearing_a_to_p\O.mat,UNKNOWN,32000,,O,256000,2,128000,0.0162555724856496,1.4201287593197973,1.4202217913706376,7.442861274771502,14.738581610156249,0.01958344908781334,3.8085687512009363,5.240633061673594,6.730511941555821,1.2842936840538297,8.028452062144316,343.75,2404.577004709781,5242.1875,0.9217864433569402,0.23107592193767762,0.12194991881062513,0.2847035138017214,0.36008865541838775
target,target_32khz,O.mat,target_domain\train_bearing_a_to_p\O.mat,UNKNOWN,32000,,O,256000,3,224000,0.008314248442872374,1.465215649014217,1.4652392380916242,7.707298219759748,14.261818536328125,0.001174126475023826,3.5853249914083047,5.260095429735233,6.729626932751694,1.279373544195535,8.021499464101083,70.3125,2223.6868772925036,5187.5,0.9064471250192189,0.27906540421031856,0.12183526621110219,0.2756604584021114,0.32088254141755645
target,target_32khz,P.mat,target_domain\train_bearing_a_to_p\P.mat,UNKNOWN,32000,,P,256000,0,0,0.0288824831583844,8.463564784880921,8.463614066444064,35.515229955278386,69.56353143632813,0.014155273269273018,3.137305470777715,4.19622512043436,5.29806084576329,1.2625778392972038,6.278455440023296,4882.8125,4057.1147376400536,5796.875,0.9329828218101993,0.016134052709844533,0.03499020357865745,0.23450652755366147,0.7089835306198872
target,target_32khz,P.mat,target_domain\train_bearing_a_to_p\P.mat,UNKNOWN,32000,,P,256000,1,64000,-0.004806858239207864,8.472287133749285,8.472288497364794,36.92925792520026,71.7709963359375,0.0014869683767072327,3.1356759102107516,4.358829132964761,5.501686068811157,1.2621935618449913,6.522839912243888,4765.625,4068.65112259071,5820.3125,0.9354397707344648,0.0127662864411213,0.040021201330917563,0.22684041023119175,0.7152153990097249
target,target_32khz,P.mat,target_domain\train_bearing_a_to_p\P.mat,UNKNOWN,32000,,P,256000,2,128000,-0.01772029348518502,8.510958688459313,8.510977135761925,36.324928136528385,70.32752989335938,0.01888955342403785,3.094999516675621,4.268009131864765,5.361951704596783,1.2563121443588443,6.331691449919877,4882.8125,4030.2232511902816,5796.875,0.9309032885044595,0.013525639162315476,0.03711235516113467,0.24201849216256374,0.7011324382859644
target,target_32khz,P.mat,target_domain\train_bearing_a_to_p\P.mat,UNKNOWN,32000,,P,256000,3,224000,-0.03826175602365526,8.458055260036438,8.458141802062915,32.46428272246588,64.07577958359374,0.029090754406239223,3.062494085834721,3.8382287129005217,4.824188350747218,1.2568788135350704,5.70022080611625,4789.0625,4062.31551604572,5789.0625,0.9319128042759653,0.012779971221647505,0.03647682446035208,0.2345458896946986,0.7095237045169678
