window_id,group_id,relative_path,class_label,load_hp,fault_size_in,outer_race_position_clock,rpm,subgroup,outer_fold,split_role,window_pred_label,score_OR,score_IR,score_B,score_N
WIN-2716e506699e08232ff4,source_domain/cwru_12khz_fe/B007_0.mat,source_domain/cwru_12khz_fe/B007_0.mat,B,0.0,0.007,,1798.0,source_12khz_fe,0,outer_test,B,0.002228873218483928,3.414777277792579e-05,0.9977332446319077,3.7343768305146778e-06
WIN-504f12d19ee97d5f4b97,source_domain/cwru_12khz_fe/B007_0.mat,source_domain/cwru_12khz_fe/B007_0.mat,B,0.0,0.007,,1798.0,source_12khz_fe,0,outer_test,B,0.0017591251670401866,0.0008456352166850772,0.9973544743183724,4.076529790220786e-05
WIN-7903ddfdfcd489ea8e7f,source_domain/cwru_12khz_fe/B007_0.mat,source_domain/cwru_12khz_fe/B007_0.mat,B,0.0,0.007,,1798.0,source_12khz_fe,0,outer_test,B,0.012753836521011523,0.0006829195075814167,0.9864743795811922,8.886439021457418e-05
WIN-7d37f2d28f462c58c7ea,source_domain/cwru_12khz_fe/B007_0.mat,source_domain/cwru_12khz_fe/B007_0.mat,B,0.0,0.007,,1798.0,source_12khz_fe,0,outer_test,B,0.0006219958470001864,0.0007915887502216043,0.9985830432619001,3.372140878063257e-06
WIN-7f96935775ac95b47312,source_domain/cwru_12khz_fe/B007_0.mat,source_domain/cwru_12khz_fe/B007_0.mat,B,0.0,0.007,,1798.0,source_12khz_fe,0,outer_test,B,0.0004573132722624887,8.329869947171666e-06,0.9995329652223673,1.3916354228748392e-06
WIN-80cf8cdf1be7194dc98f,source_domain/cwru_12khz_fe/B007_0.mat,source_domain/cwru_12khz_fe/B007_0.mat,B,0.0,0.007,,1798.0,source_12khz_fe,0,outer_test,B,6.745576631182447e-05,1.9414775155710156e-05,0.9999039763555625,9.153102970013526e-06
WIN-891173c04174ac17a6fb,source_domain/cwru_12khz_fe/B007_0.mat,source_domain/cwru_12khz_fe/B007_0.mat,B,0.0,0.007,,1798.0,source_12khz_fe,0,outer_test,B,0.004635297087964507,0.00046823990391001483,0.9947986209476976,9.784206042802546e-05
WIN-8fddd937f14d9d075c10,source_domain/cwru_12khz_fe/B007_0.mat,source_domain/cwru_12khz_fe/B007_0.mat,B,0.0,0.007,,1798.0,source_12khz_fe,0,outer_test,B,7.269101811696467e-06,1.9259577255211225e-07,0.9999922129536682,3.2534874755871394e-07
WIN-9635e7302773fb6d7204,source_domain/cwru_12khz_fe/B007_0.mat,source_domain/cwru_12khz_fe/B007_0.mat,B,0.0,0.007,,1798.0,source_12khz_fe,0,outer_test,B,0.0005625924201808534,2.4495847912547743e-05,0.9993976201826965,1.5291549210115198e-05
WIN-ab17f14a1876d835f17f,source_domain/cwru_12khz_fe/B007_0.mat,source_domain/cwru_12khz_fe/B007_0.mat,B,0.0,0.007,,1798.0,source_12khz_fe,0,outer_test,B,0.05444537983311743,0.0021245696125764303,0.941919568358678,0.001510482195627988
WIN-b8f7e3b7bbb386cf66e0,source_domain/cwru_12khz_fe/B007_0.mat,source_domain/cwru_12khz_fe/B007_0.mat,B,0.0,0.007,,1798.0,source_12khz_fe,0,outer_test,B,0.001496017855065148,3.23043726908137e-05,0.9983109381691053,0.00016073960313865953
WIN-ddf026a9aa9e93933961,source_domain/cwru_12khz_fe/B007_0.mat,source_domain/cwru_12khz_fe/B007_0.mat,B,0.0,0.007,,1798.0,source_12khz_fe,0,outer_test,B,0.0005819692246303995,2.9808368377079806e-06,0.9994139271191866,1.1228193452919683e-06
WIN-e69b8a5f43efd3e341c0,source_domain/cwru_12khz_fe/B007_0.mat,source_domain/cwru_12khz_fe/B007_0.mat,B,0.0,0.007,,1798.0,source_12khz_fe,0,outer_test,B,6.2400769572115e-06,2.0165753620807513e-07,0.9999926017739252,9.564915812199835e-07
WIN-eca284a71e0c1ac11041,source_domain/cwru_12khz_fe/B007_0.mat,source_domain/cwru_12khz_fe/B007_0.mat,B,0.0,0.007,,1798.0,source_12khz_fe,0,outer_test,B,0.03789694517828237,3.9058263209250095e-05,0.961956967027616,0.00010702953089217384
WIN-f5636ea33223eed9d925,source_domain/cwru_12khz_fe/B007_0.mat,source_domain/cwru_12khz_fe/B007_0.mat,B,0.0,0.007,,1798.0,source_12khz_fe,0,outer_test,B,0.060204441728679066,0.0013171982487546745,0.937563986407862,0.0009143736147040615
WIN-0320273825c2c88259a7,source_domain/cwru_12khz_fe/B007_3.mat,source_domain/cwru_12khz_fe/B007_3.mat,B,3.0,0.007,,1732.0,source_12khz_fe,0,outer_test,OR,0.6586785347704844,0.020766507427734275,0.2819634551092478,0.03859150269253352
WIN-1700c07dd64b07a5c56f,source_domain/cwru_12khz_fe/B007_3.mat,source_domain/cwru_12khz_fe/B007_3.mat,B,3.0,0.007,,1732.0,source_12khz_fe,0,outer_test,OR,0.6552424367003697,0.04112783802583651,0.2639167146841308,0.03971301058966289
WIN-1e2484005ec9defcf7c5,source_domain/cwru_12khz_fe/B007_3.mat,source_domain/cwru_12khz_fe/B007_3.mat,B,3.0,0.007,,1732.0,source_12khz_fe,0,outer_test,B,1.9845752730599735e-05,2.541551227338223e-10,0.9999800321312398,1.2186187428272163e-07
WIN-2601959fec1ce9560ef0,source_domain/cwru_12khz_fe/B007_3.mat,source_domain/cwru_12khz_fe/B007_3.mat,B,3.0,0.007,,1732.0,source_12khz_fe,0,outer_test,B,0.1339166105289867,0.036967310408972234,0.8155738660636356,0.013542212998405375
WIN-329a0ec73e2cb6f6befe,source_domain/cwru_12khz_fe/B007_3.mat,source_domain/cwru_12khz_fe/B007_3.mat,B,3.0,0.007,,1732.0,source_12khz_fe,0,outer_test,OR,0.7078366258238147,0.02682602054607782,0.22031952315784742,0.04501783047226007
WIN-3629de27ad58b37be352,source_domain/cwru_12khz_fe/B007_3.mat,source_domain/cwru_12khz_fe/B007_3.mat,B,3.0,0.007,,1732.0,source_12khz_fe,0,outer_test,OR,0.5090375722584983,0.02740206431466749,0.4240848564919513,0.039475506934882824
WIN-37b08499ea4aef44f627,source_domain/cwru_12khz_fe/B007_3.mat,source_domain/cwru_12khz_fe/B007_3.mat,B,3.0,0.007,,1732.0,source_12khz_fe,0,outer_test,B,0.4301125748295077,0.031290358436245176,0.49888381936260756,0.0397132473716397
WIN-48bfb74691fab45b7368,source_domain/cwru_12khz_fe/B007_3.mat,source_domain/cwru_12khz_fe/B007_3.mat,B,3.0,0.007,,1732.0,source_12khz_fe,0,outer_test,OR,0.6218164493204676,0.034406275281461104,0.3009556191819883,0.042821656216083026
WIN-90a7529848129262ca12,source_domain/cwru_12khz_fe/B007_3.mat,source_domain/cwru_12khz_fe/B007_3.mat,B,3.0,0.007,,1732.0,source_12khz_fe,0,outer_test,B,0.007203276177339397,0.0027225053104276806,0.9874340305773054,0.0026401879349275113
WIN-979526b8b548ff097201,source_domain/cwru_12khz_fe/B007_3.mat,source_domain/cwru_12khz_fe/B007_3.mat,B,3.0,0.007,,1732.0,source_12khz_fe,0,outer_test,B,0.00010908653577624084,3.3273380666386358e-12,0.9998906806169267,2.3284396968577602e-07
WIN-b5f69035b70f0781318b,source_domain/cwru_12khz_fe/B007_3.mat,source_domain/cwru_12khz_fe/B007_3.mat,B,3.0,0.007,,1732.0,source_12khz_fe,0,outer_test,OR,0.609220795705908,0.02904563399467478,0.3176905511234293,0.0440430191759878
WIN-c1455f1c48534c1d9942,source_domain/cwru_12khz_fe/B007_3.mat,source_domain/cwru_12khz_fe/B007_3.mat,B,3.0,0.007,,1732.0,source_12khz_fe,0,outer_test,OR,0.7459271164607877,0.030787378944111352,0.16813799664923423,0.05514750794586662
WIN-cdd1f7ae6646012ac43b,source_domain/cwru_12khz_fe/B007_3.mat,source_domain/cwru_12khz_fe/B007_3.mat,B,3.0,0.007,,1732.0,source_12khz_fe,0,outer_test,B,0.0053820045170451325,0.002229616068231532,0.9904191189612764,0.00196926045344701
WIN-d590c1261a8f8a71666e,source_domain/cwru_12khz_fe/B007_3.mat,source_domain/cwru_12khz_fe/B007_3.mat,B,3.0,0.007,,1732.0,source_12khz_fe,0,outer_test,OR,0.6842039997853018,0.027679221151317473,0.2360462796092163,0.052070499454164476
WIN-e4093a9c255c8e68bc2d,source_domain/cwru_12khz_fe/B007_3.mat,source_domain/cwru_12khz_fe/B007_3.mat,B,3.0,0.007,,1732.0,source_12khz_fe,0,outer_test,B,0.12312760682076472,0.03372820071400994,0.8324362615704262,0.010707930894799165
WIN-12738a8ff1cde1df5252,source_domain/cwru_12khz_fe/B014_0.mat,source_domain/cwru_12khz_fe/B014_0.mat,B,0.0,0.014,,1796.0,source_12khz_fe,0,outer_test,B,0.02529865852070378,0.02454338946809816,0.9501303418167811,2.761019441693169e-05
WIN-2c5dd68d9a3c2a8bd332,source_domain/cwru_12khz_fe/B014_0.mat,source_domain/cwru_12khz_fe/B014_0.mat,B,0.0,0.014,,1796.0,source_12khz_fe,0,outer_test,B,0.030736886449731222,0.012091481389764822,0.9535022961497802,0.003669336010723681
WIN-3427f9a7fd24dc310f77,source_domain/cwru_12khz_fe/B014_0.mat,source_domain/cwru_12khz_fe/B014_0.mat,B,0.0,0.014,,1796.0,source_12khz_fe,0,outer_test,B,0.003992528723993015,0.005743318428236857,0.9902573453783877,6.807469382307057e-06
WIN-35f379154ce90da08c7a,source_domain/cwru_12khz_fe/B014_0.mat,source_domain/cwru_12khz_fe/B014_0.mat,B,0.0,0.014,,1796.0,source_12khz_fe,0,outer_test,B,0.00792471904669571,0.006224142274841121,0.9858430406682991,8.098010164165497e-06
WIN-4bccca6de03d58d4b6f0,source_domain/cwru_12khz_fe/B014_0.mat,source_domain/cwru_12khz_fe/B014_0.mat,B,0.0,0.014,,1796.0,source_12khz_fe,0,outer_test,B,0.001676298967958098,0.0011012478766407414,0.9972131215988222,9.331556578895468e-06
WIN-55f4ef1d25e27ac9d1f9,source_domain/cwru_12khz_fe/B014_0.mat,source_domain/cwru_12khz_fe/B014_0.mat,B,0.0,0.014,,1796.0,source_12khz_fe,0,outer_test,B,0.0016782442900166946,0.0002440890942691469,0.9980771652512272,5.013644869123777e-07
WIN-5b309f969dcbb80a6771,source_domain/cwru_12khz_fe/B014_0.mat,source_domain/cwru_12khz_fe/B014_0.mat,B,0.0,0.014,,1796.0,source_12khz_fe,0,outer_test,B,0.0003703362717424219,0.0023277749059485687,0.997298199229474,3.6895928347970168e-06
WIN-6e721131deeaa0326e30,source_domain/cwru_12khz_fe/B014_0.mat,source_domain/cwru_12khz_fe/B014_0.mat,B,0.0,0.014,,1796.0,source_12khz_fe,0,outer_test,B,0.0024715998730114766,0.004345868245847217,0.9931767158046595,5.8160764818098234e-06
WIN-75a3398578e2d3667396,source_domain/cwru_12khz_fe/B014_0.mat,source_domain/cwru_12khz_fe/B014_0.mat,B,0.0,0.014,,1796.0,source_12khz_fe,0,outer_test,B,0.006826724317518486,0.05488271690999257,0.9381866441713083,0.00010391460118068684
WIN-8a2155a2928d0380478f,source_domain/cwru_12khz_fe/B014_0.mat,source_domain/cwru_12khz_fe/B014_0.mat,B,0.0,0.014,,1796.0,source_12khz_fe,0,outer_test,B,0.029319486402046496,0.13348027349948735,0.8371324318717632,6.780822670295538e-05
WIN-8acd47c7423c50b9be33,source_domain/cwru_12khz_fe/B014_0.mat,source_domain/cwru_12khz_fe/B014_0.mat,B,0.0,0.014,,1796.0,source_12khz_fe,0,outer_test,B,0.0004078430835043789,2.9037731748550927e-05,0.999562817582569,3.0160217794808944e-07
WIN-90ddf32d14f48f6c411c,source_domain/cwru_12khz_fe/B014_0.mat,source_domain/cwru_12khz_fe/B014_0.mat,B,0.0,0.014,,1796.0,source_12khz_fe,0,outer_test,B,0.00044006958694331303,8.252879161735455e-07,0.999555209774553,3.895350587486775e-06
WIN-a86da486f40b03070c27,source_domain/cwru_12khz_fe/B014_0.mat,source_domain/cwru_12khz_fe/B014_0.mat,B,0.0,0.014,,1796.0,source_12khz_fe,0,outer_test,B,0.038527342489634846,0.023408598299640246,0.9314967591020348,0.006567300108690259
WIN-b31da23344e493409fb2,source_domain/cwru_12khz_fe/B014_0.mat,source_domain/cwru_12khz_fe/B014_0.mat,B,0.0,0.014,,1796.0,source_12khz_fe,0,outer_test,B,0.001985868758297224,0.015982266133309928,0.9820166415650364,1.5223543356440658e-05
WIN-f94500ae333b46c58a95,source_domain/cwru_12khz_fe/B014_0.mat,source_domain/cwru_12khz_fe/B014_0.mat,B,0.0,0.014,,1796.0,source_12khz_fe,0,outer_test,B,0.0014948663560043418,0.0009257434038668613,0.9975728668377494,6.5234023792364225e-06
WIN-18101343915a3d7c252f,source_domain/cwru_12khz_fe/IR007_0.mat,source_domain/cwru_12khz_fe/IR007_0.mat,IR,0.0,0.007,,1796.0,source_12khz_fe,0,outer_test,OR,0.9006107577558834,0.09933487212870916,4.601328528827942e-05,8.356830119220697e-06
WIN-236290c16e2454609e8f,source_domain/cwru_12khz_fe/IR007_0.mat,source_domain/cwru_12khz_fe/IR007_0.mat,IR,0.0,0.007,,1796.0,source_12khz_fe,0,outer_test,OR,0.7543681534199772,0.24558935672413904,3.3342371639258376e-05,9.147484244417111e-06
WIN-3e58b4956f9eb2a15f8f,source_domain/cwru_12khz_fe/IR007_0.mat,source_domain/cwru_12khz_fe/IR007_0.mat,IR,0.0,0.007,,1796.0,source_12khz_fe,0,outer_test,OR,0.720440590291578,0.2794904692963425,6.429065750256843e-05,4.649754576902705e-06
WIN-4858540c7771fcd31f5e,source_domain/cwru_12khz_fe/IR007_0.mat,source_domain/cwru_12khz_fe/IR007_0.mat,IR,0.0,0.007,,1796.0,source_12khz_fe,0,outer_test,OR,0.7221484065301347,0.27780279656089846,3.967875810001879e-05,9.118150866771117e-06
WIN-583a43f7fd9ebf20deb0,source_domain/cwru_12khz_fe/IR007_0.mat,source_domain/cwru_12khz_fe/IR007_0.mat,IR,0.0,0.007,,1796.0,source_12khz_fe,0,outer_test,OR,0.9041677918900769,0.09579632749494305,2.9913091877414842e-05,5.967523102671768e-06
WIN-6436369b6b6a5c89b6f4,source_domain/cwru_12khz_fe/IR007_0.mat,source_domain/cwru_12khz_fe/IR007_0.mat,IR,0.0,0.007,,1796.0,source_12khz_fe,0,outer_test,OR,0.9041224284579888,0.09583838517934931,3.667816970245707e-05,2.5081929593381884e-06
WIN-687a139507a6a6959bf4,source_domain/cwru_12khz_fe/IR007_0.mat,source_domain/cwru_12khz_fe/IR007_0.mat,IR,0.0,0.007,,1796.0,source_12khz_fe,0,outer_test,OR,0.8628897480449664,0.13681421895865611,0.00028962755629467817,6.405440082634422e-06
WIN-6df3b1a0e807f9bfdd2a,source_domain/cwru_12khz_fe/IR007_0.mat,source_domain/cwru_12khz_fe/IR007_0.mat,IR,0.0,0.007,,1796.0,source_12khz_fe,0,outer_test,OR,0.6102283872319658,0.38968616896348723,8.0086608196963e-05,5.357196350080238e-06
WIN-72976a1165ffddbdf3cd,source_domain/cwru_12khz_fe/IR007_0.mat,source_domain/cwru_12khz_fe/IR007_0.mat,IR,0.0,0.007,,1796.0,source_12khz_fe,0,outer_test,OR,0.7720449849913521,0.2279079492288251,3.8744669783844076e-05,8.321110038948297e-06
WIN-8ea36ad1ed8ed4050ee1,source_domain/cwru_12khz_fe/IR007_0.mat,source_domain/cwru_12khz_fe/IR007_0.mat,IR,0.0,0.007,,1796.0,source_12khz_fe,0,outer_test,OR,0.5076048639119126,0.4922646678951612,0.00012394006931771618,6.528123608459879e-06
WIN-aedff8f49043e8611f7b,source_domain/cwru_12khz_fe/IR007_0.mat,source_domain/cwru_12khz_fe/IR007_0.mat,IR,0.0,0.007,,1796.0,source_12khz_fe,0,outer_test,OR,0.8356172823574839,0.16428426367940818,9.049616002981303e-05,7.957803078038723e-06
WIN-daf59a603c9555423e28,source_domain/cwru_12khz_fe/IR007_0.mat,source_domain/cwru_12khz_fe/IR007_0.mat,IR,0.0,0.007,,1796.0,source_12khz_fe,0,outer_test,OR,0.5443636295540175,0.45552183619782977,0.00010879354408946405,5.740704063304517e-06
WIN-db7ef28204ff4354b799,source_domain/cwru_12khz_fe/IR007_0.mat,source_domain/cwru_12khz_fe/IR007_0.mat,IR,0.0,0.007,,1796.0,source_12khz_fe,0,outer_test,OR,0.6787315330584244,0.32119703099022806,6.063624542197842e-05,1.0799705925588888e-05
WIN-e7a5ec78c744c22f6f7b,source_domain/cwru_12khz_fe/IR007_0.mat,source_domain/cwru_12khz_fe/IR007_0.mat,IR,0.0,0.007,,1796.0,source_12khz_fe,0,outer_test,IR,0.3515285259084469,0.6483385599815902,0.00012753401618533042,5.380093777638748e-06
WIN-fe011dea2903f8cd4c22,source_domain/cwru_12khz_fe/IR007_0.mat,source_domain/cwru_12khz_fe/IR007_0.mat,IR,0.0,0.007,,1796.0,source_12khz_fe,0,outer_test,OR,0.637337424786453,0.3625991855255548,5.952268568639689e-05,3.867002305710804e-06
WIN-06ef77117f462ca4aafc,source_domain/cwru_12khz_fe/IR014_0.mat,source_domain/cwru_12khz_fe/IR014_0.mat,IR,0.0,0.014,,1796.0,source_12khz_fe,0,outer_test,OR,0.7707828241083565,0.2187918284700258,0.008946730417733495,0.001478617003884042
WIN-14b7f82858bbdbf77eeb,source_domain/cwru_12khz_fe/IR014_0.mat,source_domain/cwru_12khz_fe/IR014_0.mat,IR,0.0,0.014,,1796.0,source_12khz_fe,0,outer_test,OR,0.758305319334903,0.23070571854281688,0.008118345905514631,0.002870616216765496
WIN-21f44ece947d5ffbac4a,source_domain/cwru_12khz_fe/IR014_0.mat,source_domain/cwru_12khz_fe/IR014_0.mat,IR,0.0,0.014,,1796.0,source_12khz_fe,0,outer_test,OR,0.7508067859932768,0.24177787113667737,0.006119563122156501,0.0012957797478892947
WIN-39974fa6f44d1515f03e,source_domain/cwru_12khz_fe/IR014_0.mat,source_domain/cwru_12khz_fe/IR014_0.mat,IR,0.0,0.014,,1796.0,source_12khz_fe,0,outer_test,OR,0.7216034229544496,0.27119434170506107,0.0058723227019464785,0.0013299126385428624
WIN-571156a292963ce10be9,source_domain/cwru_12khz_fe/IR014_0.mat,source_domain/cwru_12khz_fe/IR014_0.mat,IR,0.0,0.014,,1796.0,source_12khz_fe,0,outer_test,OR,0.6526065885880279,0.34171489091320995,0.004467051151975946,0.0012114693467862767
WIN-57bd81b8264d6660c5d3,source_domain/cwru_12khz_fe/IR014_0.mat,source_domain/cwru_12khz_fe/IR014_0.mat,IR,0.0,0.014,,1796.0,source_12khz_fe,0,outer_test,OR,0.5668973333743693,0.41219752622344447,0.019624455138290392,0.0012806852638958903
WIN-57fcacb5f64126c65095,source_domain/cwru_12khz_fe/IR014_0.mat,source_domain/cwru_12khz_fe/IR014_0.mat,IR,0.0,0.014,,1796.0,source_12khz_fe,0,outer_test,OR,0.7881139820118843,0.19900462346935915,0.009859317892075331,0.0030220766266811404
WIN-62696365c983df932a8d,source_domain/cwru_12khz_fe/IR014_0.mat,source_domain/cwru_12khz_fe/IR014_0.mat,IR,0.0,0.014,,1796.0,source_12khz_fe,0,outer_test,OR,0.670981642239725,0.31301990366734417,0.0141798577787771,0.0018185963141537287
WIN-8271e42c86cd42bc4463,source_domain/cwru_12khz_fe/IR014_0.mat,source_domain/cwru_12khz_fe/IR014_0.mat,IR,0.0,0.014,,1796.0,source_12khz_fe,0,outer_test,OR,0.6967525364783475,0.29490703021832415,0.006759326667454843,0.0015811066358735863
WIN-b1ebedb36966d2107ec7,source_domain/cwru_12khz_fe/IR014_0.mat,source_domain/cwru_12khz_fe/IR014_0.mat,IR,0.0,0.014,,1796.0,source_12khz_fe,0,outer_test,OR,0.7299306751978794,0.2585213956030271,0.010313078414100814,0.0012348507849927848
WIN-b72afe8ff9e3e40e1833,source_domain/cwru_12khz_fe/IR014_0.mat,source_domain/cwru_12khz_fe/IR014_0.mat,IR,0.0,0.014,,1796.0,source_12khz_fe,0,outer_test,OR,0.8173786535107955,0.17453953078955545,0.006457745122324348,0.0016240705773245957
WIN-d484361e8fdc962b15cf,source_domain/cwru_12khz_fe/IR014_0.mat,source_domain/cwru_12khz_fe/IR014_0.mat,IR,0.0,0.014,,1796.0,source_12khz_fe,0,outer_test,OR,0.6621255161351799,0.3284525555523243,0.008409234176997866,0.001012694135497951
WIN-dad8679918e8871ce2f0,source_domain/cwru_12khz_fe/IR014_0.mat,source_domain/cwru_12khz_fe/IR014_0.mat,IR,0.0,0.014,,1796.0,source_12khz_fe,0,outer_test,OR,0.51902815980864,0.4572676633123908,0.022515762598651182,0.0011884142803180256
WIN-f743df3c3f350713e282,source_domain/cwru_12khz_fe/IR014_0.mat,source_domain/cwru_12khz_fe/IR014_0.mat,IR,0.0,0.014,,1796.0,source_12khz_fe,0,outer_test,IR,0.46660465115404176,0.5173385611046111,0.014330280560285883,0.0017265071810611634
WIN-f7c77baae89c17b6049f,source_domain/cwru_12khz_fe/IR014_0.mat,source_domain/cwru_12khz_fe/IR014_0.mat,IR,0.0,0.014,,1796.0,source_12khz_fe,0,outer_test,OR,0.5521191324245621,0.4255454981494815,0.020232440254189642,0.002102929171766719
WIN-08914e4d1f36f7fd0623,source_domain/cwru_12khz_fe/IR014_3.mat,source_domain/cwru_12khz_fe/IR014_3.mat,IR,3.0,0.014,,1733.0,source_12khz_fe,0,outer_test,IR,0.03631777699353443,0.9461382286476907,0.006824214844594318,0.010719779514180428
WIN-1b34a7d35b846363d699,source_domain/cwru_12khz_fe/IR014_3.mat,source_domain/cwru_12khz_fe/IR014_3.mat,IR,3.0,0.014,,1733.0,source_12khz_fe,0,outer_test,IR,0.042357341295786846,0.9393817215685024,0.008374550763161227,0.009886386372549528
WIN-1e336694d1ddc07bc2bd,source_domain/cwru_12khz_fe/IR014_3.mat,source_domain/cwru_12khz_fe/IR014_3.mat,IR,3.0,0.014,,1733.0,source_12khz_fe,0,outer_test,IR,0.021821417524954853,0.9543304014310887,0.01953355135599558,0.004314629687960823
WIN-5067f4851d1df38bb8ea,source_domain/cwru_12khz_fe/IR014_3.mat,source_domain/cwru_12khz_fe/IR014_3.mat,IR,3.0,0.014,,1733.0,source_12khz_fe,0,outer_test,IR,0.023622616063276303,0.9496117740996904,0.02057945947826575,0.006186150358767426
WIN-57cbd4a80d5d75533139,source_domain/cwru_12khz_fe/IR014_3.mat,source_domain/cwru_12khz_fe/IR014_3.mat,IR,3.0,0.014,,1733.0,source_12khz_fe,0,outer_test,IR,0.012755059946847553,0.9429655046843337,0.040198455801897556,0.004080979566921166
WIN-6ac8f82e3370980eb1d2,source_domain/cwru_12khz_fe/IR014_3.mat,source_domain/cwru_12khz_fe/IR014_3.mat,IR,3.0,0.014,,1733.0,source_12khz_fe,0,outer_test,IR,0.020582556287990793,0.9397602022781901,0.03650615070217657,0.0031510907316424767
WIN-6bcc910060e6a2783f7c,source_domain/cwru_12khz_fe/IR014_3.mat,source_domain/cwru_12khz_fe/IR014_3.mat,IR,3.0,0.014,,1733.0,source_12khz_fe,0,outer_test,IR,0.03622131911752423,0.9352875711445668,0.019655742432443675,0.008835367305465485
WIN-9cbbfa0c8ae645300c76,source_domain/cwru_12khz_fe/IR014_3.mat,source_domain/cwru_12khz_fe/IR014_3.mat,IR,3.0,0.014,,1733.0,source_12khz_fe,0,outer_test,IR,0.04764473534501477,0.931733332883023,0.010013281567079275,0.010608650204882972
WIN-9db033efbdf410ea51c3,source_domain/cwru_12khz_fe/IR014_3.mat,source_domain/cwru_12khz_fe/IR014_3.mat,IR,3.0,0.014,,1733.0,source_12khz_fe,0,outer_test,IR,0.05223598095448948,0.9199974047679806,0.017867715896041792,0.009898898381487945
WIN-a8a5f313c519707a0e89,source_domain/cwru_12khz_fe/IR014_3.mat,source_domain/cwru_12khz_fe/IR014_3.mat,IR,3.0,0.014,,1733.0,source_12khz_fe,0,outer_test,IR,0.01977893294735121,0.9672049820044497,0.008448042715710887,0.00456804233248819
WIN-b3641b72e6f4775ec2bb,source_domain/cwru_12khz_fe/IR014_3.mat,source_domain/cwru_12khz_fe/IR014_3.mat,IR,3.0,0.014,,1733.0,source_12khz_fe,0,outer_test,IR,0.050208331999431456,0.9250356248630806,0.012856066830183688,0.01189997630730422
WIN-c7f02031e7dae0fdecb6,source_domain/cwru_12khz_fe/IR014_3.mat,source_domain/cwru_12khz_fe/IR014_3.mat,IR,3.0,0.014,,1733.0,source_12khz_fe,0,outer_test,IR,0.02761785491207448,0.925342044567914,0.03929109179457556,0.007749008725436001
WIN-c9757224d240ac23ec8b,source_domain/cwru_12khz_fe/IR014_3.mat,source_domain/cwru_12khz_fe/IR014_3.mat,IR,3.0,0.014,,1733.0,source_12khz_fe,0,outer_test,IR,0.0550565740924814,0.9168343659281678,0.014708092649115573,0.013400967330235337
WIN-d8c2edb9471f1ca481a2,source_domain/cwru_12khz_fe/IR014_3.mat,source_domain/cwru_12khz_fe/IR014_3.mat,IR,3.0,0.014,,1733.0,source_12khz_fe,0,outer_test,IR,0.01843322020178125,0.9512739063103649,0.026778097071398995,0.0035147764164549025
WIN-dffb160c65b929775fa1,source_domain/cwru_12khz_fe/IR014_3.mat,source_domain/cwru_12khz_fe/IR014_3.mat,IR,3.0,0.014,,1733.0,source_12khz_fe,0,outer_test,IR,0.023555194849451885,0.9614321101244738,0.007406528548634249,0.007606166477439885
WIN-04247458f0f89dc258af,source_domain/cwru_12khz_fe/OR007@3_2.mat,source_domain/cwru_12khz_fe/OR007@3_2.mat,OR,2.0,0.007,3.0,1755.0,source_12khz_fe,0,outer_test,OR,0.9295622340434899,0.06216640269663352,0.006819663081595506,0.0014517001782810475
WIN-09c6ee0513abe2933b90,source_domain/cwru_12khz_fe/OR007@3_2.mat,source_domain/cwru_12khz_fe/OR007@3_2.mat,OR,2.0,0.007,3.0,1755.0,source_12khz_fe,0,outer_test,OR,0.8975753838337492,0.08481085370417583,0.015535255522469659,0.002078506939605147
WIN-2226684687bb63a2bc84,source_domain/cwru_12khz_fe/OR007@3_2.mat,source_domain/cwru_12khz_fe/OR007@3_2.mat,OR,2.0,0.007,3.0,1755.0,source_12khz_fe,0,outer_test,OR,0.9335159761396555,0.05402861923297364,0.010764549692313437,0.0016908549350574565
WIN-229cab111ea86e18fc74,source_domain/cwru_12khz_fe/OR007@3_2.mat,source_domain/cwru_12khz_fe/OR007@3_2.mat,OR,2.0,0.007,3.0,1755.0,source_12khz_fe,0,outer_test,OR,0.9125681873542506,0.07424347276487007,0.011729567475636108,0.001458772405243167
WIN-2326aed37fcd1746ca1f,source_domain/cwru_12khz_fe/OR007@3_2.mat,source_domain/cwru_12khz_fe/OR007@3_2.mat,OR,2.0,0.007,3.0,1755.0,source_12khz_fe,0,outer_test,OR,0.9397204479810269,0.050657356869829306,0.008036558890205835,0.00158563625893794
WIN-25ae8a4c998efccb9a95,source_domain/cwru_12khz_fe/OR007@3_2.mat,source_domain/cwru_12khz_fe/OR007@3_2.mat,OR,2.0,0.007,3.0,1755.0,source_12khz_fe,0,outer_test,OR,0.9418139544332944,0.04856171601794265,0.007562619785799593,0.002061709762963378
WIN-6f14fa52842f76b09c00,source_domain/cwru_12khz_fe/OR007@3_2.mat,source_domain/cwru_12khz_fe/OR007@3_2.mat,OR,2.0,0.007,3.0,1755.0,source_12khz_fe,0,outer_test,OR,0.9309123462519459,0.053952196585925365,0.013012715566946194,0.0021227415951825908
WIN-911dc83c78639aeeb03e,source_domain/cwru_12khz_fe/OR007@3_2.mat,source_domain/cwru_12khz_fe/OR007@3_2.mat,OR,2.0,0.007,3.0,1755.0,source_12khz_fe,0,outer_test,OR,0.9277765810881405,0.053760911798117705,0.016372279649076952,0.0020902274646648366
WIN-94d57054d0ad044a8469,source_domain/cwru_12khz_fe/OR007@3_2.mat,source_domain/cwru_12khz_fe/OR007@3_2.mat,OR,2.0,0.007,3.0,1755.0,source_12khz_fe,0,outer_test,OR,0.9567768585127576,0.03828491609816747,0.0036018453205117693,0.0013363800685631268
WIN-dbd53d16f64ce87a7afa,source_domain/cwru_12khz_fe/OR007@3_2.mat,source_domain/cwru_12khz_fe/OR007@3_2.mat,OR,2.0,0.007,3.0,1755.0,source_12khz_fe,0,outer_test,OR,0.9356427784548688,0.0567848253931605,0.005964256931301729,0.0016081392206689865
WIN-dd83643ea7dfa10be4a7,source_domain/cwru_12khz_fe/OR007@3_2.mat,source_domain/cwru_12khz_fe/OR007@3_2.mat,OR,2.0,0.007,3.0,1755.0,source_12khz_fe,0,outer_test,OR,0.9074465147167272,0.08237660874199979,0.008640865163306264,0.0015360113779667504
WIN-e78714f90f3cdf5a705f,source_domain/cwru_12khz_fe/OR007@3_2.mat,source_domain/cwru_12khz_fe/OR007@3_2.mat,OR,2.0,0.007,3.0,1755.0,source_12khz_fe,0,outer_test,OR,0.9515399022943734,0.04101260316033762,0.005745925377212077,0.0017015691680769586
WIN-f7d1779290dc740f9691,source_domain/cwru_12khz_fe/OR007@3_2.mat,source_domain/cwru_12khz_fe/OR007@3_2.mat,OR,2.0,0.007,3.0,1755.0,source_12khz_fe,0,outer_test,OR,0.9376862540561341,0.0491376570271501,0.01150083937829456,0.0016752495384211548
WIN-f8ac89bd4c4a37b1f9fb,source_domain/cwru_12khz_fe/OR007@3_2.mat,source_domain/cwru_12khz_fe/OR007@3_2.mat,OR,2.0,0.007,3.0,1755.0,source_12khz_fe,0,outer_test,OR,0.9380295800224502,0.051401022536627504,0.008877206953787112,0.0016921904871351437
WIN-fcce1e7f4b60dd6bf5a8,source_domain/cwru_12khz_fe/OR007@3_2.mat,source_domain/cwru_12khz_fe/OR007@3_2.mat,OR,2.0,0.007,3.0,1755.0,source_12khz_fe,0,outer_test,OR,0.928072276098097,0.06456236434219995,0.005585612550967565,0.0017797470087355571
WIN-339607495d82db0420a3,source_domain/cwru_12khz_fe/OR007@6_1.mat,source_domain/cwru_12khz_fe/OR007@6_1.mat,OR,1.0,0.007,6.0,1776.0,source_12khz_fe,0,outer_test,OR,0.9356249856819022,0.03112608703884689,0.033247152080744864,1.7751985059363085e-06
WIN-339a9add6d74c0b99029,source_domain/cwru_12khz_fe/OR007@6_1.mat,source_domain/cwru_12khz_fe/OR007@6_1.mat,OR,1.0,0.007,6.0,1776.0,source_12khz_fe,0,outer_test,OR,0.9210753666737144,0.06878933723359822,0.010132462805259286,2.833287428130471e-06
WIN-379f90e88480a639fdbd,source_domain/cwru_12khz_fe/OR007@6_1.mat,source_domain/cwru_12khz_fe/OR007@6_1.mat,OR,1.0,0.007,6.0,1776.0,source_12khz_fe,0,outer_test,OR,0.9339142644052806,0.057683414690831956,0.008399662190568176,2.658713319357158e-06
WIN-4241aeffaee17b9a0e3d,source_domain/cwru_12khz_fe/OR007@6_1.mat,source_domain/cwru_12khz_fe/OR007@6_1.mat,OR,1.0,0.007,6.0,1776.0,source_12khz_fe,0,outer_test,OR,0.932621776102506,0.049467482577098085,0.017908533352147375,2.2079682486231552e-06
WIN-73a0de716e379e199bf4,source_domain/cwru_12khz_fe/OR007@6_1.mat,source_domain/cwru_12khz_fe/OR007@6_1.mat,OR,1.0,0.007,6.0,1776.0,source_12khz_fe,0,outer_test,OR,0.938838983119223,0.02784509044172534,0.03331433730048654,1.5891385651602817e-06
WIN-9229e6a5f10d3103b3a0,source_domain/cwru_12khz_fe/OR007@6_1.mat,source_domain/cwru_12khz_fe/OR007@6_1.mat,OR,1.0,0.007,6.0,1776.0,source_12khz_fe,0,outer_test,OR,0.9303170166488128,0.03134503934293309,0.03833627586432266,1.668143931422833e-06
WIN-a8cfe540110d3943574d,source_domain/cwru_12khz_fe/OR007@6_1.mat,source_domain/cwru_12khz_fe/OR007@6_1.mat,OR,1.0,0.007,6.0,1776.0,source_12khz_fe,0,outer_test,OR,0.960286645364299,0.02030910072547583,0.019401904642234364,2.3492679908511858e-06
WIN-aa46db7a66608312e249,source_domain/cwru_12khz_fe/OR007@6_1.mat,source_domain/cwru_12khz_fe/OR007@6_1.mat,OR,1.0,0.007,6.0,1776.0,source_12khz_fe,0,outer_test,OR,0.969124048632846,0.024977495518425027,0.005896235199622278,2.220649106666164e-06
WIN-b1bba7d08a3993e6a2af,source_domain/cwru_12khz_fe/OR007@6_1.mat,source_domain/cwru_12khz_fe/OR007@6_1.mat,OR,1.0,0.007,6.0,1776.0,source_12khz_fe,0,outer_test,OR,0.9288492754237526,0.04015790774270143,0.030990805236988262,2.0115965577390642e-06
WIN-b6b2759f8352f91385c6,source_domain/cwru_12khz_fe/OR007@6_1.mat,source_domain/cwru_12khz_fe/OR007@6_1.mat,OR,1.0,0.007,6.0,1776.0,source_12khz_fe,0,outer_test,OR,0.9091972418254144,0.058155712306857205,0.032645047490956924,1.998376771420526e-06
WIN-b9eea8e72338bc41f2b0,source_domain/cwru_12khz_fe/OR007@6_1.mat,source_domain/cwru_12khz_fe/OR007@6_1.mat,OR,1.0,0.007,6.0,1776.0,source_12khz_fe,0,outer_test,OR,0.9199678609343206,0.042229151862694846,0.037800843496819544,2.1437061650038025e-06
WIN-bd222c7f925c41456329,source_domain/cwru_12khz_fe/OR007@6_1.mat,source_domain/cwru_12khz_fe/OR007@6_1.mat,OR,1.0,0.007,6.0,1776.0,source_12khz_fe,0,outer_test,OR,0.9583855806137327,0.033875067239906076,0.007737317666760953,2.034479600177595e-06
WIN-c58af995928a333482a0,source_domain/cwru_12khz_fe/OR007@6_1.mat,source_domain/cwru_12khz_fe/OR007@6_1.mat,OR,1.0,0.007,6.0,1776.0,source_12khz_fe,0,outer_test,OR,0.955087022242274,0.03293083521950129,0.011979662187586193,2.480350638534462e-06
WIN-dfcba3e61544b077929a,source_domain/cwru_12khz_fe/OR007@6_1.mat,source_domain/cwru_12khz_fe/OR007@6_1.mat,OR,1.0,0.007,6.0,1776.0,source_12khz_fe,0,outer_test,OR,0.9588644606629981,0.02220362585825469,0.01893041104836104,1.502430386066452e-06
WIN-ff675681894bc84fb826,source_domain/cwru_12khz_fe/OR007@6_1.mat,source_domain/cwru_12khz_fe/OR007@6_1.mat,OR,1.0,0.007,6.0,1776.0,source_12khz_fe,0,outer_test,OR,0.9627368000174664,0.029307426131525014,0.007953908807839884,1.8650431686231387e-06
WIN-01b084345d1d1dda81c8,source_domain/cwru_12khz_fe/OR007@6_3.mat,source_domain/cwru_12khz_fe/OR007@6_3.mat,OR,3.0,0.007,6.0,1733.0,source_12khz_fe,0,outer_test,OR,0.9079496643024217,0.0662657058072233,0.0257829873224077,1.6425679473564686e-06
WIN-0b13bea642e6d77e074f,source_domain/cwru_12khz_fe/OR007@6_3.mat,source_domain/cwru_12khz_fe/OR007@6_3.mat,OR,3.0,0.007,6.0,1733.0,source_12khz_fe,0,outer_test,OR,0.9507173661600802,0.03516542046032714,0.014116241531914321,9.718476782679761e-07
WIN-2e8b910ee86ff2f7ca91,source_domain/cwru_12khz_fe/OR007@6_3.mat,source_domain/cwru_12khz_fe/OR007@6_3.mat,OR,3.0,0.007,6.0,1733.0,source_12khz_fe,0,outer_test,OR,0.9526595164356896,0.018908120671644723,0.028431429286362785,9.336063029272765e-07
WIN-346596b0929cc42917d6,source_domain/cwru_12khz_fe/OR007@6_3.mat,source_domain/cwru_12khz_fe/OR007@6_3.mat,OR,3.0,0.007,6.0,1733.0,source_12khz_fe,0,outer_test,OR,0.9249423709578384,0.05520173370885264,0.019854585879228115,1.3094540809545722e-06
WIN-3996d45e1ddf96d6f2e2,source_domain/cwru_12khz_fe/OR007@6_3.mat,source_domain/cwru_12khz_fe/OR007@6_3.mat,OR,3.0,0.007,6.0,1733.0,source_12khz_fe,0,outer_test,OR,0.936888424005547,0.04563963592231282,0.01747058069776599,1.3593743743638784e-06
WIN-4d214093c1bc71885e69,source_domain/cwru_12khz_fe/OR007@6_3.mat,source_domain/cwru_12khz_fe/OR007@6_3.mat,OR,3.0,0.007,6.0,1733.0,source_12khz_fe,0,outer_test,OR,0.861136769809081,0.041448382071951534,0.09741382243144017,1.025687527327228e-06
WIN-58b278a7e2dcbba4fc07,source_domain/cwru_12khz_fe/OR007@6_3.mat,source_domain/cwru_12khz_fe/OR007@6_3.mat,OR,3.0,0.007,6.0,1733.0,source_12khz_fe,0,outer_test,OR,0.8748062671284371,0.08745482257658918,0.03773733925600482,1.5710389688516262e-06
WIN-5ae9f6f3696b756cd399,source_domain/cwru_12khz_fe/OR007@6_3.mat,source_domain/cwru_12khz_fe/OR007@6_3.mat,OR,3.0,0.007,6.0,1733.0,source_12khz_fe,0,outer_test,OR,0.9554376900096159,0.025963797285769915,0.018597464708086462,1.0479965278188735e-06
WIN-5c006f77ce463e42e755,source_domain/cwru_12khz_fe/OR007@6_3.mat,source_domain/cwru_12khz_fe/OR007@6_3.mat,OR,3.0,0.007,6.0,1733.0,source_12khz_fe,0,outer_test,OR,0.8433500142933663,0.04880536290655592,0.10784306930443527,1.5534956424275214e-06
WIN-69e67fe1de9f0ba190d1,source_domain/cwru_12khz_fe/OR007@6_3.mat,source_domain/cwru_12khz_fe/OR007@6_3.mat,OR,3.0,0.007,6.0,1733.0,source_12khz_fe,0,outer_test,OR,0.7277196560349102,0.09058630146344214,0.1816928811339414,1.1613677063251164e-06
WIN-71f201b692d6e86ee3bf,source_domain/cwru_12khz_fe/OR007@6_3.mat,source_domain/cwru_12khz_fe/OR007@6_3.mat,OR,3.0,0.007,6.0,1733.0,source_12khz_fe,0,outer_test,OR,0.936581039753234,0.05079815639354353,0.012619644104353853,1.1597488685539512e-06
WIN-8ad57c0b9255dfa199a4,source_domain/cwru_12khz_fe/OR007@6_3.mat,source_domain/cwru_12khz_fe/OR007@6_3.mat,OR,3.0,0.007,6.0,1733.0,source_12khz_fe,0,outer_test,OR,0.9013679835889179,0.07011923913237504,0.028511126599158162,1.6506795488425912e-06
WIN-c92f8602faf52aa67c41,source_domain/cwru_12khz_fe/OR007@6_3.mat,source_domain/cwru_12khz_fe/OR007@6_3.mat,OR,3.0,0.007,6.0,1733.0,source_12khz_fe,0,outer_test,OR,0.9811868824751594,0.013302218464887562,0.005510068386733298,8.306732196590743e-07
WIN-c9bca0fa61e360d5746b,source_domain/cwru_12khz_fe/OR007@6_3.mat,source_domain/cwru_12khz_fe/OR007@6_3.mat,OR,3.0,0.007,6.0,1733.0,source_12khz_fe,0,outer_test,OR,0.8880798007558325,0.045200596075893655,0.06671795853285697,1.6446354168590333e-06
WIN-dc246e026a16a9308b7c,source_domain/cwru_12khz_fe/OR007@6_3.mat,source_domain/cwru_12khz_fe/OR007@6_3.mat,OR,3.0,0.007,6.0,1733.0,source_12khz_fe,0,outer_test,OR,0.9725298833404779,0.01681808297602186,0.0106512816697629,7.520137374212126e-07
WIN-0dba483cd52e28da632f,source_domain/cwru_12khz_fe/OR014@3_0.mat,source_domain/cwru_12khz_fe/OR014@3_0.mat,OR,0.0,0.014,3.0,1796.0,source_12khz_fe,0,outer_test,IR,0.19871997092056434,0.7965954149807065,0.004683351310789842,1.2627879392101372e-06
WIN-0e4db0e40ed1f08b6a51,source_domain/cwru_12khz_fe/OR014@3_0.mat,source_domain/cwru_12khz_fe/OR014@3_0.mat,OR,0.0,0.014,3.0,1796.0,source_12khz_fe,0,outer_test,IR,0.3592248284502128,0.6353907689414847,0.005383073318754466,1.3292895479683005e-06
WIN-0f9b2af42d34b44da4c2,source_domain/cwru_12khz_fe/OR014@3_0.mat,source_domain/cwru_12khz_fe/OR014@3_0.mat,OR,0.0,0.014,3.0,1796.0,source_12khz_fe,0,outer_test,IR,0.4503075531912856,0.5440542285361999,0.005636138652617314,2.0796198971658516e-06
WIN-1503c05f80ff9e37c282,source_domain/cwru_12khz_fe/OR014@3_0.mat,source_domain/cwru_12khz_fe/OR014@3_0.mat,OR,0.0,0.014,3.0,1796.0,source_12khz_fe,0,outer_test,OR,0.6081632913655268,0.3858120121091004,0.006023254239185544,1.4422861871914753e-06
WIN-1cf7daa4a95ef9286808,source_domain/cwru_12khz_fe/OR014@3_0.mat,source_domain/cwru_12khz_fe/OR014@3_0.mat,OR,0.0,0.014,3.0,1796.0,source_12khz_fe,0,outer_test,IR,0.41290279255426143,0.5777936941655742,0.009302125577320134,1.3877028442009861e-06
WIN-51e64d94e6ba2dd02317,source_domain/cwru_12khz_fe/OR014@3_0.mat,source_domain/cwru_12khz_fe/OR014@3_0.mat,OR,0.0,0.014,3.0,1796.0,source_12khz_fe,0,outer_test,IR,0.24030685944278737,0.7522849956234704,0.007407214324272657,9.306094696877694e-07
WIN-a6960b575c39988059eb,source_domain/cwru_12khz_fe/OR014@3_0.mat,source_domain/cwru_12khz_fe/OR014@3_0.mat,OR,0.0,0.014,3.0,1796.0,source_12khz_fe,0,outer_test,IR,0.42767738238707753,0.5640455899745103,0.008275050096843308,1.977541568974342e-06
WIN-b44ad2caefaee532dc9c,source_domain/cwru_12khz_fe/OR014@3_0.mat,source_domain/cwru_12khz_fe/OR014@3_0.mat,OR,0.0,0.014,3.0,1796.0,source_12khz_fe,0,outer_test,IR,0.330398561872773,0.6631274172225822,0.006472326165482561,1.6947391622498741e-06
WIN-bd613a02750615c9c225,source_domain/cwru_12khz_fe/OR014@3_0.mat,source_domain/cwru_12khz_fe/OR014@3_0.mat,OR,0.0,0.014,3.0,1796.0,source_12khz_fe,0,outer_test,OR,0.5175478332275576,0.47727862865665016,0.005170530462687086,3.0076531051468137e-06
WIN-c705729605c8ffcb6f46,source_domain/cwru_12khz_fe/OR014@3_0.mat,source_domain/cwru_12khz_fe/OR014@3_0.mat,OR,0.0,0.014,3.0,1796.0,source_12khz_fe,0,outer_test,IR,0.41960472433991164,0.5715514899182452,0.008842072812757793,1.7129290852172653e-06
WIN-d08de811b15bb1987617,source_domain/cwru_12khz_fe/OR014@3_0.mat,source_domain/cwru_12khz_fe/OR014@3_0.mat,OR,0.0,0.014,3.0,1796.0,source_12khz_fe,0,outer_test,IR,0.34967967577167713,0.6465222770262995,0.003796262971176067,1.784230847378722e-06
WIN-d2bf5edb6294c03be3e5,source_domain/cwru_12khz_fe/OR014@3_0.mat,source_domain/cwru_12khz_fe/OR014@3_0.mat,OR,0.0,0.014,3.0,1796.0,source_12khz_fe,0,outer_test,IR,0.4707255098684302,0.5202743372503119,0.008998343849613729,1.8090316441557302e-06
WIN-d41750cb4ba6b45b374d,source_domain/cwru_12khz_fe/OR014@3_0.mat,source_domain/cwru_12khz_fe/OR014@3_0.mat,OR,0.0,0.014,3.0,1796.0,source_12khz_fe,0,outer_test,IR,0.4416627803462614,0.5510227881891828,0.00731254204743718,1.889417118775192e-06
WIN-f34f88daad4b7a9a13bb,source_domain/cwru_12khz_fe/OR014@3_0.mat,source_domain/cwru_12khz_fe/OR014@3_0.mat,OR,0.0,0.014,3.0,1796.0,source_12khz_fe,0,outer_test,IR,0.23099732900559775,0.7645494123187377,0.004452331896299668,9.267793647578691e-07
WIN-fd313f29908670a0da12,source_domain/cwru_12khz_fe/OR014@3_0.mat,source_domain/cwru_12khz_fe/OR014@3_0.mat,OR,0.0,0.014,3.0,1796.0,source_12khz_fe,0,outer_test,IR,0.1876621858528168,0.8080941548472506,0.004242301535521714,1.3577644107366432e-06
WIN-14d7f80984a0b752a720,source_domain/cwru_12khz_fe/OR014@3_1.mat,source_domain/cwru_12khz_fe/OR014@3_1.mat,OR,1.0,0.014,3.0,1774.0,source_12khz_fe,0,outer_test,IR,0.02579995114809826,0.9724832022411772,0.0017128037192947932,4.042891429548323e-06
WIN-1bce2fc71404cbcfeb18,source_domain/cwru_12khz_fe/OR014@3_1.mat,source_domain/cwru_12khz_fe/OR014@3_1.mat,OR,1.0,0.014,3.0,1774.0,source_12khz_fe,0,outer_test,IR,0.037490857349409275,0.9575141357749244,0.004986265139880417,8.741735786002176e-06
WIN-26a74af4c843ff6daf41,source_domain/cwru_12khz_fe/OR014@3_1.mat,source_domain/cwru_12khz_fe/OR014@3_1.mat,OR,1.0,0.014,3.0,1774.0,source_12khz_fe,0,outer_test,IR,0.035483862664454295,0.9624558923736655,0.0020558193134086232,4.425648471595349e-06
WIN-32503f132f17adc51e85,source_domain/cwru_12khz_fe/OR014@3_1.mat,source_domain/cwru_12khz_fe/OR014@3_1.mat,OR,1.0,0.014,3.0,1774.0,source_12khz_fe,0,outer_test,IR,0.07190496917601805,0.9274356219092786,0.0006486369886269902,1.0771926076475424e-05
WIN-53a159cc2fc7cc77a379,source_domain/cwru_12khz_fe/OR014@3_1.mat,source_domain/cwru_12khz_fe/OR014@3_1.mat,OR,1.0,0.014,3.0,1774.0,source_12khz_fe,0,outer_test,IR,0.12369866520327207,0.8547643342614345,0.02151612422960211,2.0876305691060164e-05
WIN-57ffa0f255cff11ff648,source_domain/cwru_12khz_fe/OR014@3_1.mat,source_domain/cwru_12khz_fe/OR014@3_1.mat,OR,1.0,0.014,3.0,1774.0,source_12khz_fe,0,outer_test,IR,0.05831787461519956,0.9372010235141786,0.004473334507220229,7.767363401648775e-06
WIN-593a648bfb02094b8ed8,source_domain/cwru_12khz_fe/OR014@3_1.mat,source_domain/cwru_12khz_fe/OR014@3_1.mat,OR,1.0,0.014,3.0,1774.0,source_12khz_fe,0,outer_test,IR,0.06274800350946567,0.9327338521451313,0.004509902097901462,8.242247501620676e-06
WIN-59f59b72b33551329818,source_domain/cwru_12khz_fe/OR014@3_1.mat,source_domain/cwru_12khz_fe/OR014@3_1.mat,OR,1.0,0.014,3.0,1774.0,source_12khz_fe,0,outer_test,IR,0.04133141799557487,0.9555299369381616,0.003133392201476502,5.252864787148539e-06
WIN-8b121ef2433d93440359,source_domain/cwru_12khz_fe/OR014@3_1.mat,source_domain/cwru_12khz_fe/OR014@3_1.mat,OR,1.0,0.014,3.0,1774.0,source_12khz_fe,0,outer_test,IR,0.053369485259336664,0.9405900144396194,0.006029491566892369,1.1008734151588223e-05
WIN-8c5c2f4a696f556b0d19,source_domain/cwru_12khz_fe/OR014@3_1.mat,source_domain/cwru_12khz_fe/OR014@3_1.mat,OR,1.0,0.014,3.0,1774.0,source_12khz_fe,0,outer_test,IR,0.1305453180274303,0.8440202680800886,0.025415690511211148,1.8723381269998317e-05
WIN-8d67a46a2121dd909f68,source_domain/cwru_12khz_fe/OR014@3_1.mat,source_domain/cwru_12khz_fe/OR014@3_1.mat,OR,1.0,0.014,3.0,1774.0,source_12khz_fe,0,outer_test,IR,0.06718346652434841,0.9304703946887869,0.0023373156850113623,8.823101853518079e-06
WIN-8fec5551862db2f244aa,source_domain/cwru_12khz_fe/OR014@3_1.mat,source_domain/cwru_12khz_fe/OR014@3_1.mat,OR,1.0,0.014,3.0,1774.0,source_12khz_fe,0,outer_test,IR,0.04315866537600714,0.9494826597233954,0.007348987563530465,9.687337067004486e-06
WIN-9e87a135b2d73e9dd7f6,source_domain/cwru_12khz_fe/OR014@3_1.mat,source_domain/cwru_12khz_fe/OR014@3_1.mat,OR,1.0,0.014,3.0,1774.0,source_12khz_fe,0,outer_test,IR,0.13104443616689587,0.863154613236779,0.0057875812184882015,1.33693778368694e-05
WIN-a179e3ac14ea80714945,source_domain/cwru_12khz_fe/OR014@3_1.mat,source_domain/cwru_12khz_fe/OR014@3_1.mat,OR,1.0,0.014,3.0,1774.0,source_12khz_fe,0,outer_test,IR,0.047770894459255385,0.9510879772929188,0.0011339927777040593,7.135470121717035e-06
WIN-b10bbdf4c10aaab818af,source_domain/cwru_12khz_fe/OR014@3_1.mat,source_domain/cwru_12khz_fe/OR014@3_1.mat,OR,1.0,0.014,3.0,1774.0,source_12khz_fe,0,outer_test,IR,0.06502523213371682,0.9314562942504799,0.0035090088468233993,9.464768979853092e-06
WIN-b6b91b00c0fccab7f7f1,source_domain/cwru_12khz_fe/OR014@3_1.mat,source_domain/cwru_12khz_fe/OR014@3_1.mat,OR,1.0,0.014,3.0,1774.0,source_12khz_fe,0,outer_test,IR,0.07778872578490728,0.9183959382276924,0.0038031182703683946,1.2217717031827461e-05
WIN-b7d9c4e94ccf982535a2,source_domain/cwru_12khz_fe/OR014@3_1.mat,source_domain/cwru_12khz_fe/OR014@3_1.mat,OR,1.0,0.014,3.0,1774.0,source_12khz_fe,0,outer_test,IR,0.07648045068212936,0.9205778606916719,0.002930806939094765,1.0881687104183518e-05
WIN-cf13bfe3e7d6f5d19f0a,source_domain/cwru_12khz_fe/OR014@3_1.mat,source_domain/cwru_12khz_fe/OR014@3_1.mat,OR,1.0,0.014,3.0,1774.0,source_12khz_fe,0,outer_test,IR,0.05481322211820532,0.9364688047711773,0.008709575429852455,8.397680765002815e-06
WIN-e568f4445c9a447c1e92,source_domain/cwru_12khz_fe/OR014@3_1.mat,source_domain/cwru_12khz_fe/OR014@3_1.mat,OR,1.0,0.014,3.0,1774.0,source_12khz_fe,0,outer_test,IR,0.041671353145880025,0.9516635707017327,0.006657426856424387,7.64929596276818e-06
WIN-0bda89a6cbca00fc09ee,source_domain/cwru_12khz_fe/OR014@3_2.mat,source_domain/cwru_12khz_fe/OR014@3_2.mat,OR,2.0,0.014,3.0,1752.0,source_12khz_fe,0,outer_test,IR,0.025009808293378833,0.9749260702146579,6.380318765393478e-05,3.1830430924690216e-07
WIN-36737f655d76b9c438d2,source_domain/cwru_12khz_fe/OR014@3_2.mat,source_domain/cwru_12khz_fe/OR014@3_2.mat,OR,2.0,0.014,3.0,1752.0,source_12khz_fe,0,outer_test,IR,0.06105921247516028,0.938413763824796,0.0005267591228745193,2.6457716916619623e-07
WIN-37d0018cbfa47696f984,source_domain/cwru_12khz_fe/OR014@3_2.mat,source_domain/cwru_12khz_fe/OR014@3_2.mat,OR,2.0,0.014,3.0,1752.0,source_12khz_fe,0,outer_test,IR,0.1381942589933504,0.8612368341195117,0.0005680119693410641,8.949177968602438e-07
WIN-6af8a9abcc1d54ea6a8f,source_domain/cwru_12khz_fe/OR014@3_2.mat,source_domain/cwru_12khz_fe/OR014@3_2.mat,OR,2.0,0.014,3.0,1752.0,source_12khz_fe,0,outer_test,IR,0.12343094099330498,0.8761288166260741,0.0004393322921624322,9.100884584270121e-07
WIN-6d3313e3f3f6965f01ad,source_domain/cwru_12khz_fe/OR014@3_2.mat,source_domain/cwru_12khz_fe/OR014@3_2.mat,OR,2.0,0.014,3.0,1752.0,source_12khz_fe,0,outer_test,IR,0.1832882292539319,0.8162632011873349,0.0004476513409976627,9.182177354631771e-07
WIN-778cd539f2bc49785463,source_domain/cwru_12khz_fe/OR014@3_2.mat,source_domain/cwru_12khz_fe/OR014@3_2.mat,OR,2.0,0.014,3.0,1752.0,source_12khz_fe,0,outer_test,IR,0.07495329752830962,0.9249028758027732,0.00014348200072290105,3.4466819420617924e-07
WIN-95032c32fc26b6aa91a4,source_domain/cwru_12khz_fe/OR014@3_2.mat,source_domain/cwru_12khz_fe/OR014@3_2.mat,OR,2.0,0.014,3.0,1752.0,source_12khz_fe,0,outer_test,IR,0.09085050422979751,0.908848456007386,0.00030064264136442804,3.9712145212921014e-07
WIN-ab70f1377e750813aee3,source_domain/cwru_12khz_fe/OR014@3_2.mat,source_domain/cwru_12khz_fe/OR014@3_2.mat,OR,2.0,0.014,3.0,1752.0,source_12khz_fe,0,outer_test,IR,0.10547650260583835,0.8943605508044111,0.00016244372407233726,5.028656782086535e-07
WIN-b4c1295d21b4bedbce89,source_domain/cwru_12khz_fe/OR014@3_2.mat,source_domain/cwru_12khz_fe/OR014@3_2.mat,OR,2.0,0.014,3.0,1752.0,source_12khz_fe,0,outer_test,IR,0.0972862913172833,0.9024517552131831,0.0002615950631254449,3.584064082506953e-07
WIN-b6c96400ed4fb9d9799c,source_domain/cwru_12khz_fe/OR014@3_2.mat,source_domain/cwru_12khz_fe/OR014@3_2.mat,OR,2.0,0.014,3.0,1752.0,source_12khz_fe,0,outer_test,IR,0.14515248668921268,0.8540956028112237,0.0007515578276605988,3.5267190318806875e-07
WIN-c50a0cc2f993812c0db1,source_domain/cwru_12khz_fe/OR014@3_2.mat,source_domain/cwru_12khz_fe/OR014@3_2.mat,OR,2.0,0.014,3.0,1752.0,source_12khz_fe,0,outer_test,IR,0.2149033072131445,0.7846282923495901,0.00046788651177975506,5.13925485599798e-07
WIN-d81d869b3bdb93c8b152,source_domain/cwru_12khz_fe/OR014@3_2.mat,source_domain/cwru_12khz_fe/OR014@3_2.mat,OR,2.0,0.014,3.0,1752.0,source_12khz_fe,0,outer_test,IR,0.02814305399876263,0.9716612038159739,0.00019546657381184045,2.7561145165762806e-07
WIN-d92cc1bad4316b7d1a8b,source_domain/cwru_12khz_fe/OR014@3_2.mat,source_domain/cwru_12khz_fe/OR014@3_2.mat,OR,2.0,0.014,3.0,1752.0,source_12khz_fe,0,outer_test,IR,0.055249930449308184,0.9446000907181006,0.00014941268335100816,5.661492401501233e-07
WIN-f036030be2575b1e9fac,source_domain/cwru_12khz_fe/OR014@3_2.mat,source_domain/cwru_12khz_fe/OR014@3_2.mat,OR,2.0,0.014,3.0,1752.0,source_12khz_fe,0,outer_test,IR,0.10240035875007077,0.8972429846892054,0.00035632749774188144,3.290629819868773e-07
WIN-f39a39c07848c2fa8cf4,source_domain/cwru_12khz_fe/OR014@3_2.mat,source_domain/cwru_12khz_fe/OR014@3_2.mat,OR,2.0,0.014,3.0,1752.0,source_12khz_fe,0,outer_test,IR,0.312210227800636,0.687043496814245,0.0007457486406574764,5.267444613528421e-07
WIN-322a18d691cfd36a08b3,source_domain/cwru_48khz_normal/N_0.mat,source_domain/cwru_48khz_normal/N_0.mat,N,0.0,,,1796.0,source_48khz_normal,0,outer_test,OR,0.9883428344084758,0.006214665007390897,1.5025800481271287e-05,0.005427474783651933
WIN-4a618f2138cdc85801af,source_domain/cwru_48khz_normal/N_0.mat,source_domain/cwru_48khz_normal/N_0.mat,N,0.0,,,1796.0,source_48khz_normal,0,outer_test,OR,0.9833836527770354,0.008602301591301823,1.7605458159174226e-05,0.007996440173503655
WIN-502ec8334ffa1a8d63e3,source_domain/cwru_48khz_normal/N_0.mat,source_domain/cwru_48khz_normal/N_0.mat,N,0.0,,,1796.0,source_48khz_normal,0,outer_test,OR,0.9652834825948592,0.003019291342482353,7.363028370565891e-05,0.031623595778952726
WIN-7f0ad7fca14b73edeb2a,source_domain/cwru_48khz_normal/N_0.mat,source_domain/cwru_48khz_normal/N_0.mat,N,0.0,,,1796.0,source_48khz_normal,0,outer_test,OR,0.976020917164734,0.003792615070369645,4.3361675462739676e-05,0.02014310608943351
WIN-8960803c077ecbaf51d0,source_domain/cwru_48khz_normal/N_0.mat,source_domain/cwru_48khz_normal/N_0.mat,N,0.0,,,1796.0,source_48khz_normal,0,outer_test,OR,0.9887789173416298,0.0042102989700165995,1.1884642803544012e-05,0.006998899045550037
WIN-b2620e28c94bd7adacec,source_domain/cwru_48khz_normal/N_0.mat,source_domain/cwru_48khz_normal/N_0.mat,N,0.0,,,1796.0,source_48khz_normal,0,outer_test,OR,0.9778177511225109,0.0031845994420102407,2.348267445550821e-05,0.01897416676102338
WIN-d0137db01b87aabbc0bd,source_domain/cwru_48khz_normal/N_0.mat,source_domain/cwru_48khz_normal/N_0.mat,N,0.0,,,1796.0,source_48khz_normal,0,outer_test,OR,0.9922693273008898,0.0021249500141208174,1.6013067795309443e-05,0.005589709617194158
WIN-dac6e6bdf1c2ddf450df,source_domain/cwru_48khz_normal/N_0.mat,source_domain/cwru_48khz_normal/N_0.mat,N,0.0,,,1796.0,source_48khz_normal,0,outer_test,OR,0.9879330471065239,0.0016374527053821222,5.7496017070845286e-05,0.010372004171023085
WIN-fce5ea864f9cca37ec58,source_domain/cwru_48khz_normal/N_0.mat,source_domain/cwru_48khz_normal/N_0.mat,N,0.0,,,1796.0,source_48khz_normal,0,outer_test,OR,0.9719349372183992,0.0011915736005183382,0.00010769972938447135,0.02676578945169798
WIN-25c24932c6ba90148763,source_domain/cwru_12khz_fe/B014_3.mat,source_domain/cwru_12khz_fe/B014_3.mat,B,3.0,0.014,,1732.0,source_12khz_fe,1,outer_test,B,0.00023197767689002007,0.0014394871112955094,0.9983279823758464,5.528359679277258e-07
WIN-42ef98b4686408af7196,source_domain/cwru_12khz_fe/B014_3.mat,source_domain/cwru_12khz_fe/B014_3.mat,B,3.0,0.014,,1732.0,source_12khz_fe,1,outer_test,B,0.0015038565437573911,0.0020566747519598434,0.9964393856679987,8.303628412055124e-08
WIN-643b84d5e705c0c4f20e,source_domain/cwru_12khz_fe/B014_3.mat,source_domain/cwru_12khz_fe/B014_3.mat,B,3.0,0.014,,1732.0,source_12khz_fe,1,outer_test,B,0.00015575974988858495,0.007219173771651921,0.9926233172468721,1.749231587382521e-06
WIN-71a23180ca05c3f356d7,source_domain/cwru_12khz_fe/B014_3.mat,source_domain/cwru_12khz_fe/B014_3.mat,B,3.0,0.014,,1732.0,source_12khz_fe,1,outer_test,B,1.7792522950330075e-05,0.00048163500235378655,0.999500412997475,1.594772208020847e-07
WIN-7c366f0765f7f25a5d45,source_domain/cwru_12khz_fe/B014_3.mat,source_domain/cwru_12khz_fe/B014_3.mat,B,3.0,0.014,,1732.0,source_12khz_fe,1,outer_test,B,0.0003775199311452751,0.12507002953959717,0.8745207737775291,3.16767517283282e-05
WIN-a65048188e9c2363e19a,source_domain/cwru_12khz_fe/B014_3.mat,source_domain/cwru_12khz_fe/B014_3.mat,B,3.0,0.014,,1732.0,source_12khz_fe,1,outer_test,B,0.002466346173348361,0.026410956706301378,0.9711177807796518,4.916340698371943e-06
WIN-c5ffba9fa48ee2d2f8e6,source_domain/cwru_12khz_fe/B014_3.mat,source_domain/cwru_12khz_fe/B014_3.mat,B,3.0,0.014,,1732.0,source_12khz_fe,1,outer_test,B,0.0009709621956324826,0.01540930438525201,0.9831319913253644,0.0004877420937509649
WIN-da858fbc7f7d6cd0a253,source_domain/cwru_12khz_fe/B014_3.mat,source_domain/cwru_12khz_fe/B014_3.mat,B,3.0,0.014,,1732.0,source_12khz_fe,1,outer_test,B,1.5375565990784193e-05,4.5737591377025176e-05,0.9999388513291634,3.5513468857635846e-08
WIN-dbfe99d6cb64529c7d03,source_domain/cwru_12khz_fe/B014_3.mat,source_domain/cwru_12khz_fe/B014_3.mat,B,3.0,0.014,,1732.0,source_12khz_fe,1,outer_test,B,0.0012754650847277122,0.16802492778938521,0.8306446477513213,5.49593745657584e-05
WIN-ddf60ff253e37de91ced,source_domain/cwru_12khz_fe/B014_3.mat,source_domain/cwru_12khz_fe/B014_3.mat,B,3.0,0.014,,1732.0,source_12khz_fe,1,outer_test,B,0.0008665340034384243,0.02363580567913094,0.975482760198454,1.4900118976472949e-05
WIN-e1f8581ec72156e4c40d,source_domain/cwru_12khz_fe/B014_3.mat,source_domain/cwru_12khz_fe/B014_3.mat,B,3.0,0.014,,1732.0,source_12khz_fe,1,outer_test,B,0.0018942895230917242,0.0342577121031864,0.9637788422670607,6.915610666120798e-05
WIN-e28340f0d7d9453a9caa,source_domain/cwru_12khz_fe/B014_3.mat,source_domain/cwru_12khz_fe/B014_3.mat,B,3.0,0.014,,1732.0,source_12khz_fe,1,outer_test,B,0.00010802944342380462,0.010503190342058204,0.9893651084909457,2.3671723572366575e-05
WIN-f77c4cc3d3a83b436b63,source_domain/cwru_12khz_fe/B014_3.mat,source_domain/cwru_12khz_fe/B014_3.mat,B,3.0,0.014,,1732.0,source_12khz_fe,1,outer_test,B,3.63657031928714e-05,0.00012772849679784588,0.9998358877345028,1.8065506355385328e-08
WIN-f794c617abb0155a5f49,source_domain/cwru_12khz_fe/B014_3.mat,source_domain/cwru_12khz_fe/B014_3.mat,B,3.0,0.014,,1732.0,source_12khz_fe,1,outer_test,B,0.0005909087160830222,0.1602933158105166,0.8390450639154432,7.07115579572289e-05
WIN-fbf0bf5d0844273a42a6,source_domain/cwru_12khz_fe/B014_3.mat,source_domain/cwru_12khz_fe/B014_3.mat,B,3.0,0.014,,1732.0,source_12khz_fe,1,outer_test,B,0.00016095575040269642,0.04589581636092347,0.9539043186931287,3.890919554508572e-05
WIN-091f8a8ee20b9dd7c9e4,source_domain/cwru_12khz_fe/B021_2.mat,source_domain/cwru_12khz_fe/B021_2.mat,B,2.0,0.021,,1756.0,source_12khz_fe,1,outer_test,B,0.0013583288100649648,0.0004429557899614109,0.998198357903018,3.574969556675135e-07
WIN-0f6a3bc9202534158bf2,source_domain/cwru_12khz_fe/B021_2.mat,source_domain/cwru_12khz_fe/B021_2.mat,B,2.0,0.021,,1756.0,source_12khz_fe,1,outer_test,B,0.00010098168344230323,3.906171397696634e-05,0.9998599561742783,4.2830242577368613e-10
WIN-200a713d371478eda482,source_domain/cwru_12khz_fe/B021_2.mat,source_domain/cwru_12khz_fe/B021_2.mat,B,2.0,0.021,,1756.0,source_12khz_fe,1,outer_test,B,0.23420043452036418,0.019529882785069893,0.746246959837499,2.2722857066965183e-05
WIN-3229a1a5c839e1200807,source_domain/cwru_12khz_fe/B021_2.mat,source_domain/cwru_12khz_fe/B021_2.mat,B,2.0,0.021,,1756.0,source_12khz_fe,1,outer_test,B,0.002566148927542586,5.4008572475659585e-05,0.997378544790161,1.2977098207768335e-06
WIN-651c3edbaed6a47e5dea,source_domain/cwru_12khz_fe/B021_2.mat,source_domain/cwru_12khz_fe/B021_2.mat,B,2.0,0.021,,1756.0,source_12khz_fe,1,outer_test,B,0.09942953452052546,0.01374375733064677,0.8868097715567163,1.6936592111326815e-05
WIN-71ac72822ad527b35259,source_domain/cwru_12khz_fe/B021_2.mat,source_domain/cwru_12khz_fe/B021_2.mat,B,2.0,0.021,,1756.0,source_12khz_fe,1,outer_test,B,1.936770086538056e-06,9.522826473725391e-06,0.9999885403763293,2.711043890622984e-11
WIN-867730a772b9dcd0ed48,source_domain/cwru_12khz_fe/B021_2.mat,source_domain/cwru_12khz_fe/B021_2.mat,B,2.0,0.021,,1756.0,source_12khz_fe,1,outer_test,B,0.0009606259615509288,0.00013403925465494226,0.9989047421150171,5.92668777072518e-07
WIN-9256778c4e9f54cc41aa,source_domain/cwru_12khz_fe/B021_2.mat,source_domain/cwru_12khz_fe/B021_2.mat,B,2.0,0.021,,1756.0,source_12khz_fe,1,outer_test,B,0.02743729170003724,0.0016811610851803264,0.9708210721068202,6.0475107962210535e-05
WIN-92d189de72817f1e5ada,source_domain/cwru_12khz_fe/B021_2.mat,source_domain/cwru_12khz_fe/B021_2.mat,B,2.0,0.021,,1756.0,source_12khz_fe,1,outer_test,B,0.04605578890108859,0.0022289111499420537,0.9515286424175774,0.00018665753139184303
WIN-94b1eeafc18011bf8eef,source_domain/cwru_12khz_fe/B021_2.mat,source_domain/cwru_12khz_fe/B021_2.mat,B,2.0,0.021,,1756.0,source_12khz_fe,1,outer_test,B,0.001051566893728913,0.0004556395672894512,0.9984925651691535,2.2836982800994963e-07
WIN-9f44ba4ed2fff4393dbb,source_domain/cwru_12khz_fe/B021_2.mat,source_domain/cwru_12khz_fe/B021_2.mat,B,2.0,0.021,,1756.0,source_12khz_fe,1,outer_test,B,0.05327701953752492,0.014620214012867875,0.932056449263826,4.6317185781182414e-05
WIN-b05c8e4964f9df72bf1f,source_domain/cwru_12khz_fe/B021_2.mat,source_domain/cwru_12khz_fe/B021_2.mat,B,2.0,0.021,,1756.0,source_12khz_fe,1,outer_test,B,0.022990604348705347,0.0012800681732891713,0.9755559753616688,0.0001733521163366351
WIN-c62646b8543263f175d1,source_domain/cwru_12khz_fe/B021_2.mat,source_domain/cwru_12khz_fe/B021_2.mat,B,2.0,0.021,,1756.0,source_12khz_fe,1,outer_test,B,0.2298771775566826,0.07884434917186993,0.6911550731017735,0.00012340016967383758
WIN-f2a109bfcb3bd50884d4,source_domain/cwru_12khz_fe/B021_2.mat,source_domain/cwru_12khz_fe/B021_2.mat,B,2.0,0.021,,1756.0,source_12khz_fe,1,outer_test,B,0.14758193469867412,0.003448628101283272,0.847080345979101,0.0018890912209417001
WIN-f899c7d4a17a6b224947,source_domain/cwru_12khz_fe/B021_2.mat,source_domain/cwru_12khz_fe/B021_2.mat,B,2.0,0.021,,1756.0,source_12khz_fe,1,outer_test,B,0.05672683469597694,0.28645188286599027,0.6567957537869269,2.552865110601059e-05
WIN-14094409b262f8c91fdc,source_domain/cwru_12khz_fe/B021_3.mat,source_domain/cwru_12khz_fe/B021_3.mat,B,3.0,0.021,,1734.0,source_12khz_fe,1,outer_test,B,0.20440424704922386,0.19321152218883758,0.6023786564900329,5.574271905785327e-06
WIN-226e82c04a54964bbe8f,source_domain/cwru_12khz_fe/B021_3.mat,source_domain/cwru_12khz_fe/B021_3.mat,B,3.0,0.021,,1734.0,source_12khz_fe,1,outer_test,B,0.08971643797976636,0.0001588430169904661,0.9100778261829372,4.689282030585125e-05
WIN-38a8a954f6798ec86167,source_domain/cwru_12khz_fe/B021_3.mat,source_domain/cwru_12khz_fe/B021_3.mat,B,3.0,0.021,,1734.0,source_12khz_fe,1,outer_test,B,0.16703826279053863,0.005045124462102287,0.827829273986117,8.733876124193667e-05
WIN-5816000a95fd48643e4b,source_domain/cwru_12khz_fe/B021_3.mat,source_domain/cwru_12khz_fe/B021_3.mat,B,3.0,0.021,,1734.0,source_12khz_fe,1,outer_test,OR,0.6441611634694121,0.04609075749647851,0.3095787981475445,0.00016928088656498446
WIN-6dbe514a262c18ead6c6,source_domain/cwru_12khz_fe/B021_3.mat,source_domain/cwru_12khz_fe/B021_3.mat,B,3.0,0.021,,1734.0,source_12khz_fe,1,outer_test,OR,0.9367333843129073,0.013910492819840936,0.045411289293390264,0.0039448335738615685
WIN-6dc5e027873cf32d4e96,source_domain/cwru_12khz_fe/B021_3.mat,source_domain/cwru_12khz_fe/B021_3.mat,B,3.0,0.021,,1734.0,source_12khz_fe,1,outer_test,B,0.20313299930889317,0.005322808708508947,0.7914822278381415,6.196414445639778e-05
WIN-7fb954901dba6ace533b,source_domain/cwru_12khz_fe/B021_3.mat,source_domain/cwru_12khz_fe/B021_3.mat,B,3.0,0.021,,1734.0,source_12khz_fe,1,outer_test,OR,0.6177633238152358,0.009903916362182666,0.3717300464560549,0.0006027133665265898
WIN-9126f778aa047cde3fb2,source_domain/cwru_12khz_fe/B021_3.mat,source_domain/cwru_12khz_fe/B021_3.mat,B,3.0,0.021,,1734.0,source_12khz_fe,1,outer_test,B,0.3168779796021682,0.002390554733486547,0.6799928333749397,0.0007386322894056699
WIN-9da80ffb14320d8be725,source_domain/cwru_12khz_fe/B021_3.mat,source_domain/cwru_12khz_fe/B021_3.mat,B,3.0,0.021,,1734.0,source_12khz_fe,1,outer_test,B,0.2641007586236082,0.14696882068133565,0.58891987067583,1.0550019226149834e-05
WIN-b73493f0cb9947516581,source_domain/cwru_12khz_fe/B021_3.mat,source_domain/cwru_12khz_fe/B021_3.mat,B,3.0,0.021,,1734.0,source_12khz_fe,1,outer_test,OR,0.9253037324089125,0.002838323562948642,0.06453593308353146,0.007322010944607396
WIN-b7ba65720aef0997f313,source_domain/cwru_12khz_fe/B021_3.mat,source_domain/cwru_12khz_fe/B021_3.mat,B,3.0,0.021,,1734.0,source_12khz_fe,1,outer_test,B,0.3608999400154242,0.0025161925132816247,0.6361336241817966,0.0004502432894975002
WIN-f0d3fcca08326ff41455,source_domain/cwru_12khz_fe/B021_3.mat,source_domain/cwru_12khz_fe/B021_3.mat,B,3.0,0.021,,1734.0,source_12khz_fe,1,outer_test,B,0.2596414707320642,0.001723582428883795,0.7384583754693089,0.00017657136974321902
WIN-f6330fca6f78e77e47a2,source_domain/cwru_12khz_fe/B021_3.mat,source_domain/cwru_12khz_fe/B021_3.mat,B,3.0,0.021,,1734.0,source_12khz_fe,1,outer_test,OR,0.7507337388464349,0.014464698484104426,0.233772823570061,0.0010287390993995724
WIN-fe66a6b6a14822d2f154,source_domain/cwru_12khz_fe/B021_3.mat,source_domain/cwru_12khz_fe/B021_3.mat,B,3.0,0.021,,1734.0,source_12khz_fe,1,outer_test,B,0.3950846659970207,0.014558242236586362,0.5898721696641708,0.00048492210222219907
WIN-fe7b58007106a8a988a6,source_domain/cwru_12khz_fe/B021_3.mat,source_domain/cwru_12khz_fe/B021_3.mat,B,3.0,0.021,,1734.0,source_12khz_fe,1,outer_test,B,0.14441921355847076,0.0025549229212393394,0.8529539588518119,7.190466847794393e-05
WIN-2290f757189fbcbee4aa,source_domain/cwru_12khz_fe/IR014_1.mat,source_domain/cwru_12khz_fe/IR014_1.mat,IR,1.0,0.014,,1775.0,source_12khz_fe,1,outer_test,IR,0.003387867893988625,0.9508133372536371,0.04548527577346277,0.0003135190789113859
WIN-230fdb831982ad274196,source_domain/cwru_12khz_fe/IR014_1.mat,source_domain/cwru_12khz_fe/IR014_1.mat,IR,1.0,0.014,,1775.0,source_12khz_fe,1,outer_test,IR,0.004456838140613363,0.9819362697762181,0.01184186494455462,0.001765027138614011
WIN-3826c922b4c105df2f7d,source_domain/cwru_12khz_fe/IR014_1.mat,source_domain/cwru_12khz_fe/IR014_1.mat,IR,1.0,0.014,,1775.0,source_12khz_fe,1,outer_test,IR,0.0009764883206780981,0.9954206843542158,0.0019111462420051987,0.0016916810831008832
WIN-42e666986313bfbb88ab,source_domain/cwru_12khz_fe/IR014_1.mat,source_domain/cwru_12khz_fe/IR014_1.mat,IR,1.0,0.014,,1775.0,source_12khz_fe,1,outer_test,IR,0.0009790244665402524,0.9932857508359375,0.004987500151913355,0.0007477245456087397
WIN-85ae90faabadab7d5828,source_domain/cwru_12khz_fe/IR014_1.mat,source_domain/cwru_12khz_fe/IR014_1.mat,IR,1.0,0.014,,1775.0,source_12khz_fe,1,outer_test,IR,0.003245123565448403,0.9840215819200915,0.0119016838673919,0.0008316106470682883
WIN-8a9c1c6fa65078d2c247,source_domain/cwru_12khz_fe/IR014_1.mat,source_domain/cwru_12khz_fe/IR014_1.mat,IR,1.0,0.014,,1775.0,source_12khz_fe,1,outer_test,IR,0.005853072386318735,0.9584166873582122,0.034819785628134585,0.0009104546273345934
WIN-9e326f99a153645d35c6,source_domain/cwru_12khz_fe/IR014_1.mat,source_domain/cwru_12khz_fe/IR014_1.mat,IR,1.0,0.014,,1775.0,source_12khz_fe,1,outer_test,IR,0.003009545281066048,0.9857384598797472,0.009998467651992103,0.0012535271871946365
WIN-a7acf3397ee9375b0e93,source_domain/cwru_12khz_fe/IR014_1.mat,source_domain/cwru_12khz_fe/IR014_1.mat,IR,1.0,0.014,,1775.0,source_12khz_fe,1,outer_test,IR,0.0006621697476091207,0.996896687296343,0.0013070232379970943,0.0011341197180507673
WIN-bfd566badf798378011f,source_domain/cwru_12khz_fe/IR014_1.mat,source_domain/cwru_12khz_fe/IR014_1.mat,IR,1.0,0.014,,1775.0,source_12khz_fe,1,outer_test,IR,0.0013650819306237328,0.9923101295483249,0.005514940591824364,0.0008098479292270258
WIN-c6091c5f9ebb00bcb9ad,source_domain/cwru_12khz_fe/IR014_1.mat,source_domain/cwru_12khz_fe/IR014_1.mat,IR,1.0,0.014,,1775.0,source_12khz_fe,1,outer_test,IR,0.0018794898645756919,0.9921271018944136,0.004616244897570003,0.0013771633434406414
WIN-c99d826df9499e731fbf,source_domain/cwru_12khz_fe/IR014_1.mat,source_domain/cwru_12khz_fe/IR014_1.mat,IR,1.0,0.014,,1775.0,source_12khz_fe,1,outer_test,IR,0.002431006807302851,0.9759766073137421,0.02106902065428119,0.0005233652246739446
WIN-cc3fd51f324cf584e730,source_domain/cwru_12khz_fe/IR014_1.mat,source_domain/cwru_12khz_fe/IR014_1.mat,IR,1.0,0.014,,1775.0,source_12khz_fe,1,outer_test,IR,0.00479626809676637,0.9053881729472997,0.08949406927490652,0.0003214896810272753
WIN-cdc328545af4f4423377,source_domain/cwru_12khz_fe/IR014_1.mat,source_domain/cwru_12khz_fe/IR014_1.mat,IR,1.0,0.014,,1775.0,source_12khz_fe,1,outer_test,IR,0.00272248231352529,0.9841901246815603,0.012497235058092816,0.0005901579468217226
WIN-de8659e3136d7a79549a,source_domain/cwru_12khz_fe/IR014_1.mat,source_domain/cwru_12khz_fe/IR014_1.mat,IR,1.0,0.014,,1775.0,source_12khz_fe,1,outer_test,IR,0.006852409970326494,0.9318948925775724,0.060830634800619184,0.0004220626514816809
WIN-ec477fae56320663b28f,source_domain/cwru_12khz_fe/IR014_1.mat,source_domain/cwru_12khz_fe/IR014_1.mat,IR,1.0,0.014,,1775.0,source_12khz_fe,1,outer_test,IR,0.0014813380450984385,0.9862799200914407,0.01178098394994708,0.0004577579135137776
WIN-49dbfe60afc8e26b16f0,source_domain/cwru_12khz_fe/IR021_0.mat,source_domain/cwru_12khz_fe/IR021_0.mat,IR,0.0,0.021,,1796.0,source_12khz_fe,1,outer_test,IR,0.05704882259558794,0.9190094724238204,0.023937371527249184,4.333453342487012e-06
WIN-766984dc5ab18ce09ac3,source_domain/cwru_12khz_fe/IR021_0.mat,source_domain/cwru_12khz_fe/IR021_0.mat,IR,0.0,0.021,,1796.0,source_12khz_fe,1,outer_test,IR,0.2527675837964758,0.7342682923586459,0.012942677527477794,2.1446317400644133e-05
WIN-7bb0c885759045a6654a,source_domain/cwru_12khz_fe/IR021_0.mat,source_domain/cwru_12khz_fe/IR021_0.mat,IR,0.0,0.021,,1796.0,source_12khz_fe,1,outer_test,IR,0.24363938568008228,0.7079883765873936,0.04836264963593489,9.58809658921058e-06
WIN-8cb9e165024733262024,source_domain/cwru_12khz_fe/IR021_0.mat,source_domain/cwru_12khz_fe/IR021_0.mat,IR,0.0,0.021,,1796.0,source_12khz_fe,1,outer_test,IR,0.19478973891680942,0.7236735754048665,0.08153030997021672,6.375708107488147e-06
WIN-956cec6db54c9f576589,source_domain/cwru_12khz_fe/IR021_0.mat,source_domain/cwru_12khz_fe/IR021_0.mat,IR,0.0,0.021,,1796.0,source_12khz_fe,1,outer_test,IR,0.20774257122906117,0.7640092791031888,0.028228158404879352,1.9991262870722225e-05
WIN-a2da8eec5688b9029b80,source_domain/cwru_12khz_fe/IR021_0.mat,source_domain/cwru_12khz_fe/IR021_0.mat,IR,0.0,0.021,,1796.0,source_12khz_fe,1,outer_test,IR,0.03707736617188672,0.9539503253132054,0.008965660956466663,6.647558441167441e-06
WIN-b2dfa1f429227c4b8d2f,source_domain/cwru_12khz_fe/IR021_0.mat,source_domain/cwru_12khz_fe/IR021_0.mat,IR,0.0,0.021,,1796.0,source_12khz_fe,1,outer_test,IR,0.2611472274939669,0.7102776455191719,0.0285629415696368,1.2185417224352771e-05
WIN-cb72ed354d09b4f3ecad,source_domain/cwru_12khz_fe/IR021_0.mat,source_domain/cwru_12khz_fe/IR021_0.mat,IR,0.0,0.021,,1796.0,source_12khz_fe,1,outer_test,IR,0.24408555966276757,0.7168509456186856,0.03904384871774778,1.9646000798919393e-05
WIN-cce1986cc6e147facd2e,source_domain/cwru_12khz_fe/IR021_0.mat,source_domain/cwru_12khz_fe/IR021_0.mat,IR,0.0,0.021,,1796.0,source_12khz_fe,1,outer_test,IR,0.09091453541789338,0.8785561100252426,0.030524414569408152,4.939987455867467e-06
WIN-df5af39b8a314ea3f8fc,source_domain/cwru_12khz_fe/IR021_0.mat,source_domain/cwru_12khz_fe/IR021_0.mat,IR,0.0,0.021,,1796.0,source_12khz_fe,1,outer_test,IR,0.04823154787313465,0.944710386713739,0.0070546319767437705,3.4334363825477674e-06
WIN-e937ef2c89b66e754692,source_domain/cwru_12khz_fe/IR021_0.mat,source_domain/cwru_12khz_fe/IR021_0.mat,IR,0.0,0.021,,1796.0,source_12khz_fe,1,outer_test,IR,0.0614396245092927,0.9017617634183838,0.03679514106092867,3.4710113949322914e-06
WIN-ea8ee01bb7d4b7a3cf25,source_domain/cwru_12khz_fe/IR021_0.mat,source_domain/cwru_12khz_fe/IR021_0.mat,IR,0.0,0.021,,1796.0,source_12khz_fe,1,outer_test,IR,0.1034857206711014,0.8645861886764985,0.03192513922796969,2.9514244302611933e-06
WIN-ebb0533d30429f8136a6,source_domain/cwru_12khz_fe/IR021_0.mat,source_domain/cwru_12khz_fe/IR021_0.mat,IR,0.0,0.021,,1796.0,source_12khz_fe,1,outer_test,IR,0.11255642641260526,0.8707451493914485,0.01668724122127782,1.1182974668485593e-05
WIN-f1a58f4f3ed23b97e2f0,source_domain/cwru_12khz_fe/IR021_0.mat,source_domain/cwru_12khz_fe/IR021_0.mat,IR,0.0,0.021,,1796.0,source_12khz_fe,1,outer_test,IR,0.04707621160862322,0.9273989616365506,0.025519480148263718,5.346606562653592e-06
WIN-fe7d6dfecf911e3ccf77,source_domain/cwru_12khz_fe/IR021_0.mat,source_domain/cwru_12khz_fe/IR021_0.mat,IR,0.0,0.021,,1796.0,source_12khz_fe,1,outer_test,IR,0.20470584902192468,0.6983205013182677,0.09696594809571997,7.701564087581922e-06
WIN-02e858828f8d6253d825,source_domain/cwru_12khz_fe/IR021_1.mat,source_domain/cwru_12khz_fe/IR021_1.mat,IR,1.0,0.021,,1776.0,source_12khz_fe,1,outer_test,IR,0.16737786239804958,0.8276553985433894,0.004937580673625286,2.915838493583902e-05
WIN-12b47fd529ff613b50db,source_domain/cwru_12khz_fe/IR021_1.mat,source_domain/cwru_12khz_fe/IR021_1.mat,IR,1.0,0.021,,1776.0,source_12khz_fe,1,outer_test,IR,0.18076276729745175,0.8112942885046979,0.007917637636216853,2.5306561633622897e-05
WIN-1edb17d9e2db8860f262,source_domain/cwru_12khz_fe/IR021_1.mat,source_domain/cwru_12khz_fe/IR021_1.mat,IR,1.0,0.021,,1776.0,source_12khz_fe,1,outer_test,IR,0.0918998988275761,0.9018045516979223,0.006280166233651606,1.538324085004099e-05
WIN-2815b3949c9296691723,source_domain/cwru_12khz_fe/IR021_1.mat,source_domain/cwru_12khz_fe/IR021_1.mat,IR,1.0,0.021,,1776.0,source_12khz_fe,1,outer_test,IR,0.17737671497843663,0.8143045525449092,0.008289003383183174,2.9729093470845982e-05
WIN-541679f2292056c93c74,source_domain/cwru_12khz_fe/IR021_1.mat,source_domain/cwru_12khz_fe/IR021_1.mat,IR,1.0,0.021,,1776.0,source_12khz_fe,1,outer_test,IR,0.1387187803835899,0.8545394044404476,0.006724665979982526,1.7149195980035424e-05
WIN-645dcea1edad34cd7ebc,source_domain/cwru_12khz_fe/IR021_1.mat,source_domain/cwru_12khz_fe/IR021_1.mat,IR,1.0,0.021,,1776.0,source_12khz_fe,1,outer_test,IR,0.17502071671717714,0.8173033936109936,0.007657481743369149,1.8407928460246625e-05
WIN-92a05a596e09faf0469e,source_domain/cwru_12khz_fe/IR021_1.mat,source_domain/cwru_12khz_fe/IR021_1.mat,IR,1.0,0.021,,1776.0,source_12khz_fe,1,outer_test,IR,0.1207209995987462,0.8728776334556531,0.006385029709038669,1.6337236562236423e-05
WIN-93a655c71ace7cf36461,source_domain/cwru_12khz_fe/IR021_1.mat,source_domain/cwru_12khz_fe/IR021_1.mat,IR,1.0,0.021,,1776.0,source_12khz_fe,1,outer_test,IR,0.25190515883572695,0.7362526658377768,0.011824204004472701,1.7971322023480067e-05
WIN-a12e8064cf48351cf1c4,source_domain/cwru_12khz_fe/IR021_1.mat,source_domain/cwru_12khz_fe/IR021_1.mat,IR,1.0,0.021,,1776.0,source_12khz_fe,1,outer_test,IR,0.1846469696798882,0.8064373073842361,0.00889610488631196,1.9618049563649382e-05
WIN-ac28aca983a363ed75a1,source_domain/cwru_12khz_fe/IR021_1.mat,source_domain/cwru_12khz_fe/IR021_1.mat,IR,1.0,0.021,,1776.0,source_12khz_fe,1,outer_test,IR,0.17761787158312284,0.8149339184908944,0.007419012127982763,2.919779800000148e-05
WIN-ad0526632af328ea078a,source_domain/cwru_12khz_fe/IR021_1.mat,source_domain/cwru_12khz_fe/IR021_1.mat,IR,1.0,0.021,,1776.0,source_12khz_fe,1,outer_test,IR,0.185780498800774,0.803299911576699,0.010898335703993336,2.125391853371834e-05
WIN-ae5f60f8b954a932da59,source_domain/cwru_12khz_fe/IR021_1.mat,source_domain/cwru_12khz_fe/IR021_1.mat,IR,1.0,0.021,,1776.0,source_12khz_fe,1,outer_test,IR,0.1361725341368771,0.8581599680623766,0.005635238802620932,3.225899812518183e-05
WIN-af90dedd3ab6bb4603ce,source_domain/cwru_12khz_fe/IR021_1.mat,source_domain/cwru_12khz_fe/IR021_1.mat,IR,1.0,0.021,,1776.0,source_12khz_fe,1,outer_test,IR,0.11555328417964057,0.8806164120778526,0.0037894476721250306,4.08560703817806e-05
WIN-b22099acebbf932611c6,source_domain/cwru_12khz_fe/IR021_1.mat,source_domain/cwru_12khz_fe/IR021_1.mat,IR,1.0,0.021,,1776.0,source_12khz_fe,1,outer_test,IR,0.18109776474037237,0.8131983033903876,0.005662598557575204,4.1333311664591317e-05
WIN-ea175eb069f7f0e8a1dc,source_domain/cwru_12khz_fe/IR021_1.mat,source_domain/cwru_12khz_fe/IR021_1.mat,IR,1.0,0.021,,1776.0,source_12khz_fe,1,outer_test,IR,0.17928342422951535,0.8147858307238066,0.005906147962807566,2.4597083870437198e-05
WIN-10bf77aae85d6fea8141,source_domain/cwru_12khz_fe/OR007@12_3.mat,source_domain/cwru_12khz_fe/OR007@12_3.mat,OR,3.0,0.007,12.0,1733.0,source_12khz_fe,1,outer_test,OR,0.990195604781769,0.009245570447599778,3.328351115851749e-05,0.0005255412594726976
WIN-2aed894203967d14a01b,source_domain/cwru_12khz_fe/OR007@12_3.mat,source_domain/cwru_12khz_fe/OR007@12_3.mat,OR,3.0,0.007,12.0,1733.0,source_12khz_fe,1,outer_test,OR,0.9839278183608483,0.015693543575824833,3.740068296421599e-05,0.00034123738036264057
WIN-2c7eb1f0c7ce0c05eb21,source_domain/cwru_12khz_fe/OR007@12_3.mat,source_domain/cwru_12khz_fe/OR007@12_3.mat,OR,3.0,0.007,12.0,1733.0,source_12khz_fe,1,outer_test,OR,0.9771793449214374,0.021912816137895683,4.023856994147588e-05,0.0008676003707254388
WIN-2ebb9e36f146e958cd29,source_domain/cwru_12khz_fe/OR007@12_3.mat,source_domain/cwru_12khz_fe/OR007@12_3.mat,OR,3.0,0.007,12.0,1733.0,source_12khz_fe,1,outer_test,OR,0.9872865778385523,0.012168632371989622,3.496805861919171e-05,0.0005098217308389851
WIN-3129d49023847241fc96,source_domain/cwru_12khz_fe/OR007@12_3.mat,source_domain/cwru_12khz_fe/OR007@12_3.mat,OR,3.0,0.007,12.0,1733.0,source_12khz_fe,1,outer_test,OR,0.9921927895232325,0.007515435137044885,6.813276968992142e-05,0.00022364257003265842
WIN-3ca6b628cde95b69795b,source_domain/cwru_12khz_fe/OR007@12_3.mat,source_domain/cwru_12khz_fe/OR007@12_3.mat,OR,3.0,0.007,12.0,1733.0,source_12khz_fe,1,outer_test,OR,0.9883914487732626,0.011170381233149262,4.2383571345735924e-05,0.0003957864222424616
WIN-46706137a5972d3a1ecc,source_domain/cwru_12khz_fe/OR007@12_3.mat,source_domain/cwru_12khz_fe/OR007@12_3.mat,OR,3.0,0.007,12.0,1733.0,source_12khz_fe,1,outer_test,OR,0.982875811847634,0.016514659492652205,7.976088645318302e-05,0.0005297677732605884
WIN-7d3864499d7d58bc6502,source_domain/cwru_12khz_fe/OR007@12_3.mat,source_domain/cwru_12khz_fe/OR007@12_3.mat,OR,3.0,0.007,12.0,1733.0,source_12khz_fe,1,outer_test,OR,0.9786482783973032,0.01979957151711353,1.571419818875678e-05,0.0015364358873944358
WIN-9dc3fc35b87ff32438f9,source_domain/cwru_12khz_fe/OR007@12_3.mat,source_domain/cwru_12khz_fe/OR007@12_3.mat,OR,3.0,0.007,12.0,1733.0,source_12khz_fe,1,outer_test,OR,0.9891596721237694,0.010466121510886257,5.0824896913400924e-05,0.0003233814684308876
WIN-b74d8c4470bfeba49f02,source_domain/cwru_12khz_fe/OR007@12_3.mat,source_domain/cwru_12khz_fe/OR007@12_3.mat,OR,3.0,0.007,12.0,1733.0,source_12khz_fe,1,outer_test,OR,0.9877926318690681,0.011860216671692738,4.655361060262399e-05,0.0003005978486365919
WIN-ba912dc1cc30dd45177a,source_domain/cwru_12khz_fe/OR007@12_3.mat,source_domain/cwru_12khz_fe/OR007@12_3.mat,OR,3.0,0.007,12.0,1733.0,source_12khz_fe,1,outer_test,OR,0.9905897467272657,0.009034110047131623,0.00010462647401339333,0.00027151675158925705
WIN-cee281a823fc518d678a,source_domain/cwru_12khz_fe/OR007@12_3.mat,source_domain/cwru_12khz_fe/OR007@12_3.mat,OR,3.0,0.007,12.0,1733.0,source_12khz_fe,1,outer_test,OR,0.9810842634373302,0.018342714885632768,3.9352979846341447e-05,0.0005336686971906045
WIN-d4fe139a2b4ff815788c,source_domain/cwru_12khz_fe/OR007@12_3.mat,source_domain/cwru_12khz_fe/OR007@12_3.mat,OR,3.0,0.007,12.0,1733.0,source_12khz_fe,1,outer_test,OR,0.9877698946616759,0.011896311790298587,5.46494852234469e-05,0.00027914406280199006
WIN-df325a4f39970a7614b7,source_domain/cwru_12khz_fe/OR007@12_3.mat,source_domain/cwru_12khz_fe/OR007@12_3.mat,OR,3.0,0.007,12.0,1733.0,source_12khz_fe,1,outer_test,OR,0.9922329434422371,0.007059232763131018,1.718020449975086e-05,0.0006906435901322009
WIN-f84ed1c02fdc2dd93018,source_domain/cwru_12khz_fe/OR007@12_3.mat,source_domain/cwru_12khz_fe/OR007@12_3.mat,OR,3.0,0.007,12.0,1733.0,source_12khz_fe,1,outer_test,OR,0.9796035925144457,0.019274550911962805,1.6951641728887038e-05,0.0011049049318625473
WIN-060be6536c9238296b2e,source_domain/cwru_12khz_fe/OR007@3_0.mat,source_domain/cwru_12khz_fe/OR007@3_0.mat,OR,0.0,0.007,3.0,1797.0,source_12khz_fe,1,outer_test,OR,0.5002760591973667,0.036785954769428225,0.4540328027791798,0.00890518325402532
WIN-09a41abe2fd00223a4e1,source_domain/cwru_12khz_fe/OR007@3_0.mat,source_domain/cwru_12khz_fe/OR007@3_0.mat,OR,0.0,0.007,3.0,1797.0,source_12khz_fe,1,outer_test,OR,0.5848119938584835,0.06830924041279478,0.3338344724878594,0.0130442932408624
WIN-16cdcd37780c38f5f551,source_domain/cwru_12khz_fe/OR007@3_0.mat,source_domain/cwru_12khz_fe/OR007@3_0.mat,OR,0.0,0.007,3.0,1797.0,source_12khz_fe,1,outer_test,OR,0.6046825747162582,0.017515657121935896,0.33462960725897806,0.04317216090282781
WIN-1715a2eca1dac78ae4a6,source_domain/cwru_12khz_fe/OR007@3_0.mat,source_domain/cwru_12khz_fe/OR007@3_0.mat,OR,0.0,0.007,3.0,1797.0,source_12khz_fe,1,outer_test,OR,0.9078289767197839,0.03616080208069054,0.025274528955470728,0.030735692244054834
WIN-1d9c9219d661f58c147a,source_domain/cwru_12khz_fe/OR007@3_0.mat,source_domain/cwru_12khz_fe/OR007@3_0.mat,OR,0.0,0.007,3.0,1797.0,source_12khz_fe,1,outer_test,OR,0.8680267013791941,0.02368198905581527,0.08937051574814552,0.01892079381684503
WIN-24abd296e76c9603c4a2,source_domain/cwru_12khz_fe/OR007@3_0.mat,source_domain/cwru_12khz_fe/OR007@3_0.mat,OR,0.0,0.007,3.0,1797.0,source_12khz_fe,1,outer_test,OR,0.5981003710712044,0.06002523002092146,0.3148684991482566,0.02700589975961759
WIN-28369640a77cf3915447,source_domain/cwru_12khz_fe/OR007@3_0.mat,source_domain/cwru_12khz_fe/OR007@3_0.mat,OR,0.0,0.007,3.0,1797.0,source_12khz_fe,1,outer_test,OR,0.6000243135526224,0.08468064786528075,0.30201464939398087,0.013280389188115959
WIN-2b526834e035ce798e75,source_domain/cwru_12khz_fe/OR007@3_0.mat,source_domain/cwru_12khz_fe/OR007@3_0.mat,OR,0.0,0.007,3.0,1797.0,source_12khz_fe,1,outer_test,OR,0.8805176736436704,0.02534907431634802,0.07117114340962748,0.02296210863035422
WIN-43ed1c32539cf447d554,source_domain/cwru_12khz_fe/OR007@3_0.mat,source_domain/cwru_12khz_fe/OR007@3_0.mat,OR,0.0,0.007,3.0,1797.0,source_12khz_fe,1,outer_test,OR,0.5721035017128706,0.07469080929334747,0.346447113613036,0.0067585753807458794
WIN-45ac628e7c5ffb741ed6,source_domain/cwru_12khz_fe/OR007@3_0.mat,source_domain/cwru_12khz_fe/OR007@3_0.mat,OR,0.0,0.007,3.0,1797.0,source_12khz_fe,1,outer_test,OR,0.5890953976033283,0.04610215881069729,0.3606134982671752,0.004188945318799123
WIN-4cb649991a80a87dfb5f,source_domain/cwru_12khz_fe/OR007@3_0.mat,source_domain/cwru_12khz_fe/OR007@3_0.mat,OR,0.0,0.007,3.0,1797.0,source_12khz_fe,1,outer_test,OR,0.9253448233601748,0.015429835845814947,0.030296347122352376,0.02892899367165805
WIN-4f48576279475268a3fb,source_domain/cwru_12khz_fe/OR007@3_0.mat,source_domain/cwru_12khz_fe/OR007@3_0.mat,OR,0.0,0.007,3.0,1797.0,source_12khz_fe,1,outer_test,OR,0.5507061465059944,0.053481013174518116,0.3847135874684207,0.011099252851066733
WIN-649eeac278ab6d04e72a,source_domain/cwru_12khz_fe/OR007@3_0.mat,source_domain/cwru_12khz_fe/OR007@3_0.mat,OR,0.0,0.007,3.0,1797.0,source_12khz_fe,1,outer_test,OR,0.7193927157921916,0.053256138105219036,0.21041359652684488,0.016937549575744514
WIN-9083020b3cc706d9b1b0,source_domain/cwru_12khz_fe/OR007@3_0.mat,source_domain/cwru_12khz_fe/OR007@3_0.mat,OR,0.0,0.007,3.0,1797.0,source_12khz_fe,1,outer_test,OR,0.6956428343180865,0.04724466530801122,0.2476574774663278,0.009455022907574521
WIN-986d4511d7ecbac5c050,source_domain/cwru_12khz_fe/OR007@3_0.mat,source_domain/cwru_12khz_fe/OR007@3_0.mat,OR,0.0,0.007,3.0,1797.0,source_12khz_fe,1,outer_test,OR,0.6635829053433077,0.08606149551071668,0.21581114909438573,0.03454445005159001
WIN-3cdb2e14c08a65d61871,source_domain/cwru_12khz_fe/OR007@6_0.mat,source_domain/cwru_12khz_fe/OR007@6_0.mat,OR,0.0,0.007,6.0,1797.0,source_12khz_fe,1,outer_test,OR,0.8179496637643305,0.1213273732859038,0.06072290583363005,5.711613560345538e-08
WIN-60d9b0ed579c572dcbd5,source_domain/cwru_12khz_fe/OR007@6_0.mat,source_domain/cwru_12khz_fe/OR007@6_0.mat,OR,0.0,0.007,6.0,1797.0,source_12khz_fe,1,outer_test,OR,0.6760973109640561,0.31264024585227485,0.011262268892158164,1.7429151094383193e-07
WIN-6757cecfcb93696b7e63,source_domain/cwru_12khz_fe/OR007@6_0.mat,source_domain/cwru_12khz_fe/OR007@6_0.mat,OR,0.0,0.007,6.0,1797.0,source_12khz_fe,1,outer_test,OR,0.7724054543015985,0.21091416752189432,0.016680271252675214,1.0692383193420588e-07
WIN-7089b82171d8c1f899d1,source_domain/cwru_12khz_fe/OR007@6_0.mat,source_domain/cwru_12khz_fe/OR007@6_0.mat,OR,0.0,0.007,6.0,1797.0,source_12khz_fe,1,outer_test,OR,0.6221631299092805,0.36451591647922366,0.013320715137984123,2.3847351182609045e-07
WIN-7cc1389b1dfc1169beba,source_domain/cwru_12khz_fe/OR007@6_0.mat,source_domain/cwru_12khz_fe/OR007@6_0.mat,OR,0.0,0.007,6.0,1797.0,source_12khz_fe,1,outer_test,OR,0.9302972985091487,0.05214124062980486,0.01756142323972919,3.7621317273703425e-08
WIN-7ce2dc560e4e02eaaa93,source_domain/cwru_12khz_fe/OR007@6_0.mat,source_domain/cwru_12khz_fe/OR007@6_0.mat,OR,0.0,0.007,6.0,1797.0,source_12khz_fe,1,outer_test,OR,0.740498283515378,0.23393579206417695,0.025565825388814748,9.903163021964966e-08
WIN-871dc132fdd23d7ed86b,source_domain/cwru_12khz_fe/OR007@6_0.mat,source_domain/cwru_12khz_fe/OR007@6_0.mat,OR,0.0,0.007,6.0,1797.0,source_12khz_fe,1,outer_test,OR,0.8146023207268485,0.14703334926070555,0.03836426755184334,6.246060261348653e-08
WIN-886c23dd6638591aaec0,source_domain/cwru_12khz_fe/OR007@6_0.mat,source_domain/cwru_12khz_fe/OR007@6_0.mat,OR,0.0,0.007,6.0,1797.0,source_12khz_fe,1,outer_test,OR,0.8320878487611184,0.1325715973365112,0.03534047425063558,7.965173477087663e-08
WIN-8a06df5c41432d906b4d,source_domain/cwru_12khz_fe/OR007@6_0.mat,source_domain/cwru_12khz_fe/OR007@6_0.mat,OR,0.0,0.007,6.0,1797.0,source_12khz_fe,1,outer_test,OR,0.763111436430292,0.21988106301197222,0.017007425416394457,7.514134129797741e-08
WIN-905dc95e598e76866a63,source_domain/cwru_12khz_fe/OR007@6_0.mat,source_domain/cwru_12khz_fe/OR007@6_0.mat,OR,0.0,0.007,6.0,1797.0,source_12khz_fe,1,outer_test,OR,0.7832500706031399,0.1565351077515776,0.060214743118127224,7.85271552951781e-08
WIN-af97d6a9e04417617add,source_domain/cwru_12khz_fe/OR007@6_0.mat,source_domain/cwru_12khz_fe/OR007@6_0.mat,OR,0.0,0.007,6.0,1797.0,source_12khz_fe,1,outer_test,OR,0.8749227953284341,0.10252995429009668,0.022547175428357536,7.495311164666283e-08
WIN-bae34b43585f25e9574a,source_domain/cwru_12khz_fe/OR007@6_0.mat,source_domain/cwru_12khz_fe/OR007@6_0.mat,OR,0.0,0.007,6.0,1797.0,source_12khz_fe,1,outer_test,OR,0.8342641808987787,0.11811632505329238,0.04761941956507727,7.44828516469088e-08
WIN-e1cf6299c65e6f91c02e,source_domain/cwru_12khz_fe/OR007@6_0.mat,source_domain/cwru_12khz_fe/OR007@6_0.mat,OR,0.0,0.007,6.0,1797.0,source_12khz_fe,1,outer_test,OR,0.9095300470259066,0.06574610905320868,0.024723806930894345,3.698999038535966e-08
WIN-e9818dd29f3f6707b5d8,source_domain/cwru_12khz_fe/OR007@6_0.mat,source_domain/cwru_12khz_fe/OR007@6_0.mat,OR,0.0,0.007,6.0,1797.0,source_12khz_fe,1,outer_test,OR,0.7364429359731337,0.2164181115318181,0.04713887460127412,7.789377408700582e-08
WIN-efa30cc3a2ed92816aed,source_domain/cwru_12khz_fe/OR007@6_0.mat,source_domain/cwru_12khz_fe/OR007@6_0.mat,OR,0.0,0.007,6.0,1797.0,source_12khz_fe,1,outer_test,OR,0.7411059118945601,0.2278371361696644,0.031056824579028273,1.273567472272715e-07
WIN-05233c14afc8918bcc0e,source_domain/cwru_12khz_fe/OR007@6_2.mat,source_domain/cwru_12khz_fe/OR007@6_2.mat,OR,2.0,0.007,6.0,1756.0,source_12khz_fe,1,outer_test,OR,0.881840920869077,0.09742945897712763,0.02072957069613895,4.945765646999486e-08
WIN-161295d87b1de77b2471,source_domain/cwru_12khz_fe/OR007@6_2.mat,source_domain/cwru_12khz_fe/OR007@6_2.mat,OR,2.0,0.007,6.0,1756.0,source_12khz_fe,1,outer_test,OR,0.892725325228137,0.077345906577761,0.029928736088034563,3.210606757042552e-08
WIN-203830bfa3caa65af3c9,source_domain/cwru_12khz_fe/OR007@6_2.mat,source_domain/cwru_12khz_fe/OR007@6_2.mat,OR,2.0,0.007,6.0,1756.0,source_12khz_fe,1,outer_test,OR,0.8250456209659431,0.057974230759881604,0.11698012626427928,2.2009895899813926e-08
WIN-2e51ffb83fef1ccb0ed4,source_domain/cwru_12khz_fe/OR007@6_2.mat,source_domain/cwru_12khz_fe/OR007@6_2.mat,OR,2.0,0.007,6.0,1756.0,source_12khz_fe,1,outer_test,OR,0.9241443521916013,0.06716079465349017,0.008694763135864043,9.001904449290513e-08
WIN-57cbcb05ebf0abffd980,source_domain/cwru_12khz_fe/OR007@6_2.mat,source_domain/cwru_12khz_fe/OR007@6_2.mat,OR,2.0,0.007,6.0,1756.0,source_12khz_fe,1,outer_test,OR,0.8778692538344585,0.10279481871250311,0.0193358720642736,5.5388764850876576e-08
WIN-64a5b204c39997d67504,source_domain/cwru_12khz_fe/OR007@6_2.mat,source_domain/cwru_12khz_fe/OR007@6_2.mat,OR,2.0,0.007,6.0,1756.0,source_12khz_fe,1,outer_test,OR,0.8660572037007556,0.09967972221191099,0.03426301890305077,5.518428261252544e-08
WIN-65dcd0bcaacab2264c51,source_domain/cwru_12khz_fe/OR007@6_2.mat,source_domain/cwru_12khz_fe/OR007@6_2.mat,OR,2.0,0.007,6.0,1756.0,source_12khz_fe,1,outer_test,OR,0.9123271394996069,0.05867190614549951,0.029000915818923334,3.85359702347032e-08
WIN-77959e2d1634a114c33d,source_domain/cwru_12khz_fe/OR007@6_2.mat,source_domain/cwru_12khz_fe/OR007@6_2.mat,OR,2.0,0.007,6.0,1756.0,source_12khz_fe,1,outer_test,OR,0.8599489160107758,0.0955490211899607,0.044501990181353535,7.26179100170976e-08
WIN-79eae6840a69221bafd6,source_domain/cwru_12khz_fe/OR007@6_2.mat,source_domain/cwru_12khz_fe/OR007@6_2.mat,OR,2.0,0.007,6.0,1756.0,source_12khz_fe,1,outer_test,OR,0.9236823439495314,0.0585313109148795,0.017786287832709254,5.7302879879551546e-08
WIN-828e3bb5ef1dd0044a37,source_domain/cwru_12khz_fe/OR007@6_2.mat,source_domain/cwru_12khz_fe/OR007@6_2.mat,OR,2.0,0.007,6.0,1756.0,source_12khz_fe,1,outer_test,OR,0.855520913522086,0.11391606377591851,0.030562956937836644,6.576415878215464e-08
WIN-a20eb768de36050f92f0,source_domain/cwru_12khz_fe/OR007@6_2.mat,source_domain/cwru_12khz_fe/OR007@6_2.mat,OR,2.0,0.007,6.0,1756.0,source_12khz_fe,1,outer_test,OR,0.885520448605031,0.06673393101683223,0.04774559509663516,2.5281501625756612e-08
WIN-b331cad4b396b50ade9b,source_domain/cwru_12khz_fe/OR007@6_2.mat,source_domain/cwru_12khz_fe/OR007@6_2.mat,OR,2.0,0.007,6.0,1756.0,source_12khz_fe,1,outer_test,OR,0.9367606910437563,0.040637805518053495,0.022601459387035592,4.405115472491929e-08
WIN-d3bec76b06a422742775,source_domain/cwru_12khz_fe/OR007@6_2.mat,source_domain/cwru_12khz_fe/OR007@6_2.mat,OR,2.0,0.007,6.0,1756.0,source_12khz_fe,1,outer_test,OR,0.9297873125865299,0.026376953934451514,0.04383571562769383,1.785132478666721e-08
WIN-e63c6b66cd224b51e862,source_domain/cwru_12khz_fe/OR007@6_2.mat,source_domain/cwru_12khz_fe/OR007@6_2.mat,OR,2.0,0.007,6.0,1756.0,source_12khz_fe,1,outer_test,OR,0.873339478877173,0.10898511880691601,0.017675322726259383,7.958965167311323e-08
WIN-ef58e564314086daa891,source_domain/cwru_12khz_fe/OR007@6_2.mat,source_domain/cwru_12khz_fe/OR007@6_2.mat,OR,2.0,0.007,6.0,1756.0,source_12khz_fe,1,outer_test,OR,0.8556676441849593,0.12420897665881869,0.020123278403857983,1.007523640382444e-07
WIN-1582ebec5619786b7c43,source_domain/cwru_12khz_fe/OR021@3_2.mat,source_domain/cwru_12khz_fe/OR021@3_2.mat,OR,2.0,0.021,3.0,1751.0,source_12khz_fe,1,outer_test,OR,0.5297496096354845,0.3426859488314742,0.08813993812568177,0.039424503407359514
WIN-339e3f773ea4f04d351c,source_domain/cwru_12khz_fe/OR021@3_2.mat,source_domain/cwru_12khz_fe/OR021@3_2.mat,OR,2.0,0.021,3.0,1751.0,source_12khz_fe,1,outer_test,OR,0.5466168206128434,0.34236771771007746,0.07787619217368257,0.03313926950339657
WIN-63a924876d6240986625,source_domain/cwru_12khz_fe/OR021@3_2.mat,source_domain/cwru_12khz_fe/OR021@3_2.mat,OR,2.0,0.021,3.0,1751.0,source_12khz_fe,1,outer_test,OR,0.6178236717067898,0.23877352910241675,0.1186121761662555,0.024790623024538026
WIN-7bd755f1fe2fbcfdc305,source_domain/cwru_12khz_fe/OR021@3_2.mat,source_domain/cwru_12khz_fe/OR021@3_2.mat,OR,2.0,0.021,3.0,1751.0,source_12khz_fe,1,outer_test,OR,0.571551994934313,0.22435698858821213,0.17830822601070753,0.025782790466767343
WIN-7cbecb309ffd4e741c77,source_domain/cwru_12khz_fe/OR021@3_2.mat,source_domain/cwru_12khz_fe/OR021@3_2.mat,OR,2.0,0.021,3.0,1751.0,source_12khz_fe,1,outer_test,OR,0.5698492544694269,0.29854773516858346,0.09381673674663238,0.03778627361535732
WIN-8f4d77f6658dd2d49e9d,source_domain/cwru_12khz_fe/OR021@3_2.mat,source_domain/cwru_12khz_fe/OR021@3_2.mat,OR,2.0,0.021,3.0,1751.0,source_12khz_fe,1,outer_test,OR,0.6876293011879517,0.1770340751119522,0.10990835094168006,0.025428272758415943
WIN-9ba3bf25052407fbc3dd,source_domain/cwru_12khz_fe/OR021@3_2.mat,source_domain/cwru_12khz_fe/OR021@3_2.mat,OR,2.0,0.021,3.0,1751.0,source_12khz_fe,1,outer_test,IR,0.4217583169016402,0.48313204340631255,0.060107443818841755,0.035002195873205515
WIN-a1acf3c5b4be577decb9,source_domain/cwru_12khz_fe/OR021@3_2.mat,source_domain/cwru_12khz_fe/OR021@3_2.mat,OR,2.0,0.021,3.0,1751.0,source_12khz_fe,1,outer_test,IR,0.43222587610963437,0.4369371108828912,0.08584854392843204,0.044988469079042435
WIN-a4e448fee6f9c3945fb8,source_domain/cwru_12khz_fe/OR021@3_2.mat,source_domain/cwru_12khz_fe/OR021@3_2.mat,OR,2.0,0.021,3.0,1751.0,source_12khz_fe,1,outer_test,OR,0.5014213765164909,0.3997410204250467,0.0718889331251603,0.026948669933302093
WIN-a828af66f9ef88a58d2f,source_domain/cwru_12khz_fe/OR021@3_2.mat,source_domain/cwru_12khz_fe/OR021@3_2.mat,OR,2.0,0.021,3.0,1751.0,source_12khz_fe,1,outer_test,OR,0.4320501426715847,0.41057886530980897,0.12923865853890937,0.028132333479697083
WIN-bb0222b9ae77b51d728e,source_domain/cwru_12khz_fe/OR021@3_2.mat,source_domain/cwru_12khz_fe/OR021@3_2.mat,OR,2.0,0.021,3.0,1751.0,source_12khz_fe,1,outer_test,OR,0.6621089417736405,0.18057103807575103,0.14045932241656942,0.016860697734038994
WIN-bd60552c9ac1eb806ebb,source_domain/cwru_12khz_fe/OR021@3_2.mat,source_domain/cwru_12khz_fe/OR021@3_2.mat,OR,2.0,0.021,3.0,1751.0,source_12khz_fe,1,outer_test,OR,0.6177559470430831,0.24816318783834443,0.11346400258237829,0.020616862536194172
WIN-cc1df41c2e92e448ef9f,source_domain/cwru_12khz_fe/OR021@3_2.mat,source_domain/cwru_12khz_fe/OR021@3_2.mat,OR,2.0,0.021,3.0,1751.0,source_12khz_fe,1,outer_test,IR,0.4097312323882079,0.45820098353721866,0.09991982404101853,0.03214796003355487
WIN-cd511d89f0ae8602c18f,source_domain/cwru_12khz_fe/OR021@3_2.mat,source_domain/cwru_12khz_fe/OR021@3_2.mat,OR,2.0,0.021,3.0,1751.0,source_12khz_fe,1,outer_test,OR,0.807084340759606,0.07690575681801408,0.09342153531836696,0.022588367104012935
WIN-ce287412b59f15c08bda,source_domain/cwru_12khz_fe/OR021@3_2.mat,source_domain/cwru_12khz_fe/OR021@3_2.mat,OR,2.0,0.021,3.0,1751.0,source_12khz_fe,1,outer_test,OR,0.5406563596460171,0.28285278308914236,0.14252945050858828,0.03396140675625219
WIN-00350287a61f20ce9d7e,source_domain/cwru_48khz_normal/N_2_(1750rpm).mat,source_domain/cwru_48khz_normal/N_2_(1750rpm).mat,N,2.0,,,1750.0,source_48khz_normal,1,outer_test,N,3.406143874847653e-05,4.797877017781314e-07,0.007431492704525966,0.9925339660690238
WIN-23c8cd5488a5d65e01b4,source_domain/cwru_48khz_normal/N_2_(1750rpm).mat,source_domain/cwru_48khz_normal/N_2_(1750rpm).mat,N,2.0,,,1750.0,source_48khz_normal,1,outer_test,N,2.4836686521936932e-05,5.632584637740203e-07,0.007216235880122592,0.9927583641748915
WIN-3d58573682716e5c5064,source_domain/cwru_48khz_normal/N_2_(1750rpm).mat,source_domain/cwru_48khz_normal/N_2_(1750rpm).mat,N,2.0,,,1750.0,source_48khz_normal,1,outer_test,N,2.7537882324455696e-05,5.230963285607559e-07,0.006766068579538957,0.993205870441808
WIN-4d8793b610fe83ca8f23,source_domain/cwru_48khz_normal/N_2_(1750rpm).mat,source_domain/cwru_48khz_normal/N_2_(1750rpm).mat,N,2.0,,,1750.0,source_48khz_normal,1,outer_test,N,2.2055785393691507e-05,3.81603259512755e-07,0.0030465503547816106,0.9969310122565652
WIN-5ed6be496e68b8bb544b,source_domain/cwru_48khz_normal/N_2_(1750rpm).mat,source_domain/cwru_48khz_normal/N_2_(1750rpm).mat,N,2.0,,,1750.0,source_48khz_normal,1,outer_test,N,2.4345742306806492e-05,2.978720229845668e-07,0.0036954523507853965,0.9962799040348848
WIN-686716d79ca7aa62b9ea,source_domain/cwru_48khz_normal/N_2_(1750rpm).mat,source_domain/cwru_48khz_normal/N_2_(1750rpm).mat,N,2.0,,,1750.0,source_48khz_normal,1,outer_test,N,1.983998408212283e-05,4.2501947825214095e-07,0.004176692963956893,0.9958030420324827
WIN-6cc9877e5c381959ced4,source_domain/cwru_48khz_normal/N_2_(1750rpm).mat,source_domain/cwru_48khz_normal/N_2_(1750rpm).mat,N,2.0,,,1750.0,source_48khz_normal,1,outer_test,N,3.289386059277933e-05,8.550582370392603e-07,0.02117710441776641,0.9787891466634038
WIN-765f077ef09f54555dec,source_domain/cwru_48khz_normal/N_2_(1750rpm).mat,source_domain/cwru_48khz_normal/N_2_(1750rpm).mat,N,2.0,,,1750.0,source_48khz_normal,1,outer_test,N,1.9259825549321646e-05,4.170887539325429e-07,0.0037004625688293095,0.9962798605168675
WIN-78d37d352e3fd4ed36f6,source_domain/cwru_48khz_normal/N_2_(1750rpm).mat,source_domain/cwru_48khz_normal/N_2_(1750rpm).mat,N,2.0,,,1750.0,source_48khz_normal,1,outer_test,N,2.6464361530536857e-05,4.546337386972363e-07,0.004636787518688775,0.995336293486042
WIN-7c837798ee77a25be18b,source_domain/cwru_48khz_normal/N_2_(1750rpm).mat,source_domain/cwru_48khz_normal/N_2_(1750rpm).mat,N,2.0,,,1750.0,source_48khz_normal,1,outer_test,N,2.1347235193383294e-05,4.2173930770851356e-07,0.002421901010578863,0.9975563300149201
WIN-9bcb88a8ab46670aca83,source_domain/cwru_48khz_normal/N_2_(1750rpm).mat,source_domain/cwru_48khz_normal/N_2_(1750rpm).mat,N,2.0,,,1750.0,source_48khz_normal,1,outer_test,N,1.707063971154801e-05,5.779293900632863e-07,0.01807408167258794,0.9819082697583105
WIN-a01d42224d12e8be9754,source_domain/cwru_48khz_normal/N_2_(1750rpm).mat,source_domain/cwru_48khz_normal/N_2_(1750rpm).mat,N,2.0,,,1750.0,source_48khz_normal,1,outer_test,N,2.7680939902167966e-05,5.98881159064359e-07,0.003275915179816348,0.9966958049991225
WIN-a5e6488c5864a2354157,source_domain/cwru_48khz_normal/N_2_(1750rpm).mat,source_domain/cwru_48khz_normal/N_2_(1750rpm).mat,N,2.0,,,1750.0,source_48khz_normal,1,outer_test,N,3.9263494577120625e-05,1.0965541598022004e-06,0.0162334964568399,0.9837261434944231
WIN-b2411d5297f747d4822e,source_domain/cwru_48khz_normal/N_2_(1750rpm).mat,source_domain/cwru_48khz_normal/N_2_(1750rpm).mat,N,2.0,,,1750.0,source_48khz_normal,1,outer_test,N,1.3989638872837807e-05,5.457356700876368e-07,0.017216341068655328,0.9827691235568018
WIN-f9742f5fb2bf8c4da815,source_domain/cwru_48khz_normal/N_2_(1750rpm).mat,source_domain/cwru_48khz_normal/N_2_(1750rpm).mat,N,2.0,,,1750.0,source_48khz_normal,1,outer_test,N,1.3161997814255004e-05,3.06455974206324e-07,0.0012741630709487322,0.9987123684752628
WIN-268397442b83a1f7b44e,source_domain/cwru_12khz_fe/B014_2.mat,source_domain/cwru_12khz_fe/B014_2.mat,B,2.0,0.014,,1755.0,source_12khz_fe,2,outer_test,B,0.0005752186996403027,0.22485776190318688,0.7745204632900363,4.655610713674258e-05
WIN-28b607de24710b94389b,source_domain/cwru_12khz_fe/B014_2.mat,source_domain/cwru_12khz_fe/B014_2.mat,B,2.0,0.014,,1755.0,source_12khz_fe,2,outer_test,B,0.0004769493280846056,0.06811826703573591,0.9313868620588757,1.792157730365602e-05
WIN-5227e0521be27aae84c5,source_domain/cwru_12khz_fe/B014_2.mat,source_domain/cwru_12khz_fe/B014_2.mat,B,2.0,0.014,,1755.0,source_12khz_fe,2,outer_test,B,1.5112080223856153e-06,0.023849556831590908,0.9761380410789421,1.0890881444526803e-05
WIN-557bc71ff309dd260278,source_domain/cwru_12khz_fe/B014_2.mat,source_domain/cwru_12khz_fe/B014_2.mat,B,2.0,0.014,,1755.0,source_12khz_fe,2,outer_test,B,0.000633803909435563,0.08343184580550102,0.9158992138051475,3.5136479915933617e-05
WIN-7f27102c94739b8c7b77,source_domain/cwru_12khz_fe/B014_2.mat,source_domain/cwru_12khz_fe/B014_2.mat,B,2.0,0.014,,1755.0,source_12khz_fe,2,outer_test,B,0.0002751003884656476,0.06263692449319526,0.9370695303826543,1.8444735684835918e-05
WIN-8138d88731735b2e8334,source_domain/cwru_12khz_fe/B014_2.mat,source_domain/cwru_12khz_fe/B014_2.mat,B,2.0,0.014,,1755.0,source_12khz_fe,2,outer_test,B,0.0006153952602158416,0.05729541816730943,0.9420705056046165,1.8680967858348934e-05
WIN-900d674f1e8f1a8d9ff9,source_domain/cwru_12khz_fe/B014_2.mat,source_domain/cwru_12khz_fe/B014_2.mat,B,2.0,0.014,,1755.0,source_12khz_fe,2,outer_test,B,0.0022483970290444826,0.4111676118769296,0.5865320662508842,5.192484314173954e-05
WIN-a5f4b9487c91c5df82b1,source_domain/cwru_12khz_fe/B014_2.mat,source_domain/cwru_12khz_fe/B014_2.mat,B,2.0,0.014,,1755.0,source_12khz_fe,2,outer_test,B,0.0007857693071324371,0.2857278001717501,0.713438816519302,4.76140018154928e-05
WIN-a6b3061c0a348b45bdc6,source_domain/cwru_12khz_fe/B014_2.mat,source_domain/cwru_12khz_fe/B014_2.mat,B,2.0,0.014,,1755.0,source_12khz_fe,2,outer_test,IR,0.0009009908999706023,0.5300320089138736,0.46898323436606715,8.376582008856178e-05
WIN-ad2f3523d4f033a46aeb,source_domain/cwru_12khz_fe/B014_2.mat,source_domain/cwru_12khz_fe/B014_2.mat,B,2.0,0.014,,1755.0,source_12khz_fe,2,outer_test,B,0.002342932752559327,0.1809248771273357,0.8166280324832098,0.00010415763689516009
WIN-af27ccea3ef66e070230,source_domain/cwru_12khz_fe/B014_2.mat,source_domain/cwru_12khz_fe/B014_2.mat,B,2.0,0.014,,1755.0,source_12khz_fe,2,outer_test,B,0.000785816928297481,0.2666928994828896,0.7324637040315678,5.7579557245005326e-05
WIN-c1f19708361dfef88843,source_domain/cwru_12khz_fe/B014_2.mat,source_domain/cwru_12khz_fe/B014_2.mat,B,2.0,0.014,,1755.0,source_12khz_fe,2,outer_test,B,9.031558530519165e-05,0.005817923535937209,0.9940833258627523,8.435016005409205e-06
WIN-c99d320ce097697af301,source_domain/cwru_12khz_fe/B014_2.mat,source_domain/cwru_12khz_fe/B014_2.mat,B,2.0,0.014,,1755.0,source_12khz_fe,2,outer_test,B,0.0007116592501720839,0.2859564301936281,0.7132927419068413,3.9168649358344306e-05
WIN-dc43e05f3f0d9055c984,source_domain/cwru_12khz_fe/B014_2.mat,source_domain/cwru_12khz_fe/B014_2.mat,B,2.0,0.014,,1755.0,source_12khz_fe,2,outer_test,B,0.0004349364152786873,0.029197759189673347,0.9703553271137222,1.1977281325673929e-05
WIN-f71b9d992459d01d5b57,source_domain/cwru_12khz_fe/B014_2.mat,source_domain/cwru_12khz_fe/B014_2.mat,B,2.0,0.014,,1755.0,source_12khz_fe,2,outer_test,B,0.0008561438413750883,0.062367970399089354,0.9367549110399105,2.0974719625018723e-05
WIN-01542cc9fee777f6ce43,source_domain/cwru_12khz_fe/B021_0.mat,source_domain/cwru_12khz_fe/B021_0.mat,B,0.0,0.021,,1796.0,source_12khz_fe,2,outer_test,B,0.24472846091454034,0.013294065783573415,0.7357209791695292,0.006256494132357147
WIN-242b37df1ed074df80b3,source_domain/cwru_12khz_fe/B021_0.mat,source_domain/cwru_12khz_fe/B021_0.mat,B,0.0,0.021,,1796.0,source_12khz_fe,2,outer_test,B,0.00031162334224708323,0.0001902688396057565,0.9994955026972946,2.6051208523736844e-06
WIN-3b1db9162d81b3487c0c,source_domain/cwru_12khz_fe/B021_0.mat,source_domain/cwru_12khz_fe/B021_0.mat,B,0.0,0.021,,1796.0,source_12khz_fe,2,outer_test,B,6.443947132360362e-05,1.2936653461170674e-05,0.9999223592730333,2.646021820206732e-07
WIN-4307f92375069babe348,source_domain/cwru_12khz_fe/B021_0.mat,source_domain/cwru_12khz_fe/B021_0.mat,B,0.0,0.021,,1796.0,source_12khz_fe,2,outer_test,B,0.11026746562435774,0.0020414626396143025,0.8851359159739116,0.002555155762116368
WIN-478f6d8d3e8f9056d252,source_domain/cwru_12khz_fe/B021_0.mat,source_domain/cwru_12khz_fe/B021_0.mat,B,0.0,0.021,,1796.0,source_12khz_fe,2,outer_test,B,0.00048097641091428533,7.087838924866425e-05,0.9994465406738589,1.604525978147001e-06
WIN-4981f1e708cd35d5472e,source_domain/cwru_12khz_fe/B021_0.mat,source_domain/cwru_12khz_fe/B021_0.mat,B,0.0,0.021,,1796.0,source_12khz_fe,2,outer_test,B,0.0020050106842486124,2.517997312185851e-05,0.9979669928765766,2.8164660528842378e-06
WIN-66227cd413cf12b07cf2,source_domain/cwru_12khz_fe/B021_0.mat,source_domain/cwru_12khz_fe/B021_0.mat,B,0.0,0.021,,1796.0,source_12khz_fe,2,outer_test,B,0.04748281710787471,0.02165748963503348,0.9299050035113434,0.0009546897457484145
WIN-743bc7cb57880bbee02d,source_domain/cwru_12khz_fe/B021_0.mat,source_domain/cwru_12khz_fe/B021_0.mat,B,0.0,0.021,,1796.0,source_12khz_fe,2,outer_test,B,0.00040914547168601796,0.0010342604719274528,0.9985487973126206,7.796743766083539e-06
WIN-8bd08058b2baee587475,source_domain/cwru_12khz_fe/B021_0.mat,source_domain/cwru_12khz_fe/B021_0.mat,B,0.0,0.021,,1796.0,source_12khz_fe,2,outer_test,B,0.13075027632018252,0.02326073084761706,0.8429826326442842,0.0030063601879162637
WIN-8c9b7a85d4ce7c3bc6b1,source_domain/cwru_12khz_fe/B021_0.mat,source_domain/cwru_12khz_fe/B021_0.mat,B,0.0,0.021,,1796.0,source_12khz_fe,2,outer_test,B,9.897755249480213e-05,2.1739984838116745e-05,0.9998789455852998,3.368773672648998e-07
WIN-8ec9e349dc6a2dad86f5,source_domain/cwru_12khz_fe/B021_0.mat,source_domain/cwru_12khz_fe/B021_0.mat,B,0.0,0.021,,1796.0,source_12khz_fe,2,outer_test,B,0.07171449156680298,0.0023320702995764395,0.9238847157454811,0.0020687223881396366
WIN-a15c4cd52a490317cae7,source_domain/cwru_12khz_fe/B021_0.mat,source_domain/cwru_12khz_fe/B021_0.mat,B,0.0,0.021,,1796.0,source_12khz_fe,2,outer_test,B,3.7221746743408463e-05,3.9211261727170424e-07,0.9999617823472985,6.037933408741234e-07
WIN-b91f84ec83a97fa03b8e,source_domain/cwru_12khz_fe/B021_0.mat,source_domain/cwru_12khz_fe/B021_0.mat,B,0.0,0.021,,1796.0,source_12khz_fe,2,outer_test,B,0.0033075309690862196,9.155555730289256e-05,0.9963941649120829,0.0002067485615282529
WIN-bbb6db2261581421a8dc,source_domain/cwru_12khz_fe/B021_0.mat,source_domain/cwru_12khz_fe/B021_0.mat,B,0.0,0.021,,1796.0,source_12khz_fe,2,outer_test,B,3.8576791388676296e-05,4.630918514512316e-06,0.999956621586693,1.707034039666769e-07
WIN-d7bd0c8a027e6db2f970,source_domain/cwru_12khz_fe/B021_0.mat,source_domain/cwru_12khz_fe/B021_0.mat,B,0.0,0.021,,1796.0,source_12khz_fe,2,outer_test,B,0.001184994092302137,0.00042823617245908203,0.9983853079369406,1.461798298095933e-06
WIN-2faee3c8f5a2fb07bfb9,source_domain/cwru_12khz_fe/B021_1.mat,source_domain/cwru_12khz_fe/B021_1.mat,B,1.0,0.021,,1775.0,source_12khz_fe,2,outer_test,B,0.13371933992390744,0.0012746200484025812,0.8537643269933736,0.011241713034316507
WIN-44962460fdc546b555e0,source_domain/cwru_12khz_fe/B021_1.mat,source_domain/cwru_12khz_fe/B021_1.mat,B,1.0,0.021,,1775.0,source_12khz_fe,2,outer_test,B,0.002740290616489292,0.00025362228289132186,0.9967166117469185,0.00028947535370085054
WIN-524b6d879559ed5b2440,source_domain/cwru_12khz_fe/B021_1.mat,source_domain/cwru_12khz_fe/B021_1.mat,B,1.0,0.021,,1775.0,source_12khz_fe,2,outer_test,B,2.6550592942275725e-06,1.0240240053229188e-08,0.999997332821221,1.879244524258671e-09
WIN-6a6cd868718760f9beb2,source_domain/cwru_12khz_fe/B021_1.mat,source_domain/cwru_12khz_fe/B021_1.mat,B,1.0,0.021,,1775.0,source_12khz_fe,2,outer_test,B,0.0003539351445463125,4.832813501365147e-06,0.9996388897596178,2.342282334650737e-06
WIN-6e194b460a6f9dfb63db,source_domain/cwru_12khz_fe/B021_1.mat,source_domain/cwru_12khz_fe/B021_1.mat,B,1.0,0.021,,1775.0,source_12khz_fe,2,outer_test,B,0.3939063687216557,0.002839575473114973,0.5773971639931269,0.025856891812102444
WIN-7571657e1d092958db86,source_domain/cwru_12khz_fe/B021_1.mat,source_domain/cwru_12khz_fe/B021_1.mat,B,1.0,0.021,,1775.0,source_12khz_fe,2,outer_test,B,0.38022233594530785,0.003018102694823283,0.5880214775466089,0.02873808381325991
WIN-78752056609514e16c69,source_domain/cwru_12khz_fe/B021_1.mat,source_domain/cwru_12khz_fe/B021_1.mat,B,1.0,0.021,,1775.0,source_12khz_fe,2,outer_test,B,0.1651181988384715,0.018783802030042752,0.8160163630179911,8.163611349460857e-05
WIN-7ab4e13fbabfbd4e5db3,source_domain/cwru_12khz_fe/B021_1.mat,source_domain/cwru_12khz_fe/B021_1.mat,B,1.0,0.021,,1775.0,source_12khz_fe,2,outer_test,B,0.000688470106954885,4.190532618234545e-05,0.999265658125469,3.966441393598629e-06
WIN-842bb62f1c993b737727,source_domain/cwru_12khz_fe/B021_1.mat,source_domain/cwru_12khz_fe/B021_1.mat,B,1.0,0.021,,1775.0,source_12khz_fe,2,outer_test,B,0.0022550057915897985,0.0003008831318976462,0.9973069867762088,0.00013712430030387307
WIN-b8a176c8599396fcb933,source_domain/cwru_12khz_fe/B021_1.mat,source_domain/cwru_12khz_fe/B021_1.mat,B,1.0,0.021,,1775.0,source_12khz_fe,2,outer_test,B,0.0028066216198427744,0.0003623882469041617,0.9966718809942448,0.00015910913900817056
WIN-c73ce4e610533d0e394f,source_domain/cwru_12khz_fe/B021_1.mat,source_domain/cwru_12khz_fe/B021_1.mat,B,1.0,0.021,,1775.0,source_12khz_fe,2,outer_test,B,0.11907627537226066,0.023337730201687105,0.8575260692325025,5.992519354978591e-05
WIN-ca1dc236c64a0d336eb0,source_domain/cwru_12khz_fe/B021_1.mat,source_domain/cwru_12khz_fe/B021_1.mat,B,1.0,0.021,,1775.0,source_12khz_fe,2,outer_test,B,4.388856791740878e-06,1.7790788730075524e-08,0.9999955913812064,1.9712131507164336e-09
WIN-ce9aed289046dbf88e3d,source_domain/cwru_12khz_fe/B021_1.mat,source_domain/cwru_12khz_fe/B021_1.mat,B,1.0,0.021,,1775.0,source_12khz_fe,2,outer_test,B,0.19173918606538723,0.003916976757953715,0.7935124078275644,0.010831429349094805
WIN-cebfacbec3451fecab55,source_domain/cwru_12khz_fe/B021_1.mat,source_domain/cwru_12khz_fe/B021_1.mat,B,1.0,0.021,,1775.0,source_12khz_fe,2,outer_test,B,0.06203019531912096,0.0015723844644720676,0.9363756929364503,2.1727279956881835e-05
WIN-daf99a564745c1239bc0,source_domain/cwru_12khz_fe/B021_1.mat,source_domain/cwru_12khz_fe/B021_1.mat,B,1.0,0.021,,1775.0,source_12khz_fe,2,outer_test,B,0.4374243413001681,0.0038261351169520488,0.5391244174581785,0.019625106124701367
WIN-01e7e62f4c2ecbdb18db,source_domain/cwru_12khz_fe/IR007_2.mat,source_domain/cwru_12khz_fe/IR007_2.mat,IR,2.0,0.007,,1755.0,source_12khz_fe,2,outer_test,IR,0.07340359615357017,0.9211572551605572,0.005415836068299386,2.3312617573107945e-05
WIN-06b3ee637ecb4727711e,source_domain/cwru_12khz_fe/IR007_2.mat,source_domain/cwru_12khz_fe/IR007_2.mat,IR,2.0,0.007,,1755.0,source_12khz_fe,2,outer_test,IR,0.004270469384978605,0.9947285933371101,0.0009847842400697246,1.615303784163852e-05
WIN-14dc9dcdf84c6b5f3943,source_domain/cwru_12khz_fe/IR007_2.mat,source_domain/cwru_12khz_fe/IR007_2.mat,IR,2.0,0.007,,1755.0,source_12khz_fe,2,outer_test,IR,0.008892896466385056,0.9892944360002399,0.0017896508850350932,2.3016648339833563e-05
WIN-6096a5f0b148a34900c5,source_domain/cwru_12khz_fe/IR007_2.mat,source_domain/cwru_12khz_fe/IR007_2.mat,IR,2.0,0.007,,1755.0,source_12khz_fe,2,outer_test,IR,0.00939322701388759,0.9903813228813783,0.00020332925729130868,2.2120847442770483e-05
WIN-666695e7042d3c8f85e4,source_domain/cwru_12khz_fe/IR007_2.mat,source_domain/cwru_12khz_fe/IR007_2.mat,IR,2.0,0.007,,1755.0,source_12khz_fe,2,outer_test,IR,0.007889345288134586,0.9914348912367894,0.0006570760067729089,1.8687468303048747e-05
WIN-70314c3ab088ce2bee55,source_domain/cwru_12khz_fe/IR007_2.mat,source_domain/cwru_12khz_fe/IR007_2.mat,IR,2.0,0.007,,1755.0,source_12khz_fe,2,outer_test,IR,0.010938000032607954,0.9844167935940278,0.004621354951419727,2.3851421944554037e-05
WIN-75ab10ed4c5e44e818b5,source_domain/cwru_12khz_fe/IR007_2.mat,source_domain/cwru_12khz_fe/IR007_2.mat,IR,2.0,0.007,,1755.0,source_12khz_fe,2,outer_test,IR,0.015185321293479943,0.9834875329336599,0.001298298999112223,2.8846773747802542e-05
WIN-858f672a8ed729a64e8e,source_domain/cwru_12khz_fe/IR007_2.mat,source_domain/cwru_12khz_fe/IR007_2.mat,IR,2.0,0.007,,1755.0,source_12khz_fe,2,outer_test,IR,0.00870244669200828,0.9903041390953408,0.0009705658188067977,2.284839384403705e-05
WIN-8c6bd41037c8c6a97b20,source_domain/cwru_12khz_fe/IR007_2.mat,source_domain/cwru_12khz_fe/IR007_2.mat,IR,2.0,0.007,,1755.0,source_12khz_fe,2,outer_test,IR,0.002546895985957889,0.9967234850778032,0.0007155463540107778,1.4072582228201449e-05
WIN-979bf2d8b4fd579dcd33,source_domain/cwru_12khz_fe/IR007_2.mat,source_domain/cwru_12khz_fe/IR007_2.mat,IR,2.0,0.007,,1755.0,source_12khz_fe,2,outer_test,IR,0.010815189868437167,0.9877490069167738,0.0014121778685631313,2.362534622586847e-05
WIN-ade913420fc52d55847c,source_domain/cwru_12khz_fe/IR007_2.mat,source_domain/cwru_12khz_fe/IR007_2.mat,IR,2.0,0.007,,1755.0,source_12khz_fe,2,outer_test,IR,0.016407998481600322,0.9762384985185217,0.007315189760402687,3.831323947536215e-05
WIN-b5260e2cd6b8d8f6cd67,source_domain/cwru_12khz_fe/IR007_2.mat,source_domain/cwru_12khz_fe/IR007_2.mat,IR,2.0,0.007,,1755.0,source_12khz_fe,2,outer_test,IR,0.01093105389388228,0.9864094642220101,0.0026291320771667857,3.0349806940803755e-05
WIN-b6c4c97697e059fc19ad,source_domain/cwru_12khz_fe/IR007_2.mat,source_domain/cwru_12khz_fe/IR007_2.mat,IR,2.0,0.007,,1755.0,source_12khz_fe,2,outer_test,IR,0.009677211202218053,0.9899595907373275,0.0003404615684689529,2.2736491985398744e-05
WIN-bd346145ae546172e166,source_domain/cwru_12khz_fe/IR007_2.mat,source_domain/cwru_12khz_fe/IR007_2.mat,IR,2.0,0.007,,1755.0,source_12khz_fe,2,outer_test,IR,0.015764637719349654,0.981369230748689,0.002831666820518084,3.44647114433618e-05
WIN-fed04242cbf1719d78bf,source_domain/cwru_12khz_fe/IR007_2.mat,source_domain/cwru_12khz_fe/IR007_2.mat,IR,2.0,0.007,,1755.0,source_12khz_fe,2,outer_test,IR,0.018666157937108692,0.977913133251757,0.0033881774187038906,3.253139243018704e-05
WIN-0ea1ca1043aa44936435,source_domain/cwru_12khz_fe/IR014_2.mat,source_domain/cwru_12khz_fe/IR014_2.mat,IR,2.0,0.014,,1755.0,source_12khz_fe,2,outer_test,IR,0.0033464729460333663,0.9643211767206553,0.03153015331249175,0.0008021970208195884
WIN-1ac7616db8fc9d99f80d,source_domain/cwru_12khz_fe/IR014_2.mat,source_domain/cwru_12khz_fe/IR014_2.mat,IR,2.0,0.014,,1755.0,source_12khz_fe,2,outer_test,IR,0.008687027121619402,0.9808715975931777,0.008752686418686586,0.0016886888665165242
WIN-307631e7cb0fb39c919d,source_domain/cwru_12khz_fe/IR014_2.mat,source_domain/cwru_12khz_fe/IR014_2.mat,IR,2.0,0.014,,1755.0,source_12khz_fe,2,outer_test,IR,0.003809206607553641,0.9830893143765373,0.01236992210563012,0.0007315569102789444
WIN-580e7f428d853bf89e27,source_domain/cwru_12khz_fe/IR014_2.mat,source_domain/cwru_12khz_fe/IR014_2.mat,IR,2.0,0.014,,1755.0,source_12khz_fe,2,outer_test,IR,0.003817003471976258,0.9832530321973441,0.011981074940486924,0.000948889390192874
WIN-5b1a9fb52dcc810feee9,source_domain/cwru_12khz_fe/IR014_2.mat,source_domain/cwru_12khz_fe/IR014_2.mat,IR,2.0,0.014,,1755.0,source_12khz_fe,2,outer_test,IR,0.003613426759589332,0.7843222537631858,0.21116463288854942,0.0008996865886754416
WIN-683537dfcd7db82db89e,source_domain/cwru_12khz_fe/IR014_2.mat,source_domain/cwru_12khz_fe/IR014_2.mat,IR,2.0,0.014,,1755.0,source_12khz_fe,2,outer_test,IR,0.002721487996292063,0.9797488339772648,0.01657474974150722,0.0009549282849359974
WIN-86e44c67fde4f980e3f0,source_domain/cwru_12khz_fe/IR014_2.mat,source_domain/cwru_12khz_fe/IR014_2.mat,IR,2.0,0.014,,1755.0,source_12khz_fe,2,outer_test,IR,0.0033185699027438076,0.9876633780075683,0.008138984282795119,0.0008790678068927921
WIN-8dd5a29353542d2461f5,source_domain/cwru_12khz_fe/IR014_2.mat,source_domain/cwru_12khz_fe/IR014_2.mat,IR,2.0,0.014,,1755.0,source_12khz_fe,2,outer_test,IR,0.003326171345433881,0.99262552248806,0.003353211450184464,0.0006950947163216693
WIN-92efb6dd469ce2ac10d0,source_domain/cwru_12khz_fe/IR014_2.mat,source_domain/cwru_12khz_fe/IR014_2.mat,IR,2.0,0.014,,1755.0,source_12khz_fe,2,outer_test,IR,0.007863967557789769,0.9767426902626436,0.013932750400241969,0.0014605917793248226
WIN-b0ec0d90db45a81fe520,source_domain/cwru_12khz_fe/IR014_2.mat,source_domain/cwru_12khz_fe/IR014_2.mat,IR,2.0,0.014,,1755.0,source_12khz_fe,2,outer_test,IR,0.006297688734330467,0.9812254414303404,0.011293600268333483,0.0011832695669957056
WIN-bab8f26b2be44958d70f,source_domain/cwru_12khz_fe/IR014_2.mat,source_domain/cwru_12khz_fe/IR014_2.mat,IR,2.0,0.014,,1755.0,source_12khz_fe,2,outer_test,IR,0.003903669038747852,0.9838326348830202,0.01161556475691874,0.0006481313213133491
WIN-be0f658db58ac0f0ff8a,source_domain/cwru_12khz_fe/IR014_2.mat,source_domain/cwru_12khz_fe/IR014_2.mat,IR,2.0,0.014,,1755.0,source_12khz_fe,2,outer_test,IR,0.0026210836900039157,0.8338355261295503,0.16286103347712463,0.0006823567033212469
WIN-c8ed48b34da272d4bdf6,source_domain/cwru_12khz_fe/IR014_2.mat,source_domain/cwru_12khz_fe/IR014_2.mat,IR,2.0,0.014,,1755.0,source_12khz_fe,2,outer_test,IR,0.0036698037169327173,0.9583043733897293,0.03717798293622025,0.0008478399571178043
WIN-cfd83e247fe639de1309,source_domain/cwru_12khz_fe/IR014_2.mat,source_domain/cwru_12khz_fe/IR014_2.mat,IR,2.0,0.014,,1755.0,source_12khz_fe,2,outer_test,IR,0.0042717112621268975,0.9812873698978698,0.013457568849084242,0.0009833499909190466
WIN-d184189702c1c23867ae,source_domain/cwru_12khz_fe/IR014_2.mat,source_domain/cwru_12khz_fe/IR014_2.mat,IR,2.0,0.014,,1755.0,source_12khz_fe,2,outer_test,IR,0.002962141430717965,0.9408640026664721,0.055564039482132246,0.0006098164206778465
WIN-01ddea71fe80693dcd0c,source_domain/cwru_12khz_fe/IR021_2.mat,source_domain/cwru_12khz_fe/IR021_2.mat,IR,2.0,0.021,,1758.0,source_12khz_fe,2,outer_test,IR,0.35916563842050747,0.4535770034432578,0.18700878447717648,0.0002485736590582065
WIN-067e8414e36b441ec9ad,source_domain/cwru_12khz_fe/IR021_2.mat,source_domain/cwru_12khz_fe/IR021_2.mat,IR,2.0,0.021,,1758.0,source_12khz_fe,2,outer_test,IR,0.09238264934896609,0.9041855872557819,0.003248444719589708,0.00018331867566219576
WIN-257b647f86237e701c07,source_domain/cwru_12khz_fe/IR021_2.mat,source_domain/cwru_12khz_fe/IR021_2.mat,IR,2.0,0.021,,1758.0,source_12khz_fe,2,outer_test,IR,0.07837195675131507,0.9200997032551438,0.0013173397421120214,0.00021100025142912037
WIN-3162e5c6e8dc56508eb5,source_domain/cwru_12khz_fe/IR021_2.mat,source_domain/cwru_12khz_fe/IR021_2.mat,IR,2.0,0.021,,1758.0,source_12khz_fe,2,outer_test,IR,0.07997929992421664,0.9178879324400714,0.001963404761783941,0.000169362873928047
WIN-3f93669f64da8cfeb4f1,source_domain/cwru_12khz_fe/IR021_2.mat,source_domain/cwru_12khz_fe/IR021_2.mat,IR,2.0,0.021,,1758.0,source_12khz_fe,2,outer_test,IR,0.08386694721544194,0.9140206950935268,0.00195172669932634,0.0001606309917050965
WIN-4ea6f053c047ef8704fa,source_domain/cwru_12khz_fe/IR021_2.mat,source_domain/cwru_12khz_fe/IR021_2.mat,IR,2.0,0.021,,1758.0,source_12khz_fe,2,outer_test,IR,0.08031456961041177,0.9176559741267646,0.0018422954418775568,0.0001871608209462057
WIN-4efa088d6b62e83b982a,source_domain/cwru_12khz_fe/IR021_2.mat,source_domain/cwru_12khz_fe/IR021_2.mat,IR,2.0,0.021,,1758.0,source_12khz_fe,2,outer_test,IR,0.07289634191441165,0.9237535707529054,0.0031321338972819896,0.00021795343540093645
WIN-681f97c80b2d7a4390c4,source_domain/cwru_12khz_fe/IR021_2.mat,source_domain/cwru_12khz_fe/IR021_2.mat,IR,2.0,0.021,,1758.0,source_12khz_fe,2,outer_test,IR,0.06670343627813977,0.9309682938223497,0.0021859702471661254,0.00014229965234449076
WIN-82fc40b80dc0401d1d59,source_domain/cwru_12khz_fe/IR021_2.mat,source_domain/cwru_12khz_fe/IR021_2.mat,IR,2.0,0.021,,1758.0,source_12khz_fe,2,outer_test,IR,0.06225036667557146,0.9358911970268732,0.001716256357892055,0.00014217993966317651
WIN-a08c9311a67a450e72fc,source_domain/cwru_12khz_fe/IR021_2.mat,source_domain/cwru_12khz_fe/IR021_2.mat,IR,2.0,0.021,,1758.0,source_12khz_fe,2,outer_test,IR,0.08653784899268978,0.9100675853250164,0.0031417947993306176,0.00025277088296333323
WIN-ac9006c3212e10886f49,source_domain/cwru_12khz_fe/IR021_2.mat,source_domain/cwru_12khz_fe/IR021_2.mat,IR,2.0,0.021,,1758.0,source_12khz_fe,2,outer_test,IR,0.10632355795958878,0.888593434054093,0.004791492534313512,0.000291515452004753
WIN-ade818bd37afd0fa0740,source_domain/cwru_12khz_fe/IR021_2.mat,source_domain/cwru_12khz_fe/IR021_2.mat,IR,2.0,0.021,,1758.0,source_12khz_fe,2,outer_test,IR,0.08694429604907325,0.9109563721974383,0.0019179111936558158,0.00018142055983267686
WIN-ba515142a0007c4b2629,source_domain/cwru_12khz_fe/IR021_2.mat,source_domain/cwru_12khz_fe/IR021_2.mat,IR,2.0,0.021,,1758.0,source_12khz_fe,2,outer_test,IR,0.07579557114844067,0.9207376843883682,0.0032370917342222625,0.00022965272896861545
WIN-f7c97c65fdb4734fcde1,source_domain/cwru_12khz_fe/IR021_2.mat,source_domain/cwru_12khz_fe/IR021_2.mat,IR,2.0,0.021,,1758.0,source_12khz_fe,2,outer_test,IR,0.10969707136493653,0.8867023399065335,0.0033748349609858713,0.00022575376754424128
WIN-ffd41a97997930c06560,source_domain/cwru_12khz_fe/IR021_2.mat,source_domain/cwru_12khz_fe/IR021_2.mat,IR,2.0,0.021,,1758.0,source_12khz_fe,2,outer_test,B,0.32424169550270654,0.17167692830561704,0.5039523671272127,0.00012900906446382268
WIN-055647c4a511d2af9978,source_domain/cwru_12khz_fe/OR007@3_3.mat,source_domain/cwru_12khz_fe/OR007@3_3.mat,OR,3.0,0.007,3.0,1733.0,source_12khz_fe,2,outer_test,IR,0.3645484998044097,0.6347017664369274,3.7714247347878965e-08,0.0007496960444155257
WIN-1a0c31abcfb222be6099,source_domain/cwru_12khz_fe/OR007@3_3.mat,source_domain/cwru_12khz_fe/OR007@3_3.mat,OR,3.0,0.007,3.0,1733.0,source_12khz_fe,2,outer_test,IR,0.36985722821280165,0.6294330700387986,4.3126541289867336e-08,0.0007096586218583961
WIN-256691369c87ea8861f1,source_domain/cwru_12khz_fe/OR007@3_3.mat,source_domain/cwru_12khz_fe/OR007@3_3.mat,OR,3.0,0.007,3.0,1733.0,source_12khz_fe,2,outer_test,IR,0.4716149795248897,0.5276258728783318,8.489689445190989e-08,0.000759062699884003
WIN-357083e788948f4d4f13,source_domain/cwru_12khz_fe/OR007@3_3.mat,source_domain/cwru_12khz_fe/OR007@3_3.mat,OR,3.0,0.007,3.0,1733.0,source_12khz_fe,2,outer_test,IR,0.35612541821813637,0.6430644334028363,3.477530257674979e-08,0.0008101136037247779
WIN-53f07e278771522f73ac,source_domain/cwru_12khz_fe/OR007@3_3.mat,source_domain/cwru_12khz_fe/OR007@3_3.mat,OR,3.0,0.007,3.0,1733.0,source_12khz_fe,2,outer_test,IR,0.35308346325326967,0.6461083128871594,2.4462443126497445e-08,0.0008081993971278718
WIN-8cc9594a7ec26fde7b31,source_domain/cwru_12khz_fe/OR007@3_3.mat,source_domain/cwru_12khz_fe/OR007@3_3.mat,OR,3.0,0.007,3.0,1733.0,source_12khz_fe,2,outer_test,IR,0.38202198678192595,0.6172197189551627,4.055778458517563e-08,0.0007582537051267279
WIN-8f22f88d4cd64cb7e6b3,source_domain/cwru_12khz_fe/OR007@3_3.mat,source_domain/cwru_12khz_fe/OR007@3_3.mat,OR,3.0,0.007,3.0,1733.0,source_12khz_fe,2,outer_test,IR,0.4179042343004581,0.5812486689358363,8.548876584948688e-08,0.0008470112749397974
WIN-9f6155dbab4dc05e09d2,source_domain/cwru_12khz_fe/OR007@3_3.mat,source_domain/cwru_12khz_fe/OR007@3_3.mat,OR,3.0,0.007,3.0,1733.0,source_12khz_fe,2,outer_test,IR,0.4329486196694228,0.5661235468537832,3.6091717976648466e-08,0.0009277973850760575
WIN-a5adc5e31e6bfe750163,source_domain/cwru_12khz_fe/OR007@3_3.mat,source_domain/cwru_12khz_fe/OR007@3_3.mat,OR,3.0,0.007,3.0,1733.0,source_12khz_fe,2,outer_test,IR,0.4251529282231253,0.5741419222593981,3.9140886028431187e-08,0.0007051103765905326
WIN-a6e936a49fefcb97c166,source_domain/cwru_12khz_fe/OR007@3_3.mat,source_domain/cwru_12khz_fe/OR007@3_3.mat,OR,3.0,0.007,3.0,1733.0,source_12khz_fe,2,outer_test,IR,0.38184005386926295,0.6174325292165993,2.8603838601035254e-08,0.0007273883102990862
WIN-b5128d095313b5382eb4,source_domain/cwru_12khz_fe/OR007@3_3.mat,source_domain/cwru_12khz_fe/OR007@3_3.mat,OR,3.0,0.007,3.0,1733.0,source_12khz_fe,2,outer_test,IR,0.3606005451111746,0.6386589390074563,4.0422645349602016e-08,0.000740475458723709
WIN-b93c0389339b6d3c88c9,source_domain/cwru_12khz_fe/OR007@3_3.mat,source_domain/cwru_12khz_fe/OR007@3_3.mat,OR,3.0,0.007,3.0,1733.0,source_12khz_fe,2,outer_test,IR,0.4455037418396258,0.5538521653422089,3.623355161646537e-08,0.0006440565846135975
WIN-c44d77f2cabc193355f0,source_domain/cwru_12khz_fe/OR007@3_3.mat,source_domain/cwru_12khz_fe/OR007@3_3.mat,OR,3.0,0.007,3.0,1733.0,source_12khz_fe,2,outer_test,IR,0.3602404715524877,0.6390025186008376,3.302101098346115e-08,0.0007569768256638117
WIN-de96314178b62c79dfc4,source_domain/cwru_12khz_fe/OR007@3_3.mat,source_domain/cwru_12khz_fe/OR007@3_3.mat,OR,3.0,0.007,3.0,1733.0,source_12khz_fe,2,outer_test,IR,0.436706779094431,0.5624689393829674,4.29016202309192e-08,0.0008242386209813393
WIN-fdf7795e809a33a3f8c1,source_domain/cwru_12khz_fe/OR007@3_3.mat,source_domain/cwru_12khz_fe/OR007@3_3.mat,OR,3.0,0.007,3.0,1733.0,source_12khz_fe,2,outer_test,OR,0.549696877724742,0.4495031102658592,1.026974718733173e-07,0.0007999093119269715
WIN-080d5625586964f3de4f,source_domain/cwru_12khz_fe/OR014@3_3.mat,source_domain/cwru_12khz_fe/OR014@3_3.mat,OR,3.0,0.014,3.0,1728.0,source_12khz_fe,2,outer_test,OR,0.9906715531797893,0.00924461216615578,8.378756054922056e-05,4.7093505674243046e-08
WIN-29f7163d7050e10356e5,source_domain/cwru_12khz_fe/OR014@3_3.mat,source_domain/cwru_12khz_fe/OR014@3_3.mat,OR,3.0,0.014,3.0,1728.0,source_12khz_fe,2,outer_test,OR,0.9947838065389214,0.005157890361297988,5.825587906512713e-05,4.722071540207024e-08
WIN-2b3b8ca4b94f1a66a6f0,source_domain/cwru_12khz_fe/OR014@3_3.mat,source_domain/cwru_12khz_fe/OR014@3_3.mat,OR,3.0,0.014,3.0,1728.0,source_12khz_fe,2,outer_test,OR,0.9951598668441866,0.004731024627044306,0.00010907128255038249,3.7246218696822584e-08
WIN-3f6f9bd370ee0e1cacb2,source_domain/cwru_12khz_fe/OR014@3_3.mat,source_domain/cwru_12khz_fe/OR014@3_3.mat,OR,3.0,0.014,3.0,1728.0,source_12khz_fe,2,outer_test,OR,0.991776161917916,0.008136098068435722,8.768998405711586e-05,5.0029591262589674e-08
WIN-49b7c7da22a45c2bbf70,source_domain/cwru_12khz_fe/OR014@3_3.mat,source_domain/cwru_12khz_fe/OR014@3_3.mat,OR,3.0,0.014,3.0,1728.0,source_12khz_fe,2,outer_test,OR,0.9950900513424709,0.004692420616479969,0.0002174909496398448,3.709140926141599e-08
WIN-5c43bbbdaa57bc0b8283,source_domain/cwru_12khz_fe/OR014@3_3.mat,source_domain/cwru_12khz_fe/OR014@3_3.mat,OR,3.0,0.014,3.0,1728.0,source_12khz_fe,2,outer_test,OR,0.9929275354007895,0.00697871393427406,9.369114046746635e-05,5.952446897702242e-08
WIN-75570d12349ecbec0685,source_domain/cwru_12khz_fe/OR014@3_3.mat,source_domain/cwru_12khz_fe/OR014@3_3.mat,OR,3.0,0.014,3.0,1728.0,source_12khz_fe,2,outer_test,OR,0.9923763666946195,0.007540265664280041,8.330354974515226e-05,6.409135540478493e-08
WIN-7b42bfb24ae6986130ca,source_domain/cwru_12khz_fe/OR014@3_3.mat,source_domain/cwru_12khz_fe/OR014@3_3.mat,OR,3.0,0.014,3.0,1728.0,source_12khz_fe,2,outer_test,OR,0.9953362708930438,0.004560229033093049,0.00010345221674444428,4.7857118802654616e-08
WIN-9fdc1c898741ccabff1f,source_domain/cwru_12khz_fe/OR014@3_3.mat,source_domain/cwru_12khz_fe/OR014@3_3.mat,OR,3.0,0.014,3.0,1728.0,source_12khz_fe,2,outer_test,OR,0.982413806240204,0.017486562914225113,9.956620101820885e-05,6.464455251109616e-08
WIN-a68a755ce2cd8aba8b22,source_domain/cwru_12khz_fe/OR014@3_3.mat,source_domain/cwru_12khz_fe/OR014@3_3.mat,OR,3.0,0.014,3.0,1728.0,source_12khz_fe,2,outer_test,OR,0.984409198403748,0.01551925820843407,7.146255607857169e-05,8.083173940980939e-08
WIN-ad3af21f425470679c9c,source_domain/cwru_12khz_fe/OR014@3_3.mat,source_domain/cwru_12khz_fe/OR014@3_3.mat,OR,3.0,0.014,3.0,1728.0,source_12khz_fe,2,outer_test,OR,0.9951911557737637,0.0047272597962037715,8.153102578818696e-05,5.3404244229589383e-08
WIN-ae7a7867fc2e531edd24,source_domain/cwru_12khz_fe/OR014@3_3.mat,source_domain/cwru_12khz_fe/OR014@3_3.mat,OR,3.0,0.014,3.0,1728.0,source_12khz_fe,2,outer_test,OR,0.9829301594937347,0.017027668198396347,4.205216167770189e-05,1.201461911813299e-07
WIN-e2fa3d0026ee95555403,source_domain/cwru_12khz_fe/OR014@3_3.mat,source_domain/cwru_12khz_fe/OR014@3_3.mat,OR,3.0,0.014,3.0,1728.0,source_12khz_fe,2,outer_test,OR,0.9945580767683032,0.005350529882829851,9.133416479757675e-05,5.918406936192887e-08
WIN-f163cf2d3db17d465291,source_domain/cwru_12khz_fe/OR014@3_3.mat,source_domain/cwru_12khz_fe/OR014@3_3.mat,OR,3.0,0.014,3.0,1728.0,source_12khz_fe,2,outer_test,OR,0.992774964773771,0.0071537419783324315,7.121741931663939e-05,7.582857992039722e-08
WIN-fa179cb10c4e051257c3,source_domain/cwru_12khz_fe/OR014@3_3.mat,source_domain/cwru_12khz_fe/OR014@3_3.mat,OR,3.0,0.014,3.0,1728.0,source_12khz_fe,2,outer_test,OR,0.9966022411460252,0.0032758772802129097,0.00012184818713689278,3.338662488226462e-08
WIN-10e8dc8f39d4df490350,source_domain/cwru_12khz_fe/OR021@3_1.mat,source_domain/cwru_12khz_fe/OR021@3_1.mat,OR,1.0,0.021,3.0,1773.0,source_12khz_fe,2,outer_test,IR,0.016582770734607066,0.7187474401608718,0.2638663370562422,0.0008034520482789948
WIN-3098ef6423c054b0089b,source_domain/cwru_12khz_fe/OR021@3_1.mat,source_domain/cwru_12khz_fe/OR021@3_1.mat,OR,1.0,0.021,3.0,1773.0,source_12khz_fe,2,outer_test,IR,0.04049287026177172,0.7090373358602614,0.2495373329080405,0.0009324609699263187
WIN-3ce6f7a4251c2fe11955,source_domain/cwru_12khz_fe/OR021@3_1.mat,source_domain/cwru_12khz_fe/OR021@3_1.mat,OR,1.0,0.021,3.0,1773.0,source_12khz_fe,2,outer_test,IR,0.03463726680162563,0.8173336767660007,0.14697611983378098,0.001052936598592696
WIN-546d4e125ce7c47c6959,source_domain/cwru_12khz_fe/OR021@3_1.mat,source_domain/cwru_12khz_fe/OR021@3_1.mat,OR,1.0,0.021,3.0,1773.0,source_12khz_fe,2,outer_test,IR,0.022422950991343206,0.7636306622541736,0.2130884619473686,0.0008579248071146058
WIN-5c9d2d493f28a606838c,source_domain/cwru_12khz_fe/OR021@3_1.mat,source_domain/cwru_12khz_fe/OR021@3_1.mat,OR,1.0,0.021,3.0,1773.0,source_12khz_fe,2,outer_test,IR,0.028275954111895624,0.7788221681324097,0.19222052061023595,0.0006813571454588731
WIN-76a68346c3fe343dec57,source_domain/cwru_12khz_fe/OR021@3_1.mat,source_domain/cwru_12khz_fe/OR021@3_1.mat,OR,1.0,0.021,3.0,1773.0,source_12khz_fe,2,outer_test,IR,0.013959704773937653,0.9305974278789418,0.05513587882149358,0.00030698852562685146
WIN-856c4e23e82cb229d131,source_domain/cwru_12khz_fe/OR021@3_1.mat,source_domain/cwru_12khz_fe/OR021@3_1.mat,OR,1.0,0.021,3.0,1773.0,source_12khz_fe,2,outer_test,IR,0.012905583762828497,0.9230273923327668,0.06380418986437561,0.00026283404002906815
WIN-9001442a19087f321438,source_domain/cwru_12khz_fe/OR021@3_1.mat,source_domain/cwru_12khz_fe/OR021@3_1.mat,OR,1.0,0.021,3.0,1773.0,source_12khz_fe,2,outer_test,IR,0.015192600264127118,0.8527272828032837,0.1310616261009984,0.0010184908315909185
WIN-ab9d2599ba76962ca7c7,source_domain/cwru_12khz_fe/OR021@3_1.mat,source_domain/cwru_12khz_fe/OR021@3_1.mat,OR,1.0,0.021,3.0,1773.0,source_12khz_fe,2,outer_test,IR,0.017515674477239684,0.7289596680952571,0.2528292474686095,0.0006954099588936105
WIN-c310b4ced66b95fa6539,source_domain/cwru_12khz_fe/OR021@3_1.mat,source_domain/cwru_12khz_fe/OR021@3_1.mat,OR,1.0,0.021,3.0,1773.0,source_12khz_fe,2,outer_test,IR,0.02482631325373036,0.7898085770298356,0.18446576931106268,0.0008993404053713918
WIN-db2e07613041ce43123d,source_domain/cwru_12khz_fe/OR021@3_1.mat,source_domain/cwru_12khz_fe/OR021@3_1.mat,OR,1.0,0.021,3.0,1773.0,source_12khz_fe,2,outer_test,IR,0.003695757506461272,0.9566376280228139,0.03890764485438643,0.0007589696163385156
WIN-de3ffd0eec3ac944aa6f,source_domain/cwru_12khz_fe/OR021@3_1.mat,source_domain/cwru_12khz_fe/OR021@3_1.mat,OR,1.0,0.021,3.0,1773.0,source_12khz_fe,2,outer_test,IR,0.008960302768391595,0.8780690196586283,0.11216424428993299,0.0008064332830471102
WIN-e4a835c1be23abfa3f3b,source_domain/cwru_12khz_fe/OR021@3_1.mat,source_domain/cwru_12khz_fe/OR021@3_1.mat,OR,1.0,0.021,3.0,1773.0,source_12khz_fe,2,outer_test,IR,0.02293691114091326,0.8005194112799904,0.17566263711467647,0.0008810404644198497
WIN-e5a588eb3f003ad8dec5,source_domain/cwru_12khz_fe/OR021@3_1.mat,source_domain/cwru_12khz_fe/OR021@3_1.mat,OR,1.0,0.021,3.0,1773.0,source_12khz_fe,2,outer_test,IR,0.044088930832037555,0.7537991957395915,0.20076660092623708,0.0013452725021337489
WIN-f3bdad289752ad98ff1d,source_domain/cwru_12khz_fe/OR021@3_1.mat,source_domain/cwru_12khz_fe/OR021@3_1.mat,OR,1.0,0.021,3.0,1773.0,source_12khz_fe,2,outer_test,IR,0.017895877318633097,0.8894969201358048,0.09170566775473772,0.0009015347908244366
WIN-0297ffec380417832d0e,source_domain/cwru_12khz_fe/OR021@3_3.mat,source_domain/cwru_12khz_fe/OR021@3_3.mat,OR,3.0,0.021,3.0,1728.0,source_12khz_fe,2,outer_test,IR,0.0511783484781052,0.9168856741931051,0.019091730856071687,0.012844246472718014
WIN-07fcc2c91ce2a7cd6b31,source_domain/cwru_12khz_fe/OR021@3_3.mat,source_domain/cwru_12khz_fe/OR021@3_3.mat,OR,3.0,0.021,3.0,1728.0,source_12khz_fe,2,outer_test,IR,0.03883257516184144,0.9227158898162381,0.026232355743816566,0.012219179278103792
WIN-1b8396892fe0446f563e,source_domain/cwru_12khz_fe/OR021@3_3.mat,source_domain/cwru_12khz_fe/OR021@3_3.mat,OR,3.0,0.021,3.0,1728.0,source_12khz_fe,2,outer_test,IR,0.033206204776221694,0.9233479411121582,0.02609100833104057,0.01735484578057961
WIN-22861ff2e6f49afcc8b2,source_domain/cwru_12khz_fe/OR021@3_3.mat,source_domain/cwru_12khz_fe/OR021@3_3.mat,OR,3.0,0.021,3.0,1728.0,source_12khz_fe,2,outer_test,IR,0.24943161642171927,0.701822160286497,0.024725529070930466,0.024020694220853178
WIN-252e8bea01a0f5b582a5,source_domain/cwru_12khz_fe/OR021@3_3.mat,source_domain/cwru_12khz_fe/OR021@3_3.mat,OR,3.0,0.021,3.0,1728.0,source_12khz_fe,2,outer_test,IR,0.1420497514746379,0.8021902796527874,0.040118404502263956,0.015641564370310602
WIN-3a9e83e77d84853f1aeb,source_domain/cwru_12khz_fe/OR021@3_3.mat,source_domain/cwru_12khz_fe/OR021@3_3.mat,OR,3.0,0.021,3.0,1728.0,source_12khz_fe,2,outer_test,IR,0.2903438580809963,0.6826642227993222,0.006601947448719405,0.0203899716709623
WIN-3b6a745344041b8d0011,source_domain/cwru_12khz_fe/OR021@3_3.mat,source_domain/cwru_12khz_fe/OR021@3_3.mat,OR,3.0,0.021,3.0,1728.0,source_12khz_fe,2,outer_test,IR,0.05748450176767299,0.8539462283044705,0.07527965236625268,0.013289617561603812
WIN-51d629ba51f44e20dd74,source_domain/cwru_12khz_fe/OR021@3_3.mat,source_domain/cwru_12khz_fe/OR021@3_3.mat,OR,3.0,0.021,3.0,1728.0,source_12khz_fe,2,outer_test,IR,0.11113842799406645,0.8385261427872078,0.02909793614613852,0.02123749307258716
WIN-62ddf0ccf489b542318f,source_domain/cwru_12khz_fe/OR021@3_3.mat,source_domain/cwru_12khz_fe/OR021@3_3.mat,OR,3.0,0.021,3.0,1728.0,source_12khz_fe,2,outer_test,IR,0.09824820906969962,0.8535532208014083,0.03204070855174454,0.01615786157714747
WIN-71f16ee93267b0d021d0,source_domain/cwru_12khz_fe/OR021@3_3.mat,source_domain/cwru_12khz_fe/OR021@3_3.mat,OR,3.0,0.021,3.0,1728.0,source_12khz_fe,2,outer_test,IR,0.05048986434316693,0.8950483798327926,0.032654710667271686,0.021807045156768977
WIN-81938c28b2f4f804277b,source_domain/cwru_12khz_fe/OR021@3_3.mat,source_domain/cwru_12khz_fe/OR021@3_3.mat,OR,3.0,0.021,3.0,1728.0,source_12khz_fe,2,outer_test,IR,0.22310915272839585,0.6737724572782925,0.08885199181154553,0.014266398181766095
WIN-907d01cc68cbfe1c7d12,source_domain/cwru_12khz_fe/OR021@3_3.mat,source_domain/cwru_12khz_fe/OR021@3_3.mat,OR,3.0,0.021,3.0,1728.0,source_12khz_fe,2,outer_test,IR,0.04644757800229571,0.8707494290829397,0.06543680960087281,0.01736618331389169
WIN-9212e9dc5a40e0082ec4,source_domain/cwru_12khz_fe/OR021@3_3.mat,source_domain/cwru_12khz_fe/OR021@3_3.mat,OR,3.0,0.021,3.0,1728.0,source_12khz_fe,2,outer_test,IR,0.25921470985322764,0.7066626720449893,0.011849694294783674,0.02227292380699949
WIN-b158b83a5a5ec2e74b67,source_domain/cwru_12khz_fe/OR021@3_3.mat,source_domain/cwru_12khz_fe/OR021@3_3.mat,OR,3.0,0.021,3.0,1728.0,source_12khz_fe,2,outer_test,IR,0.19859685058744408,0.7307137794739739,0.051799905351611886,0.01888946458697014
WIN-caefd20b04b889329c77,source_domain/cwru_12khz_fe/OR021@3_3.mat,source_domain/cwru_12khz_fe/OR021@3_3.mat,OR,3.0,0.021,3.0,1728.0,source_12khz_fe,2,outer_test,IR,0.08180829442654508,0.8799217488217161,0.01688072988517207,0.021389226866566934
WIN-032596b6bf6d9dec92fc,source_domain/cwru_12khz_fe/OR021@6_0.mat,source_domain/cwru_12khz_fe/OR021@6_0.mat,OR,0.0,0.021,6.0,1797.0,source_12khz_fe,2,outer_test,OR,0.4929943708908515,0.49159514428917545,0.015410443991985063,4.082798806721069e-08
WIN-0ba128c164e469d0c0bc,source_domain/cwru_12khz_fe/OR021@6_0.mat,source_domain/cwru_12khz_fe/OR021@6_0.mat,OR,0.0,0.021,6.0,1797.0,source_12khz_fe,2,outer_test,OR,0.7958720678386719,0.18643568517339526,0.017692228021351245,1.896658148977067e-08
WIN-21b7fe8298b88f759464,source_domain/cwru_12khz_fe/OR021@6_0.mat,source_domain/cwru_12khz_fe/OR021@6_0.mat,OR,0.0,0.021,6.0,1797.0,source_12khz_fe,2,outer_test,OR,0.6477002235788949,0.3320082558965377,0.020291488252037217,3.2272530177447417e-08
WIN-31648a63cd80c8a96c11,source_domain/cwru_12khz_fe/OR021@6_0.mat,source_domain/cwru_12khz_fe/OR021@6_0.mat,OR,0.0,0.021,6.0,1797.0,source_12khz_fe,2,outer_test,OR,0.5726175745390206,0.4230860217646934,0.0042963700655038115,3.363078209632475e-08
WIN-3b8c35af845397bd5522,source_domain/cwru_12khz_fe/OR021@6_0.mat,source_domain/cwru_12khz_fe/OR021@6_0.mat,OR,0.0,0.021,6.0,1797.0,source_12khz_fe,2,outer_test,OR,0.7274095744926468,0.24066312325882958,0.031927276769624056,2.5478899650606606e-08
WIN-42eae0496d1ad7775eee,source_domain/cwru_12khz_fe/OR021@6_0.mat,source_domain/cwru_12khz_fe/OR021@6_0.mat,OR,0.0,0.021,6.0,1797.0,source_12khz_fe,2,outer_test,IR,0.4890429215151688,0.49017239070836466,0.020784646003517593,4.177294883605544e-08
WIN-43d4db7b433b4ec20d3b,source_domain/cwru_12khz_fe/OR021@6_0.mat,source_domain/cwru_12khz_fe/OR021@6_0.mat,OR,0.0,0.021,6.0,1797.0,source_12khz_fe,2,outer_test,OR,0.6090737966649046,0.38071754455592566,0.010208616671385545,4.210778424679731e-08
WIN-564b4c395a2c1c75b5b8,source_domain/cwru_12khz_fe/OR021@6_0.mat,source_domain/cwru_12khz_fe/OR021@6_0.mat,OR,0.0,0.021,6.0,1797.0,source_12khz_fe,2,outer_test,OR,0.791657496199266,0.19668670469967967,0.011655775564837005,2.3536217265271832e-08
WIN-63866879c08e4a2904da,source_domain/cwru_12khz_fe/OR021@6_0.mat,source_domain/cwru_12khz_fe/OR021@6_0.mat,OR,0.0,0.021,6.0,1797.0,source_12khz_fe,2,outer_test,OR,0.6401798476244495,0.3233958101177885,0.03642430483242089,3.7425341040453075e-08
WIN-6f6cf52d77fe016559b7,source_domain/cwru_12khz_fe/OR021@6_0.mat,source_domain/cwru_12khz_fe/OR021@6_0.mat,OR,0.0,0.021,6.0,1797.0,source_12khz_fe,2,outer_test,OR,0.6389748810339175,0.34554283147001835,0.015482254620296919,3.2875767144094947e-08
WIN-7d812714370f91f9fec4,source_domain/cwru_12khz_fe/OR021@6_0.mat,source_domain/cwru_12khz_fe/OR021@6_0.mat,OR,0.0,0.021,6.0,1797.0,source_12khz_fe,2,outer_test,IR,0.447631630158563,0.5229668320484216,0.029401498591630052,3.9201385294897566e-08
WIN-9f82d6912851152fae90,source_domain/cwru_12khz_fe/OR021@6_0.mat,source_domain/cwru_12khz_fe/OR021@6_0.mat,OR,0.0,0.021,6.0,1797.0,source_12khz_fe,2,outer_test,OR,0.6728160683276494,0.31991458579942567,0.007269318953320729,2.6919604241029563e-08
WIN-df3f7cf61898e5591ee7,source_domain/cwru_12khz_fe/OR021@6_0.mat,source_domain/cwru_12khz_fe/OR021@6_0.mat,OR,0.0,0.021,6.0,1797.0,source_12khz_fe,2,outer_test,OR,0.6159725188580132,0.3787196314431125,0.005307810446108117,3.925276620952548e-08
WIN-fcbf080e78a5ca2bbded,source_domain/cwru_12khz_fe/OR021@6_0.mat,source_domain/cwru_12khz_fe/OR021@6_0.mat,OR,0.0,0.021,6.0,1797.0,source_12khz_fe,2,outer_test,OR,0.7611327623975052,0.22183918554996082,0.01702802632494328,2.572759073756517e-08
WIN-fd59d8cc6db88352eade,source_domain/cwru_12khz_fe/OR021@6_0.mat,source_domain/cwru_12khz_fe/OR021@6_0.mat,OR,0.0,0.021,6.0,1797.0,source_12khz_fe,2,outer_test,OR,0.5155077046857632,0.46561638380669473,0.01887587458261608,3.6924925894190243e-08
WIN-1e84f33a83def8b9b6ed,source_domain/cwru_48khz_normal/N_3.mat,source_domain/cwru_48khz_normal/N_3.mat,N,3.0,,,1725.0,source_48khz_normal,2,outer_test,N,0.001719442993020809,4.3877372966904065e-06,0.1620321963797855,0.8362439728898968
WIN-24c4685f42c93d8a615c,source_domain/cwru_48khz_normal/N_3.mat,source_domain/cwru_48khz_normal/N_3.mat,N,3.0,,,1725.0,source_48khz_normal,2,outer_test,N,0.0011500707399496146,6.074995297713034e-06,0.20699223115993348,0.791851623104819
WIN-4c4641ae399d641dcb8d,source_domain/cwru_48khz_normal/N_3.mat,source_domain/cwru_48khz_normal/N_3.mat,N,3.0,,,1725.0,source_48khz_normal,2,outer_test,N,0.0023441897905322638,9.388376428861794e-06,0.16527936291760303,0.8323670589154359
WIN-4e9168008e6b27b5d723,source_domain/cwru_48khz_normal/N_3.mat,source_domain/cwru_48khz_normal/N_3.mat,N,3.0,,,1725.0,source_48khz_normal,2,outer_test,N,0.0006385961650072854,1.9875975244756566e-06,0.20504870581124798,0.7943107104262203
WIN-8f40c0c199e2dbb3056e,source_domain/cwru_48khz_normal/N_3.mat,source_domain/cwru_48khz_normal/N_3.mat,N,3.0,,,1725.0,source_48khz_normal,2,outer_test,N,0.002359547654478662,1.2475108439385789e-05,0.1477984387314813,0.8498295385056006
WIN-9cae389eae9c405ad2ab,source_domain/cwru_48khz_normal/N_3.mat,source_domain/cwru_48khz_normal/N_3.mat,N,3.0,,,1725.0,source_48khz_normal,2,outer_test,N,0.0016748495281809514,8.39578354506916e-06,0.07977825604482686,0.9185384986434472
WIN-a33729b2941a383413bc,source_domain/cwru_48khz_normal/N_3.mat,source_domain/cwru_48khz_normal/N_3.mat,N,3.0,,,1725.0,source_48khz_normal,2,outer_test,N,0.0007681457702422747,4.070948226945469e-06,0.1269914916283542,0.8722362916531766
WIN-a5078da3b8f0a47407a3,source_domain/cwru_48khz_normal/N_3.mat,source_domain/cwru_48khz_normal/N_3.mat,N,3.0,,,1725.0,source_48khz_normal,2,outer_test,N,0.0013507812601802718,5.486629809059342e-06,0.1819660848533193,0.8166776472566913
WIN-b2096ed61872a8544781,source_domain/cwru_48khz_normal/N_3.mat,source_domain/cwru_48khz_normal/N_3.mat,N,3.0,,,1725.0,source_48khz_normal,2,outer_test,N,0.0009650745439728964,5.224431042963493e-06,0.11828798331790727,0.880741717707077
WIN-b7d5045ea15bb00f29be,source_domain/cwru_48khz_normal/N_3.mat,source_domain/cwru_48khz_normal/N_3.mat,N,3.0,,,1725.0,source_48khz_normal,2,outer_test,N,0.001713920701861731,9.317250325734688e-06,0.13142740120329485,0.8668493608445178
WIN-b9ada340e976456d07f6,source_domain/cwru_48khz_normal/N_3.mat,source_domain/cwru_48khz_normal/N_3.mat,N,3.0,,,1725.0,source_48khz_normal,2,outer_test,N,0.0012917267581821585,3.680142228406576e-06,0.1003216110295689,0.8983829820700204
WIN-be62712cf7984f4beba5,source_domain/cwru_48khz_normal/N_3.mat,source_domain/cwru_48khz_normal/N_3.mat,N,3.0,,,1725.0,source_48khz_normal,2,outer_test,N,0.0009838997267645766,5.040853135458891e-06,0.16834909593977532,0.8306619634803247
WIN-e1ec0df17de660c289ac,source_domain/cwru_48khz_normal/N_3.mat,source_domain/cwru_48khz_normal/N_3.mat,N,3.0,,,1725.0,source_48khz_normal,2,outer_test,N,0.0013844183362101915,4.805602951602589e-06,0.15688264522829426,0.8417281308325439
WIN-e99483e6afe0dd9ea470,source_domain/cwru_48khz_normal/N_3.mat,source_domain/cwru_48khz_normal/N_3.mat,N,3.0,,,1725.0,source_48khz_normal,2,outer_test,N,0.0016952042897327134,4.188479908568573e-06,0.0898759306455718,0.9084246765847869
WIN-eabf2e5e388ad51c4050,source_domain/cwru_48khz_normal/N_3.mat,source_domain/cwru_48khz_normal/N_3.mat,N,3.0,,,1725.0,source_48khz_normal,2,outer_test,N,0.0010070638492329861,2.8262743668345213e-06,0.10842642902439205,0.890563680852008
WIN-278af3809b54154a0f5e,source_domain/cwru_12khz_fe/B007_1.mat,source_domain/cwru_12khz_fe/B007_1.mat,B,1.0,0.007,,1777.0,source_12khz_fe,3,outer_test,B,0.000299570238207739,0.0005066822094456977,0.9991924973888374,1.250163509018906e-06
WIN-2d6addfdc68ea4b01135,source_domain/cwru_12khz_fe/B007_1.mat,source_domain/cwru_12khz_fe/B007_1.mat,B,1.0,0.007,,1777.0,source_12khz_fe,3,outer_test,B,0.00034748705837814146,0.0002782747739012135,0.9961132551996438,0.0032609829680766405
WIN-645927b5904522565940,source_domain/cwru_12khz_fe/B007_1.mat,source_domain/cwru_12khz_fe/B007_1.mat,B,1.0,0.007,,1777.0,source_12khz_fe,3,outer_test,B,0.002536618346717037,0.0008015084034698045,0.9912606219068254,0.005401251342987832
WIN-8ce4a63029b888f10682,source_domain/cwru_12khz_fe/B007_1.mat,source_domain/cwru_12khz_fe/B007_1.mat,B,1.0,0.007,,1777.0,source_12khz_fe,3,outer_test,B,0.0017028431377974767,0.0008349560885894961,0.9899728040298575,0.007489396743755595
WIN-95891b5a79c5a82166e5,source_domain/cwru_12khz_fe/B007_1.mat,source_domain/cwru_12khz_fe/B007_1.mat,B,1.0,0.007,,1777.0,source_12khz_fe,3,outer_test,B,0.0004156131759630476,0.00022496243954735215,0.9838916336462746,0.015467790738214856
WIN-c932afcccfe487deef11,source_domain/cwru_12khz_fe/B007_1.mat,source_domain/cwru_12khz_fe/B007_1.mat,B,1.0,0.007,,1777.0,source_12khz_fe,3,outer_test,B,3.541928948797472e-05,0.00010983071820716966,0.9995058211903617,0.00034892880194308245
WIN-ca596ac1d7ec980606e5,source_domain/cwru_12khz_fe/B007_1.mat,source_domain/cwru_12khz_fe/B007_1.mat,B,1.0,0.007,,1777.0,source_12khz_fe,3,outer_test,B,0.029629039242112926,0.003995525589269808,0.9193006450813848,0.04707479008723243
WIN-cc2d1358a3ab2b7ee442,source_domain/cwru_12khz_fe/B007_1.mat,source_domain/cwru_12khz_fe/B007_1.mat,B,1.0,0.007,,1777.0,source_12khz_fe,3,outer_test,B,0.0014460818448534282,0.0004797233319522982,0.9913524771074191,0.0067217177157749735
WIN-d473bf538145c5cb6764,source_domain/cwru_12khz_fe/B007_1.mat,source_domain/cwru_12khz_fe/B007_1.mat,B,1.0,0.007,,1777.0,source_12khz_fe,3,outer_test,B,2.715080378335252e-05,9.141847669808422e-05,0.9822127290618217,0.017668701657696774
WIN-d542115139eb558ed2f3,source_domain/cwru_12khz_fe/B007_1.mat,source_domain/cwru_12khz_fe/B007_1.mat,B,1.0,0.007,,1777.0,source_12khz_fe,3,outer_test,B,0.00020599772234327975,0.00034247881718618326,0.9994508120159971,7.114444736270205e-07
WIN-e3f967093ebd831492ce,source_domain/cwru_12khz_fe/B007_1.mat,source_domain/cwru_12khz_fe/B007_1.mat,B,1.0,0.007,,1777.0,source_12khz_fe,3,outer_test,B,8.974809410270578e-06,8.838943580439569e-07,0.9997521178920779,0.0002380234041539762
WIN-e4e32ea1ca545610d69e,source_domain/cwru_12khz_fe/B007_1.mat,source_domain/cwru_12khz_fe/B007_1.mat,B,1.0,0.007,,1777.0,source_12khz_fe,3,outer_test,B,2.909372490941288e-10,8.332748592092419e-07,0.9999990505156162,1.1591858731184082e-07
WIN-e92d52863a4e0f15de93,source_domain/cwru_12khz_fe/B007_1.mat,source_domain/cwru_12khz_fe/B007_1.mat,B,1.0,0.007,,1777.0,source_12khz_fe,3,outer_test,B,3.597631892268112e-10,4.43463470731113e-08,0.9999998194017752,1.3589211452508107e-07
WIN-ee38cce142716519a1ef,source_domain/cwru_12khz_fe/B007_1.mat,source_domain/cwru_12khz_fe/B007_1.mat,B,1.0,0.007,,1777.0,source_12khz_fe,3,outer_test,B,0.0007664266689638175,0.0007336992784239397,0.986223343195949,0.012276530856663146
WIN-f70b348fbf07a3e841c9,source_domain/cwru_12khz_fe/B007_1.mat,source_domain/cwru_12khz_fe/B007_1.mat,B,1.0,0.007,,1777.0,source_12khz_fe,3,outer_test,B,0.00032655104727727206,0.0002559885333721847,0.9963310905619583,0.0030863698573922464
WIN-17d94a9334029dfa613a,source_domain/cwru_12khz_fe/B007_2.mat,source_domain/cwru_12khz_fe/B007_2.mat,B,2.0,0.007,,1755.0,source_12khz_fe,3,outer_test,B,0.013961470332563663,0.0005411106701607282,0.9401062758927314,0.04539114310454407
WIN-17ffaa42ab4e1a7a0bf2,source_domain/cwru_12khz_fe/B007_2.mat,source_domain/cwru_12khz_fe/B007_2.mat,B,2.0,0.007,,1755.0,source_12khz_fe,3,outer_test,B,0.38429165482006394,0.0007477507849330556,0.6147993028024408,0.0001612915925620946
WIN-2b5daa9a57e8986f6af4,source_domain/cwru_12khz_fe/B007_2.mat,source_domain/cwru_12khz_fe/B007_2.mat,B,2.0,0.007,,1755.0,source_12khz_fe,3,outer_test,B,2.4656617824921893e-07,7.465486831711977e-07,0.99997933341444,1.967347069843152e-05
WIN-493587db7c0f397b1294,source_domain/cwru_12khz_fe/B007_2.mat,source_domain/cwru_12khz_fe/B007_2.mat,B,2.0,0.007,,1755.0,source_12khz_fe,3,outer_test,B,0.03889895456929504,0.0010129134542163473,0.9008377264824374,0.05925040549405125
WIN-4efaf5f5787c4d068504,source_domain/cwru_12khz_fe/B007_2.mat,source_domain/cwru_12khz_fe/B007_2.mat,B,2.0,0.007,,1755.0,source_12khz_fe,3,outer_test,B,0.008879784603711699,0.00016946964659211234,0.934262603358383,0.056688142391313076
WIN-5759020dae18cf676691,source_domain/cwru_12khz_fe/B007_2.mat,source_domain/cwru_12khz_fe/B007_2.mat,B,2.0,0.007,,1755.0,source_12khz_fe,3,outer_test,B,0.02286988812294573,0.0007786958060417677,0.9003738006361773,0.0759776154348351
WIN-691dcda830149b752ed4,source_domain/cwru_12khz_fe/B007_2.mat,source_domain/cwru_12khz_fe/B007_2.mat,B,2.0,0.007,,1755.0,source_12khz_fe,3,outer_test,B,0.03322154134336758,0.0004832655778014267,0.9014674296751272,0.06482776340370386
WIN-95387c7be4fc1e44a8da,source_domain/cwru_12khz_fe/B007_2.mat,source_domain/cwru_12khz_fe/B007_2.mat,B,2.0,0.007,,1755.0,source_12khz_fe,3,outer_test,B,2.3077180815100325e-08,3.185632221371861e-07,0.9999966043715158,3.0539880812876534e-06
WIN-a3baec2d813e5b5bf25b,source_domain/cwru_12khz_fe/B007_2.mat,source_domain/cwru_12khz_fe/B007_2.mat,B,2.0,0.007,,1755.0,source_12khz_fe,3,outer_test,OR,0.6896846047789147,0.01261587666751799,0.297532683137503,0.0001668354160642855
WIN-b2c0b1e6ee7c316790e6,source_domain/cwru_12khz_fe/B007_2.mat,source_domain/cwru_12khz_fe/B007_2.mat,B,2.0,0.007,,1755.0,source_12khz_fe,3,outer_test,B,0.0656954812128215,0.0003783083072960303,0.9337237786891475,0.00020243179073499635
WIN-bed73ae248b507641f53,source_domain/cwru_12khz_fe/B007_2.mat,source_domain/cwru_12khz_fe/B007_2.mat,B,2.0,0.007,,1755.0,source_12khz_fe,3,outer_test,B,0.00464803444290793,0.0001964915690588517,0.9700641357131964,0.025091338274836877
WIN-c2ffe1f0417325d8f0d4,source_domain/cwru_12khz_fe/B007_2.mat,source_domain/cwru_12khz_fe/B007_2.mat,B,2.0,0.007,,1755.0,source_12khz_fe,3,outer_test,B,3.85802759145061e-07,1.0281320081889932e-06,0.9999918048203179,6.781244914733752e-06
WIN-c8d2aba8f8ee0fe3a0ce,source_domain/cwru_12khz_fe/B007_2.mat,source_domain/cwru_12khz_fe/B007_2.mat,B,2.0,0.007,,1755.0,source_12khz_fe,3,outer_test,OR,0.830309816014003,0.014880477317015825,0.15471283168169747,9.687498728372051e-05
WIN-ca1b4f5413162000e2fb,source_domain/cwru_12khz_fe/B007_2.mat,source_domain/cwru_12khz_fe/B007_2.mat,B,2.0,0.007,,1755.0,source_12khz_fe,3,outer_test,B,0.011666624817462659,0.00035323482622904857,0.9571719219977718,0.030808218358536428
WIN-ce1088821854c23b82d0,source_domain/cwru_12khz_fe/B007_2.mat,source_domain/cwru_12khz_fe/B007_2.mat,B,2.0,0.007,,1755.0,source_12khz_fe,3,outer_test,B,0.01677505959634859,0.0005180814844223793,0.9427084307862161,0.039998428133012985
WIN-1a5b88ad287551c49d3b,source_domain/cwru_12khz_fe/B014_1.mat,source_domain/cwru_12khz_fe/B014_1.mat,B,1.0,0.014,,1775.0,source_12khz_fe,3,outer_test,B,3.735471879332478e-07,0.00011295503233088445,0.9998865538097494,1.176107318819624e-07
WIN-23a9dffe6f9b7b523adf,source_domain/cwru_12khz_fe/B014_1.mat,source_domain/cwru_12khz_fe/B014_1.mat,B,1.0,0.014,,1775.0,source_12khz_fe,3,outer_test,B,1.8942145593596e-06,0.004403196169442653,0.9955698504226619,2.5059193335998617e-05
WIN-3bd82ba106cb26f6464e,source_domain/cwru_12khz_fe/B014_1.mat,source_domain/cwru_12khz_fe/B014_1.mat,B,1.0,0.014,,1775.0,source_12khz_fe,3,outer_test,B,1.412597078747506e-06,0.0032504476395787503,0.9967459880280138,2.1517353286901734e-06
WIN-48c1ad389c8d5489ec76,source_domain/cwru_12khz_fe/B014_1.mat,source_domain/cwru_12khz_fe/B014_1.mat,B,1.0,0.014,,1775.0,source_12khz_fe,3,outer_test,B,2.0441319439124847e-05,0.0037115840612073126,0.9946633252500704,0.0016046493692829958
WIN-5945b88ef9480f2adb32,source_domain/cwru_12khz_fe/B014_1.mat,source_domain/cwru_12khz_fe/B014_1.mat,B,1.0,0.014,,1775.0,source_12khz_fe,3,outer_test,B,0.0017406416093454515,0.0009365446890755889,0.9973189850005251,3.828701053789754e-06
WIN-5ff1104c2d9836b2a716,source_domain/cwru_12khz_fe/B014_1.mat,source_domain/cwru_12khz_fe/B014_1.mat,B,1.0,0.014,,1775.0,source_12khz_fe,3,outer_test,B,1.893392612930609e-05,0.0006246646711161888,0.9993557064447594,6.949579951017962e-07
WIN-686a8465e68783e11ea5,source_domain/cwru_12khz_fe/B014_1.mat,source_domain/cwru_12khz_fe/B014_1.mat,B,1.0,0.014,,1775.0,source_12khz_fe,3,outer_test,B,5.834291931631395e-23,4.3532049574278517e-13,0.9999999999995621,2.340687339558153e-15
WIN-6973a8c42964be865058,source_domain/cwru_12khz_fe/B014_1.mat,source_domain/cwru_12khz_fe/B014_1.mat,B,1.0,0.014,,1775.0,source_12khz_fe,3,outer_test,B,0.0011618023241907597,0.03324694973961595,0.9622887067432258,0.0033025411929674263
WIN-7743e9ef6f07f0097f12,source_domain/cwru_12khz_fe/B014_1.mat,source_domain/cwru_12khz_fe/B014_1.mat,B,1.0,0.014,,1775.0,source_12khz_fe,3,outer_test,B,3.351288853254188e-07,0.0007908377443171198,0.999208287334584,5.397922135312716e-07
WIN-81b730060fb0f9f3e062,source_domain/cwru_12khz_fe/B014_1.mat,source_domain/cwru_12khz_fe/B014_1.mat,B,1.0,0.014,,1775.0,source_12khz_fe,3,outer_test,B,1.1146969548062952e-06,0.0001434045502935349,0.9998541737051679,1.3070475837586583e-06
WIN-8a4f533e2f54ce9d3b3d,source_domain/cwru_12khz_fe/B014_1.mat,source_domain/cwru_12khz_fe/B014_1.mat,B,1.0,0.014,,1775.0,source_12khz_fe,3,outer_test,B,9.68089317250747e-05,4.803805354343729e-05,0.9998550158700218,1.3714470958445557e-07
WIN-8f186ca87b313d6e1e73,source_domain/cwru_12khz_fe/B014_1.mat,source_domain/cwru_12khz_fe/B014_1.mat,B,1.0,0.014,,1775.0,source_12khz_fe,3,outer_test,B,5.545387947729332e-08,1.3085400876811793e-05,0.9999859832076058,8.75937637628264e-07
WIN-a04628c5fb57bb17a157,source_domain/cwru_12khz_fe/B014_1.mat,source_domain/cwru_12khz_fe/B014_1.mat,B,1.0,0.014,,1775.0,source_12khz_fe,3,outer_test,B,4.675207401245866e-06,0.0015844853111630025,0.994461349853921,0.003949489627514745
WIN-a3afac2b88e914c9a766,source_domain/cwru_12khz_fe/B014_1.mat,source_domain/cwru_12khz_fe/B014_1.mat,B,1.0,0.014,,1775.0,source_12khz_fe,3,outer_test,B,2.523512671195395e-06,0.00043446961319115984,0.9994999155125898,6.309136154773097e-05
WIN-a757e773381cfe600bc9,source_domain/cwru_12khz_fe/B014_1.mat,source_domain/cwru_12khz_fe/B014_1.mat,B,1.0,0.014,,1775.0,source_12khz_fe,3,outer_test,B,8.430555466618157e-05,0.002676947643827384,0.9972369597804519,1.7870210545971594e-06
WIN-1609a00ca1d3a822e2dd,source_domain/cwru_12khz_fe/IR007_1.mat,source_domain/cwru_12khz_fe/IR007_1.mat,IR,1.0,0.007,,1772.0,source_12khz_fe,3,outer_test,IR,0.1920689917017933,0.8077405352150994,0.00016639297381935845,2.4080109287916888e-05
WIN-31d80cf41e038ac53d82,source_domain/cwru_12khz_fe/IR007_1.mat,source_domain/cwru_12khz_fe/IR007_1.mat,IR,1.0,0.007,,1772.0,source_12khz_fe,3,outer_test,IR,0.16435947295003028,0.8352046308400575,0.00040265517455860235,3.324103535370906e-05
WIN-5c17bd1b9c8c56bae671,source_domain/cwru_12khz_fe/IR007_1.mat,source_domain/cwru_12khz_fe/IR007_1.mat,IR,1.0,0.007,,1772.0,source_12khz_fe,3,outer_test,IR,0.11841068435521188,0.8813110164935606,0.00024903423185786345,2.9264919369805935e-05
WIN-65b070ef7b219013641f,source_domain/cwru_12khz_fe/IR007_1.mat,source_domain/cwru_12khz_fe/IR007_1.mat,IR,1.0,0.007,,1772.0,source_12khz_fe,3,outer_test,IR,0.16742783041141263,0.832115395057277,0.0004327493718185799,2.402515949180466e-05
WIN-675d4546c409d80d86e3,source_domain/cwru_12khz_fe/IR007_1.mat,source_domain/cwru_12khz_fe/IR007_1.mat,IR,1.0,0.007,,1772.0,source_12khz_fe,3,outer_test,IR,0.12759781436310677,0.8715667429952623,0.0008159697439615907,1.947289766939876e-05
WIN-6c7a4134cbf512b3a28e,source_domain/cwru_12khz_fe/IR007_1.mat,source_domain/cwru_12khz_fe/IR007_1.mat,IR,1.0,0.007,,1772.0,source_12khz_fe,3,outer_test,IR,0.13503620188457044,0.8642148405162233,0.0007274183939297667,2.153920527653771e-05
WIN-6fc76f988f52786ece77,source_domain/cwru_12khz_fe/IR007_1.mat,source_domain/cwru_12khz_fe/IR007_1.mat,IR,1.0,0.007,,1772.0,source_12khz_fe,3,outer_test,IR,0.37640037513381835,0.6214093578669809,0.002153867046491928,3.6399952708871613e-05
WIN-73592ac81c9a7a22bac3,source_domain/cwru_12khz_fe/IR007_1.mat,source_domain/cwru_12khz_fe/IR007_1.mat,IR,1.0,0.007,,1772.0,source_12khz_fe,3,outer_test,IR,0.2266900183599156,0.7720745590140918,0.0012032854901691363,3.213713582338292e-05
WIN-76b37ed3bc783c0cc905,source_domain/cwru_12khz_fe/IR007_1.mat,source_domain/cwru_12khz_fe/IR007_1.mat,IR,1.0,0.007,,1772.0,source_12khz_fe,3,outer_test,IR,0.20087291273466787,0.7983288895447608,0.0007793081060560588,1.888961451513062e-05
WIN-793fae25042f4a3987f1,source_domain/cwru_12khz_fe/IR007_1.mat,source_domain/cwru_12khz_fe/IR007_1.mat,IR,1.0,0.007,,1772.0,source_12khz_fe,3,outer_test,IR,0.19464646647790604,0.8044016835229653,0.0009170548629639718,3.479513616488348e-05
WIN-7d6464ba2fca178a047a,source_domain/cwru_12khz_fe/IR007_1.mat,source_domain/cwru_12khz_fe/IR007_1.mat,IR,1.0,0.007,,1772.0,source_12khz_fe,3,outer_test,IR,0.2956735697737793,0.7035132626778383,0.0007780992955471411,3.506825283517293e-05
WIN-818ad005e3cb0f8cfeb1,source_domain/cwru_12khz_fe/IR007_1.mat,source_domain/cwru_12khz_fe/IR007_1.mat,IR,1.0,0.007,,1772.0,source_12khz_fe,3,outer_test,IR,0.24526772583765405,0.7537072218497611,0.0009942425246895574,3.080978789517293e-05
WIN-81b726fe00d127972160,source_domain/cwru_12khz_fe/IR007_1.mat,source_domain/cwru_12khz_fe/IR007_1.mat,IR,1.0,0.007,,1772.0,source_12khz_fe,3,outer_test,IR,0.16355485520197482,0.8360806977367814,0.0003387042939727391,2.5742767271052373e-05
WIN-ba35f61877490475d0c1,source_domain/cwru_12khz_fe/IR007_1.mat,source_domain/cwru_12khz_fe/IR007_1.mat,IR,1.0,0.007,,1772.0,source_12khz_fe,3,outer_test,IR,0.2593207017244239,0.7396687113366849,0.0009749841987223948,3.5602740168945126e-05
WIN-c3216774c4460e657567,source_domain/cwru_12khz_fe/IR007_1.mat,source_domain/cwru_12khz_fe/IR007_1.mat,IR,1.0,0.007,,1772.0,source_12khz_fe,3,outer_test,IR,0.157228863135145,0.8425651449627539,0.00018266264082899343,2.332926127217062e-05
WIN-02135945bb18ff887375,source_domain/cwru_12khz_fe/IR007_3.mat,source_domain/cwru_12khz_fe/IR007_3.mat,IR,3.0,0.007,,1732.0,source_12khz_fe,3,outer_test,IR,0.3407171012265105,0.6589774851532637,0.00030053752062676455,4.8760995988971835e-06
WIN-05e3b5dba0b8bf0cec71,source_domain/cwru_12khz_fe/IR007_3.mat,source_domain/cwru_12khz_fe/IR007_3.mat,IR,3.0,0.007,,1732.0,source_12khz_fe,3,outer_test,OR,0.5697285498889936,0.42964014870823675,0.000624366977489991,6.934425279776646e-06
WIN-2f3a8feb7ac80dd3054b,source_domain/cwru_12khz_fe/IR007_3.mat,source_domain/cwru_12khz_fe/IR007_3.mat,IR,3.0,0.007,,1732.0,source_12khz_fe,3,outer_test,IR,0.48072874429911955,0.5191182256015101,0.00014641594487488444,6.614154495439345e-06
WIN-36c3fb867e1ebbfb7945,source_domain/cwru_12khz_fe/IR007_3.mat,source_domain/cwru_12khz_fe/IR007_3.mat,IR,3.0,0.007,,1732.0,source_12khz_fe,3,outer_test,OR,0.5747444759969267,0.42512954647884643,0.00012038322475996192,5.59429946693681e-06
WIN-386787f7137c8175d934,source_domain/cwru_12khz_fe/IR007_3.mat,source_domain/cwru_12khz_fe/IR007_3.mat,IR,3.0,0.007,,1732.0,source_12khz_fe,3,outer_test,IR,0.3802438807632002,0.6196094390698964,0.00014372489300222647,2.9552739013555272e-06
WIN-39e8b4aaf58b74cc748a,source_domain/cwru_12khz_fe/IR007_3.mat,source_domain/cwru_12khz_fe/IR007_3.mat,IR,3.0,0.007,,1732.0,source_12khz_fe,3,outer_test,OR,0.5833928208015237,0.4162996587490075,0.0003020092656382277,5.511183830501647e-06
WIN-70fafa99e816d7111b6d,source_domain/cwru_12khz_fe/IR007_3.mat,source_domain/cwru_12khz_fe/IR007_3.mat,IR,3.0,0.007,,1732.0,source_12khz_fe,3,outer_test,OR,0.5386819078723207,0.46118583237350547,0.00012975545830593683,2.504295867819607e-06
WIN-876fac0ccd4036166ffe,source_domain/cwru_12khz_fe/IR007_3.mat,source_domain/cwru_12khz_fe/IR007_3.mat,IR,3.0,0.007,,1732.0,source_12khz_fe,3,outer_test,OR,0.6791816238537345,0.3206735107496857,0.0001405410252272018,4.324371352547358e-06
WIN-95ba58e2644691cf9155,source_domain/cwru_12khz_fe/IR007_3.mat,source_domain/cwru_12khz_fe/IR007_3.mat,IR,3.0,0.007,,1732.0,source_12khz_fe,3,outer_test,OR,0.6760467372690123,0.3236320453036936,0.0003170946233234658,4.122803970583502e-06
WIN-9b30f7c42b134f3dd64a,source_domain/cwru_12khz_fe/IR007_3.mat,source_domain/cwru_12khz_fe/IR007_3.mat,IR,3.0,0.007,,1732.0,source_12khz_fe,3,outer_test,IR,0.449361524008313,0.550506491835726,0.00012801052561405715,3.973630347017826e-06
WIN-9e34e8c735e92f8efcc4,source_domain/cwru_12khz_fe/IR007_3.mat,source_domain/cwru_12khz_fe/IR007_3.mat,IR,3.0,0.007,,1732.0,source_12khz_fe,3,outer_test,OR,0.5427488395905289,0.4569896495725075,0.00025318027606076684,8.330560902987287e-06
WIN-b3826052360ede3025ed,source_domain/cwru_12khz_fe/IR007_3.mat,source_domain/cwru_12khz_fe/IR007_3.mat,IR,3.0,0.007,,1732.0,source_12khz_fe,3,outer_test,OR,0.5906731291948849,0.4086942511280456,0.0006253555708850891,7.264106184399713e-06
WIN-c0c957a2ebecccd09b09,source_domain/cwru_12khz_fe/IR007_3.mat,source_domain/cwru_12khz_fe/IR007_3.mat,IR,3.0,0.007,,1732.0,source_12khz_fe,3,outer_test,OR,0.5075246103450428,0.49228886068374417,0.0001782972828778983,8.23168833502955e-06
WIN-d1c33fd95c8d96968d54,source_domain/cwru_12khz_fe/IR007_3.mat,source_domain/cwru_12khz_fe/IR007_3.mat,IR,3.0,0.007,,1732.0,source_12khz_fe,3,outer_test,OR,0.5722637507909293,0.427613550650652,0.00011970982827418802,2.9887301445359655e-06
WIN-db8aa1c4a131bb7d038d,source_domain/cwru_12khz_fe/IR007_3.mat,source_domain/cwru_12khz_fe/IR007_3.mat,IR,3.0,0.007,,1732.0,source_12khz_fe,3,outer_test,OR,0.620998186560406,0.37866941353479666,0.0003273781242556162,5.02178054181384e-06
WIN-00154dd47f4b27756990,source_domain/cwru_12khz_fe/IR021_3.mat,source_domain/cwru_12khz_fe/IR021_3.mat,IR,3.0,0.021,,1737.0,source_12khz_fe,3,outer_test,IR,0.3771638753659635,0.5873096460951303,0.035429389732875724,9.708880603067244e-05
WIN-46747e8a8dc1c5a79865,source_domain/cwru_12khz_fe/IR021_3.mat,source_domain/cwru_12khz_fe/IR021_3.mat,IR,3.0,0.021,,1737.0,source_12khz_fe,3,outer_test,IR,0.2925558842062254,0.7042855837533428,0.003116271099303309,4.226094112850061e-05
WIN-576502aab2e9e4c4775a,source_domain/cwru_12khz_fe/IR021_3.mat,source_domain/cwru_12khz_fe/IR021_3.mat,IR,3.0,0.021,,1737.0,source_12khz_fe,3,outer_test,IR,0.38743129587112446,0.5945601889779794,0.017810743298427842,0.00019777185246841692
WIN-648a6afb261a5ec06b8d,source_domain/cwru_12khz_fe/IR021_3.mat,source_domain/cwru_12khz_fe/IR021_3.mat,IR,3.0,0.021,,1737.0,source_12khz_fe,3,outer_test,IR,0.31612893752666565,0.6790267322335783,0.004791658921767044,5.26713179890239e-05
WIN-7cfe75c680335acb71fc,source_domain/cwru_12khz_fe/IR021_3.mat,source_domain/cwru_12khz_fe/IR021_3.mat,IR,3.0,0.021,,1737.0,source_12khz_fe,3,outer_test,IR,0.3643622319939503,0.6203219074199801,0.015229612719778627,8.624786629095275e-05
WIN-8eb23f44087b49271219,source_domain/cwru_12khz_fe/IR021_3.mat,source_domain/cwru_12khz_fe/IR021_3.mat,IR,3.0,0.021,,1737.0,source_12khz_fe,3,outer_test,IR,0.3110267660125779,0.6801431896482848,0.008741514145882225,8.853019325521441e-05
WIN-9439f1aa6712cf6d7c0e,source_domain/cwru_12khz_fe/IR021_3.mat,source_domain/cwru_12khz_fe/IR021_3.mat,IR,3.0,0.021,,1737.0,source_12khz_fe,3,outer_test,IR,0.45527615605002364,0.5264833775653036,0.018121959065190818,0.00011850731948194473
WIN-9805925649c8dcb8c2ca,source_domain/cwru_12khz_fe/IR021_3.mat,source_domain/cwru_12khz_fe/IR021_3.mat,IR,3.0,0.021,,1737.0,source_12khz_fe,3,outer_test,IR,0.3355160285093698,0.643106377415077,0.021200701908040027,0.0001768921675131669
WIN-a1f094216dd6a49cd973,source_domain/cwru_12khz_fe/IR021_3.mat,source_domain/cwru_12khz_fe/IR021_3.mat,IR,3.0,0.021,,1737.0,source_12khz_fe,3,outer_test,IR,0.2611688935969767,0.7281799244605393,0.010576663243095221,7.451869938873527e-05
WIN-b98a836d1a68b385c13b,source_domain/cwru_12khz_fe/IR021_3.mat,source_domain/cwru_12khz_fe/IR021_3.mat,IR,3.0,0.021,,1737.0,source_12khz_fe,3,outer_test,IR,0.45578693211285126,0.5350011001823719,0.009146659683314087,6.530802146274813e-05
WIN-bd4fdc3c59effa9f13f6,source_domain/cwru_12khz_fe/IR021_3.mat,source_domain/cwru_12khz_fe/IR021_3.mat,IR,3.0,0.021,,1737.0,source_12khz_fe,3,outer_test,IR,0.33105230747926495,0.6493799315751664,0.019521964626948538,4.5796318619966755e-05
WIN-bf01017e9d620164e839,source_domain/cwru_12khz_fe/IR021_3.mat,source_domain/cwru_12khz_fe/IR021_3.mat,IR,3.0,0.021,,1737.0,source_12khz_fe,3,outer_test,IR,0.2939249075669577,0.6938033564664934,0.012213703313953307,5.8032652595652216e-05
WIN-da1b2290cde4e3240e8d,source_domain/cwru_12khz_fe/IR021_3.mat,source_domain/cwru_12khz_fe/IR021_3.mat,IR,3.0,0.021,,1737.0,source_12khz_fe,3,outer_test,IR,0.36802410832495674,0.6152915693001176,0.016595990757300155,8.833161762551705e-05
WIN-fe77534eb996ee41b69b,source_domain/cwru_12khz_fe/IR021_3.mat,source_domain/cwru_12khz_fe/IR021_3.mat,IR,3.0,0.021,,1737.0,source_12khz_fe,3,outer_test,IR,0.39942111114057555,0.592619910017075,0.007861766269902731,9.72125724466859e-05
WIN-ff4ea363627c75a13ff7,source_domain/cwru_12khz_fe/IR021_3.mat,source_domain/cwru_12khz_fe/IR021_3.mat,IR,3.0,0.021,,1737.0,source_12khz_fe,3,outer_test,IR,0.44670636652304996,0.5395734536658238,0.013602055683868743,0.0001181241272575705
WIN-5fd668811bc1cd1d4aa5,source_domain/cwru_12khz_fe/OR007@12_0.mat,source_domain/cwru_12khz_fe/OR007@12_0.mat,OR,0.0,0.007,12.0,1797.0,source_12khz_fe,3,outer_test,OR,0.9746485625931937,0.0006467814758844957,0.02345658574325178,0.001248070187670146
WIN-748be3b276d7164e9abc,source_domain/cwru_12khz_fe/OR007@12_0.mat,source_domain/cwru_12khz_fe/OR007@12_0.mat,OR,0.0,0.007,12.0,1797.0,source_12khz_fe,3,outer_test,OR,0.8998464637927277,0.0025789376660932113,0.08965633913894328,0.007918259402235757
WIN-74dc12ae699664545810,source_domain/cwru_12khz_fe/OR007@12_0.mat,source_domain/cwru_12khz_fe/OR007@12_0.mat,OR,0.0,0.007,12.0,1797.0,source_12khz_fe,3,outer_test,OR,0.6638107732326401,0.022852155334751052,0.3018169126029908,0.011520158829618096
WIN-85ab41149290cae6fc68,source_domain/cwru_12khz_fe/OR007@12_0.mat,source_domain/cwru_12khz_fe/OR007@12_0.mat,OR,0.0,0.007,12.0,1797.0,source_12khz_fe,3,outer_test,OR,0.9830307267454802,0.015010973928254411,0.000889831009792919,0.0010684683164726148
WIN-8bc0f9ecea59ddc8639a,source_domain/cwru_12khz_fe/OR007@12_0.mat,source_domain/cwru_12khz_fe/OR007@12_0.mat,OR,0.0,0.007,12.0,1797.0,source_12khz_fe,3,outer_test,OR,0.9461205418373733,0.00636793634906993,0.04394056747360122,0.0035709543399556148
WIN-99e8592999abd62a92ed,source_domain/cwru_12khz_fe/OR007@12_0.mat,source_domain/cwru_12khz_fe/OR007@12_0.mat,OR,0.0,0.007,12.0,1797.0,source_12khz_fe,3,outer_test,OR,0.8768190260998703,0.0017922819533188147,0.11386517152688352,0.00752352041992733
WIN-9a56271c78fb4a9291b4,source_domain/cwru_12khz_fe/OR007@12_0.mat,source_domain/cwru_12khz_fe/OR007@12_0.mat,OR,0.0,0.007,12.0,1797.0,source_12khz_fe,3,outer_test,OR,0.8554947909429438,0.05086919865661082,0.08857956383065085,0.005056446569794542
WIN-a08c283a0089fd3a3c77,source_domain/cwru_12khz_fe/OR007@12_0.mat,source_domain/cwru_12khz_fe/OR007@12_0.mat,OR,0.0,0.007,12.0,1797.0,source_12khz_fe,3,outer_test,OR,0.9459231897272317,0.00733601845842388,0.04088684628860301,0.005853945525741517
WIN-c40afc9071dd90c1dd08,source_domain/cwru_12khz_fe/OR007@12_0.mat,source_domain/cwru_12khz_fe/OR007@12_0.mat,OR,0.0,0.007,12.0,1797.0,source_12khz_fe,3,outer_test,OR,0.9394926251442208,0.05483980940546537,5.084044004464882e-05,0.0056167250102690915
WIN-d3143590034485211717,source_domain/cwru_12khz_fe/OR007@12_0.mat,source_domain/cwru_12khz_fe/OR007@12_0.mat,OR,0.0,0.007,12.0,1797.0,source_12khz_fe,3,outer_test,OR,0.6656649341195354,0.03475925995464467,0.2872132307446058,0.01236257518121404
WIN-d946fc2423b4c37de0ba,source_domain/cwru_12khz_fe/OR007@12_0.mat,source_domain/cwru_12khz_fe/OR007@12_0.mat,OR,0.0,0.007,12.0,1797.0,source_12khz_fe,3,outer_test,OR,0.9918824950677234,0.006998583413453531,2.2385527533472475e-05,0.0010965359912895618
WIN-eb08ea4539f25f0f13aa,source_domain/cwru_12khz_fe/OR007@12_0.mat,source_domain/cwru_12khz_fe/OR007@12_0.mat,OR,0.0,0.007,12.0,1797.0,source_12khz_fe,3,outer_test,OR,0.9545640992574604,0.025732294373861618,0.008851865204146245,0.010851741164531805
WIN-ebe16bfdb825565c17b5,source_domain/cwru_12khz_fe/OR007@12_0.mat,source_domain/cwru_12khz_fe/OR007@12_0.mat,OR,0.0,0.007,12.0,1797.0,source_12khz_fe,3,outer_test,OR,0.888569242562116,0.0024970432502952064,0.10489348921200067,0.004040224975588052
WIN-fa6c8cafed1699d7517f,source_domain/cwru_12khz_fe/OR007@12_0.mat,source_domain/cwru_12khz_fe/OR007@12_0.mat,OR,0.0,0.007,12.0,1797.0,source_12khz_fe,3,outer_test,OR,0.5835576393171149,0.025912571989031005,0.38171923129542645,0.008810557398427626
WIN-fcc50a408ff847057e1f,source_domain/cwru_12khz_fe/OR007@12_0.mat,source_domain/cwru_12khz_fe/OR007@12_0.mat,OR,0.0,0.007,12.0,1797.0,source_12khz_fe,3,outer_test,OR,0.9903185840863593,0.008771480335183135,2.2201121387505885e-05,0.0008877344570700923
WIN-093bb1843cb54e36e1aa,source_domain/cwru_12khz_fe/OR007@12_1.mat,source_domain/cwru_12khz_fe/OR007@12_1.mat,OR,1.0,0.007,12.0,1775.0,source_12khz_fe,3,outer_test,OR,0.8695238935412374,0.12971499572424075,0.0004874216636273584,0.0002736890708945836
WIN-197100a504dd69920efc,source_domain/cwru_12khz_fe/OR007@12_1.mat,source_domain/cwru_12khz_fe/OR007@12_1.mat,OR,1.0,0.007,12.0,1775.0,source_12khz_fe,3,outer_test,OR,0.8658533202606487,0.13328044494875757,0.00034782242130566767,0.0005184123692881887
WIN-1c99fd92750e4cd5b69c,source_domain/cwru_12khz_fe/OR007@12_1.mat,source_domain/cwru_12khz_fe/OR007@12_1.mat,OR,1.0,0.007,12.0,1775.0,source_12khz_fe,3,outer_test,B,0.006690195636459355,0.003533556427636974,0.9897608905049117,1.535743099222617e-05
WIN-417a6c5dddcd5efa5b3b,source_domain/cwru_12khz_fe/OR007@12_1.mat,source_domain/cwru_12khz_fe/OR007@12_1.mat,OR,1.0,0.007,12.0,1775.0,source_12khz_fe,3,outer_test,OR,0.8081208409932895,0.1913924799567914,0.00030965708673162163,0.00017702196318737724
WIN-5c60b10030023ecb1fa2,source_domain/cwru_12khz_fe/OR007@12_1.mat,source_domain/cwru_12khz_fe/OR007@12_1.mat,OR,1.0,0.007,12.0,1775.0,source_12khz_fe,3,outer_test,OR,0.8481952054972305,0.15159817771957204,0.00010767457856694553,9.894220463060886e-05
WIN-62e1ec01435b9a7e2987,source_domain/cwru_12khz_fe/OR007@12_1.mat,source_domain/cwru_12khz_fe/OR007@12_1.mat,OR,1.0,0.007,12.0,1775.0,source_12khz_fe,3,outer_test,OR,0.9361800630305386,0.06347834588024477,0.00022017941308686274,0.00012141167612984113
WIN-7718500823160a4ed834,source_domain/cwru_12khz_fe/OR007@12_1.mat,source_domain/cwru_12khz_fe/OR007@12_1.mat,OR,1.0,0.007,12.0,1775.0,source_12khz_fe,3,outer_test,OR,0.8854001887494217,0.11402591690727956,0.0004346076426050098,0.00013928670069371566
WIN-85d57386065519c18595,source_domain/cwru_12khz_fe/OR007@12_1.mat,source_domain/cwru_12khz_fe/OR007@12_1.mat,OR,1.0,0.007,12.0,1775.0,source_12khz_fe,3,outer_test,OR,0.8774381388660787,0.1223576593138955,9.21031293347483e-05,0.00011209869069102957
WIN-8cabc3cb4a6808623153,source_domain/cwru_12khz_fe/OR007@12_1.mat,source_domain/cwru_12khz_fe/OR007@12_1.mat,OR,1.0,0.007,12.0,1775.0,source_12khz_fe,3,outer_test,OR,0.8633885004275232,0.13631711246196823,0.000158386895028151,0.0001360002154804063
WIN-97a36bbaed1c66c89785,source_domain/cwru_12khz_fe/OR007@12_1.mat,source_domain/cwru_12khz_fe/OR007@12_1.mat,OR,1.0,0.007,12.0,1775.0,source_12khz_fe,3,outer_test,OR,0.9364900485510206,0.06310649364238828,7.329809597698216e-05,0.00033015971061419456
WIN-afc638373581bdc53f82,source_domain/cwru_12khz_fe/OR007@12_1.mat,source_domain/cwru_12khz_fe/OR007@12_1.mat,OR,1.0,0.007,12.0,1775.0,source_12khz_fe,3,outer_test,OR,0.8536805994920498,0.14590743548188817,0.00030191960948036407,0.00011004541658170413
WIN-b0be68aa03be9e5b88f7,source_domain/cwru_12khz_fe/OR007@12_1.mat,source_domain/cwru_12khz_fe/OR007@12_1.mat,OR,1.0,0.007,12.0,1775.0,source_12khz_fe,3,outer_test,OR,0.8496451687867492,0.15015485498982345,6.053879106014582e-05,0.0001394374323671219
WIN-b8cdede8b847e897b910,source_domain/cwru_12khz_fe/OR007@12_1.mat,source_domain/cwru_12khz_fe/OR007@12_1.mat,OR,1.0,0.007,12.0,1775.0,source_12khz_fe,3,outer_test,IR,0.18991507012608388,0.5401446062364531,0.2697751439920457,0.00016517964541727737
WIN-ca8f05b4736b05a7abca,source_domain/cwru_12khz_fe/OR007@12_1.mat,source_domain/cwru_12khz_fe/OR007@12_1.mat,OR,1.0,0.007,12.0,1775.0,source_12khz_fe,3,outer_test,OR,0.6729521893449241,0.24311543120073426,0.08380725378544858,0.0001251256688930413
WIN-cd5cee30908fa9dd322b,source_domain/cwru_12khz_fe/OR007@12_1.mat,source_domain/cwru_12khz_fe/OR007@12_1.mat,OR,1.0,0.007,12.0,1775.0,source_12khz_fe,3,outer_test,B,0.0017706566262687144,0.0012595118589612503,0.9969685537485727,1.2777661973208554e-06
WIN-063ab624c8752b408780,source_domain/cwru_12khz_fe/OR007@12_2.mat,source_domain/cwru_12khz_fe/OR007@12_2.mat,OR,2.0,0.007,12.0,1755.0,source_12khz_fe,3,outer_test,OR,0.9935574360396523,0.006004143090995137,0.00033328131307092145,0.00010513955628168052
WIN-11a0bf973c6f23ed135a,source_domain/cwru_12khz_fe/OR007@12_2.mat,source_domain/cwru_12khz_fe/OR007@12_2.mat,OR,2.0,0.007,12.0,1755.0,source_12khz_fe,3,outer_test,OR,0.9852689327166151,0.012959734046698963,0.0017054956119907229,6.583762469519167e-05
WIN-14fc350ca3de6b08c1fe,source_domain/cwru_12khz_fe/OR007@12_2.mat,source_domain/cwru_12khz_fe/OR007@12_2.mat,OR,2.0,0.007,12.0,1755.0,source_12khz_fe,3,outer_test,OR,0.9896558869037814,0.010173071176574055,0.00011223447941871193,5.8807440225907975e-05
WIN-17d812e2b50736529c3d,source_domain/cwru_12khz_fe/OR007@12_2.mat,source_domain/cwru_12khz_fe/OR007@12_2.mat,OR,2.0,0.007,12.0,1755.0,source_12khz_fe,3,outer_test,OR,0.9932541234622624,0.006491961564639452,0.00020773433314256911,4.618063995565924e-05
WIN-19c4a444de9952f7f4cb,source_domain/cwru_12khz_fe/OR007@12_2.mat,source_domain/cwru_12khz_fe/OR007@12_2.mat,OR,2.0,0.007,12.0,1755.0,source_12khz_fe,3,outer_test,OR,0.9937241948327012,0.006068019725353487,0.00013980729150523047,6.797815044008573e-05
WIN-2300f48ede3c1dfa5ddc,source_domain/cwru_12khz_fe/OR007@12_2.mat,source_domain/cwru_12khz_fe/OR007@12_2.mat,OR,2.0,0.007,12.0,1755.0,source_12khz_fe,3,outer_test,OR,0.7723434923484512,0.05989127424296839,0.1677372280555843,2.800535299619802e-05
WIN-3014bdc518adf9950ef6,source_domain/cwru_12khz_fe/OR007@12_2.mat,source_domain/cwru_12khz_fe/OR007@12_2.mat,OR,2.0,0.007,12.0,1755.0,source_12khz_fe,3,outer_test,OR,0.9932188604433069,0.006463633592542923,0.00022996256895370295,8.754339519645903e-05
WIN-5067f5afa2eabe744cf8,source_domain/cwru_12khz_fe/OR007@12_2.mat,source_domain/cwru_12khz_fe/OR007@12_2.mat,OR,2.0,0.007,12.0,1755.0,source_12khz_fe,3,outer_test,OR,0.9937096468463402,0.005885798943515787,0.00035243600941780554,5.211820072618847e-05
WIN-58be6c5e49ca140386a7,source_domain/cwru_12khz_fe/OR007@12_2.mat,source_domain/cwru_12khz_fe/OR007@12_2.mat,OR,2.0,0.007,12.0,1755.0,source_12khz_fe,3,outer_test,OR,0.9854544497678094,0.014182858587421753,0.00028424235214306333,7.844929262567543e-05
WIN-75ec544d8283c18f4ce5,source_domain/cwru_12khz_fe/OR007@12_2.mat,source_domain/cwru_12khz_fe/OR007@12_2.mat,OR,2.0,0.007,12.0,1755.0,source_12khz_fe,3,outer_test,OR,0.9754069551406693,0.0233982247972212,0.0010365592565603654,0.0001582608055490846
WIN-77a4bd2a6e9de53d89ca,source_domain/cwru_12khz_fe/OR007@12_2.mat,source_domain/cwru_12khz_fe/OR007@12_2.mat,OR,2.0,0.007,12.0,1755.0,source_12khz_fe,3,outer_test,OR,0.9929554553837224,0.006855865953909319,0.00013366482173382248,5.5013840634376206e-05
WIN-865046b21f0a63655703,source_domain/cwru_12khz_fe/OR007@12_2.mat,source_domain/cwru_12khz_fe/OR007@12_2.mat,OR,2.0,0.007,12.0,1755.0,source_12khz_fe,3,outer_test,OR,0.993785649366106,0.005963382035560395,0.0001975428513371164,5.342574699658196e-05
WIN-993dae3161d23c470ed8,source_domain/cwru_12khz_fe/OR007@12_2.mat,source_domain/cwru_12khz_fe/OR007@12_2.mat,OR,2.0,0.007,12.0,1755.0,source_12khz_fe,3,outer_test,OR,0.8016752106100392,0.059513250232649,0.13878446794267252,2.7071214639394273e-05
WIN-a7c54d1d3c47c7e8c1ea,source_domain/cwru_12khz_fe/OR007@12_2.mat,source_domain/cwru_12khz_fe/OR007@12_2.mat,OR,2.0,0.007,12.0,1755.0,source_12khz_fe,3,outer_test,OR,0.9917652487203111,0.008008844329058927,0.00018021576370732113,4.5691186922583925e-05
WIN-f1107cc11bdac17af08c,source_domain/cwru_12khz_fe/OR007@12_2.mat,source_domain/cwru_12khz_fe/OR007@12_2.mat,OR,2.0,0.007,12.0,1755.0,source_12khz_fe,3,outer_test,OR,0.9924951956692621,0.007002251313173549,0.00039679414041147797,0.00010575887715290052
WIN-094267f798a58906c9ca,source_domain/cwru_12khz_fe/OR007@3_1.mat,source_domain/cwru_12khz_fe/OR007@3_1.mat,OR,1.0,0.007,3.0,1776.0,source_12khz_fe,3,outer_test,OR,0.5847030820059849,0.11283991470472252,0.2800040025276142,0.02245300076167848
WIN-2bb1a868957df2438caa,source_domain/cwru_12khz_fe/OR007@3_1.mat,source_domain/cwru_12khz_fe/OR007@3_1.mat,OR,1.0,0.007,3.0,1776.0,source_12khz_fe,3,outer_test,OR,0.7303961084177286,0.09119411560894225,0.16334589399711508,0.015063881976214118
WIN-3f8a36c31277d6e80322,source_domain/cwru_12khz_fe/OR007@3_1.mat,source_domain/cwru_12khz_fe/OR007@3_1.mat,OR,1.0,0.007,3.0,1776.0,source_12khz_fe,3,outer_test,OR,0.6981619059421266,0.16668864313380313,0.12263886385761898,0.01251058706645127
WIN-4163ae8119f72a0c5051,source_domain/cwru_12khz_fe/OR007@3_1.mat,source_domain/cwru_12khz_fe/OR007@3_1.mat,OR,1.0,0.007,3.0,1776.0,source_12khz_fe,3,outer_test,OR,0.5628847973078163,0.18564694669993553,0.22962688511399384,0.021841370878254326
WIN-467fd7bf969ee55e40dd,source_domain/cwru_12khz_fe/OR007@3_1.mat,source_domain/cwru_12khz_fe/OR007@3_1.mat,OR,1.0,0.007,3.0,1776.0,source_12khz_fe,3,outer_test,OR,0.7699174852997562,0.11166797896432756,0.10066533334122392,0.01774920239469218
WIN-4aff6e3cec25f00228d7,source_domain/cwru_12khz_fe/OR007@3_1.mat,source_domain/cwru_12khz_fe/OR007@3_1.mat,OR,1.0,0.007,3.0,1776.0,source_12khz_fe,3,outer_test,OR,0.826370992411434,0.06535129356977659,0.09709782319468223,0.0111798908241072
WIN-5371b27d3f4fd2278a77,source_domain/cwru_12khz_fe/OR007@3_1.mat,source_domain/cwru_12khz_fe/OR007@3_1.mat,OR,1.0,0.007,3.0,1776.0,source_12khz_fe,3,outer_test,OR,0.7431795261467624,0.05171846986141136,0.19792182818190734,0.0071801758099187705
WIN-61d9ea2bd10f852051a8,source_domain/cwru_12khz_fe/OR007@3_1.mat,source_domain/cwru_12khz_fe/OR007@3_1.mat,OR,1.0,0.007,3.0,1776.0,source_12khz_fe,3,outer_test,OR,0.7536513686672416,0.05724698059154673,0.1792864445657781,0.009815206175433688
WIN-6ae733112d12a69e7ae7,source_domain/cwru_12khz_fe/OR007@3_1.mat,source_domain/cwru_12khz_fe/OR007@3_1.mat,OR,1.0,0.007,3.0,1776.0,source_12khz_fe,3,outer_test,OR,0.7904557748467408,0.08173814318138584,0.11630270720995185,0.011503374761921403
WIN-8730cf62220464d5f536,source_domain/cwru_12khz_fe/OR007@3_1.mat,source_domain/cwru_12khz_fe/OR007@3_1.mat,OR,1.0,0.007,3.0,1776.0,source_12khz_fe,3,outer_test,OR,0.7642037297241187,0.14123034238824278,0.08674228524801332,0.007823642639625207
WIN-8a3a29c52b32413e9cea,source_domain/cwru_12khz_fe/OR007@3_1.mat,source_domain/cwru_12khz_fe/OR007@3_1.mat,OR,1.0,0.007,3.0,1776.0,source_12khz_fe,3,outer_test,B,0.16769000545990528,0.13415480092725493,0.6918793452804707,0.00627584833236906
WIN-c91ca1e4f1129795cf85,source_domain/cwru_12khz_fe/OR007@3_1.mat,source_domain/cwru_12khz_fe/OR007@3_1.mat,OR,1.0,0.007,3.0,1776.0,source_12khz_fe,3,outer_test,OR,0.8276468731575369,0.11165119428397777,0.05366032873318535,0.007041603825299996
WIN-ce27f35f0030fee76148,source_domain/cwru_12khz_fe/OR007@3_1.mat,source_domain/cwru_12khz_fe/OR007@3_1.mat,OR,1.0,0.007,3.0,1776.0,source_12khz_fe,3,outer_test,OR,0.8679559910447927,0.04048860742229388,0.08141616651445259,0.01013923501846077
WIN-f6cd5921401e6227410d,source_domain/cwru_12khz_fe/OR007@3_1.mat,source_domain/cwru_12khz_fe/OR007@3_1.mat,OR,1.0,0.007,3.0,1776.0,source_12khz_fe,3,outer_test,OR,0.7077749442462256,0.14799442260373794,0.12211401220544295,0.022116620944593553
WIN-fa79573f80bdc7fd9a4c,source_domain/cwru_12khz_fe/OR007@3_1.mat,source_domain/cwru_12khz_fe/OR007@3_1.mat,OR,1.0,0.007,3.0,1776.0,source_12khz_fe,3,outer_test,B,0.06841478633680262,0.03072582381730338,0.893442007457625,0.007417382388269089
WIN-01cff3d488db378ca630,source_domain/cwru_12khz_fe/OR014@6_0.mat,source_domain/cwru_12khz_fe/OR014@6_0.mat,OR,0.0,0.014,6.0,1797.0,source_12khz_fe,3,outer_test,OR,0.9957615626140843,0.0035460087847443687,0.0006924279479151866,6.532560572337934e-10
WIN-07f38edef3f6b93344a6,source_domain/cwru_12khz_fe/OR014@6_0.mat,source_domain/cwru_12khz_fe/OR014@6_0.mat,OR,0.0,0.014,6.0,1797.0,source_12khz_fe,3,outer_test,OR,0.972530549500647,0.02746573614210943,3.714354731191852e-06,2.5125089123205813e-12
WIN-1dd6ce5799388f713725,source_domain/cwru_12khz_fe/OR014@6_0.mat,source_domain/cwru_12khz_fe/OR014@6_0.mat,OR,0.0,0.014,6.0,1797.0,source_12khz_fe,3,outer_test,B,0.028350608454798275,1.047943253101803e-06,0.9716382942001492,1.0049401799442642e-05
WIN-28518b8bcd0e885f3cab,source_domain/cwru_12khz_fe/OR014@6_0.mat,source_domain/cwru_12khz_fe/OR014@6_0.mat,OR,0.0,0.014,6.0,1797.0,source_12khz_fe,3,outer_test,OR,0.9573498914764987,0.0004805566443877865,0.04216933290986797,2.1896924554636097e-07
WIN-2a4a1d86a40bc34f048b,source_domain/cwru_12khz_fe/OR014@6_0.mat,source_domain/cwru_12khz_fe/OR014@6_0.mat,OR,0.0,0.014,6.0,1797.0,source_12khz_fe,3,outer_test,B,0.20346654229114206,1.1665020113271033e-05,0.7965161102793739,5.6824093708019715e-06
WIN-4da49e5c8cc7085934cf,source_domain/cwru_12khz_fe/OR014@6_0.mat,source_domain/cwru_12khz_fe/OR014@6_0.mat,OR,0.0,0.014,6.0,1797.0,source_12khz_fe,3,outer_test,B,0.004487692366243954,7.694500603876426e-08,0.9954993657519162,1.2864936833863265e-05
WIN-4fa2d139ff8968b73993,source_domain/cwru_12khz_fe/OR014@6_0.mat,source_domain/cwru_12khz_fe/OR014@6_0.mat,OR,0.0,0.014,6.0,1797.0,source_12khz_fe,3,outer_test,OR,0.7295468106011821,0.00012290740052613063,0.2703281483665034,2.1336317884197373e-06
WIN-547b02a05f39fb8095fd,source_domain/cwru_12khz_fe/OR014@6_0.mat,source_domain/cwru_12khz_fe/OR014@6_0.mat,OR,0.0,0.014,6.0,1797.0,source_12khz_fe,3,outer_test,IR,0.49481712422296115,0.5051828743276213,1.4494174438667175e-09,9.048070364668336e-17
WIN-5ad94d4e628802dd6857,source_domain/cwru_12khz_fe/OR014@6_0.mat,source_domain/cwru_12khz_fe/OR014@6_0.mat,OR,0.0,0.014,6.0,1797.0,source_12khz_fe,3,outer_test,IR,0.08490178711847729,0.9150982128811062,4.1662679259890884e-13,1.0218517070375811e-20
WIN-5eedd0fe9bcf5a217b64,source_domain/cwru_12khz_fe/OR014@6_0.mat,source_domain/cwru_12khz_fe/OR014@6_0.mat,OR,0.0,0.014,6.0,1797.0,source_12khz_fe,3,outer_test,IR,0.26815773357440165,0.7318422663915535,3.404483172908415e-11,1.1751570515296605e-18
WIN-aa42f9a7e7486a82c05e,source_domain/cwru_12khz_fe/OR014@6_0.mat,source_domain/cwru_12khz_fe/OR014@6_0.mat,OR,0.0,0.014,6.0,1797.0,source_12khz_fe,3,outer_test,OR,0.9921787841563844,0.007781296128890295,3.9919672606364216e-05,4.2118948134569e-11
WIN-ad7f51c2af33460b8889,source_domain/cwru_12khz_fe/OR014@6_0.mat,source_domain/cwru_12khz_fe/OR014@6_0.mat,OR,0.0,0.014,6.0,1797.0,source_12khz_fe,3,outer_test,B,0.0006774129538261025,5.02485554809209e-09,0.9993069671732432,1.561484807521582e-05
WIN-e5b681c0cecbae63719b,source_domain/cwru_12khz_fe/OR014@6_0.mat,source_domain/cwru_12khz_fe/OR014@6_0.mat,OR,0.0,0.014,6.0,1797.0,source_12khz_fe,3,outer_test,OR,0.9234789123056063,0.07652076089395783,3.268003504434351e-07,8.529349901107784e-14
WIN-f0a68ac5d1127cb495ad,source_domain/cwru_12khz_fe/OR014@6_0.mat,source_domain/cwru_12khz_fe/OR014@6_0.mat,OR,0.0,0.014,6.0,1797.0,source_12khz_fe,3,outer_test,OR,0.9938469977482806,0.0010934933999151987,0.005059496812846165,1.2038958048320602e-08
WIN-fcdcbf55808d3e381b2c,source_domain/cwru_12khz_fe/OR014@6_0.mat,source_domain/cwru_12khz_fe/OR014@6_0.mat,OR,0.0,0.014,6.0,1797.0,source_12khz_fe,3,outer_test,OR,0.7881443412692057,0.21185563695916002,2.1771630889269315e-08,3.3453622381401555e-15
WIN-05faa8d3c8303cdaaa50,source_domain/cwru_48khz_normal/N_1_(1772rpm).mat,source_domain/cwru_48khz_normal/N_1_(1772rpm).mat,N,1.0,,,1772.0,source_48khz_normal,3,outer_test,N,2.7324565194012864e-09,3.07046555303216e-09,0.001702058160053376,0.9982979360370247
WIN-153eca5c76a7ffc64a5d,source_domain/cwru_48khz_normal/N_1_(1772rpm).mat,source_domain/cwru_48khz_normal/N_1_(1772rpm).mat,N,1.0,,,1772.0,source_48khz_normal,3,outer_test,N,5.506387325598699e-09,9.362684852433829e-09,0.0013425853798682264,0.9986573997510596
WIN-2461ba3554b3e960c49c,source_domain/cwru_48khz_normal/N_1_(1772rpm).mat,source_domain/cwru_48khz_normal/N_1_(1772rpm).mat,N,1.0,,,1772.0,source_48khz_normal,3,outer_test,N,2.39851484035228e-09,1.1834320730130213e-09,0.0009798570918808076,0.9990201393261723
WIN-2c7646152da2226dde21,source_domain/cwru_48khz_normal/N_1_(1772rpm).mat,source_domain/cwru_48khz_normal/N_1_(1772rpm).mat,N,1.0,,,1772.0,source_48khz_normal,3,outer_test,N,1.7445859125367485e-09,1.0123689193084181e-09,0.0004625071454763565,0.9995374900975688
WIN-377f0242b913af013f10,source_domain/cwru_48khz_normal/N_1_(1772rpm).mat,source_domain/cwru_48khz_normal/N_1_(1772rpm).mat,N,1.0,,,1772.0,source_48khz_normal,3,outer_test,N,4.341182958475807e-09,4.841825052847983e-09,0.0019799295840454384,0.9980200612329467
WIN-37d8f92347dd98db598f,source_domain/cwru_48khz_normal/N_1_(1772rpm).mat,source_domain/cwru_48khz_normal/N_1_(1772rpm).mat,N,1.0,,,1772.0,source_48khz_normal,3,outer_test,N,2.029184122585888e-09,1.0284321460468358e-09,0.0010651617846604512,0.9989348351577235
WIN-8a062282a23aa1a2503c,source_domain/cwru_48khz_normal/N_1_(1772rpm).mat,source_domain/cwru_48khz_normal/N_1_(1772rpm).mat,N,1.0,,,1772.0,source_48khz_normal,3,outer_test,N,1.7092296321933495e-09,1.0204669405107064e-09,0.0008552885241169037,0.9991447087461865
WIN-a0eee795005bd4b96ac1,source_domain/cwru_48khz_normal/N_1_(1772rpm).mat,source_domain/cwru_48khz_normal/N_1_(1772rpm).mat,N,1.0,,,1772.0,source_48khz_normal,3,outer_test,N,8.441741859474267e-09,6.864997920343286e-09,0.001266973312208086,0.9987330113810523
WIN-b41d078c21a5ce4af4b3,source_domain/cwru_48khz_normal/N_1_(1772rpm).mat,source_domain/cwru_48khz_normal/N_1_(1772rpm).mat,N,1.0,,,1772.0,source_48khz_normal,3,outer_test,N,5.42780874294092e-09,7.617668861377234e-09,0.0012729041124974823,0.9987270828420248
WIN-c7c4e0c3ec613da8ab91,source_domain/cwru_48khz_normal/N_1_(1772rpm).mat,source_domain/cwru_48khz_normal/N_1_(1772rpm).mat,N,1.0,,,1772.0,source_48khz_normal,3,outer_test,N,8.200932860220645e-09,1.3673969459898599e-08,0.0015464642126670248,0.9984535139124308
WIN-c9e90dcf6a76244daa9a,source_domain/cwru_48khz_normal/N_1_(1772rpm).mat,source_domain/cwru_48khz_normal/N_1_(1772rpm).mat,N,1.0,,,1772.0,source_48khz_normal,3,outer_test,N,3.851163358483861e-08,4.49125736196863e-08,0.0018000793252669232,0.9981998372505259
WIN-cda646d6bace99617b25,source_domain/cwru_48khz_normal/N_1_(1772rpm).mat,source_domain/cwru_48khz_normal/N_1_(1772rpm).mat,N,1.0,,,1772.0,source_48khz_normal,3,outer_test,N,9.810932356236151e-09,3.306161796178388e-08,0.0012299892215404183,0.9987699679059091
WIN-d0491981c44a2afa2401,source_domain/cwru_48khz_normal/N_1_(1772rpm).mat,source_domain/cwru_48khz_normal/N_1_(1772rpm).mat,N,1.0,,,1772.0,source_48khz_normal,3,outer_test,N,1.8121216499391715e-09,1.5025298779564694e-09,0.000683531669085956,0.9993164650162625
WIN-d147d1070c37681385ef,source_domain/cwru_48khz_normal/N_1_(1772rpm).mat,source_domain/cwru_48khz_normal/N_1_(1772rpm).mat,N,1.0,,,1772.0,source_48khz_normal,3,outer_test,N,6.370606589684044e-10,6.147610706143661e-10,0.0010018096207188552,0.9989981891274595
WIN-f92b67ed88c20bfd5bc5,source_domain/cwru_48khz_normal/N_1_(1772rpm).mat,source_domain/cwru_48khz_normal/N_1_(1772rpm).mat,N,1.0,,,1772.0,source_48khz_normal,3,outer_test,N,2.7101708628736247e-09,2.503758311646655e-09,0.0008398715112768779,0.999160123274794
