window_id,independent_object_id,class_label,load_hp,experiment_id,context,config,p_OR,p_IR,p_B,p_N,pred_label_window
source::data/raw/source_domain/cwru_48khz_de/B007_0.mat::w0000,data/raw/source_domain/cwru_48khz_de/B007_0.mat,B,0.0,E0_baseline_logreg_fullbalance,outer_test_0,"{""C"": 10.0}",0.4420269785130534,0.000986656228364723,0.5552212074204125,0.0017651578381694519,B
source::data/raw/source_domain/cwru_48khz_de/B007_0.mat::w0001,data/raw/source_domain/cwru_48khz_de/B007_0.mat,B,0.0,E0_baseline_logreg_fullbalance,outer_test_0,"{""C"": 10.0}",0.1406973059332967,0.0012976822469305705,0.8561366651402292,0.0018683466795435077,B
source::data/raw/source_domain/cwru_48khz_de/B007_0.mat::w0002,data/raw/source_domain/cwru_48khz_de/B007_0.mat,B,0.0,E0_baseline_logreg_fullbalance,outer_test_0,"{""C"": 10.0}",0.3725516714439001,0.0015410367585263747,0.623135413448502,0.0027718783490715258,B
source::data/raw/source_domain/cwru_48khz_de/B007_0.mat::w0003,data/raw/source_domain/cwru_48khz_de/B007_0.mat,B,0.0,E0_baseline_logreg_fullbalance,outer_test_0,"{""C"": 10.0}",0.326654999022431,0.0010947589475874488,0.6693104080390624,0.0029398339909190354,B
source::data/raw/source_domain/cwru_48khz_de/B007_0.mat::w0004,data/raw/source_domain/cwru_48khz_de/B007_0.mat,B,0.0,E0_baseline_logreg_fullbalance,outer_test_0,"{""C"": 10.0}",0.2141457363854409,0.0013086415342164375,0.7814702257109793,0.003075396369363162,B
source::data/raw/source_domain/cwru_48khz_de/B007_0.mat::w0005,data/raw/source_domain/cwru_48khz_de/B007_0.mat,B,0.0,E0_baseline_logreg_fullbalance,outer_test_0,"{""C"": 10.0}",0.017727692655087585,0.0003045341757988967,0.9812121816268589,0.0007555915422545604,B
source::data/raw/source_domain/cwru_48khz_de/B007_0.mat::w0006,data/raw/source_domain/cwru_48khz_de/B007_0.mat,B,0.0,E0_baseline_logreg_fullbalance,outer_test_0,"{""C"": 10.0}",0.07500114650934914,0.0012519191584225106,0.9222080061841544,0.0015389281480739634,B
source::data/raw/source_domain/cwru_48khz_de/B014_0.mat::w0000,data/raw/source_domain/cwru_48khz_de/B014_0.mat,B,0.0,E0_baseline_logreg_fullbalance,outer_test_0,"{""C"": 10.0}",0.017588501739865828,0.0006480645815568094,0.981195782214409,0.000567651464168509,B
source::data/raw/source_domain/cwru_48khz_de/B014_0.mat::w0001,data/raw/source_domain/cwru_48khz_de/B014_0.mat,B,0.0,E0_baseline_logreg_fullbalance,outer_test_0,"{""C"": 10.0}",0.11384926937990672,0.0014810570354460628,0.8841209811513165,0.0005486924333308701,B
source::data/raw/source_domain/cwru_48khz_de/B014_0.mat::w0002,data/raw/source_domain/cwru_48khz_de/B014_0.mat,B,0.0,E0_baseline_logreg_fullbalance,outer_test_0,"{""C"": 10.0}",0.0717172517347743,0.0012226775212733365,0.9266594082572779,0.0004006624866742413,B
source::data/raw/source_domain/cwru_48khz_de/B014_0.mat::w0003,data/raw/source_domain/cwru_48khz_de/B014_0.mat,B,0.0,E0_baseline_logreg_fullbalance,outer_test_0,"{""C"": 10.0}",0.034268358395541064,0.00021977216645174374,0.9652467106823706,0.00026515875563672977,B
source::data/raw/source_domain/cwru_48khz_de/B014_0.mat::w0004,data/raw/source_domain/cwru_48khz_de/B014_0.mat,B,0.0,E0_baseline_logreg_fullbalance,outer_test_0,"{""C"": 10.0}",0.003604498178137841,0.00025319861257934895,0.9959580231252402,0.00018428008404275622,B
source::data/raw/source_domain/cwru_48khz_de/B014_0.mat::w0005,data/raw/source_domain/cwru_48khz_de/B014_0.mat,B,0.0,E0_baseline_logreg_fullbalance,outer_test_0,"{""C"": 10.0}",0.013340336926192254,0.0027339856839287977,0.9835251534975966,0.0004005238922825521,B
source::data/raw/source_domain/cwru_48khz_de/B014_0.mat::w0006,data/raw/source_domain/cwru_48khz_de/B014_0.mat,B,0.0,E0_baseline_logreg_fullbalance,outer_test_0,"{""C"": 10.0}",0.05772921714329489,0.0020342379855018736,0.939624273544408,0.0006122713267952086,B
source::data/raw/source_domain/cwru_48khz_de/B021_0.mat::w0000,data/raw/source_domain/cwru_48khz_de/B021_0.mat,B,0.0,E0_baseline_logreg_fullbalance,outer_test_0,"{""C"": 10.0}",0.004218524409561061,0.5867239512373507,0.40821043030802834,0.0008470940450599621,IR
source::data/raw/source_domain/cwru_48khz_de/B021_0.mat::w0001,data/raw/source_domain/cwru_48khz_de/B021_0.mat,B,0.0,E0_baseline_logreg_fullbalance,outer_test_0,"{""C"": 10.0}",0.0023715637376231966,0.16521793935868379,0.8315301978399634,0.0008802990637296003,B
source::data/raw/source_domain/cwru_48khz_de/B021_0.mat::w0002,data/raw/source_domain/cwru_48khz_de/B021_0.mat,B,0.0,E0_baseline_logreg_fullbalance,outer_test_0,"{""C"": 10.0}",0.022228153770396615,0.03987856944861549,0.9375199910225553,0.00037328575843262893,B
source::data/raw/source_domain/cwru_48khz_de/B021_0.mat::w0003,data/raw/source_domain/cwru_48khz_de/B021_0.mat,B,0.0,E0_baseline_logreg_fullbalance,outer_test_0,"{""C"": 10.0}",0.0020410034199885687,0.05235907766470792,0.9452972582896545,0.00030266062564897453,B
source::data/raw/source_domain/cwru_48khz_de/B021_0.mat::w0004,data/raw/source_domain/cwru_48khz_de/B021_0.mat,B,0.0,E0_baseline_logreg_fullbalance,outer_test_0,"{""C"": 10.0}",0.002631399893566351,0.23484128827483736,0.7616277643088133,0.000899547522783086,B
source::data/raw/source_domain/cwru_48khz_de/B021_0.mat::w0005,data/raw/source_domain/cwru_48khz_de/B021_0.mat,B,0.0,E0_baseline_logreg_fullbalance,outer_test_0,"{""C"": 10.0}",0.005634520167183703,0.18798473305163782,0.8052472448649224,0.0011335019162560455,B
source::data/raw/source_domain/cwru_48khz_de/B021_0.mat::w0006,data/raw/source_domain/cwru_48khz_de/B021_0.mat,B,0.0,E0_baseline_logreg_fullbalance,outer_test_0,"{""C"": 10.0}",0.0012250339598869002,0.5412709427915552,0.4570138463322664,0.0004901769162915583,IR
source::data/raw/source_domain/cwru_48khz_de/IR007_0.mat::w0000,data/raw/source_domain/cwru_48khz_de/IR007_0.mat,IR,0.0,E0_baseline_logreg_fullbalance,outer_test_0,"{""C"": 10.0}",1.9319605939672155e-05,0.9996795740175054,0.00023938245949700078,6.1723917057909e-05,IR
source::data/raw/source_domain/cwru_48khz_de/IR007_0.mat::w0001,data/raw/source_domain/cwru_48khz_de/IR007_0.mat,IR,0.0,E0_baseline_logreg_fullbalance,outer_test_0,"{""C"": 10.0}",3.4947215585542144e-05,0.9995378842773779,0.00034411055188343946,8.305795515328246e-05,IR
source::data/raw/source_domain/cwru_48khz_de/IR007_0.mat::w0002,data/raw/source_domain/cwru_48khz_de/IR007_0.mat,IR,0.0,E0_baseline_logreg_fullbalance,outer_test_0,"{""C"": 10.0}",7.204269996247946e-05,0.9993176839028237,0.0004885279018476312,0.00012174549536619917,IR
source::data/raw/source_domain/cwru_48khz_de/IR007_0.mat::w0003,data/raw/source_domain/cwru_48khz_de/IR007_0.mat,IR,0.0,E0_baseline_logreg_fullbalance,outer_test_0,"{""C"": 10.0}",0.00013704631971949802,0.9991247313937731,0.000586720510464205,0.0001515017760432471,IR
source::data/raw/source_domain/cwru_48khz_de/IR007_0.mat::w0004,data/raw/source_domain/cwru_48khz_de/IR007_0.mat,IR,0.0,E0_baseline_logreg_fullbalance,outer_test_0,"{""C"": 10.0}",0.00012897014925518922,0.9990283161783543,0.0006921548209623953,0.000150558851428139,IR
source::data/raw/source_domain/cwru_48khz_de/IR007_0.mat::w0005,data/raw/source_domain/cwru_48khz_de/IR007_0.mat,IR,0.0,E0_baseline_logreg_fullbalance,outer_test_0,"{""C"": 10.0}",6.355269928995928e-05,0.9993132787924465,0.0005109629165857833,0.00011220559167785866,IR
source::data/raw/source_domain/cwru_48khz_de/IR007_0.mat::w0006,data/raw/source_domain/cwru_48khz_de/IR007_0.mat,IR,0.0,E0_baseline_logreg_fullbalance,outer_test_0,"{""C"": 10.0}",3.4595279324053176e-05,0.9994281006247463,0.0004556435535569563,8.166054237262843e-05,IR
source::data/raw/source_domain/cwru_48khz_de/IR014_0.mat::w0000,data/raw/source_domain/cwru_48khz_de/IR014_0.mat,IR,0.0,E0_baseline_logreg_fullbalance,outer_test_0,"{""C"": 10.0}",0.9785847236178675,0.003918351682404578,0.016953893512009904,0.0005430311877179444,OR
source::data/raw/source_domain/cwru_48khz_de/IR021_0.mat::w0000,data/raw/source_domain/cwru_48khz_de/IR021_0.mat,IR,0.0,E0_baseline_logreg_fullbalance,outer_test_0,"{""C"": 10.0}",0.00032138697925872343,0.9943594999489556,0.005255034041266029,6.407903051985878e-05,IR
source::data/raw/source_domain/cwru_48khz_de/IR021_0.mat::w0001,data/raw/source_domain/cwru_48khz_de/IR021_0.mat,IR,0.0,E0_baseline_logreg_fullbalance,outer_test_0,"{""C"": 10.0}",0.0003975012619765431,0.9924766262359047,0.007051512677850521,7.435982426826299e-05,IR
source::data/raw/source_domain/cwru_48khz_de/IR021_0.mat::w0002,data/raw/source_domain/cwru_48khz_de/IR021_0.mat,IR,0.0,E0_baseline_logreg_fullbalance,outer_test_0,"{""C"": 10.0}",0.001179493113701801,0.9880925411469637,0.010594891057208383,0.00013307468212610845,IR
source::data/raw/source_domain/cwru_48khz_de/IR021_0.mat::w0003,data/raw/source_domain/cwru_48khz_de/IR021_0.mat,IR,0.0,E0_baseline_logreg_fullbalance,outer_test_0,"{""C"": 10.0}",0.0001890929230015162,0.9907796304008953,0.008976613634907234,5.466304119570552e-05,IR
source::data/raw/source_domain/cwru_48khz_de/IR021_0.mat::w0004,data/raw/source_domain/cwru_48khz_de/IR021_0.mat,IR,0.0,E0_baseline_logreg_fullbalance,outer_test_0,"{""C"": 10.0}",0.0007972777234703229,0.9711084438593988,0.02792215906932301,0.00017211934780789748,IR
source::data/raw/source_domain/cwru_48khz_de/IR021_0.mat::w0005,data/raw/source_domain/cwru_48khz_de/IR021_0.mat,IR,0.0,E0_baseline_logreg_fullbalance,outer_test_0,"{""C"": 10.0}",0.0013746934597716582,0.983659381743016,0.014822176925228692,0.00014374787198361775,IR
source::data/raw/source_domain/cwru_48khz_de/IR021_0.mat::w0006,data/raw/source_domain/cwru_48khz_de/IR021_0.mat,IR,0.0,E0_baseline_logreg_fullbalance,outer_test_0,"{""C"": 10.0}",0.0007604670744131728,0.9943859678421962,0.0047610581807683286,9.25069026223702e-05,IR
source::data/raw/source_domain/cwru_48khz_de/OR007@12_0.mat::w0000,data/raw/source_domain/cwru_48khz_de/OR007@12_0.mat,OR,0.0,E0_baseline_logreg_fullbalance,outer_test_0,"{""C"": 10.0}",0.8431437085529534,0.14763962670548167,0.007458257721126765,0.0017584070204382262,OR
source::data/raw/source_domain/cwru_48khz_de/OR007@12_0.mat::w0001,data/raw/source_domain/cwru_48khz_de/OR007@12_0.mat,OR,0.0,E0_baseline_logreg_fullbalance,outer_test_0,"{""C"": 10.0}",0.7886225928761846,0.1919272343746648,0.01694917313056358,0.0025009996185868873,OR
source::data/raw/source_domain/cwru_48khz_de/OR007@12_0.mat::w0002,data/raw/source_domain/cwru_48khz_de/OR007@12_0.mat,OR,0.0,E0_baseline_logreg_fullbalance,outer_test_0,"{""C"": 10.0}",0.9249865646359025,0.07262607731118012,0.0011729272451687848,0.0012144308077486458,OR
source::data/raw/source_domain/cwru_48khz_de/OR007@12_0.mat::w0003,data/raw/source_domain/cwru_48khz_de/OR007@12_0.mat,OR,0.0,E0_baseline_logreg_fullbalance,outer_test_0,"{""C"": 10.0}",0.9055517177921385,0.08922136977483336,0.0035154150068780966,0.0017114974261500547,OR
source::data/raw/source_domain/cwru_48khz_de/OR007@3_0.mat::w0000,data/raw/source_domain/cwru_48khz_de/OR007@3_0.mat,OR,0.0,E0_baseline_logreg_fullbalance,outer_test_0,"{""C"": 10.0}",0.9654799043752601,0.03429803205178432,4.188961544055404e-05,0.00018017395751513296,OR
source::data/raw/source_domain/cwru_48khz_de/OR007@3_0.mat::w0001,data/raw/source_domain/cwru_48khz_de/OR007@3_0.mat,OR,0.0,E0_baseline_logreg_fullbalance,outer_test_0,"{""C"": 10.0}",0.9401361121411349,0.05956370472391236,3.4663813845990264e-05,0.00026551932110685625,OR
source::data/raw/source_domain/cwru_48khz_de/OR007@3_0.mat::w0002,data/raw/source_domain/cwru_48khz_de/OR007@3_0.mat,OR,0.0,E0_baseline_logreg_fullbalance,outer_test_0,"{""C"": 10.0}",0.940752010373339,0.05899909054924478,2.466094688098867e-05,0.000224238130535366,OR
source::data/raw/source_domain/cwru_48khz_de/OR007@3_0.mat::w0003,data/raw/source_domain/cwru_48khz_de/OR007@3_0.mat,OR,0.0,E0_baseline_logreg_fullbalance,outer_test_0,"{""C"": 10.0}",0.9633255354645426,0.036464494688446064,2.2334485310327725e-05,0.00018763536170111764,OR
source::data/raw/source_domain/cwru_48khz_de/OR007@6_0.mat::w0000,data/raw/source_domain/cwru_48khz_de/OR007@6_0.mat,OR,0.0,E0_baseline_logreg_fullbalance,outer_test_0,"{""C"": 10.0}",0.9999993400639081,6.458242669760442e-07,3.537048064204693e-11,1.4076454390974262e-08,OR
source::data/raw/source_domain/cwru_48khz_de/OR007@6_0.mat::w0001,data/raw/source_domain/cwru_48khz_de/OR007@6_0.mat,OR,0.0,E0_baseline_logreg_fullbalance,outer_test_0,"{""C"": 10.0}",0.9999993185377302,6.694373158051635e-07,1.6018427579835133e-11,1.2008935564674777e-08,OR
source::data/raw/source_domain/cwru_48khz_de/OR007@6_0.mat::w0002,data/raw/source_domain/cwru_48khz_de/OR007@6_0.mat,OR,0.0,E0_baseline_logreg_fullbalance,outer_test_0,"{""C"": 10.0}",0.9999994310996575,5.571518211869694e-07,1.1905699264806558e-11,1.1736615659296293e-08,OR
source::data/raw/source_domain/cwru_48khz_de/OR007@6_0.mat::w0003,data/raw/source_domain/cwru_48khz_de/OR007@6_0.mat,OR,0.0,E0_baseline_logreg_fullbalance,outer_test_0,"{""C"": 10.0}",0.999999339230858,6.463428024528297e-07,1.5355912396665504e-11,1.4410983528366426e-08,OR
source::data/raw/source_domain/cwru_48khz_de/OR007@6_0.mat::w0004,data/raw/source_domain/cwru_48khz_de/OR007@6_0.mat,OR,0.0,E0_baseline_logreg_fullbalance,outer_test_0,"{""C"": 10.0}",0.9999992357409638,7.46372207687656e-07,2.789521255350438e-11,1.7858933352427586e-08,OR
source::data/raw/source_domain/cwru_48khz_de/OR007@6_0.mat::w0005,data/raw/source_domain/cwru_48khz_de/OR007@6_0.mat,OR,0.0,E0_baseline_logreg_fullbalance,outer_test_0,"{""C"": 10.0}",0.9999993743176101,6.081482635019572e-07,3.974338783118053e-11,1.74943830050678e-08,OR
source::data/raw/source_domain/cwru_48khz_de/OR007@6_0.mat::w0006,data/raw/source_domain/cwru_48khz_de/OR007@6_0.mat,OR,0.0,E0_baseline_logreg_fullbalance,outer_test_0,"{""C"": 10.0}",0.9999994892221415,4.986647986108545e-07,2.107578643928085e-11,1.2091984065753722e-08,OR
source::data/raw/source_domain/cwru_48khz_de/OR014@6_0.mat::w0000,data/raw/source_domain/cwru_48khz_de/OR014@6_0.mat,OR,0.0,E0_baseline_logreg_fullbalance,outer_test_0,"{""C"": 10.0}",0.08469789707429731,0.30564486209662645,0.600972020008703,0.008685220820373114,B
source::data/raw/source_domain/cwru_48khz_de/OR014@6_0.mat::w0001,data/raw/source_domain/cwru_48khz_de/OR014@6_0.mat,OR,0.0,E0_baseline_logreg_fullbalance,outer_test_0,"{""C"": 10.0}",0.060829643450129985,0.3393830115563293,0.5908717681818846,0.008915576811656063,B
source::data/raw/source_domain/cwru_48khz_de/OR014@6_0.mat::w0002,data/raw/source_domain/cwru_48khz_de/OR014@6_0.mat,OR,0.0,E0_baseline_logreg_fullbalance,outer_test_0,"{""C"": 10.0}",0.298888115026613,0.03521431816723205,0.6585064731316586,0.007391093674496518,B
source::data/raw/source_domain/cwru_48khz_de/OR014@6_0.mat::w0003,data/raw/source_domain/cwru_48khz_de/OR014@6_0.mat,OR,0.0,E0_baseline_logreg_fullbalance,outer_test_0,"{""C"": 10.0}",0.04371800900068297,0.016762443911358903,0.9384139806665923,0.0011055664213659704,B
source::data/raw/source_domain/cwru_48khz_de/OR014@6_0.mat::w0004,data/raw/source_domain/cwru_48khz_de/OR014@6_0.mat,OR,0.0,E0_baseline_logreg_fullbalance,outer_test_0,"{""C"": 10.0}",0.2919676224191215,0.013062400049500466,0.6938550981236851,0.0011148794076930714,B
source::data/raw/source_domain/cwru_48khz_de/OR014@6_0.mat::w0005,data/raw/source_domain/cwru_48khz_de/OR014@6_0.mat,OR,0.0,E0_baseline_logreg_fullbalance,outer_test_0,"{""C"": 10.0}",0.030105855147295437,0.03143384701596243,0.9375719859799222,0.0008883118568196931,B
source::data/raw/source_domain/cwru_48khz_de/OR014@6_0.mat::w0006,data/raw/source_domain/cwru_48khz_de/OR014@6_0.mat,OR,0.0,E0_baseline_logreg_fullbalance,outer_test_0,"{""C"": 10.0}",0.13932578482975683,0.03415837542205549,0.8235599739131383,0.002955865835049443,B
source::data/raw/source_domain/cwru_48khz_de/OR021@12_0.mat::w0000,data/raw/source_domain/cwru_48khz_de/OR021@12_0.mat,OR,0.0,E0_baseline_logreg_fullbalance,outer_test_0,"{""C"": 10.0}",0.9228249297119774,0.0755905233445848,0.0015751160349305971,9.43090850719552e-06,OR
source::data/raw/source_domain/cwru_48khz_de/OR021@12_0.mat::w0001,data/raw/source_domain/cwru_48khz_de/OR021@12_0.mat,OR,0.0,E0_baseline_logreg_fullbalance,outer_test_0,"{""C"": 10.0}",0.8745920841223493,0.12411738288484027,0.0012788946002287437,1.1638392581683891e-05,OR
source::data/raw/source_domain/cwru_48khz_de/OR021@12_0.mat::w0002,data/raw/source_domain/cwru_48khz_de/OR021@12_0.mat,OR,0.0,E0_baseline_logreg_fullbalance,outer_test_0,"{""C"": 10.0}",0.8726462519526894,0.12414750644842236,0.0031910556422972145,1.5185956591057378e-05,OR
source::data/raw/source_domain/cwru_48khz_de/OR021@12_0.mat::w0003,data/raw/source_domain/cwru_48khz_de/OR021@12_0.mat,OR,0.0,E0_baseline_logreg_fullbalance,outer_test_0,"{""C"": 10.0}",0.8606932230381512,0.1365016480571934,0.0027922406029562826,1.2888301699157191e-05,OR
source::data/raw/source_domain/cwru_48khz_de/OR021@3_0.mat::w0000,data/raw/source_domain/cwru_48khz_de/OR021@3_0.mat,OR,0.0,E0_baseline_logreg_fullbalance,outer_test_0,"{""C"": 10.0}",0.9917108293856559,2.0248959039660575e-06,0.008256091148001268,3.10545704387451e-05,OR
source::data/raw/source_domain/cwru_48khz_de/OR021@3_0.mat::w0001,data/raw/source_domain/cwru_48khz_de/OR021@3_0.mat,OR,0.0,E0_baseline_logreg_fullbalance,outer_test_0,"{""C"": 10.0}",0.987298776351377,5.46313224203732e-06,0.012642304008297453,5.345650808360906e-05,OR
source::data/raw/source_domain/cwru_48khz_de/OR021@3_0.mat::w0002,data/raw/source_domain/cwru_48khz_de/OR021@3_0.mat,OR,0.0,E0_baseline_logreg_fullbalance,outer_test_0,"{""C"": 10.0}",0.9824132247116195,5.785196998628537e-06,0.017531558327657615,4.94317637241789e-05,OR
source::data/raw/source_domain/cwru_48khz_de/OR021@3_0.mat::w0003,data/raw/source_domain/cwru_48khz_de/OR021@3_0.mat,OR,0.0,E0_baseline_logreg_fullbalance,outer_test_0,"{""C"": 10.0}",0.9771442266833604,8.107103749282073e-06,0.022782917402336966,6.474881055340674e-05,OR
source::data/raw/source_domain/cwru_48khz_de/OR021@6_0.mat::w0000,data/raw/source_domain/cwru_48khz_de/OR021@6_0.mat,OR,0.0,E0_baseline_logreg_fullbalance,outer_test_0,"{""C"": 10.0}",0.9999081358515842,5.08134605489545e-06,8.459062671866855e-05,2.192175642163324e-06,OR
source::data/raw/source_domain/cwru_48khz_de/OR021@6_0.mat::w0001,data/raw/source_domain/cwru_48khz_de/OR021@6_0.mat,OR,0.0,E0_baseline_logreg_fullbalance,outer_test_0,"{""C"": 10.0}",0.9997524312458375,4.341209999874987e-05,0.00020009488258443257,4.061771579448627e-06,OR
source::data/raw/source_domain/cwru_48khz_de/OR021@6_0.mat::w0002,data/raw/source_domain/cwru_48khz_de/OR021@6_0.mat,OR,0.0,E0_baseline_logreg_fullbalance,outer_test_0,"{""C"": 10.0}",0.9997368554944536,3.729439987787724e-05,0.00022207563225292527,3.7744734155917354e-06,OR
source::data/raw/source_domain/cwru_48khz_de/OR021@6_0.mat::w0003,data/raw/source_domain/cwru_48khz_de/OR021@6_0.mat,OR,0.0,E0_baseline_logreg_fullbalance,outer_test_0,"{""C"": 10.0}",0.999122895253306,0.00012528314819639001,0.0007480853428936606,3.7362556039836315e-06,OR
source::data/raw/source_domain/cwru_48khz_de/OR021@6_0.mat::w0004,data/raw/source_domain/cwru_48khz_de/OR021@6_0.mat,OR,0.0,E0_baseline_logreg_fullbalance,outer_test_0,"{""C"": 10.0}",0.9977116209650089,0.0003316455109371444,0.0019508871781416094,5.846345912342762e-06,OR
source::data/raw/source_domain/cwru_48khz_de/OR021@6_0.mat::w0005,data/raw/source_domain/cwru_48khz_de/OR021@6_0.mat,OR,0.0,E0_baseline_logreg_fullbalance,outer_test_0,"{""C"": 10.0}",0.9996370003155373,4.705301761809444e-05,0.0003128518280026203,3.094838842002765e-06,OR
source::data/raw/source_domain/cwru_48khz_de/OR021@6_0.mat::w0006,data/raw/source_domain/cwru_48khz_de/OR021@6_0.mat,OR,0.0,E0_baseline_logreg_fullbalance,outer_test_0,"{""C"": 10.0}",0.9993479345963147,0.00010847391970061782,0.0005388591661176238,4.732317867067374e-06,OR
source::data/raw/source_domain/cwru_48khz_normal/N_0.mat::w0000,data/raw/source_domain/cwru_48khz_normal/N_0.mat,N,0.0,E0_baseline_logreg_fullbalance,outer_test_0,"{""C"": 10.0}",0.6311483963909574,0.33414268320495977,5.784161931443794e-07,0.03470834198788973,OR
source::data/raw/source_domain/cwru_48khz_normal/N_0.mat::w0001,data/raw/source_domain/cwru_48khz_normal/N_0.mat,N,0.0,E0_baseline_logreg_fullbalance,outer_test_0,"{""C"": 10.0}",0.05713852754018627,0.9163002907185124,3.7676808212824153e-06,0.02655741406048023,IR
source::data/raw/source_domain/cwru_48khz_normal/N_0.mat::w0002,data/raw/source_domain/cwru_48khz_normal/N_0.mat,N,0.0,E0_baseline_logreg_fullbalance,outer_test_0,"{""C"": 10.0}",0.45135279356074137,0.5158192737157723,1.3098144533580709e-06,0.032826622909033064,IR
source::data/raw/source_domain/cwru_48khz_normal/N_0.mat::w0003,data/raw/source_domain/cwru_48khz_normal/N_0.mat,N,0.0,E0_baseline_logreg_fullbalance,outer_test_0,"{""C"": 10.0}",0.038171775841891284,0.9213073435105509,2.1096534102238452e-05,0.04049978411345575,IR
source::data/raw/source_domain/cwru_48khz_normal/N_0.mat::w0004,data/raw/source_domain/cwru_48khz_normal/N_0.mat,N,0.0,E0_baseline_logreg_fullbalance,outer_test_0,"{""C"": 10.0}",0.07065828784419433,0.8929368763787696,4.110729280176135e-06,0.036400725047755954,IR
source::data/raw/source_domain/cwru_48khz_normal/N_0.mat::w0005,data/raw/source_domain/cwru_48khz_normal/N_0.mat,N,0.0,E0_baseline_logreg_fullbalance,outer_test_0,"{""C"": 10.0}",0.11209655300634373,0.804274655597755,2.572091956619359e-05,0.08360307047633528,IR
source::data/raw/source_domain/cwru_48khz_normal/N_0.mat::w0006,data/raw/source_domain/cwru_48khz_normal/N_0.mat,N,0.0,E0_baseline_logreg_fullbalance,outer_test_0,"{""C"": 10.0}",0.2097438110668921,0.7222377429240943,6.394155431575382e-06,0.06801205185358208,IR
source::data/raw/source_domain/cwru_48khz_normal/N_0.mat::w0007,data/raw/source_domain/cwru_48khz_normal/N_0.mat,N,0.0,E0_baseline_logreg_fullbalance,outer_test_0,"{""C"": 10.0}",0.40291498853952845,0.5518078047545685,1.2665128894778269e-06,0.0452759401930135,IR
source::data/raw/source_domain/cwru_48khz_normal/N_0.mat::w0008,data/raw/source_domain/cwru_48khz_normal/N_0.mat,N,0.0,E0_baseline_logreg_fullbalance,outer_test_0,"{""C"": 10.0}",0.069134591831076,0.909580838030044,1.7133667191162384e-06,0.021282856772160966,IR
source::data/raw/source_domain/cwru_48khz_de/B007_1.mat::w0000,data/raw/source_domain/cwru_48khz_de/B007_1.mat,B,1.0,E0_baseline_logreg_fullbalance,outer_test_1,"{""C"": 10.0}",0.08095360943726448,0.00011693175534435147,0.9177545516098095,0.001174907197581655,B
source::data/raw/source_domain/cwru_48khz_de/B007_1.mat::w0001,data/raw/source_domain/cwru_48khz_de/B007_1.mat,B,1.0,E0_baseline_logreg_fullbalance,outer_test_1,"{""C"": 10.0}",0.14378436198275785,0.005591803750440514,0.8466707569367138,0.003953077330087965,B
source::data/raw/source_domain/cwru_48khz_de/B007_1.mat::w0002,data/raw/source_domain/cwru_48khz_de/B007_1.mat,B,1.0,E0_baseline_logreg_fullbalance,outer_test_1,"{""C"": 10.0}",0.014371741213082283,0.0009352519339208429,0.9841019762907813,0.0005910305622155101,B
source::data/raw/source_domain/cwru_48khz_de/B007_1.mat::w0003,data/raw/source_domain/cwru_48khz_de/B007_1.mat,B,1.0,E0_baseline_logreg_fullbalance,outer_test_1,"{""C"": 10.0}",0.08134517283615553,0.008063854969736101,0.9068483321685603,0.0037426400255481584,B
source::data/raw/source_domain/cwru_48khz_de/B007_1.mat::w0004,data/raw/source_domain/cwru_48khz_de/B007_1.mat,B,1.0,E0_baseline_logreg_fullbalance,outer_test_1,"{""C"": 10.0}",0.11565165963892098,0.0036255948011927955,0.8778410104488678,0.002881735111018508,B
source::data/raw/source_domain/cwru_48khz_de/B007_1.mat::w0005,data/raw/source_domain/cwru_48khz_de/B007_1.mat,B,1.0,E0_baseline_logreg_fullbalance,outer_test_1,"{""C"": 10.0}",0.2958170963302407,0.0045518850219145104,0.6933155261074612,0.006315492540383615,B
source::data/raw/source_domain/cwru_48khz_de/B007_1.mat::w0006,data/raw/source_domain/cwru_48khz_de/B007_1.mat,B,1.0,E0_baseline_logreg_fullbalance,outer_test_1,"{""C"": 10.0}",0.14722256315583715,0.0022520491017687877,0.8472707986469253,0.003254589095468791,B
source::data/raw/source_domain/cwru_48khz_de/B014_1.mat::w0000,data/raw/source_domain/cwru_48khz_de/B014_1.mat,B,1.0,E0_baseline_logreg_fullbalance,outer_test_1,"{""C"": 10.0}",0.000313630885904358,1.2108605203656482e-05,0.9996737925017006,4.680071912525671e-07,B
source::data/raw/source_domain/cwru_48khz_de/B014_1.mat::w0001,data/raw/source_domain/cwru_48khz_de/B014_1.mat,B,1.0,E0_baseline_logreg_fullbalance,outer_test_1,"{""C"": 10.0}",0.003735786558405099,7.739007916774251e-05,0.996184765668704,2.0576937232114e-06,B
source::data/raw/source_domain/cwru_48khz_de/B014_1.mat::w0002,data/raw/source_domain/cwru_48khz_de/B014_1.mat,B,1.0,E0_baseline_logreg_fullbalance,outer_test_1,"{""C"": 10.0}",0.0009801824116571162,0.0004442981427475622,0.9985701965974473,5.3228481481897005e-06,B
source::data/raw/source_domain/cwru_48khz_de/B014_1.mat::w0003,data/raw/source_domain/cwru_48khz_de/B014_1.mat,B,1.0,E0_baseline_logreg_fullbalance,outer_test_1,"{""C"": 10.0}",0.004803830305592261,0.0004873264117584496,0.994553875098471,0.00015496818417818793,B
source::data/raw/source_domain/cwru_48khz_de/B014_1.mat::w0004,data/raw/source_domain/cwru_48khz_de/B014_1.mat,B,1.0,E0_baseline_logreg_fullbalance,outer_test_1,"{""C"": 10.0}",0.1227757100183463,0.0009801281903117946,0.8751382179810062,0.001105943810335573,B
source::data/raw/source_domain/cwru_48khz_de/B014_1.mat::w0005,data/raw/source_domain/cwru_48khz_de/B014_1.mat,B,1.0,E0_baseline_logreg_fullbalance,outer_test_1,"{""C"": 10.0}",0.1142735306214496,0.00555303422108042,0.8789089923279659,0.00126444282950403,B
source::data/raw/source_domain/cwru_48khz_de/B014_1.mat::w0006,data/raw/source_domain/cwru_48khz_de/B014_1.mat,B,1.0,E0_baseline_logreg_fullbalance,outer_test_1,"{""C"": 10.0}",0.00044964425369030826,1.6699343918419006e-06,0.9995479096603115,7.761516061519205e-07,B
source::data/raw/source_domain/cwru_48khz_de/B021_1.mat::w0000,data/raw/source_domain/cwru_48khz_de/B021_1.mat,B,1.0,E0_baseline_logreg_fullbalance,outer_test_1,"{""C"": 10.0}",0.05254631714438512,0.06684849677034842,0.88053915172377,6.603436149646056e-05,B
source::data/raw/source_domain/cwru_48khz_de/B021_1.mat::w0001,data/raw/source_domain/cwru_48khz_de/B021_1.mat,B,1.0,E0_baseline_logreg_fullbalance,outer_test_1,"{""C"": 10.0}",0.005472499323321177,0.3752993348301984,0.6191767642947639,5.1401551716513544e-05,B
source::data/raw/source_domain/cwru_48khz_de/B021_1.mat::w0002,data/raw/source_domain/cwru_48khz_de/B021_1.mat,B,1.0,E0_baseline_logreg_fullbalance,outer_test_1,"{""C"": 10.0}",0.00747735275159274,0.01803359462094742,0.9744835541563184,5.498471141714999e-06,B
source::data/raw/source_domain/cwru_48khz_de/B021_1.mat::w0003,data/raw/source_domain/cwru_48khz_de/B021_1.mat,B,1.0,E0_baseline_logreg_fullbalance,outer_test_1,"{""C"": 10.0}",0.02450705001962495,0.05314244492134807,0.9223301837123359,2.032134669111214e-05,B
source::data/raw/source_domain/cwru_48khz_de/B021_1.mat::w0004,data/raw/source_domain/cwru_48khz_de/B021_1.mat,B,1.0,E0_baseline_logreg_fullbalance,outer_test_1,"{""C"": 10.0}",0.13175214645953306,0.47594062955731725,0.39171630376830785,0.0005909202148419045,IR
source::data/raw/source_domain/cwru_48khz_de/B021_1.mat::w0005,data/raw/source_domain/cwru_48khz_de/B021_1.mat,B,1.0,E0_baseline_logreg_fullbalance,outer_test_1,"{""C"": 10.0}",0.04795038282688777,0.122163765384581,0.8298195363315422,6.63154569891762e-05,B
source::data/raw/source_domain/cwru_48khz_de/B021_1.mat::w0006,data/raw/source_domain/cwru_48khz_de/B021_1.mat,B,1.0,E0_baseline_logreg_fullbalance,outer_test_1,"{""C"": 10.0}",0.045111181608660414,0.27586599097096925,0.6788991975745063,0.00012362984586403804,B
source::data/raw/source_domain/cwru_48khz_de/IR007_1.mat::w0000,data/raw/source_domain/cwru_48khz_de/IR007_1.mat,IR,1.0,E0_baseline_logreg_fullbalance,outer_test_1,"{""C"": 10.0}",0.0001570959560396243,0.9994683502585584,0.00017055229308415824,0.0002040014923177464,IR
source::data/raw/source_domain/cwru_48khz_de/IR007_1.mat::w0001,data/raw/source_domain/cwru_48khz_de/IR007_1.mat,IR,1.0,E0_baseline_logreg_fullbalance,outer_test_1,"{""C"": 10.0}",0.00017544839385814603,0.9994233397570536,0.00016591634061870978,0.00023529550846965706,IR
source::data/raw/source_domain/cwru_48khz_de/IR007_1.mat::w0002,data/raw/source_domain/cwru_48khz_de/IR007_1.mat,IR,1.0,E0_baseline_logreg_fullbalance,outer_test_1,"{""C"": 10.0}",0.0002182579814070562,0.9993740578159197,0.00016167882814403865,0.00024600537452919497,IR
source::data/raw/source_domain/cwru_48khz_de/IR007_1.mat::w0003,data/raw/source_domain/cwru_48khz_de/IR007_1.mat,IR,1.0,E0_baseline_logreg_fullbalance,outer_test_1,"{""C"": 10.0}",0.0001381935073150502,0.9995876944429314,9.353964983495675e-05,0.00018057239991843205,IR
source::data/raw/source_domain/cwru_48khz_de/IR007_1.mat::w0004,data/raw/source_domain/cwru_48khz_de/IR007_1.mat,IR,1.0,E0_baseline_logreg_fullbalance,outer_test_1,"{""C"": 10.0}",0.0001223302830814576,0.9996601491594082,5.790149482326876e-05,0.00015961906268709592,IR
source::data/raw/source_domain/cwru_48khz_de/IR007_1.mat::w0005,data/raw/source_domain/cwru_48khz_de/IR007_1.mat,IR,1.0,E0_baseline_logreg_fullbalance,outer_test_1,"{""C"": 10.0}",0.00014802259654298714,0.9995815873418579,9.76348337910236e-05,0.00017275522780821226,IR
source::data/raw/source_domain/cwru_48khz_de/IR007_1.mat::w0006,data/raw/source_domain/cwru_48khz_de/IR007_1.mat,IR,1.0,E0_baseline_logreg_fullbalance,outer_test_1,"{""C"": 10.0}",9.875957806079835e-05,0.9996601207474636,8.358234581376158e-05,0.00015753732866202646,IR
source::data/raw/source_domain/cwru_48khz_de/IR014_1.mat::w0000,data/raw/source_domain/cwru_48khz_de/IR014_1.mat,IR,1.0,E0_baseline_logreg_fullbalance,outer_test_1,"{""C"": 10.0}",0.019865812432686782,0.9542019128486969,0.025918256472008475,1.4018246607963868e-05,IR
source::data/raw/source_domain/cwru_48khz_de/IR014_1.mat::w0001,data/raw/source_domain/cwru_48khz_de/IR014_1.mat,IR,1.0,E0_baseline_logreg_fullbalance,outer_test_1,"{""C"": 10.0}",0.07140695155636913,0.9083891365328821,0.020142258563384724,6.165334736406611e-05,IR
source::data/raw/source_domain/cwru_48khz_de/IR014_1.mat::w0002,data/raw/source_domain/cwru_48khz_de/IR014_1.mat,IR,1.0,E0_baseline_logreg_fullbalance,outer_test_1,"{""C"": 10.0}",0.05451535000079199,0.8894043673327051,0.05603010400065531,5.0178665847555775e-05,IR
source::data/raw/source_domain/cwru_48khz_de/IR014_1.mat::w0003,data/raw/source_domain/cwru_48khz_de/IR014_1.mat,IR,1.0,E0_baseline_logreg_fullbalance,outer_test_1,"{""C"": 10.0}",0.07210552459924924,0.8841922166778304,0.0436476009710514,5.4657751868977196e-05,IR
source::data/raw/source_domain/cwru_48khz_de/IR014_1.mat::w0004,data/raw/source_domain/cwru_48khz_de/IR014_1.mat,IR,1.0,E0_baseline_logreg_fullbalance,outer_test_1,"{""C"": 10.0}",0.057278760048279344,0.9072611928070905,0.03543080810125737,2.9239043372813488e-05,IR
source::data/raw/source_domain/cwru_48khz_de/IR014_1.mat::w0005,data/raw/source_domain/cwru_48khz_de/IR014_1.mat,IR,1.0,E0_baseline_logreg_fullbalance,outer_test_1,"{""C"": 10.0}",0.021059181362881343,0.9549486305171367,0.02397573432564471,1.645379433710086e-05,IR
source::data/raw/source_domain/cwru_48khz_de/IR014_1.mat::w0006,data/raw/source_domain/cwru_48khz_de/IR014_1.mat,IR,1.0,E0_baseline_logreg_fullbalance,outer_test_1,"{""C"": 10.0}",0.028396320778382035,0.9552864034263091,0.01629766023928164,1.961555602730469e-05,IR
source::data/raw/source_domain/cwru_48khz_de/IR021_1.mat::w0000,data/raw/source_domain/cwru_48khz_de/IR021_1.mat,IR,1.0,E0_baseline_logreg_fullbalance,outer_test_1,"{""C"": 10.0}",0.1830546119253771,0.7996064126357357,0.017113489696911722,0.00022548574197548551,IR
source::data/raw/source_domain/cwru_48khz_de/IR021_1.mat::w0001,data/raw/source_domain/cwru_48khz_de/IR021_1.mat,IR,1.0,E0_baseline_logreg_fullbalance,outer_test_1,"{""C"": 10.0}",0.20363052664289083,0.7683318842665479,0.027871156584173093,0.00016643250638819868,IR
source::data/raw/source_domain/cwru_48khz_de/IR021_1.mat::w0002,data/raw/source_domain/cwru_48khz_de/IR021_1.mat,IR,1.0,E0_baseline_logreg_fullbalance,outer_test_1,"{""C"": 10.0}",0.6171769246877996,0.3507550265629687,0.031708773687051856,0.00035927506217967096,OR
source::data/raw/source_domain/cwru_48khz_de/IR021_1.mat::w0003,data/raw/source_domain/cwru_48khz_de/IR021_1.mat,IR,1.0,E0_baseline_logreg_fullbalance,outer_test_1,"{""C"": 10.0}",0.5305504167348385,0.4239804215605051,0.045123916843303975,0.00034524486135244404,OR
source::data/raw/source_domain/cwru_48khz_de/IR021_1.mat::w0004,data/raw/source_domain/cwru_48khz_de/IR021_1.mat,IR,1.0,E0_baseline_logreg_fullbalance,outer_test_1,"{""C"": 10.0}",0.4918703343804273,0.4825732879824241,0.02518743822543675,0.00036893941171181323,OR
source::data/raw/source_domain/cwru_48khz_de/IR021_1.mat::w0005,data/raw/source_domain/cwru_48khz_de/IR021_1.mat,IR,1.0,E0_baseline_logreg_fullbalance,outer_test_1,"{""C"": 10.0}",0.10076990636110089,0.89543741099371,0.0036729597088116504,0.00011972293637744743,IR
source::data/raw/source_domain/cwru_48khz_de/IR021_1.mat::w0006,data/raw/source_domain/cwru_48khz_de/IR021_1.mat,IR,1.0,E0_baseline_logreg_fullbalance,outer_test_1,"{""C"": 10.0}",0.10054307473453643,0.8953956763347266,0.003936268954732367,0.00012497997600470658,IR
source::data/raw/source_domain/cwru_48khz_de/OR007@12_1.mat::w0000,data/raw/source_domain/cwru_48khz_de/OR007@12_1.mat,OR,1.0,E0_baseline_logreg_fullbalance,outer_test_1,"{""C"": 10.0}",0.8217234982470032,0.16723487514676827,0.010454236409751396,0.0005873901964772086,OR
source::data/raw/source_domain/cwru_48khz_de/OR007@12_1.mat::w0001,data/raw/source_domain/cwru_48khz_de/OR007@12_1.mat,OR,1.0,E0_baseline_logreg_fullbalance,outer_test_1,"{""C"": 10.0}",0.7990478853413606,0.19446207583860214,0.005818344415892153,0.000671694404145043,OR
source::data/raw/source_domain/cwru_48khz_de/OR007@12_1.mat::w0002,data/raw/source_domain/cwru_48khz_de/OR007@12_1.mat,OR,1.0,E0_baseline_logreg_fullbalance,outer_test_1,"{""C"": 10.0}",0.7153873413252557,0.2807203494833253,0.0028432268749790488,0.0010490823164399133,OR
source::data/raw/source_domain/cwru_48khz_de/OR007@12_1.mat::w0003,data/raw/source_domain/cwru_48khz_de/OR007@12_1.mat,OR,1.0,E0_baseline_logreg_fullbalance,outer_test_1,"{""C"": 10.0}",0.6890161007390482,0.3076491887842128,0.0019731819270659874,0.001361528549673046,OR
source::data/raw/source_domain/cwru_48khz_de/OR007@12_1.mat::w0004,data/raw/source_domain/cwru_48khz_de/OR007@12_1.mat,OR,1.0,E0_baseline_logreg_fullbalance,outer_test_1,"{""C"": 10.0}",0.6547017636626097,0.3419791904846286,0.0021195464781743056,0.0011994993745874146,OR
source::data/raw/source_domain/cwru_48khz_de/OR007@12_1.mat::w0005,data/raw/source_domain/cwru_48khz_de/OR007@12_1.mat,OR,1.0,E0_baseline_logreg_fullbalance,outer_test_1,"{""C"": 10.0}",0.6472193745406006,0.34556147977274393,0.006012153594955732,0.0012069920916996013,OR
source::data/raw/source_domain/cwru_48khz_de/OR007@12_1.mat::w0006,data/raw/source_domain/cwru_48khz_de/OR007@12_1.mat,OR,1.0,E0_baseline_logreg_fullbalance,outer_test_1,"{""C"": 10.0}",0.6957737306290206,0.2951825271225456,0.007952288278473005,0.0010914539699607318,OR
source::data/raw/source_domain/cwru_48khz_de/OR007@3_1.mat::w0000,data/raw/source_domain/cwru_48khz_de/OR007@3_1.mat,OR,1.0,E0_baseline_logreg_fullbalance,outer_test_1,"{""C"": 10.0}",0.9652528036551551,0.03246950187496322,0.00010952393061378727,0.0021681705392678123,OR
source::data/raw/source_domain/cwru_48khz_de/OR007@3_1.mat::w0001,data/raw/source_domain/cwru_48khz_de/OR007@3_1.mat,OR,1.0,E0_baseline_logreg_fullbalance,outer_test_1,"{""C"": 10.0}",0.939891298696476,0.056872559635268785,0.00012102255084134336,0.003115119117413959,OR
source::data/raw/source_domain/cwru_48khz_de/OR007@3_1.mat::w0002,data/raw/source_domain/cwru_48khz_de/OR007@3_1.mat,OR,1.0,E0_baseline_logreg_fullbalance,outer_test_1,"{""C"": 10.0}",0.9577911974820373,0.039964947859519796,6.386234604548218e-05,0.002179992312397321,OR
source::data/raw/source_domain/cwru_48khz_de/OR007@3_1.mat::w0003,data/raw/source_domain/cwru_48khz_de/OR007@3_1.mat,OR,1.0,E0_baseline_logreg_fullbalance,outer_test_1,"{""C"": 10.0}",0.9759495388371178,0.022300240644187688,7.735537663666101e-05,0.0016728651420578097,OR
source::data/raw/source_domain/cwru_48khz_de/OR007@3_1.mat::w0004,data/raw/source_domain/cwru_48khz_de/OR007@3_1.mat,OR,1.0,E0_baseline_logreg_fullbalance,outer_test_1,"{""C"": 10.0}",0.9618084455901611,0.036043349649191925,0.00010354757714539399,0.0020446571835015122,OR
source::data/raw/source_domain/cwru_48khz_de/OR007@3_1.mat::w0005,data/raw/source_domain/cwru_48khz_de/OR007@3_1.mat,OR,1.0,E0_baseline_logreg_fullbalance,outer_test_1,"{""C"": 10.0}",0.936960230822779,0.060490367741062014,9.133912650875244e-05,0.0024580623096501684,OR
source::data/raw/source_domain/cwru_48khz_de/OR007@3_1.mat::w0006,data/raw/source_domain/cwru_48khz_de/OR007@3_1.mat,OR,1.0,E0_baseline_logreg_fullbalance,outer_test_1,"{""C"": 10.0}",0.9761381408072296,0.022206060425142494,6.130079599803756e-05,0.0015944979716299356,OR
source::data/raw/source_domain/cwru_48khz_de/OR007@6_1.mat::w0000,data/raw/source_domain/cwru_48khz_de/OR007@6_1.mat,OR,1.0,E0_baseline_logreg_fullbalance,outer_test_1,"{""C"": 10.0}",0.9976386397592999,0.0014524968545049854,3.3576334299256155e-06,0.0009055057527652434,OR
source::data/raw/source_domain/cwru_48khz_de/OR007@6_1.mat::w0001,data/raw/source_domain/cwru_48khz_de/OR007@6_1.mat,OR,1.0,E0_baseline_logreg_fullbalance,outer_test_1,"{""C"": 10.0}",0.9968340566982306,0.0020285637437785714,3.922462935141387e-06,0.0011334570950557988,OR
source::data/raw/source_domain/cwru_48khz_de/OR007@6_1.mat::w0002,data/raw/source_domain/cwru_48khz_de/OR007@6_1.mat,OR,1.0,E0_baseline_logreg_fullbalance,outer_test_1,"{""C"": 10.0}",0.9966496199073389,0.0022166400813624265,3.92184736663509e-06,0.0011298181639320022,OR
source::data/raw/source_domain/cwru_48khz_de/OR007@6_1.mat::w0003,data/raw/source_domain/cwru_48khz_de/OR007@6_1.mat,OR,1.0,E0_baseline_logreg_fullbalance,outer_test_1,"{""C"": 10.0}",0.9968130061812066,0.0021130564973839876,3.174057959663639e-06,0.0010707632634497145,OR
source::data/raw/source_domain/cwru_48khz_de/OR007@6_1.mat::w0004,data/raw/source_domain/cwru_48khz_de/OR007@6_1.mat,OR,1.0,E0_baseline_logreg_fullbalance,outer_test_1,"{""C"": 10.0}",0.9949092849545457,0.003436254614054599,4.009433757890892e-06,0.0016504509976417942,OR
source::data/raw/source_domain/cwru_48khz_de/OR007@6_1.mat::w0005,data/raw/source_domain/cwru_48khz_de/OR007@6_1.mat,OR,1.0,E0_baseline_logreg_fullbalance,outer_test_1,"{""C"": 10.0}",0.9950524440678437,0.0033055422125183474,3.596874065407434e-06,0.0016384168455725147,OR
source::data/raw/source_domain/cwru_48khz_de/OR007@6_1.mat::w0006,data/raw/source_domain/cwru_48khz_de/OR007@6_1.mat,OR,1.0,E0_baseline_logreg_fullbalance,outer_test_1,"{""C"": 10.0}",0.9943334917538423,0.0038035932121460916,4.858073075846862e-06,0.001858056960935638,OR
source::data/raw/source_domain/cwru_48khz_de/OR014@6_1.mat::w0000,data/raw/source_domain/cwru_48khz_de/OR014@6_1.mat,OR,1.0,E0_baseline_logreg_fullbalance,outer_test_1,"{""C"": 10.0}",0.13842975800409843,0.010549270872346021,0.8495439702792431,0.0014770008443122586,B
source::data/raw/source_domain/cwru_48khz_de/OR014@6_1.mat::w0001,data/raw/source_domain/cwru_48khz_de/OR014@6_1.mat,OR,1.0,E0_baseline_logreg_fullbalance,outer_test_1,"{""C"": 10.0}",0.23282601473150522,0.0020008871131499246,0.7628319914661403,0.0023411066892046043,B
source::data/raw/source_domain/cwru_48khz_de/OR014@6_1.mat::w0002,data/raw/source_domain/cwru_48khz_de/OR014@6_1.mat,OR,1.0,E0_baseline_logreg_fullbalance,outer_test_1,"{""C"": 10.0}",0.19059874698894627,0.004712886911762197,0.8036165744055354,0.0010717916937560835,B
source::data/raw/source_domain/cwru_48khz_de/OR014@6_1.mat::w0003,data/raw/source_domain/cwru_48khz_de/OR014@6_1.mat,OR,1.0,E0_baseline_logreg_fullbalance,outer_test_1,"{""C"": 10.0}",0.19445719500755915,0.0021737436513652023,0.8026452359795625,0.0007238253615130433,B
source::data/raw/source_domain/cwru_48khz_de/OR014@6_1.mat::w0004,data/raw/source_domain/cwru_48khz_de/OR014@6_1.mat,OR,1.0,E0_baseline_logreg_fullbalance,outer_test_1,"{""C"": 10.0}",0.09289829166276697,0.00599967137945891,0.8998345248043053,0.00126751215346885,B
source::data/raw/source_domain/cwru_48khz_de/OR014@6_1.mat::w0005,data/raw/source_domain/cwru_48khz_de/OR014@6_1.mat,OR,1.0,E0_baseline_logreg_fullbalance,outer_test_1,"{""C"": 10.0}",0.22413428634980637,0.008645883549448556,0.7654057486356353,0.0018140814651098334,B
source::data/raw/source_domain/cwru_48khz_de/OR014@6_1.mat::w0006,data/raw/source_domain/cwru_48khz_de/OR014@6_1.mat,OR,1.0,E0_baseline_logreg_fullbalance,outer_test_1,"{""C"": 10.0}",0.20702376254188792,0.004875371908872262,0.7865531826447543,0.0015476829044854742,B
source::data/raw/source_domain/cwru_48khz_de/OR021@12_1.mat::w0000,data/raw/source_domain/cwru_48khz_de/OR021@12_1.mat,OR,1.0,E0_baseline_logreg_fullbalance,outer_test_1,"{""C"": 10.0}",0.9128510089104221,0.0756320571661355,0.011505300313364553,1.1633610077805537e-05,OR
source::data/raw/source_domain/cwru_48khz_de/OR021@12_1.mat::w0001,data/raw/source_domain/cwru_48khz_de/OR021@12_1.mat,OR,1.0,E0_baseline_logreg_fullbalance,outer_test_1,"{""C"": 10.0}",0.9095473458061053,0.07321828606973471,0.01722389307393676,1.0475050223248363e-05,OR
source::data/raw/source_domain/cwru_48khz_de/OR021@12_1.mat::w0002,data/raw/source_domain/cwru_48khz_de/OR021@12_1.mat,OR,1.0,E0_baseline_logreg_fullbalance,outer_test_1,"{""C"": 10.0}",0.9166983598453154,0.07195168876376594,0.01134151348898452,8.437901934147874e-06,OR
source::data/raw/source_domain/cwru_48khz_de/OR021@12_1.mat::w0003,data/raw/source_domain/cwru_48khz_de/OR021@12_1.mat,OR,1.0,E0_baseline_logreg_fullbalance,outer_test_1,"{""C"": 10.0}",0.8428531063180362,0.12599612477474645,0.03113934439375009,1.142451346723677e-05,OR
source::data/raw/source_domain/cwru_48khz_de/OR021@12_1.mat::w0004,data/raw/source_domain/cwru_48khz_de/OR021@12_1.mat,OR,1.0,E0_baseline_logreg_fullbalance,outer_test_1,"{""C"": 10.0}",0.8726845530367804,0.0966504334303231,0.030652513072179983,1.2500460716546796e-05,OR
source::data/raw/source_domain/cwru_48khz_de/OR021@12_1.mat::w0005,data/raw/source_domain/cwru_48khz_de/OR021@12_1.mat,OR,1.0,E0_baseline_logreg_fullbalance,outer_test_1,"{""C"": 10.0}",0.8683211895253722,0.12512374854886574,0.006538097501927723,1.696442383439129e-05,OR
source::data/raw/source_domain/cwru_48khz_de/OR021@12_1.mat::w0006,data/raw/source_domain/cwru_48khz_de/OR021@12_1.mat,OR,1.0,E0_baseline_logreg_fullbalance,outer_test_1,"{""C"": 10.0}",0.9220378835696802,0.05926336151644641,0.018688444709227044,1.0310204646490219e-05,OR
source::data/raw/source_domain/cwru_48khz_de/OR021@3_1.mat::w0000,data/raw/source_domain/cwru_48khz_de/OR021@3_1.mat,OR,1.0,E0_baseline_logreg_fullbalance,outer_test_1,"{""C"": 10.0}",0.9131531011027293,0.0003626527477453056,0.08647150098416366,1.2745165361675158e-05,OR
source::data/raw/source_domain/cwru_48khz_de/OR021@3_1.mat::w0001,data/raw/source_domain/cwru_48khz_de/OR021@3_1.mat,OR,1.0,E0_baseline_logreg_fullbalance,outer_test_1,"{""C"": 10.0}",0.9152356642727628,0.00030277031689963387,0.08444990812721413,1.1657283123512174e-05,OR
source::data/raw/source_domain/cwru_48khz_de/OR021@3_1.mat::w0002,data/raw/source_domain/cwru_48khz_de/OR021@3_1.mat,OR,1.0,E0_baseline_logreg_fullbalance,outer_test_1,"{""C"": 10.0}",0.9113682001275981,0.00021636948382071835,0.08840825546606523,7.1749225159364595e-06,OR
source::data/raw/source_domain/cwru_48khz_de/OR021@3_1.mat::w0003,data/raw/source_domain/cwru_48khz_de/OR021@3_1.mat,OR,1.0,E0_baseline_logreg_fullbalance,outer_test_1,"{""C"": 10.0}",0.9727097002583371,0.00019192750773291658,0.02709244453715747,5.927696772531042e-06,OR
source::data/raw/source_domain/cwru_48khz_de/OR021@3_1.mat::w0004,data/raw/source_domain/cwru_48khz_de/OR021@3_1.mat,OR,1.0,E0_baseline_logreg_fullbalance,outer_test_1,"{""C"": 10.0}",0.9510882169384688,0.0011209994695370632,0.04777104701303405,1.9736578960189678e-05,OR
source::data/raw/source_domain/cwru_48khz_de/OR021@3_1.mat::w0005,data/raw/source_domain/cwru_48khz_de/OR021@3_1.mat,OR,1.0,E0_baseline_logreg_fullbalance,outer_test_1,"{""C"": 10.0}",0.9380230326107183,0.0004934446377292683,0.061469024444952905,1.4498306599497953e-05,OR
source::data/raw/source_domain/cwru_48khz_de/OR021@3_1.mat::w0006,data/raw/source_domain/cwru_48khz_de/OR021@3_1.mat,OR,1.0,E0_baseline_logreg_fullbalance,outer_test_1,"{""C"": 10.0}",0.9357962469333391,0.00023978011245328194,0.06395324240164714,1.0730552560447629e-05,OR
source::data/raw/source_domain/cwru_48khz_de/OR021@6_1.mat::w0000,data/raw/source_domain/cwru_48khz_de/OR021@6_1.mat,OR,1.0,E0_baseline_logreg_fullbalance,outer_test_1,"{""C"": 10.0}",0.9923229405752977,0.003329868127352526,0.004326262147057356,2.0929150292322985e-05,OR
source::data/raw/source_domain/cwru_48khz_de/OR021@6_1.mat::w0001,data/raw/source_domain/cwru_48khz_de/OR021@6_1.mat,OR,1.0,E0_baseline_logreg_fullbalance,outer_test_1,"{""C"": 10.0}",0.9923492572733097,0.0038275118113300604,0.0037971238057264213,2.610710963390244e-05,OR
source::data/raw/source_domain/cwru_48khz_de/OR021@6_1.mat::w0002,data/raw/source_domain/cwru_48khz_de/OR021@6_1.mat,OR,1.0,E0_baseline_logreg_fullbalance,outer_test_1,"{""C"": 10.0}",0.9871875463619688,0.009666115427980005,0.003122658926607778,2.3679283443307923e-05,OR
source::data/raw/source_domain/cwru_48khz_de/OR021@6_1.mat::w0003,data/raw/source_domain/cwru_48khz_de/OR021@6_1.mat,OR,1.0,E0_baseline_logreg_fullbalance,outer_test_1,"{""C"": 10.0}",0.92619312885576,0.07151908377012506,0.002152836957444192,0.00013495041667088535,OR
source::data/raw/source_domain/cwru_48khz_de/OR021@6_1.mat::w0004,data/raw/source_domain/cwru_48khz_de/OR021@6_1.mat,OR,1.0,E0_baseline_logreg_fullbalance,outer_test_1,"{""C"": 10.0}",0.8470740064300116,0.15187689667219406,0.0009335694577311703,0.0001155274400632163,OR
source::data/raw/source_domain/cwru_48khz_de/OR021@6_1.mat::w0005,data/raw/source_domain/cwru_48khz_de/OR021@6_1.mat,OR,1.0,E0_baseline_logreg_fullbalance,outer_test_1,"{""C"": 10.0}",0.898587097173928,0.09918666981111404,0.0021411679073882043,8.506510756962118e-05,OR
source::data/raw/source_domain/cwru_48khz_de/OR021@6_1.mat::w0006,data/raw/source_domain/cwru_48khz_de/OR021@6_1.mat,OR,1.0,E0_baseline_logreg_fullbalance,outer_test_1,"{""C"": 10.0}",0.914880679553475,0.08326944203499892,0.0017477954841262793,0.00010208292739982744,OR
source::data/raw/source_domain/cwru_48khz_normal/N_1_(1772rpm).mat::w0000,data/raw/source_domain/cwru_48khz_normal/N_1_(1772rpm).mat,N,1.0,E0_baseline_logreg_fullbalance,outer_test_1,"{""C"": 10.0}",9.852034719760763e-05,0.0005490026218277032,2.02121039707148e-05,0.9993322649270041,N
source::data/raw/source_domain/cwru_48khz_normal/N_1_(1772rpm).mat::w0001,data/raw/source_domain/cwru_48khz_normal/N_1_(1772rpm).mat,N,1.0,E0_baseline_logreg_fullbalance,outer_test_1,"{""C"": 10.0}",0.00014969612308769626,0.0004141365455777534,2.6383208317293765e-05,0.9994097841230172,N
source::data/raw/source_domain/cwru_48khz_normal/N_1_(1772rpm).mat::w0002,data/raw/source_domain/cwru_48khz_normal/N_1_(1772rpm).mat,N,1.0,E0_baseline_logreg_fullbalance,outer_test_1,"{""C"": 10.0}",0.00014758970097365252,0.00045888478424109,5.735784555186153e-05,0.9993361676692335,N
source::data/raw/source_domain/cwru_48khz_normal/N_1_(1772rpm).mat::w0003,data/raw/source_domain/cwru_48khz_normal/N_1_(1772rpm).mat,N,1.0,E0_baseline_logreg_fullbalance,outer_test_1,"{""C"": 10.0}",0.00011231572177006702,0.00041995114498788124,3.209976468721125e-05,0.9994356333685549,N
source::data/raw/source_domain/cwru_48khz_normal/N_1_(1772rpm).mat::w0004,data/raw/source_domain/cwru_48khz_normal/N_1_(1772rpm).mat,N,1.0,E0_baseline_logreg_fullbalance,outer_test_1,"{""C"": 10.0}",0.0002559836364047291,0.00028995042269304195,6.71415217603638e-05,0.9993869244191419,N
source::data/raw/source_domain/cwru_48khz_normal/N_1_(1772rpm).mat::w0005,data/raw/source_domain/cwru_48khz_normal/N_1_(1772rpm).mat,N,1.0,E0_baseline_logreg_fullbalance,outer_test_1,"{""C"": 10.0}",0.00018020836641942899,0.0007024298036076234,7.293944976317785e-05,0.9990444223802099,N
source::data/raw/source_domain/cwru_48khz_normal/N_1_(1772rpm).mat::w0006,data/raw/source_domain/cwru_48khz_normal/N_1_(1772rpm).mat,N,1.0,E0_baseline_logreg_fullbalance,outer_test_1,"{""C"": 10.0}",0.0004060949949440942,0.00042222709236948213,6.779787735676876e-06,0.9991648981249508,N
source::data/raw/source_domain/cwru_48khz_normal/N_1_(1772rpm).mat::w0007,data/raw/source_domain/cwru_48khz_normal/N_1_(1772rpm).mat,N,1.0,E0_baseline_logreg_fullbalance,outer_test_1,"{""C"": 10.0}",0.00029909628447527986,0.0004672123649006098,2.321392255023541e-05,0.999210477428074,N
source::data/raw/source_domain/cwru_48khz_normal/N_1_(1772rpm).mat::w0008,data/raw/source_domain/cwru_48khz_normal/N_1_(1772rpm).mat,N,1.0,E0_baseline_logreg_fullbalance,outer_test_1,"{""C"": 10.0}",0.0001360106120905328,0.0006105104864501459,4.390852514009882e-05,0.9992095703763192,N
source::data/raw/source_domain/cwru_48khz_normal/N_1_(1772rpm).mat::w0009,data/raw/source_domain/cwru_48khz_normal/N_1_(1772rpm).mat,N,1.0,E0_baseline_logreg_fullbalance,outer_test_1,"{""C"": 10.0}",0.00021360766235985082,0.0004135345492483321,2.8146455847559784e-05,0.9993447113325442,N
source::data/raw/source_domain/cwru_48khz_normal/N_1_(1772rpm).mat::w0010,data/raw/source_domain/cwru_48khz_normal/N_1_(1772rpm).mat,N,1.0,E0_baseline_logreg_fullbalance,outer_test_1,"{""C"": 10.0}",0.00020194625579903998,0.0003472556838638075,1.3448698013822599e-05,0.9994373493623234,N
source::data/raw/source_domain/cwru_48khz_normal/N_1_(1772rpm).mat::w0011,data/raw/source_domain/cwru_48khz_normal/N_1_(1772rpm).mat,N,1.0,E0_baseline_logreg_fullbalance,outer_test_1,"{""C"": 10.0}",0.0004195386337970993,0.00021298279693617283,4.7527922023207366e-06,0.9993627257770643,N
source::data/raw/source_domain/cwru_48khz_normal/N_1_(1772rpm).mat::w0012,data/raw/source_domain/cwru_48khz_normal/N_1_(1772rpm).mat,N,1.0,E0_baseline_logreg_fullbalance,outer_test_1,"{""C"": 10.0}",0.0001146864676959838,0.00045197556373203536,4.1738461932637844e-05,0.9993915995066395,N
source::data/raw/source_domain/cwru_48khz_normal/N_1_(1772rpm).mat::w0013,data/raw/source_domain/cwru_48khz_normal/N_1_(1772rpm).mat,N,1.0,E0_baseline_logreg_fullbalance,outer_test_1,"{""C"": 10.0}",0.00010642657499963731,0.00045918029222860194,1.6723657200463987e-05,0.9994176694755713,N
source::data/raw/source_domain/cwru_48khz_normal/N_1_(1772rpm).mat::w0014,data/raw/source_domain/cwru_48khz_normal/N_1_(1772rpm).mat,N,1.0,E0_baseline_logreg_fullbalance,outer_test_1,"{""C"": 10.0}",0.0001462041873758834,0.00041005861689864,4.903671844739974e-05,0.9993947004772782,N
source::data/raw/source_domain/cwru_48khz_de/B007_2.mat::w0000,data/raw/source_domain/cwru_48khz_de/B007_2.mat,B,2.0,E0_baseline_logreg_fullbalance,outer_test_2,"{""C"": 1.0}",0.20460385816895071,0.06630365171655808,0.7120900004174835,0.017002489697007687,B
source::data/raw/source_domain/cwru_48khz_de/B007_2.mat::w0001,data/raw/source_domain/cwru_48khz_de/B007_2.mat,B,2.0,E0_baseline_logreg_fullbalance,outer_test_2,"{""C"": 1.0}",0.1731284566828811,0.061812667122931084,0.7481193763241021,0.01693949987008558,B
source::data/raw/source_domain/cwru_48khz_de/B007_2.mat::w0002,data/raw/source_domain/cwru_48khz_de/B007_2.mat,B,2.0,E0_baseline_logreg_fullbalance,outer_test_2,"{""C"": 1.0}",0.271677255518912,0.028670813100651383,0.6825665680074733,0.017085363372963413,B
source::data/raw/source_domain/cwru_48khz_de/B007_2.mat::w0003,data/raw/source_domain/cwru_48khz_de/B007_2.mat,B,2.0,E0_baseline_logreg_fullbalance,outer_test_2,"{""C"": 1.0}",0.1662968489958689,0.049554654759131005,0.7701564924130359,0.013992003831964306,B
source::data/raw/source_domain/cwru_48khz_de/B007_2.mat::w0004,data/raw/source_domain/cwru_48khz_de/B007_2.mat,B,2.0,E0_baseline_logreg_fullbalance,outer_test_2,"{""C"": 1.0}",0.240951936747437,0.06127946280160405,0.6774340433558969,0.020334557095062045,B
source::data/raw/source_domain/cwru_48khz_de/B007_2.mat::w0005,data/raw/source_domain/cwru_48khz_de/B007_2.mat,B,2.0,E0_baseline_logreg_fullbalance,outer_test_2,"{""C"": 1.0}",0.2640596386451535,0.06318649621469592,0.6573715376645298,0.015382327475620699,B
source::data/raw/source_domain/cwru_48khz_de/B007_2.mat::w0006,data/raw/source_domain/cwru_48khz_de/B007_2.mat,B,2.0,E0_baseline_logreg_fullbalance,outer_test_2,"{""C"": 1.0}",0.16093244509854138,0.0876953057935241,0.7322086684280326,0.01916358067990186,B
source::data/raw/source_domain/cwru_48khz_de/B014_2.mat::w0000,data/raw/source_domain/cwru_48khz_de/B014_2.mat,B,2.0,E0_baseline_logreg_fullbalance,outer_test_2,"{""C"": 1.0}",0.0030324001292910048,0.004453606726098793,0.9924252482777811,8.874486682907574e-05,B
source::data/raw/source_domain/cwru_48khz_de/B014_2.mat::w0001,data/raw/source_domain/cwru_48khz_de/B014_2.mat,B,2.0,E0_baseline_logreg_fullbalance,outer_test_2,"{""C"": 1.0}",0.03750060101548,0.03463769027396374,0.921540081059772,0.006321627650784238,B
source::data/raw/source_domain/cwru_48khz_de/B014_2.mat::w0002,data/raw/source_domain/cwru_48khz_de/B014_2.mat,B,2.0,E0_baseline_logreg_fullbalance,outer_test_2,"{""C"": 1.0}",0.0009104189167986607,0.0018063922178932948,0.9972742898348264,8.899030481768286e-06,B
source::data/raw/source_domain/cwru_48khz_de/B014_2.mat::w0003,data/raw/source_domain/cwru_48khz_de/B014_2.mat,B,2.0,E0_baseline_logreg_fullbalance,outer_test_2,"{""C"": 1.0}",0.005471371518259343,0.010657540390377704,0.9838410764435369,3.0011647826187484e-05,B
source::data/raw/source_domain/cwru_48khz_de/B014_2.mat::w0004,data/raw/source_domain/cwru_48khz_de/B014_2.mat,B,2.0,E0_baseline_logreg_fullbalance,outer_test_2,"{""C"": 1.0}",0.02601531207130329,0.1030063450655379,0.8707272593370624,0.00025108352609645626,B
source::data/raw/source_domain/cwru_48khz_de/B014_2.mat::w0005,data/raw/source_domain/cwru_48khz_de/B014_2.mat,B,2.0,E0_baseline_logreg_fullbalance,outer_test_2,"{""C"": 1.0}",0.008778935863260146,0.04386873918927708,0.9470517935077827,0.0003005314396802768,B
source::data/raw/source_domain/cwru_48khz_de/B014_2.mat::w0006,data/raw/source_domain/cwru_48khz_de/B014_2.mat,B,2.0,E0_baseline_logreg_fullbalance,outer_test_2,"{""C"": 1.0}",0.05815745465289343,0.04539953083478304,0.8898779316028046,0.006565082909519105,B
source::data/raw/source_domain/cwru_48khz_de/B021_2.mat::w0000,data/raw/source_domain/cwru_48khz_de/B021_2.mat,B,2.0,E0_baseline_logreg_fullbalance,outer_test_2,"{""C"": 1.0}",0.09466301880653644,0.21635660348098176,0.6886970265214631,0.00028335119101862306,B
source::data/raw/source_domain/cwru_48khz_de/B021_2.mat::w0001,data/raw/source_domain/cwru_48khz_de/B021_2.mat,B,2.0,E0_baseline_logreg_fullbalance,outer_test_2,"{""C"": 1.0}",0.1137342045727883,0.15846184496480312,0.7274696476027424,0.0003343028596660706,B
source::data/raw/source_domain/cwru_48khz_de/B021_2.mat::w0002,data/raw/source_domain/cwru_48khz_de/B021_2.mat,B,2.0,E0_baseline_logreg_fullbalance,outer_test_2,"{""C"": 1.0}",0.2247363613894452,0.1974031747254844,0.5774061673523496,0.0004542965327207695,B
source::data/raw/source_domain/cwru_48khz_de/B021_2.mat::w0003,data/raw/source_domain/cwru_48khz_de/B021_2.mat,B,2.0,E0_baseline_logreg_fullbalance,outer_test_2,"{""C"": 1.0}",0.018435158733510773,0.1693889579252476,0.8120865878233131,8.929551792838862e-05,B
source::data/raw/source_domain/cwru_48khz_de/B021_2.mat::w0004,data/raw/source_domain/cwru_48khz_de/B021_2.mat,B,2.0,E0_baseline_logreg_fullbalance,outer_test_2,"{""C"": 1.0}",0.24804880098244161,0.07038167756426165,0.6812359281574452,0.0003335932958515582,B
source::data/raw/source_domain/cwru_48khz_de/B021_2.mat::w0005,data/raw/source_domain/cwru_48khz_de/B021_2.mat,B,2.0,E0_baseline_logreg_fullbalance,outer_test_2,"{""C"": 1.0}",0.3054993681012675,0.2667630008655613,0.42714092478499505,0.0005967062481762497,B
source::data/raw/source_domain/cwru_48khz_de/B021_2.mat::w0006,data/raw/source_domain/cwru_48khz_de/B021_2.mat,B,2.0,E0_baseline_logreg_fullbalance,outer_test_2,"{""C"": 1.0}",0.052944097364975545,0.21501396338381848,0.731837388507708,0.0002045507434979016,B
source::data/raw/source_domain/cwru_48khz_de/IR007_2.mat::w0000,data/raw/source_domain/cwru_48khz_de/IR007_2.mat,IR,2.0,E0_baseline_logreg_fullbalance,outer_test_2,"{""C"": 1.0}",0.015482676767637768,0.9608359911015255,0.014203586033288387,0.00947774609754826,IR
source::data/raw/source_domain/cwru_48khz_de/IR007_2.mat::w0001,data/raw/source_domain/cwru_48khz_de/IR007_2.mat,IR,2.0,E0_baseline_logreg_fullbalance,outer_test_2,"{""C"": 1.0}",0.013217612253492012,0.9615365049529588,0.016045013853720758,0.009200868939828199,IR
source::data/raw/source_domain/cwru_48khz_de/IR007_2.mat::w0002,data/raw/source_domain/cwru_48khz_de/IR007_2.mat,IR,2.0,E0_baseline_logreg_fullbalance,outer_test_2,"{""C"": 1.0}",0.016038653593324587,0.9579513402347822,0.01634401084706444,0.00966599532482874,IR
source::data/raw/source_domain/cwru_48khz_de/IR007_2.mat::w0003,data/raw/source_domain/cwru_48khz_de/IR007_2.mat,IR,2.0,E0_baseline_logreg_fullbalance,outer_test_2,"{""C"": 1.0}",0.015378917806946805,0.9590727203782782,0.016892978146291166,0.00865538366848388,IR
source::data/raw/source_domain/cwru_48khz_de/IR007_2.mat::w0004,data/raw/source_domain/cwru_48khz_de/IR007_2.mat,IR,2.0,E0_baseline_logreg_fullbalance,outer_test_2,"{""C"": 1.0}",0.011489713207428573,0.9648470851122667,0.015024666039560214,0.008638535640744611,IR
source::data/raw/source_domain/cwru_48khz_de/IR007_2.mat::w0005,data/raw/source_domain/cwru_48khz_de/IR007_2.mat,IR,2.0,E0_baseline_logreg_fullbalance,outer_test_2,"{""C"": 1.0}",0.009803953209013522,0.9698896095766867,0.012683055271219525,0.00762338194308022,IR
source::data/raw/source_domain/cwru_48khz_de/IR007_2.mat::w0006,data/raw/source_domain/cwru_48khz_de/IR007_2.mat,IR,2.0,E0_baseline_logreg_fullbalance,outer_test_2,"{""C"": 1.0}",0.00962301139351159,0.9706111880727614,0.012156127729078498,0.007609672804648511,IR
source::data/raw/source_domain/cwru_48khz_de/IR014_2.mat::w0000,data/raw/source_domain/cwru_48khz_de/IR014_2.mat,IR,2.0,E0_baseline_logreg_fullbalance,outer_test_2,"{""C"": 1.0}",0.14835736390286255,0.7732959093004493,0.07766901681944614,0.0006777099772420574,IR
source::data/raw/source_domain/cwru_48khz_de/IR014_2.mat::w0001,data/raw/source_domain/cwru_48khz_de/IR014_2.mat,IR,2.0,E0_baseline_logreg_fullbalance,outer_test_2,"{""C"": 1.0}",0.14141627474576204,0.7700603904161317,0.08787241091626209,0.0006509239218441625,IR
source::data/raw/source_domain/cwru_48khz_de/IR014_2.mat::w0002,data/raw/source_domain/cwru_48khz_de/IR014_2.mat,IR,2.0,E0_baseline_logreg_fullbalance,outer_test_2,"{""C"": 1.0}",0.10965957346814681,0.7878905471477045,0.10201374183770681,0.0004361375464418195,IR
source::data/raw/source_domain/cwru_48khz_de/IR014_2.mat::w0003,data/raw/source_domain/cwru_48khz_de/IR014_2.mat,IR,2.0,E0_baseline_logreg_fullbalance,outer_test_2,"{""C"": 1.0}",0.12805750496058138,0.7507752786131908,0.12076394543846035,0.00040327098776748755,IR
source::data/raw/source_domain/cwru_48khz_de/IR014_2.mat::w0004,data/raw/source_domain/cwru_48khz_de/IR014_2.mat,IR,2.0,E0_baseline_logreg_fullbalance,outer_test_2,"{""C"": 1.0}",0.1217170193086739,0.8082363815950105,0.06951013063240473,0.0005364684639108879,IR
source::data/raw/source_domain/cwru_48khz_de/IR014_2.mat::w0005,data/raw/source_domain/cwru_48khz_de/IR014_2.mat,IR,2.0,E0_baseline_logreg_fullbalance,outer_test_2,"{""C"": 1.0}",0.13054581830726258,0.7968394850194828,0.0716599782996294,0.0009547183736253267,IR
source::data/raw/source_domain/cwru_48khz_de/IR014_2.mat::w0006,data/raw/source_domain/cwru_48khz_de/IR014_2.mat,IR,2.0,E0_baseline_logreg_fullbalance,outer_test_2,"{""C"": 1.0}",0.12993471005407023,0.7944744018974661,0.07496799180464302,0.0006228962438206354,IR
source::data/raw/source_domain/cwru_48khz_de/IR021_2.mat::w0000,data/raw/source_domain/cwru_48khz_de/IR021_2.mat,IR,2.0,E0_baseline_logreg_fullbalance,outer_test_2,"{""C"": 1.0}",0.2958731579965585,0.6794528018680431,0.02324217725343834,0.0014318628819599683,IR
source::data/raw/source_domain/cwru_48khz_de/IR021_2.mat::w0001,data/raw/source_domain/cwru_48khz_de/IR021_2.mat,IR,2.0,E0_baseline_logreg_fullbalance,outer_test_2,"{""C"": 1.0}",0.29466101812040585,0.6699412591005791,0.03394725031083606,0.001450472468179009,IR
source::data/raw/source_domain/cwru_48khz_de/IR021_2.mat::w0002,data/raw/source_domain/cwru_48khz_de/IR021_2.mat,IR,2.0,E0_baseline_logreg_fullbalance,outer_test_2,"{""C"": 1.0}",0.2946132662450685,0.6690046338009902,0.03493834897348119,0.001443750980460126,IR
source::data/raw/source_domain/cwru_48khz_de/IR021_2.mat::w0003,data/raw/source_domain/cwru_48khz_de/IR021_2.mat,IR,2.0,E0_baseline_logreg_fullbalance,outer_test_2,"{""C"": 1.0}",0.3389116174675374,0.6335083987160883,0.02593947326125219,0.0016405105551221748,IR
source::data/raw/source_domain/cwru_48khz_de/IR021_2.mat::w0004,data/raw/source_domain/cwru_48khz_de/IR021_2.mat,IR,2.0,E0_baseline_logreg_fullbalance,outer_test_2,"{""C"": 1.0}",0.37274395516643255,0.5905011488914975,0.0351809719673,0.0015739239747698589,IR
source::data/raw/source_domain/cwru_48khz_de/IR021_2.mat::w0005,data/raw/source_domain/cwru_48khz_de/IR021_2.mat,IR,2.0,E0_baseline_logreg_fullbalance,outer_test_2,"{""C"": 1.0}",0.3334610995511524,0.6212109305182439,0.04382446006443551,0.0015035098661681753,IR
source::data/raw/source_domain/cwru_48khz_de/IR021_2.mat::w0006,data/raw/source_domain/cwru_48khz_de/IR021_2.mat,IR,2.0,E0_baseline_logreg_fullbalance,outer_test_2,"{""C"": 1.0}",0.29488836382903433,0.6649219568610814,0.0386894967320813,0.0015001825778029633,IR
source::data/raw/source_domain/cwru_48khz_de/OR007@12_2.mat::w0000,data/raw/source_domain/cwru_48khz_de/OR007@12_2.mat,OR,2.0,E0_baseline_logreg_fullbalance,outer_test_2,"{""C"": 1.0}",0.5505431681003405,0.34438505325717367,0.0993412777979976,0.005730500844488081,OR
source::data/raw/source_domain/cwru_48khz_de/OR007@12_2.mat::w0001,data/raw/source_domain/cwru_48khz_de/OR007@12_2.mat,OR,2.0,E0_baseline_logreg_fullbalance,outer_test_2,"{""C"": 1.0}",0.5386474843817871,0.34834067496486837,0.10612886198624898,0.006882978667095546,OR
source::data/raw/source_domain/cwru_48khz_de/OR007@12_2.mat::w0002,data/raw/source_domain/cwru_48khz_de/OR007@12_2.mat,OR,2.0,E0_baseline_logreg_fullbalance,outer_test_2,"{""C"": 1.0}",0.4945357871662889,0.37272449851676476,0.1260928296378273,0.006646884679118927,OR
source::data/raw/source_domain/cwru_48khz_de/OR007@12_2.mat::w0003,data/raw/source_domain/cwru_48khz_de/OR007@12_2.mat,OR,2.0,E0_baseline_logreg_fullbalance,outer_test_2,"{""C"": 1.0}",0.48029365930839557,0.38500708330250305,0.12806923271053394,0.0066300246785675546,OR
source::data/raw/source_domain/cwru_48khz_de/OR007@12_2.mat::w0004,data/raw/source_domain/cwru_48khz_de/OR007@12_2.mat,OR,2.0,E0_baseline_logreg_fullbalance,outer_test_2,"{""C"": 1.0}",0.4944827040556259,0.3965387532625787,0.10255002897687751,0.006428513704917897,OR
source::data/raw/source_domain/cwru_48khz_de/OR007@12_2.mat::w0005,data/raw/source_domain/cwru_48khz_de/OR007@12_2.mat,OR,2.0,E0_baseline_logreg_fullbalance,outer_test_2,"{""C"": 1.0}",0.354764903755961,0.541212350867944,0.09802229065299564,0.006000454723099336,IR
source::data/raw/source_domain/cwru_48khz_de/OR007@12_2.mat::w0006,data/raw/source_domain/cwru_48khz_de/OR007@12_2.mat,OR,2.0,E0_baseline_logreg_fullbalance,outer_test_2,"{""C"": 1.0}",0.41880982870366873,0.46078224861733047,0.11386511711008755,0.006542805568913333,IR
source::data/raw/source_domain/cwru_48khz_de/OR007@3_2.mat::w0000,data/raw/source_domain/cwru_48khz_de/OR007@3_2.mat,OR,2.0,E0_baseline_logreg_fullbalance,outer_test_2,"{""C"": 1.0}",0.6949015092586289,0.28826722874437777,0.0044629378781289464,0.012368324118864333,OR
source::data/raw/source_domain/cwru_48khz_de/OR007@3_2.mat::w0001,data/raw/source_domain/cwru_48khz_de/OR007@3_2.mat,OR,2.0,E0_baseline_logreg_fullbalance,outer_test_2,"{""C"": 1.0}",0.7923274830076059,0.19258780977817178,0.003983150505859827,0.011101556708362503,OR
source::data/raw/source_domain/cwru_48khz_de/OR007@3_2.mat::w0002,data/raw/source_domain/cwru_48khz_de/OR007@3_2.mat,OR,2.0,E0_baseline_logreg_fullbalance,outer_test_2,"{""C"": 1.0}",0.8024223502604384,0.18210216786350727,0.004748611699337007,0.010726870176717343,OR
source::data/raw/source_domain/cwru_48khz_de/OR007@3_2.mat::w0003,data/raw/source_domain/cwru_48khz_de/OR007@3_2.mat,OR,2.0,E0_baseline_logreg_fullbalance,outer_test_2,"{""C"": 1.0}",0.7999358169592358,0.18403442092376948,0.004904535689746962,0.011125226427247796,OR
source::data/raw/source_domain/cwru_48khz_de/OR007@3_2.mat::w0004,data/raw/source_domain/cwru_48khz_de/OR007@3_2.mat,OR,2.0,E0_baseline_logreg_fullbalance,outer_test_2,"{""C"": 1.0}",0.7956148281418945,0.1885350558731168,0.0054945361715702965,0.010355579813418333,OR
source::data/raw/source_domain/cwru_48khz_de/OR007@3_2.mat::w0005,data/raw/source_domain/cwru_48khz_de/OR007@3_2.mat,OR,2.0,E0_baseline_logreg_fullbalance,outer_test_2,"{""C"": 1.0}",0.750203986758293,0.23316823354028215,0.004598004827604117,0.012029774873820646,OR
source::data/raw/source_domain/cwru_48khz_de/OR007@3_2.mat::w0006,data/raw/source_domain/cwru_48khz_de/OR007@3_2.mat,OR,2.0,E0_baseline_logreg_fullbalance,outer_test_2,"{""C"": 1.0}",0.7414429097171696,0.24124204021430445,0.005463116234691772,0.01185193383383413,OR
source::data/raw/source_domain/cwru_48khz_de/OR007@6_2.mat::w0000,data/raw/source_domain/cwru_48khz_de/OR007@6_2.mat,OR,2.0,E0_baseline_logreg_fullbalance,outer_test_2,"{""C"": 1.0}",0.9944185286107089,0.004818122310588228,4.366690400371583e-05,0.0007196821746990879,OR
source::data/raw/source_domain/cwru_48khz_de/OR007@6_2.mat::w0001,data/raw/source_domain/cwru_48khz_de/OR007@6_2.mat,OR,2.0,E0_baseline_logreg_fullbalance,outer_test_2,"{""C"": 1.0}",0.995204285535892,0.004174163049879224,3.738838323901964e-05,0.0005841630309897937,OR
source::data/raw/source_domain/cwru_48khz_de/OR007@6_2.mat::w0002,data/raw/source_domain/cwru_48khz_de/OR007@6_2.mat,OR,2.0,E0_baseline_logreg_fullbalance,outer_test_2,"{""C"": 1.0}",0.9956222694557344,0.0038536637094410894,3.368345964381843e-05,0.0004903833751806361,OR
source::data/raw/source_domain/cwru_48khz_de/OR007@6_2.mat::w0003,data/raw/source_domain/cwru_48khz_de/OR007@6_2.mat,OR,2.0,E0_baseline_logreg_fullbalance,outer_test_2,"{""C"": 1.0}",0.9956195903669027,0.003847863253501151,3.523239395448662e-05,0.0004973139856416212,OR
source::data/raw/source_domain/cwru_48khz_de/OR007@6_2.mat::w0004,data/raw/source_domain/cwru_48khz_de/OR007@6_2.mat,OR,2.0,E0_baseline_logreg_fullbalance,outer_test_2,"{""C"": 1.0}",0.99546075252782,0.0039046121276115338,3.889008873926942e-05,0.0005957452558291787,OR
source::data/raw/source_domain/cwru_48khz_de/OR007@6_2.mat::w0005,data/raw/source_domain/cwru_48khz_de/OR007@6_2.mat,OR,2.0,E0_baseline_logreg_fullbalance,outer_test_2,"{""C"": 1.0}",0.994878878908591,0.0044207887341527995,3.983970022875538e-05,0.0006604926570273806,OR
source::data/raw/source_domain/cwru_48khz_de/OR007@6_2.mat::w0006,data/raw/source_domain/cwru_48khz_de/OR007@6_2.mat,OR,2.0,E0_baseline_logreg_fullbalance,outer_test_2,"{""C"": 1.0}",0.994880319950989,0.004413060753719505,4.698388910743888e-05,0.0006596354061839507,OR
source::data/raw/source_domain/cwru_48khz_de/OR014@6_2.mat::w0000,data/raw/source_domain/cwru_48khz_de/OR014@6_2.mat,OR,2.0,E0_baseline_logreg_fullbalance,outer_test_2,"{""C"": 1.0}",0.06643527235974742,0.07421085388677968,0.8579690652167331,0.0013848085367396264,B
source::data/raw/source_domain/cwru_48khz_de/OR014@6_2.mat::w0001,data/raw/source_domain/cwru_48khz_de/OR014@6_2.mat,OR,2.0,E0_baseline_logreg_fullbalance,outer_test_2,"{""C"": 1.0}",0.04128483257280678,0.09674137720169214,0.861239158248425,0.0007346319770760285,B
source::data/raw/source_domain/cwru_48khz_de/OR014@6_2.mat::w0002,data/raw/source_domain/cwru_48khz_de/OR014@6_2.mat,OR,2.0,E0_baseline_logreg_fullbalance,outer_test_2,"{""C"": 1.0}",0.23435366131189178,0.04607371050118,0.7102418607762332,0.009330767410694985,B
source::data/raw/source_domain/cwru_48khz_de/OR014@6_2.mat::w0003,data/raw/source_domain/cwru_48khz_de/OR014@6_2.mat,OR,2.0,E0_baseline_logreg_fullbalance,outer_test_2,"{""C"": 1.0}",0.29006906828693246,0.0522807088194366,0.6419656496877244,0.01568457320590672,B
source::data/raw/source_domain/cwru_48khz_de/OR014@6_2.mat::w0004,data/raw/source_domain/cwru_48khz_de/OR014@6_2.mat,OR,2.0,E0_baseline_logreg_fullbalance,outer_test_2,"{""C"": 1.0}",0.42656440760891534,0.09979071973067413,0.44714431790923903,0.02650055475117153,B
source::data/raw/source_domain/cwru_48khz_de/OR014@6_2.mat::w0005,data/raw/source_domain/cwru_48khz_de/OR014@6_2.mat,OR,2.0,E0_baseline_logreg_fullbalance,outer_test_2,"{""C"": 1.0}",0.4592536867235163,0.06296408621733221,0.45966425348400913,0.01811797357514244,B
source::data/raw/source_domain/cwru_48khz_de/OR014@6_2.mat::w0006,data/raw/source_domain/cwru_48khz_de/OR014@6_2.mat,OR,2.0,E0_baseline_logreg_fullbalance,outer_test_2,"{""C"": 1.0}",0.30997197212836847,0.12458808256496494,0.5389313953316623,0.026508549975004146,B
source::data/raw/source_domain/cwru_48khz_de/OR021@12_2.mat::w0000,data/raw/source_domain/cwru_48khz_de/OR021@12_2.mat,OR,2.0,E0_baseline_logreg_fullbalance,outer_test_2,"{""C"": 1.0}",0.7974715905760722,0.19103766599556424,0.011252947267441164,0.00023779616092241363,OR
source::data/raw/source_domain/cwru_48khz_de/OR021@12_2.mat::w0001,data/raw/source_domain/cwru_48khz_de/OR021@12_2.mat,OR,2.0,E0_baseline_logreg_fullbalance,outer_test_2,"{""C"": 1.0}",0.8030690419554918,0.17975567088808855,0.016891302293136127,0.00028398486328361493,OR
source::data/raw/source_domain/cwru_48khz_de/OR021@12_2.mat::w0002,data/raw/source_domain/cwru_48khz_de/OR021@12_2.mat,OR,2.0,E0_baseline_logreg_fullbalance,outer_test_2,"{""C"": 1.0}",0.7617232879172658,0.22152680533798358,0.01647892412294394,0.00027098262180662747,OR
source::data/raw/source_domain/cwru_48khz_de/OR021@12_2.mat::w0003,data/raw/source_domain/cwru_48khz_de/OR021@12_2.mat,OR,2.0,E0_baseline_logreg_fullbalance,outer_test_2,"{""C"": 1.0}",0.7360491774188854,0.23571203005421312,0.027990388652953932,0.00024840387394758494,OR
source::data/raw/source_domain/cwru_48khz_de/OR021@12_2.mat::w0004,data/raw/source_domain/cwru_48khz_de/OR021@12_2.mat,OR,2.0,E0_baseline_logreg_fullbalance,outer_test_2,"{""C"": 1.0}",0.7507652767990689,0.2286773059222694,0.020394356350696044,0.0001630609279657154,OR
source::data/raw/source_domain/cwru_48khz_de/OR021@12_2.mat::w0005,data/raw/source_domain/cwru_48khz_de/OR021@12_2.mat,OR,2.0,E0_baseline_logreg_fullbalance,outer_test_2,"{""C"": 1.0}",0.7314199720236835,0.24695884353738168,0.02147245269006718,0.00014873174886764306,OR
source::data/raw/source_domain/cwru_48khz_de/OR021@12_2.mat::w0006,data/raw/source_domain/cwru_48khz_de/OR021@12_2.mat,OR,2.0,E0_baseline_logreg_fullbalance,outer_test_2,"{""C"": 1.0}",0.7346907544196122,0.24833701312664902,0.01670170754931605,0.0002705249044227302,OR
source::data/raw/source_domain/cwru_48khz_de/OR021@3_2.mat::w0000,data/raw/source_domain/cwru_48khz_de/OR021@3_2.mat,OR,2.0,E0_baseline_logreg_fullbalance,outer_test_2,"{""C"": 1.0}",0.8871674652459365,0.03881214720179852,0.07323539868128057,0.0007849888709844296,OR
source::data/raw/source_domain/cwru_48khz_de/OR021@3_2.mat::w0001,data/raw/source_domain/cwru_48khz_de/OR021@3_2.mat,OR,2.0,E0_baseline_logreg_fullbalance,outer_test_2,"{""C"": 1.0}",0.9006970846193472,0.025156014078581278,0.07362100614281472,0.0005258951592568687,OR
source::data/raw/source_domain/cwru_48khz_de/OR021@3_2.mat::w0002,data/raw/source_domain/cwru_48khz_de/OR021@3_2.mat,OR,2.0,E0_baseline_logreg_fullbalance,outer_test_2,"{""C"": 1.0}",0.9174011061751278,0.02640769176179586,0.055682071066071995,0.0005091309970044103,OR
source::data/raw/source_domain/cwru_48khz_de/OR021@3_2.mat::w0003,data/raw/source_domain/cwru_48khz_de/OR021@3_2.mat,OR,2.0,E0_baseline_logreg_fullbalance,outer_test_2,"{""C"": 1.0}",0.9234763802337742,0.030834976801219934,0.045133651198257504,0.0005549917667483669,OR
source::data/raw/source_domain/cwru_48khz_de/OR021@3_2.mat::w0004,data/raw/source_domain/cwru_48khz_de/OR021@3_2.mat,OR,2.0,E0_baseline_logreg_fullbalance,outer_test_2,"{""C"": 1.0}",0.8798533458032168,0.03942338774849448,0.08001937966834179,0.0007038867799469159,OR
source::data/raw/source_domain/cwru_48khz_de/OR021@3_2.mat::w0005,data/raw/source_domain/cwru_48khz_de/OR021@3_2.mat,OR,2.0,E0_baseline_logreg_fullbalance,outer_test_2,"{""C"": 1.0}",0.8819597361097468,0.04235393963128607,0.07497344796562458,0.0007128762933425867,OR
source::data/raw/source_domain/cwru_48khz_de/OR021@3_2.mat::w0006,data/raw/source_domain/cwru_48khz_de/OR021@3_2.mat,OR,2.0,E0_baseline_logreg_fullbalance,outer_test_2,"{""C"": 1.0}",0.9093016025484609,0.040525976554134015,0.049491868583404326,0.0006805523140007232,OR
source::data/raw/source_domain/cwru_48khz_de/OR021@6_2.mat::w0000,data/raw/source_domain/cwru_48khz_de/OR021@6_2.mat,OR,2.0,E0_baseline_logreg_fullbalance,outer_test_2,"{""C"": 1.0}",0.9557321298325168,0.04024053987638471,0.003801082426938072,0.00022624786416044424,OR
source::data/raw/source_domain/cwru_48khz_de/OR021@6_2.mat::w0001,data/raw/source_domain/cwru_48khz_de/OR021@6_2.mat,OR,2.0,E0_baseline_logreg_fullbalance,outer_test_2,"{""C"": 1.0}",0.9475120911739336,0.048848497506617676,0.003493015977288101,0.0001463953421606752,OR
source::data/raw/source_domain/cwru_48khz_de/OR021@6_2.mat::w0002,data/raw/source_domain/cwru_48khz_de/OR021@6_2.mat,OR,2.0,E0_baseline_logreg_fullbalance,outer_test_2,"{""C"": 1.0}",0.9190460655548909,0.0764587398774104,0.004297673755218505,0.00019752081248009833,OR
source::data/raw/source_domain/cwru_48khz_de/OR021@6_2.mat::w0003,data/raw/source_domain/cwru_48khz_de/OR021@6_2.mat,OR,2.0,E0_baseline_logreg_fullbalance,outer_test_2,"{""C"": 1.0}",0.9160501946718944,0.08054723464661216,0.0029531584763310683,0.00044941220516227936,OR
source::data/raw/source_domain/cwru_48khz_de/OR021@6_2.mat::w0004,data/raw/source_domain/cwru_48khz_de/OR021@6_2.mat,OR,2.0,E0_baseline_logreg_fullbalance,outer_test_2,"{""C"": 1.0}",0.9136006810561853,0.08128039711333448,0.0046864703786088325,0.00043245145187151507,OR
source::data/raw/source_domain/cwru_48khz_de/OR021@6_2.mat::w0005,data/raw/source_domain/cwru_48khz_de/OR021@6_2.mat,OR,2.0,E0_baseline_logreg_fullbalance,outer_test_2,"{""C"": 1.0}",0.9111906394478247,0.0838184616020274,0.004379940109437657,0.0006109588407102197,OR
source::data/raw/source_domain/cwru_48khz_de/OR021@6_2.mat::w0006,data/raw/source_domain/cwru_48khz_de/OR021@6_2.mat,OR,2.0,E0_baseline_logreg_fullbalance,outer_test_2,"{""C"": 1.0}",0.9391103367813094,0.05741445588352355,0.003002681492016844,0.00047252584315032783,OR
source::data/raw/source_domain/cwru_48khz_normal/N_2_(1750rpm).mat::w0000,data/raw/source_domain/cwru_48khz_normal/N_2_(1750rpm).mat,N,2.0,E0_baseline_logreg_fullbalance,outer_test_2,"{""C"": 1.0}",0.0024768200880796614,0.0025413208945695197,0.004755001742520344,0.9902268572748306,N
source::data/raw/source_domain/cwru_48khz_normal/N_2_(1750rpm).mat::w0001,data/raw/source_domain/cwru_48khz_normal/N_2_(1750rpm).mat,N,2.0,E0_baseline_logreg_fullbalance,outer_test_2,"{""C"": 1.0}",0.0026974308686557474,0.0024865080277730036,0.005743824186621326,0.98907223691695,N
source::data/raw/source_domain/cwru_48khz_normal/N_2_(1750rpm).mat::w0002,data/raw/source_domain/cwru_48khz_normal/N_2_(1750rpm).mat,N,2.0,E0_baseline_logreg_fullbalance,outer_test_2,"{""C"": 1.0}",0.0018394836063045684,0.004201112150118624,0.014239636257420295,0.9797197679861565,N
source::data/raw/source_domain/cwru_48khz_normal/N_2_(1750rpm).mat::w0003,data/raw/source_domain/cwru_48khz_normal/N_2_(1750rpm).mat,N,2.0,E0_baseline_logreg_fullbalance,outer_test_2,"{""C"": 1.0}",0.001755142244018944,0.005100215002169255,0.011873120830951694,0.9812715219228602,N
source::data/raw/source_domain/cwru_48khz_normal/N_2_(1750rpm).mat::w0004,data/raw/source_domain/cwru_48khz_normal/N_2_(1750rpm).mat,N,2.0,E0_baseline_logreg_fullbalance,outer_test_2,"{""C"": 1.0}",0.0012838257746705531,0.0034326671618037405,0.0034430620390071324,0.9918404450245186,N
source::data/raw/source_domain/cwru_48khz_normal/N_2_(1750rpm).mat::w0005,data/raw/source_domain/cwru_48khz_normal/N_2_(1750rpm).mat,N,2.0,E0_baseline_logreg_fullbalance,outer_test_2,"{""C"": 1.0}",0.0019559991037516053,0.002824768397428155,0.004894564297597351,0.9903246682012228,N
source::data/raw/source_domain/cwru_48khz_normal/N_2_(1750rpm).mat::w0006,data/raw/source_domain/cwru_48khz_normal/N_2_(1750rpm).mat,N,2.0,E0_baseline_logreg_fullbalance,outer_test_2,"{""C"": 1.0}",0.0018531278130930222,0.00379692188802869,0.008226550826197386,0.9861233994726809,N
source::data/raw/source_domain/cwru_48khz_normal/N_2_(1750rpm).mat::w0007,data/raw/source_domain/cwru_48khz_normal/N_2_(1750rpm).mat,N,2.0,E0_baseline_logreg_fullbalance,outer_test_2,"{""C"": 1.0}",0.002390857364975021,0.0035284662405683726,0.010936259435305932,0.9831444169591507,N
source::data/raw/source_domain/cwru_48khz_normal/N_2_(1750rpm).mat::w0008,data/raw/source_domain/cwru_48khz_normal/N_2_(1750rpm).mat,N,2.0,E0_baseline_logreg_fullbalance,outer_test_2,"{""C"": 1.0}",0.0028200949733436756,0.0040041448483500545,0.01249494192254774,0.9806808182557586,N
source::data/raw/source_domain/cwru_48khz_normal/N_2_(1750rpm).mat::w0009,data/raw/source_domain/cwru_48khz_normal/N_2_(1750rpm).mat,N,2.0,E0_baseline_logreg_fullbalance,outer_test_2,"{""C"": 1.0}",0.001622060741680702,0.0035890016680184206,0.013379442612043225,0.9814094949782576,N
source::data/raw/source_domain/cwru_48khz_normal/N_2_(1750rpm).mat::w0010,data/raw/source_domain/cwru_48khz_normal/N_2_(1750rpm).mat,N,2.0,E0_baseline_logreg_fullbalance,outer_test_2,"{""C"": 1.0}",0.002401212673509571,0.0027370475533216553,0.004917093678970337,0.9899446460941984,N
source::data/raw/source_domain/cwru_48khz_normal/N_2_(1750rpm).mat::w0011,data/raw/source_domain/cwru_48khz_normal/N_2_(1750rpm).mat,N,2.0,E0_baseline_logreg_fullbalance,outer_test_2,"{""C"": 1.0}",0.002419213207299413,0.0031548779675311446,0.004590930480145627,0.9898349783450237,N
source::data/raw/source_domain/cwru_48khz_normal/N_2_(1750rpm).mat::w0012,data/raw/source_domain/cwru_48khz_normal/N_2_(1750rpm).mat,N,2.0,E0_baseline_logreg_fullbalance,outer_test_2,"{""C"": 1.0}",0.003292378007570008,0.0025220479838150094,0.006586223623042074,0.987599350385573,N
source::data/raw/source_domain/cwru_48khz_normal/N_2_(1750rpm).mat::w0013,data/raw/source_domain/cwru_48khz_normal/N_2_(1750rpm).mat,N,2.0,E0_baseline_logreg_fullbalance,outer_test_2,"{""C"": 1.0}",0.002532807948195995,0.00263590140451695,0.006442714379379207,0.9883885762679078,N
source::data/raw/source_domain/cwru_48khz_normal/N_2_(1750rpm).mat::w0014,data/raw/source_domain/cwru_48khz_normal/N_2_(1750rpm).mat,N,2.0,E0_baseline_logreg_fullbalance,outer_test_2,"{""C"": 1.0}",0.0019172310579199637,0.0032378569041277235,0.004782405817198594,0.9900625062207538,N
source::data/raw/source_domain/cwru_48khz_de/B007_3.mat::w0000,data/raw/source_domain/cwru_48khz_de/B007_3.mat,B,3.0,E0_baseline_logreg_fullbalance,outer_test_3,"{""C"": 10.0}",0.4494231262068731,0.0013974054521690843,0.5462413629632571,0.0029381053777007425,B
source::data/raw/source_domain/cwru_48khz_de/B007_3.mat::w0001,data/raw/source_domain/cwru_48khz_de/B007_3.mat,B,3.0,E0_baseline_logreg_fullbalance,outer_test_3,"{""C"": 10.0}",0.29061694901565766,0.0006898841066210392,0.7074156091722258,0.00127755770549551,B
source::data/raw/source_domain/cwru_48khz_de/B007_3.mat::w0002,data/raw/source_domain/cwru_48khz_de/B007_3.mat,B,3.0,E0_baseline_logreg_fullbalance,outer_test_3,"{""C"": 10.0}",0.24697309191487707,0.0003527032811514874,0.7518442898404774,0.0008299149634941802,B
source::data/raw/source_domain/cwru_48khz_de/B007_3.mat::w0003,data/raw/source_domain/cwru_48khz_de/B007_3.mat,B,3.0,E0_baseline_logreg_fullbalance,outer_test_3,"{""C"": 10.0}",0.09564880189189927,7.835312222667258e-05,0.9038204599069297,0.0004523850789442868,B
source::data/raw/source_domain/cwru_48khz_de/B007_3.mat::w0004,data/raw/source_domain/cwru_48khz_de/B007_3.mat,B,3.0,E0_baseline_logreg_fullbalance,outer_test_3,"{""C"": 10.0}",0.1331069043479367,0.0010758536128288973,0.8648659804767853,0.0009512615624492156,B
source::data/raw/source_domain/cwru_48khz_de/B007_3.mat::w0005,data/raw/source_domain/cwru_48khz_de/B007_3.mat,B,3.0,E0_baseline_logreg_fullbalance,outer_test_3,"{""C"": 10.0}",0.017381088560274482,0.000200424599085241,0.9818274595369889,0.000591027303651396,B
source::data/raw/source_domain/cwru_48khz_de/B007_3.mat::w0006,data/raw/source_domain/cwru_48khz_de/B007_3.mat,B,3.0,E0_baseline_logreg_fullbalance,outer_test_3,"{""C"": 10.0}",0.1592970580937164,0.003649881932551577,0.8339110815050934,0.0031419784686386077,B
source::data/raw/source_domain/cwru_48khz_de/B014_3.mat::w0000,data/raw/source_domain/cwru_48khz_de/B014_3.mat,B,3.0,E0_baseline_logreg_fullbalance,outer_test_3,"{""C"": 10.0}",0.006506193319932748,8.235686107330559e-05,0.993399742466062,1.1707352931820645e-05,B
source::data/raw/source_domain/cwru_48khz_de/B014_3.mat::w0001,data/raw/source_domain/cwru_48khz_de/B014_3.mat,B,3.0,E0_baseline_logreg_fullbalance,outer_test_3,"{""C"": 10.0}",0.00791516168535815,0.00042072927035856746,0.9916500663418384,1.4042702444704614e-05,B
source::data/raw/source_domain/cwru_48khz_de/B014_3.mat::w0002,data/raw/source_domain/cwru_48khz_de/B014_3.mat,B,3.0,E0_baseline_logreg_fullbalance,outer_test_3,"{""C"": 10.0}",0.004043399557945699,0.005479249772156441,0.9904545958362134,2.2754833684563786e-05,B
source::data/raw/source_domain/cwru_48khz_de/B014_3.mat::w0003,data/raw/source_domain/cwru_48khz_de/B014_3.mat,B,3.0,E0_baseline_logreg_fullbalance,outer_test_3,"{""C"": 10.0}",0.00013688916057911734,0.0004834319473097503,0.9993665425246091,1.3136367501905278e-05,B
source::data/raw/source_domain/cwru_48khz_de/B014_3.mat::w0004,data/raw/source_domain/cwru_48khz_de/B014_3.mat,B,3.0,E0_baseline_logreg_fullbalance,outer_test_3,"{""C"": 10.0}",0.006884528095320727,0.0009097389171919663,0.9921948947701993,1.0838217287965768e-05,B
source::data/raw/source_domain/cwru_48khz_de/B014_3.mat::w0005,data/raw/source_domain/cwru_48khz_de/B014_3.mat,B,3.0,E0_baseline_logreg_fullbalance,outer_test_3,"{""C"": 10.0}",0.004045406676316236,0.001223925104240822,0.9947163529978947,1.4315221548294709e-05,B
source::data/raw/source_domain/cwru_48khz_de/B014_3.mat::w0006,data/raw/source_domain/cwru_48khz_de/B014_3.mat,B,3.0,E0_baseline_logreg_fullbalance,outer_test_3,"{""C"": 10.0}",0.0007247714675382398,0.0023233975382201725,0.9968779844977086,7.384649653308423e-05,B
source::data/raw/source_domain/cwru_48khz_de/B021_3.mat::w0000,data/raw/source_domain/cwru_48khz_de/B021_3.mat,B,3.0,E0_baseline_logreg_fullbalance,outer_test_3,"{""C"": 10.0}",0.014354806362131415,0.0018171066138625803,0.9838171621415073,1.0924882498860619e-05,B
source::data/raw/source_domain/cwru_48khz_de/B021_3.mat::w0001,data/raw/source_domain/cwru_48khz_de/B021_3.mat,B,3.0,E0_baseline_logreg_fullbalance,outer_test_3,"{""C"": 10.0}",0.02364622689921127,0.00010017713191459256,0.9762480953877067,5.500581167387351e-06,B
source::data/raw/source_domain/cwru_48khz_de/B021_3.mat::w0002,data/raw/source_domain/cwru_48khz_de/B021_3.mat,B,3.0,E0_baseline_logreg_fullbalance,outer_test_3,"{""C"": 10.0}",0.04567412049951089,0.00010634032312382537,0.9542127292490271,6.809928338070784e-06,B
source::data/raw/source_domain/cwru_48khz_de/B021_3.mat::w0003,data/raw/source_domain/cwru_48khz_de/B021_3.mat,B,3.0,E0_baseline_logreg_fullbalance,outer_test_3,"{""C"": 10.0}",0.023001778793008527,0.0005037924914623894,0.9764882156133605,6.213102168509273e-06,B
source::data/raw/source_domain/cwru_48khz_de/B021_3.mat::w0004,data/raw/source_domain/cwru_48khz_de/B021_3.mat,B,3.0,E0_baseline_logreg_fullbalance,outer_test_3,"{""C"": 10.0}",0.07194547178884564,0.02112921822091023,0.9068822311538299,4.307883641420917e-05,B
source::data/raw/source_domain/cwru_48khz_de/B021_3.mat::w0005,data/raw/source_domain/cwru_48khz_de/B021_3.mat,B,3.0,E0_baseline_logreg_fullbalance,outer_test_3,"{""C"": 10.0}",0.0012625101468123527,0.16504435241419188,0.8336187145147143,7.44229242813681e-05,B
source::data/raw/source_domain/cwru_48khz_de/B021_3.mat::w0006,data/raw/source_domain/cwru_48khz_de/B021_3.mat,B,3.0,E0_baseline_logreg_fullbalance,outer_test_3,"{""C"": 10.0}",0.04035259403002816,0.0022917447076086688,0.9573375161725307,1.814508983245593e-05,B
source::data/raw/source_domain/cwru_48khz_de/IR007_3.mat::w0000,data/raw/source_domain/cwru_48khz_de/IR007_3.mat,IR,3.0,E0_baseline_logreg_fullbalance,outer_test_3,"{""C"": 10.0}",0.5889889216158254,0.34768898879211146,0.03339603547631611,0.029926054115747003,OR
source::data/raw/source_domain/cwru_48khz_de/IR007_3.mat::w0001,data/raw/source_domain/cwru_48khz_de/IR007_3.mat,IR,3.0,E0_baseline_logreg_fullbalance,outer_test_3,"{""C"": 10.0}",0.5791706349659541,0.3608061751641565,0.03292026390980749,0.027102925960082,OR
source::data/raw/source_domain/cwru_48khz_de/IR007_3.mat::w0002,data/raw/source_domain/cwru_48khz_de/IR007_3.mat,IR,3.0,E0_baseline_logreg_fullbalance,outer_test_3,"{""C"": 10.0}",0.5258743408113198,0.4044997928919287,0.03879346043073331,0.030832405866018167,OR
source::data/raw/source_domain/cwru_48khz_de/IR007_3.mat::w0003,data/raw/source_domain/cwru_48khz_de/IR007_3.mat,IR,3.0,E0_baseline_logreg_fullbalance,outer_test_3,"{""C"": 10.0}",0.49206348901389957,0.4514481565387863,0.030387136911467105,0.026101217535847033,OR
source::data/raw/source_domain/cwru_48khz_de/IR007_3.mat::w0004,data/raw/source_domain/cwru_48khz_de/IR007_3.mat,IR,3.0,E0_baseline_logreg_fullbalance,outer_test_3,"{""C"": 10.0}",0.4857425802126425,0.4485347611501014,0.03706487667749643,0.028657781959759706,OR
source::data/raw/source_domain/cwru_48khz_de/IR007_3.mat::w0005,data/raw/source_domain/cwru_48khz_de/IR007_3.mat,IR,3.0,E0_baseline_logreg_fullbalance,outer_test_3,"{""C"": 10.0}",0.5081935441180276,0.41747493596554175,0.0397570938144748,0.034574426101955796,OR
source::data/raw/source_domain/cwru_48khz_de/IR007_3.mat::w0006,data/raw/source_domain/cwru_48khz_de/IR007_3.mat,IR,3.0,E0_baseline_logreg_fullbalance,outer_test_3,"{""C"": 10.0}",0.527663020876184,0.3957715422799373,0.04366313415347415,0.032902302690404575,OR
source::data/raw/source_domain/cwru_48khz_de/IR014_3.mat::w0000,data/raw/source_domain/cwru_48khz_de/IR014_3.mat,IR,3.0,E0_baseline_logreg_fullbalance,outer_test_3,"{""C"": 10.0}",0.9999994751123724,1.5795409438738723e-19,5.156856868923404e-09,5.197307706736763e-07,OR
source::data/raw/source_domain/cwru_48khz_de/IR014_3.mat::w0001,data/raw/source_domain/cwru_48khz_de/IR014_3.mat,IR,3.0,E0_baseline_logreg_fullbalance,outer_test_3,"{""C"": 10.0}",0.03339734043712307,0.8804019114866882,0.08586534917507938,0.0003353989011093276,IR
source::data/raw/source_domain/cwru_48khz_de/IR014_3.mat::w0002,data/raw/source_domain/cwru_48khz_de/IR014_3.mat,IR,3.0,E0_baseline_logreg_fullbalance,outer_test_3,"{""C"": 10.0}",0.04196816332856213,0.7622045706044882,0.19558543363103667,0.0002418324359130043,IR
source::data/raw/source_domain/cwru_48khz_de/IR014_3.mat::w0003,data/raw/source_domain/cwru_48khz_de/IR014_3.mat,IR,3.0,E0_baseline_logreg_fullbalance,outer_test_3,"{""C"": 10.0}",0.04213052543930295,0.6752869796192906,0.282318920936319,0.0002635740050873718,IR
source::data/raw/source_domain/cwru_48khz_de/IR014_3.mat::w0004,data/raw/source_domain/cwru_48khz_de/IR014_3.mat,IR,3.0,E0_baseline_logreg_fullbalance,outer_test_3,"{""C"": 10.0}",0.03996293065343877,0.8493057442370747,0.11027167536550504,0.0004596497439814142,IR
source::data/raw/source_domain/cwru_48khz_de/IR014_3.mat::w0005,data/raw/source_domain/cwru_48khz_de/IR014_3.mat,IR,3.0,E0_baseline_logreg_fullbalance,outer_test_3,"{""C"": 10.0}",0.04352047288241597,0.798122220386654,0.15786473177401947,0.0004925749569106488,IR
source::data/raw/source_domain/cwru_48khz_de/IR014_3.mat::w0006,data/raw/source_domain/cwru_48khz_de/IR014_3.mat,IR,3.0,E0_baseline_logreg_fullbalance,outer_test_3,"{""C"": 10.0}",0.036211349323520506,0.8878461382231339,0.07568429367399782,0.00025821877934788744,IR
source::data/raw/source_domain/cwru_48khz_de/IR021_3.mat::w0000,data/raw/source_domain/cwru_48khz_de/IR021_3.mat,IR,3.0,E0_baseline_logreg_fullbalance,outer_test_3,"{""C"": 10.0}",0.030447027307129136,0.9634264853316497,0.005743621598958131,0.00038286576226329895,IR
source::data/raw/source_domain/cwru_48khz_de/IR021_3.mat::w0001,data/raw/source_domain/cwru_48khz_de/IR021_3.mat,IR,3.0,E0_baseline_logreg_fullbalance,outer_test_3,"{""C"": 10.0}",0.044679762548431784,0.9519504463995554,0.0028948709362846582,0.00047492011572808747,IR
source::data/raw/source_domain/cwru_48khz_de/IR021_3.mat::w0002,data/raw/source_domain/cwru_48khz_de/IR021_3.mat,IR,3.0,E0_baseline_logreg_fullbalance,outer_test_3,"{""C"": 10.0}",0.02313957553144947,0.971536100452068,0.00491687950734157,0.00040744450914112913,IR
source::data/raw/source_domain/cwru_48khz_de/IR021_3.mat::w0003,data/raw/source_domain/cwru_48khz_de/IR021_3.mat,IR,3.0,E0_baseline_logreg_fullbalance,outer_test_3,"{""C"": 10.0}",0.016498070475913566,0.9781885584458452,0.004934383114637303,0.00037898796360402725,IR
source::data/raw/source_domain/cwru_48khz_de/IR021_3.mat::w0004,data/raw/source_domain/cwru_48khz_de/IR021_3.mat,IR,3.0,E0_baseline_logreg_fullbalance,outer_test_3,"{""C"": 10.0}",0.008708755375083888,0.9887194696422568,0.0023406219805669993,0.00023115300209230257,IR
source::data/raw/source_domain/cwru_48khz_de/IR021_3.mat::w0005,data/raw/source_domain/cwru_48khz_de/IR021_3.mat,IR,3.0,E0_baseline_logreg_fullbalance,outer_test_3,"{""C"": 10.0}",0.010362515961620125,0.9890629076505588,0.0003932600497859298,0.00018131633803532632,IR
source::data/raw/source_domain/cwru_48khz_de/IR021_3.mat::w0006,data/raw/source_domain/cwru_48khz_de/IR021_3.mat,IR,3.0,E0_baseline_logreg_fullbalance,outer_test_3,"{""C"": 10.0}",0.018588051448316597,0.978860692703829,0.002187498656438828,0.0003637571914154045,IR
source::data/raw/source_domain/cwru_48khz_de/OR007@12_3.mat::w0000,data/raw/source_domain/cwru_48khz_de/OR007@12_3.mat,OR,3.0,E0_baseline_logreg_fullbalance,outer_test_3,"{""C"": 10.0}",0.7595069191049824,0.21195315079729754,0.0260183742452838,0.002521555852436242,OR
source::data/raw/source_domain/cwru_48khz_de/OR007@12_3.mat::w0001,data/raw/source_domain/cwru_48khz_de/OR007@12_3.mat,OR,3.0,E0_baseline_logreg_fullbalance,outer_test_3,"{""C"": 10.0}",0.8348937693243579,0.09371056067348621,0.06874649378161404,0.0026491762205419055,OR
source::data/raw/source_domain/cwru_48khz_de/OR007@12_3.mat::w0002,data/raw/source_domain/cwru_48khz_de/OR007@12_3.mat,OR,3.0,E0_baseline_logreg_fullbalance,outer_test_3,"{""C"": 10.0}",0.8442873168706443,0.07317812920968482,0.0795488105750441,0.0029857433446268144,OR
source::data/raw/source_domain/cwru_48khz_de/OR007@12_3.mat::w0003,data/raw/source_domain/cwru_48khz_de/OR007@12_3.mat,OR,3.0,E0_baseline_logreg_fullbalance,outer_test_3,"{""C"": 10.0}",0.7900433244980809,0.1561311640760491,0.050451678462492246,0.0033738329633777042,OR
source::data/raw/source_domain/cwru_48khz_de/OR007@12_3.mat::w0004,data/raw/source_domain/cwru_48khz_de/OR007@12_3.mat,OR,3.0,E0_baseline_logreg_fullbalance,outer_test_3,"{""C"": 10.0}",0.8094338447111825,0.09343899488244091,0.09398938278059348,0.0031377776257831384,OR
source::data/raw/source_domain/cwru_48khz_de/OR007@12_3.mat::w0005,data/raw/source_domain/cwru_48khz_de/OR007@12_3.mat,OR,3.0,E0_baseline_logreg_fullbalance,outer_test_3,"{""C"": 10.0}",0.8650335229426172,0.08890294441982063,0.043478844308223956,0.0025846883293383074,OR
source::data/raw/source_domain/cwru_48khz_de/OR007@12_3.mat::w0006,data/raw/source_domain/cwru_48khz_de/OR007@12_3.mat,OR,3.0,E0_baseline_logreg_fullbalance,outer_test_3,"{""C"": 10.0}",0.8098314609111718,0.11059151994831229,0.07722982370108529,0.0023471954394305773,OR
source::data/raw/source_domain/cwru_48khz_de/OR007@3_3.mat::w0000,data/raw/source_domain/cwru_48khz_de/OR007@3_3.mat,OR,3.0,E0_baseline_logreg_fullbalance,outer_test_3,"{""C"": 10.0}",0.9970423317103405,0.00249960299837998,1.966075894353036e-05,0.0004384045323359979,OR
source::data/raw/source_domain/cwru_48khz_de/OR007@3_3.mat::w0001,data/raw/source_domain/cwru_48khz_de/OR007@3_3.mat,OR,3.0,E0_baseline_logreg_fullbalance,outer_test_3,"{""C"": 10.0}",0.9956637061507474,0.003596011646899483,3.4181902423108696e-05,0.0007061002999299473,OR
source::data/raw/source_domain/cwru_48khz_de/OR007@3_3.mat::w0002,data/raw/source_domain/cwru_48khz_de/OR007@3_3.mat,OR,3.0,E0_baseline_logreg_fullbalance,outer_test_3,"{""C"": 10.0}",0.9961071116184272,0.0032580811961151553,2.122523025506958e-05,0.0006135819552024691,OR
source::data/raw/source_domain/cwru_48khz_de/OR007@3_3.mat::w0003,data/raw/source_domain/cwru_48khz_de/OR007@3_3.mat,OR,3.0,E0_baseline_logreg_fullbalance,outer_test_3,"{""C"": 10.0}",0.996798473021367,0.0026207755417161577,3.678656975853434e-05,0.000543964867158247,OR
source::data/raw/source_domain/cwru_48khz_de/OR007@3_3.mat::w0004,data/raw/source_domain/cwru_48khz_de/OR007@3_3.mat,OR,3.0,E0_baseline_logreg_fullbalance,outer_test_3,"{""C"": 10.0}",0.9975195391020099,0.002141065297345552,1.1686575044887202e-05,0.0003277090255996648,OR
source::data/raw/source_domain/cwru_48khz_de/OR007@3_3.mat::w0005,data/raw/source_domain/cwru_48khz_de/OR007@3_3.mat,OR,3.0,E0_baseline_logreg_fullbalance,outer_test_3,"{""C"": 10.0}",0.9973870158649635,0.002276589248559285,1.503401448558757e-05,0.00032136087199162433,OR
source::data/raw/source_domain/cwru_48khz_de/OR007@3_3.mat::w0006,data/raw/source_domain/cwru_48khz_de/OR007@3_3.mat,OR,3.0,E0_baseline_logreg_fullbalance,outer_test_3,"{""C"": 10.0}",0.9971324466226555,0.002458444610343926,1.652049145505058e-05,0.00039258827554543903,OR
source::data/raw/source_domain/cwru_48khz_de/OR007@6_3.mat::w0000,data/raw/source_domain/cwru_48khz_de/OR007@6_3.mat,OR,3.0,E0_baseline_logreg_fullbalance,outer_test_3,"{""C"": 10.0}",0.9998179968547743,6.100542660814578e-05,9.062571470176953e-07,0.00012009146147039578,OR
source::data/raw/source_domain/cwru_48khz_de/OR007@6_3.mat::w0001,data/raw/source_domain/cwru_48khz_de/OR007@6_3.mat,OR,3.0,E0_baseline_logreg_fullbalance,outer_test_3,"{""C"": 10.0}",0.9997428309487243,8.452000418169127e-05,1.1805182122281936e-06,0.0001714685288817626,OR
source::data/raw/source_domain/cwru_48khz_de/OR007@6_3.mat::w0002,data/raw/source_domain/cwru_48khz_de/OR007@6_3.mat,OR,3.0,E0_baseline_logreg_fullbalance,outer_test_3,"{""C"": 10.0}",0.9997825325662569,7.644184270146149e-05,1.183564100194953e-06,0.00013984202694147682,OR
source::data/raw/source_domain/cwru_48khz_de/OR007@6_3.mat::w0003,data/raw/source_domain/cwru_48khz_de/OR007@6_3.mat,OR,3.0,E0_baseline_logreg_fullbalance,outer_test_3,"{""C"": 10.0}",0.9996907469475907,8.91566925035355e-05,1.9943655961573394e-06,0.00021810199430962355,OR
source::data/raw/source_domain/cwru_48khz_de/OR007@6_3.mat::w0004,data/raw/source_domain/cwru_48khz_de/OR007@6_3.mat,OR,3.0,E0_baseline_logreg_fullbalance,outer_test_3,"{""C"": 10.0}",0.9997433286491173,8.573058750012856e-05,1.0680112991880303e-06,0.00016987275208330067,OR
source::data/raw/source_domain/cwru_48khz_de/OR007@6_3.mat::w0005,data/raw/source_domain/cwru_48khz_de/OR007@6_3.mat,OR,3.0,E0_baseline_logreg_fullbalance,outer_test_3,"{""C"": 10.0}",0.9996607861630019,9.853737415160147e-05,1.5513725072244743e-06,0.00023912509033919955,OR
source::data/raw/source_domain/cwru_48khz_de/OR007@6_3.mat::w0006,data/raw/source_domain/cwru_48khz_de/OR007@6_3.mat,OR,3.0,E0_baseline_logreg_fullbalance,outer_test_3,"{""C"": 10.0}",0.9997248942430664,9.783684680021159e-05,1.213611626104603e-06,0.00017605529850719102,OR
source::data/raw/source_domain/cwru_48khz_de/OR014@6_3.mat::w0000,data/raw/source_domain/cwru_48khz_de/OR014@6_3.mat,OR,3.0,E0_baseline_logreg_fullbalance,outer_test_3,"{""C"": 10.0}",0.22472039354272041,0.0016551892982119042,0.7722103282827922,0.0014140888762752698,B
source::data/raw/source_domain/cwru_48khz_de/OR014@6_3.mat::w0001,data/raw/source_domain/cwru_48khz_de/OR014@6_3.mat,OR,3.0,E0_baseline_logreg_fullbalance,outer_test_3,"{""C"": 10.0}",0.476797282313943,0.004826873517400612,0.5151954107539108,0.0031804334147454358,B
source::data/raw/source_domain/cwru_48khz_de/OR014@6_3.mat::w0002,data/raw/source_domain/cwru_48khz_de/OR014@6_3.mat,OR,3.0,E0_baseline_logreg_fullbalance,outer_test_3,"{""C"": 10.0}",0.33093382761742673,0.0005807795727707927,0.6671403167455731,0.0013450760642292618,B
source::data/raw/source_domain/cwru_48khz_de/OR014@6_3.mat::w0003,data/raw/source_domain/cwru_48khz_de/OR014@6_3.mat,OR,3.0,E0_baseline_logreg_fullbalance,outer_test_3,"{""C"": 10.0}",0.5026004335963663,0.0006643517084374618,0.49520830119634046,0.0015269134988557648,OR
source::data/raw/source_domain/cwru_48khz_de/OR014@6_3.mat::w0004,data/raw/source_domain/cwru_48khz_de/OR014@6_3.mat,OR,3.0,E0_baseline_logreg_fullbalance,outer_test_3,"{""C"": 10.0}",0.27520574164385764,0.0005344421574947776,0.7231199395057369,0.0011398766929106698,B
source::data/raw/source_domain/cwru_48khz_de/OR014@6_3.mat::w0005,data/raw/source_domain/cwru_48khz_de/OR014@6_3.mat,OR,3.0,E0_baseline_logreg_fullbalance,outer_test_3,"{""C"": 10.0}",0.2444578721049021,0.0012664372880865826,0.7518874077806605,0.0023882828263507433,B
source::data/raw/source_domain/cwru_48khz_de/OR014@6_3.mat::w0006,data/raw/source_domain/cwru_48khz_de/OR014@6_3.mat,OR,3.0,E0_baseline_logreg_fullbalance,outer_test_3,"{""C"": 10.0}",0.3489880325458022,0.0013422661573202518,0.6475444408740711,0.0021252604228065375,B
source::data/raw/source_domain/cwru_48khz_de/OR021@12_3.mat::w0000,data/raw/source_domain/cwru_48khz_de/OR021@12_3.mat,OR,3.0,E0_baseline_logreg_fullbalance,outer_test_3,"{""C"": 10.0}",0.9830983704063302,0.009160529536200472,0.007665519008790235,7.558104867900751e-05,OR
source::data/raw/source_domain/cwru_48khz_de/OR021@12_3.mat::w0001,data/raw/source_domain/cwru_48khz_de/OR021@12_3.mat,OR,3.0,E0_baseline_logreg_fullbalance,outer_test_3,"{""C"": 10.0}",0.9766082580761561,0.015819362756339342,0.007480592911130249,9.178625637426476e-05,OR
source::data/raw/source_domain/cwru_48khz_de/OR021@12_3.mat::w0002,data/raw/source_domain/cwru_48khz_de/OR021@12_3.mat,OR,3.0,E0_baseline_logreg_fullbalance,outer_test_3,"{""C"": 10.0}",0.9862579776077818,0.007953357355370028,0.00573623577926171,5.242925758657009e-05,OR
source::data/raw/source_domain/cwru_48khz_de/OR021@12_3.mat::w0003,data/raw/source_domain/cwru_48khz_de/OR021@12_3.mat,OR,3.0,E0_baseline_logreg_fullbalance,outer_test_3,"{""C"": 10.0}",0.9780293139094698,0.010315504771209386,0.011591238222716762,6.394309660415246e-05,OR
source::data/raw/source_domain/cwru_48khz_de/OR021@12_3.mat::w0004,data/raw/source_domain/cwru_48khz_de/OR021@12_3.mat,OR,3.0,E0_baseline_logreg_fullbalance,outer_test_3,"{""C"": 10.0}",0.9758569672094984,0.01372421890178355,0.010337171386890946,8.164250182694723e-05,OR
source::data/raw/source_domain/cwru_48khz_de/OR021@12_3.mat::w0005,data/raw/source_domain/cwru_48khz_de/OR021@12_3.mat,OR,3.0,E0_baseline_logreg_fullbalance,outer_test_3,"{""C"": 10.0}",0.9863401403037446,0.006808133619867657,0.006793341125260164,5.838495112758034e-05,OR
source::data/raw/source_domain/cwru_48khz_de/OR021@12_3.mat::w0006,data/raw/source_domain/cwru_48khz_de/OR021@12_3.mat,OR,3.0,E0_baseline_logreg_fullbalance,outer_test_3,"{""C"": 10.0}",0.9820143339130579,0.01491980010451706,0.002966217442594297,9.964853983070674e-05,OR
source::data/raw/source_domain/cwru_48khz_de/OR021@3_3.mat::w0000,data/raw/source_domain/cwru_48khz_de/OR021@3_3.mat,OR,3.0,E0_baseline_logreg_fullbalance,outer_test_3,"{""C"": 10.0}",0.9938049919097742,0.0019930404232377714,0.0041663635583761545,3.560410861171788e-05,OR
source::data/raw/source_domain/cwru_48khz_de/OR021@3_3.mat::w0001,data/raw/source_domain/cwru_48khz_de/OR021@3_3.mat,OR,3.0,E0_baseline_logreg_fullbalance,outer_test_3,"{""C"": 10.0}",0.9929247207086567,0.0016509528592040983,0.00538784712990859,3.647930223057474e-05,OR
source::data/raw/source_domain/cwru_48khz_de/OR021@3_3.mat::w0002,data/raw/source_domain/cwru_48khz_de/OR021@3_3.mat,OR,3.0,E0_baseline_logreg_fullbalance,outer_test_3,"{""C"": 10.0}",0.9955195460297054,0.002230710507631891,0.002216317441124817,3.3426021537952325e-05,OR
source::data/raw/source_domain/cwru_48khz_de/OR021@3_3.mat::w0003,data/raw/source_domain/cwru_48khz_de/OR021@3_3.mat,OR,3.0,E0_baseline_logreg_fullbalance,outer_test_3,"{""C"": 10.0}",0.9959387028460573,0.0016850095002070007,0.00235021886794059,2.6068785795119635e-05,OR
source::data/raw/source_domain/cwru_48khz_de/OR021@3_3.mat::w0004,data/raw/source_domain/cwru_48khz_de/OR021@3_3.mat,OR,3.0,E0_baseline_logreg_fullbalance,outer_test_3,"{""C"": 10.0}",0.9961265073364971,0.0009266129602680625,0.0029221809969799234,2.4698706254912113e-05,OR
source::data/raw/source_domain/cwru_48khz_de/OR021@3_3.mat::w0005,data/raw/source_domain/cwru_48khz_de/OR021@3_3.mat,OR,3.0,E0_baseline_logreg_fullbalance,outer_test_3,"{""C"": 10.0}",0.9953699561997584,0.0012506886105520024,0.003345730146150688,3.362504353883257e-05,OR
source::data/raw/source_domain/cwru_48khz_de/OR021@3_3.mat::w0006,data/raw/source_domain/cwru_48khz_de/OR021@3_3.mat,OR,3.0,E0_baseline_logreg_fullbalance,outer_test_3,"{""C"": 10.0}",0.9956454573122353,0.0010014564751493662,0.003319795359000884,3.3290853614380415e-05,OR
source::data/raw/source_domain/cwru_48khz_de/OR021@6_3.mat::w0000,data/raw/source_domain/cwru_48khz_de/OR021@6_3.mat,OR,3.0,E0_baseline_logreg_fullbalance,outer_test_3,"{""C"": 10.0}",0.992346386389191,0.00522750440409328,0.0022812985631454055,0.000144810643570292,OR
source::data/raw/source_domain/cwru_48khz_de/OR021@6_3.mat::w0001,data/raw/source_domain/cwru_48khz_de/OR021@6_3.mat,OR,3.0,E0_baseline_logreg_fullbalance,outer_test_3,"{""C"": 10.0}",0.9902454440222566,0.003495894155491144,0.006138512572058117,0.0001201492501941081,OR
source::data/raw/source_domain/cwru_48khz_de/OR021@6_3.mat::w0002,data/raw/source_domain/cwru_48khz_de/OR021@6_3.mat,OR,3.0,E0_baseline_logreg_fullbalance,outer_test_3,"{""C"": 10.0}",0.9948258912746154,0.0011108624518116452,0.003916042523645079,0.00014720374992776986,OR
source::data/raw/source_domain/cwru_48khz_de/OR021@6_3.mat::w0003,data/raw/source_domain/cwru_48khz_de/OR021@6_3.mat,OR,3.0,E0_baseline_logreg_fullbalance,outer_test_3,"{""C"": 10.0}",0.9924166040282482,0.0015370787338091986,0.005898673249093567,0.00014764398884901253,OR
source::data/raw/source_domain/cwru_48khz_de/OR021@6_3.mat::w0004,data/raw/source_domain/cwru_48khz_de/OR021@6_3.mat,OR,3.0,E0_baseline_logreg_fullbalance,outer_test_3,"{""C"": 10.0}",0.9967528082383288,0.0008828664039313161,0.0023392915031362916,2.503385460348009e-05,OR
source::data/raw/source_domain/cwru_48khz_de/OR021@6_3.mat::w0005,data/raw/source_domain/cwru_48khz_de/OR021@6_3.mat,OR,3.0,E0_baseline_logreg_fullbalance,outer_test_3,"{""C"": 10.0}",0.9971833794744741,0.00029213613123770893,0.002500000416428241,2.4483977859884777e-05,OR
source::data/raw/source_domain/cwru_48khz_de/OR021@6_3.mat::w0006,data/raw/source_domain/cwru_48khz_de/OR021@6_3.mat,OR,3.0,E0_baseline_logreg_fullbalance,outer_test_3,"{""C"": 10.0}",0.9956201720262765,0.00019250694484267974,0.0041437423091189975,4.357871976185489e-05,OR
source::data/raw/source_domain/cwru_48khz_normal/N_3.mat::w0000,data/raw/source_domain/cwru_48khz_normal/N_3.mat,N,3.0,E0_baseline_logreg_fullbalance,outer_test_3,"{""C"": 10.0}",0.0014850233317727606,9.615065230813073e-06,0.001177016612128309,0.9973283449908681,N
source::data/raw/source_domain/cwru_48khz_normal/N_3.mat::w0001,data/raw/source_domain/cwru_48khz_normal/N_3.mat,N,3.0,E0_baseline_logreg_fullbalance,outer_test_3,"{""C"": 10.0}",0.0016731793461211978,7.136591663731173e-06,0.0013946046579094188,0.9969250794043056,N
source::data/raw/source_domain/cwru_48khz_normal/N_3.mat::w0002,data/raw/source_domain/cwru_48khz_normal/N_3.mat,N,3.0,E0_baseline_logreg_fullbalance,outer_test_3,"{""C"": 10.0}",0.0023748399431675784,5.587764896347935e-06,0.0005904722856814427,0.9970291000062546,N
source::data/raw/source_domain/cwru_48khz_normal/N_3.mat::w0003,data/raw/source_domain/cwru_48khz_normal/N_3.mat,N,3.0,E0_baseline_logreg_fullbalance,outer_test_3,"{""C"": 10.0}",0.0029759232201326314,4.927600076536343e-06,0.0003700486827699372,0.9966491004970209,N
source::data/raw/source_domain/cwru_48khz_normal/N_3.mat::w0004,data/raw/source_domain/cwru_48khz_normal/N_3.mat,N,3.0,E0_baseline_logreg_fullbalance,outer_test_3,"{""C"": 10.0}",0.001469102745296636,5.276840176123591e-06,0.00030717924716680355,0.9982184411673602,N
source::data/raw/source_domain/cwru_48khz_normal/N_3.mat::w0005,data/raw/source_domain/cwru_48khz_normal/N_3.mat,N,3.0,E0_baseline_logreg_fullbalance,outer_test_3,"{""C"": 10.0}",0.004741210030160668,1.6519951982754267e-06,0.00042053477774846445,0.9948366031968925,N
source::data/raw/source_domain/cwru_48khz_normal/N_3.mat::w0006,data/raw/source_domain/cwru_48khz_normal/N_3.mat,N,3.0,E0_baseline_logreg_fullbalance,outer_test_3,"{""C"": 10.0}",0.0011544067294312192,5.987503086127784e-06,0.00119731067259507,0.9976422950948877,N
source::data/raw/source_domain/cwru_48khz_normal/N_3.mat::w0007,data/raw/source_domain/cwru_48khz_normal/N_3.mat,N,3.0,E0_baseline_logreg_fullbalance,outer_test_3,"{""C"": 10.0}",0.0018568131262170738,3.643121182193191e-06,0.0007679318963906222,0.9973716118562101,N
source::data/raw/source_domain/cwru_48khz_normal/N_3.mat::w0008,data/raw/source_domain/cwru_48khz_normal/N_3.mat,N,3.0,E0_baseline_logreg_fullbalance,outer_test_3,"{""C"": 10.0}",0.0011821060542708066,1.0582230329340519e-05,0.0016289568531766437,0.9971783548622231,N
source::data/raw/source_domain/cwru_48khz_normal/N_3.mat::w0009,data/raw/source_domain/cwru_48khz_normal/N_3.mat,N,3.0,E0_baseline_logreg_fullbalance,outer_test_3,"{""C"": 10.0}",0.0022754220126306336,3.907834181998203e-06,0.002558176953066443,0.9951624932001211,N
source::data/raw/source_domain/cwru_48khz_normal/N_3.mat::w0010,data/raw/source_domain/cwru_48khz_normal/N_3.mat,N,3.0,E0_baseline_logreg_fullbalance,outer_test_3,"{""C"": 10.0}",0.0015630936252442303,9.66379486867199e-06,0.0014208507402502387,0.9970063918396367,N
source::data/raw/source_domain/cwru_48khz_normal/N_3.mat::w0011,data/raw/source_domain/cwru_48khz_normal/N_3.mat,N,3.0,E0_baseline_logreg_fullbalance,outer_test_3,"{""C"": 10.0}",0.0020937927163097348,5.188963550434742e-06,0.0002370785848720105,0.9976639397352678,N
source::data/raw/source_domain/cwru_48khz_normal/N_3.mat::w0012,data/raw/source_domain/cwru_48khz_normal/N_3.mat,N,3.0,E0_baseline_logreg_fullbalance,outer_test_3,"{""C"": 10.0}",0.0019110623970633941,1.0379198558682776e-05,0.0019390673411973562,0.9961394910631807,N
source::data/raw/source_domain/cwru_48khz_normal/N_3.mat::w0013,data/raw/source_domain/cwru_48khz_normal/N_3.mat,N,3.0,E0_baseline_logreg_fullbalance,outer_test_3,"{""C"": 10.0}",0.005785477384541932,5.315619488797841e-06,0.0015235707632249142,0.9926856362327444,N
source::data/raw/source_domain/cwru_48khz_normal/N_3.mat::w0014,data/raw/source_domain/cwru_48khz_normal/N_3.mat,N,3.0,E0_baseline_logreg_fullbalance,outer_test_3,"{""C"": 10.0}",0.006375411580822892,4.807781522754444e-06,0.0017907541752462623,0.991829026462408,N
