window_id,independent_object_id,class_label,load_hp,base_fold,evaluation_run,role,experiment_id,config_id,p_OR,p_IR,p_B,p_N,pred_label_window
source::data/raw/source_domain/cwru_48khz_de/B007_0.mat::w0000,data/raw/source_domain/cwru_48khz_de/B007_0.mat,B,0.0,F1,R1,test,E3_mechanism_logreg,LR_0.1_none,0.5142515635570984,0.06682563350254826,0.40183712262006327,0.017085680320290078,OR
source::data/raw/source_domain/cwru_48khz_de/B007_0.mat::w0001,data/raw/source_domain/cwru_48khz_de/B007_0.mat,B,0.0,F1,R1,test,E3_mechanism_logreg,LR_0.1_none,0.32370735050781435,0.04309228522031955,0.6119727127495708,0.021227651522295318,B
source::data/raw/source_domain/cwru_48khz_de/B007_0.mat::w0002,data/raw/source_domain/cwru_48khz_de/B007_0.mat,B,0.0,F1,R1,test,E3_mechanism_logreg,LR_0.1_none,0.49476877006125336,0.051953265475766834,0.43179031102138055,0.02148765344159942,OR
source::data/raw/source_domain/cwru_48khz_de/B007_0.mat::w0003,data/raw/source_domain/cwru_48khz_de/B007_0.mat,B,0.0,F1,R1,test,E3_mechanism_logreg,LR_0.1_none,0.5352838351951408,0.06847378048090749,0.374160985995041,0.02208139832891075,OR
source::data/raw/source_domain/cwru_48khz_de/B007_0.mat::w0004,data/raw/source_domain/cwru_48khz_de/B007_0.mat,B,0.0,F1,R1,test,E3_mechanism_logreg,LR_0.1_none,0.4590702150520944,0.033256305839169074,0.4836462263991253,0.024027252709611195,B
source::data/raw/source_domain/cwru_48khz_de/B007_0.mat::w0005,data/raw/source_domain/cwru_48khz_de/B007_0.mat,B,0.0,F1,R1,test,E3_mechanism_logreg,LR_0.1_none,0.2606835906076577,0.02118509231922648,0.6993502920790275,0.018781024994088198,B
source::data/raw/source_domain/cwru_48khz_de/B007_0.mat::w0006,data/raw/source_domain/cwru_48khz_de/B007_0.mat,B,0.0,F1,R1,test,E3_mechanism_logreg,LR_0.1_none,0.3238903073815869,0.03816643794002156,0.6168855425756342,0.021057712102757333,B
source::data/raw/source_domain/cwru_48khz_de/B014_1.mat::w0000,data/raw/source_domain/cwru_48khz_de/B014_1.mat,B,1.0,F1,R1,test,E3_mechanism_logreg,LR_0.1_none,0.03980908590334767,0.01866496332018925,0.9387246273649547,0.0028013234115084064,B
source::data/raw/source_domain/cwru_48khz_de/B014_1.mat::w0001,data/raw/source_domain/cwru_48khz_de/B014_1.mat,B,1.0,F1,R1,test,E3_mechanism_logreg,LR_0.1_none,0.08703794186532504,0.01206093121733214,0.8977079991739891,0.003193127743353681,B
source::data/raw/source_domain/cwru_48khz_de/B014_1.mat::w0002,data/raw/source_domain/cwru_48khz_de/B014_1.mat,B,1.0,F1,R1,test,E3_mechanism_logreg,LR_0.1_none,0.044921220913657224,0.013074408220834905,0.9367285486871809,0.005275822178326904,B
source::data/raw/source_domain/cwru_48khz_de/B014_1.mat::w0003,data/raw/source_domain/cwru_48khz_de/B014_1.mat,B,1.0,F1,R1,test,E3_mechanism_logreg,LR_0.1_none,0.04925220611194912,0.018014107338241023,0.9111276457291835,0.021606040820626476,B
source::data/raw/source_domain/cwru_48khz_de/B014_1.mat::w0004,data/raw/source_domain/cwru_48khz_de/B014_1.mat,B,1.0,F1,R1,test,E3_mechanism_logreg,LR_0.1_none,0.16467263531429158,0.011582474706046264,0.7969320034597889,0.026812886519873267,B
source::data/raw/source_domain/cwru_48khz_de/B014_1.mat::w0005,data/raw/source_domain/cwru_48khz_de/B014_1.mat,B,1.0,F1,R1,test,E3_mechanism_logreg,LR_0.1_none,0.18100197090357356,0.06778711776033745,0.7171313591098027,0.03407955222628627,B
source::data/raw/source_domain/cwru_48khz_de/B014_1.mat::w0006,data/raw/source_domain/cwru_48khz_de/B014_1.mat,B,1.0,F1,R1,test,E3_mechanism_logreg,LR_0.1_none,0.020147199675410073,0.0045233856557527164,0.972593070225549,0.0027363444432881596,B
source::data/raw/source_domain/cwru_48khz_de/B021_2.mat::w0000,data/raw/source_domain/cwru_48khz_de/B021_2.mat,B,2.0,F1,R1,test,E3_mechanism_logreg,LR_0.1_none,0.2914589841509456,0.05864161608994011,0.648649367244866,0.0012500325142483957,B
source::data/raw/source_domain/cwru_48khz_de/B021_2.mat::w0001,data/raw/source_domain/cwru_48khz_de/B021_2.mat,B,2.0,F1,R1,test,E3_mechanism_logreg,LR_0.1_none,0.41001633545549687,0.010983524697164392,0.578110779142956,0.0008893607043826969,B
source::data/raw/source_domain/cwru_48khz_de/B021_2.mat::w0002,data/raw/source_domain/cwru_48khz_de/B021_2.mat,B,2.0,F1,R1,test,E3_mechanism_logreg,LR_0.1_none,0.6434177320508984,0.025787208948636987,0.32990824098698174,0.0008868180134829014,OR
source::data/raw/source_domain/cwru_48khz_de/B021_2.mat::w0003,data/raw/source_domain/cwru_48khz_de/B021_2.mat,B,2.0,F1,R1,test,E3_mechanism_logreg,LR_0.1_none,0.09038702641718885,0.23002772190475126,0.6788216909567248,0.0007635607213350023,B
source::data/raw/source_domain/cwru_48khz_de/B021_2.mat::w0004,data/raw/source_domain/cwru_48khz_de/B021_2.mat,B,2.0,F1,R1,test,E3_mechanism_logreg,LR_0.1_none,0.5244359949803173,0.0011431778527074424,0.4740123305391519,0.0004084966278232962,OR
source::data/raw/source_domain/cwru_48khz_de/B021_2.mat::w0005,data/raw/source_domain/cwru_48khz_de/B021_2.mat,B,2.0,F1,R1,test,E3_mechanism_logreg,LR_0.1_none,0.3334865164127595,0.06171660543263147,0.6033226320132072,0.0014742461414018273,B
source::data/raw/source_domain/cwru_48khz_de/B021_2.mat::w0006,data/raw/source_domain/cwru_48khz_de/B021_2.mat,B,2.0,F1,R1,test,E3_mechanism_logreg,LR_0.1_none,0.25351854710176014,0.0245574475645435,0.7210009374261247,0.0009230679075716538,B
source::data/raw/source_domain/cwru_48khz_de/IR007_1.mat::w0000,data/raw/source_domain/cwru_48khz_de/IR007_1.mat,IR,1.0,F1,R1,test,E3_mechanism_logreg,LR_0.1_none,0.0026793708453445725,0.9905962926833058,0.0046301045031817345,0.0020942319681678282,IR
source::data/raw/source_domain/cwru_48khz_de/IR007_1.mat::w0001,data/raw/source_domain/cwru_48khz_de/IR007_1.mat,IR,1.0,F1,R1,test,E3_mechanism_logreg,LR_0.1_none,0.004777635827157994,0.9848822104439716,0.007090681345611867,0.003249472383258655,IR
source::data/raw/source_domain/cwru_48khz_de/IR007_1.mat::w0002,data/raw/source_domain/cwru_48khz_de/IR007_1.mat,IR,1.0,F1,R1,test,E3_mechanism_logreg,LR_0.1_none,0.005352950862451051,0.9838927989683068,0.00726454661730863,0.0034897035519335837,IR
source::data/raw/source_domain/cwru_48khz_de/IR007_1.mat::w0003,data/raw/source_domain/cwru_48khz_de/IR007_1.mat,IR,1.0,F1,R1,test,E3_mechanism_logreg,LR_0.1_none,0.001417289589530483,0.9951710483832649,0.002074374368914702,0.0013372876582899687,IR
source::data/raw/source_domain/cwru_48khz_de/IR007_1.mat::w0004,data/raw/source_domain/cwru_48khz_de/IR007_1.mat,IR,1.0,F1,R1,test,E3_mechanism_logreg,LR_0.1_none,0.004496841183538004,0.9880437765432925,0.004494989970475306,0.0029643923026943233,IR
source::data/raw/source_domain/cwru_48khz_de/IR007_1.mat::w0005,data/raw/source_domain/cwru_48khz_de/IR007_1.mat,IR,1.0,F1,R1,test,E3_mechanism_logreg,LR_0.1_none,0.008362299680346427,0.9783069050805936,0.00886390492138867,0.004466890317671309,IR
source::data/raw/source_domain/cwru_48khz_de/IR007_1.mat::w0006,data/raw/source_domain/cwru_48khz_de/IR007_1.mat,IR,1.0,F1,R1,test,E3_mechanism_logreg,LR_0.1_none,0.003878331255469628,0.9883839180568599,0.005022945767174951,0.002714804920495495,IR
source::data/raw/source_domain/cwru_48khz_de/IR014_2.mat::w0000,data/raw/source_domain/cwru_48khz_de/IR014_2.mat,IR,2.0,F1,R1,test,E3_mechanism_logreg,LR_0.1_none,0.23795243959800585,0.7158483853469942,0.04504791375489501,0.0011512613001048266,IR
source::data/raw/source_domain/cwru_48khz_de/IR014_2.mat::w0001,data/raw/source_domain/cwru_48khz_de/IR014_2.mat,IR,2.0,F1,R1,test,E3_mechanism_logreg,LR_0.1_none,0.18032559375526191,0.7850980622665722,0.03371544032819364,0.0008609036499721787,IR
source::data/raw/source_domain/cwru_48khz_de/IR014_2.mat::w0002,data/raw/source_domain/cwru_48khz_de/IR014_2.mat,IR,2.0,F1,R1,test,E3_mechanism_logreg,LR_0.1_none,0.19957668024433384,0.7296501998726173,0.06977047884891592,0.0010026410341330391,IR
source::data/raw/source_domain/cwru_48khz_de/IR014_2.mat::w0003,data/raw/source_domain/cwru_48khz_de/IR014_2.mat,IR,2.0,F1,R1,test,E3_mechanism_logreg,LR_0.1_none,0.21488146073327233,0.7104746012946567,0.07375639316653351,0.0008875448055377306,IR
source::data/raw/source_domain/cwru_48khz_de/IR014_2.mat::w0004,data/raw/source_domain/cwru_48khz_de/IR014_2.mat,IR,2.0,F1,R1,test,E3_mechanism_logreg,LR_0.1_none,0.1879612199785329,0.7710032806345154,0.04004807220390261,0.0009874271830492456,IR
source::data/raw/source_domain/cwru_48khz_de/IR014_2.mat::w0005,data/raw/source_domain/cwru_48khz_de/IR014_2.mat,IR,2.0,F1,R1,test,E3_mechanism_logreg,LR_0.1_none,0.20259801227854615,0.7588968562986641,0.037102604359980286,0.0014025270628096834,IR
source::data/raw/source_domain/cwru_48khz_de/IR014_2.mat::w0006,data/raw/source_domain/cwru_48khz_de/IR014_2.mat,IR,2.0,F1,R1,test,E3_mechanism_logreg,LR_0.1_none,0.2303952838239319,0.7296815716334716,0.038826606911936304,0.001096537630660151,IR
source::data/raw/source_domain/cwru_48khz_de/IR021_3.mat::w0000,data/raw/source_domain/cwru_48khz_de/IR021_3.mat,IR,3.0,F1,R1,test,E3_mechanism_logreg,LR_0.1_none,0.20043789634011627,0.7699969998563989,0.027548081781247513,0.002017022022237278,IR
source::data/raw/source_domain/cwru_48khz_de/IR021_3.mat::w0001,data/raw/source_domain/cwru_48khz_de/IR021_3.mat,IR,3.0,F1,R1,test,E3_mechanism_logreg,LR_0.1_none,0.2090144480660657,0.7738563871249342,0.015374968999629007,0.0017541958093711628,IR
source::data/raw/source_domain/cwru_48khz_de/IR021_3.mat::w0002,data/raw/source_domain/cwru_48khz_de/IR021_3.mat,IR,3.0,F1,R1,test,E3_mechanism_logreg,LR_0.1_none,0.19846388057821376,0.7688078640932776,0.03053906119960115,0.002189194128907431,IR
source::data/raw/source_domain/cwru_48khz_de/IR021_3.mat::w0003,data/raw/source_domain/cwru_48khz_de/IR021_3.mat,IR,3.0,F1,R1,test,E3_mechanism_logreg,LR_0.1_none,0.16291975287581786,0.8132263609938417,0.022056457942264403,0.0017974281880761586,IR
source::data/raw/source_domain/cwru_48khz_de/IR021_3.mat::w0004,data/raw/source_domain/cwru_48khz_de/IR021_3.mat,IR,3.0,F1,R1,test,E3_mechanism_logreg,LR_0.1_none,0.17081075629834164,0.7977221638117845,0.029372880370902167,0.0020941995189717433,IR
source::data/raw/source_domain/cwru_48khz_de/IR021_3.mat::w0005,data/raw/source_domain/cwru_48khz_de/IR021_3.mat,IR,3.0,F1,R1,test,E3_mechanism_logreg,LR_0.1_none,0.14294354352745972,0.8494594938627504,0.00640650295941115,0.001190459650378851,IR
source::data/raw/source_domain/cwru_48khz_de/IR021_3.mat::w0006,data/raw/source_domain/cwru_48khz_de/IR021_3.mat,IR,3.0,F1,R1,test,E3_mechanism_logreg,LR_0.1_none,0.17302473366763338,0.810088225357564,0.015197842071938944,0.001689198902863803,IR
source::data/raw/source_domain/cwru_48khz_de/OR007@12_2.mat::w0000,data/raw/source_domain/cwru_48khz_de/OR007@12_2.mat,OR,2.0,F1,R1,test,E3_mechanism_logreg,LR_0.1_none,0.6385218097092568,0.3102507539837493,0.04737787433721166,0.0038495619697822866,OR
source::data/raw/source_domain/cwru_48khz_de/OR007@12_2.mat::w0001,data/raw/source_domain/cwru_48khz_de/OR007@12_2.mat,OR,2.0,F1,R1,test,E3_mechanism_logreg,LR_0.1_none,0.7456923431478157,0.19288749192846588,0.057164979559838104,0.004255185363880248,OR
source::data/raw/source_domain/cwru_48khz_de/OR007@12_2.mat::w0002,data/raw/source_domain/cwru_48khz_de/OR007@12_2.mat,OR,2.0,F1,R1,test,E3_mechanism_logreg,LR_0.1_none,0.6582878022879938,0.284995364272001,0.05269813302450924,0.004018700415496093,OR
source::data/raw/source_domain/cwru_48khz_de/OR007@12_2.mat::w0003,data/raw/source_domain/cwru_48khz_de/OR007@12_2.mat,OR,2.0,F1,R1,test,E3_mechanism_logreg,LR_0.1_none,0.6269318009296088,0.31086223702439303,0.057794998141861384,0.00441096390413693,OR
source::data/raw/source_domain/cwru_48khz_de/OR007@12_2.mat::w0004,data/raw/source_domain/cwru_48khz_de/OR007@12_2.mat,OR,2.0,F1,R1,test,E3_mechanism_logreg,LR_0.1_none,0.6395441458681075,0.31064863936707876,0.04567526050883073,0.00413195425598303,OR
source::data/raw/source_domain/cwru_48khz_de/OR007@12_2.mat::w0005,data/raw/source_domain/cwru_48khz_de/OR007@12_2.mat,OR,2.0,F1,R1,test,E3_mechanism_logreg,LR_0.1_none,0.6317253508931276,0.30253548702666483,0.06109206734018117,0.004647094740026309,OR
source::data/raw/source_domain/cwru_48khz_de/OR007@12_2.mat::w0006,data/raw/source_domain/cwru_48khz_de/OR007@12_2.mat,OR,2.0,F1,R1,test,E3_mechanism_logreg,LR_0.1_none,0.7136535600458712,0.2140877883996725,0.06773886185796617,0.004519789696490063,OR
source::data/raw/source_domain/cwru_48khz_de/OR007@3_0.mat::w0000,data/raw/source_domain/cwru_48khz_de/OR007@3_0.mat,OR,0.0,F1,R1,test,E3_mechanism_logreg,LR_0.1_none,0.9366185922723751,0.050801244693521416,0.00850080969198074,0.004079353342122729,OR
source::data/raw/source_domain/cwru_48khz_de/OR007@3_0.mat::w0001,data/raw/source_domain/cwru_48khz_de/OR007@3_0.mat,OR,0.0,F1,R1,test,E3_mechanism_logreg,LR_0.1_none,0.8421221531467288,0.15137170734229707,0.0031984246752020636,0.003307714835772084,OR
source::data/raw/source_domain/cwru_48khz_de/OR007@3_0.mat::w0002,data/raw/source_domain/cwru_48khz_de/OR007@3_0.mat,OR,0.0,F1,R1,test,E3_mechanism_logreg,LR_0.1_none,0.7999889084428248,0.19677585673456943,0.0010336645145439802,0.0022015703080617397,OR
source::data/raw/source_domain/cwru_48khz_de/OR007@3_0.mat::w0003,data/raw/source_domain/cwru_48khz_de/OR007@3_0.mat,OR,0.0,F1,R1,test,E3_mechanism_logreg,LR_0.1_none,0.4036847808163104,0.5947381037128645,0.00023366419602033797,0.0013434512748047031,IR
source::data/raw/source_domain/cwru_48khz_de/OR007@6_1.mat::w0000,data/raw/source_domain/cwru_48khz_de/OR007@6_1.mat,OR,1.0,F1,R1,test,E3_mechanism_logreg,LR_0.1_none,0.9999765003117348,3.510784596545059e-07,1.955643864254261e-05,3.592171163083949e-06,OR
source::data/raw/source_domain/cwru_48khz_de/OR007@6_1.mat::w0001,data/raw/source_domain/cwru_48khz_de/OR007@6_1.mat,OR,1.0,F1,R1,test,E3_mechanism_logreg,LR_0.1_none,0.9999254893785765,3.8770439803899947e-05,2.1993927516197748e-05,1.3746254103325085e-05,OR
source::data/raw/source_domain/cwru_48khz_de/OR007@6_1.mat::w0002,data/raw/source_domain/cwru_48khz_de/OR007@6_1.mat,OR,1.0,F1,R1,test,E3_mechanism_logreg,LR_0.1_none,0.9998916081895569,7.812788119760561e-05,1.5971013083139654e-05,1.4292916162212432e-05,OR
source::data/raw/source_domain/cwru_48khz_de/OR007@6_1.mat::w0003,data/raw/source_domain/cwru_48khz_de/OR007@6_1.mat,OR,1.0,F1,R1,test,E3_mechanism_logreg,LR_0.1_none,0.9998616521989351,0.00011344772714352782,1.0519340726406147e-05,1.4380733195047029e-05,OR
source::data/raw/source_domain/cwru_48khz_de/OR007@6_1.mat::w0004,data/raw/source_domain/cwru_48khz_de/OR007@6_1.mat,OR,1.0,F1,R1,test,E3_mechanism_logreg,LR_0.1_none,0.9999393796081784,2.5886621193320963e-05,2.237708371780829e-05,1.2356686910632467e-05,OR
source::data/raw/source_domain/cwru_48khz_de/OR007@6_1.mat::w0005,data/raw/source_domain/cwru_48khz_de/OR007@6_1.mat,OR,1.0,F1,R1,test,E3_mechanism_logreg,LR_0.1_none,0.9999743250958196,2.5312715117294583e-06,1.7323807740560175e-05,5.819824928189477e-06,OR
source::data/raw/source_domain/cwru_48khz_de/OR007@6_1.mat::w0006,data/raw/source_domain/cwru_48khz_de/OR007@6_1.mat,OR,1.0,F1,R1,test,E3_mechanism_logreg,LR_0.1_none,0.9998837447220256,6.544053986503669e-05,3.226793947776329e-05,1.8546798631609278e-05,OR
source::data/raw/source_domain/cwru_48khz_de/OR014@6_3.mat::w0000,data/raw/source_domain/cwru_48khz_de/OR014@6_3.mat,OR,3.0,F1,R1,test,E3_mechanism_logreg,LR_0.1_none,0.3046874792932059,0.043274418969557644,0.6394976477794849,0.012540453957751618,B
source::data/raw/source_domain/cwru_48khz_de/OR014@6_3.mat::w0001,data/raw/source_domain/cwru_48khz_de/OR014@6_3.mat,OR,3.0,F1,R1,test,E3_mechanism_logreg,LR_0.1_none,0.42837516732086167,0.08138052134967118,0.4783922241402608,0.011852087189206401,B
source::data/raw/source_domain/cwru_48khz_de/OR014@6_3.mat::w0002,data/raw/source_domain/cwru_48khz_de/OR014@6_3.mat,OR,3.0,F1,R1,test,E3_mechanism_logreg,LR_0.1_none,0.3216222370507405,0.01741153368977835,0.6507404076203491,0.010225821639132037,B
source::data/raw/source_domain/cwru_48khz_de/OR014@6_3.mat::w0003,data/raw/source_domain/cwru_48khz_de/OR014@6_3.mat,OR,3.0,F1,R1,test,E3_mechanism_logreg,LR_0.1_none,0.34497269611645015,0.018637236237867984,0.6266092387311876,0.009780828914494404,B
source::data/raw/source_domain/cwru_48khz_de/OR014@6_3.mat::w0004,data/raw/source_domain/cwru_48khz_de/OR014@6_3.mat,OR,3.0,F1,R1,test,E3_mechanism_logreg,LR_0.1_none,0.3833618907762612,0.06425458050617962,0.5407468736435137,0.011636655074045509,B
source::data/raw/source_domain/cwru_48khz_de/OR014@6_3.mat::w0005,data/raw/source_domain/cwru_48khz_de/OR014@6_3.mat,OR,3.0,F1,R1,test,E3_mechanism_logreg,LR_0.1_none,0.35137960790097006,0.09171212230624219,0.5418018098689857,0.015106459923802069,B
source::data/raw/source_domain/cwru_48khz_de/OR014@6_3.mat::w0006,data/raw/source_domain/cwru_48khz_de/OR014@6_3.mat,OR,3.0,F1,R1,test,E3_mechanism_logreg,LR_0.1_none,0.36675662661512204,0.028813540552071144,0.5926322768922526,0.011797555940554129,B
source::data/raw/source_domain/cwru_48khz_de/OR021@12_3.mat::w0000,data/raw/source_domain/cwru_48khz_de/OR021@12_3.mat,OR,3.0,F1,R1,test,E3_mechanism_logreg,LR_0.1_none,0.8943115271200833,0.08131958773118175,0.023698357014314556,0.0006705281344202687,OR
source::data/raw/source_domain/cwru_48khz_de/OR021@12_3.mat::w0001,data/raw/source_domain/cwru_48khz_de/OR021@12_3.mat,OR,3.0,F1,R1,test,E3_mechanism_logreg,LR_0.1_none,0.8404450277219826,0.13063601820910845,0.028041414978855386,0.0008775390900535553,OR
source::data/raw/source_domain/cwru_48khz_de/OR021@12_3.mat::w0002,data/raw/source_domain/cwru_48khz_de/OR021@12_3.mat,OR,3.0,F1,R1,test,E3_mechanism_logreg,LR_0.1_none,0.8900297403993652,0.0860669848471294,0.023242872743396124,0.0006604020101092857,OR
source::data/raw/source_domain/cwru_48khz_de/OR021@12_3.mat::w0003,data/raw/source_domain/cwru_48khz_de/OR021@12_3.mat,OR,3.0,F1,R1,test,E3_mechanism_logreg,LR_0.1_none,0.8116180107289497,0.1531543422265742,0.03447265675287984,0.0007549902915961484,OR
source::data/raw/source_domain/cwru_48khz_de/OR021@12_3.mat::w0004,data/raw/source_domain/cwru_48khz_de/OR021@12_3.mat,OR,3.0,F1,R1,test,E3_mechanism_logreg,LR_0.1_none,0.828765391404657,0.13068298159083894,0.03966114866896026,0.0008904783355438579,OR
source::data/raw/source_domain/cwru_48khz_de/OR021@12_3.mat::w0005,data/raw/source_domain/cwru_48khz_de/OR021@12_3.mat,OR,3.0,F1,R1,test,E3_mechanism_logreg,LR_0.1_none,0.8160046485086088,0.1559145915020594,0.027280707655703104,0.0008000523336286512,OR
source::data/raw/source_domain/cwru_48khz_de/OR021@12_3.mat::w0006,data/raw/source_domain/cwru_48khz_de/OR021@12_3.mat,OR,3.0,F1,R1,test,E3_mechanism_logreg,LR_0.1_none,0.830004612157628,0.14639627695574223,0.022683674215727364,0.0009154366709024645,OR
source::data/raw/source_domain/cwru_48khz_de/OR021@3_1.mat::w0000,data/raw/source_domain/cwru_48khz_de/OR021@3_1.mat,OR,1.0,F1,R1,test,E3_mechanism_logreg,LR_0.1_none,0.9400544181793812,0.015271652400338306,0.04360615170379756,0.0010677777164829606,OR
source::data/raw/source_domain/cwru_48khz_de/OR021@3_1.mat::w0001,data/raw/source_domain/cwru_48khz_de/OR021@3_1.mat,OR,1.0,F1,R1,test,E3_mechanism_logreg,LR_0.1_none,0.9762268841589545,6.929077071758252e-05,0.02349895334160742,0.000204871728720505,OR
source::data/raw/source_domain/cwru_48khz_de/OR021@3_1.mat::w0002,data/raw/source_domain/cwru_48khz_de/OR021@3_1.mat,OR,1.0,F1,R1,test,E3_mechanism_logreg,LR_0.1_none,0.9710403041787881,0.00027655689778217164,0.028355629700056433,0.00032750922337335207,OR
source::data/raw/source_domain/cwru_48khz_de/OR021@3_1.mat::w0003,data/raw/source_domain/cwru_48khz_de/OR021@3_1.mat,OR,1.0,F1,R1,test,E3_mechanism_logreg,LR_0.1_none,0.976903305783892,0.0034988321815255137,0.018992753088752878,0.0006051089458295691,OR
source::data/raw/source_domain/cwru_48khz_de/OR021@3_1.mat::w0004,data/raw/source_domain/cwru_48khz_de/OR021@3_1.mat,OR,1.0,F1,R1,test,E3_mechanism_logreg,LR_0.1_none,0.9686441435008315,0.005275484995517491,0.025264187970364484,0.0008161835332863978,OR
source::data/raw/source_domain/cwru_48khz_de/OR021@3_1.mat::w0005,data/raw/source_domain/cwru_48khz_de/OR021@3_1.mat,OR,1.0,F1,R1,test,E3_mechanism_logreg,LR_0.1_none,0.9370163209343015,0.025934639314864852,0.03580395461355794,0.0012450851372755641,OR
source::data/raw/source_domain/cwru_48khz_de/OR021@3_1.mat::w0006,data/raw/source_domain/cwru_48khz_de/OR021@3_1.mat,OR,1.0,F1,R1,test,E3_mechanism_logreg,LR_0.1_none,0.9224927683495479,0.04520699301588056,0.03100360931096352,0.001296629323608062,OR
source::data/raw/source_domain/cwru_48khz_de/OR021@6_2.mat::w0000,data/raw/source_domain/cwru_48khz_de/OR021@6_2.mat,OR,2.0,F1,R1,test,E3_mechanism_logreg,LR_0.1_none,0.9636041730864008,0.03424221477609786,0.001821618927339224,0.0003319932101620456,OR
source::data/raw/source_domain/cwru_48khz_de/OR021@6_2.mat::w0001,data/raw/source_domain/cwru_48khz_de/OR021@6_2.mat,OR,2.0,F1,R1,test,E3_mechanism_logreg,LR_0.1_none,0.9571248555077685,0.04108876276364982,0.0015343646677549174,0.000252017060826893,OR
source::data/raw/source_domain/cwru_48khz_de/OR021@6_2.mat::w0002,data/raw/source_domain/cwru_48khz_de/OR021@6_2.mat,OR,2.0,F1,R1,test,E3_mechanism_logreg,LR_0.1_none,0.9495095793729234,0.04867960569375028,0.0014958908113744094,0.0003149241219520107,OR
source::data/raw/source_domain/cwru_48khz_de/OR021@6_2.mat::w0003,data/raw/source_domain/cwru_48khz_de/OR021@6_2.mat,OR,2.0,F1,R1,test,E3_mechanism_logreg,LR_0.1_none,0.935346585754633,0.0628663028397223,0.0013401985269456134,0.0004469128786989861,OR
source::data/raw/source_domain/cwru_48khz_de/OR021@6_2.mat::w0004,data/raw/source_domain/cwru_48khz_de/OR021@6_2.mat,OR,2.0,F1,R1,test,E3_mechanism_logreg,LR_0.1_none,0.9416504932143994,0.055020693282384986,0.0027505903998734657,0.0005782231033420304,OR
source::data/raw/source_domain/cwru_48khz_de/OR021@6_2.mat::w0005,data/raw/source_domain/cwru_48khz_de/OR021@6_2.mat,OR,2.0,F1,R1,test,E3_mechanism_logreg,LR_0.1_none,0.9246106691537228,0.07201358315159637,0.0026366047625856477,0.0007391429320952318,OR
source::data/raw/source_domain/cwru_48khz_de/OR021@6_2.mat::w0006,data/raw/source_domain/cwru_48khz_de/OR021@6_2.mat,OR,2.0,F1,R1,test,E3_mechanism_logreg,LR_0.1_none,0.949290493123911,0.04883234636887671,0.0013820452251559763,0.0004951152820564084,OR
source::data/raw/source_domain/cwru_48khz_normal/N_0.mat::w0000,data/raw/source_domain/cwru_48khz_normal/N_0.mat,N,0.0,F1,R1,test,E3_mechanism_logreg,LR_0.1_none,0.8639397247000151,0.07555078122871406,0.001453703911442361,0.05905579015982842,OR
source::data/raw/source_domain/cwru_48khz_normal/N_0.mat::w0001,data/raw/source_domain/cwru_48khz_normal/N_0.mat,N,0.0,F1,R1,test,E3_mechanism_logreg,LR_0.1_none,0.6161159501447886,0.2842257913727487,0.005291593632457902,0.09436666485000482,OR
source::data/raw/source_domain/cwru_48khz_normal/N_0.mat::w0002,data/raw/source_domain/cwru_48khz_normal/N_0.mat,N,0.0,F1,R1,test,E3_mechanism_logreg,LR_0.1_none,0.7247718524569485,0.21112881124932398,0.0019361407408586629,0.06216319555286872,OR
source::data/raw/source_domain/cwru_48khz_normal/N_0.mat::w0003,data/raw/source_domain/cwru_48khz_normal/N_0.mat,N,0.0,F1,R1,test,E3_mechanism_logreg,LR_0.1_none,0.7163438401924712,0.14387537119124372,0.013943229116794806,0.12583755949949024,OR
source::data/raw/source_domain/cwru_48khz_normal/N_0.mat::w0004,data/raw/source_domain/cwru_48khz_normal/N_0.mat,N,0.0,F1,R1,test,E3_mechanism_logreg,LR_0.1_none,0.7168909542889936,0.17052539323932878,0.0054991610240250404,0.1070844914476525,OR
source::data/raw/source_domain/cwru_48khz_normal/N_0.mat::w0005,data/raw/source_domain/cwru_48khz_normal/N_0.mat,N,0.0,F1,R1,test,E3_mechanism_logreg,LR_0.1_none,0.5381503791503889,0.3279638605318589,0.007504296627387592,0.12638146369036454,OR
source::data/raw/source_domain/cwru_48khz_normal/N_0.mat::w0006,data/raw/source_domain/cwru_48khz_normal/N_0.mat,N,0.0,F1,R1,test,E3_mechanism_logreg,LR_0.1_none,0.7233640640523847,0.16408006918152718,0.004689554003594768,0.10786631276249324,OR
source::data/raw/source_domain/cwru_48khz_normal/N_0.mat::w0007,data/raw/source_domain/cwru_48khz_normal/N_0.mat,N,0.0,F1,R1,test,E3_mechanism_logreg,LR_0.1_none,0.7349715208015289,0.1857157021532246,0.002039342415006423,0.07727343463024007,OR
source::data/raw/source_domain/cwru_48khz_normal/N_0.mat::w0008,data/raw/source_domain/cwru_48khz_normal/N_0.mat,N,0.0,F1,R1,test,E3_mechanism_logreg,LR_0.1_none,0.6748942339839076,0.24393565709573342,0.0036631840472607213,0.07750692487309827,OR
source::data/raw/source_domain/cwru_48khz_de/B007_1.mat::w0000,data/raw/source_domain/cwru_48khz_de/B007_1.mat,B,1.0,F2,R2,test,E3_mechanism_logreg,LR_1_none,0.09803922788767985,0.0008736409303395839,0.8982480679320737,0.002839063249906808,B
source::data/raw/source_domain/cwru_48khz_de/B007_1.mat::w0001,data/raw/source_domain/cwru_48khz_de/B007_1.mat,B,1.0,F2,R2,test,E3_mechanism_logreg,LR_1_none,0.5983132725367382,0.01583139581724431,0.37690872305027695,0.00894660859574054,OR
source::data/raw/source_domain/cwru_48khz_de/B007_1.mat::w0002,data/raw/source_domain/cwru_48khz_de/B007_1.mat,B,1.0,F2,R2,test,E3_mechanism_logreg,LR_1_none,0.09764229784353184,0.007075929143758473,0.8919335249205057,0.0033482480922040554,B
source::data/raw/source_domain/cwru_48khz_de/B007_1.mat::w0003,data/raw/source_domain/cwru_48khz_de/B007_1.mat,B,1.0,F2,R2,test,E3_mechanism_logreg,LR_1_none,0.17430343278124602,0.012074431755509723,0.8066493406782425,0.006972794785001721,B
source::data/raw/source_domain/cwru_48khz_de/B007_1.mat::w0004,data/raw/source_domain/cwru_48khz_de/B007_1.mat,B,1.0,F2,R2,test,E3_mechanism_logreg,LR_1_none,0.38218001956871367,0.004973273590676499,0.6068447371722803,0.006001969668329596,B
source::data/raw/source_domain/cwru_48khz_de/B007_1.mat::w0005,data/raw/source_domain/cwru_48khz_de/B007_1.mat,B,1.0,F2,R2,test,E3_mechanism_logreg,LR_1_none,0.5675689751108635,0.010056899410551334,0.4117908776343083,0.010583247844276748,OR
source::data/raw/source_domain/cwru_48khz_de/B007_1.mat::w0006,data/raw/source_domain/cwru_48khz_de/B007_1.mat,B,1.0,F2,R2,test,E3_mechanism_logreg,LR_1_none,0.15711983968046866,0.003681080420070525,0.8340887788797209,0.005110301019740148,B
source::data/raw/source_domain/cwru_48khz_de/B014_2.mat::w0000,data/raw/source_domain/cwru_48khz_de/B014_2.mat,B,2.0,F2,R2,test,E3_mechanism_logreg,LR_1_none,0.0003440494829315745,2.3893247764870405e-05,0.9996298642027125,2.1930665911245882e-06,B
source::data/raw/source_domain/cwru_48khz_de/B014_2.mat::w0001,data/raw/source_domain/cwru_48khz_de/B014_2.mat,B,2.0,F2,R2,test,E3_mechanism_logreg,LR_1_none,0.0005374601200870101,0.00014140738694821294,0.9992275644151688,9.356807779597742e-05,B
source::data/raw/source_domain/cwru_48khz_de/B014_2.mat::w0002,data/raw/source_domain/cwru_48khz_de/B014_2.mat,B,2.0,F2,R2,test,E3_mechanism_logreg,LR_1_none,5.4469000177155155e-05,6.439588609048732e-05,0.9998808821265752,2.5298715718201743e-07,B
source::data/raw/source_domain/cwru_48khz_de/B014_2.mat::w0003,data/raw/source_domain/cwru_48khz_de/B014_2.mat,B,2.0,F2,R2,test,E3_mechanism_logreg,LR_1_none,0.00036496857997699755,0.00012622251697068176,0.9995077778574939,1.0310455583419934e-06,B
source::data/raw/source_domain/cwru_48khz_de/B014_2.mat::w0004,data/raw/source_domain/cwru_48khz_de/B014_2.mat,B,2.0,F2,R2,test,E3_mechanism_logreg,LR_1_none,0.012257684555567255,0.088684435164061,0.8989889660178092,6.891426256243696e-05,B
source::data/raw/source_domain/cwru_48khz_de/B014_2.mat::w0005,data/raw/source_domain/cwru_48khz_de/B014_2.mat,B,2.0,F2,R2,test,E3_mechanism_logreg,LR_1_none,0.002544484261632898,0.23508454275606988,0.7623041503821419,6.682260015535553e-05,B
source::data/raw/source_domain/cwru_48khz_de/B014_2.mat::w0006,data/raw/source_domain/cwru_48khz_de/B014_2.mat,B,2.0,F2,R2,test,E3_mechanism_logreg,LR_1_none,0.004220492685990319,0.011852936759370014,0.9834458585370853,0.00048071201755447556,B
source::data/raw/source_domain/cwru_48khz_de/B021_3.mat::w0000,data/raw/source_domain/cwru_48khz_de/B021_3.mat,B,3.0,F2,R2,test,E3_mechanism_logreg,LR_1_none,0.00046796172290585386,0.0005325787971964578,0.9989976051580299,1.8543218677729368e-06,B
source::data/raw/source_domain/cwru_48khz_de/B021_3.mat::w0001,data/raw/source_domain/cwru_48khz_de/B021_3.mat,B,3.0,F2,R2,test,E3_mechanism_logreg,LR_1_none,0.13950353805571267,0.00039744440916309826,0.8600799776534039,1.903988172030605e-05,B
source::data/raw/source_domain/cwru_48khz_de/B021_3.mat::w0002,data/raw/source_domain/cwru_48khz_de/B021_3.mat,B,3.0,F2,R2,test,E3_mechanism_logreg,LR_1_none,0.134202978807442,0.00012167855370310115,0.865662894719164,1.2447919690829508e-05,B
source::data/raw/source_domain/cwru_48khz_de/B021_3.mat::w0003,data/raw/source_domain/cwru_48khz_de/B021_3.mat,B,3.0,F2,R2,test,E3_mechanism_logreg,LR_1_none,0.19620430011016227,0.0057780745376650325,0.7979840413917534,3.358396041922399e-05,B
source::data/raw/source_domain/cwru_48khz_de/B021_3.mat::w0004,data/raw/source_domain/cwru_48khz_de/B021_3.mat,B,3.0,F2,R2,test,E3_mechanism_logreg,LR_1_none,0.19138266942447,0.005658969666213235,0.8029045222481556,5.383866116129593e-05,B
source::data/raw/source_domain/cwru_48khz_de/B021_3.mat::w0005,data/raw/source_domain/cwru_48khz_de/B021_3.mat,B,3.0,F2,R2,test,E3_mechanism_logreg,LR_1_none,0.0004636874160667893,0.1813477767973156,0.8181277537052473,6.078208137039086e-05,B
source::data/raw/source_domain/cwru_48khz_de/B021_3.mat::w0006,data/raw/source_domain/cwru_48khz_de/B021_3.mat,B,3.0,F2,R2,test,E3_mechanism_logreg,LR_1_none,0.03951476504158279,0.0046725338605071495,0.9557882453066504,2.4455791259761006e-05,B
source::data/raw/source_domain/cwru_48khz_de/IR007_2.mat::w0000,data/raw/source_domain/cwru_48khz_de/IR007_2.mat,IR,2.0,F2,R2,test,E3_mechanism_logreg,LR_1_none,7.683137803906302e-05,0.9997561539867647,1.797608328929056e-05,0.00014903855190706315,IR
source::data/raw/source_domain/cwru_48khz_de/IR007_2.mat::w0001,data/raw/source_domain/cwru_48khz_de/IR007_2.mat,IR,2.0,F2,R2,test,E3_mechanism_logreg,LR_1_none,2.1265194841077243e-07,0.9999978975918343,7.400758907841507e-08,1.8157486282363229e-06,IR
source::data/raw/source_domain/cwru_48khz_de/IR007_2.mat::w0002,data/raw/source_domain/cwru_48khz_de/IR007_2.mat,IR,2.0,F2,R2,test,E3_mechanism_logreg,LR_1_none,2.737016361616845e-05,0.9998979043984496,8.019557602798979e-06,6.67058803316158e-05,IR
source::data/raw/source_domain/cwru_48khz_de/IR007_2.mat::w0003,data/raw/source_domain/cwru_48khz_de/IR007_2.mat,IR,2.0,F2,R2,test,E3_mechanism_logreg,LR_1_none,3.0478430143866115e-05,0.9999007705804872,7.0120966744667835e-06,6.173889269445657e-05,IR
source::data/raw/source_domain/cwru_48khz_de/IR007_2.mat::w0004,data/raw/source_domain/cwru_48khz_de/IR007_2.mat,IR,2.0,F2,R2,test,E3_mechanism_logreg,LR_1_none,0.00017973015154072587,0.9993330302655354,0.00010436627129002665,0.00038287331163377347,IR
source::data/raw/source_domain/cwru_48khz_de/IR007_2.mat::w0005,data/raw/source_domain/cwru_48khz_de/IR007_2.mat,IR,2.0,F2,R2,test,E3_mechanism_logreg,LR_1_none,3.9250813484340496e-05,0.9998036954571522,2.5501413058863455e-05,0.00013155231630482435,IR
source::data/raw/source_domain/cwru_48khz_de/IR007_2.mat::w0006,data/raw/source_domain/cwru_48khz_de/IR007_2.mat,IR,2.0,F2,R2,test,E3_mechanism_logreg,LR_1_none,4.114957543960741e-05,0.9997677674283639,3.573133848348521e-05,0.00015535165771297138,IR
source::data/raw/source_domain/cwru_48khz_de/IR014_3.mat::w0000,data/raw/source_domain/cwru_48khz_de/IR014_3.mat,IR,3.0,F2,R2,test,E3_mechanism_logreg,LR_1_none,0.9999998975581769,4.867839262513881e-18,3.5421195493634025e-11,1.0240640198099322e-07,OR
source::data/raw/source_domain/cwru_48khz_de/IR014_3.mat::w0001,data/raw/source_domain/cwru_48khz_de/IR014_3.mat,IR,3.0,F2,R2,test,E3_mechanism_logreg,LR_1_none,0.04523010301772836,0.9265442730482119,0.027937190601501922,0.0002884333325577699,IR
source::data/raw/source_domain/cwru_48khz_de/IR014_3.mat::w0002,data/raw/source_domain/cwru_48khz_de/IR014_3.mat,IR,3.0,F2,R2,test,E3_mechanism_logreg,LR_1_none,0.050491711840739584,0.8452418095144593,0.10399390977286264,0.00027256887193844733,IR
source::data/raw/source_domain/cwru_48khz_de/IR014_3.mat::w0003,data/raw/source_domain/cwru_48khz_de/IR014_3.mat,IR,3.0,F2,R2,test,E3_mechanism_logreg,LR_1_none,0.04702296312863155,0.8305885934744678,0.12211136347302431,0.00027707992387651,IR
source::data/raw/source_domain/cwru_48khz_de/IR014_3.mat::w0004,data/raw/source_domain/cwru_48khz_de/IR014_3.mat,IR,3.0,F2,R2,test,E3_mechanism_logreg,LR_1_none,0.043856966669852636,0.9348810258278275,0.020950415351728074,0.0003115921505915952,IR
source::data/raw/source_domain/cwru_48khz_de/IR014_3.mat::w0005,data/raw/source_domain/cwru_48khz_de/IR014_3.mat,IR,3.0,F2,R2,test,E3_mechanism_logreg,LR_1_none,0.04744302818504591,0.8865514885552381,0.06555924986304011,0.00044623339667582395,IR
source::data/raw/source_domain/cwru_48khz_de/IR014_3.mat::w0006,data/raw/source_domain/cwru_48khz_de/IR014_3.mat,IR,3.0,F2,R2,test,E3_mechanism_logreg,LR_1_none,0.03935956156702419,0.9362016017244205,0.024211037451475664,0.0002277992570799268,IR
source::data/raw/source_domain/cwru_48khz_de/IR021_0.mat::w0000,data/raw/source_domain/cwru_48khz_de/IR021_0.mat,IR,0.0,F2,R2,test,E3_mechanism_logreg,LR_1_none,0.0020275107039760673,0.99609845342155,0.0018314955362895258,4.254033818444663e-05,IR
source::data/raw/source_domain/cwru_48khz_de/IR021_0.mat::w0001,data/raw/source_domain/cwru_48khz_de/IR021_0.mat,IR,0.0,F2,R2,test,E3_mechanism_logreg,LR_1_none,0.004521137308207796,0.9778036863882523,0.017551058972699776,0.0001241173308401843,IR
source::data/raw/source_domain/cwru_48khz_de/IR021_0.mat::w0002,data/raw/source_domain/cwru_48khz_de/IR021_0.mat,IR,0.0,F2,R2,test,E3_mechanism_logreg,LR_1_none,0.007138893707988529,0.9539275995557874,0.038718279153606885,0.00021522758261720697,IR
source::data/raw/source_domain/cwru_48khz_de/IR021_0.mat::w0003,data/raw/source_domain/cwru_48khz_de/IR021_0.mat,IR,0.0,F2,R2,test,E3_mechanism_logreg,LR_1_none,0.0013862566887340635,0.9966053395479154,0.0019777018885783057,3.070187477215255e-05,IR
source::data/raw/source_domain/cwru_48khz_de/IR021_0.mat::w0004,data/raw/source_domain/cwru_48khz_de/IR021_0.mat,IR,0.0,F2,R2,test,E3_mechanism_logreg,LR_1_none,0.005194270763740254,0.9420476887349352,0.05260602939092024,0.00015201111040424723,IR
source::data/raw/source_domain/cwru_48khz_de/IR021_0.mat::w0005,data/raw/source_domain/cwru_48khz_de/IR021_0.mat,IR,0.0,F2,R2,test,E3_mechanism_logreg,LR_1_none,0.008106671232145467,0.9570277724874251,0.03467322603416547,0.00019233024626396237,IR
source::data/raw/source_domain/cwru_48khz_de/IR021_0.mat::w0006,data/raw/source_domain/cwru_48khz_de/IR021_0.mat,IR,0.0,F2,R2,test,E3_mechanism_logreg,LR_1_none,0.00267099768216333,0.9950820240289013,0.0021833883411941208,6.35899477409911e-05,IR
source::data/raw/source_domain/cwru_48khz_de/OR007@12_3.mat::w0000,data/raw/source_domain/cwru_48khz_de/OR007@12_3.mat,OR,3.0,F2,R2,test,E3_mechanism_logreg,LR_1_none,0.851039393922597,0.10574170914125876,0.04007252274199699,0.0031463741941472243,OR
source::data/raw/source_domain/cwru_48khz_de/OR007@12_3.mat::w0001,data/raw/source_domain/cwru_48khz_de/OR007@12_3.mat,OR,3.0,F2,R2,test,E3_mechanism_logreg,LR_1_none,0.804646185060288,0.11715871934962103,0.07498217137836592,0.0032129242117250752,OR
source::data/raw/source_domain/cwru_48khz_de/OR007@12_3.mat::w0002,data/raw/source_domain/cwru_48khz_de/OR007@12_3.mat,OR,3.0,F2,R2,test,E3_mechanism_logreg,LR_1_none,0.8494092873244311,0.0820283533886242,0.06531917101231094,0.0032431882746337738,OR
source::data/raw/source_domain/cwru_48khz_de/OR007@12_3.mat::w0003,data/raw/source_domain/cwru_48khz_de/OR007@12_3.mat,OR,3.0,F2,R2,test,E3_mechanism_logreg,LR_1_none,0.7562708391691478,0.19129413116124683,0.04858234890415243,0.0038526807654529413,OR
source::data/raw/source_domain/cwru_48khz_de/OR007@12_3.mat::w0004,data/raw/source_domain/cwru_48khz_de/OR007@12_3.mat,OR,3.0,F2,R2,test,E3_mechanism_logreg,LR_1_none,0.7531049446640107,0.15793285347894043,0.08518256633850538,0.0037796355185434364,OR
source::data/raw/source_domain/cwru_48khz_de/OR007@12_3.mat::w0005,data/raw/source_domain/cwru_48khz_de/OR007@12_3.mat,OR,3.0,F2,R2,test,E3_mechanism_logreg,LR_1_none,0.8099434632542539,0.1448442008089322,0.0419762486050712,0.003236087331742645,OR
source::data/raw/source_domain/cwru_48khz_de/OR007@12_3.mat::w0006,data/raw/source_domain/cwru_48khz_de/OR007@12_3.mat,OR,3.0,F2,R2,test,E3_mechanism_logreg,LR_1_none,0.7806366423818243,0.15514483382796657,0.06138131154762013,0.002837212242588997,OR
source::data/raw/source_domain/cwru_48khz_de/OR007@3_1.mat::w0000,data/raw/source_domain/cwru_48khz_de/OR007@3_1.mat,OR,1.0,F2,R2,test,E3_mechanism_logreg,LR_1_none,0.9998135557817633,2.102400291644099e-05,7.0026015460910586e-06,0.00015841761377405434,OR
source::data/raw/source_domain/cwru_48khz_de/OR007@3_1.mat::w0001,data/raw/source_domain/cwru_48khz_de/OR007@3_1.mat,OR,1.0,F2,R2,test,E3_mechanism_logreg,LR_1_none,0.9994054934531398,0.00025831200184118423,6.441760043378087e-06,0.0003297527849755536,OR
source::data/raw/source_domain/cwru_48khz_de/OR007@3_1.mat::w0002,data/raw/source_domain/cwru_48khz_de/OR007@3_1.mat,OR,1.0,F2,R2,test,E3_mechanism_logreg,LR_1_none,0.9988935182339929,0.0008816065828931057,9.68218283838733e-07,0.00022390696483015542,OR
source::data/raw/source_domain/cwru_48khz_de/OR007@3_1.mat::w0003,data/raw/source_domain/cwru_48khz_de/OR007@3_1.mat,OR,1.0,F2,R2,test,E3_mechanism_logreg,LR_1_none,0.9997547804403655,6.54864213336197e-05,4.038057264129496e-06,0.00017569508103676987,OR
source::data/raw/source_domain/cwru_48khz_de/OR007@3_1.mat::w0004,data/raw/source_domain/cwru_48khz_de/OR007@3_1.mat,OR,1.0,F2,R2,test,E3_mechanism_logreg,LR_1_none,0.9994463804807363,0.00018276842940648745,1.643464300162675e-05,0.0003544164468556602,OR
source::data/raw/source_domain/cwru_48khz_de/OR007@3_1.mat::w0005,data/raw/source_domain/cwru_48khz_de/OR007@3_1.mat,OR,1.0,F2,R2,test,E3_mechanism_logreg,LR_1_none,0.9994483843770438,0.00019462095738750915,1.1109271939152477e-05,0.00034588539362965024,OR
source::data/raw/source_domain/cwru_48khz_de/OR007@3_1.mat::w0006,data/raw/source_domain/cwru_48khz_de/OR007@3_1.mat,OR,1.0,F2,R2,test,E3_mechanism_logreg,LR_1_none,0.9991726862821282,0.0005711037756885288,2.3477488903346798e-06,0.0002538621932928819,OR
source::data/raw/source_domain/cwru_48khz_de/OR007@6_2.mat::w0000,data/raw/source_domain/cwru_48khz_de/OR007@6_2.mat,OR,2.0,F2,R2,test,E3_mechanism_logreg,LR_1_none,0.9999914686642183,7.44966788551088e-07,2.0775190069608454e-09,7.784291474152842e-06,OR
source::data/raw/source_domain/cwru_48khz_de/OR007@6_2.mat::w0001,data/raw/source_domain/cwru_48khz_de/OR007@6_2.mat,OR,2.0,F2,R2,test,E3_mechanism_logreg,LR_1_none,0.9999981523751251,7.643827112487487e-08,4.2779360928425993e-10,1.770758810108091e-06,OR
source::data/raw/source_domain/cwru_48khz_de/OR007@6_2.mat::w0002,data/raw/source_domain/cwru_48khz_de/OR007@6_2.mat,OR,2.0,F2,R2,test,E3_mechanism_logreg,LR_1_none,0.9999978830079538,9.603164576718185e-08,6.807635815583373e-10,2.020279636778799e-06,OR
source::data/raw/source_domain/cwru_48khz_de/OR007@6_2.mat::w0003,data/raw/source_domain/cwru_48khz_de/OR007@6_2.mat,OR,2.0,F2,R2,test,E3_mechanism_logreg,LR_1_none,0.9999958608814171,2.130350701906099e-07,1.9246971652530977e-09,3.924158815601955e-06,OR
source::data/raw/source_domain/cwru_48khz_de/OR007@6_2.mat::w0004,data/raw/source_domain/cwru_48khz_de/OR007@6_2.mat,OR,2.0,F2,R2,test,E3_mechanism_logreg,LR_1_none,0.9999894026583556,8.637391908436136e-07,4.643368803545292e-09,9.728959084745656e-06,OR
source::data/raw/source_domain/cwru_48khz_de/OR007@6_2.mat::w0005,data/raw/source_domain/cwru_48khz_de/OR007@6_2.mat,OR,2.0,F2,R2,test,E3_mechanism_logreg,LR_1_none,0.9999768025629345,4.549331883973125e-06,6.494868618013268e-09,1.864161031284244e-05,OR
source::data/raw/source_domain/cwru_48khz_de/OR007@6_2.mat::w0006,data/raw/source_domain/cwru_48khz_de/OR007@6_2.mat,OR,2.0,F2,R2,test,E3_mechanism_logreg,LR_1_none,0.9999818574393717,2.1965859455665867e-06,7.635260015625169e-09,1.5938339422664053e-05,OR
source::data/raw/source_domain/cwru_48khz_de/OR014@6_0.mat::w0000,data/raw/source_domain/cwru_48khz_de/OR014@6_0.mat,OR,0.0,F2,R2,test,E3_mechanism_logreg,LR_1_none,0.0974978624672092,0.29486700006721744,0.5997233313852501,0.007911806080323384,B
source::data/raw/source_domain/cwru_48khz_de/OR014@6_0.mat::w0001,data/raw/source_domain/cwru_48khz_de/OR014@6_0.mat,OR,0.0,F2,R2,test,E3_mechanism_logreg,LR_1_none,0.04400536871720713,0.5997121289454864,0.34923387726553323,0.007048625071773286,IR
source::data/raw/source_domain/cwru_48khz_de/OR014@6_0.mat::w0002,data/raw/source_domain/cwru_48khz_de/OR014@6_0.mat,OR,0.0,F2,R2,test,E3_mechanism_logreg,LR_1_none,0.2558745301469365,0.02834844806699937,0.7086249248957462,0.007152096890317901,B
source::data/raw/source_domain/cwru_48khz_de/OR014@6_0.mat::w0003,data/raw/source_domain/cwru_48khz_de/OR014@6_0.mat,OR,0.0,F2,R2,test,E3_mechanism_logreg,LR_1_none,0.12769000492395519,0.030203549538345042,0.8406087086133186,0.0014977369243809999,B
source::data/raw/source_domain/cwru_48khz_de/OR014@6_0.mat::w0004,data/raw/source_domain/cwru_48khz_de/OR014@6_0.mat,OR,0.0,F2,R2,test,E3_mechanism_logreg,LR_1_none,0.45732390208057544,0.012080047369454547,0.5293420893826466,0.0012539611673234236,B
source::data/raw/source_domain/cwru_48khz_de/OR014@6_0.mat::w0005,data/raw/source_domain/cwru_48khz_de/OR014@6_0.mat,OR,0.0,F2,R2,test,E3_mechanism_logreg,LR_1_none,0.06848089684166454,0.03929779386502951,0.891297797818832,0.0009235114744738014,B
source::data/raw/source_domain/cwru_48khz_de/OR014@6_0.mat::w0006,data/raw/source_domain/cwru_48khz_de/OR014@6_0.mat,OR,0.0,F2,R2,test,E3_mechanism_logreg,LR_1_none,0.2583699618267983,0.11568034397498464,0.6221385440878864,0.0038111501103307997,B
source::data/raw/source_domain/cwru_48khz_de/OR021@12_0.mat::w0000,data/raw/source_domain/cwru_48khz_de/OR021@12_0.mat,OR,0.0,F2,R2,test,E3_mechanism_logreg,LR_1_none,0.9918137976952258,0.003933471137953889,0.00424398650187687,8.744664943361948e-06,OR
source::data/raw/source_domain/cwru_48khz_de/OR021@12_0.mat::w0001,data/raw/source_domain/cwru_48khz_de/OR021@12_0.mat,OR,0.0,F2,R2,test,E3_mechanism_logreg,LR_1_none,0.9923378932038145,0.0009755282343553069,0.006676861891143736,9.716670686326961e-06,OR
source::data/raw/source_domain/cwru_48khz_de/OR021@12_0.mat::w0002,data/raw/source_domain/cwru_48khz_de/OR021@12_0.mat,OR,0.0,F2,R2,test,E3_mechanism_logreg,LR_1_none,0.9615987265025469,0.020167932381053105,0.0182070179589787,2.6323157421292932e-05,OR
source::data/raw/source_domain/cwru_48khz_de/OR021@12_0.mat::w0003,data/raw/source_domain/cwru_48khz_de/OR021@12_0.mat,OR,0.0,F2,R2,test,E3_mechanism_logreg,LR_1_none,0.9652603806824888,0.02182312326596516,0.012896389047197183,2.0107004348952323e-05,OR
source::data/raw/source_domain/cwru_48khz_de/OR021@3_2.mat::w0000,data/raw/source_domain/cwru_48khz_de/OR021@3_2.mat,OR,2.0,F2,R2,test,E3_mechanism_logreg,LR_1_none,0.9597305688783356,4.896945966269715e-05,0.040164038217245165,5.642344475655293e-05,OR
source::data/raw/source_domain/cwru_48khz_de/OR021@3_2.mat::w0001,data/raw/source_domain/cwru_48khz_de/OR021@3_2.mat,OR,2.0,F2,R2,test,E3_mechanism_logreg,LR_1_none,0.9709225778822865,3.8306901853461995e-05,0.029007428395157107,3.168682070294982e-05,OR
source::data/raw/source_domain/cwru_48khz_de/OR021@3_2.mat::w0002,data/raw/source_domain/cwru_48khz_de/OR021@3_2.mat,OR,2.0,F2,R2,test,E3_mechanism_logreg,LR_1_none,0.9822930352785113,5.9523822873396896e-05,0.017614760834862804,3.268006375257897e-05,OR
source::data/raw/source_domain/cwru_48khz_de/OR021@3_2.mat::w0003,data/raw/source_domain/cwru_48khz_de/OR021@3_2.mat,OR,2.0,F2,R2,test,E3_mechanism_logreg,LR_1_none,0.9886189261856179,0.0003203783256641822,0.011010850883196279,4.984460552158501e-05,OR
source::data/raw/source_domain/cwru_48khz_de/OR021@3_2.mat::w0004,data/raw/source_domain/cwru_48khz_de/OR021@3_2.mat,OR,2.0,F2,R2,test,E3_mechanism_logreg,LR_1_none,0.9773458070150068,0.00022013690609093702,0.022380779343848828,5.327673505325592e-05,OR
source::data/raw/source_domain/cwru_48khz_de/OR021@3_2.mat::w0005,data/raw/source_domain/cwru_48khz_de/OR021@3_2.mat,OR,2.0,F2,R2,test,E3_mechanism_logreg,LR_1_none,0.9789045814829093,0.0006205036785856753,0.02040493503591784,6.99798025872372e-05,OR
source::data/raw/source_domain/cwru_48khz_de/OR021@3_2.mat::w0006,data/raw/source_domain/cwru_48khz_de/OR021@3_2.mat,OR,2.0,F2,R2,test,E3_mechanism_logreg,LR_1_none,0.968044302703896,0.006383857796606797,0.0254087079544631,0.00016313154503410922,OR
source::data/raw/source_domain/cwru_48khz_de/OR021@6_3.mat::w0000,data/raw/source_domain/cwru_48khz_de/OR021@6_3.mat,OR,3.0,F2,R2,test,E3_mechanism_logreg,LR_1_none,0.9975592215447537,0.0015592136555298546,0.0007374662735270836,0.00014409852618938474,OR
source::data/raw/source_domain/cwru_48khz_de/OR021@6_3.mat::w0001,data/raw/source_domain/cwru_48khz_de/OR021@6_3.mat,OR,3.0,F2,R2,test,E3_mechanism_logreg,LR_1_none,0.9939036913044869,0.0033908943503288685,0.002522156813474228,0.00018325753171018666,OR
source::data/raw/source_domain/cwru_48khz_de/OR021@6_3.mat::w0002,data/raw/source_domain/cwru_48khz_de/OR021@6_3.mat,OR,3.0,F2,R2,test,E3_mechanism_logreg,LR_1_none,0.9979177918124092,0.00046695839537345653,0.001450339963077629,0.0001649098291396795,OR
source::data/raw/source_domain/cwru_48khz_de/OR021@6_3.mat::w0003,data/raw/source_domain/cwru_48khz_de/OR021@6_3.mat,OR,3.0,F2,R2,test,E3_mechanism_logreg,LR_1_none,0.9978787086065303,0.000499859873635062,0.0014806271200510299,0.00014080439978365983,OR
source::data/raw/source_domain/cwru_48khz_de/OR021@6_3.mat::w0004,data/raw/source_domain/cwru_48khz_de/OR021@6_3.mat,OR,3.0,F2,R2,test,E3_mechanism_logreg,LR_1_none,0.9952627873041446,0.000778492647278438,0.0038887391637520015,6.998088482488276e-05,OR
source::data/raw/source_domain/cwru_48khz_de/OR021@6_3.mat::w0005,data/raw/source_domain/cwru_48khz_de/OR021@6_3.mat,OR,3.0,F2,R2,test,E3_mechanism_logreg,LR_1_none,0.9984237020034079,0.0001348656776203429,0.0014011994025797494,4.023291639211512e-05,OR
source::data/raw/source_domain/cwru_48khz_de/OR021@6_3.mat::w0006,data/raw/source_domain/cwru_48khz_de/OR021@6_3.mat,OR,3.0,F2,R2,test,E3_mechanism_logreg,LR_1_none,0.997075809904722,6.097069326604811e-05,0.002795738983120236,6.748041889174968e-05,OR
source::data/raw/source_domain/cwru_48khz_normal/N_1_(1772rpm).mat::w0000,data/raw/source_domain/cwru_48khz_normal/N_1_(1772rpm).mat,N,1.0,F2,R2,test,E3_mechanism_logreg,LR_1_none,0.0004119225272831239,0.000402949114716632,0.0003455864607695131,0.9988395418972308,N
source::data/raw/source_domain/cwru_48khz_normal/N_1_(1772rpm).mat::w0001,data/raw/source_domain/cwru_48khz_normal/N_1_(1772rpm).mat,N,1.0,F2,R2,test,E3_mechanism_logreg,LR_1_none,0.0006576727871916034,0.00010132394777018616,0.0007057197340244594,0.9985352835310137,N
source::data/raw/source_domain/cwru_48khz_normal/N_1_(1772rpm).mat::w0002,data/raw/source_domain/cwru_48khz_normal/N_1_(1772rpm).mat,N,1.0,F2,R2,test,E3_mechanism_logreg,LR_1_none,0.0018122506912912413,2.116105776918189e-05,0.0018150343977377367,0.9963515538532017,N
source::data/raw/source_domain/cwru_48khz_normal/N_1_(1772rpm).mat::w0003,data/raw/source_domain/cwru_48khz_normal/N_1_(1772rpm).mat,N,1.0,F2,R2,test,E3_mechanism_logreg,LR_1_none,0.0005514185465676498,0.00041103647208747733,0.0004369870231726741,0.9986005579581722,N
source::data/raw/source_domain/cwru_48khz_normal/N_1_(1772rpm).mat::w0004,data/raw/source_domain/cwru_48khz_normal/N_1_(1772rpm).mat,N,1.0,F2,R2,test,E3_mechanism_logreg,LR_1_none,0.0008441691468526467,6.411684807391386e-05,0.0017650929705343528,0.9973266210345391,N
source::data/raw/source_domain/cwru_48khz_normal/N_1_(1772rpm).mat::w0005,data/raw/source_domain/cwru_48khz_normal/N_1_(1772rpm).mat,N,1.0,F2,R2,test,E3_mechanism_logreg,LR_1_none,0.0006238667501570379,0.0005128205921136816,0.0011233158126259786,0.9977399968451034,N
source::data/raw/source_domain/cwru_48khz_normal/N_1_(1772rpm).mat::w0006,data/raw/source_domain/cwru_48khz_normal/N_1_(1772rpm).mat,N,1.0,F2,R2,test,E3_mechanism_logreg,LR_1_none,0.0012976798480389643,0.00022690655995214552,0.00017091576380544142,0.9983044978282036,N
source::data/raw/source_domain/cwru_48khz_normal/N_1_(1772rpm).mat::w0007,data/raw/source_domain/cwru_48khz_normal/N_1_(1772rpm).mat,N,1.0,F2,R2,test,E3_mechanism_logreg,LR_1_none,0.0012159143043840327,0.0002347093500898536,0.00039615608129869395,0.9981532202642276,N
source::data/raw/source_domain/cwru_48khz_normal/N_1_(1772rpm).mat::w0008,data/raw/source_domain/cwru_48khz_normal/N_1_(1772rpm).mat,N,1.0,F2,R2,test,E3_mechanism_logreg,LR_1_none,0.0005676719056356585,0.00022361756226488784,0.0010736554767976662,0.9981350550553019,N
source::data/raw/source_domain/cwru_48khz_normal/N_1_(1772rpm).mat::w0009,data/raw/source_domain/cwru_48khz_normal/N_1_(1772rpm).mat,N,1.0,F2,R2,test,E3_mechanism_logreg,LR_1_none,0.000863347515151561,0.00015441619325491662,0.0005274471281098801,0.9984547891634835,N
source::data/raw/source_domain/cwru_48khz_normal/N_1_(1772rpm).mat::w0010,data/raw/source_domain/cwru_48khz_normal/N_1_(1772rpm).mat,N,1.0,F2,R2,test,E3_mechanism_logreg,LR_1_none,0.0009590452988389863,0.00010733115868054943,0.0003417145545868888,0.9985919089878936,N
source::data/raw/source_domain/cwru_48khz_normal/N_1_(1772rpm).mat::w0011,data/raw/source_domain/cwru_48khz_normal/N_1_(1772rpm).mat,N,1.0,F2,R2,test,E3_mechanism_logreg,LR_1_none,0.0014273959364945641,5.25966362793808e-05,0.0001670692850631667,0.998352938142163,N
source::data/raw/source_domain/cwru_48khz_normal/N_1_(1772rpm).mat::w0012,data/raw/source_domain/cwru_48khz_normal/N_1_(1772rpm).mat,N,1.0,F2,R2,test,E3_mechanism_logreg,LR_1_none,0.0007087881186044972,0.00028703731542779453,0.0004971850170443791,0.9985069895489233,N
source::data/raw/source_domain/cwru_48khz_normal/N_1_(1772rpm).mat::w0013,data/raw/source_domain/cwru_48khz_normal/N_1_(1772rpm).mat,N,1.0,F2,R2,test,E3_mechanism_logreg,LR_1_none,0.00045672602068355813,0.00016096749530057974,0.0004963440045644224,0.9988859624794514,N
source::data/raw/source_domain/cwru_48khz_normal/N_1_(1772rpm).mat::w0014,data/raw/source_domain/cwru_48khz_normal/N_1_(1772rpm).mat,N,1.0,F2,R2,test,E3_mechanism_logreg,LR_1_none,0.0006659859607673675,0.00015213475983887666,0.0008816922656508815,0.9983001870137429,N
source::data/raw/source_domain/cwru_48khz_de/B007_2.mat::w0000,data/raw/source_domain/cwru_48khz_de/B007_2.mat,B,2.0,F3,R3,test,E3_mechanism_logreg,LR_0.1_bal,0.26145159571355486,0.028786926099974155,0.6827655719497913,0.026995906236679648,B
source::data/raw/source_domain/cwru_48khz_de/B007_2.mat::w0001,data/raw/source_domain/cwru_48khz_de/B007_2.mat,B,2.0,F3,R3,test,E3_mechanism_logreg,LR_0.1_bal,0.2200918569784857,0.01778961702486919,0.73787912394592,0.024239402050725067,B
source::data/raw/source_domain/cwru_48khz_de/B007_2.mat::w0002,data/raw/source_domain/cwru_48khz_de/B007_2.mat,B,2.0,F3,R3,test,E3_mechanism_logreg,LR_0.1_bal,0.5127890720955288,0.038772862168518364,0.409402782349936,0.03903528338601685,OR
source::data/raw/source_domain/cwru_48khz_de/B007_2.mat::w0003,data/raw/source_domain/cwru_48khz_de/B007_2.mat,B,2.0,F3,R3,test,E3_mechanism_logreg,LR_0.1_bal,0.20482634970698055,0.0420951420024193,0.727394111072203,0.02568439721839715,B
source::data/raw/source_domain/cwru_48khz_de/B007_2.mat::w0004,data/raw/source_domain/cwru_48khz_de/B007_2.mat,B,2.0,F3,R3,test,E3_mechanism_logreg,LR_0.1_bal,0.2239891299858119,0.0214640390870736,0.7299199612394093,0.024626869687705083,B
source::data/raw/source_domain/cwru_48khz_de/B007_2.mat::w0005,data/raw/source_domain/cwru_48khz_de/B007_2.mat,B,2.0,F3,R3,test,E3_mechanism_logreg,LR_0.1_bal,0.2871499640947189,0.03277256272863712,0.6560809253717376,0.023996547804906405,B
source::data/raw/source_domain/cwru_48khz_de/B007_2.mat::w0006,data/raw/source_domain/cwru_48khz_de/B007_2.mat,B,2.0,F3,R3,test,E3_mechanism_logreg,LR_0.1_bal,0.22541434716290668,0.038593892459040206,0.7070768703450182,0.02891489003303497,B
source::data/raw/source_domain/cwru_48khz_de/B014_3.mat::w0000,data/raw/source_domain/cwru_48khz_de/B014_3.mat,B,3.0,F3,R3,test,E3_mechanism_logreg,LR_0.1_bal,0.026258232839416366,0.007249797236549322,0.9654015546530067,0.001090415271027551,B
source::data/raw/source_domain/cwru_48khz_de/B014_3.mat::w0001,data/raw/source_domain/cwru_48khz_de/B014_3.mat,B,3.0,F3,R3,test,E3_mechanism_logreg,LR_0.1_bal,0.04162469082647176,0.0335159394487011,0.9236228320525446,0.001236537672282488,B
source::data/raw/source_domain/cwru_48khz_de/B014_3.mat::w0002,data/raw/source_domain/cwru_48khz_de/B014_3.mat,B,3.0,F3,R3,test,E3_mechanism_logreg,LR_0.1_bal,0.009405067721602869,0.0009971520410802762,0.9892985308480852,0.0002992493892317081,B
source::data/raw/source_domain/cwru_48khz_de/B014_3.mat::w0003,data/raw/source_domain/cwru_48khz_de/B014_3.mat,B,3.0,F3,R3,test,E3_mechanism_logreg,LR_0.1_bal,0.01682938074251549,0.008862700696158386,0.971101545818226,0.0032063727431002097,B
source::data/raw/source_domain/cwru_48khz_de/B014_3.mat::w0004,data/raw/source_domain/cwru_48khz_de/B014_3.mat,B,3.0,F3,R3,test,E3_mechanism_logreg,LR_0.1_bal,0.029886771974116568,0.03690650516870777,0.9323159246503295,0.0008907982068461863,B
source::data/raw/source_domain/cwru_48khz_de/B014_3.mat::w0005,data/raw/source_domain/cwru_48khz_de/B014_3.mat,B,3.0,F3,R3,test,E3_mechanism_logreg,LR_0.1_bal,0.04355161511188094,0.029530989627712296,0.9256311427728849,0.0012862524875218622,B
source::data/raw/source_domain/cwru_48khz_de/B014_3.mat::w0006,data/raw/source_domain/cwru_48khz_de/B014_3.mat,B,3.0,F3,R3,test,E3_mechanism_logreg,LR_0.1_bal,0.07056687051277742,0.016987718644107936,0.9024683544554225,0.00997705638769205,B
source::data/raw/source_domain/cwru_48khz_de/B021_0.mat::w0000,data/raw/source_domain/cwru_48khz_de/B021_0.mat,B,0.0,F3,R3,test,E3_mechanism_logreg,LR_0.1_bal,0.13933021024397305,0.2165232906727515,0.6330206773532021,0.011125821730073447,B
source::data/raw/source_domain/cwru_48khz_de/B021_0.mat::w0001,data/raw/source_domain/cwru_48khz_de/B021_0.mat,B,0.0,F3,R3,test,E3_mechanism_logreg,LR_0.1_bal,0.2639187660894352,0.3761290616666549,0.34165935451231627,0.01829281773159355,IR
source::data/raw/source_domain/cwru_48khz_de/B021_0.mat::w0002,data/raw/source_domain/cwru_48khz_de/B021_0.mat,B,0.0,F3,R3,test,E3_mechanism_logreg,LR_0.1_bal,0.13246225263988567,0.09926306016310277,0.7646895276396117,0.003585159557399838,B
source::data/raw/source_domain/cwru_48khz_de/B021_0.mat::w0003,data/raw/source_domain/cwru_48khz_de/B021_0.mat,B,0.0,F3,R3,test,E3_mechanism_logreg,LR_0.1_bal,0.3089165590957141,0.3131731083295397,0.36797270727787795,0.009937625296868235,B
source::data/raw/source_domain/cwru_48khz_de/B021_0.mat::w0004,data/raw/source_domain/cwru_48khz_de/B021_0.mat,B,0.0,F3,R3,test,E3_mechanism_logreg,LR_0.1_bal,0.2986787960571331,0.18616128095024637,0.4986671032648479,0.01649281972777264,B
source::data/raw/source_domain/cwru_48khz_de/B021_0.mat::w0005,data/raw/source_domain/cwru_48khz_de/B021_0.mat,B,0.0,F3,R3,test,E3_mechanism_logreg,LR_0.1_bal,0.30648226590772215,0.27229402582048856,0.40357729361053807,0.01764641466125124,B
source::data/raw/source_domain/cwru_48khz_de/B021_0.mat::w0006,data/raw/source_domain/cwru_48khz_de/B021_0.mat,B,0.0,F3,R3,test,E3_mechanism_logreg,LR_0.1_bal,0.09497382533411788,0.3148746376260045,0.5813946562590739,0.008756880780803777,B
source::data/raw/source_domain/cwru_48khz_de/IR007_3.mat::w0000,data/raw/source_domain/cwru_48khz_de/IR007_3.mat,IR,3.0,F3,R3,test,E3_mechanism_logreg,LR_0.1_bal,0.035141096976237594,0.9589270528530262,0.0010539364567071139,0.004877913714028932,IR
source::data/raw/source_domain/cwru_48khz_de/IR007_3.mat::w0001,data/raw/source_domain/cwru_48khz_de/IR007_3.mat,IR,3.0,F3,R3,test,E3_mechanism_logreg,LR_0.1_bal,0.018542013607510937,0.9761852986544981,0.0013603185747941703,0.0039123691631968004,IR
source::data/raw/source_domain/cwru_48khz_de/IR007_3.mat::w0002,data/raw/source_domain/cwru_48khz_de/IR007_3.mat,IR,3.0,F3,R3,test,E3_mechanism_logreg,LR_0.1_bal,0.0798669780059136,0.906694245599274,0.0031016809297109856,0.01033709546510125,IR
source::data/raw/source_domain/cwru_48khz_de/IR007_3.mat::w0003,data/raw/source_domain/cwru_48khz_de/IR007_3.mat,IR,3.0,F3,R3,test,E3_mechanism_logreg,LR_0.1_bal,0.1284787960599085,0.8520779289466038,0.005377637286937792,0.014065637706549741,IR
source::data/raw/source_domain/cwru_48khz_de/IR007_3.mat::w0004,data/raw/source_domain/cwru_48khz_de/IR007_3.mat,IR,3.0,F3,R3,test,E3_mechanism_logreg,LR_0.1_bal,0.10164776608631403,0.8755826031484869,0.00689786841355753,0.015871762351641637,IR
source::data/raw/source_domain/cwru_48khz_de/IR007_3.mat::w0005,data/raw/source_domain/cwru_48khz_de/IR007_3.mat,IR,3.0,F3,R3,test,E3_mechanism_logreg,LR_0.1_bal,0.04581354315525842,0.9423209664777411,0.002972129862717176,0.008893360504283118,IR
source::data/raw/source_domain/cwru_48khz_de/IR007_3.mat::w0006,data/raw/source_domain/cwru_48khz_de/IR007_3.mat,IR,3.0,F3,R3,test,E3_mechanism_logreg,LR_0.1_bal,0.03349245644077019,0.9588273541176203,0.001791531289964135,0.005888658151645399,IR
source::data/raw/source_domain/cwru_48khz_de/IR014_0.mat::w0000,data/raw/source_domain/cwru_48khz_de/IR014_0.mat,IR,0.0,F3,R3,test,E3_mechanism_logreg,LR_0.1_bal,0.6756762756606187,0.01611882813344092,0.29916507417529864,0.009039822030641749,OR
source::data/raw/source_domain/cwru_48khz_de/IR021_1.mat::w0000,data/raw/source_domain/cwru_48khz_de/IR021_1.mat,IR,1.0,F3,R3,test,E3_mechanism_logreg,LR_0.1_bal,0.1519387360897512,0.832551619687778,0.013299175705314161,0.0022104685171565764,IR
source::data/raw/source_domain/cwru_48khz_de/IR021_1.mat::w0001,data/raw/source_domain/cwru_48khz_de/IR021_1.mat,IR,1.0,F3,R3,test,E3_mechanism_logreg,LR_0.1_bal,0.03246873729531746,0.9659164553906372,0.0012398797910724395,0.0003749275229728515,IR
source::data/raw/source_domain/cwru_48khz_de/IR021_1.mat::w0002,data/raw/source_domain/cwru_48khz_de/IR021_1.mat,IR,1.0,F3,R3,test,E3_mechanism_logreg,LR_0.1_bal,0.2293756136093968,0.7596264492414917,0.008632259398881986,0.0023656777502295643,IR
source::data/raw/source_domain/cwru_48khz_de/IR021_1.mat::w0003,data/raw/source_domain/cwru_48khz_de/IR021_1.mat,IR,1.0,F3,R3,test,E3_mechanism_logreg,LR_0.1_bal,0.16334440112421117,0.8277101420433567,0.0070952725505370766,0.0018501842818949691,IR
source::data/raw/source_domain/cwru_48khz_de/IR021_1.mat::w0004,data/raw/source_domain/cwru_48khz_de/IR021_1.mat,IR,1.0,F3,R3,test,E3_mechanism_logreg,LR_0.1_bal,0.16138007604843782,0.8319819798053322,0.0048730233984218526,0.0017649207478081226,IR
source::data/raw/source_domain/cwru_48khz_de/IR021_1.mat::w0005,data/raw/source_domain/cwru_48khz_de/IR021_1.mat,IR,1.0,F3,R3,test,E3_mechanism_logreg,LR_0.1_bal,0.12024097039460534,0.8714687213788108,0.006650119266730644,0.0016401889598532087,IR
source::data/raw/source_domain/cwru_48khz_de/IR021_1.mat::w0006,data/raw/source_domain/cwru_48khz_de/IR021_1.mat,IR,1.0,F3,R3,test,E3_mechanism_logreg,LR_0.1_bal,0.12694847161097209,0.8636649326629622,0.007606594864827319,0.0017800008612384871,IR
source::data/raw/source_domain/cwru_48khz_de/OR007@12_0.mat::w0000,data/raw/source_domain/cwru_48khz_de/OR007@12_0.mat,OR,0.0,F3,R3,test,E3_mechanism_logreg,LR_0.1_bal,0.7254642458896139,0.08808646945558607,0.16332130222683489,0.02312798242796515,OR
source::data/raw/source_domain/cwru_48khz_de/OR007@12_0.mat::w0001,data/raw/source_domain/cwru_48khz_de/OR007@12_0.mat,OR,0.0,F3,R3,test,E3_mechanism_logreg,LR_0.1_bal,0.6814169956476701,0.1449997566298877,0.14812566531156415,0.025457582410877998,OR
source::data/raw/source_domain/cwru_48khz_de/OR007@12_0.mat::w0002,data/raw/source_domain/cwru_48khz_de/OR007@12_0.mat,OR,0.0,F3,R3,test,E3_mechanism_logreg,LR_0.1_bal,0.8097366512147526,0.0840894321102091,0.07826117506470467,0.02791274161033364,OR
source::data/raw/source_domain/cwru_48khz_de/OR007@12_0.mat::w0003,data/raw/source_domain/cwru_48khz_de/OR007@12_0.mat,OR,0.0,F3,R3,test,E3_mechanism_logreg,LR_0.1_bal,0.7975398530413151,0.10058780924531631,0.07657398796160657,0.02529834975176203,OR
source::data/raw/source_domain/cwru_48khz_de/OR007@3_2.mat::w0000,data/raw/source_domain/cwru_48khz_de/OR007@3_2.mat,OR,2.0,F3,R3,test,E3_mechanism_logreg,LR_0.1_bal,0.9298715331699482,0.037329799329520574,0.016762929806987886,0.016035737693543304,OR
source::data/raw/source_domain/cwru_48khz_de/OR007@3_2.mat::w0001,data/raw/source_domain/cwru_48khz_de/OR007@3_2.mat,OR,2.0,F3,R3,test,E3_mechanism_logreg,LR_0.1_bal,0.9490461149056066,0.020930231312665925,0.015984365760777365,0.014039288020950143,OR
source::data/raw/source_domain/cwru_48khz_de/OR007@3_2.mat::w0002,data/raw/source_domain/cwru_48khz_de/OR007@3_2.mat,OR,2.0,F3,R3,test,E3_mechanism_logreg,LR_0.1_bal,0.9372797570080127,0.036553557140221855,0.013050580808787945,0.013116105042977494,OR
source::data/raw/source_domain/cwru_48khz_de/OR007@3_2.mat::w0003,data/raw/source_domain/cwru_48khz_de/OR007@3_2.mat,OR,2.0,F3,R3,test,E3_mechanism_logreg,LR_0.1_bal,0.9385284153038027,0.0352862041518171,0.013311310512628084,0.012874070031752057,OR
source::data/raw/source_domain/cwru_48khz_de/OR007@3_2.mat::w0004,data/raw/source_domain/cwru_48khz_de/OR007@3_2.mat,OR,2.0,F3,R3,test,E3_mechanism_logreg,LR_0.1_bal,0.9436500611887276,0.027936735920304896,0.01634928990196377,0.012063912989003613,OR
source::data/raw/source_domain/cwru_48khz_de/OR007@3_2.mat::w0005,data/raw/source_domain/cwru_48khz_de/OR007@3_2.mat,OR,2.0,F3,R3,test,E3_mechanism_logreg,LR_0.1_bal,0.9389968824326828,0.0316430134778184,0.015571799969435328,0.013788304120063561,OR
source::data/raw/source_domain/cwru_48khz_de/OR007@3_2.mat::w0006,data/raw/source_domain/cwru_48khz_de/OR007@3_2.mat,OR,2.0,F3,R3,test,E3_mechanism_logreg,LR_0.1_bal,0.934607328512819,0.032236379550741115,0.018557514780761303,0.014598777155678545,OR
source::data/raw/source_domain/cwru_48khz_de/OR007@6_3.mat::w0000,data/raw/source_domain/cwru_48khz_de/OR007@6_3.mat,OR,3.0,F3,R3,test,E3_mechanism_logreg,LR_0.1_bal,0.9974427263761959,0.0018730261253984426,0.00021152860451687801,0.0004727188938886669,OR
source::data/raw/source_domain/cwru_48khz_de/OR007@6_3.mat::w0001,data/raw/source_domain/cwru_48khz_de/OR007@6_3.mat,OR,3.0,F3,R3,test,E3_mechanism_logreg,LR_0.1_bal,0.9986253682110297,0.0007294423705921317,0.00024319690761240707,0.0004019925107659472,OR
source::data/raw/source_domain/cwru_48khz_de/OR007@6_3.mat::w0002,data/raw/source_domain/cwru_48khz_de/OR007@6_3.mat,OR,3.0,F3,R3,test,E3_mechanism_logreg,LR_0.1_bal,0.998555600306999,0.0006711045192620152,0.0003384655299871082,0.00043482964375190255,OR
source::data/raw/source_domain/cwru_48khz_de/OR007@6_3.mat::w0003,data/raw/source_domain/cwru_48khz_de/OR007@6_3.mat,OR,3.0,F3,R3,test,E3_mechanism_logreg,LR_0.1_bal,0.9946836933547324,0.004211204379170877,0.00026331060619573456,0.0008417916599010845,OR
source::data/raw/source_domain/cwru_48khz_de/OR007@6_3.mat::w0004,data/raw/source_domain/cwru_48khz_de/OR007@6_3.mat,OR,3.0,F3,R3,test,E3_mechanism_logreg,LR_0.1_bal,0.9957137917474177,0.003444338768299117,0.00019055061611555825,0.0006513188681677498,OR
source::data/raw/source_domain/cwru_48khz_de/OR007@6_3.mat::w0005,data/raw/source_domain/cwru_48khz_de/OR007@6_3.mat,OR,3.0,F3,R3,test,E3_mechanism_logreg,LR_0.1_bal,0.995812804940288,0.0032069621817424955,0.0002156343761587295,0.0007645985018106557,OR
source::data/raw/source_domain/cwru_48khz_de/OR007@6_3.mat::w0006,data/raw/source_domain/cwru_48khz_de/OR007@6_3.mat,OR,3.0,F3,R3,test,E3_mechanism_logreg,LR_0.1_bal,0.9972430725760457,0.0019803239729139638,0.00021378909165066545,0.000562814359389725,OR
source::data/raw/source_domain/cwru_48khz_de/OR014@6_1.mat::w0000,data/raw/source_domain/cwru_48khz_de/OR014@6_1.mat,OR,1.0,F3,R3,test,E3_mechanism_logreg,LR_0.1_bal,0.09590094612025439,0.012499868185826666,0.8821283398992663,0.009470845794652783,B
source::data/raw/source_domain/cwru_48khz_de/OR014@6_1.mat::w0001,data/raw/source_domain/cwru_48khz_de/OR014@6_1.mat,OR,1.0,F3,R3,test,E3_mechanism_logreg,LR_0.1_bal,0.33488240136081115,0.020783471477667306,0.6203589535332172,0.023975173628304203,B
source::data/raw/source_domain/cwru_48khz_de/OR014@6_1.mat::w0002,data/raw/source_domain/cwru_48khz_de/OR014@6_1.mat,OR,1.0,F3,R3,test,E3_mechanism_logreg,LR_0.1_bal,0.13711603470180278,0.01604666223862939,0.8362119943575328,0.010625308702035218,B
source::data/raw/source_domain/cwru_48khz_de/OR014@6_1.mat::w0003,data/raw/source_domain/cwru_48khz_de/OR014@6_1.mat,OR,1.0,F3,R3,test,E3_mechanism_logreg,LR_0.1_bal,0.17095989729358801,0.04403099703770324,0.7706146165884147,0.0143944890802942,B
source::data/raw/source_domain/cwru_48khz_de/OR014@6_1.mat::w0004,data/raw/source_domain/cwru_48khz_de/OR014@6_1.mat,OR,1.0,F3,R3,test,E3_mechanism_logreg,LR_0.1_bal,0.1255004354346015,0.022020476759746332,0.8402656495573442,0.012213438248307961,B
source::data/raw/source_domain/cwru_48khz_de/OR014@6_1.mat::w0005,data/raw/source_domain/cwru_48khz_de/OR014@6_1.mat,OR,1.0,F3,R3,test,E3_mechanism_logreg,LR_0.1_bal,0.32543298319762837,0.22643972387865796,0.42503746533837694,0.02308982758533666,B
source::data/raw/source_domain/cwru_48khz_de/OR014@6_1.mat::w0006,data/raw/source_domain/cwru_48khz_de/OR014@6_1.mat,OR,1.0,F3,R3,test,E3_mechanism_logreg,LR_0.1_bal,0.17431171511355986,0.019044794168251132,0.7925796937748234,0.014063796943365636,B
source::data/raw/source_domain/cwru_48khz_de/OR021@12_1.mat::w0000,data/raw/source_domain/cwru_48khz_de/OR021@12_1.mat,OR,1.0,F3,R3,test,E3_mechanism_logreg,LR_0.1_bal,0.8361606725072173,0.08228635897464408,0.08076394156799908,0.000789026950139526,OR
source::data/raw/source_domain/cwru_48khz_de/OR021@12_1.mat::w0001,data/raw/source_domain/cwru_48khz_de/OR021@12_1.mat,OR,1.0,F3,R3,test,E3_mechanism_logreg,LR_0.1_bal,0.8364346735384237,0.10399864492680398,0.058857718900590494,0.0007089626341818641,OR
source::data/raw/source_domain/cwru_48khz_de/OR021@12_1.mat::w0002,data/raw/source_domain/cwru_48khz_de/OR021@12_1.mat,OR,1.0,F3,R3,test,E3_mechanism_logreg,LR_0.1_bal,0.8601085412779338,0.0942557487125867,0.04504033279146248,0.0005953772180169904,OR
source::data/raw/source_domain/cwru_48khz_de/OR021@12_1.mat::w0003,data/raw/source_domain/cwru_48khz_de/OR021@12_1.mat,OR,1.0,F3,R3,test,E3_mechanism_logreg,LR_0.1_bal,0.8396451263329262,0.06141628533720475,0.09832003575331541,0.0006185525765535861,OR
source::data/raw/source_domain/cwru_48khz_de/OR021@12_1.mat::w0004,data/raw/source_domain/cwru_48khz_de/OR021@12_1.mat,OR,1.0,F3,R3,test,E3_mechanism_logreg,LR_0.1_bal,0.7659105576531615,0.16948486582719083,0.06385036760818859,0.0007542089114590022,OR
source::data/raw/source_domain/cwru_48khz_de/OR021@12_1.mat::w0005,data/raw/source_domain/cwru_48khz_de/OR021@12_1.mat,OR,1.0,F3,R3,test,E3_mechanism_logreg,LR_0.1_bal,0.8510807663208313,0.09377584900405789,0.05424878784641902,0.0008945968286917717,OR
source::data/raw/source_domain/cwru_48khz_de/OR021@12_1.mat::w0006,data/raw/source_domain/cwru_48khz_de/OR021@12_1.mat,OR,1.0,F3,R3,test,E3_mechanism_logreg,LR_0.1_bal,0.8108127449532815,0.14366472320977167,0.04485107875018994,0.000671453086756966,OR
source::data/raw/source_domain/cwru_48khz_de/OR021@3_3.mat::w0000,data/raw/source_domain/cwru_48khz_de/OR021@3_3.mat,OR,3.0,F3,R3,test,E3_mechanism_logreg,LR_0.1_bal,0.9580704186619942,0.010393585478979662,0.02992058468550773,0.0016154111735183644,OR
source::data/raw/source_domain/cwru_48khz_de/OR021@3_3.mat::w0001,data/raw/source_domain/cwru_48khz_de/OR021@3_3.mat,OR,3.0,F3,R3,test,E3_mechanism_logreg,LR_0.1_bal,0.9516734537798347,0.008829982596297378,0.03777093160292104,0.001725632020946854,OR
source::data/raw/source_domain/cwru_48khz_de/OR021@3_3.mat::w0002,data/raw/source_domain/cwru_48khz_de/OR021@3_3.mat,OR,3.0,F3,R3,test,E3_mechanism_logreg,LR_0.1_bal,0.968894733503319,0.005178658035390566,0.024534350031383722,0.0013922584299066103,OR
source::data/raw/source_domain/cwru_48khz_de/OR021@3_3.mat::w0003,data/raw/source_domain/cwru_48khz_de/OR021@3_3.mat,OR,3.0,F3,R3,test,E3_mechanism_logreg,LR_0.1_bal,0.9677327761571707,0.005412883486461816,0.025514743092015933,0.0013395972643515943,OR
source::data/raw/source_domain/cwru_48khz_de/OR021@3_3.mat::w0004,data/raw/source_domain/cwru_48khz_de/OR021@3_3.mat,OR,3.0,F3,R3,test,E3_mechanism_logreg,LR_0.1_bal,0.9662597683524697,0.002429844690608716,0.030061747592524283,0.0012486393643972014,OR
source::data/raw/source_domain/cwru_48khz_de/OR021@3_3.mat::w0005,data/raw/source_domain/cwru_48khz_de/OR021@3_3.mat,OR,3.0,F3,R3,test,E3_mechanism_logreg,LR_0.1_bal,0.9517096019475307,0.021831917715163213,0.024520927010580416,0.0019375533267255833,OR
source::data/raw/source_domain/cwru_48khz_de/OR021@3_3.mat::w0006,data/raw/source_domain/cwru_48khz_de/OR021@3_3.mat,OR,3.0,F3,R3,test,E3_mechanism_logreg,LR_0.1_bal,0.950903622221377,0.015156358193848555,0.031976912861303206,0.0019631067234711494,OR
source::data/raw/source_domain/cwru_48khz_de/OR021@6_0.mat::w0000,data/raw/source_domain/cwru_48khz_de/OR021@6_0.mat,OR,0.0,F3,R3,test,E3_mechanism_logreg,LR_0.1_bal,0.9882475140680328,0.0017988414119117335,0.009448592628298119,0.0005050518917574379,OR
source::data/raw/source_domain/cwru_48khz_de/OR021@6_0.mat::w0001,data/raw/source_domain/cwru_48khz_de/OR021@6_0.mat,OR,0.0,F3,R3,test,E3_mechanism_logreg,LR_0.1_bal,0.9825631173936078,0.004372309779036422,0.012525561300481824,0.0005390115268740712,OR
source::data/raw/source_domain/cwru_48khz_de/OR021@6_0.mat::w0002,data/raw/source_domain/cwru_48khz_de/OR021@6_0.mat,OR,0.0,F3,R3,test,E3_mechanism_logreg,LR_0.1_bal,0.9735322146047796,0.01360079469802801,0.012209627801973242,0.0006573628952191887,OR
source::data/raw/source_domain/cwru_48khz_de/OR021@6_0.mat::w0003,data/raw/source_domain/cwru_48khz_de/OR021@6_0.mat,OR,0.0,F3,R3,test,E3_mechanism_logreg,LR_0.1_bal,0.9796608823819051,0.004462063643977531,0.015602483567385295,0.00027457040673214847,OR
source::data/raw/source_domain/cwru_48khz_de/OR021@6_0.mat::w0004,data/raw/source_domain/cwru_48khz_de/OR021@6_0.mat,OR,0.0,F3,R3,test,E3_mechanism_logreg,LR_0.1_bal,0.9665676392838964,0.01626575575594265,0.016831765980325823,0.00033483897983503934,OR
source::data/raw/source_domain/cwru_48khz_de/OR021@6_0.mat::w0005,data/raw/source_domain/cwru_48khz_de/OR021@6_0.mat,OR,0.0,F3,R3,test,E3_mechanism_logreg,LR_0.1_bal,0.9773005958840302,0.009067126849580855,0.013175531667775972,0.00045674559861289904,OR
source::data/raw/source_domain/cwru_48khz_de/OR021@6_0.mat::w0006,data/raw/source_domain/cwru_48khz_de/OR021@6_0.mat,OR,0.0,F3,R3,test,E3_mechanism_logreg,LR_0.1_bal,0.9769890621813602,0.006220346738895292,0.016352488883822007,0.0004381021959225551,OR
source::data/raw/source_domain/cwru_48khz_normal/N_2_(1750rpm).mat::w0000,data/raw/source_domain/cwru_48khz_normal/N_2_(1750rpm).mat,N,2.0,F3,R3,test,E3_mechanism_logreg,LR_0.1_bal,0.010000599157719321,3.265236485843244e-06,0.25123025272789884,0.7387658828778959,N
source::data/raw/source_domain/cwru_48khz_normal/N_2_(1750rpm).mat::w0001,data/raw/source_domain/cwru_48khz_normal/N_2_(1750rpm).mat,N,2.0,F3,R3,test,E3_mechanism_logreg,LR_0.1_bal,0.012479583449926872,4.882649145699246e-05,0.058816764389299,0.9286548256693171,N
source::data/raw/source_domain/cwru_48khz_normal/N_2_(1750rpm).mat::w0002,data/raw/source_domain/cwru_48khz_normal/N_2_(1750rpm).mat,N,2.0,F3,R3,test,E3_mechanism_logreg,LR_0.1_bal,0.005467759891545333,0.00036788403186127226,0.07147013848466491,0.9226942175919285,N
source::data/raw/source_domain/cwru_48khz_normal/N_2_(1750rpm).mat::w0003,data/raw/source_domain/cwru_48khz_normal/N_2_(1750rpm).mat,N,2.0,F3,R3,test,E3_mechanism_logreg,LR_0.1_bal,0.005633534413832136,0.0001167587373748194,0.12438390412589762,0.8698658027228955,N
source::data/raw/source_domain/cwru_48khz_normal/N_2_(1750rpm).mat::w0004,data/raw/source_domain/cwru_48khz_normal/N_2_(1750rpm).mat,N,2.0,F3,R3,test,E3_mechanism_logreg,LR_0.1_bal,0.005456780981124185,0.00020729484276976593,0.027632468134389975,0.9667034560417159,N
source::data/raw/source_domain/cwru_48khz_normal/N_2_(1750rpm).mat::w0005,data/raw/source_domain/cwru_48khz_normal/N_2_(1750rpm).mat,N,2.0,F3,R3,test,E3_mechanism_logreg,LR_0.1_bal,0.007728040726151473,0.0004911407303376284,0.017387235247864657,0.9743935832956462,N
source::data/raw/source_domain/cwru_48khz_normal/N_2_(1750rpm).mat::w0006,data/raw/source_domain/cwru_48khz_normal/N_2_(1750rpm).mat,N,2.0,F3,R3,test,E3_mechanism_logreg,LR_0.1_bal,0.006803772942038457,8.87454485077114e-06,0.2789312874004999,0.7142560651126109,N
source::data/raw/source_domain/cwru_48khz_normal/N_2_(1750rpm).mat::w0007,data/raw/source_domain/cwru_48khz_normal/N_2_(1750rpm).mat,N,2.0,F3,R3,test,E3_mechanism_logreg,LR_0.1_bal,0.007787359976384119,0.00021653101512015516,0.07404421129185393,0.9179518977166418,N
source::data/raw/source_domain/cwru_48khz_normal/N_2_(1750rpm).mat::w0008,data/raw/source_domain/cwru_48khz_normal/N_2_(1750rpm).mat,N,2.0,F3,R3,test,E3_mechanism_logreg,LR_0.1_bal,0.006156784772308116,2.9876554982194935e-05,0.26602292079266593,0.7277904178800438,N
source::data/raw/source_domain/cwru_48khz_normal/N_2_(1750rpm).mat::w0009,data/raw/source_domain/cwru_48khz_normal/N_2_(1750rpm).mat,N,2.0,F3,R3,test,E3_mechanism_logreg,LR_0.1_bal,0.005943856651577416,0.00012332382265654483,0.11423181464055894,0.8797010048852071,N
source::data/raw/source_domain/cwru_48khz_normal/N_2_(1750rpm).mat::w0010,data/raw/source_domain/cwru_48khz_normal/N_2_(1750rpm).mat,N,2.0,F3,R3,test,E3_mechanism_logreg,LR_0.1_bal,0.007901201656484095,8.559134706298645e-05,0.06872470172929471,0.9232885052671582,N
source::data/raw/source_domain/cwru_48khz_normal/N_2_(1750rpm).mat::w0011,data/raw/source_domain/cwru_48khz_normal/N_2_(1750rpm).mat,N,2.0,F3,R3,test,E3_mechanism_logreg,LR_0.1_bal,0.008324624349207806,8.370473016546446e-05,0.06226840593105884,0.929323264989568,N
source::data/raw/source_domain/cwru_48khz_normal/N_2_(1750rpm).mat::w0012,data/raw/source_domain/cwru_48khz_normal/N_2_(1750rpm).mat,N,2.0,F3,R3,test,E3_mechanism_logreg,LR_0.1_bal,0.010601382850230762,8.16109166504427e-05,0.06902327988940662,0.9202937263437123,N
source::data/raw/source_domain/cwru_48khz_normal/N_2_(1750rpm).mat::w0013,data/raw/source_domain/cwru_48khz_normal/N_2_(1750rpm).mat,N,2.0,F3,R3,test,E3_mechanism_logreg,LR_0.1_bal,0.00850006114430518,6.209402940248364e-05,0.08127965502799593,0.9101581897982964,N
source::data/raw/source_domain/cwru_48khz_normal/N_2_(1750rpm).mat::w0014,data/raw/source_domain/cwru_48khz_normal/N_2_(1750rpm).mat,N,2.0,F3,R3,test,E3_mechanism_logreg,LR_0.1_bal,0.006467008606273146,0.00011789204243298412,0.052277396694364195,0.9411377026569298,N
source::data/raw/source_domain/cwru_48khz_de/B007_3.mat::w0000,data/raw/source_domain/cwru_48khz_de/B007_3.mat,B,3.0,F4,R4,test,E3_mechanism_logreg,LR_10_bal,0.20020343438196386,4.387211235266115e-08,0.7996846264105818,0.00011189533534188334,B
source::data/raw/source_domain/cwru_48khz_de/B007_3.mat::w0001,data/raw/source_domain/cwru_48khz_de/B007_3.mat,B,3.0,F4,R4,test,E3_mechanism_logreg,LR_10_bal,0.48731316536009256,6.683310834139243e-08,0.5126125577160082,7.421009079084561e-05,B
source::data/raw/source_domain/cwru_48khz_de/B007_3.mat::w0002,data/raw/source_domain/cwru_48khz_de/B007_3.mat,B,3.0,F4,R4,test,E3_mechanism_logreg,LR_10_bal,0.18895896609944857,2.5091369307681583e-08,0.8110029325015438,3.807630763832132e-05,B
source::data/raw/source_domain/cwru_48khz_de/B007_3.mat::w0003,data/raw/source_domain/cwru_48khz_de/B007_3.mat,B,3.0,F4,R4,test,E3_mechanism_logreg,LR_10_bal,0.13907461489155462,9.954180887216335e-09,0.8608882433365499,3.713181771437528e-05,B
source::data/raw/source_domain/cwru_48khz_de/B007_3.mat::w0004,data/raw/source_domain/cwru_48khz_de/B007_3.mat,B,3.0,F4,R4,test,E3_mechanism_logreg,LR_10_bal,0.10691325031002374,1.2217495030197098e-07,0.8930490773581253,3.75501569007611e-05,B
source::data/raw/source_domain/cwru_48khz_de/B007_3.mat::w0005,data/raw/source_domain/cwru_48khz_de/B007_3.mat,B,3.0,F4,R4,test,E3_mechanism_logreg,LR_10_bal,0.018572222318565285,2.7328734021719226e-08,0.9813651028036161,6.26475490845018e-05,B
source::data/raw/source_domain/cwru_48khz_de/B007_3.mat::w0006,data/raw/source_domain/cwru_48khz_de/B007_3.mat,B,3.0,F4,R4,test,E3_mechanism_logreg,LR_10_bal,0.23722476260773817,5.939987398277766e-06,0.7624125798401793,0.000356717564684103,B
source::data/raw/source_domain/cwru_48khz_de/B014_0.mat::w0000,data/raw/source_domain/cwru_48khz_de/B014_0.mat,B,0.0,F4,R4,test,E3_mechanism_logreg,LR_10_bal,0.0016754933529083407,6.076563321556934e-05,0.9982199619137555,4.3779100120587306e-05,B
source::data/raw/source_domain/cwru_48khz_de/B014_0.mat::w0001,data/raw/source_domain/cwru_48khz_de/B014_0.mat,B,0.0,F4,R4,test,E3_mechanism_logreg,LR_10_bal,0.0011026242353405257,1.3239480069852903e-05,0.9988571668643319,2.69694202578207e-05,B
source::data/raw/source_domain/cwru_48khz_de/B014_0.mat::w0002,data/raw/source_domain/cwru_48khz_de/B014_0.mat,B,0.0,F4,R4,test,E3_mechanism_logreg,LR_10_bal,0.0001658707790266858,1.779051274121335e-07,0.9998301750038039,3.776312042016937e-06,B
source::data/raw/source_domain/cwru_48khz_de/B014_0.mat::w0003,data/raw/source_domain/cwru_48khz_de/B014_0.mat,B,0.0,F4,R4,test,E3_mechanism_logreg,LR_10_bal,0.0013626252756482253,7.878044840659215e-07,0.9986311596592944,5.427260573427676e-06,B
source::data/raw/source_domain/cwru_48khz_de/B014_0.mat::w0004,data/raw/source_domain/cwru_48khz_de/B014_0.mat,B,0.0,F4,R4,test,E3_mechanism_logreg,LR_10_bal,0.0003621628397147708,6.35052807314841e-08,0.999633426771075,4.346883929409601e-06,B
source::data/raw/source_domain/cwru_48khz_de/B014_0.mat::w0005,data/raw/source_domain/cwru_48khz_de/B014_0.mat,B,0.0,F4,R4,test,E3_mechanism_logreg,LR_10_bal,0.0003887042064055031,2.6229540782314e-08,0.999607179978443,4.0895856107004826e-06,B
source::data/raw/source_domain/cwru_48khz_de/B014_0.mat::w0006,data/raw/source_domain/cwru_48khz_de/B014_0.mat,B,0.0,F4,R4,test,E3_mechanism_logreg,LR_10_bal,0.007844906018776071,4.7067434544734944e-07,0.992141794786198,1.2828520680321756e-05,B
source::data/raw/source_domain/cwru_48khz_de/B021_1.mat::w0000,data/raw/source_domain/cwru_48khz_de/B021_1.mat,B,1.0,F4,R4,test,E3_mechanism_logreg,LR_10_bal,0.014575941306947306,0.03513506654719542,0.950279291337976,9.700807881193941e-06,B
source::data/raw/source_domain/cwru_48khz_de/B021_1.mat::w0001,data/raw/source_domain/cwru_48khz_de/B021_1.mat,B,1.0,F4,R4,test,E3_mechanism_logreg,LR_10_bal,0.00597885669530956,0.8970495927159107,0.09695715784950394,1.439273927584763e-05,IR
source::data/raw/source_domain/cwru_48khz_de/B021_1.mat::w0002,data/raw/source_domain/cwru_48khz_de/B021_1.mat,B,1.0,F4,R4,test,E3_mechanism_logreg,LR_10_bal,0.0018116547052915235,0.05334796014992699,0.9448385350758648,1.8500689167073506e-06,B
source::data/raw/source_domain/cwru_48khz_de/B021_1.mat::w0003,data/raw/source_domain/cwru_48khz_de/B021_1.mat,B,1.0,F4,R4,test,E3_mechanism_logreg,LR_10_bal,0.02364620961471354,0.30297677810484114,0.6733665947858501,1.041749459521105e-05,B
source::data/raw/source_domain/cwru_48khz_de/B021_1.mat::w0004,data/raw/source_domain/cwru_48khz_de/B021_1.mat,B,1.0,F4,R4,test,E3_mechanism_logreg,LR_10_bal,0.0037532450423051703,0.012930774544777661,0.9832969460830289,1.903432988830599e-05,B
source::data/raw/source_domain/cwru_48khz_de/B021_1.mat::w0005,data/raw/source_domain/cwru_48khz_de/B021_1.mat,B,1.0,F4,R4,test,E3_mechanism_logreg,LR_10_bal,0.006733285019136649,0.11247953857659258,0.880776961683349,1.0214720921845767e-05,B
source::data/raw/source_domain/cwru_48khz_de/B021_1.mat::w0006,data/raw/source_domain/cwru_48khz_de/B021_1.mat,B,1.0,F4,R4,test,E3_mechanism_logreg,LR_10_bal,3.90950716569503e-05,0.02250573668534778,0.9774537277991436,1.4404438515319337e-06,B
source::data/raw/source_domain/cwru_48khz_de/IR007_0.mat::w0000,data/raw/source_domain/cwru_48khz_de/IR007_0.mat,IR,0.0,F4,R4,test,E3_mechanism_logreg,LR_10_bal,0.0003358027949901488,0.9989560783915835,0.00025092457808720633,0.0004571942353389914,IR
source::data/raw/source_domain/cwru_48khz_de/IR007_0.mat::w0001,data/raw/source_domain/cwru_48khz_de/IR007_0.mat,IR,0.0,F4,R4,test,E3_mechanism_logreg,LR_10_bal,0.00649232907349651,0.9892367989553803,0.0018337212056017134,0.0024371507655214864,IR
source::data/raw/source_domain/cwru_48khz_de/IR007_0.mat::w0002,data/raw/source_domain/cwru_48khz_de/IR007_0.mat,IR,0.0,F4,R4,test,E3_mechanism_logreg,LR_10_bal,0.0014342796601836013,0.9977701366285798,0.00019092462607229213,0.0006046590851643011,IR
source::data/raw/source_domain/cwru_48khz_de/IR007_0.mat::w0003,data/raw/source_domain/cwru_48khz_de/IR007_0.mat,IR,0.0,F4,R4,test,E3_mechanism_logreg,LR_10_bal,0.03689186422806832,0.9543113353703626,0.0037873329654595452,0.005009467436109431,IR
source::data/raw/source_domain/cwru_48khz_de/IR007_0.mat::w0004,data/raw/source_domain/cwru_48khz_de/IR007_0.mat,IR,0.0,F4,R4,test,E3_mechanism_logreg,LR_10_bal,0.022378965484854768,0.9724668125225636,0.0019386882327963244,0.00321553375978514,IR
source::data/raw/source_domain/cwru_48khz_de/IR007_0.mat::w0005,data/raw/source_domain/cwru_48khz_de/IR007_0.mat,IR,0.0,F4,R4,test,E3_mechanism_logreg,LR_10_bal,0.006317739582647949,0.9903039279916935,0.0013867021421929253,0.0019916302834654463,IR
source::data/raw/source_domain/cwru_48khz_de/IR007_0.mat::w0006,data/raw/source_domain/cwru_48khz_de/IR007_0.mat,IR,0.0,F4,R4,test,E3_mechanism_logreg,LR_10_bal,0.015244796703570507,0.9752349118447788,0.005608795388330324,0.003911496063320085,IR
source::data/raw/source_domain/cwru_48khz_de/IR014_1.mat::w0000,data/raw/source_domain/cwru_48khz_de/IR014_1.mat,IR,1.0,F4,R4,test,E3_mechanism_logreg,LR_10_bal,0.0005383226214492669,0.999411526203808,4.99456930683311e-05,2.0548167444648946e-07,IR
source::data/raw/source_domain/cwru_48khz_de/IR014_1.mat::w0001,data/raw/source_domain/cwru_48khz_de/IR014_1.mat,IR,1.0,F4,R4,test,E3_mechanism_logreg,LR_10_bal,0.005089490126676692,0.9946985047292113,0.00020998934815232045,2.015795959677364e-06,IR
source::data/raw/source_domain/cwru_48khz_de/IR014_1.mat::w0002,data/raw/source_domain/cwru_48khz_de/IR014_1.mat,IR,1.0,F4,R4,test,E3_mechanism_logreg,LR_10_bal,0.020230820743331865,0.9756554316576453,0.004108817194620223,4.930404402717562e-06,IR
source::data/raw/source_domain/cwru_48khz_de/IR014_1.mat::w0003,data/raw/source_domain/cwru_48khz_de/IR014_1.mat,IR,1.0,F4,R4,test,E3_mechanism_logreg,LR_10_bal,0.03802222170418666,0.9588317842464051,0.0031399166836236034,6.077365784389701e-06,IR
source::data/raw/source_domain/cwru_48khz_de/IR014_1.mat::w0004,data/raw/source_domain/cwru_48khz_de/IR014_1.mat,IR,1.0,F4,R4,test,E3_mechanism_logreg,LR_10_bal,0.005698751903322199,0.9941298697729578,0.0001705594538801736,8.188698400074079e-07,IR
source::data/raw/source_domain/cwru_48khz_de/IR014_1.mat::w0005,data/raw/source_domain/cwru_48khz_de/IR014_1.mat,IR,1.0,F4,R4,test,E3_mechanism_logreg,LR_10_bal,0.0019197755895015796,0.9977768180226297,0.00030275639455460286,6.499933140855556e-07,IR
source::data/raw/source_domain/cwru_48khz_de/IR014_1.mat::w0006,data/raw/source_domain/cwru_48khz_de/IR014_1.mat,IR,1.0,F4,R4,test,E3_mechanism_logreg,LR_10_bal,0.0019902010570443177,0.9979313336197483,7.797598838806674e-05,4.893348191572947e-07,IR
source::data/raw/source_domain/cwru_48khz_de/IR021_2.mat::w0000,data/raw/source_domain/cwru_48khz_de/IR021_2.mat,IR,2.0,F4,R4,test,E3_mechanism_logreg,LR_10_bal,0.0002892795859758838,0.9996965858769894,1.3234822041899412e-05,8.997149930786181e-07,IR
source::data/raw/source_domain/cwru_48khz_de/IR021_2.mat::w0001,data/raw/source_domain/cwru_48khz_de/IR021_2.mat,IR,2.0,F4,R4,test,E3_mechanism_logreg,LR_10_bal,0.00158096946584073,0.9982358863680326,0.000179648940523028,3.4952256034596393e-06,IR
source::data/raw/source_domain/cwru_48khz_de/IR021_2.mat::w0002,data/raw/source_domain/cwru_48khz_de/IR021_2.mat,IR,2.0,F4,R4,test,E3_mechanism_logreg,LR_10_bal,0.00363365260164952,0.9958493289813108,0.0005108055764940372,6.212840545629044e-06,IR
source::data/raw/source_domain/cwru_48khz_de/IR021_2.mat::w0003,data/raw/source_domain/cwru_48khz_de/IR021_2.mat,IR,2.0,F4,R4,test,E3_mechanism_logreg,LR_10_bal,0.0009339446972044725,0.9990452405694557,1.9138370959551517e-05,1.6763623803834136e-06,IR
source::data/raw/source_domain/cwru_48khz_de/IR021_2.mat::w0004,data/raw/source_domain/cwru_48khz_de/IR021_2.mat,IR,2.0,F4,R4,test,E3_mechanism_logreg,LR_10_bal,0.0013896951663749674,0.9985638432275386,4.4578932859949246e-05,1.8826732265964855e-06,IR
source::data/raw/source_domain/cwru_48khz_de/IR021_2.mat::w0005,data/raw/source_domain/cwru_48khz_de/IR021_2.mat,IR,2.0,F4,R4,test,E3_mechanism_logreg,LR_10_bal,0.0026596097672207425,0.9970610584394606,0.00027560196199851567,3.729831320082526e-06,IR
source::data/raw/source_domain/cwru_48khz_de/IR021_2.mat::w0006,data/raw/source_domain/cwru_48khz_de/IR021_2.mat,IR,2.0,F4,R4,test,E3_mechanism_logreg,LR_10_bal,0.004816774570847876,0.9941394488977352,0.0010347573142412648,9.019217175838022e-06,IR
source::data/raw/source_domain/cwru_48khz_de/OR007@12_1.mat::w0000,data/raw/source_domain/cwru_48khz_de/OR007@12_1.mat,OR,1.0,F4,R4,test,E3_mechanism_logreg,LR_10_bal,0.9374569595389789,0.05283751447266078,0.009456244681188554,0.00024928130717179154,OR
source::data/raw/source_domain/cwru_48khz_de/OR007@12_1.mat::w0001,data/raw/source_domain/cwru_48khz_de/OR007@12_1.mat,OR,1.0,F4,R4,test,E3_mechanism_logreg,LR_10_bal,0.9920177268600868,0.0017465948118303948,0.006097510321454508,0.00013816800662829845,OR
source::data/raw/source_domain/cwru_48khz_de/OR007@12_1.mat::w0002,data/raw/source_domain/cwru_48khz_de/OR007@12_1.mat,OR,1.0,F4,R4,test,E3_mechanism_logreg,LR_10_bal,0.9853779832452543,0.014067858073012331,0.0004072326134699391,0.0001469260682633914,OR
source::data/raw/source_domain/cwru_48khz_de/OR007@12_1.mat::w0003,data/raw/source_domain/cwru_48khz_de/OR007@12_1.mat,OR,1.0,F4,R4,test,E3_mechanism_logreg,LR_10_bal,0.9894090812883554,0.009922812924017673,0.00047412345473572847,0.00019398233289129698,OR
source::data/raw/source_domain/cwru_48khz_de/OR007@12_1.mat::w0004,data/raw/source_domain/cwru_48khz_de/OR007@12_1.mat,OR,1.0,F4,R4,test,E3_mechanism_logreg,LR_10_bal,0.9610912195160649,0.03863841978211585,0.00012437397001123398,0.0001459867318080713,OR
source::data/raw/source_domain/cwru_48khz_de/OR007@12_1.mat::w0005,data/raw/source_domain/cwru_48khz_de/OR007@12_1.mat,OR,1.0,F4,R4,test,E3_mechanism_logreg,LR_10_bal,0.9413654989171206,0.05558969130106763,0.0026980681476916368,0.00034674163412004897,OR
source::data/raw/source_domain/cwru_48khz_de/OR007@12_1.mat::w0006,data/raw/source_domain/cwru_48khz_de/OR007@12_1.mat,OR,1.0,F4,R4,test,E3_mechanism_logreg,LR_10_bal,0.9648328359065004,0.016219581761935734,0.018451400294452896,0.000496182037110943,OR
source::data/raw/source_domain/cwru_48khz_de/OR007@3_3.mat::w0000,data/raw/source_domain/cwru_48khz_de/OR007@3_3.mat,OR,3.0,F4,R4,test,E3_mechanism_logreg,LR_10_bal,0.9999876588191785,8.302578017374435e-06,3.813697839839591e-09,4.034789106322232e-06,OR
source::data/raw/source_domain/cwru_48khz_de/OR007@3_3.mat::w0001,data/raw/source_domain/cwru_48khz_de/OR007@3_3.mat,OR,3.0,F4,R4,test,E3_mechanism_logreg,LR_10_bal,0.9999954113594064,2.2672613158825607e-06,2.4242147096473455e-09,2.318955062988247e-06,OR
source::data/raw/source_domain/cwru_48khz_de/OR007@3_3.mat::w0002,data/raw/source_domain/cwru_48khz_de/OR007@3_3.mat,OR,3.0,F4,R4,test,E3_mechanism_logreg,LR_10_bal,0.9999801119934828,1.4024152754711991e-05,4.11446584920449e-09,5.859739296786313e-06,OR
source::data/raw/source_domain/cwru_48khz_de/OR007@3_3.mat::w0003,data/raw/source_domain/cwru_48khz_de/OR007@3_3.mat,OR,3.0,F4,R4,test,E3_mechanism_logreg,LR_10_bal,0.9999889045837983,5.668275707893032e-06,1.1563068949954722e-08,5.4155774248200335e-06,OR
source::data/raw/source_domain/cwru_48khz_de/OR007@3_3.mat::w0004,data/raw/source_domain/cwru_48khz_de/OR007@3_3.mat,OR,3.0,F4,R4,test,E3_mechanism_logreg,LR_10_bal,0.9999784152821537,1.987630276325764e-05,3.003680916204147e-10,1.7081147149722551e-06,OR
source::data/raw/source_domain/cwru_48khz_de/OR007@3_3.mat::w0005,data/raw/source_domain/cwru_48khz_de/OR007@3_3.mat,OR,3.0,F4,R4,test,E3_mechanism_logreg,LR_10_bal,0.9999986864731042,1.5056751798070597e-07,4.182870147944194e-09,1.1587765077686316e-06,OR
source::data/raw/source_domain/cwru_48khz_de/OR007@3_3.mat::w0006,data/raw/source_domain/cwru_48khz_de/OR007@3_3.mat,OR,3.0,F4,R4,test,E3_mechanism_logreg,LR_10_bal,0.9999993362988067,6.41944410433808e-09,4.9008915054478765e-09,6.523808578280309e-07,OR
source::data/raw/source_domain/cwru_48khz_de/OR007@6_0.mat::w0000,data/raw/source_domain/cwru_48khz_de/OR007@6_0.mat,OR,0.0,F4,R4,test,E3_mechanism_logreg,LR_10_bal,0.9999774722250503,8.998383693767442e-11,5.361602401813343e-06,1.7166082563947156e-05,OR
source::data/raw/source_domain/cwru_48khz_de/OR007@6_0.mat::w0001,data/raw/source_domain/cwru_48khz_de/OR007@6_0.mat,OR,0.0,F4,R4,test,E3_mechanism_logreg,LR_10_bal,0.9999998869986432,8.889883206368687e-14,1.680630726145197e-09,1.1132063729873294e-07,OR
source::data/raw/source_domain/cwru_48khz_de/OR007@6_0.mat::w0002,data/raw/source_domain/cwru_48khz_de/OR007@6_0.mat,OR,0.0,F4,R4,test,E3_mechanism_logreg,LR_10_bal,0.9999999993324074,6.791266162313518e-17,9.180735575541035e-13,6.666745806371952e-10,OR
source::data/raw/source_domain/cwru_48khz_de/OR007@6_0.mat::w0003,data/raw/source_domain/cwru_48khz_de/OR007@6_0.mat,OR,0.0,F4,R4,test,E3_mechanism_logreg,LR_10_bal,0.9999999999997942,4.601063590313593e-23,6.671178629740613e-17,2.05879378562759e-13,OR
source::data/raw/source_domain/cwru_48khz_de/OR007@6_0.mat::w0004,data/raw/source_domain/cwru_48khz_de/OR007@6_0.mat,OR,0.0,F4,R4,test,E3_mechanism_logreg,LR_10_bal,0.9999999999999676,1.0010638648656133e-23,2.7595237420950404e-18,3.2402020534436e-14,OR
source::data/raw/source_domain/cwru_48khz_de/OR007@6_0.mat::w0005,data/raw/source_domain/cwru_48khz_de/OR007@6_0.mat,OR,0.0,F4,R4,test,E3_mechanism_logreg,LR_10_bal,0.9999999999728144,1.3061200367608591e-19,1.1597711556450205e-13,2.7069706190564798e-11,OR
source::data/raw/source_domain/cwru_48khz_de/OR007@6_0.mat::w0006,data/raw/source_domain/cwru_48khz_de/OR007@6_0.mat,OR,0.0,F4,R4,test,E3_mechanism_logreg,LR_10_bal,0.9999999999938325,3.752873629717326e-20,8.247822041084293e-15,6.1591538216941976e-12,OR
source::data/raw/source_domain/cwru_48khz_de/OR014@6_2.mat::w0000,data/raw/source_domain/cwru_48khz_de/OR014@6_2.mat,OR,2.0,F4,R4,test,E3_mechanism_logreg,LR_10_bal,0.0482393705751745,0.25230273184683544,0.699231878599625,0.0002260189783649243,B
source::data/raw/source_domain/cwru_48khz_de/OR014@6_2.mat::w0001,data/raw/source_domain/cwru_48khz_de/OR014@6_2.mat,OR,2.0,F4,R4,test,E3_mechanism_logreg,LR_10_bal,0.0136317105430198,0.020119421743037776,0.9662084617392088,4.040597473355471e-05,B
source::data/raw/source_domain/cwru_48khz_de/OR014@6_2.mat::w0002,data/raw/source_domain/cwru_48khz_de/OR014@6_2.mat,OR,2.0,F4,R4,test,E3_mechanism_logreg,LR_10_bal,0.8884707887594498,1.091387376706375e-06,0.11144980365685857,7.83161963149623e-05,OR
source::data/raw/source_domain/cwru_48khz_de/OR014@6_2.mat::w0003,data/raw/source_domain/cwru_48khz_de/OR014@6_2.mat,OR,2.0,F4,R4,test,E3_mechanism_logreg,LR_10_bal,0.8352964972028896,0.0006448045963591934,0.16316180150772747,0.0008968966930238139,OR
source::data/raw/source_domain/cwru_48khz_de/OR014@6_2.mat::w0004,data/raw/source_domain/cwru_48khz_de/OR014@6_2.mat,OR,2.0,F4,R4,test,E3_mechanism_logreg,LR_10_bal,0.9760882381825755,0.00019879790300428735,0.022967808774850364,0.0007451551395699558,OR
source::data/raw/source_domain/cwru_48khz_de/OR014@6_2.mat::w0005,data/raw/source_domain/cwru_48khz_de/OR014@6_2.mat,OR,2.0,F4,R4,test,E3_mechanism_logreg,LR_10_bal,0.9869571076527799,6.105138181757501e-08,0.012998278013042147,4.4553282796013195e-05,OR
source::data/raw/source_domain/cwru_48khz_de/OR014@6_2.mat::w0006,data/raw/source_domain/cwru_48khz_de/OR014@6_2.mat,OR,2.0,F4,R4,test,E3_mechanism_logreg,LR_10_bal,0.9105365393579692,0.0011584140326855615,0.08644438855233365,0.0018606580570116372,OR
source::data/raw/source_domain/cwru_48khz_de/OR021@12_2.mat::w0000,data/raw/source_domain/cwru_48khz_de/OR021@12_2.mat,OR,2.0,F4,R4,test,E3_mechanism_logreg,LR_10_bal,0.9632351837426585,0.03672194503174266,4.005995541883731e-05,2.811270179996142e-06,OR
source::data/raw/source_domain/cwru_48khz_de/OR021@12_2.mat::w0001,data/raw/source_domain/cwru_48khz_de/OR021@12_2.mat,OR,2.0,F4,R4,test,E3_mechanism_logreg,LR_10_bal,0.9466158828886388,0.053328989239361385,5.1659530769428776e-05,3.4683412302760723e-06,OR
source::data/raw/source_domain/cwru_48khz_de/OR021@12_2.mat::w0002,data/raw/source_domain/cwru_48khz_de/OR021@12_2.mat,OR,2.0,F4,R4,test,E3_mechanism_logreg,LR_10_bal,0.9337851256946734,0.06610325248458954,0.0001074021206012625,4.219700135875542e-06,OR
source::data/raw/source_domain/cwru_48khz_de/OR021@12_2.mat::w0003,data/raw/source_domain/cwru_48khz_de/OR021@12_2.mat,OR,2.0,F4,R4,test,E3_mechanism_logreg,LR_10_bal,0.9538183050029271,0.045670360739633285,0.0005076093097762537,3.7249476634124833e-06,OR
source::data/raw/source_domain/cwru_48khz_de/OR021@12_2.mat::w0004,data/raw/source_domain/cwru_48khz_de/OR021@12_2.mat,OR,2.0,F4,R4,test,E3_mechanism_logreg,LR_10_bal,0.9087708278615371,0.09080936513380143,0.00041681378936151575,2.993215300062484e-06,OR
source::data/raw/source_domain/cwru_48khz_de/OR021@12_2.mat::w0005,data/raw/source_domain/cwru_48khz_de/OR021@12_2.mat,OR,2.0,F4,R4,test,E3_mechanism_logreg,LR_10_bal,0.7841298186283681,0.21326169483336735,0.0026030099410597,5.47659720482438e-06,OR
source::data/raw/source_domain/cwru_48khz_de/OR021@12_2.mat::w0006,data/raw/source_domain/cwru_48khz_de/OR021@12_2.mat,OR,2.0,F4,R4,test,E3_mechanism_logreg,LR_10_bal,0.6589120916040407,0.3393190621813301,0.0017477832280406475,2.1062986588469123e-05,OR
source::data/raw/source_domain/cwru_48khz_de/OR021@3_0.mat::w0000,data/raw/source_domain/cwru_48khz_de/OR021@3_0.mat,OR,0.0,F4,R4,test,E3_mechanism_logreg,LR_10_bal,0.9968400881167999,2.898580077564116e-07,0.0031569595237822216,2.662501410121191e-06,OR
source::data/raw/source_domain/cwru_48khz_de/OR021@3_0.mat::w0001,data/raw/source_domain/cwru_48khz_de/OR021@3_0.mat,OR,0.0,F4,R4,test,E3_mechanism_logreg,LR_10_bal,0.9998714836248803,4.6504986664074134e-07,0.00012676054374041113,1.2907815126148543e-06,OR
source::data/raw/source_domain/cwru_48khz_de/OR021@3_0.mat::w0002,data/raw/source_domain/cwru_48khz_de/OR021@3_0.mat,OR,0.0,F4,R4,test,E3_mechanism_logreg,LR_10_bal,0.9842855782354002,1.7132718600536846e-07,0.01571017736385314,4.073073560729524e-06,OR
source::data/raw/source_domain/cwru_48khz_de/OR021@3_0.mat::w0003,data/raw/source_domain/cwru_48khz_de/OR021@3_0.mat,OR,0.0,F4,R4,test,E3_mechanism_logreg,LR_10_bal,0.9991937448972162,1.0017089796491012e-07,0.0008045668429773099,1.588088908500916e-06,OR
source::data/raw/source_domain/cwru_48khz_de/OR021@6_1.mat::w0000,data/raw/source_domain/cwru_48khz_de/OR021@6_1.mat,OR,1.0,F4,R4,test,E3_mechanism_logreg,LR_10_bal,0.9880537267918434,0.00016642913084077024,0.011753429205831367,2.641487148448627e-05,OR
source::data/raw/source_domain/cwru_48khz_de/OR021@6_1.mat::w0001,data/raw/source_domain/cwru_48khz_de/OR021@6_1.mat,OR,1.0,F4,R4,test,E3_mechanism_logreg,LR_10_bal,0.9980809119537252,5.3815407399339916e-05,0.0018532031829316122,1.2069455943985679e-05,OR
source::data/raw/source_domain/cwru_48khz_de/OR021@6_1.mat::w0002,data/raw/source_domain/cwru_48khz_de/OR021@6_1.mat,OR,1.0,F4,R4,test,E3_mechanism_logreg,LR_10_bal,0.9996253190022206,0.0001572395928417519,0.00021151583656328795,5.925568374350377e-06,OR
source::data/raw/source_domain/cwru_48khz_de/OR021@6_1.mat::w0003,data/raw/source_domain/cwru_48khz_de/OR021@6_1.mat,OR,1.0,F4,R4,test,E3_mechanism_logreg,LR_10_bal,0.9999946841042062,1.567080899844273e-06,2.9087313526158895e-06,8.400835414744073e-07,OR
source::data/raw/source_domain/cwru_48khz_de/OR021@6_1.mat::w0004,data/raw/source_domain/cwru_48khz_de/OR021@6_1.mat,OR,1.0,F4,R4,test,E3_mechanism_logreg,LR_10_bal,0.9992820091386412,0.0006731186687778942,3.165066602486201e-05,1.322152655609057e-05,OR
source::data/raw/source_domain/cwru_48khz_de/OR021@6_1.mat::w0005,data/raw/source_domain/cwru_48khz_de/OR021@6_1.mat,OR,1.0,F4,R4,test,E3_mechanism_logreg,LR_10_bal,0.9967870326938283,0.0029127369109269927,0.00027489134733081166,2.5339047913861547e-05,OR
source::data/raw/source_domain/cwru_48khz_de/OR021@6_1.mat::w0006,data/raw/source_domain/cwru_48khz_de/OR021@6_1.mat,OR,1.0,F4,R4,test,E3_mechanism_logreg,LR_10_bal,0.999152440922669,0.0005035883602693212,0.00032572416977985353,1.8246547281778257e-05,OR
source::data/raw/source_domain/cwru_48khz_normal/N_3.mat::w0000,data/raw/source_domain/cwru_48khz_normal/N_3.mat,N,3.0,F4,R4,test,E3_mechanism_logreg,LR_10_bal,0.008024456213529414,1.1634212985431715e-09,0.0005124119785328361,0.9914631306445163,N
source::data/raw/source_domain/cwru_48khz_normal/N_3.mat::w0001,data/raw/source_domain/cwru_48khz_normal/N_3.mat,N,3.0,F4,R4,test,E3_mechanism_logreg,LR_10_bal,0.011285811403468255,2.3719685997343125e-09,0.00019885290914141857,0.9885153333154217,N
source::data/raw/source_domain/cwru_48khz_normal/N_3.mat::w0002,data/raw/source_domain/cwru_48khz_normal/N_3.mat,N,3.0,F4,R4,test,E3_mechanism_logreg,LR_10_bal,0.005003284921311333,2.7808940035343272e-09,0.00017948598027049044,0.9948172263175241,N
source::data/raw/source_domain/cwru_48khz_normal/N_3.mat::w0003,data/raw/source_domain/cwru_48khz_normal/N_3.mat,N,3.0,F4,R4,test,E3_mechanism_logreg,LR_10_bal,0.013678559702348197,4.4232427179552975e-09,1.4927389622743087e-05,0.9863065084847863,N
source::data/raw/source_domain/cwru_48khz_normal/N_3.mat::w0004,data/raw/source_domain/cwru_48khz_normal/N_3.mat,N,3.0,F4,R4,test,E3_mechanism_logreg,LR_10_bal,0.0030266449607265007,3.3383340266344853e-09,4.7314411448421e-05,0.9969260372894909,N
source::data/raw/source_domain/cwru_48khz_normal/N_3.mat::w0005,data/raw/source_domain/cwru_48khz_normal/N_3.mat,N,3.0,F4,R4,test,E3_mechanism_logreg,LR_10_bal,0.058517880697118795,1.7797052307921248e-09,1.6229229704608223e-05,0.9414658882934713,N
source::data/raw/source_domain/cwru_48khz_normal/N_3.mat::w0006,data/raw/source_domain/cwru_48khz_normal/N_3.mat,N,3.0,F4,R4,test,E3_mechanism_logreg,LR_10_bal,0.005638174418162795,7.84007037238258e-09,6.4202613606929e-05,0.9942976151281601,N
source::data/raw/source_domain/cwru_48khz_normal/N_3.mat::w0007,data/raw/source_domain/cwru_48khz_normal/N_3.mat,N,3.0,F4,R4,test,E3_mechanism_logreg,LR_10_bal,0.006829461897999868,4.876532490542549e-09,5.525763917471415e-05,0.9931152755862929,N
source::data/raw/source_domain/cwru_48khz_normal/N_3.mat::w0008,data/raw/source_domain/cwru_48khz_normal/N_3.mat,N,3.0,F4,R4,test,E3_mechanism_logreg,LR_10_bal,0.0018641908385340948,6.129035469829483e-09,0.0005710178916638238,0.9975647851407666,N
source::data/raw/source_domain/cwru_48khz_normal/N_3.mat::w0009,data/raw/source_domain/cwru_48khz_normal/N_3.mat,N,3.0,F4,R4,test,E3_mechanism_logreg,LR_10_bal,0.009817101789802302,3.419129758198274e-08,9.368729863735387e-05,0.9900891767202626,N
source::data/raw/source_domain/cwru_48khz_normal/N_3.mat::w0010,data/raw/source_domain/cwru_48khz_normal/N_3.mat,N,3.0,F4,R4,test,E3_mechanism_logreg,LR_10_bal,0.003107554008771231,8.226440245778028e-10,0.0006618992504120233,0.9962305459181727,N
source::data/raw/source_domain/cwru_48khz_normal/N_3.mat::w0011,data/raw/source_domain/cwru_48khz_normal/N_3.mat,N,3.0,F4,R4,test,E3_mechanism_logreg,LR_10_bal,0.005170764757575793,6.317990665485131e-09,1.4278597435072342e-05,0.9948149503269985,N
source::data/raw/source_domain/cwru_48khz_normal/N_3.mat::w0012,data/raw/source_domain/cwru_48khz_normal/N_3.mat,N,3.0,F4,R4,test,E3_mechanism_logreg,LR_10_bal,0.004442387357248588,1.829616397847505e-08,0.00020871961664914283,0.9953488747299384,N
source::data/raw/source_domain/cwru_48khz_normal/N_3.mat::w0013,data/raw/source_domain/cwru_48khz_normal/N_3.mat,N,3.0,F4,R4,test,E3_mechanism_logreg,LR_10_bal,0.025457188172472306,1.0861112560918972e-08,8.614019353092684e-05,0.9744566607728841,N
source::data/raw/source_domain/cwru_48khz_normal/N_3.mat::w0014,data/raw/source_domain/cwru_48khz_normal/N_3.mat,N,3.0,F4,R4,test,E3_mechanism_logreg,LR_10_bal,0.02305246222523123,3.3461720865164048e-09,0.0002021200082886406,0.976745414420308,N
