record_id,relative_path,filename,label,fs,rpm,window_index,window_start,window_length,mean,std,rms,peak_abs,ptp,skewness,kurtosis,crest_factor,impulse_factor,shape_factor,clearance_factor,dominant_freq_0_6k,spectral_centroid_0_6k,f95_0_6k,spectral_entropy_0_6k,energy_0_500,energy_500_1500,energy_1500_3000,energy_3000_6000
source_domain/cwru_48khz_de/B007_0.mat,source_domain/cwru_48khz_de/B007_0.mat,B007_0.mat,B,48000,1796.0,0,0,48000,9.3443771239284e-19,0.14710492669108596,0.14710492669108596,0.5725445536538462,1.128817846153846,-0.02330984026451701,3.0962127074649337,3.892082791028971,4.906646532562044,1.2606737307434028,5.809775086414361,3363.28125,2878.4911602385237,3457.03125,0.7453770861007707,0.018631415725702517,0.05894365875608467,0.4499658983338056,0.46417401475715836
source_domain/cwru_48khz_de/B007_0.mat,source_domain/cwru_48khz_de/B007_0.mat,B007_0.mat,B,48000,1796.0,1,48000,48000,-1.5543122344752192e-18,0.14663731490769277,0.14663731490769277,0.7000262946538461,1.3330523076923075,-0.017596291637931097,3.1691042923439663,4.773861926548056,6.030688191160193,1.263272437265443,7.147889906220395,2859.375,2848.890222028597,3457.03125,0.7461742268060613,0.020646899113091748,0.06670624272313848,0.4542098827416494,0.4492745428611441
source_domain/cwru_48khz_de/B007_0.mat,source_domain/cwru_48khz_de/B007_0.mat,B007_0.mat,B,48000,1796.0,2,96000,48000,2.3129646346357427e-18,0.14469080290070546,0.14469080290070546,0.6580836456923077,1.2352116923076923,-0.01872214083309054,3.0457171986612344,4.548206468515981,5.705262137718722,1.2543982286584368,6.7354522671426595,2859.375,2878.869903710699,3457.03125,0.7457433364522537,0.019586447192192914,0.06387383101172556,0.3997145530214761,0.5086486895513332
source_domain/cwru_48khz_de/B007_0.mat,source_domain/cwru_48khz_de/B007_0.mat,B007_0.mat,B,48000,1796.0,3,144000,48000,-6.059967342745646e-19,0.14343679996488617,0.14343679996488617,0.6058066078076924,1.1469673846153845,-0.024770340132322367,3.1730095821213453,4.223508945764074,5.339951447072719,1.264340034698196,6.330629559288612,2859.375,2878.0149695891027,3457.03125,0.7462276027820014,0.01864688995925477,0.05994408556188095,0.4280488535316626,0.4847813728073067
source_domain/cwru_48khz_de/B007_1.mat,source_domain/cwru_48khz_de/B007_1.mat,B007_1.mat,B,48000,1772.0,0,0,48000,-3.478698810492157e-18,0.13879752927766065,0.13879752927766065,0.5680345758846154,1.1079563076923078,-0.019405474205763256,3.031437874519831,4.0925409755975215,5.142793166048101,1.2566259438026,6.078491349500071,2812.5,2801.494790553223,3421.875,0.7444884617473194,0.02106001981214807,0.057679706129779226,0.5154672200895544,0.39092169617848
source_domain/cwru_48khz_de/B007_1.mat,source_domain/cwru_48khz_de/B007_1.mat,B007_1.mat,B,48000,1772.0,1,48000,48000,-1.491862189340054e-18,0.14142516218685983,0.14142516218685983,0.6571496441923077,1.209552,-0.0017400051286427204,3.0104587978697097,4.646624646039957,5.823304682850588,1.2532332879033534,6.874466102773116,2824.21875,2807.760110328341,3421.875,0.7458580268974768,0.01958076999721237,0.05768096261970802,0.5054472110132164,0.4031122347211502
source_domain/cwru_48khz_de/B007_1.mat,source_domain/cwru_48khz_de/B007_1.mat,B007_1.mat,B,48000,1772.0,2,96000,48000,1.0362081563168129e-18,0.14048418425825684,0.14048418425825684,0.6141590810384616,1.2076744615384616,0.0069484556325348935,3.126628580514645,4.371731126011028,5.512131067897509,1.260857749247676,6.530907719234792,2824.21875,2804.58641300764,3433.59375,0.7487465268346642,0.020801944713078543,0.05930675461397088,0.5185139498864577,0.39084082805405
source_domain/cwru_48khz_de/B007_1.mat,source_domain/cwru_48khz_de/B007_1.mat,B007_1.mat,B,48000,1772.0,3,144000,48000,-1.1194748831636995e-18,0.14139269069948238,0.14139269069948238,0.6100341073076923,1.195992,0.032069069541201804,3.049870109794467,4.314467065344638,5.41993827306767,1.2562242777478232,6.40888252513596,2894.53125,2822.7276392845297,3421.875,0.7419284747214558,0.02035601046897649,0.056198350130038516,0.5091887587209044,0.4036410552476113
source_domain/cwru_48khz_de/B007_2.mat,source_domain/cwru_48khz_de/B007_2.mat,B007_2.mat,B,48000,1747.0,0,0,48000,1.1102230246251566e-19,0.13632368511513143,0.13632368511513143,0.6179892334230768,1.1828492307692307,0.03399279665341262,3.1210284047884356,4.533249177475096,5.695933790333586,1.2564793081734575,6.727662315317287,2929.6875,2755.1182167251086,3433.59375,0.7493053949358519,0.020041716430058112,0.07204698455130396,0.5638998120975904,0.3275745947398488
source_domain/cwru_48khz_de/B007_2.mat,source_domain/cwru_48khz_de/B007_2.mat,B007_2.mat,B,48000,1747.0,1,48000,48000,9.62193288008469e-19,0.13578359024436293,0.13578359024436293,0.5628004115384615,1.1246455384615386,-0.008068412188594703,3.066097635504911,4.144833779409375,5.217291321504193,1.2587456093858647,6.174481591006843,2929.6875,2752.7308903242288,3433.59375,0.7488497681895705,0.020571904935244405,0.0745563861357887,0.5562989686759899,0.33242154389203465
source_domain/cwru_48khz_de/B007_2.mat,source_domain/cwru_48khz_de/B007_2.mat,B007_2.mat,B,48000,1747.0,2,96000,48000,4.579669976578771e-19,0.14358073645036196,0.14358073645036196,0.5917138823461539,1.1711667692307692,-0.006821518228648213,3.0073852622786856,4.121123048749629,5.163388879558761,1.252908204497655,6.0911388513503155,2859.375,2770.339087375352,3433.59375,0.7356376765180337,0.017804007834276755,0.0674051358994318,0.5531991580699959,0.34322213884798886
source_domain/cwru_48khz_de/B007_2.mat,source_domain/cwru_48khz_de/B007_2.mat,B007_2.mat,B,48000,1747.0,3,144000,48000,1.5080529417825042e-18,0.1415701730838672,0.1415701730838672,0.7576097082307693,1.4317273846153848,-0.010704385690523009,3.190085058113809,5.351478293217911,6.719008990435528,1.2555426037891755,7.927460679609288,2859.375,2771.5082625344426,3433.59375,0.7373541696821212,0.017766758820920135,0.06718835915742598,0.5527965916079773,0.3451202560369894
source_domain/cwru_48khz_de/B007_3.mat,source_domain/cwru_48khz_de/B007_3.mat,B007_3.mat,B,48000,1721.0,0,0,48000,1.7763568394002505e-18,0.14379774242749488,0.14379774242749488,0.5908090783076922,1.129860923076923,0.03361344608749285,3.0263050217241627,4.108611639723613,5.168728321571151,1.2580230926578657,6.122472602805933,2894.53125,2704.2417996386016,3421.875,0.7415156454045597,0.015717916448035607,0.11618078765250774,0.5346507406533823,0.3143534721865442
source_domain/cwru_48khz_de/B007_3.mat,source_domain/cwru_48khz_de/B007_3.mat,B007_3.mat,B,48000,1721.0,1,48000,48000,-1.5173048003210473e-18,0.14171471175645142,0.14171471175645142,0.6212771857307691,1.238966769230769,0.023699114262227046,3.007076223645386,4.383999219460728,5.489758323484442,1.252226117896297,6.470133261804447,2882.8125,2694.7686378562876,3421.875,0.7483740740615353,0.016433797432207735,0.12175761497330649,0.5322532310703832,0.3209536765917622
source_domain/cwru_48khz_de/B007_3.mat,source_domain/cwru_48khz_de/B007_3.mat,B007_3.mat,B,48000,1721.0,2,96000,48000,1.5173048003210473e-18,0.13800167273548894,0.13800167273548894,0.5962000779615385,1.1448812307692307,0.02152485755742446,3.093078289217985,4.320238053200768,5.4394067856637935,1.2590525611417276,6.4360030636929935,2882.8125,2692.476363452882,3421.875,0.7526814802481137,0.017248740676063884,0.12112979483871898,0.5274438368087275,0.32435502458180904
source_domain/cwru_48khz_de/B007_3.mat,source_domain/cwru_48khz_de/B007_3.mat,B007_3.mat,B,48000,1721.0,3,144000,48000,2.498001805406602e-19,0.13947038369551837,0.13947038369551837,0.6483119359230769,1.2087175384615385,-0.014112384337384725,2.9965476232205903,4.648384257218193,5.834435234503948,1.2551533848352092,6.893824651182062,2917.96875,2685.338508295067,3421.875,0.7527624290837479,0.016645832806181638,0.1261977311021582,0.5274987998479304,0.318862126816517
source_domain/cwru_48khz_de/B014_0.mat,source_domain/cwru_48khz_de/B014_0.mat,B014_0.mat,B,48000,1797.0,0,0,48000,1.6838382540148208e-18,0.12607040278818754,0.12607040278818754,1.1094135730769228,2.1733550769230767,-0.05189810220962529,8.374098036619163,8.799952633863338,12.316093106275297,1.3995635679655491,15.195752961593389,2800.78125,2559.4987462528375,3292.96875,0.7834538035523635,0.050925961132412136,0.10139020317694873,0.5317527975914412,0.3030107819377304
source_domain/cwru_48khz_de/B014_0.mat,source_domain/cwru_48khz_de/B014_0.mat,B014_0.mat,B,48000,1797.0,1,48000,48000,-1.1842378929335003e-18,0.14545862609519766,0.14545862609519766,1.2886116416153846,2.5515747692307693,-0.024812880301042305,12.721422602457176,8.858956503295815,13.28838173060209,1.4999940145960795,16.80458952089047,2812.5,2729.2797763463464,3328.125,0.7606274226971568,0.02773052761470718,0.06125339484149843,0.5311045936021135,0.36481928923706286
source_domain/cwru_48khz_de/B014_0.mat,source_domain/cwru_48khz_de/B014_0.mat,B014_0.mat,B,48000,1797.0,2,96000,48000,2.220446049250313e-18,0.1312391284177514,0.1312391284177514,1.1286746403846153,2.221962461538461,0.06722760380305606,9.984187385953774,8.600138190367247,12.28487429452814,1.4284508018946078,15.231814905315296,2812.5,2606.9495164445443,3328.125,0.7784925416240743,0.03821802770791362,0.10228418126153638,0.5271299172475921,0.3181374206164955
source_domain/cwru_48khz_de/B014_0.mat,source_domain/cwru_48khz_de/B014_0.mat,B014_0.mat,B,48000,1797.0,3,144000,48000,6.938893903907229e-19,0.14970399858545386,0.14970399858545386,1.1602734475384615,2.3139618461538465,-0.008376369362913255,9.671043840988467,7.750450612502545,11.27818900307925,1.4551655854448824,14.158095323170857,2800.78125,2651.7498735359068,3304.6875,0.7643452101715654,0.035046923698760474,0.08163135573145947,0.5690935004963852,0.2974071828550743
source_domain/cwru_48khz_de/B014_1.mat,source_domain/cwru_48khz_de/B014_1.mat,B014_1.mat,B,48000,1772.0,0,0,48000,8.049116928532385e-19,0.1678009236247157,0.1678009236247157,2.3041577879615383,4.155618461538461,0.1768088933325899,15.802766164490778,13.731496455293785,20.26711254945734,1.475958036716614,25.47250120561211,363.28125,2458.1371889958077,3234.375,0.748567001310416,0.0995051771063149,0.055080378029834634,0.6562732598244961,0.18387026243881097
source_domain/cwru_48khz_de/B014_1.mat,source_domain/cwru_48khz_de/B014_1.mat,B014_1.mat,B,48000,1772.0,1,48000,48000,1.8503717077085944e-19,0.13819738248835023,0.13819738248835023,1.8680150953461536,3.466561846153846,-0.05187180028500939,16.744516492152385,13.517007787684449,19.540925149696317,1.4456546490532434,24.210234094119514,363.28125,2380.932268589507,3246.09375,0.7493877010643089,0.1215574063322013,0.06341362061066794,0.644457892644653,0.16222920139951766
source_domain/cwru_48khz_de/B014_1.mat,source_domain/cwru_48khz_de/B014_1.mat,B014_1.mat,B,48000,1772.0,2,96000,48000,2.923587298179579e-18,0.13701147474184766,0.13701147474184766,1.144822970576923,2.145817846153846,0.049239967069591176,8.89459369557441,8.35567219990591,11.887268776272537,1.4226585835092516,14.769210816979216,363.28125,2461.571656111134,3292.96875,0.745827272658871,0.11555088361268077,0.05057305384786898,0.6078852675202768,0.21958625402171242
source_domain/cwru_48khz_de/B014_1.mat,source_domain/cwru_48khz_de/B014_1.mat,B014_1.mat,B,48000,1772.0,3,144000,48000,-1.2304971856262152e-18,0.15376446333302698,0.15376446333302698,1.817804027769231,3.123180923076923,0.29635028939386754,10.330767805040601,11.82200352639584,16.669546108874812,1.4100440819144662,20.642357727185388,363.28125,2429.0400447421166,3269.53125,0.7628835740866322,0.11640645637362493,0.06220341680649836,0.5779857152055851,0.23668618936184968
source_domain/cwru_48khz_de/B014_2.mat,source_domain/cwru_48khz_de/B014_2.mat,B014_2.mat,B,48000,1748.0,0,0,48000,9.251858538542971e-19,0.1366739236886779,0.1366739236886779,1.9505956996153846,3.7273310769230767,0.23918156710043115,19.29372821542626,14.27189362064609,21.02611437137554,1.4732532998147339,26.149741138038493,363.28125,2372.434369617165,3246.09375,0.7457738980632186,0.11843086740914663,0.0722579972290138,0.6477280985326159,0.15421638824038678
source_domain/cwru_48khz_de/B014_2.mat,source_domain/cwru_48khz_de/B014_2.mat,B014_2.mat,B,48000,1748.0,1,48000,48000,-1.8873791418627663e-18,0.17675063682250028,0.17675063682250028,2.909674485576923,5.279638153846154,0.37884621784492367,24.784387059348216,16.462031129666972,25.039635522862543,1.5210538314191264,31.70664004018313,363.28125,2523.194763318426,3246.09375,0.7415282373575481,0.078503197518518,0.054156191464040764,0.6679898121878692,0.19103666707977765
source_domain/cwru_48khz_de/B014_2.mat,source_domain/cwru_48khz_de/B014_2.mat,B014_2.mat,B,48000,1748.0,2,96000,48000,-1.4802973661668753e-19,0.17926797809259298,0.17926797809259298,2.3163353155384616,4.492949538461538,0.10424232266413855,26.71671652439902,12.921076815677251,20.557717717052494,1.5910220185360222,26.231811349899264,2882.8125,2534.2735235464065,3234.375,0.7309428090426573,0.06829909047978953,0.04567891377955344,0.7490535326658465,0.13027881055640023
source_domain/cwru_48khz_de/B014_2.mat,source_domain/cwru_48khz_de/B014_2.mat,B014_2.mat,B,48000,1748.0,3,144000,48000,-2.812564995717063e-18,0.13112437783823408,0.13112437783823408,1.0728719242692308,2.1101446153846153,0.016670077109861643,8.384073780137125,8.182093535533358,11.488124930491065,1.4040569055477785,14.180751706364687,363.28125,2447.893939407003,3292.96875,0.7502905760558702,0.11030090288514902,0.06576583374561067,0.6250127480150824,0.1926333529870376
source_domain/cwru_48khz_de/B014_3.mat,source_domain/cwru_48khz_de/B014_3.mat,B014_3.mat,B,48000,1725.0,0,0,48000,1.0362081563168129e-18,0.1697070528285506,0.1697070528285506,1.9675862970384612,3.602161846153846,0.218384674359526,10.157078605867394,11.594016066112788,16.5901024020673,1.430919390431018,20.69279962723167,2765.625,2436.265342059088,3222.65625,0.7568053292718386,0.08072520695613265,0.09760048310227318,0.6494141484362751,0.16161913906597475
source_domain/cwru_48khz_de/B014_3.mat,source_domain/cwru_48khz_de/B014_3.mat,B014_3.mat,B,48000,1725.0,1,48000,48000,-8.696747026230392e-19,0.17528688997275713,0.17528688997275713,2.314971136076923,4.1253692307692305,0.2568053214787314,18.966358528778727,13.206755715863897,19.650601643689104,1.4879204299942326,24.57787064276001,2765.625,2468.9282911486216,3187.5,0.7481523000289674,0.07008949470175267,0.09186319713324174,0.6759502951071943,0.15271277995865312
source_domain/cwru_48khz_de/B014_3.mat,source_domain/cwru_48khz_de/B014_3.mat,B014_3.mat,B,48000,1725.0,2,96000,48000,-3.219646771412954e-18,0.1822628951658397,0.1822628951658397,2.2491870126153843,3.9000646153846152,0.4635957702622419,18.301116862566225,12.34034503049304,18.758144532346517,1.5200664556697687,23.706119865444926,2566.40625,2490.0077018325874,3246.09375,0.747157697065676,0.06445583396779804,0.08041085469414413,0.6878945817712647,0.15522925711512167
source_domain/cwru_48khz_de/B014_3.mat,source_domain/cwru_48khz_de/B014_3.mat,B014_3.mat,B,48000,1725.0,3,144000,48000,2.4054832200211724e-19,0.1526889930343868,0.1526889930343868,1.2706594533076923,2.521742769230769,0.0022133885218871825,7.869994880803707,8.321879842466494,11.48132877371076,1.3796556776807118,14.0844152715062,363.28125,2372.1366391075003,3234.375,0.7628243911244293,0.08930908215197983,0.12400069256108799,0.6058804978537938,0.16861857680957432
source_domain/cwru_48khz_de/B021_0.mat,source_domain/cwru_48khz_de/B021_0.mat,B021_0.mat,B,48000,1797.0,0,0,48000,-8.881784197001253e-19,0.3422720775113648,0.3422720775113648,1.4159644935555558,2.809488,0.021666771625293235,3.021107465724912,4.136955909014819,5.178122908829811,1.251674666759455,6.096441156118464,2578.125,2647.5465754826114,3210.9375,0.6540133026718775,0.009132371492336451,0.05141034380159612,0.8530261503064507,0.08406796743169959
source_domain/cwru_48khz_de/B021_0.mat,source_domain/cwru_48khz_de/B021_0.mat,B021_0.mat,B,48000,1797.0,1,48000,48000,2.5165055224836883e-18,0.3723646089294776,0.3723646089294776,2.137889855694444,4.135773333333333,-0.009995228002771459,3.844161430707209,5.741388425272175,7.37093445042066,1.2838243826102813,8.783416035990545,2578.125,2673.146783679698,3199.21875,0.6585384127980527,0.008852301132187126,0.04322854103420386,0.8664829636763101,0.07818935361044606
source_domain/cwru_48khz_de/B021_0.mat,source_domain/cwru_48khz_de/B021_0.mat,B021_0.mat,B,48000,1797.0,2,96000,48000,-4.588921835117314e-18,0.34739607356412616,0.34739607356412616,1.5017762953333333,2.845796,-0.01599465069346534,2.944003488886558,4.322951264018234,5.414093734469207,1.2524068405576145,6.387754232427419,2578.125,2650.909928550842,3199.21875,0.6529102767814469,0.009813540526767006,0.04594138921852367,0.8627477639987058,0.0794431743705901
source_domain/cwru_48khz_de/B021_0.mat,source_domain/cwru_48khz_de/B021_0.mat,B021_0.mat,B,48000,1797.0,3,144000,48000,5.477100254817439e-18,0.3497444005444622,0.3497444005444622,1.4792814809166666,2.7886213333333334,-0.005713762812750192,2.9564244727130053,4.229607332124762,5.30495659032193,1.2542432840075945,6.268703377078604,2578.125,2649.4513458096867,3210.9375,0.6435461676487326,0.009575077643165482,0.050734859054996084,0.8576847369148524,0.08002956157128203
source_domain/cwru_48khz_de/B021_1.mat,source_domain/cwru_48khz_de/B021_1.mat,B021_1.mat,B,48000,1774.0,0,0,48000,-1.7023419710919066e-18,0.22281198190307977,0.22281198190307977,1.7832972742692306,3.5464615384615383,-0.02144089514600963,8.251581374243623,8.00359683994435,11.07808674927186,1.3841385280594878,13.542976065793473,2824.21875,2695.779308060543,3210.9375,0.6606732211444142,0.010221061216275074,0.02527948966045437,0.8871902136942252,0.07474291219088454
source_domain/cwru_48khz_de/B021_1.mat,source_domain/cwru_48khz_de/B021_1.mat,B021_1.mat,B,48000,1774.0,1,48000,48000,-1.7763568394002505e-18,0.2496968051969811,0.2496968051969811,2.501620181230769,4.957327384615384,0.01135796295433101,13.177073645403128,10.01863111242961,14.540143983836048,1.4513104455696142,17.994852388759032,2812.5,2692.7777646125273,3058.59375,0.6482425350497282,0.00791101126426682,0.020312021278451935,0.9111015366768987,0.05865047877928547
source_domain/cwru_48khz_de/B021_1.mat,source_domain/cwru_48khz_de/B021_1.mat,B021_1.mat,B,48000,1774.0,2,96000,48000,-3.663735981263017e-18,0.21146679349917533,0.21146679349917533,1.4425392246153848,2.8795181538461536,0.00421114214742825,6.204561413195043,6.821587449918886,9.077053357509012,1.3306365159291509,10.939602677553943,2554.6875,2681.3881765170795,3128.90625,0.6505096337649471,0.009385050031266075,0.024782260894833544,0.8991797619260914,0.06519587636641686
source_domain/cwru_48khz_de/B021_1.mat,source_domain/cwru_48khz_de/B021_1.mat,B021_1.mat,B,48000,1774.0,3,144000,48000,1.295260195396016e-18,0.23167034173547738,0.23167034173547738,2.089234904153846,4.010004923076923,0.036584974221929134,8.260443706344185,9.018137101598999,12.368074530840229,1.371466677812413,15.028621842151203,2554.6875,2689.863551358201,3234.375,0.6627867231846883,0.00793132686962007,0.02281789568640858,0.8868223682319861,0.08075357327443992
source_domain/cwru_48khz_de/B021_2.mat,source_domain/cwru_48khz_de/B021_2.mat,B021_2.mat,B,48000,1754.0,0,0,48000,1.7023419710919066e-18,0.3285897464965948,0.3285897464965948,3.406029154307692,6.626041846153846,0.06783009462353139,18.047779102439836,10.365597802768395,16.04693939961598,1.5480958942166756,20.447461605751055,2789.0625,2676.7592559257178,3046.875,0.6681868918093697,0.003944770770878967,0.026653374888196097,0.9044359446491325,0.06373536033773779
source_domain/cwru_48khz_de/B021_2.mat,source_domain/cwru_48khz_de/B021_2.mat,B021_2.mat,B,48000,1754.0,1,48000,48000,4.755455288811087e-18,0.33098669307638856,0.33098669307638856,3.4201507295384617,6.826729846153846,0.04529330072509312,17.38124385298611,10.333197077318122,16.196569421298218,1.567430612235351,20.804008775944205,2789.0625,2701.620482597401,3046.875,0.6587750419711749,0.003573993958057702,0.022799751198281235,0.9050614311919573,0.06615648972146299
source_domain/cwru_48khz_de/B021_2.mat,source_domain/cwru_48khz_de/B021_2.mat,B021_2.mat,B,48000,1754.0,2,96000,48000,-3.4416913763379853e-18,0.38786407938745865,0.38786407938745865,3.4061030997692305,6.8044080000000005,0.037794821241045835,11.31212722572774,8.78169255874274,13.666556510919829,1.5562554051472295,17.804121087165615,2812.5,2718.3830353135945,3210.9375,0.6699709869033779,0.0030371501533739834,0.018247738969383087,0.8943028326311451,0.08250394780550137
source_domain/cwru_48khz_de/B021_2.mat,source_domain/cwru_48khz_de/B021_2.mat,B021_2.mat,B,48000,1754.0,3,144000,48000,-1.1102230246251566e-19,0.285370274544097,0.285370274544097,3.4036292776923074,6.660254769230769,0.05854851474594514,19.81736019555835,11.927063122176843,18.399594606586028,1.5426760484154618,23.24193412560789,2519.53125,2646.461874270736,3023.4375,0.6681088528920089,0.005526653547221819,0.03254287802648823,0.9066745360156977,0.05370263416230989
source_domain/cwru_48khz_de/B021_3.mat,source_domain/cwru_48khz_de/B021_3.mat,B021_3.mat,B,48000,1729.0,0,0,48000,2.1464311809419694e-18,0.3243014686600467,0.3243014686600467,3.4301865159615383,6.835700307692307,0.0438828144514446,16.85120380290502,10.577153813468232,16.229561249739383,1.5343977723973075,20.564503414686808,2835.9375,2621.4354961323843,3011.71875,0.655124074357328,0.0033446023329119718,0.060491499514141886,0.8791363738080074,0.051943757160280386
source_domain/cwru_48khz_de/B021_3.mat,source_domain/cwru_48khz_de/B021_3.mat,B021_3.mat,B,48000,1729.0,1,48000,48000,5.625129991434126e-18,0.3912296978184671,0.3912296978184671,3.4288274475769227,6.835700307692307,0.07050821831822296,13.961811677354962,8.764231004669679,13.806915028417222,1.5753709619275733,17.825585693796057,2847.65625,2671.6975131642057,3046.875,0.6507284470482525,0.002362614486366475,0.04319011991376212,0.8875655329322709,0.05977225871094681
source_domain/cwru_48khz_de/B021_3.mat,source_domain/cwru_48khz_de/B021_3.mat,B021_3.mat,B,48000,1729.0,2,96000,48000,-5.273559366969494e-18,0.41639319758167537,0.41639319758167537,3.4254861027692303,6.835700307692307,0.04595483886124364,16.362273331078132,8.226565954140248,13.2082213630517,1.6055570983871559,17.12669694046038,2578.125,2626.0779700768717,2976.5625,0.6614443399174619,0.00220651299757744,0.038350912698809844,0.9116284173578334,0.043620772845667156
source_domain/cwru_48khz_de/B021_3.mat,source_domain/cwru_48khz_de/B021_3.mat,B021_3.mat,B,48000,1729.0,3,144000,48000,-5.976700615898759e-18,0.36301975833380845,0.36301975833380845,3.4279596206153844,6.835700307692307,0.06439267308231629,19.26027455319974,9.442900949357753,15.335478086600855,1.6240219153841315,19.837904138496512,2765.625,2648.4666077648462,3011.71875,0.6530147550660041,0.0030837171731706737,0.05101926710982786,0.8841805884859348,0.05500945147653157
source_domain/cwru_48khz_de/IR007_0.mat,source_domain/cwru_48khz_de/IR007_0.mat,IR007_0.mat,IR,48000,1796.0,0,0,48000,5.810167162204986e-18,0.5805873751719882,0.5805873751719882,3.1866377934166668,6.036726666666667,0.018308639709087283,5.983528972798167,5.488644654850092,7.694473112836515,1.4018894639178305,9.585219940176495,2613.28125,2803.1818656150235,4265.625,0.7965713655982378,0.006331272180672125,0.1369813807978625,0.5027473282347764,0.34389437153980973
source_domain/cwru_48khz_de/IR007_0.mat,source_domain/cwru_48khz_de/IR007_0.mat,IR007_0.mat,IR,48000,1796.0,1,48000,48000,-7.47550169914272e-18,0.5840426415820695,0.5840426415820695,3.1766314268611113,6.073452,-0.0018485520870870113,6.075008773524881,5.43904023557378,7.630343668355227,1.4028842107907693,9.494642183980105,2613.28125,2804.9182362508686,4265.625,0.8052250749845007,0.006543764467780154,0.13358329518215536,0.5084445249600847,0.3418314244943435
source_domain/cwru_48khz_de/IR007_0.mat,source_domain/cwru_48khz_de/IR007_0.mat,IR007_0.mat,IR,48000,1796.0,2,96000,48000,4.024558464266192e-18,0.5835869744544525,0.5835869744544525,3.496507176111111,6.417752,-0.001978065200704372,6.068958575166121,5.9914071580739385,8.418467260868708,1.4050901630862578,10.491040395728662,2613.28125,2804.4728725999407,4265.625,0.8088708802475406,0.007580487332366542,0.13589199276187033,0.5000341109469044,0.3467870072163782
source_domain/cwru_48khz_de/IR007_0.mat,source_domain/cwru_48khz_de/IR007_0.mat,IR007_0.mat,IR,48000,1796.0,3,144000,48000,5.5141076889716106e-18,0.5827510580660263,0.5827510580660263,3.3619101509999996,6.214510666666666,0.022759732300111694,6.002601115733409,5.769033113644424,8.079545121620399,1.4005024693821715,10.059696871311642,2613.28125,2806.4831159689074,4265.625,0.8108560437251247,0.007537757882138196,0.13500137544422472,0.4992613723356854,0.3485138989543391
source_domain/cwru_48khz_de/IR007_1.mat,source_domain/cwru_48khz_de/IR007_1.mat,IR007_1.mat,IR,48000,1772.0,0,0,48000,-2.21119419071177e-18,0.2797413465325423,0.2797413465325423,1.5789522943846155,3.125892923076923,-0.06429360634811265,7.397142712775699,5.644329356208671,8.299686651247395,1.470446908291807,10.570481636222489,2578.125,2766.5209207667494,4171.875,0.7710748325626713,0.0060941568763919676,0.14307218288104082,0.49751930278322726,0.35102263586227295
source_domain/cwru_48khz_de/IR007_1.mat,source_domain/cwru_48khz_de/IR007_1.mat,IR007_1.mat,IR,48000,1772.0,1,48000,48000,-3.811765717879704e-18,0.2763046641022676,0.2763046641022676,1.5173665729230768,3.0172043076923076,-0.08928341448587741,7.283881661409219,5.491642994328782,8.048920066393032,1.4656670280052835,10.247585938763951,2578.125,2771.5010855156993,4171.875,0.7792000465691985,0.005572048819657349,0.1448543637434471,0.4916716266879071,0.3557446973003813
source_domain/cwru_48khz_de/IR007_1.mat,source_domain/cwru_48khz_de/IR007_1.mat,IR007_1.mat,IR,48000,1772.0,2,96000,48000,1.7763568394002505e-18,0.2759001301032243,0.2759001301032243,1.5957931754999999,3.136115076923077,-0.14980062986713338,7.379613559372707,5.783952239881771,8.486637713238078,1.4672731311109155,10.79930331193923,2578.125,2751.7281806817255,4171.875,0.776489893079078,0.005748772902981069,0.148675251296335,0.5004033612912625,0.3429551939576855
source_domain/cwru_48khz_de/IR007_1.mat,source_domain/cwru_48khz_de/IR007_1.mat,IR007_1.mat,IR,48000,1772.0,3,144000,48000,-1.4062824978585316e-18,0.2787186783285516,0.2787186783285516,1.630970701346154,3.2093390769230767,-0.11548906517261492,7.436766966653269,5.851673490707809,8.605664934056168,1.4706331355791975,10.958404714902255,2578.125,2761.9903758206474,4171.875,0.7708236424543172,0.006855052600843479,0.14371080446808832,0.4979943956190633,0.34892250476638853
source_domain/cwru_48khz_de/IR007_2.mat,source_domain/cwru_48khz_de/IR007_2.mat,IR007_2.mat,IR,48000,1748.0,0,0,48000,8.511709855459533e-19,0.28000738515335166,0.28000738515335166,1.5943681803076923,3.1457113846153844,-0.09051920635450109,7.439259290316571,5.694021889561273,8.259488627206645,1.4505544213518198,10.42400765229092,2859.375,2723.878131797059,4136.71875,0.7911126041615679,0.006037763109641442,0.17245231025231011,0.4619573019179929,0.3579688411747621
source_domain/cwru_48khz_de/IR007_2.mat,source_domain/cwru_48khz_de/IR007_2.mat,IR007_2.mat,IR,48000,1748.0,1,48000,48000,-2.9790984494108368e-18,0.2812721007969486,0.2812721007969486,1.6542013630384615,3.2143458461538463,-0.07501013258980649,7.512355663307963,5.881142702548927,8.518080024072171,1.4483715928794068,10.714579289694662,2542.96875,2723.4560036157864,4148.4375,0.782648334566016,0.005555615816874175,0.17250293964524924,0.4666638388673111,0.35383785193383116
source_domain/cwru_48khz_de/IR007_2.mat,source_domain/cwru_48khz_de/IR007_2.mat,IR007_2.mat,IR,48000,1748.0,2,96000,48000,3.0346096006420947e-18,0.2804711088005026,0.2804711088005026,1.6804203097307693,3.2685858461538464,-0.08146474523360107,7.4456245612682235,5.991420353103289,8.674965832342073,1.447898047717166,10.938388803846227,2542.96875,2707.636397569628,4136.71875,0.7817422085456386,0.005464699144257135,0.1770176473561382,0.46726115231786586,0.34910661251306613
source_domain/cwru_48khz_de/IR007_2.mat,source_domain/cwru_48khz_de/IR007_2.mat,IR007_2.mat,IR,48000,1748.0,3,144000,48000,3.663735981263017e-18,0.2811000708773489,0.2811000708773489,1.6132126905,3.1651126153846154,-0.09322794157207073,7.420168094003253,5.738926658606738,8.312695921110837,1.4484757195171005,10.476796654850133,2859.375,2708.7167659426154,4136.71875,0.7852317161806394,0.005453491007604768,0.17749652782930034,0.46820624197705935,0.34747009057498096
source_domain/cwru_48khz_de/IR007_3.mat,source_domain/cwru_48khz_de/IR007_3.mat,IR007_3.mat,IR,48000,1721.0,0,0,48000,-1.5358085173981332e-18,0.2789918146716325,0.2789918146716325,1.490590518846154,2.9483612307692306,-0.1588057361881577,6.7884222278216715,5.342775093940319,7.609460955758086,1.4242525320523651,9.509352951471982,2507.8125,2752.8116898648614,4160.15625,0.7941735459802257,0.005238273664275073,0.2089487440943749,0.3548610211861513,0.4297062785483953
source_domain/cwru_48khz_de/IR007_3.mat,source_domain/cwru_48khz_de/IR007_3.mat,IR007_3.mat,IR,48000,1721.0,1,48000,48000,4.107825191113079e-18,0.27911977264873233,0.27911977264873233,1.5286532432692308,3.0309729230769227,-0.16512550157554487,6.793450235453637,5.476692778721697,7.8100517352628485,1.4260525559474226,9.763597749137807,2507.8125,2751.89276178326,4160.15625,0.7923359745886602,0.005123881886624056,0.21112538817336718,0.3529811409993803,0.4294625658358076
source_domain/cwru_48khz_de/IR007_3.mat,source_domain/cwru_48khz_de/IR007_3.mat,IR007_3.mat,IR,48000,1721.0,2,96000,48000,2.8218168542556063e-18,0.27963503776825127,0.27963503776825127,1.534121839153846,2.9758984615384616,-0.14708602271134952,6.75504054399559,5.486157426451581,7.814226818336917,1.4243533699256559,9.764945687644198,2507.8125,2744.9812442574657,4160.15625,0.8048150017792551,0.00541766943183777,0.2145146589777282,0.35087480521631964,0.4278210588346831
source_domain/cwru_48khz_de/IR007_3.mat,source_domain/cwru_48khz_de/IR007_3.mat,IR007_3.mat,IR,48000,1721.0,3,144000,48000,-2.220446049250313e-19,0.2797644038325839,0.2797644038325839,1.5164909706923075,2.9717261538461535,-0.13470026011137548,6.769722171197733,5.42060015467294,7.703129205904519,1.4210841947521888,9.610923952051161,2507.8125,2743.6215819549666,4160.15625,0.7847919794678395,0.005160606030644982,0.21373658307627383,0.3552801968453565,0.42471999279296513
source_domain/cwru_48khz_de/IR014_0.mat,source_domain/cwru_48khz_de/IR014_0.mat,IR014_0.mat,IR,48000,1796.0,0,0,48000,-1.924386576016938e-18,0.18031326058282143,0.18031326058282143,1.411891763638889,2.7514786666666664,-0.0967175071697599,11.834843860530775,7.8302159201571815,12.005865282526976,1.5332738464534437,15.431543901439623,2601.5625,2700.2695586749496,3339.84375,0.7393454261694837,0.0121633452966169,0.0268094034347536,0.7553627543751005,0.20063886856770474
source_domain/cwru_48khz_de/IR014_1.mat,source_domain/cwru_48khz_de/IR014_1.mat,IR014_1.mat,IR,48000,1772.0,0,0,48000,-8.511709855459533e-19,0.25356544135047465,0.25356544135047465,2.9057615311666662,5.453294666666666,0.0697778684746312,20.947987059494064,11.459611829117136,20.00113281809798,1.7453586662681937,26.98058514444326,2589.84375,2604.568378305938,3023.4375,0.6707983381762905,0.008825721984356636,0.019343607740276183,0.9176252183800016,0.052093507278845985
source_domain/cwru_48khz_de/IR014_1.mat,source_domain/cwru_48khz_de/IR014_1.mat,IR014_1.mat,IR,48000,1772.0,1,48000,48000,-1.7393494052460785e-18,0.2539929694876619,0.2539929694876619,2.289191708194444,4.355290666666667,0.16360057776663764,18.343492354746875,9.012815247615082,15.595147225187546,1.7303302904442477,20.95285546997324,2589.84375,2588.5502837281792,2964.84375,0.6689131979875402,0.010212043802669006,0.020845482297043774,0.9209501298215929,0.046548948037392145
source_domain/cwru_48khz_de/IR014_1.mat,source_domain/cwru_48khz_de/IR014_1.mat,IR014_1.mat,IR,48000,1772.0,2,96000,48000,-7.308968245448947e-19,0.2717992248576286,0.2717992248576286,2.7385636693611106,5.212076,0.17244132084597324,18.21282894405912,10.075686090663153,17.712745085372692,1.7579691274543987,24.159522828219945,2589.84375,2577.7745448711976,2953.125,0.6540508225992673,0.008217470065424977,0.015512896206786255,0.9322119367622134,0.04216106881642537
source_domain/cwru_48khz_de/IR014_1.mat,source_domain/cwru_48khz_de/IR014_1.mat,IR014_1.mat,IR,48000,1772.0,3,144000,48000,-3.1271281860275242e-18,0.2669465743656994,0.2669465743656994,2.7557682273333333,5.188288,0.07645484788296723,19.48453968611566,10.323294965934972,18.03676769140568,1.7471909647894615,24.393522882282657,2589.84375,2589.3751329549737,2953.125,0.6593538623378503,0.007366664377384598,0.018621542245445304,0.928544479346639,0.04428786141370036
source_domain/cwru_48khz_de/IR014_2.mat,source_domain/cwru_48khz_de/IR014_2.mat,IR014_2.mat,IR,48000,1751.0,0,0,48000,2.183438615096141e-18,0.23564156220595345,0.23564156220595345,2.356314123472222,4.478404,0.0674032379363341,19.042140805742314,9.999569266998733,17.459591465643193,1.7460343540186718,23.57220824981139,2566.40625,2584.948643153887,3011.71875,0.6741405563425649,0.009221131225532775,0.033311417544326545,0.9039484196890636,0.051343249826590276
source_domain/cwru_48khz_de/IR014_2.mat,source_domain/cwru_48khz_de/IR014_2.mat,IR014_2.mat,IR,48000,1751.0,1,48000,48000,1.8503717077085942e-18,0.23943666749434508,0.23943666749434508,2.649489599,5.178689333333333,0.1836315451094231,20.97831957903849,11.065513176053157,19.334554007024114,1.7472803745591494,26.01194415239391,2578.125,2595.832989350107,3164.0625,0.6761555837137588,0.009836778021061574,0.03180149932249828,0.8981614942913095,0.058453969539402545
source_domain/cwru_48khz_de/IR014_2.mat,source_domain/cwru_48khz_de/IR014_2.mat,IR014_2.mat,IR,48000,1751.0,2,96000,48000,1.8873791418627663e-18,0.2362217586355886,0.2362217586355886,2.478966599083333,4.900745333333333,0.13979683303353937,20.663481650994516,10.494234796114007,18.475216651944653,1.760511081637679,24.933871343037453,2554.6875,2586.124603627233,3164.0625,0.6782845026842457,0.009026707715032741,0.0331418069797391,0.8960724952384436,0.05958910200221356
source_domain/cwru_48khz_de/IR014_2.mat,source_domain/cwru_48khz_de/IR014_2.mat,IR014_2.mat,IR,48000,1751.0,3,144000,48000,-2.7385501274087195e-18,0.24346412983018348,0.24346412983018348,2.563440464972222,4.972109333333333,0.050954862804035224,20.799459411928662,10.529027281142794,18.34116966295528,1.7419624029019745,24.562705216490173,2578.125,2591.3881809568657,3175.78125,0.6716997596123472,0.00881673865641618,0.03153046692738691,0.8979682391847746,0.060050639809696243
source_domain/cwru_48khz_de/IR014_3.mat,source_domain/cwru_48khz_de/IR014_3.mat,IR014_3.mat,IR,48000,1726.0,0,0,48000,4.736951571734001e-18,0.36085792431262204,0.36085792431262204,2.481217821152778,4.940391999999999,0.5259705572165513,8.77288863118191,6.875885643559676,11.973599608989177,1.741390161159983,17.339211037437593,6000.0,4191.926473227763,6000.0,0.5293428840965904,0.013959838716846766,0.0438453865807221,0.5263130804879907,0.13285598785795805
source_domain/cwru_48khz_de/IR014_3.mat,source_domain/cwru_48khz_de/IR014_3.mat,IR014_3.mat,IR,48000,1726.0,1,48000,48000,4.625929269271486e-19,0.2654342761673108,0.2654342761673108,2.6501276321111114,4.975448,0.18295012564581542,17.534699912051842,9.984119874671636,16.600732604867023,1.662713670627924,21.84940586160071,2589.84375,2521.5203966161475,3023.4375,0.6700621073481176,0.0074391592152932735,0.07996574725047148,0.8595555030684637,0.051690059503698996
source_domain/cwru_48khz_de/IR014_3.mat,source_domain/cwru_48khz_de/IR014_3.mat,IR014_3.mat,IR,48000,1726.0,2,96000,48000,1.4802973661668753e-19,0.2510812672061405,0.2510812672061405,2.369810674777778,4.570634666666667,0.06338673691235844,14.527330963103772,9.438420879175741,15.04970418690528,1.59451505495479,19.551358699260437,2589.84375,2500.833533907563,3105.46875,0.6789617242583943,0.007540939450670166,0.09575684483345372,0.8395812028530385,0.0555708715956612
source_domain/cwru_48khz_de/IR014_3.mat,source_domain/cwru_48khz_de/IR014_3.mat,IR014_3.mat,IR,48000,1726.0,3,144000,48000,-1.6283271027835629e-18,0.26018717697152727,0.26018717697152727,2.5562984135833333,5.085206666666666,0.07645465994817495,16.958333748299374,9.824843957829824,16.149552430762498,1.6437464554162395,21.179122694836387,2519.53125,2537.7879908897626,3199.21875,0.6802676284668262,0.007670042684773566,0.08198488722552492,0.847091973073053,0.0617667911789258
source_domain/cwru_48khz_de/IR021_0.mat,source_domain/cwru_48khz_de/IR021_0.mat,IR021_0.mat,IR,48000,1796.0,0,0,48000,1.525631473005736e-17,0.5819424914140361,0.5819424914140361,2.7281924088846154,5.193271384615384,-0.0004685218820966529,4.211590629642828,4.68807906130177,6.242216302742658,1.3315083259279792,7.624692582686782,2882.8125,2554.873725418753,3187.5,0.6909075767346486,0.02088663529686522,0.03494840116587279,0.8629343570710596,0.07834119516508532
source_domain/cwru_48khz_de/IR021_0.mat,source_domain/cwru_48khz_de/IR021_0.mat,IR021_0.mat,IR,48000,1796.0,1,48000,48000,-1.828167247216091e-17,0.5715848685518359,0.5715848685518359,2.6124668923461543,5.048075076923077,-0.03501831520589018,3.9692689258637115,4.570566920290446,6.060854693330625,1.3260619085159073,7.413597339889399,2882.8125,2564.666123423793,3199.21875,0.6880473588360037,0.020418319770769532,0.03246465286642979,0.8638364134230323,0.08128317925160386
source_domain/cwru_48khz_de/IR021_0.mat,source_domain/cwru_48khz_de/IR021_0.mat,IR021_0.mat,IR,48000,1796.0,2,96000,48000,1.3507713466272739e-17,0.5894375031192398,0.5894375031192398,3.064141782653846,6.102625846153846,-0.05471878265698295,4.472196841850632,5.198416738727243,6.954915651284993,1.3378911312477815,8.531421090014977,2460.9375,2560.661464806432,3199.21875,0.6842794211123492,0.01926101194932964,0.03232998951213533,0.8694687062305335,0.07712975656925201
source_domain/cwru_48khz_de/IR021_0.mat,source_domain/cwru_48khz_de/IR021_0.mat,IR021_0.mat,IR,48000,1796.0,3,144000,48000,-2.220446049250313e-18,0.592347880645747,0.592347880645747,2.843691573384615,5.475945230769231,-0.04449563738317467,4.221222835895258,4.800711990865518,6.4189300771251325,1.3370787685926209,7.886583524330105,2882.8125,2564.2253868296298,3199.21875,0.6839246590814307,0.019635814898485548,0.03485632859427033,0.8613151999272386,0.08182536462363733
source_domain/cwru_48khz_de/IR021_1.mat,source_domain/cwru_48khz_de/IR021_1.mat,IR021_1.mat,IR,48000,1774.0,0,0,48000,8.400687552997017e-18,0.5858092554595491,0.5858092554595491,2.7304137802692305,5.3532793846153846,0.012305781971301178,3.7957685361143803,4.6609263251101165,6.0637520194535055,1.3009757281026955,7.33674151980433,2589.84375,2576.541591292876,2941.40625,0.6330637430480985,0.011184469347719089,0.016635059779094404,0.9242292119589802,0.04607478939356968
source_domain/cwru_48khz_de/IR021_1.mat,source_domain/cwru_48khz_de/IR021_1.mat,IR021_1.mat,IR,48000,1774.0,1,48000,48000,2.9605947323337507e-19,0.5922846205070754,0.5922846205070754,3.175504986346154,6.042336,0.018051113141740287,3.782505817947178,5.361451026066037,6.917223112694789,1.290177431268755,8.301256857562834,2589.84375,2572.35838966691,2929.6875,0.6351531111007424,0.010686244096860673,0.01658136927080014,0.9273701443037019,0.04353616724511958
source_domain/cwru_48khz_de/IR021_1.mat,source_domain/cwru_48khz_de/IR021_1.mat,IR021_1.mat,IR,48000,1774.0,2,96000,48000,5.458596537740353e-18,0.6117709461929122,0.6117709461929122,3.1253980134999995,6.00749723076923,0.02630583235852508,4.003888746627879,5.108771563841717,6.6504190299520545,1.301764807221126,8.01704805948525,2589.84375,2581.066508739512,2929.6875,0.6312407696922719,0.010190419167003374,0.01610915185178025,0.926939066259792,0.0443334888222843
source_domain/cwru_48khz_de/IR021_1.mat,source_domain/cwru_48khz_de/IR021_1.mat,IR021_1.mat,IR,48000,1774.0,3,144000,48000,5.9581968988216736e-18,0.6264223205068709,0.6264223205068709,3.0142979433461536,6.028150153846154,0.03405697349909658,3.837671100563192,4.811926147367029,6.262852808103497,1.301527208916201,7.573619727814459,2589.84375,2582.459327889259,2929.6875,0.6237750865181526,0.009174135704145832,0.015350955378397145,0.9299710155355227,0.04282929152153162
source_domain/cwru_48khz_de/IR021_2.mat,source_domain/cwru_48khz_de/IR021_2.mat,IR021_2.mat,IR,48000,1752.0,0,0,48000,-8.030613211455299e-18,0.7681574233078808,0.7681574233078808,3.429099234307692,6.835700307692307,0.053553137419995796,3.799352215230723,4.464057926481601,5.877399084557645,1.3166045739873125,7.22984389416058,2554.6875,2587.6272160760655,2882.8125,0.5606931387033252,0.0045280619307602405,0.009760259812359956,0.9560886272421271,0.02814747637011645
source_domain/cwru_48khz_de/IR021_2.mat,source_domain/cwru_48khz_de/IR021_2.mat,IR021_2.mat,IR,48000,1752.0,1,48000,48000,5.680641142665384e-18,0.7772150483952294,0.7772150483952294,3.264254204115384,6.4591495384615385,0.06532345010036981,3.6220844918689936,4.199936955481137,5.506194728701632,1.3110184241000753,6.759787317171853,2554.6875,2588.324296782308,2882.8125,0.55779066311191,0.0043565175615104396,0.00950762366009411,0.9565268351473416,0.02793397922357944
source_domain/cwru_48khz_de/IR021_2.mat,source_domain/cwru_48khz_de/IR021_2.mat,IR021_2.mat,IR,48000,1752.0,2,96000,48000,-4.736951571734001e-18,0.7689389718022577,0.7689389718022577,3.3875834167692305,6.551357538461538,0.060069862993395354,3.6347702727957896,4.40552962067318,5.79248204916411,1.3148208156347538,7.135932415479734,2554.6875,2581.371473592252,2882.8125,0.5642347875964693,0.004718525706739257,0.010225530762653699,0.9571323331473587,0.026470586249512356
source_domain/cwru_48khz_de/IR021_2.mat,source_domain/cwru_48khz_de/IR021_2.mat,IR021_2.mat,IR,48000,1752.0,3,144000,48000,5.921189464667502e-18,0.7591796943201978,0.7591796943201978,3.3920513194230764,6.684662769230769,0.04972974915520474,3.4770002734032426,4.468048006020495,5.833227378651862,1.3055426823490182,7.174622867446567,2554.6875,2580.5335155231387,2871.09375,0.5503745137353586,0.004887466357501739,0.010257969899368684,0.9577719133144474,0.02560926076257602
source_domain/cwru_48khz_de/IR021_3.mat,source_domain/cwru_48khz_de/IR021_3.mat,IR021_3.mat,IR,48000,1727.0,0,0,48000,1.179611963664229e-18,0.4001118635085007,0.4001118635085007,1.8313874448461538,3.6251095384615386,0.050886896465129366,3.605384225893276,4.577188561175136,5.992567492655101,1.3092245190575253,7.326415590261085,2519.53125,2558.528466711159,2859.375,0.5587015795226329,0.003328048661617001,0.010709623286428582,0.9653532131736794,0.019134835529510254
source_domain/cwru_48khz_de/IR021_3.mat,source_domain/cwru_48khz_de/IR021_3.mat,IR021_3.mat,IR,48000,1727.0,1,48000,48000,1.304512053934559e-18,0.40183710237651865,0.40183710237651865,1.775789289153846,3.488257846153846,0.045198229272772505,3.6473025916693063,4.419177021353106,5.776797876175519,1.3072112405201517,7.041564467401023,2519.53125,2555.111175095551,2859.375,0.5549442242243563,0.0032801095318018398,0.01051190180808045,0.9676016922336294,0.017113234895354157
source_domain/cwru_48khz_de/IR021_3.mat,source_domain/cwru_48khz_de/IR021_3.mat,IR021_3.mat,IR,48000,1727.0,2,96000,48000,1.5728159515523052e-19,0.4071890460261487,0.4071890460261487,1.8112006293846157,3.548339076923077,0.04303482440725613,3.5904847571280367,4.4480583332388,5.784969686307012,1.3005606610560232,7.0179757890370995,2519.53125,2555.577456193516,2859.375,0.5453333170222932,0.003101046568893622,0.010065233346273452,0.9669792458791338,0.018404708128381204
source_domain/cwru_48khz_de/IR021_3.mat,source_domain/cwru_48khz_de/IR021_3.mat,IR021_3.mat,IR,48000,1727.0,3,144000,48000,-1.0177044392397268e-18,0.4091747751410942,0.4091747751410942,1.7541655569999999,3.5032781538461535,0.03436242686574962,3.5305265359331734,4.287081373456687,5.5584676437445415,1.2965621968703496,6.734482540277997,2519.53125,2558.3733303606864,2847.65625,0.551006511883669,0.003141831198232904,0.009803700955069253,0.9664059908565077,0.01917720566310583
source_domain/cwru_48khz_de/OR007@12_0.mat,source_domain/cwru_48khz_de/OR007@12_0.mat,OR007@12_0.mat,OR,48000,1796.0,0,0,48000,2.5165055224836883e-18,0.22117714591722754,0.22117714591722754,1.4008237578076925,2.7501766153846154,0.019214902844926048,5.778923355928844,6.333492332546862,8.553326693439814,1.3504913631057682,10.42522148944114,2589.84375,2746.9790667444427,3398.4375,0.6871383673882514,0.009614480313891095,0.023227494602145748,0.7554833776852298,0.20840703765831842
source_domain/cwru_48khz_de/OR007@12_0.mat,source_domain/cwru_48khz_de/OR007@12_0.mat,OR007@12_0.mat,OR,48000,1796.0,1,48000,48000,6.38378239159465e-19,0.20062780791508056,0.20062780791508056,1.108581184653846,2.1604209230769227,0.04508274183787637,4.815886272427791,5.525560968684601,7.368115296716888,1.3334601388778442,8.965857139754139,2589.84375,2736.6249164040564,3410.15625,0.6960089928105393,0.011142266677237616,0.031058933243892955,0.7323361965235539,0.2213531925754129
source_domain/cwru_48khz_de/OR007@12_1.mat,source_domain/cwru_48khz_de/OR007@12_1.mat,OR007@12_1.mat,OR,48000,1772.0,0,0,48000,6.957397620984314e-18,0.27846221720652053,0.27846221720652053,2.2414656009230765,4.440378461538462,0.039517760542097276,12.711622917598742,8.049442482362524,12.153173967871558,1.509815616976859,15.358652681477464,2554.6875,2733.7896650958282,3375.0,0.6801842073788094,0.00719461874501212,0.017714945931670677,0.8082648583316626,0.1649065671638151
source_domain/cwru_48khz_de/OR007@12_1.mat,source_domain/cwru_48khz_de/OR007@12_1.mat,OR007@12_1.mat,OR,48000,1772.0,1,48000,48000,-3.3214172153369268e-18,0.2632341929300106,0.2632341929300106,1.8981782853076923,3.7381790769230765,0.0007329194717433158,10.014561748166384,7.210986780145139,10.644998041443404,1.4762193255870466,13.431636564618481,2554.6875,2735.8117569358233,3386.71875,0.6898558340625823,0.008532054534492402,0.02168617143043347,0.7898466243048403,0.1772411549934649
source_domain/cwru_48khz_de/OR007@12_1.mat,source_domain/cwru_48khz_de/OR007@12_1.mat,OR007@12_1.mat,OR,48000,1772.0,2,96000,48000,-8.511709855459533e-19,0.2570874740732431,0.2570874740732431,1.7151965943076923,3.426090461538461,0.02167122226912977,8.74653530456257,6.671645907619633,9.733754937969326,1.4589735535596429,12.271968630747573,2554.6875,2736.0993729604766,3386.71875,0.6905600210690102,0.008667450108737205,0.01910416806956017,0.7997428677458965,0.16999061732982595
source_domain/cwru_48khz_de/OR007@12_1.mat,source_domain/cwru_48khz_de/OR007@12_1.mat,OR007@12_1.mat,OR,48000,1772.0,3,144000,48000,1.7763568394002505e-18,0.2661122949699349,0.2661122949699349,1.9801792473846154,3.9319827692307694,0.07004323988941241,11.233209499955896,7.441141521104439,11.070244434035427,1.487707820446176,13.94655795516005,2554.6875,2739.045147050044,3375.0,0.6837218954371831,0.008263082078259503,0.020147662821412293,0.791680654034381,0.17768443969631673
source_domain/cwru_48khz_de/OR007@12_2.mat,source_domain/cwru_48khz_de/OR007@12_2.mat,OR007@12_2.mat,OR,48000,1749.0,0,0,48000,3.608224830031759e-18,0.2668020493489266,0.2668020493489266,2.1431883622307693,4.210275692307692,0.04588931423187773,11.15734817894061,8.03287818610363,12.020507160191267,1.4964134749286913,15.191965855719717,2519.53125,2732.3367930758313,3375.0,0.7051372722902002,0.006799052585663094,0.028980016275990138,0.7783145509408481,0.18304332833716364
source_domain/cwru_48khz_de/OR007@12_2.mat,source_domain/cwru_48khz_de/OR007@12_2.mat,OR007@12_2.mat,OR,48000,1749.0,1,48000,48000,-2.0354088784794537e-18,0.2614637843798427,0.2614637843798427,2.0014790737307693,3.9793384615384615,0.048779902666371236,12.092895414381177,7.654899811346174,11.482009410881089,1.4999555440057384,14.489522861305563,2519.53125,2723.9239337052627,3386.71875,0.7068561164123562,0.007125343568080734,0.03227278434403733,0.775463804584332,0.18189417832651641
source_domain/cwru_48khz_de/OR007@12_2.mat,source_domain/cwru_48khz_de/OR007@12_2.mat,OR007@12_2.mat,OR,48000,1749.0,2,96000,48000,-8.141635513917814e-19,0.2582370334160067,0.2582370334160067,2.0738054712692304,3.9534701538461534,0.028266486630792193,10.753039322603165,8.030627690492421,12.013598923016836,1.495972592178989,15.21767133033435,2519.53125,2730.1818618268708,3375.0,0.7097888419880855,0.007725330943373785,0.03125050728494733,0.7716129701984604,0.18674629427980066
source_domain/cwru_48khz_de/OR007@12_2.mat,source_domain/cwru_48khz_de/OR007@12_2.mat,OR007@12_2.mat,OR,48000,1749.0,3,144000,48000,-2.6645352591003758e-18,0.25881491774921234,0.25881491774921234,1.931194799153846,3.7500701538461536,0.031163674549162853,11.08587778174439,7.461682718836487,11.1307236385241,1.4917176269613255,14.062991156552417,2507.8125,2731.4787927028838,3375.0,0.7073237266671196,0.007191487879403225,0.02897425331208763,0.7826228079256445,0.17866192546044812
source_domain/cwru_48khz_de/OR007@12_3.mat,source_domain/cwru_48khz_de/OR007@12_3.mat,OR007@12_3.mat,OR,48000,1723.0,0,0,48000,-2.590520390792032e-18,0.24319310124689558,0.24319310124689558,2.060432251576923,4.08468923076923,0.021345903169836426,10.836613645073118,8.4724124204356,12.26967398819861,1.4481913036425729,15.279901070550343,2671.875,2665.3548293683602,3386.71875,0.7206962430079245,0.009483663602407997,0.0634981354623194,0.7550733117342942,0.16892618234589035
source_domain/cwru_48khz_de/OR007@12_3.mat,source_domain/cwru_48khz_de/OR007@12_3.mat,OR007@12_3.mat,OR,48000,1723.0,1,48000,48000,5.29206308404658e-18,0.24038286757140837,0.24038286757140837,1.860728055653846,3.6701704615384614,0.0352487141135326,10.066176494440107,7.740684993257082,11.223449757902928,1.449929788853699,14.00664730926845,2578.125,2652.223973639049,3386.71875,0.7196835494138989,0.009606916419193635,0.07018770703139023,0.7541943485012345,0.1632017844560151
source_domain/cwru_48khz_de/OR007@12_3.mat,source_domain/cwru_48khz_de/OR007@12_3.mat,OR007@12_3.mat,OR,48000,1723.0,2,96000,48000,3.552713678800501e-18,0.24312217253486512,0.24312217253486512,1.8370661338076923,3.609254769230769,0.01510520935003904,10.072108709537888,7.55614395283791,10.927706997072981,1.4462015368200924,13.641536095415196,2578.125,2667.4142117508914,3386.71875,0.7211507543451872,0.008814947263498903,0.06496970811425973,0.7565767766321155,0.1668864051168187
source_domain/cwru_48khz_de/OR007@12_3.mat,source_domain/cwru_48khz_de/OR007@12_3.mat,OR007@12_3.mat,OR,48000,1723.0,3,144000,48000,-8.696747026230392e-19,0.24026744488097185,0.24026744488097185,1.8939284770000002,3.783448615384615,0.01698551667275007,10.407285782740166,7.88258466697545,11.401821922052804,1.4464572730533363,14.202381272592216,2578.125,2665.9962663516435,3386.71875,0.7285522602989428,0.009797523445960892,0.06612189281455529,0.7505810220783984,0.1710242221213914
source_domain/cwru_48khz_de/OR007@3_0.mat,source_domain/cwru_48khz_de/OR007@3_0.mat,OR007@3_0.mat,OR,48000,1797.0,0,0,48000,6.587323279442596e-18,0.40619977617014147,0.40619977617014147,1.9608079746538463,3.843112615384615,0.07380751053940736,4.2169771506046665,4.82720102196145,6.39372175190429,1.3245194726302432,7.7523041126375505,2871.09375,2903.8374711738234,3503.90625,0.7129605122880162,0.003943209624569052,0.02146622679744918,0.6605333928513851,0.30842561753749165
source_domain/cwru_48khz_de/OR007@3_0.mat,source_domain/cwru_48khz_de/OR007@3_0.mat,OR007@3_0.mat,OR,48000,1797.0,1,48000,48000,-1.3322676295501879e-18,0.3945851995408894,0.3945851995408894,1.8447084802692308,3.6107150769230767,0.07859796069572655,4.063725424588441,4.675057458847733,6.164106691236956,1.3185092900955724,7.4677317764276525,2800.78125,2904.3007597897945,3515.625,0.7108620774157977,0.003766818180695708,0.021905528453636282,0.6614855051083594,0.3066873834142887
source_domain/cwru_48khz_de/OR007@3_1.mat,source_domain/cwru_48khz_de/OR007@3_1.mat,OR007@3_1.mat,OR,48000,1773.0,0,0,48000,-1.4062824978585316e-18,0.4562521945721226,0.4562521945721226,2.1516207699230767,4.161668307692308,0.04755713375955325,3.977437029627446,4.715858456168458,6.174965363363808,1.3094043048033532,7.458955768832714,2871.09375,2942.895884718663,3457.03125,0.6697422153037267,0.0037132428693642263,0.019921281903368483,0.6019701794714115,0.36966353070077934
source_domain/cwru_48khz_de/OR007@3_1.mat,source_domain/cwru_48khz_de/OR007@3_1.mat,OR007@3_1.mat,OR,48000,1773.0,1,48000,48000,-5.625129991434126e-18,0.4557112503137722,0.4557112503137722,2.101750766769231,4.198801846153846,0.057081611740874526,4.11630480460149,4.612022997715098,6.075855586962262,1.3173949024016245,7.356847794084843,2871.09375,2941.1563718067405,3457.03125,0.6756635223540042,0.003657858809631917,0.02074185523886014,0.6006699036931912,0.37028930950853556
source_domain/cwru_48khz_de/OR007@3_1.mat,source_domain/cwru_48khz_de/OR007@3_1.mat,OR007@3_1.mat,OR,48000,1773.0,2,96000,48000,2.9883503079493795e-18,0.45513015279054825,0.45513015279054825,2.169992531576923,4.233223384615384,0.06069882653816463,4.171872013278621,4.767850511040058,6.285275859591832,1.3182619390067565,7.615686874012748,2871.09375,2938.614038940161,3457.03125,0.6706055916475263,0.003788931278425374,0.01990423148257711,0.6113804032758847,0.3586294980549689
source_domain/cwru_48khz_de/OR007@3_1.mat,source_domain/cwru_48khz_de/OR007@3_1.mat,OR007@3_1.mat,OR,48000,1773.0,3,144000,48000,5.144033347429892e-18,0.45573879172721427,0.45573879172721427,2.119188057538462,4.215491076923077,0.0576479625113406,4.1391248904638696,4.65000587178953,6.125861340884037,1.3173878721389851,7.420527394356742,2871.09375,2943.4807973188585,3457.03125,0.6779355279171712,0.00386737874502916,0.02021270588888493,0.5968046617852303,0.3713984276828898
source_domain/cwru_48khz_de/OR007@3_2.mat,source_domain/cwru_48khz_de/OR007@3_2.mat,OR007@3_2.mat,OR,48000,1750.0,0,0,48000,-5.181040781584064e-19,0.4442494161285068,0.4442494161285068,2.030945436153846,3.9755833846153843,0.06152832820021537,4.370020378042653,4.571633326720655,6.152696725359727,1.3458421281042146,7.571501072651666,2835.9375,2877.917802524976,3433.59375,0.6935857584493031,0.003270975418160085,0.0267624905797605,0.6590420227709601,0.30820205353109786
source_domain/cwru_48khz_de/OR007@3_2.mat,source_domain/cwru_48khz_de/OR007@3_2.mat,OR007@3_2.mat,OR,48000,1750.0,1,48000,48000,4.6444329863485715e-18,0.4499118297159023,0.4499118297159023,2.0501183547692303,4.008336,0.055443696686789556,4.316435703162904,4.556711380670352,6.1245757446024855,1.3440780494831048,7.5273881496546595,2566.40625,2887.525067246229,3433.59375,0.699933569454626,0.003358735704582172,0.025453203957197027,0.6488167529477713,0.31909471524223487
source_domain/cwru_48khz_de/OR007@3_2.mat,source_domain/cwru_48khz_de/OR007@3_2.mat,OR007@3_2.mat,OR,48000,1750.0,2,96000,48000,-8.067620645609471e-18,0.4426790947049935,0.4426790947049935,2.0159803419999998,4.008961846153846,0.06843769030374225,4.330513422544369,4.554044602758842,6.114190904058812,1.3425847652745915,7.505477006981086,2566.40625,2883.456912487993,3433.59375,0.7068158581637917,0.00342085765004347,0.0265484657494847,0.652771793555209,0.31432106984319536
source_domain/cwru_48khz_de/OR007@3_2.mat,source_domain/cwru_48khz_de/OR007@3_2.mat,OR007@3_2.mat,OR,48000,1750.0,3,144000,48000,4.533410683886055e-19,0.4405256192005191,0.4405256192005191,1.970692914769231,3.8362283076923074,0.06563360638254373,4.3905363799802295,4.4735035350298995,6.030875561861344,1.3481325128331088,7.435180255314291,2835.9375,2882.92181428939,3445.3125,0.6998436839780875,0.0035705816769565097,0.02700725668165398,0.6528997288968877,0.31385806734291466
source_domain/cwru_48khz_de/OR007@3_3.mat,source_domain/cwru_48khz_de/OR007@3_3.mat,OR007@3_3.mat,OR,48000,1724.0,0,0,48000,-6.957397620984314e-18,0.4439134125078381,0.4439134125078381,1.858585462653846,3.7087643076923076,0.05236762351083449,4.026184370320315,4.1868197947653645,5.510483420384072,1.3161501307654142,6.6784311341812606,3363.28125,2921.20681725296,3445.3125,0.7024572269291337,0.0032245424079018355,0.026625443685963132,0.5992667664393165,0.3638408543198993
source_domain/cwru_48khz_de/OR007@3_3.mat,source_domain/cwru_48khz_de/OR007@3_3.mat,OR007@3_3.mat,OR,48000,1724.0,1,48000,48000,7.327471962526034e-18,0.4454416377168403,0.4454416377168403,2.0274995750384615,3.9853883076923076,0.04085619683124384,4.067182020327503,4.551661549706219,5.9915806177149795,1.3163502058030319,7.2568310176043225,3363.28125,2917.934558048121,3445.3125,0.7055891720466206,0.003216388288279282,0.0265354776098354,0.5985738637277515,0.36411561578982854
source_domain/cwru_48khz_de/OR007@3_3.mat,source_domain/cwru_48khz_de/OR007@3_3.mat,OR007@3_3.mat,OR,48000,1724.0,2,96000,48000,-4.4038846643464546e-18,0.44124391792914686,0.44124391792914686,1.9712305383461537,3.918214153846154,0.04948139819640258,4.180605468820045,4.467439568556769,5.898008357283845,1.3202211841392322,7.144641917365308,3363.28125,2913.436940907475,3445.3125,0.7081423382698906,0.003219382173492102,0.026805732491994,0.6084060953447761,0.3530150072788779
source_domain/cwru_48khz_de/OR007@3_3.mat,source_domain/cwru_48khz_de/OR007@3_3.mat,OR007@3_3.mat,OR,48000,1724.0,3,144000,48000,2.960594732333751e-18,0.4471465666085175,0.4471465666085175,2.1542136635769227,4.117441846153845,0.04744139334987022,4.190978865925567,4.817690270801401,6.362960859845394,1.3207492599503943,7.7156373733257855,3363.28125,2917.4899393701903,3445.3125,0.7067080170819099,0.003115381020302884,0.026822878582521435,0.6013477663626065,0.3602381159378226
source_domain/cwru_48khz_de/OR007@6_0.mat,source_domain/cwru_48khz_de/OR007@6_0.mat,OR007@6_0.mat,OR,48000,1796.0,0,0,48000,1.3137639124731019e-17,1.2880644167731106,1.2880644167731106,6.529941642027777,12.690271999999998,0.08275526761461391,6.784210116493833,5.069576922543727,8.06241397049177,1.5903524285494195,11.310240203940491,3445.3125,3243.9496694682866,3550.78125,0.6273038399306844,0.0004100365511333007,0.0014200488926872452,0.23634517486511247,0.7595433213280056
source_domain/cwru_48khz_de/OR007@6_0.mat,source_domain/cwru_48khz_de/OR007@6_0.mat,OR007@6_0.mat,OR,48000,1796.0,1,48000,48000,-7.105427357601002e-18,1.2547830033414802,1.2547830033414802,6.02328099525,11.771304,0.0735305648318271,6.541026180851027,4.800257079674522,7.5912151017305325,1.5814184481634468,10.62432969093874,3445.3125,3244.6327883381327,3550.78125,0.6385118648242202,0.00035968497068571945,0.0014872891672264316,0.2353547917660938,0.7607378466983217
source_domain/cwru_48khz_de/OR007@6_0.mat,source_domain/cwru_48khz_de/OR007@6_0.mat,OR007@6_0.mat,OR,48000,1796.0,2,96000,48000,-1.3970306393199886e-17,1.1942616064235316,1.1942616064235316,5.8034069636388885,11.547196,0.07268408010332761,6.7538709830116055,4.859410142986641,7.731260072072435,1.5909873512578738,10.841778570235572,3445.3125,3245.670592804513,3550.78125,0.6388362474111722,0.0004998551728870663,0.0015361842472030607,0.2319443354626598,0.7635214180619088
source_domain/cwru_48khz_de/OR007@6_0.mat,source_domain/cwru_48khz_de/OR007@6_0.mat,OR007@6_0.mat,OR,48000,1796.0,3,144000,48000,2.960594732333751e-18,1.2610386746151736,1.2610386746151736,6.160672371333333,12.055090666666667,0.07742965272802435,6.787947545184407,4.885395266095607,7.808082264471917,1.59824985270965,11.025943504980473,3445.3125,3245.2775884160515,3550.78125,0.6394424986168973,0.0004241608862653253,0.0015604227943432172,0.23205842478287272,0.762876314231264
source_domain/cwru_48khz_de/OR007@6_1.mat,source_domain/cwru_48khz_de/OR007@6_1.mat,OR007@6_1.mat,OR,48000,1774.0,0,0,48000,-1.787459069646502e-17,1.051201868772314,1.051201868772314,5.2664665664444446,10.438341333333334,0.07065194529223884,6.897399812896262,5.009947872895315,7.885212264235067,1.5739110394517133,10.8004187622901,3398.4375,3210.080247120849,3515.625,0.6184818815713485,0.0005403049034365735,0.0017470454636702942,0.2923835079885323,0.7025698227872125
source_domain/cwru_48khz_de/OR007@6_1.mat,source_domain/cwru_48khz_de/OR007@6_1.mat,OR007@6_1.mat,OR,48000,1774.0,1,48000,48000,-1.0769163338864019e-17,1.0628163108378403,1.0628163108378403,5.190918808472223,10.317314666666666,0.07164409673197976,6.849364681539915,4.884116620655952,7.673320668431147,1.5710764636478676,10.501371805328365,3398.4375,3207.4387067801754,3515.625,0.6129141983063836,0.0005695951817053257,0.0017425983612039658,0.2957968543456964,0.6995145155691284
source_domain/cwru_48khz_de/OR007@6_1.mat,source_domain/cwru_48khz_de/OR007@6_1.mat,OR007@6_1.mat,OR,48000,1774.0,2,96000,48000,3.0161058835650085e-18,1.0636511276906095,1.0636511276906095,5.2632880514444444,10.500524,0.07746396554229339,6.9169011949504755,4.948321789370076,7.753456341254643,1.566886041627938,10.551751804400968,3398.4375,3207.6767830388976,3515.625,0.5975787216873067,0.0005355885111072333,0.0017782950098799257,0.29957684306444293,0.6946081652835712
source_domain/cwru_48khz_de/OR007@6_1.mat,source_domain/cwru_48khz_de/OR007@6_1.mat,OR007@6_1.mat,OR,48000,1774.0,3,144000,48000,-4.773959005888173e-18,1.0579310945776177,1.0579310945776177,5.1783728120833326,10.289353333333333,0.07124975963273453,6.935536142664811,4.894811050190295,7.682994453300215,1.5696202314069427,10.478446125967665,3398.4375,3210.0485484889355,3515.625,0.5986775338516301,0.000546365044988717,0.0017019448274853276,0.29692487711018994,0.6985828471536543
source_domain/cwru_48khz_de/OR007@6_2.mat,source_domain/cwru_48khz_de/OR007@6_2.mat,OR007@6_2.mat,OR,48000,1750.0,0,0,48000,8.585724723767878e-18,1.024893302948073,1.024893302948073,4.966641179861111,9.83446,0.07538744444944531,6.953253332780232,4.846008033782521,7.701296128485411,1.589204160370881,10.754404560046241,3363.28125,3192.3763163834597,3503.90625,0.6389354964079991,0.0006413037478074701,0.0022382794018021325,0.29374188363946857,0.7014511207744183
source_domain/cwru_48khz_de/OR007@6_2.mat,source_domain/cwru_48khz_de/OR007@6_2.mat,OR007@6_2.mat,OR,48000,1750.0,1,48000,48000,-1.3174646558885191e-17,1.0235025588525448,1.0235025588525448,5.456745413416668,10.56062,0.09352437890357489,7.038344400128244,5.331442863737368,8.495507511815912,1.5934724855800515,11.878289280079473,3363.28125,3192.925379327204,3503.90625,0.6508231511340957,0.0006444386045367318,0.002221107849773678,0.2931577139333921,0.701784052799235
source_domain/cwru_48khz_de/OR007@6_2.mat,source_domain/cwru_48khz_de/OR007@6_2.mat,OR007@6_2.mat,OR,48000,1750.0,2,96000,48000,8.25265781638033e-18,1.0203502463168272,1.0203502463168272,4.970436209222223,9.871185333333333,0.0785516157347851,6.918835657631506,4.871303973473036,7.757468067064459,1.5924828566027889,10.882256410055591,3375.0,3195.4110889665976,3503.90625,0.6582687172576885,0.0006059264070105482,0.0021449147454298875,0.29229220986091425,0.7026256863313467
source_domain/cwru_48khz_de/OR007@6_2.mat,source_domain/cwru_48khz_de/OR007@6_2.mat,OR007@6_2.mat,OR,48000,1750.0,3,144000,48000,8.918791631155425e-18,1.0170638315326386,1.0170638315326386,4.875387820916666,9.733465333333333,0.07193912774217125,6.914238160324997,4.793590795147075,7.589533672016372,1.5832669070735834,10.549034042600873,3363.28125,3191.285246312481,3503.90625,0.6551783996082728,0.0006677852045731519,0.002301485136917189,0.29878770149017303,0.6951421398554521
source_domain/cwru_48khz_de/OR007@6_3.mat,source_domain/cwru_48khz_de/OR007@6_3.mat,OR007@6_3.mat,OR,48000,1725.0,0,0,48000,1.0130785099704553e-17,1.001938331739747,1.001938331739747,5.262506064416666,10.424986666666666,0.07281297002548852,7.308860497547391,5.252325315544816,8.371006862220732,1.5937715886404618,11.602159976380547,3410.15625,3177.055025933891,3515.625,0.6461510552299606,0.0005483714373757594,0.00343077979600999,0.3053177761400104,0.6775350610606073
source_domain/cwru_48khz_de/OR007@6_3.mat,source_domain/cwru_48khz_de/OR007@6_3.mat,OR007@6_3.mat,OR,48000,1725.0,1,48000,48000,-4.5704181180402275e-18,0.9907159735864831,0.9907159735864831,5.088183322750001,10.057316,0.08892689664783607,7.483562355428791,5.135864827459249,8.240695195943825,1.604538957465561,11.474145062090685,3410.15625,3175.240373458938,3515.625,0.6490552700764037,0.0006323333569071806,0.0036263216563270934,0.3083828130262859,0.6746859136112529
source_domain/cwru_48khz_de/OR007@6_3.mat,source_domain/cwru_48khz_de/OR007@6_3.mat,OR007@6_3.mat,OR,48000,1725.0,2,96000,48000,-1.0843178207172362e-17,0.9994071530729378,0.9994071530729378,5.035692431555556,10.033110666666666,0.08405269325327074,7.394733531963355,5.038679597266207,8.057385961935319,1.5991066322809815,11.191034744178793,3410.15625,3178.136167662605,3515.625,0.644998889962942,0.0005989286734801553,0.0034987477820815115,0.3043199664831587,0.6782603986710787
source_domain/cwru_48khz_de/OR007@6_3.mat,source_domain/cwru_48khz_de/OR007@6_3.mat,OR007@6_3.mat,OR,48000,1725.0,3,144000,48000,1.435888445181869e-17,1.0016203934264445,1.0016203934264445,5.062045657833333,10.079434666666668,0.07065662180911482,7.375396397615393,5.053856422103707,8.077667264957961,1.5983175203832767,11.207028772914084,3410.15625,3177.4584129326076,3515.625,0.6445133631452067,0.000594915070522978,0.0035906720412703158,0.3048991227437523,0.6776470866108215
source_domain/cwru_48khz_de/OR014@6_0.mat,source_domain/cwru_48khz_de/OR014@6_0.mat,OR014@6_0.mat,OR,48000,1796.0,0,0,48000,-9.473903143468002e-18,0.13834631793117616,0.13834631793117616,0.581763780346154,1.1513483076923077,-0.0004382987658623749,3.225264913367196,4.205126591308066,5.330793962939022,1.2676892947572995,6.335752702636977,2648.4375,2641.815443926586,3421.875,0.7359556213954287,0.022916267112644953,0.07207040015570992,0.7139821108435399,0.18468463095694337
source_domain/cwru_48khz_de/OR014@6_0.mat,source_domain/cwru_48khz_de/OR014@6_0.mat,OR014@6_0.mat,OR,48000,1796.0,1,48000,48000,5.921189464667501e-19,0.13539590586055936,0.13539590586055936,0.5760167263846153,1.1342418461538462,-0.012703647578868441,3.166055010666608,4.2543142107530585,5.356645421230205,1.259109025762923,6.3326702150948515,2765.625,2667.0391239247274,3445.3125,0.7383716189661867,0.02371849692264196,0.06933249279736797,0.6904215003657417,0.21148972915832664
source_domain/cwru_48khz_de/OR014@6_0.mat,source_domain/cwru_48khz_de/OR014@6_0.mat,OR014@6_0.mat,OR,48000,1796.0,2,96000,48000,-3.848773152033876e-18,0.15794134149331138,0.15794134149331138,1.1197470797307691,2.2221710769230767,0.01649691403592499,5.872876399098192,7.089638907309771,9.36481512422719,1.3209156695572049,11.267792652089149,2917.96875,2725.3094415412693,3421.875,0.7161751006037775,0.01526475920255632,0.04704710283610509,0.7525594391373053,0.18000483763389738
source_domain/cwru_48khz_de/OR014@6_0.mat,source_domain/cwru_48khz_de/OR014@6_0.mat,OR014@6_0.mat,OR,48000,1796.0,3,144000,48000,2.3684757858670005e-18,0.13941211636782225,0.13941211636782225,0.8884017146923078,1.7494486153846154,-0.002256882125055856,3.560738815126158,6.372485676510306,8.065274183424213,1.2656402215380198,9.552013501151489,2765.625,2679.2492589560043,3433.59375,0.7367722192976475,0.02175553658265792,0.062088869071800064,0.7022058744540689,0.20938665697036438
source_domain/cwru_48khz_de/OR014@6_1.mat,source_domain/cwru_48khz_de/OR014@6_1.mat,OR014@6_1.mat,OR,48000,1772.0,0,0,48000,2.1094237467877974e-18,0.1328660196714379,0.1328660196714379,0.6139230805384616,1.2060055384615382,-0.03372712215535918,3.1302990935244694,4.6206176872913085,5.820058568976679,1.2595845323755188,6.886808188878575,2871.09375,2791.666390666531,3468.75,0.7324698084050735,0.025419467815903048,0.03813700360378894,0.5865785538834041,0.33335763682801633
source_domain/cwru_48khz_de/OR014@6_1.mat,source_domain/cwru_48khz_de/OR014@6_1.mat,OR014@6_1.mat,OR,48000,1772.0,1,48000,48000,-2.7385501274087195e-18,0.1376302270716212,0.1376302270716212,0.6218304815384614,1.1920283076923077,0.010048199214514397,3.071054894637699,4.518124359486451,5.674891056558785,1.2560280782449698,6.708313752782922,2871.09375,2805.9304433806246,3445.3125,0.7281176630602173,0.023631884149053206,0.035335875477881154,0.6080805177292702,0.3172510923942483
source_domain/cwru_48khz_de/OR014@6_1.mat,source_domain/cwru_48khz_de/OR014@6_1.mat,OR014@6_1.mat,OR,48000,1772.0,2,96000,48000,-5.181040781584064e-19,0.13591249146861337,0.13591249146861337,0.6010110616538462,1.1909852307692308,0.002496037808324289,3.1797450566947245,4.422044325397546,5.580517470814405,1.261976827939564,6.606420854286424,3035.15625,2798.1979964723587,3457.03125,0.730826241825259,0.024743903749728458,0.03887887866162132,0.5607798337452027,0.35536951954649537
source_domain/cwru_48khz_de/OR014@6_1.mat,source_domain/cwru_48khz_de/OR014@6_1.mat,OR014@6_1.mat,OR,48000,1772.0,3,144000,48000,-3.515706244646329e-18,0.1336654789166311,0.1336654789166311,0.5662670081538461,1.1012806153846153,-0.020193599618079188,3.0560638206499404,4.236449176999528,5.327988686985072,1.257654338419036,6.298785566360022,2871.09375,2801.5662217931667,3457.03125,0.7320678411563751,0.025066908179228797,0.03699943197681804,0.5860897088550621,0.332166033334828
source_domain/cwru_48khz_de/OR014@6_2.mat,source_domain/cwru_48khz_de/OR014@6_2.mat,OR014@6_2.mat,OR,48000,1749.0,0,0,48000,4.163336342344337e-18,0.18153668044943574,0.18153668044943574,1.889494661230769,3.763838769230769,-0.02274756829750881,14.92958883068046,10.408335420381615,14.704279994642041,1.412740789057115,17.945854342910543,2882.8125,2831.527659821906,3457.03125,0.7066999412054016,0.01220906029018139,0.026147367604030757,0.6892292413429159,0.25972692390539037
source_domain/cwru_48khz_de/OR014@6_2.mat,source_domain/cwru_48khz_de/OR014@6_2.mat,OR014@6_2.mat,OR,48000,1749.0,1,48000,48000,8.881784197001253e-19,0.14499587085780374,0.14499587085780374,0.6334730931923077,1.2445993846153844,-0.010075783258557586,3.2144238297485583,4.368904365622802,5.516305531428066,1.262629041458465,6.531884200574334,2941.40625,2793.409261952598,3457.03125,0.7140764388085968,0.020111247129314964,0.03930531544873465,0.624208911172818,0.2952343996973275
source_domain/cwru_48khz_de/OR014@6_2.mat,source_domain/cwru_48khz_de/OR014@6_2.mat,OR014@6_2.mat,OR,48000,1749.0,2,96000,48000,2.0076533028638247e-18,0.1402608186837835,0.1402608186837835,0.6146243802692308,1.2201913846153847,0.012714831682633947,3.0971777461556544,4.382010500384379,5.50604978967911,1.2565122308942156,6.503416218318323,2941.40625,2788.9064265534275,3445.3125,0.7152013779439036,0.020784066221655424,0.0442490864276525,0.6141216147914954,0.3069287192806768
source_domain/cwru_48khz_de/OR014@6_2.mat,source_domain/cwru_48khz_de/OR014@6_2.mat,OR014@6_2.mat,OR,48000,1749.0,3,144000,48000,-1.4802973661668753e-19,0.14347580748721483,0.14347580748721483,0.5848343771538461,1.132990153846154,-0.011769108917056171,3.053505973313731,4.0761880862868445,5.124683546834297,1.2572245044430346,6.058587477507603,2941.40625,2791.2116406670193,3457.03125,0.7129558444981042,0.019702771311486133,0.0422853118687447,0.6125505833602708,0.3032871216658411
source_domain/cwru_48khz_de/OR014@6_3.mat,source_domain/cwru_48khz_de/OR014@6_3.mat,OR014@6_3.mat,OR,48000,1723.0,0,0,48000,-1.1102230246251566e-18,0.15181131785552288,0.15181131785552288,0.6854552141153846,1.3660135384615384,0.01110103564141815,2.959833679934773,4.515178603239644,5.642593587560745,1.2496944381059503,6.654418552730099,2906.25,2739.0537451903165,3421.875,0.7060573243570509,0.01623685256335231,0.07236875232243803,0.6612061125015586,0.23506957494396127
source_domain/cwru_48khz_de/OR014@6_3.mat,source_domain/cwru_48khz_de/OR014@6_3.mat,OR014@6_3.mat,OR,48000,1723.0,1,48000,48000,-1.1842378929335003e-18,0.154431125208697,0.154431125208697,0.6622487561538462,1.2531526153846153,0.013842468942973462,3.0565605651834598,4.288311409080262,5.387609363650054,1.2563475106325541,6.368807796352808,2906.25,2738.6762950827256,3421.875,0.6930287617321585,0.014923006325825397,0.07167348287868909,0.6824959964608773,0.2180866009431059
source_domain/cwru_48khz_de/OR014@6_3.mat,source_domain/cwru_48khz_de/OR014@6_3.mat,OR014@6_3.mat,OR,48000,1723.0,2,96000,48000,2.3684757858670005e-18,0.15181287787930892,0.15181287787930892,0.6830625390769232,1.3324264615384616,0.0036042985911371975,3.052127993670621,4.4993715198223025,5.65678452257242,1.2572388160465946,6.690675170649458,2906.25,2744.3792431139755,3421.875,0.6980944645018963,0.01579577346645746,0.07216546458736768,0.6562825785085956,0.23551555852233716
source_domain/cwru_48khz_de/OR014@6_3.mat,source_domain/cwru_48khz_de/OR014@6_3.mat,OR014@6_3.mat,OR,48000,1723.0,3,144000,48000,-4.1217029789208935e-18,0.15058896514061798,0.15058896514061798,0.6399980000384614,1.2504406153846153,0.01100201946398237,2.9583744959439042,4.2499661209344906,5.31184343374233,1.2498554770923862,6.261416204218947,2906.25,2729.754677666946,3421.875,0.6990216249897228,0.016669133222519852,0.07679714106786288,0.6671469174364689,0.22284010953890293
source_domain/cwru_48khz_de/OR021@12_0.mat,source_domain/cwru_48khz_de/OR021@12_0.mat,OR021@12_0.mat,OR,48000,1796.0,0,0,48000,1.1842378929335003e-18,0.6296316453012193,0.6296316453012193,5.669961804611111,11.000906666666666,0.13210936127098133,24.99672726099476,9.005204625459326,20.021800231089813,2.223358720184192,31.911337463674023,2765.625,2721.215888363249,2929.6875,0.6107400456887324,0.0033712847718830726,0.018935036361570984,0.9364376846297586,0.039829592495683734
source_domain/cwru_48khz_de/OR021@12_0.mat,source_domain/cwru_48khz_de/OR021@12_0.mat,OR021@12_0.mat,OR,48000,1796.0,1,48000,48000,-4.292862361883939e-18,0.588406375002167,0.588406375002167,5.355402664666666,10.525981333333334,0.15745608419438029,25.260209571615253,9.101537461482877,19.97977591055063,2.1952088858689867,31.25862893637032,2765.625,2724.033665967738,2941.40625,0.6137259725008767,0.003336197285025136,0.01996026777962645,0.9308936732024045,0.044338761966611726
source_domain/cwru_48khz_de/OR021@12_1.mat,source_domain/cwru_48khz_de/OR021@12_1.mat,OR021@12_1.mat,OR,48000,1771.0,0,0,48000,-1.5728159515523052e-19,0.5222881798399824,0.5222881798399824,4.948363605722223,9.371637333333334,0.16780066309032146,22.290731019701873,9.474393250157066,19.320484953792572,2.039231900516193,29.105542910738485,2765.625,2708.816371698913,3035.15625,0.6215292077804037,0.00564274212570972,0.029551813301632215,0.9075419906548305,0.05548163005105327
source_domain/cwru_48khz_de/OR021@12_1.mat,source_domain/cwru_48khz_de/OR021@12_1.mat,OR021@12_1.mat,OR,48000,1771.0,1,48000,48000,2.7015426932545474e-18,0.5762831529917969,0.5762831529917969,5.046590222111112,9.801490666666666,0.1418496721708124,22.55488588579297,8.757136480396452,18.622217103130154,2.126518999079797,28.900611130407345,2765.625,2713.732452163124,3023.4375,0.6221604644693757,0.005150455212695288,0.026712655532112134,0.912400690629401,0.05387507702778613
source_domain/cwru_48khz_de/OR021@12_1.mat,source_domain/cwru_48khz_de/OR021@12_1.mat,OR021@12_1.mat,OR,48000,1771.0,2,96000,48000,2.183438615096141e-18,0.5184668271055464,0.5184668271055464,5.024854389222223,9.588650666666666,0.15240565213293183,23.215175807184334,9.691756784643044,20.029533306945364,2.0666566188128335,30.21596190780645,2753.90625,2713.1909902352468,3011.71875,0.6210028643523534,0.005869245996752315,0.029687696668830386,0.9096648924619049,0.052527036983473864
source_domain/cwru_48khz_de/OR021@12_1.mat,source_domain/cwru_48khz_de/OR021@12_1.mat,OR021@12_1.mat,OR,48000,1771.0,3,144000,48000,6.217248937900877e-18,0.5511230096537371,0.5511230096537371,5.145238414722223,9.850736000000001,0.16227199329422332,22.159546939050383,9.335916527864748,19.182968153415477,2.0547493217324297,28.98750256053841,2753.90625,2710.926592794369,2988.28125,0.6157912115195171,0.0054008740190188325,0.028061119640941497,0.9167751324297855,0.04759027918744035
source_domain/cwru_48khz_de/OR021@12_2.mat,source_domain/cwru_48khz_de/OR021@12_2.mat,OR021@12_2.mat,OR,48000,1746.0,0,0,48000,-1.0362081563168129e-18,0.47950448115161404,0.47950448115161404,4.664267277722222,9.081173333333332,0.14945798064446977,21.261024830295064,9.727265252058624,18.93710660836672,1.9468068483399774,27.537811175642414,2777.34375,2697.566565057634,3269.53125,0.6422215935200984,0.008393668639630697,0.037138431351531415,0.8739847036135044,0.07827733274092175
source_domain/cwru_48khz_de/OR021@12_2.mat,source_domain/cwru_48khz_de/OR021@12_2.mat,OR021@12_2.mat,OR,48000,1746.0,1,48000,48000,-5.181040781584064e-19,0.4773157573814671,0.4773157573814671,4.514039867277777,8.804064,0.17275158472377536,21.907996145124592,9.457135653832468,18.440906512723814,1.9499462826476508,26.82569085539416,2765.625,2694.6661482128034,3246.09375,0.6377299103680759,0.008136246770447554,0.03800285721587507,0.8801094578863969,0.07127005802263632
source_domain/cwru_48khz_de/OR021@12_2.mat,source_domain/cwru_48khz_de/OR021@12_2.mat,OR021@12_2.mat,OR,48000,1746.0,2,96000,48000,-1.7393494052460785e-18,0.48363477732983606,0.48363477732983606,5.181348946499999,9.822357333333333,0.1826967312964864,25.452042945537883,10.713350630191833,21.323430545554316,1.9903605586675743,31.21619167514134,2765.625,2701.15284945541,3257.8125,0.6367525695586218,0.006940182455028708,0.03809986255088599,0.8788920916692866,0.07335926547551713
source_domain/cwru_48khz_de/OR021@12_2.mat,source_domain/cwru_48khz_de/OR021@12_2.mat,OR021@12_2.mat,OR,48000,1746.0,3,144000,48000,2.0354088784794537e-18,0.46623302605442907,0.46623302605442907,4.505948121722222,8.591224,0.19303379790376304,21.348770125773648,9.664583737975102,18.84867807946439,1.950283487674875,27.528313132300866,2765.625,2697.3959524796373,3117.1875,0.6336568418511507,0.006790630749692188,0.03870045724162847,0.8850590894344851,0.06689077728850366
source_domain/cwru_48khz_de/OR021@12_3.mat,source_domain/cwru_48khz_de/OR021@12_3.mat,OR021@12_3.mat,OR,48000,1718.0,0,0,48000,5.551115123125783e-20,0.4355570670419258,0.4355570670419258,3.9365438774999992,7.77492,0.12882116425980047,21.34225940698533,9.03795202825176,17.03335371938086,1.8846475026750686,24.14522938527701,2765.625,2662.537886117274,3269.53125,0.6479470871512434,0.007751246307596088,0.050880203220148176,0.8685948863281048,0.07029539556877429
source_domain/cwru_48khz_de/OR021@12_3.mat,source_domain/cwru_48khz_de/OR021@12_3.mat,OR021@12_3.mat,OR,48000,1718.0,1,48000,48000,1.4802973661668753e-19,0.43497968355970856,0.43497968355970856,4.103187442388889,8.170552,0.158609801829707,21.792334589241655,9.433055375829346,18.209927537372685,1.930437892264554,26.24280033242062,2765.625,2665.482838391961,3292.96875,0.6597333642709433,0.008468063130880457,0.05255210527214946,0.8517312485954239,0.08422069435951371
source_domain/cwru_48khz_de/OR021@12_3.mat,source_domain/cwru_48khz_de/OR021@12_3.mat,OR021@12_3.mat,OR,48000,1718.0,2,96000,48000,-3.663735981263017e-18,0.3987525664286218,0.3987525664286218,3.986027247333333,7.623845333333333,0.17823382168987373,21.35450087605532,9.996242238698796,18.736696879325496,1.8743740329483503,26.451846776478753,2753.90625,2653.8096915552437,3246.09375,0.6492079318396506,0.008344603189926213,0.054246891509145266,0.8653761175672139,0.06908567924753183
source_domain/cwru_48khz_de/OR021@12_3.mat,source_domain/cwru_48khz_de/OR021@12_3.mat,OR021@12_3.mat,OR,48000,1718.0,3,144000,48000,4.588921835117314e-18,0.40185442645900704,0.40185442645900704,3.6143451205,7.162274666666667,0.17604086796141732,19.06189379209237,8.99416525615826,16.685045082007903,1.8550965661368313,23.683015149705557,2777.34375,2651.9366684841348,3281.25,0.6572151802684805,0.008867204417312893,0.05773149729179798,0.8517451553196349,0.0783399943807122
source_domain/cwru_48khz_de/OR021@3_0.mat,source_domain/cwru_48khz_de/OR021@3_0.mat,OR021@3_0.mat,OR,48000,1796.0,0,0,48000,1.2304971856262152e-18,0.4138843337536745,0.4138843337536745,2.978044229638889,5.445782666666666,-0.2510124152314168,8.112743753447385,7.195353838650227,10.375241389328,1.4419362302339838,13.074656633521737,3058.59375,2598.5216282102742,3398.4375,0.8187913937277796,0.01769494976650981,0.09398408701113595,0.5440387848867966,0.3346463351265834
source_domain/cwru_48khz_de/OR021@3_0.mat,source_domain/cwru_48khz_de/OR021@3_0.mat,OR021@3_0.mat,OR,48000,1796.0,1,48000,48000,6.47630097698008e-19,0.41342994417841983,0.41342994417841983,3.2555317278333336,5.935732,-0.2265776155585826,8.45629666546573,7.874445897466251,11.357498729335841,1.4423235459605932,14.304931847078503,3058.59375,2603.648070254385,3363.28125,0.8165937124307294,0.018554710272944062,0.09196305056776768,0.5331975156907134,0.34611491646245285
source_domain/cwru_48khz_de/OR021@3_1.mat,source_domain/cwru_48khz_de/OR021@3_1.mat,OR021@3_1.mat,OR,48000,1770.0,0,0,48000,-2.590520390792032e-19,0.7720223238701294,0.7720223238701294,5.026450184944444,9.778954666666667,0.10641948271952409,7.083439813547799,6.510757564289669,9.496405100056334,1.4585714498309847,12.163031379164119,2964.84375,2621.563147603847,3316.40625,0.7892775108461563,0.018686670275955514,0.07926407873930792,0.6421466436656798,0.24812328636054964
source_domain/cwru_48khz_de/OR021@3_1.mat,source_domain/cwru_48khz_de/OR021@3_1.mat,OR021@3_1.mat,OR,48000,1770.0,1,48000,48000,-9.769962616701377e-18,0.7532214185907213,0.7532214185907213,5.820493051111111,10.808098666666666,0.059724264493673906,7.542244117341257,7.727466197115765,11.337336822616143,1.4671480318908015,14.538204085827614,2707.03125,2612.148549343279,3304.6875,0.7870900279571053,0.019407760093179353,0.0805992437424939,0.6473785253891792,0.2441672031901714
source_domain/cwru_48khz_de/OR021@3_1.mat,source_domain/cwru_48khz_de/OR021@3_1.mat,OR021@3_1.mat,OR,48000,1770.0,2,96000,48000,3.478698810492157e-18,0.768970246655251,0.768970246655251,5.233771664555555,9.713850666666666,-0.009436975952565978,7.517063334189659,6.8062082860992446,9.997547601672643,1.4688865196908938,12.829709763654016,2859.375,2625.9222690761494,3292.96875,0.7867725196019822,0.01838277334670609,0.07876926833656453,0.6370564148274676,0.2570121980001243
source_domain/cwru_48khz_de/OR021@3_1.mat,source_domain/cwru_48khz_de/OR021@3_1.mat,OR021@3_1.mat,OR,48000,1770.0,3,144000,48000,-1.0084525807011839e-17,0.7536169531397778,0.7536169531397778,5.4590866794999995,10.329,0.055610113776742624,7.37042844851048,7.2438480275008175,10.621463454911899,1.466273645522943,13.627310099844996,2859.375,2628.6127603691234,3304.6875,0.7872217723718358,0.019736515934715305,0.07939232274389109,0.6262080623117826,0.26518116349065485
source_domain/cwru_48khz_de/OR021@3_2.mat,source_domain/cwru_48khz_de/OR021@3_2.mat,OR021@3_2.mat,OR,48000,1746.0,0,0,48000,-4.440892098500626e-18,0.7138635602540332,0.7138635602540332,4.527989425222222,8.702234666666666,0.09018657865661811,6.689337586390164,6.342933968508721,9.250957919178665,1.4584666914545679,11.937734627073706,2929.6875,2615.2592317197095,3339.84375,0.7868160393070659,0.021684522177033157,0.07917303443533195,0.6304877312328768,0.25127262516796206
source_domain/cwru_48khz_de/OR021@3_2.mat,source_domain/cwru_48khz_de/OR021@3_2.mat,OR021@3_2.mat,OR,48000,1746.0,1,48000,48000,1.0880185641326535e-17,0.7309842651654506,0.7309842651654506,4.776586232222223,9.383322666666666,0.06098462122363037,7.476006955633081,6.534458345877744,9.657253906572969,1.4778966205595334,12.540730255823837,2882.8125,2624.094849325207,3339.84375,0.7869766539376608,0.01888695123835678,0.07893699746082188,0.6357654666688006,0.24791434177286542
source_domain/cwru_48khz_de/OR021@3_2.mat,source_domain/cwru_48khz_de/OR021@3_2.mat,OR021@3_2.mat,OR,48000,1746.0,2,96000,48000,-1.0251059260705612e-17,0.7127179780199561,0.7127179780199561,4.676268080277778,8.987690666666666,0.031234124390921773,7.516904340146763,6.561175983328824,9.693550165772447,1.4774104810462356,12.559093665316892,2718.75,2619.7458336551763,3339.84375,0.7865789880896885,0.02046132038568005,0.07782215189731179,0.6255566434094799,0.26171272102082555
source_domain/cwru_48khz_de/OR021@3_2.mat,source_domain/cwru_48khz_de/OR021@3_2.mat,OR021@3_2.mat,OR,48000,1746.0,3,144000,48000,1.074140776324839e-17,0.7038242799014517,0.7038242799014517,5.060661815277778,9.791474666666666,0.0077062794652198105,7.544393535063065,7.190234778458017,10.452154412561534,1.4536596835281923,13.355034965941536,2871.09375,2606.189977910009,3339.84375,0.791757577226819,0.0221778619894127,0.08245375819786972,0.6308023850140307,0.2511757911601749
source_domain/cwru_48khz_de/OR021@3_3.mat,source_domain/cwru_48khz_de/OR021@3_3.mat,OR021@3_3.mat,OR,48000,1719.0,0,0,48000,0.0,0.6683005622542216,0.6683005622542216,4.699349656666667,9.263965333333335,-0.09119585640534547,7.764484192958206,7.031790667373405,10.236227694895318,1.4557071134632558,13.061114169151809,2894.53125,2565.704730683179,3339.84375,0.800978756783572,0.021534857946015836,0.09890469236047056,0.6464220016286281,0.21780469051071974
source_domain/cwru_48khz_de/OR021@3_3.mat,source_domain/cwru_48khz_de/OR021@3_3.mat,OR021@3_3.mat,OR,48000,1719.0,1,48000,48000,6.402286108671736e-18,0.6784576838720103,0.6784576838720103,4.868734440777778,9.253949333333333,-0.1131779645961879,7.611793088854275,7.1761799689324155,10.409101235966624,1.4505072728129784,13.2621363485719,2894.53125,2572.7598129496937,3363.28125,0.8003613440965915,0.02073287316087212,0.09868971502036458,0.6410972334466633,0.21869909791495534
source_domain/cwru_48khz_de/OR021@3_3.mat,source_domain/cwru_48khz_de/OR021@3_3.mat,OR021@3_3.mat,OR,48000,1719.0,2,96000,48000,-1.27675647831893e-18,0.6748201209121754,0.6748201209121754,4.666896356,8.898381333333333,-0.09266978616507945,7.282805671083709,6.9157634921802495,10.043939561066997,1.4523254840060589,12.845783637201043,2894.53125,2557.902570093718,3363.28125,0.8060741166907588,0.020574461831421698,0.10585000079754399,0.6290100513160536,0.22402656838233603
source_domain/cwru_48khz_de/OR021@3_3.mat,source_domain/cwru_48khz_de/OR021@3_3.mat,OR021@3_3.mat,OR,48000,1719.0,3,144000,48000,-4.773959005888173e-18,0.6756266620216785,0.6756266620216785,4.282122065166667,8.245672,-0.034177992806052375,6.835836342150546,6.338000416305256,9.174839707859705,1.447592159230972,11.72453571897262,2917.96875,2576.7304448253517,3339.84375,0.7970498945505591,0.02030996875098486,0.09824511275655473,0.6448839383406998,0.21623161558327844
source_domain/cwru_48khz_de/OR021@6_0.mat,source_domain/cwru_48khz_de/OR021@6_0.mat,OR021@6_0.mat,OR,48000,1796.0,0,0,48000,-8.881784197001253e-19,0.6427158642265538,0.6427158642265538,6.223474569333334,11.959938666666666,-0.35447510480552585,19.014613929725822,9.683088462135595,18.65661179953094,1.9267211977310819,27.75952349452215,2789.0625,2768.5868179033973,3468.75,0.7428776255598776,0.010746313474133282,0.06969677838957679,0.5957968292284334,0.3190095569557162
source_domain/cwru_48khz_de/OR021@6_0.mat,source_domain/cwru_48khz_de/OR021@6_0.mat,OR021@6_0.mat,OR,48000,1796.0,1,48000,48000,-4.033810322804736e-18,0.6651509564283987,0.6651509564283987,6.251269178,12.001672,-0.21884261020604773,19.751171546211694,9.39827135114934,18.211161491613176,1.93771394878471,27.070210665794004,2789.0625,2759.6081320457192,3468.75,0.7381961969680083,0.010473399132582998,0.06564221528660337,0.6343831986828805,0.28360395182042175
source_domain/cwru_48khz_de/OR021@6_0.mat,source_domain/cwru_48khz_de/OR021@6_0.mat,OR021@6_0.mat,OR,48000,1796.0,2,96000,48000,9.992007221626408e-19,0.6980752642334639,0.6980752642334639,7.677210077055555,14.953053333333333,-0.10369519279620301,21.593806377245123,10.997682442558222,21.634861997525235,1.9672201039168808,32.43068275444693,2800.78125,2751.345736455712,3457.03125,0.7317399311983463,0.00980143594660638,0.061624113936830004,0.6735967382381531,0.2491354547617225
source_domain/cwru_48khz_de/OR021@6_0.mat,source_domain/cwru_48khz_de/OR021@6_0.mat,OR021@6_0.mat,OR,48000,1796.0,3,144000,48000,0.0,0.6671501648984257,0.6671501648984257,6.787111788555555,12.923978666666667,-0.1869198546198989,21.996576434267638,10.173289531568544,19.925753556627342,1.9586342740729283,29.633541563346455,2789.0625,2757.0189824827826,3445.3125,0.7363348828449008,0.010058689309376336,0.06468673675421521,0.6488181050861528,0.2705537565771519
source_domain/cwru_48khz_de/OR021@6_1.mat,source_domain/cwru_48khz_de/OR021@6_1.mat,OR021@6_1.mat,OR,48000,1771.0,0,0,48000,7.864079757761525e-19,0.6454637185646019,0.6454637185646019,6.569153821222221,12.681925333333332,-0.25939081021653954,22.076127978078617,10.177417618174866,20.255271872774465,1.9902172272631469,30.67989590969365,2753.90625,2832.43602111231,3492.1875,0.7423254278051847,0.007697921216615381,0.06086087705751104,0.5436640404477298,0.384807064607611
source_domain/cwru_48khz_de/OR021@6_1.mat,source_domain/cwru_48khz_de/OR021@6_1.mat,OR021@6_1.mat,OR,48000,1771.0,1,48000,48000,2.183438615096141e-18,0.6222530244174082,0.6222530244174082,6.653363619444443,12.821314666666666,-0.28616072191317204,20.567098579638404,10.69237650658756,20.889702389552372,1.953700599361487,31.223642564031216,2800.78125,2799.661805905279,3480.46875,0.7417361690837055,0.007591449286425957,0.06404641198139646,0.5875906242722133,0.3373367176161718
source_domain/cwru_48khz_de/OR021@6_1.mat,source_domain/cwru_48khz_de/OR021@6_1.mat,OR021@6_1.mat,OR,48000,1771.0,2,96000,48000,8.696747026230393e-18,0.600070062404557,0.600070062404557,5.500717087999999,10.750506666666666,-0.4494036814290907,19.33925606799941,9.166791400905355,17.7523871412162,1.9365976997614793,26.4381542231486,2753.90625,2753.551036894801,3445.3125,0.7374109022916392,0.009095519650868245,0.07290813734011226,0.6144930504464423,0.29936457160061186
source_domain/cwru_48khz_de/OR021@6_1.mat,source_domain/cwru_48khz_de/OR021@6_1.mat,OR021@6_1.mat,OR,48000,1771.0,3,144000,48000,-3.2566542055671258e-18,0.5868818661870011,0.5868818661870011,5.1242458177222225,10.195453333333333,-0.30702203218495905,19.043172263915405,8.731307121492705,16.868046426087606,1.9319039167156342,25.139607294788217,2800.78125,2750.0158049870115,3445.3125,0.7352528985094332,0.00849925744757198,0.07218766233078791,0.6245901673904507,0.29028534227872294
source_domain/cwru_48khz_de/OR021@6_2.mat,source_domain/cwru_48khz_de/OR021@6_2.mat,OR021@6_2.mat,OR,48000,1747.0,0,0,48000,-1.0362081563168129e-18,0.6299488983322499,0.6299488983322499,6.9761144215,13.516592,-0.30953964343298307,21.064509134313514,11.074095755953778,21.294233285823125,1.9228868663467065,31.443582268233477,2765.625,2848.4914154559356,3480.46875,0.7467238728107967,0.007418754051983779,0.06334959743002297,0.49328387769543325,0.43230105033637223
source_domain/cwru_48khz_de/OR021@6_2.mat,source_domain/cwru_48khz_de/OR021@6_2.mat,OR021@6_2.mat,OR,48000,1747.0,1,48000,48000,7.123931074678088e-19,0.6118321513078205,0.6118321513078205,7.176123316888889,14.119221333333332,-0.41360375678604466,24.56799150942005,11.72890849481815,23.057683288663416,1.965884830529,34.185517864673905,2765.625,2810.6380043011477,3468.75,0.7450768499229712,0.008166093593848945,0.06614310465709168,0.5457879236703131,0.376311622814541
source_domain/cwru_48khz_de/OR021@6_2.mat,source_domain/cwru_48khz_de/OR021@6_2.mat,OR021@6_2.mat,OR,48000,1747.0,2,96000,48000,3.964421383765663e-18,0.6031724823042545,0.6031724823042545,5.811515706833332,11.570149333333333,-0.3062558853033181,19.636303499023672,9.634915181512262,18.523682593357314,1.9225579306468987,27.46703690339674,2765.625,2772.6520783110013,3457.03125,0.7426261299853744,0.008288541227851278,0.07635677351937963,0.5642629288636762,0.3470634172458638
source_domain/cwru_48khz_de/OR021@6_2.mat,source_domain/cwru_48khz_de/OR021@6_2.mat,OR021@6_2.mat,OR,48000,1747.0,3,144000,48000,4.810966440042345e-19,0.6053809661658568,0.6053809661658568,5.591677026833333,10.953330666666666,-0.3649425882952466,20.033045852184145,9.23662509946198,17.995530708806097,1.9482798657514622,26.811114176808438,2765.625,2812.7637314873796,3480.46875,0.7460980213149999,0.0077028173692506715,0.07095058558594763,0.531472185221506,0.38714832482827793
source_domain/cwru_48khz_de/OR021@6_3.mat,source_domain/cwru_48khz_de/OR021@6_3.mat,OR021@6_3.mat,OR,48000,1719.0,0,0,48000,-4.181840059421423e-18,0.5603577986467105,0.5603577986467105,6.4535197098333335,12.439037333333332,-0.4231056307618318,20.492708779446595,11.516783964472983,21.700010626479305,1.8842074917251943,31.443859799284226,3304.6875,2839.947499197992,3480.46875,0.7556441553387204,0.007756380786732486,0.07376640085042459,0.4633470391374246,0.45076833423301643
source_domain/cwru_48khz_de/OR021@6_3.mat,source_domain/cwru_48khz_de/OR021@6_3.mat,OR021@6_3.mat,OR,48000,1719.0,1,48000,48000,-2.220446049250313e-19,0.5681765689491408,0.5681765689491408,6.157791832333333,11.81888,-0.32023944321366343,18.12222761229572,10.837813751650323,20.316452083914037,1.8745895204911234,29.589213397353962,3292.96875,2837.0108848914147,3468.75,0.752029876117373,0.007844282350086424,0.07747295732557434,0.4464268916680715,0.46324953731416063
source_domain/cwru_48khz_de/OR021@6_3.mat,source_domain/cwru_48khz_de/OR021@6_3.mat,OR021@6_3.mat,OR,48000,1719.0,2,96000,48000,3.0716170347962663e-18,0.6064713241415276,0.6064713241415276,6.630226276888888,12.758714666666666,-0.11976471340551721,20.322723447503574,10.932464591402034,21.13041080115564,1.9328131021562203,31.257994445421268,3292.96875,2816.3034719453813,3457.03125,0.7478974081897148,0.007393793734738272,0.06709061368230435,0.5356222169120205,0.3846645791811393
source_domain/cwru_48khz_de/OR021@6_3.mat,source_domain/cwru_48khz_de/OR021@6_3.mat,OR021@6_3.mat,OR,48000,1719.0,3,144000,48000,-2.2019423321732273e-18,0.6260976965178333,0.6260976965178333,6.499138851222223,12.611813333333334,-0.15288495786338016,20.256101331117797,10.380390931572013,20.136292011821386,1.9398394669842915,29.972619784395828,3292.96875,2902.5746636429344,3492.1875,0.749386647776261,0.00642453819457919,0.05810599593426803,0.43489768557719605,0.49605331253369456
source_domain/cwru_48khz_normal/N_0.mat,source_domain/cwru_48khz_normal/N_0.mat,N_0.mat,N,48000,1796.0,0,0,48000,-5.921189464667501e-19,0.07253491456775636,0.07253491456775636,0.2984135379230769,0.540313846153846,-0.06834546646254464,2.792964672482515,4.114067545226217,5.108781272732014,1.2417835187440194,6.003116373944551,4148.4375,3195.4278171176375,4382.8125,0.5990764404624295,0.0842126477245499,0.16998612499632176,0.05058987069967111,0.6931483756828539
source_domain/cwru_48khz_normal/N_0.mat,source_domain/cwru_48khz_normal/N_0.mat,N_0.mat,N,48000,1796.0,1,48000,48000,4.440892098500626e-19,0.07176239162589897,0.07176239162589897,0.2986163425,0.5757784615384616,-0.008615473087388296,2.777340590432802,4.161181584534433,5.153469507225806,1.2384630188472248,6.04182180759518,4148.4375,3248.926623873807,4382.8125,0.6016771523948234,0.09615877513065729,0.1420994570237844,0.052097181838050566,0.7075248037599585
source_domain/cwru_48khz_normal/N_0.mat,source_domain/cwru_48khz_normal/N_0.mat,N_0.mat,N,48000,1796.0,2,96000,48000,7.123931074678088e-19,0.07185397284087737,0.07185397284087737,0.26382932292307687,0.5148627692307692,-0.035621627137769674,2.7059047813305366,3.6717430155694037,4.53181788441037,1.234241575494498,5.3038206598261795,4148.4375,3179.2407977591547,4382.8125,0.6109300422997701,0.08680134004890776,0.16959628366935925,0.05405016416121845,0.6867015146875323
source_domain/cwru_48khz_normal/N_0.mat,source_domain/cwru_48khz_normal/N_0.mat,N_0.mat,N,48000,1796.0,3,192000,48000,-1.0362081563168129e-18,0.07318796339406546,0.07318796339406546,0.25650745315384615,0.5035975384615384,-1.7710845930591117e-05,2.754723343427708,3.5047764858441273,4.339813909794932,1.2382569693857062,5.092620766427489,4148.4375,3238.809083837646,4382.8125,0.5954437446311328,0.08704378686280509,0.15287122175626996,0.05437478244880701,0.7037069614072715
source_domain/cwru_48khz_normal/N_1_(1772rpm).mat,source_domain/cwru_48khz_normal/N_1_(1772rpm).mat,N_1_(1772rpm).mat,N,48000,1772.0,0,0,48000,6.661338147750939e-19,0.06502069031187659,0.06502069031187659,0.26235737188461533,0.47856369230769225,-0.18598058052281236,2.8935428468813327,4.0349828742537746,5.02937711596755,1.2464432372145637,5.917075474383636,363.28125,2250.894336687848,4382.8125,0.6838432844959003,0.3023254780269972,0.1910983231217396,0.07364462816374076,0.42828973743471177
source_domain/cwru_48khz_normal/N_1_(1772rpm).mat,source_domain/cwru_48khz_normal/N_1_(1772rpm).mat,N_1_(1772rpm).mat,N,48000,1772.0,1,96000,48000,-2.590520390792032e-19,0.06513559766104675,0.06513559766104675,0.2669010019230769,0.4896203076923077,-0.15274337338642988,2.87416168339489,4.097621139639822,5.115808534892705,1.2484825610949088,6.0344750867520665,363.28125,2284.90270038089,4382.8125,0.6859990256372742,0.2979416660589523,0.1818293885270679,0.08697601104261023,0.4296583230460249
source_domain/cwru_48khz_normal/N_1_(1772rpm).mat,source_domain/cwru_48khz_normal/N_1_(1772rpm).mat,N_1_(1772rpm).mat,N,48000,1772.0,2,192000,48000,4.070817756958907e-19,0.06513409246873612,0.06513409246873612,0.28664944692307687,0.5346812307692307,-0.1524840235640785,2.960684094333863,4.400912579787083,5.50535429447887,1.2509574308928209,6.492218253599556,363.28125,2310.555230842339,4382.8125,0.691332336599065,0.28144573801537376,0.19291230502366322,0.08331470718116024,0.43786438318444176
source_domain/cwru_48khz_normal/N_1_(1772rpm).mat,source_domain/cwru_48khz_normal/N_1_(1772rpm).mat,N_1_(1772rpm).mat,N,48000,1772.0,3,336000,48000,-1.8503717077085942e-20,0.06520297364899531,0.06520297364899531,0.25871650319230766,0.4877427692307692,-0.18070049215156356,2.9232962013630237,3.9678635606571944,4.950416535448907,1.2476277119148345,5.82425979013434,363.28125,2266.9553202259867,4382.8125,0.6867932269817772,0.29830510323627696,0.18959763499899226,0.08008589393558796,0.4288813145358549
source_domain/cwru_48khz_normal/N_2_(1750rpm).mat,source_domain/cwru_48khz_normal/N_2_(1750rpm).mat,N_2_(1750rpm).mat,N,48000,1750.0,0,0,48000,-3.515706244646329e-19,0.06324945396703661,0.06324945396703661,0.2872428229615384,0.5113163076923076,-0.19039006894788016,2.9546086702959395,4.54142771108661,5.6715712484158685,1.2488520370985237,6.683869800601808,363.28125,2252.7663377110457,4382.8125,0.7302439011864714,0.2602437588297102,0.22570909169488865,0.10499619852135177,0.4044251302855914
source_domain/cwru_48khz_normal/N_2_(1750rpm).mat,source_domain/cwru_48khz_normal/N_2_(1750rpm).mat,N_2_(1750rpm).mat,N,48000,1750.0,1,96000,48000,-7.401486830834377e-19,0.06321174758515813,0.06321174758515813,0.2729146880769231,0.49984246153846157,-0.18411909286224118,2.925958817253264,4.317467852078257,5.3921428432118494,1.248913258388475,6.350189196850151,363.28125,2270.128607629999,4382.8125,0.7225896130805354,0.26600596202296295,0.2241648624882576,0.08952386573285048,0.4162900853521617
source_domain/cwru_48khz_normal/N_2_(1750rpm).mat,source_domain/cwru_48khz_normal/N_2_(1750rpm).mat,N_2_(1750rpm).mat,N,48000,1750.0,2,192000,48000,-4.810966440042345e-19,0.06322516010283726,0.06322516010283726,0.3396099826923077,0.5570030769230769,-0.15896234570464302,2.9036236220800227,5.371437290701239,6.695300890519362,1.2464635679548994,7.875039297885818,363.28125,2257.010289349296,4382.8125,0.7315705761432185,0.26273640686121785,0.22617192821092183,0.0980092538753815,0.40914614929425147
source_domain/cwru_48khz_normal/N_2_(1750rpm).mat,source_domain/cwru_48khz_normal/N_2_(1750rpm).mat,N_2_(1750rpm).mat,N,48000,1750.0,3,336000,48000,-1.8873791418627663e-18,0.0628387949303477,0.0628387949303477,0.25832123788461536,0.4942098461538461,-0.12961899639569657,2.9101237815200416,4.110856011271939,5.135615250069163,1.2492812289960085,6.054841722519303,363.28125,2239.6537323123544,4382.8125,0.72555916003625,0.265985307559577,0.22791355253511464,0.09859006843189831,0.40320364258271174
source_domain/cwru_48khz_normal/N_3.mat,source_domain/cwru_48khz_normal/N_3.mat,N_3.mat,N,48000,1725.0,0,0,48000,-8.881784197001253e-19,0.06473627612561085,0.06473627612561085,0.2589692407307692,0.5113163076923076,-0.11159217706210516,2.946584572709665,4.0003728392451645,5.007847298884451,1.2518451404524662,5.91016670295841,363.28125,2226.1376045278407,4570.3125,0.7731429668653172,0.22286347381998764,0.268191735392288,0.1283078877705164,0.37580696007134856
source_domain/cwru_48khz_normal/N_3.mat,source_domain/cwru_48khz_normal/N_3.mat,N_3.mat,N,48000,1725.0,1,96000,48000,-1.6283271027835629e-18,0.06423423375232108,0.06423423375232108,0.25841778769230767,0.5042233846153846,-0.1452443994637832,2.934420692133036,4.023053947910553,5.030431823233686,1.25040128427013,5.930128663291189,363.28125,2269.9596523589553,4617.1875,0.766170045951935,0.21244265228303783,0.27240633821916893,0.1164486449829933,0.3934834019238915
source_domain/cwru_48khz_normal/N_3.mat,source_domain/cwru_48khz_normal/N_3.mat,N_3.mat,N,48000,1725.0,2,192000,48000,-1.7763568394002505e-18,0.06506389281920397,0.06506389281920397,0.29749177084615386,0.5392707692307692,-0.13882768864192477,2.970652021548991,4.572302054969806,5.728522804749935,1.2528749710302591,6.764579036282683,363.28125,2248.9515155304416,4546.875,0.7714486426060987,0.21596972791189947,0.27171453307838206,0.12322866306986774,0.3837195506824812
source_domain/cwru_48khz_normal/N_3.mat,source_domain/cwru_48khz_normal/N_3.mat,N_3.mat,N,48000,1725.0,3,336000,48000,2.1464311809419694e-18,0.06456477555262004,0.06456477555262004,0.3196026981538462,0.5816196923076923,-0.13453849374401627,3.000637922698321,4.95010933459253,6.201841360516817,1.2528695714013491,7.322741449255515,363.28125,2266.569784886512,4546.875,0.775469265329689,0.2157861471436898,0.2662531226780576,0.12157650532783448,0.39177926328081375
