window_id,mean,std,rms,mean_abs,peak_abs,peak_to_peak,skewness,kurtosis,crest_factor,impulse_factor,shape_factor,clearance_factor,zero_cross_rate,spectral_centroid_hz,spectral_rms_hz,spectral_entropy,spectral_flatness,dominant_frequency_hz,rolloff95_hz,band_ratio_0_500,band_ratio_500_1500,band_ratio_1500_3000,band_ratio_3000_5500,envelope_rms,envelope_kurtosis,envelope_spectral_entropy
WIN-7903ddfdfcd489ea8e7f,0.001290273057359306,0.13988586648497023,0.13989181694013939,0.10369529001500093,1.1152593427867965,2.210349090909091,0.0012162687782965077,6.909275397263017,7.972298646003368,10.755159107175494,1.3490662586367526,13.081863643467551,0.5013751145928828,2971.898602083853,3176.192789867278,0.7431463551490871,0.08969202098387787,4122.0703125,4125.0,0.07653584958423554,0.07323575439590847,0.148245556655302,0.7019186826877553,0.1978284894996438,14.596911340356554,0.8113751331961526
WIN-891173c04174ac17a6fb,0.001067907559523808,0.12794128087663859,0.12794573763479042,0.09662618160299605,1.0485944077218614,2.080758961038961,0.00474651746016305,6.008204386220989,8.195618135453515,10.85207332334962,1.3241311569068472,13.062012554277285,0.5076256354696225,2999.71725843211,3213.0119055336695,0.7343866516595261,0.0918769950088601,4122.0703125,4125.0,0.0875684733970494,0.06339138472525278,0.12050508037706438,0.7284229109398618,0.18093629432605243,12.366911449248892,0.8167332788512469
WIN-ab17f14a1876d835f17f,0.0008471002867965358,0.12050985907059002,0.1205128362960119,0.09276546119440748,0.6980268909794374,1.316063376623377,0.034250273670614916,4.58507025111919,5.792137272905134,7.524642059495246,1.2991132124288742,9.007806244221195,0.5062088507375615,2964.878697974277,3201.3849380390056,0.7227606440664012,0.08065835711406598,4122.0703125,4125.0,0.10551057785195112,0.062139862859508496,0.12066138816333954,0.7115851145857726,0.17042666803837314,8.04267329084181,0.8328057694960526
WIN-eca284a71e0c1ac11041,0.000591795265151514,0.14647693887313362,0.14647813435212634,0.1039337194248494,1.252328953176407,2.493756363636364,0.04827940834157561,10.30353229455284,8.549596557239862,12.049303730247718,1.4093417916851314,14.823619489941262,0.5113759479956663,2977.378404479741,3205.6791641940013,0.7124726179692706,0.07971845171829818,4122.0703125,4125.0,0.08985667711723826,0.0761332937827829,0.12485857348524662,0.7089246632032921,0.20714967175845359,21.086546756286133,0.8259745716521373
WIN-2716e506699e08232ff4,0.0003604598106060591,0.18356829181613435,0.1835686457202551,0.12193184248398181,2.1859557221482686,4.306392207792209,0.1388314191301806,20.28431674120767,11.90811052486378,17.927685480661133,1.5055021065794607,22.46634115347517,0.504708725727144,3087.1743029779323,3237.2659286706703,0.7329339970465529,0.07412514081842402,4122.0703125,4122.0703125,0.06034294833449529,0.04789120821668918,0.09512833523056287,0.7965413421275772,0.2596047679037605,40.389033911845736,0.7067825655965229
WIN-7f96935775ac95b47312,0.00016835097943722772,0.16194791213327708,0.1619479996368585,0.10980568144818183,2.1859557221482686,4.306392207792209,0.16995039305386464,27.76076180504642,13.497886525529266,19.907491973991625,1.4748599298280223,24.53939671247603,0.5031252604383699,3116.9353864843197,3257.4052603011305,0.7284456846907343,0.06341707820647129,4122.0703125,4122.0703125,0.06111524026070795,0.03693072559541254,0.08679313231681857,0.8151176648931873,0.22902893363016721,67.88594666013626,0.6928482742329392
WIN-504f12d19ee97d5f4b97,-1.4909843073594683e-05,0.13436352179931305,0.1343635226265592,0.09972096548463927,1.2679307870833336,2.5318041558441564,0.018978565269281013,8.306185672425531,9.4365700026926,12.714786513633657,1.3473949231459132,15.396370597238308,0.5094591215934661,3022.8823980899365,3217.6843852847546,0.7251395769204587,0.07293481112889916,4122.0703125,4122.0703125,0.07914395383883772,0.06273130148166234,0.10772313918864111,0.7503336573929148,0.19001871383028848,23.404833991636437,0.7689511481234387
WIN-ddf026a9aa9e93933961,-0.00020411902056277178,0.1725398458940293,0.17253996663298027,0.11422272392493327,2.0007647973322515,3.7428296103896113,0.0210645120099565,18.775334117082586,11.595949833331067,17.516346385064587,1.510557275318196,21.97033665587203,0.4984582048504042,2966.977480744245,3163.629820248279,0.7544461931603501,0.09544193038594223,4122.0703125,4122.0703125,0.07862761759366813,0.06969323778630658,0.1260740626933284,0.7254849310509496,0.2440081892220387,33.7232040394345,0.7587675870084228
WIN-7d37f2d28f462c58c7ea,-0.0003143871590909102,0.17019052972691057,0.1701908201049993,0.11331683629937951,2.0007647973322515,3.7428296103896113,0.02200978789386909,18.80753015647893,11.756008908624581,17.65637713383241,1.5019023267986287,22.06797890577353,0.5039586632219352,3081.066108368404,3211.930112716399,0.746161851353279,0.08636741697670178,4122.0703125,4122.0703125,0.04929070700660835,0.0359391699497657,0.13236291743156303,0.7823375669261899,0.24068575430018482,34.268913129960005,0.6533363210269325
WIN-9635e7302773fb6d7204,-0.0003919190205627717,0.13572824375556544,0.13572880959283798,0.0983945722944643,1.4960549429274894,2.7734238961038966,0.10755908430074616,11.608896207422895,11.02238314330143,15.20464907794973,1.3794339100866713,18.473246905216097,0.5122093507792316,3023.121452271947,3228.449030584389,0.7351732752381273,0.08296272087320804,4122.0703125,4125.0,0.0859747458002327,0.0593950847427234,0.11705916125692839,0.7374935278428797,0.1919487201534227,27.74860188361944,0.7938698792414715
WIN-80cf8cdf1be7194dc98f,-0.0005990681114718628,0.12295686696367143,0.12295832633914702,0.09216931268669552,1.4960549429274894,2.7734238961038966,0.09610284657140358,12.165601990015176,12.167170678534307,16.23159486928897,1.3340484240755524,19.487632743860082,0.507708975747979,2992.159971198039,3211.169587721448,0.7181272024777139,0.07310122429760688,4122.0703125,4122.0703125,0.09837922348671922,0.06004912296850545,0.09044282425096235,0.7510345450460791,0.1738872688167732,42.148468361430254,0.7780020366105505
WIN-f5636ea33223eed9d925,-0.0007937378517316033,0.1204707103546786,0.12047332515182828,0.09387909400311056,0.7494151869426408,1.3671189610389614,-0.009974498442148283,3.9408955405501054,6.220590209425685,7.982769698542542,1.2832817192137929,9.527376338754555,0.5055421285107092,2940.1481889430206,3170.935083790699,0.7253248454512459,0.09357864267945148,4122.0703125,4125.0,0.09142258230847349,0.07237694204823449,0.15976167555981097,0.676331321818787,0.17037130900341765,6.707104526183204,0.8477518150953727
WIN-b8f7e3b7bbb386cf66e0,-0.0007640638257575773,0.12236936166703209,0.12237174701836505,0.09425770472521283,1.0521640338365803,1.9331205194805197,-0.004168239313076476,5.373746257391681,8.598096043117515,11.162631605477404,1.298267843183898,13.315754445832447,0.49087423951996,2750.627796057226,3039.5125686148085,0.7311502377499831,0.10741541989647349,4122.0703125,4125.0,0.12337319239739249,0.09702213433288051,0.17012844657324724,0.6093020813621106,0.17305640965320154,12.482868122908467,0.8551218667616828
WIN-e69b8a5f43efd3e341c0,-0.00069189767857143,0.1273282357080432,0.12733011556941515,0.09351858612097765,1.8196237740963204,3.3790992207792208,0.060167559603410664,17.309290779735242,14.290600192615434,19.457349063457382,1.3615487663953412,23.376953494215595,0.4934577881490124,2882.9666025702377,3128.797139900443,0.7401435961188704,0.10599710810712959,4122.0703125,4125.0,0.1067607154064855,0.0666196207195928,0.15978426284743283,0.6667308660677128,0.1800693133205623,53.59254294401302,0.7948794336297151
WIN-8fddd937f14d9d075c10,-0.000805404215367967,0.12461102731763304,0.1246136300936058,0.09290829971603987,1.8196237740963204,3.3790992207792208,0.04775050088634462,17.164150524440515,14.602124765283497,19.585158480331028,1.3412540157674526,23.456634398448898,0.5019584965413785,2974.924103143461,3198.2344360360685,0.7245778122445208,0.07779440068216392,4122.0703125,4122.0703125,0.0911407351946847,0.07271758098155565,0.11165781913233015,0.7243046009456886,0.17622660467678902,61.827550356858204,0.8077160598342782
WIN-d473bf538145c5cb6764,0.0031442687689393935,0.10578114171866645,0.10582786197120267,0.08219511008792209,0.5651144193912337,1.1054997402597404,0.08488205811814493,3.5287694156146556,5.339939868951239,6.87528027859406,1.2875201682522681,8.24788801042937,0.46662221851820984,2242.95253709245,2705.7962022487677,0.7940569191173462,0.16874230790510109,1066.40625,4125.0,0.1943158631999619,0.23192977678745114,0.1043510927913167,0.4661573694425335,0.14959036575308177,5.242707504421241,0.8887738960240154
WIN-645927b5904522565940,-0.0004385717721861453,0.1015302253015504,0.10153117252835674,0.08012720637393399,0.5403853208685067,1.0591594805194808,-0.10048335245042622,3.4701475841064444,5.322358714140325,6.744092865785398,1.2671248271563165,7.994738545594993,0.42653554462871907,2431.2948752959123,2828.70010054923,0.7749260526166073,0.13227814212682856,4122.0703125,4125.0,0.1485489343780926,0.22121942136357536,0.10710734157856452,0.5201127820217949,0.1435854216118163,5.058501521741481,0.8966938752191473
WIN-d542115139eb558ed2f3,-0.00037925081980519305,0.17066777156440588,0.17066819294158053,0.10492447838121079,1.993680905284091,3.9246135064935066,0.18108779292979144,27.420941370990693,11.681619585407125,19.001103803648792,1.6265812856355941,24.22758923395012,0.43711975997999836,3101.564394224477,3257.101937766361,0.7822567579032585,0.09123331476139125,3518.5546875,3978.515625,0.046157399084027356,0.07702284942556738,0.09358894638727562,0.7820229869577732,0.24136066676324353,39.68002494531431,0.6344208077416669
WIN-278af3809b54154a0f5e,-0.0004266073133116866,0.1705401303324209,0.1705406639121558,0.10502474216662473,1.993680905284091,3.9246135064935066,0.17900334940752943,27.47674146804146,11.69035501292132,18.982964053385405,1.6238141640944415,24.18048181528152,0.4292857738144845,3108.945657205493,3263.9576829322746,0.7720803781362774,0.08814751574279976,3518.5546875,3993.1640625,0.046260855341261356,0.07420735890355773,0.0933308709919546,0.7849378186043401,0.24118016365632883,39.885666847138516,0.6216383222836143
WIN-e92d52863a4e0f15de93,-0.0004524196509740242,0.11263439288825691,0.11263530150377725,0.08429037588251626,1.3980866195698054,2.681068571428572,0.03164110629171557,14.617268589291333,12.412508342338016,16.58655101386508,1.3362771291877,19.86678545288309,0.418034836236353,2498.765350767719,2867.865347477577,0.777450501488056,0.12611909596969725,1066.40625,4122.0703125,0.1275600439751191,0.21553591601348354,0.10402399089580634,0.5511943968727238,0.15928908583021165,55.24253589627035,0.8332446053475417
WIN-e4e32ea1ca545610d69e,-0.0003351327245670979,0.11181014567415531,0.11181064792594178,0.08349763849768399,1.3980866195698054,2.681068571428572,0.03859528388458913,15.000553102029041,12.50405614752657,16.744025875556236,1.3390875471011559,20.06982570609859,0.41836819734977915,2521.2619485674213,2892.620085606367,0.7801937168648111,0.1255604431817333,4122.0703125,4122.0703125,0.13403204268885305,0.2043115562938812,0.10389746814940762,0.5554665896094217,0.158123410597887,57.4484315159911,0.8410293951741239
WIN-f70b348fbf07a3e841c9,-0.0003195775730519462,0.10196625340059895,0.10196675420145704,0.08039714516181279,0.6190824637256495,1.2282607792207794,-0.08908885127250411,3.621561234135561,6.0714148309207605,7.70030406517472,1.2682882457450881,9.122736496144661,0.42145178764897073,2315.758425483989,2747.594616685487,0.7588054012780396,0.12120382894128943,4122.0703125,4125.0,0.1596321613008105,0.252349373229684,0.10370419962178211,0.4806545072353295,0.14420205737437114,5.96238426993729,0.911885640413501
WIN-2d6addfdc68ea4b01135,-0.00028964610119047447,0.10249301233507467,0.1024934216053972,0.0805224380756426,0.6190824637256495,1.2282607792207794,-0.08620073344913624,3.6432620189451907,6.0402165721727545,7.68832239203185,1.2728554183598146,9.134212240718966,0.4269522460205017,2371.9302930874833,2791.347685757071,0.7594684532946834,0.11796982527514883,4122.0703125,4125.0,0.15841376724881023,0.2343434788802542,0.10157758855545856,0.5024397563122497,0.14494698332978673,5.6986801063821275,0.9023519375629219
WIN-cc2d1358a3ab2b7ee442,-0.0002443898241341973,0.10051831298742896,0.10051861007905387,0.07930389457747024,0.5532448090016234,1.0760696103896106,-0.09424692261692351,3.456861220028538,5.503904287584304,6.976262791913635,1.267511647610092,8.279163479014356,0.4210350862571881,2339.4203951332934,2757.763382323704,0.7538731319904793,0.1161059101486346,4122.0703125,4125.0,0.15344309659560587,0.24752340442154447,0.11694516168906914,0.4806797243218947,0.14215435546674424,4.902644839342035,0.9139151757334071
WIN-8ce4a63029b888f10682,-0.0001882124215367949,0.10084525348192241,0.10084542911678648,0.07989613849331575,0.5532448090016234,1.0760696103896106,-0.07790767160573489,3.392525040504793,5.486067279811352,6.924550039936964,1.2622065473660053,8.186335722079127,0.41770147512292694,2324.261874160155,2750.046149311185,0.7607121957731727,0.12037192113150387,4122.0703125,4125.0,0.15369705936015268,0.2551829569474875,0.11145755659259862,0.4762547254394765,0.14261671744702253,4.969654009701264,0.9099124895984658
WIN-e3f967093ebd831492ce,-0.0002508801704545438,0.10263566103187478,0.10263596765417973,0.08081709182030439,0.8112868869237013,1.560935064935065,-0.12140488605977348,3.9892432223668575,7.904508579773283,10.03855581338595,1.2699784827833116,11.88504855940712,0.41670139178264853,2280.0754689363353,2716.639713773683,0.7558716374894767,0.12165217834792555,1066.40625,4125.0,0.15910468318372972,0.2676307518057773,0.11072328025164851,0.4600580818331543,0.1451487356543309,8.059231908753173,0.9110985952227044
WIN-c932afcccfe487deef11,-0.0004067839799783534,0.10471430947850545,0.10471509959297456,0.08260563570174244,0.8112868869237013,1.560935064935065,-0.1059331232429258,3.8797185851432636,7.747563532569888,9.821205054860043,1.2676507928562324,11.625979634709356,0.42370197516459707,2319.0429622884667,2741.1105515459294,0.7638998589035252,0.12615187116484053,4122.0703125,4125.0,0.14978235805359133,0.2571181431389668,0.11820781686719642,0.47184372337899905,0.14808839391573111,7.567901389194209,0.9003839127262951
WIN-ca596ac1d7ec980606e5,-0.0006119683522727253,0.10196510797123019,0.10196694439301794,0.08135097592326841,0.4012019442451299,0.7816057142857143,-0.08017801653614937,3.0645709530341025,3.9346275072715335,4.931741010932904,1.2534200510137878,5.807817493228083,0.4262855237936495,2388.093724840851,2803.417730778041,0.7575331029022958,0.12000047802751862,4122.0703125,4125.0,0.14616876581750343,0.24604031902114668,0.10389940149187211,0.502159438684412,0.14420043434755592,3.3893695569341094,0.911633043824686
WIN-ee38cce142716519a1ef,-0.0007890233739177473,0.09979005864436989,0.09979317793382156,0.07913380607922485,0.5182863674431819,0.9759096103896105,-0.10840439650492195,3.2333866009668704,5.193605195955309,6.549493738715786,1.261068851315612,7.744499258366149,0.41703475289607467,2237.0838001932443,2693.273041456966,0.7540667723878528,0.1215841205032132,4122.0703125,4125.0,0.16864836422642854,0.2769230202578984,0.09565855806744551,0.45685381519588314,0.1411244529572449,3.775458963140982,0.9124357582130784
WIN-95891b5a79c5a82166e5,-0.0008857823782467517,0.09857455921364809,0.09857853891485016,0.0780911016883117,0.5182863674431819,0.9759096103896105,-0.06335559521822395,3.1827130853342775,5.257598389499442,6.636945263049344,1.2623530310412123,7.874793334361372,0.41578464872072673,2282.9141912432597,2730.8465437868895,0.7547511512597587,0.11790757806158299,4122.0703125,4125.0,0.17632228842842812,0.2461592174104743,0.10730696125025099,0.4673248537941329,0.1394054779911666,3.722432205047344,0.9142261899224013
WIN-bed73ae248b507641f53,-0.0003421963961038975,0.10097189506159075,0.10097247491619882,0.08048494591983225,0.472496314448052,0.8437179220779222,-0.13099942029403017,3.0759895468008343,4.679456602757499,5.870617281805911,1.2545510686621917,6.927022447112089,0.3853654471205934,2071.772475952164,2528.8941670949835,0.7500152489228971,0.1291755786352391,1083.984375,4122.0703125,0.16399892873527627,0.350035357946218,0.08496029447305745,0.3981647444159957,0.14279580448076654,3.4184910449574217,0.9087494359992005
WIN-ca1b4f5413162000e2fb,-0.0004241861363636377,0.10087786847341654,0.10087876030968168,0.08043854544824136,0.472496314448052,0.8225802597402598,-0.13240052865142565,3.0821014513791947,4.683803736216424,5.874003710649,1.2541097025845473,6.923844366080756,0.3812817734811234,2066.354194633537,2522.0980411192104,0.7476299934274216,0.13239263839467633,1083.984375,4122.0703125,0.15599348629156842,0.36164088697575264,0.08930872644086361,0.3910912757496694,0.14266284249987202,3.608399673491716,0.9089907012127312
WIN-4efaf5f5787c4d068504,-0.0003590387770562784,0.101135792399741,0.10113642970347995,0.08068451256880413,0.4043680027597403,0.7528259740259742,-0.10857032555204876,3.0513107488395605,3.998242808662528,5.011717737154347,1.2534800853631218,5.904172025225837,0.37944828735727976,2068.720150781025,2532.001043174787,0.7549061761222983,0.13359448860888437,1083.984375,4122.0703125,0.1718709923191073,0.3407016295033285,0.09109129365826996,0.3936136434053472,0.1430276092027446,3.460965068501908,0.9145828503892884
WIN-2b5daa9a57e8986f6af4,-0.0003078205952380963,0.12203450441940836,0.12203489264308567,0.08978605585914504,1.165486444318182,2.3240046753246757,-0.07261289987494315,10.345231864446367,9.550436101233105,12.980706560199039,1.3591742222553236,15.663028996770551,0.39453287773981166,2038.6427675072446,2502.5546736261476,0.7460102773930712,0.12792153639518497,1083.984375,4122.0703125,0.16282619154764358,0.362513013031968,0.0882530842667794,0.3834668944468342,0.172582851182054,24.90731720310583,0.8921361326064744
WIN-17ffaa42ab4e1a7a0bf2,-0.0001786234090909086,0.17084017788009964,0.17084027126069065,0.12105068433549786,1.165486444318182,2.3240046753246757,-0.02548443085163238,7.490839868820275,6.822082613840544,9.628086373129056,1.4113118996154306,11.948616982795446,0.44562046837236435,2968.4841062128075,3176.625981881176,0.7994480723677488,0.12184007382571355,1083.984375,4007.8125,0.05841879373256806,0.11755915732384604,0.11217696017929613,0.7106038934420886,0.24160449344623283,10.078998750661453,0.753966766555739
WIN-c8d2aba8f8ee0fe3a0ce,-0.0002590142748917734,0.197793265644157,0.19779343523629558,0.14407807839756495,1.1319913793831171,2.2004306493506496,-0.015923566348222007,5.414574194334058,5.7230988380633105,7.85679120630465,1.3728211635994838,9.694162761422257,0.48320693391115926,3068.0358962807722,3229.4715899005205,0.7889611257531668,0.10563267163160522,3363.28125,3949.21875,0.04128239203541724,0.09101302584949475,0.1153761597547015,0.7515962417053019,0.2797219188011281,6.349946332982012,0.7603288236539499
WIN-a3baec2d813e5b5bf25b,-0.000272293062770562,0.1783283835711571,0.17832859145581162,0.12901700647770564,1.0684392699675325,2.043524155844156,-0.036603209718466055,6.013764303322649,5.991407554106609,8.281383200003786,1.382209960709675,10.218682105340832,0.46078839903325275,2969.712506520049,3170.5900966412764,0.7927949967314606,0.11450129469665543,3357.421875,3981.4453125,0.05579460433705675,0.11774310250422092,0.09589913222062116,0.7289734532227846,0.25219441859733344,7.680815126918152,0.7710225054355161
WIN-b2c0b1e6ee7c316790e6,-7.3937781385282e-05,0.13767004908927585,0.13767006894397613,0.10086849577386364,0.9750848858766235,1.9342587012987016,-0.062033189546112824,7.4191881760844955,7.0827660169644036,9.66689230751485,1.3648470504730517,11.7524402949634,0.4247020585048754,2790.4310528498136,3054.2011625407804,0.7917008631789454,0.12011022683506084,1083.984375,4034.1796875,0.07459944332069882,0.1674038195504294,0.09681826886442904,0.6599318856370301,0.1946948394134355,13.622617212755365,0.7924954717466518
WIN-c2ffe1f0417325d8f0d4,3.738724025973902e-05,0.11558319846832026,0.11558320451507148,0.08713949104935066,1.2794906985389611,2.341077402597403,0.07233141745472733,9.086431723200537,11.069866975015838,14.68324732123636,1.3264158778284068,17.56664374509028,0.39536628052337697,2345.269831047903,2746.614502013391,0.7764198563674579,0.13211238648843776,1083.984375,4122.0703125,0.13158445426370086,0.2775255658273969,0.08623644174359851,0.5019126184046819,0.1634593216218183,27.741212520604122,0.8567621097161814
WIN-95387c7be4fc1e44a8da,0.0001213823484848473,0.10772635004512814,0.10772641842983549,0.08328152668395564,1.2794906985389611,2.341077402597403,0.043564029452264584,8.570045071111107,11.877223035688719,15.363439522177902,1.2935211771195314,18.230593967134055,0.3864488707392283,2251.488795849497,2677.183475308968,0.7628123588542968,0.13055801038155582,1083.984375,4122.0703125,0.1418857737649006,0.30421142322479744,0.0939397917450929,0.4587101346928596,0.15234806300499582,34.14047268781487,0.8725245954119233
WIN-691dcda830149b752ed4,7.23050324675311e-05,0.1004223414571164,0.10042236748726549,0.08009933798195347,0.39138368555194814,0.7731506493506495,-0.1258363642790166,3.0050787118813367,3.8973756080554653,4.886228718085552,1.2537228148956376,5.772250586047643,0.38394866238853237,2096.2151656280066,2551.993963994223,0.7470429919815861,0.12872468306272355,1083.984375,4122.0703125,0.15686461431649,0.3422266371272792,0.09449795347457003,0.4014533650871604,0.14201863493519043,3.334312673078367,0.9105248164413127
WIN-17d94a9334029dfa613a,0.00020727442640692525,0.10094496558191694,0.1009451783842212,0.08023066372053572,0.44487823100649354,0.8861558441558443,-0.11095468111643594,3.107350817767211,4.4071270973317285,5.544990037108195,1.2581870035948017,6.561763964086123,0.3851154262855238,2046.6211342349686,2507.485689086586,0.746930667411676,0.13061292581670134,1083.984375,4122.0703125,0.15919262367772313,0.36331078900085795,0.09068194316520371,0.3846792195947054,0.14275773912157488,3.417020174016087,0.910344305353502
WIN-ce1088821854c23b82d0,0.0004585280627705614,0.1019426718176505,0.10194370301938978,0.08117031448276517,0.44487823100649354,0.8861558441558443,-0.10922473219006158,3.0991199709634167,4.363959889876801,5.480799647455762,1.255923469900803,6.478284441402207,0.3881990165847154,2083.851334350073,2542.4990788244345,0.7487193241422843,0.12933008143966765,1083.984375,4122.0703125,0.15694752217937089,0.3509395958935309,0.08648955181074877,0.4029706706227935,0.1441687090446097,3.4684362176723247,0.9099656504780268
WIN-493587db7c0f397b1294,0.0005782539502164487,0.10043273429490536,0.10043439896560341,0.07990578694569807,0.43184696379870136,0.8489210389610391,-0.098909922080237,3.072188939294443,4.299791388628708,5.40445167115079,1.2569102039205138,6.390260792613228,0.38469872489374113,2081.991039964325,2539.3067222043323,0.745080091389017,0.12915998300633358,1083.984375,4122.0703125,0.15193870874374235,0.35893053722573026,0.08484290205842528,0.4013795498854049,0.14203333238659535,3.404233494852846,0.9074785966137571
WIN-5759020dae18cf676691,0.0005839313095238083,0.10154171729139805,0.10154339627105471,0.0808704015327381,0.43184696379870136,0.8489210389610391,-0.10037936310568982,3.0411066958479225,4.252831593712884,5.339987877005164,1.2556311622700687,6.3023818262718745,0.3876156346362197,2059.1761813157887,2519.469904658024,0.738507088841119,0.12822195769326897,1083.984375,4122.0703125,0.15782620068043557,0.35978403336588816,0.0928546255982803,0.3869779753191638,0.14360165978074813,3.2539920858175524,0.9098409719313084
WIN-48bfb74691fab45b7368,0.0003644620779220758,0.11045538312943101,0.11045598442309784,0.08808678920779221,0.4586700374025975,0.8466446753246755,-0.12950182820064676,3.027978104638788,4.152514142117689,5.207024135201606,1.2539449492395947,6.146049855456686,0.3736978081506792,2016.9124406581852,2474.99718171005,0.7483830487578061,0.13156225294836832,1072.265625,4122.0703125,0.13384243711042332,0.40909782533563743,0.0681904664139062,0.3829230131825388,0.15620750082820825,3.3118480627713556,0.906945464113871
WIN-329a0ec73e2cb6f6befe,0.00036299870129869924,0.11117278497028894,0.11117337759602003,0.08852498747341993,0.4357438036363637,0.8172145454545456,-0.13023370904774154,3.0140646952206454,3.9194977525630534,4.922269023333956,1.2558417771947672,5.816029741836313,0.37269772481040087,2000.3407452157142,2452.8571413769737,0.7437331549922278,0.13064743324537936,1072.265625,4122.0703125,0.13467314834560343,0.40812404656801066,0.07789032585280092,0.37280463228430033,0.15722206014714538,3.2704157614687785,0.9072001231613852
WIN-b5f69035b70f0781318b,0.0002561044588744568,0.11082117139482621,0.11082146731935696,0.08835484647272729,0.45021497246753256,0.8316857142857144,-0.13738186431294017,3.041047458165575,4.0625249182640255,5.095532281881176,1.2542771759816278,6.012671408796248,0.3851987665638803,2018.4579736115768,2471.5500060848613,0.7470326385739767,0.13360176783042693,1072.265625,4122.0703125,0.13515672434398576,0.403744669698471,0.07394450420159179,0.38184242530103174,0.15672480082395288,3.2783990177799662,0.909631958324982
WIN-1700c07dd64b07a5c56f,4.1665584415582397e-05,0.10995027002848684,0.10995027792305981,0.08785358176935067,0.45021497246753256,0.823881038961039,-0.11622320501472809,3.0142038406761316,4.094714274196614,5.1246057746899245,1.2515173053555166,6.040895233359543,0.3845320443370281,2073.144854195182,2516.051825768839,0.7538175614938718,0.13783188373118688,1072.265625,4122.0703125,0.12507452118281934,0.3938630838166803,0.0737455825491442,0.4017751102465985,0.1554931583426842,3.3770103944828866,0.9054338188662426
WIN-c1455f1c48534c1d9942,-3.5839177489179265e-05,0.10964264253806263,0.10964264839548533,0.08755092404813854,0.40078536207792215,0.7744514285714286,-0.10047747577109178,3.0125945422731264,3.6553783399012603,4.577739943132738,1.2523299963567223,5.392902524008163,0.3747812317693141,2028.0592836488959,2478.9076153775354,0.7513122003602225,0.13775762206513717,1072.265625,4122.0703125,0.1337014868090791,0.4000152120933021,0.07775546397345184,0.3835661258502324,0.15505811180414217,3.432657865570042,0.9067160012933442
WIN-d590c1261a8f8a71666e,1.8956147186145273e-05,0.10982316183946127,0.10982316347543453,0.08778879618926408,0.418508478961039,0.829084155844156,-0.13456815626181348,2.986134274039674,3.810748713779685,4.7672197036852895,1.2509929312325403,5.609327916026619,0.3803650304192016,2012.5732784126506,2470.447143440055,0.7470898945608009,0.1389717837744914,1072.265625,4122.0703125,0.136452868979402,0.4024810319107032,0.07785443791420854,0.3773972691687719,0.1553134034847394,3.220880760912457,0.9090496540296908
WIN-cdd1f7ae6646012ac43b,-1.5351904761906945e-05,0.1125650945714676,0.11256509561833287,0.08887230907515152,1.005031780779221,1.897186493506494,-0.0771660982537476,4.299205966635359,8.928449580658539,11.30871686835598,1.266593574404372,13.377208204593199,0.3848654054504542,2162.3809510223755,2589.441972640076,0.7660292868293557,0.14428453715357661,1072.265625,4122.0703125,0.11573362515387227,0.3678035167642477,0.07834071858321986,0.43294503935342177,0.15919108206222846,11.29606872213185,0.8862419614913983
WIN-90a7529848129262ca12,-0.00014519948051948276,0.11329376004493973,0.1132938530901369,0.08932154353108226,1.005031780779221,1.897186493506494,-0.05511642952151663,4.380658377619689,8.871017741542818,11.251840721026461,1.268382168624799,13.315893262102804,0.3822818568214018,2148.5360154159503,2574.4111983607986,0.7695536282206334,0.14471450572252678,1072.265625,4122.0703125,0.11573481298301139,0.3727542660929095,0.0841558780246786,0.42260491964923846,0.1602215578469009,11.36700831396607,0.8863735782469763
WIN-979526b8b548ff097201,-7.698987012987201e-05,0.13684767533087913,0.1368476969879501,0.09491851690476191,2.67080769974026,5.194499220779221,0.20347328738628376,54.387645138251294,19.51664338169985,28.13789960911338,1.441738677015116,33.97249411455002,0.38694891240936746,2084.2692054785366,2528.9712124120692,0.7572268059700457,0.14130036816720898,1072.265625,4122.0703125,0.12690863750815395,0.38824001824813975,0.07037934342165275,0.4078248839590188,0.193531770582959,161.35323695833847,0.9053370735627673
WIN-1e2484005ec9defcf7c5,3.989056277056094e-05,0.13569815884088204,0.1356981647041044,0.09375325849991342,2.67080769974026,5.194499220779221,0.20514365172980467,56.15550742857278,19.681973632763473,28.48762530972978,1.447396782510576,34.45225828531363,0.3903658638219852,2574.919646527884,2895.1997803705945,0.7959047474515687,0.15487650585552956,1072.265625,4060.546875,0.0790248989331827,0.24303232209716272,0.10603288757814637,0.5693994166587342,0.19190612716607183,165.47176003499783,0.781190054665795
WIN-e4093a9c255c8e68bc2d,0.00011908904761904542,0.1146714411333832,0.11467150297178559,0.09085274706476192,0.6869912612987014,1.3063075324675326,-0.11218804482516619,3.3734378970102177,5.990950179328699,7.561590414007368,1.2621688025435593,8.941276972352787,0.39478289857488125,2237.857516422486,2655.8584837402313,0.766212802026738,0.13683143045119728,1072.265625,4122.0703125,0.10914204600569373,0.3582485955772171,0.06473387024483727,0.464374844253605,0.1621698802314597,4.688075064627254,0.8879479506880112
WIN-2601959fec1ce9560ef0,0.0001221648484848461,0.11458312017096028,0.11458318529506384,0.09101424942805196,0.6869912612987014,1.3063075324675326,-0.10755158854186525,3.3167693912979908,5.995567844650421,7.548172573067577,1.2589587456235025,8.915675777771757,0.39094924577048085,2206.669633705026,2628.408214321474,0.7650425419781309,0.13894904380554673,1072.265625,4122.0703125,0.11164971933843051,0.36453921869616085,0.06816262791723682,0.4523523675361111,0.1620450000042933,4.654868501520124,0.8876209947790297
WIN-0320273825c2c88259a7,-2.9497878787880876e-05,0.10964498677259217,0.1096449907405111,0.08729675059601733,0.4407843231168832,0.8594898701298703,-0.14007200347394608,3.02421133855668,4.020104522203258,5.049263805380901,1.2560031157019644,5.977047000250885,0.38069839153262774,2044.1963351892575,2493.5281367987086,0.7443801446525278,0.13203142138565555,1072.265625,4122.0703125,0.1321978870128858,0.39670593627339634,0.07743949089522087,0.39002233197932296,0.155061426624985,3.253648142352639,0.9113422629867931
WIN-3629de27ad58b37be352,-0.00033871748917749147,0.11074712270736933,0.11074764068592428,0.08786646810129871,0.4407843231168832,0.8380270129870131,-0.13865976519750045,3.0803087880166977,3.9800786760139584,5.016524877313826,1.2604084706919836,5.950047447506802,0.38436536378031505,2094.5918175125344,2536.6783253139406,0.756320390277234,0.13599233419308235,1072.265625,4122.0703125,0.1320149077840033,0.3785708765762443,0.07913542759624285,0.40678985291753883,0.15662008286578766,3.3613267023879803,0.9069179421507894
WIN-37b08499ea4aef44f627,-0.0005819767532467556,0.11095078354843,0.11095230987659466,0.08851929499255412,0.48777497246753254,0.8572135064935066,-0.121509764163355,3.03849271500147,4.396257932851132,5.510380222787041,1.2534251417690807,6.497218589201289,0.3853654471205934,2095.7066852488865,2535.7913827650273,0.7576465999108958,0.13938994604044694,1072.265625,4122.0703125,0.12925037782198268,0.38037456602770214,0.0729949652582873,0.4120117566239573,0.15690810246341466,3.3960278959170522,0.9073198910267352
WIN-b31da23344e493409fb2,0.00013276670725108502,0.24927043122040338,0.24927046657757992,0.167293708528364,2.419485448119589,4.6275220779220785,0.10951913112859499,11.229740664389672,9.706265974179782,14.462501126842506,1.4900169813249555,18.359348618672676,0.5855487957329778,3448.3080633483983,3566.6171674326174,0.8367906266296585,0.16286887848554024,4122.0703125,4664.0625,0.01540943413610075,0.027037283340447228,0.20600690040868355,0.7515245739743738,0.35252159907261993,15.206214420016517,0.6789871949692914
WIN-75a3398578e2d3667396,4.8080560064937265e-05,0.24578703401651789,0.24578703871924812,0.16463499092476103,1.9982859804518405,3.9100610389610395,0.10719144223411402,10.125854086906296,8.130151983832906,12.137674799356164,1.4929210208422887,15.454758436658851,0.5854654554546213,3518.892499802225,3646.8752448213245,0.8398971613375565,0.19433607619915444,4122.0703125,5000.9765625,0.016336366997002128,0.03147961077303359,0.15627952855569335,0.7958648416766049,0.34759526423933673,12.790319122223847,0.7094649674718357
WIN-5b309f969dcbb80a6771,3.4340232684009394e-06,0.27679436617086,0.2767943661921619,0.1795449124741838,2.940537928503788,5.073851948051948,0.09909319490142329,11.713577026035956,10.623546891311088,16.37772904821361,1.5416441623230046,21.27331857394364,0.5741311775981331,3609.078205087899,3723.036011681232,0.8285600722665563,0.17389541190927396,4122.0703125,5036.1328125,0.012648852945248486,0.030450137446105648,0.12606331596691892,0.830799555161654,0.3914453178879678,14.17109675260779,0.6781003167458068
WIN-f94500ae333b46c58a95,1.217363365801168e-05,0.25723350498357467,0.25723350527163463,0.17111524135078465,2.940537928503788,5.073851948051948,0.10065566362239298,12.312094634180097,11.431395476212144,17.184547123178397,1.5032764074054927,21.955816410493767,0.5814651220935078,3470.263276647923,3608.277707266142,0.8440716037064554,0.22422169115363227,4122.0703125,4649.4140625,0.013511395203745903,0.04033656684176046,0.2046186527962244,0.7415098854082042,0.36378236198913694,17.172170797297106,0.7033190590328071
WIN-8a2155a2928d0380478f,9.140599296537032e-05,0.24245204191285394,0.24245205914317955,0.1663729349456056,1.8661755908414506,3.6364909090909094,0.05509421934081594,8.754499550500976,7.697091117430714,11.216821963502454,1.457280652174527,14.167669749561975,0.5772981081756813,3427.4968023375363,3542.017137873801,0.8222564589723882,0.16060600808851572,4122.0703125,4511.71875,0.016143315189595213,0.03239393957872217,0.17579274875107598,0.7756562015430566,0.3428789559360471,12.373054602193555,0.700660324156155
WIN-12738a8ff1cde1df5252,8.984776785714425e-05,0.22653275581104707,0.22653277362882585,0.14354017506690794,2.1629880455221864,4.2681818181818185,0.042455026306699194,13.708077011464013,9.548234504278378,15.068868659933642,1.5781837629893833,19.597576681915694,0.5551295941328444,3370.347814323411,3505.123736372722,0.8057025717616433,0.14645346436824702,4122.0703125,4461.9140625,0.017801271091630468,0.04823586445286879,0.18612139769700578,0.7478282227952409,0.32036564026671854,16.954692908341123,0.6526574356856167
WIN-35f379154ce90da08c7a,0.0001266354301948071,0.2318151135566943,0.23181514814574833,0.14685471893747748,2.2885945390286797,4.393788311688311,-0.01819368695332919,14.925521206573936,9.872497795441337,15.584072173992931,1.5785338722609499,20.22282875571434,0.5587965663805317,3445.924737628614,3591.9398419100025,0.8112782527619213,0.153109248734358,4122.0703125,4567.3828125,0.01994612392341481,0.05032923814019912,0.17288054773229877,0.7568261069811899,0.3278360743275009,18.89890993458794,0.6634213863548056
WIN-55f4ef1d25e27ac9d1f9,0.00024214733495671323,0.2783421083760914,0.27834221370568213,0.175473272489403,3.0873542792884203,5.751476623376624,0.0491222463245517,16.426893127074255,11.091936929631105,17.594441794303883,1.5862370932924,22.864525646142592,0.5767980665055421,3519.8680920602555,3622.3333510499992,0.8201448479597059,0.1484500243545016,4122.0703125,4532.2265625,0.01198529535557861,0.02778861860517139,0.14846179457371825,0.8117527346320439,0.39363503654945264,21.279808279077727,0.6732029177032747
WIN-8acd47c7423c50b9be33,0.00012602568993506683,0.22934396163457157,0.22934399626045227,0.14191468758049244,3.0873542792884203,5.751476623376624,0.10895943395288997,25.456541223498448,13.461674731475574,21.75500176833742,1.6160694863155358,28.06718882482493,0.56796399699975,3522.475510645806,3636.000892885368,0.8027507829481564,0.1442159813748274,4122.0703125,4543.9453125,0.01771318217476793,0.03283191868033181,0.11976141490606512,0.8296731808209598,0.3243409510063529,36.45887499604104,0.6489418401098472
WIN-3427f9a7fd24dc310f77,6.484841720779446e-05,0.21785107135764312,0.21785108100945957,0.14135341944839017,2.4332340323998918,4.715324675324675,0.08626950578752005,19.08740025401128,11.169253882578008,17.213832122901568,1.5411801274992039,21.899433634030842,0.5599633302775231,3542.065242804518,3655.664817218533,0.8005596547427171,0.15497636997928071,4122.0703125,4532.2265625,0.017937138229423125,0.039623048938946095,0.0859226322145185,0.8564545883269171,0.30808759737206626,30.66608180195158,0.6509345340439772
WIN-6e721131deeaa0326e30,0.00011870880681818353,0.20974648510080188,0.20974651869321148,0.13550508436739042,2.4332340323998918,4.715324675324675,0.10524214674852689,21.53726034272477,11.600831553954384,17.956772941336936,1.5478867060293091,22.733275628442243,0.5838819901658472,3563.8505529175955,3670.0855921212315,0.7971965210852455,0.15004692271641448,4122.0703125,4546.875,0.018476274948879115,0.032682766704116524,0.08410215112300182,0.8646854955189589,0.2966262588674616,34.9387195228683,0.641909983943101
WIN-a86da486f40b03070c27,6.0885105519481015e-05,0.13800652831522192,0.13800654174573113,0.10459477679507127,0.9893690973349569,1.9361285714285716,0.11436005478577717,5.282864007355452,7.1690014459650895,9.459067915637245,1.3194400903479422,11.388820286704396,0.5843820318359864,3537.391349835924,3793.580442377882,0.793384100927951,0.20441467748669806,4122.0703125,5241.2109375,0.04148967336077107,0.09067769262485495,0.11270811474077623,0.7551075413599815,0.19517050642341494,8.990360854618224,0.8476457393891411
WIN-2c5dd68d9a3c2a8bd332,-0.00017535537067099515,0.14633647468678326,0.1463365797511394,0.10843391779057314,1.1626075260416666,2.1519766233766235,0.10024761328810167,6.221635211641419,7.9447498910447205,10.721806882200633,1.34954618196514,13.037581612127688,0.5740478373197766,3422.6152274632655,3682.0995216909305,0.7639464871591342,0.18147337407984893,4122.0703125,5203.125,0.04627664085742165,0.10785545262690498,0.09225693242514398,0.7535981923385617,0.20695006546946554,11.229159375444588,0.8315767359380333
WIN-90ddf32d14f48f6c411c,-0.0003422548295454537,0.1957779260419279,0.19577822520302643,0.12826607744938223,2.623066499932359,4.855564935064935,0.15718181522423066,24.045744700423526,13.398152410457199,20.45019659190133,1.5263445261180628,25.81981269818055,0.573631135927994,3581.0051815912707,3825.1974678485785,0.7781732654387811,0.16583031803787435,4122.0703125,5229.4921875,0.039673574763128196,0.09014641172461016,0.10077400014355299,0.7694027849483023,0.2768717006470049,45.6512017189827,0.7829368359658555
WIN-4bccca6de03d58d4b6f0,-0.0004236212797619034,0.22264881821950652,0.22264922121923428,0.14473467010309568,2.623066499932359,4.855564935064935,0.1685932822972784,17.915505097006818,11.781161800416735,18.12327687654799,1.5383267952253672,23.127884171741506,0.5731310942578548,3445.462055346466,3584.8443696129552,0.8329533864924692,0.18694535963473344,4122.0703125,4634.765625,0.018863615683990826,0.04280572259367421,0.1739366155723387,0.7643771280296043,0.3148728071401454,29.11732865797592,0.6796634899299564
WIN-6973a8c42964be865058,-3.53564664502463e-06,0.13466608477201178,0.13466608481842582,0.0996333702184028,0.8752001793695887,1.7365402597402597,-0.010348850652321395,5.899444543511102,6.499039313002583,8.7842073136973,1.3516162759713681,10.715956622163961,0.5437953162763564,3419.917078078545,3656.90311336857,0.8179031322830036,0.1994502201746991,3635.7421875,5208.984375,0.06330245205029916,0.0559917699010906,0.15767943962486677,0.7230210944245815,0.19044624554889392,9.544581541019648,0.8074221314671722
WIN-a3afac2b88e914c9a766,-0.0002103392180735956,0.14143827315186797,0.14143842955423774,0.10002270681818184,1.3081157637851735,2.608875324675325,0.06267859068664718,11.023189079588542,9.24865871247742,13.078187997350915,1.4140632067669,16.151407809761555,0.544045337111426,3407.9105496333023,3655.581448534445,0.8186243101210632,0.2094113141322243,3635.7421875,5206.0546875,0.07166252410096142,0.05595311576095845,0.147504094188883,0.7248667331088597,0.20002386992839877,24.922031311099868,0.8055944420072496
WIN-23a9dffe6f9b7b523adf,-0.00031460480248917994,0.13116192985345856,0.1311623071582127,0.09043951523933533,1.3081157637851735,2.608875324675325,0.04110997695944869,15.326727557971791,9.973259788708228,14.463984689756098,1.4502765390732137,17.880543369211527,0.5322943578631553,3222.124238213226,3431.3919460870407,0.809198119227542,0.1873581993207595,4122.0703125,4634.765625,0.06672378372919135,0.04954708014957078,0.1761602626421043,0.7075557869938293,0.18549084885962178,34.15062213593617,0.7197815385673115
WIN-1a5b88ad287551c49d3b,-6.450967261905025e-05,0.2046116473326015,0.2046116575018607,0.11926713649270607,2.6670235559929654,5.144581818181818,0.23603032932501417,27.074435450252082,13.034563076914019,22.361763972875366,1.7155744953485859,29.607482963850632,0.5361280106675557,3543.863781495644,3672.2419101818164,0.8036244618468787,0.1431935268350686,4122.0703125,5162.109375,0.027552331046940097,0.02222968345933797,0.16078748034473334,0.7894243734257578,0.28936425647471453,31.71293719099788,0.641895021295932
WIN-5ff1104c2d9836b2a716,0.00022731879058441318,0.23846682130325594,0.2384669296491896,0.14536868999485483,2.6670235559929654,5.144581818181818,0.19500244865515556,18.631796334687035,11.184039480464895,18.346616152825035,1.6404284145092691,24.246395842622647,0.5512126010500875,3535.6849429685003,3663.591716095698,0.8194666830403564,0.17040519857535172,4122.0703125,5156.25,0.024425716199350682,0.020855904042900397,0.18328980524279886,0.7714156037079654,0.33724249843894655,22.08718542726073,0.6832782225074304
WIN-7743e9ef6f07f0097f12,7.075104166666383e-05,0.1807076793348178,0.18070769318511382,0.11874032750886995,2.1243547248241343,4.087292207792208,0.061741856703316014,16.631213380884475,11.755751442392807,17.89076019389919,1.521872955673741,22.74595646554736,0.5547962330194183,3430.736814820254,3575.7833677801477,0.8166554194404779,0.16135310203106426,3635.7421875,5015.625,0.032456541366739096,0.02760057857751483,0.209093214142397,0.7308452123991294,0.25555922417224375,27.04817053062938,0.6821754660798306
WIN-8f186ca87b313d6e1e73,-0.0001820201704545481,0.14191773837393545,0.14191785510116495,0.10037202891277959,1.6385949845643941,3.0942285714285718,-0.061112486047459974,12.265005546950798,11.54608053641164,16.325215324400393,1.4139183658733605,20.130826396433974,0.5663805317109759,3577.8864109099513,3827.071230334504,0.8170109039752584,0.1972526486365763,3635.7421875,5214.84375,0.06455352317341206,0.05323543191804522,0.12342849555736674,0.7587790170260975,0.20070176872306772,27.337599786085434,0.819300271499362
WIN-a04628c5fb57bb17a157,-0.00032791746482684227,0.10606263575108144,0.10606314266666962,0.07948497642244996,0.9024352443046537,1.7946688311688312,0.00694474697593608,6.780651620614609,8.508471667035902,11.353532263719886,1.334379746200421,13.706514172346093,0.5387115592966081,3437.5866463943044,3770.166275817471,0.7680074221888582,0.1592613274339937,3635.7421875,5217.7734375,0.10830892567789303,0.07970749937416455,0.0689485342326997,0.743026632038426,0.1499948805333011,13.36622137514118,0.8112374445076974
WIN-686a8465e68783e11ea5,-0.0002305622700216471,0.13424764994894797,0.13424784793722255,0.08430215942693904,3.266155664786256,5.419371428571429,0.5843467935443837,66.64328297930479,24.329296260222048,38.74344010817594,1.5924603693215802,48.37275749382203,0.5168764063671972,3364.3066392751575,3584.3031810116872,0.8073698857241001,0.16746662911700383,3635.7421875,5167.96875,0.06802594745702205,0.05180072095860028,0.14909656370942603,0.7310696938668443,0.18985484727060142,131.32589239588518,0.7153585237456241
WIN-8a4f533e2f54ce9d3b3d,-4.7809564393941294e-05,0.2606833603703216,0.26068336475448023,0.148453481712261,3.266155664786256,5.798223376623378,0.3500367875704335,24.58578641826815,12.529206333706393,22.001206216873108,1.7559936065224262,29.89480700247849,0.547045587132261,3490.989750278973,3582.450796054286,0.7935344775300813,0.12255595302889398,3421.875,4461.9140625,0.017550249839657958,0.016559647947636064,0.15186129553273361,0.814019555241637,0.36866193596066316,26.972207167738173,0.6329144994613812
WIN-5945b88ef9480f2adb32,-5.583781114718808e-05,0.2657022550763186,0.2657022609435272,0.15997364756874777,2.6779595608901516,5.210027272727273,0.29316747529404585,20.034328159938525,10.078798544545508,16.74000437929987,1.6609126876830276,22.27517453008519,0.5559629969164097,3565.5597891906127,3661.413211434555,0.8101688731168177,0.14749152346911767,2589.84375,4690.4296875,0.015023032977378663,0.01585011342037581,0.15700317711236164,0.8121081901833971,0.3757596977368991,23.69792381531321,0.6579576005005806
WIN-81b730060fb0f9f3e062,-1.1123525432902793e-05,0.20233742566258411,0.20233742596834273,0.12701783240774261,2.471460859591451,4.241353246753247,0.31824652580890145,18.31579582066383,12.214551251462078,19.457589637007068,1.592984403301909,25.2431049224523,0.5428785732144346,3442.653647179001,3609.0279535987775,0.8217915071380876,0.1803524595407272,4122.0703125,5106.4453125,0.041255011393607904,0.033583892849177926,0.18860612804363094,0.7365391670247945,0.2861481037889065,24.31268152745164,0.7224684327801842
WIN-a757e773381cfe600bc9,0.0002165805871212097,0.21736934658800777,0.2173694544853259,0.13261241670489946,2.471460859591451,4.403950649350651,0.2476899727510793,18.82147208747845,11.369862731780115,18.636722872432987,1.639133498090122,24.48600629727908,0.5532127677306442,3584.756623297394,3693.6815220653966,0.8131653637377915,0.1542078580111234,4025.390625,4883.7890625,0.021986240719120368,0.022345145049486516,0.11709330390150029,0.8385660205220117,0.3074066454098946,22.756307623603046,0.667407806019347
WIN-3bd82ba106cb26f6464e,0.0003167134875541099,0.17722899218667226,0.1772292751746639,0.11354695880863547,1.9474907297213204,3.8799805194805197,0.10195200533474984,20.41901392162613,10.988538590991984,17.151412509306752,1.5608456363132854,21.92723603864323,0.5607133927827319,3592.9244230092295,3753.147325296172,0.8185344368211761,0.18148443484881602,4122.0703125,5194.3359375,0.04090338545543722,0.03729995499246075,0.10171592129881718,0.8200669095110503,0.25063950051877415,31.125672211426064,0.6920519527449873
WIN-48c1ad389c8d5489ec76,0.0003426613230519457,0.11787002556422337,0.11787052364053101,0.08764740641331169,0.9560923871617966,1.802392207792208,-0.031181742764792235,6.351021398002182,8.111378125963656,10.908393371531401,1.3448261444651746,13.244779651417526,0.5502958579881657,3408.489930805525,3702.202935703402,0.7851409174625974,0.19191638934808075,4122.0703125,5211.9140625,0.09217578485700541,0.07220592786250966,0.09284780517225079,0.7427617471224812,0.16669334975377736,12.089209964448264,0.8251431094970288
WIN-ad2f3523d4f033a46aeb,0.0002682857142857152,0.27839910786768063,0.27839923713750536,0.18826052326839826,1.9740756548701301,3.8287623376623383,0.09459940539755295,8.424297074090893,7.090808420168247,10.48587149651791,1.478797744225537,13.40006446815077,0.5532127677306442,3379.690623769695,3482.645367118436,0.8052540228538749,0.14460487411968004,2572.265625,4555.6640625,0.01644356539005254,0.014858420404208551,0.24058441277705256,0.7280988355258426,0.39371578918147787,10.533777150836904,0.6895485043549964
WIN-900d674f1e8f1a8d9ff9,0.00027428149350649443,0.3187836419648356,0.31878375996073294,0.21615580518392857,2.076918512012987,3.95884025974026,0.05938638384172659,7.5257188737905,6.515132741587283,9.60843272396091,1.4747869467951724,12.325840878785414,0.5492124343695308,3279.5227985935244,3368.84197310876,0.7975697772925967,0.13184941501812422,2575.1953125,4400.390625,0.011302332963943215,0.011030383715811776,0.3021790976285229,0.6754740921460405,0.45082812351310997,8.711605531534945,0.6756039048626833
WIN-8138d88731735b2e8334,0.00017177738095238256,0.31106921477616206,0.311069262205263,0.2083096367635823,2.4533314990259742,4.8502805194805205,0.053326767895947036,8.224910971263908,7.886769273266305,11.777330790502823,1.4933023120616007,15.194605510697983,0.5542128510709226,3298.5670767796587,3394.350567665318,0.7913494033322245,0.13358097779369318,2569.3359375,4458.984375,0.012830136211487956,0.011301915695796142,0.2973764792660475,0.6784792726767869,0.43991828117085896,9.416600592612683,0.6774716596765818
WIN-28b607de24710b94389b,0.00029060898268398386,0.3111650093507218,0.3111651450561511,0.20735598456964285,2.4533314990259742,4.8502805194805205,0.05827321456527351,8.603833856408837,7.884339033458827,11.831495985543468,1.50063257494332,15.300665208115715,0.5503791982665223,3294.625377545694,3392.8756059987327,0.7924663474377737,0.13031839041963364,2569.3359375,4488.28125,0.013184305846856221,0.010791527169079872,0.3076769827072211,0.6683403234635176,0.4400537424480579,9.777204994801213,0.6757638892497964
WIN-af27ccea3ef66e070230,0.0003189280303030309,0.29649600304208074,0.296496174570631,0.2002035080563312,2.080290578896104,4.063715584415585,0.009306898755272715,8.158862119267084,7.016247619051569,10.390879755715282,1.4809739222238052,13.323094483547463,0.5522126843903659,3270.8897366896254,3368.0851322117687,0.7856624600781196,0.12954840352096073,2572.265625,4438.4765625,0.01362254884081689,0.011274216903878304,0.31661681452366763,0.6584754857323335,0.41930866841690195,9.40884310392084,0.6786903872083162
WIN-a5f4b9487c91c5df82b1,0.0003545978354978364,0.30058153782945674,0.3005817469899762,0.2021383632529762,2.226221747727273,4.14542077922078,0.02731642511314566,7.892593837109166,7.406377033912532,11.01335596019516,1.4870098983254902,14.211802489968607,0.5531294274522877,3287.6524664226,3379.018464071717,0.7853604429415747,0.1249796548016547,2566.40625,4432.6171875,0.012348299793911135,0.0104497245013227,0.29643719815991676,0.6807544852278247,0.42508631195948,8.231891277545824,0.6611900486767321
WIN-dc43e05f3f0d9055c984,0.00018298982683982704,0.3142819804795003,0.3142820337521598,0.20957884730909093,2.6623892801948057,5.123037662337663,0.06136005174270861,8.767914434334443,8.471337824820978,12.703520962950803,1.4995885213890454,16.44678997094077,0.547045587132261,3277.725203959129,3371.442539766951,0.7817650916634087,0.12285402543887611,2569.3359375,4435.546875,0.013111986097791342,0.01070203868107418,0.3066645287058869,0.669511965271244,0.4444616334520277,9.63647316485833,0.6726422573138395
WIN-f71b9d992459d01d5b57,-0.00017817965367965247,0.3256481419899823,0.3256481907358256,0.2169943220724026,2.6623892801948057,5.123037662337663,0.06737585091918498,8.586083217812126,8.175661207178118,12.269396059562332,1.5007221738533265,15.893612371670768,0.5461288440703392,3269.991903023909,3360.530108888567,0.7755684632653158,0.12212935407438016,2569.3359375,4420.8984375,0.011646656089352201,0.010640670938846306,0.31429618413361454,0.663400465538395,0.46053570079386186,9.444214430108275,0.6671564649606979
WIN-c99d320ce097697af301,-0.0002618834415584405,0.33031406856416357,0.3303141723788853,0.21828204809226195,2.535849680844156,4.567767532467533,0.04977572409269491,8.296018969143132,7.6770841001873364,11.617307529388322,1.5132447916090521,15.146307015747373,0.5467955662971914,3236.1620256092015,3330.085202774131,0.7732271001571438,0.1230182626534294,2566.40625,4429.6875,0.011136761480048168,0.010018534213292367,0.34703333849431695,0.6317944188435346,0.4671344050159532,8.704285485799858,0.6576043373412059
WIN-268397442b83a1f7b44e,-0.00031977489177489155,0.3185114354714266,0.31851159599306605,0.21238298045156928,2.535849680844156,4.567767532467533,0.03573550419514555,8.085187461192657,7.961561565536846,11.939985376608263,1.4997039561001833,15.478118434062262,0.5458788232352696,3247.554699720602,3342.4510176193016,0.7671709927367721,0.12216401225145519,2566.40625,4438.4765625,0.012105650753533285,0.010785429180461699,0.3372387584853209,0.6398578439458396,0.450442871140054,8.720252060006302,0.6569506614017617
WIN-a6b3061c0a348b45bdc6,-0.00038142640692640634,0.30701718886672386,0.30701742580141844,0.20524453021688313,2.2265081224025978,4.247857142857144,0.06332275761049713,8.116720446455826,7.252057815882642,10.848075317958463,1.4958616703475383,14.028874359368263,0.5509625802150179,3242.781107530868,3338.738552949041,0.7752144753252629,0.125628079966819,2569.3359375,4444.3359375,0.011363503605601545,0.011533180107744736,0.34253624291732715,0.6345494069637605,0.4341864513574192,8.749746467231555,0.665762032183735
WIN-557bc71ff309dd260278,-0.00025178885281385206,0.2985845834965794,0.2985846896601569,0.1960497572089286,2.2265081224025978,4.283222077922078,0.02668989405885428,9.168329815606551,7.456873039703771,11.356852230214546,1.523004638768487,14.809416990064129,0.5493791149262438,3328.031912685751,3432.3371243097117,0.7897632792354027,0.1332348187442192,2569.3359375,4558.59375,0.014576560867853859,0.013229609980171562,0.289902679240801,0.6822720756737378,0.4222619140618457,10.048448744007182,0.6874732365024114
WIN-7f27102c94739b8c7b77,-0.00022763636363636253,0.2954141887742791,0.29541427647877727,0.19598101824237013,2.456989940584416,4.7352428571428575,0.030037452236445477,9.126441833657141,8.317099531757433,12.536877104767946,1.5073616778127485,16.287686142862,0.5476289690807568,3265.9192934783114,3367.721653554687,0.7864946045453165,0.13474009686866667,2569.3359375,4458.984375,0.012901736059010802,0.012206086073991774,0.3356191256232071,0.639265758722863,0.41777863958072053,10.424279240872064,0.6742185518784797
WIN-c1f19708361dfef88843,-0.0001922714285714279,0.26110966254798756,0.26110973333873666,0.17569360627905845,2.456989940584416,4.7352428571428575,0.04367139781587264,9.538367632455763,9.409798360092394,13.984515387930136,1.486165255908764,17.9156299372762,0.558046503875323,3377.294076157603,3483.550134552118,0.7908667094728721,0.1325590064670404,2578.125,4541.015625,0.01814596323495464,0.015012365921934457,0.2465938509890507,0.7202368042627074,0.36926470667600797,12.077747703628063,0.6904365930649735
WIN-5227e0521be27aae84c5,-7.103474025974033e-05,0.22094920272901356,0.22094921414777888,0.14899199559404763,1.8992808496753248,3.653157142857143,-0.10835449782073113,10.704045306128556,8.596006358259418,12.74753614843491,1.4829602977351022,16.157418234348956,0.5683806983915326,3390.6312468778474,3515.4474355178954,0.8003357738628031,0.14930317237288665,2569.3359375,5003.90625,0.02138829602913079,0.017432276905307503,0.25841895684114335,0.702744417045099,0.3124693343909677,15.493061070034575,0.6929150070996384
WIN-25c24932c6ba90148763,-3.6283779761906254e-05,0.22882820697730097,0.22882820985394078,0.15093005977887355,2.647306571523268,4.832801298701298,0.20771150612360786,12.929191415703617,11.568969460546205,17.539955760862192,1.5161208455603812,22.499067117403264,0.54154512876073,3270.9864652819697,3412.1300825445564,0.842458701199024,0.1970930075713388,3638.671875,4620.1171875,0.021885319396371655,0.04043367033677619,0.27685108992456153,0.6608126306061594,0.3236115405250822,18.250943884036346,0.7151131128957654
WIN-fbf0bf5d0844273a42a6,-4.25505546536801e-05,0.1876118722123716,0.18761187703762508,0.1255078675882869,1.9184637143804117,3.483649350649351,0.258355851795792,12.194959128216363,10.22570502818136,15.285605207303897,1.4948216445806244,19.395110656444363,0.5428785732144346,3487.3777221939367,3657.3285959576087,0.842756503913828,0.2108828088380114,3638.671875,5159.1796875,0.03051832119283494,0.05570805373765746,0.14906996158206717,0.7646774554091206,0.26532307048074694,17.61484175196448,0.726402067292916
WIN-e28340f0d7d9453a9caa,-0.0001074878923160177,0.18194011792342166,0.1819401496746542,0.12073594615091543,1.9184637143804117,3.483649350649351,0.21375248775028105,13.913256206288048,10.544476949153161,15.889747631302063,1.5069261100230154,20.149114469755236,0.5412951079256605,3415.58118415313,3609.399659625732,0.8353181932035676,0.22415428091172668,3638.671875,5153.3203125,0.03880411572234574,0.06618921511459074,0.1616623585964522,0.733314820395759,0.257300768183393,21.29925399942049,0.7413147322013156
WIN-f77c4cc3d3a83b436b63,-2.141289231601822e-05,0.22896273430848055,0.2289627353097613,0.14675400927215912,2.5956466752299785,4.67874025974026,-0.07599780572253576,13.921167664044154,11.336546410956432,17.687058010105858,1.5601804437491298,22.9536051415358,0.5416284690390866,3303.2355082425374,3461.5923395192553,0.8416601309700147,0.20674255615733697,3638.671875,4965.8203125,0.02677539662237002,0.04724902734870601,0.2562050471683941,0.6697458661476101,0.3238022035734519,17.94944533702184,0.6987352401372133
WIN-42ef98b4686408af7196,-4.966419101731685e-05,0.2688626539090585,0.26886265849603225,0.17431469898657106,2.5956466752299785,4.67874025974026,-0.028564961727862277,11.42680849553462,9.654173211482359,14.890578306394302,1.542398088386124,19.34002782412349,0.552379364947079,3395.191407021904,3506.744289463032,0.837207510185939,0.17113681467093106,3638.671875,4617.1875,0.014998819736467307,0.025041051442135174,0.22857932277138826,0.731363221815478,0.38022914278241143,13.580449477681125,0.678639667368361
WIN-a65048188e9c2363e19a,-4.390553300865871e-05,0.23463318315584866,0.23463318726374122,0.15064213140209237,1.9615520260687231,3.8722571428571433,0.0492491962234718,13.032222542224527,8.360079189716098,13.02127106008576,1.5575535547615378,16.844702513849306,0.5478789899158263,3495.96490804545,3618.191011504431,0.8172426135466914,0.15845706513631527,3638.671875,4968.75,0.021239711226087584,0.03306268569329011,0.15146018469782446,0.7942261085378207,0.3318213166939427,16.251854403687215,0.6859459376353071
WIN-ddf60ff253e37de91ced,8.180258387445753e-05,0.230054743008499,0.23005475755212987,0.15053087410819355,1.864400078016775,3.4551948051948056,0.055852768562206674,11.254024737357819,8.104157887655083,12.385499579736436,1.5282895214256877,15.930445038196273,0.5477956496374697,3415.3515400792317,3571.3829947756394,0.8378505692463334,0.19867979590252463,3638.671875,5121.09375,0.026333474648672132,0.042337308537960625,0.21038732640635419,0.7209360888750233,0.3253464399576052,15.114693764804159,0.7129556051048289
WIN-643b84d5e705c0c4f20e,-7.229232954545591e-05,0.22278703826642798,0.22278704999552323,0.14554222657596277,2.0054533247700217,3.688522077922078,-0.006223228917965807,12.096408614975335,9.001660216791409,13.779185408500929,1.5307382279033181,17.683900235563996,0.5449620801733478,3310.549102981882,3448.799057497431,0.848492993216202,0.19931689199763825,3638.671875,5071.2890625,0.02032993166083606,0.03248850891385851,0.27797306846461456,0.669184948900913,0.31506836297720026,17.54278495246597,0.6941474637831435
WIN-da858fbc7f7d6cd0a253,-0.0002102630005411262,0.17358924766129677,0.17358937500361143,0.11592502188248559,2.0054533247700217,3.688522077922078,-0.08454403113028168,15.60985846678824,11.55285756813599,17.299572535648696,1.4974280115131948,21.75557344872641,0.5322110175847987,3394.5497996876297,3594.6145441360227,0.8286441362684729,0.20900349849470345,3638.671875,5068.359375,0.04738952428138435,0.07492359568950152,0.09481311504908826,0.7828402113843121,0.24549209823546406,28.588173087888915,0.7658378217202
WIN-c5ffba9fa48ee2d2f8e6,7.228386093073518e-05,0.15601563919465836,0.15601565593963437,0.11241548633303347,1.1896208572375544,2.243844155844156,0.021050099163689325,7.272499978005777,7.625009490651489,10.58235743163262,1.3878484275382357,13.023408819426786,0.5434619551629303,3414.3303453391627,3652.167519925521,0.8207145540790264,0.2201592094147397,3638.671875,5203.125,0.05482223586619742,0.084423753084019,0.10297183671534824,0.7577455687495087,0.22063913317057807,11.587021505382776,0.8016619496596151
WIN-7c366f0765f7f25a5d45,0.0003942267180735915,0.21705516328061725,0.2170555212877126,0.14512695713366255,1.8973260520427493,3.651937662337663,0.17477902677879079,11.453843970088823,8.741201517371467,13.07356048457786,1.4956251104080402,16.64066418705691,0.5522126843903659,3407.560670281694,3545.002248788154,0.8447323752560578,0.1858383742177593,3638.671875,5050.78125,0.02158943962523935,0.03349055884953649,0.2203480610197709,0.724558052085229,0.3069623388503316,16.651529541898185,0.6908454419314044
WIN-dbfe99d6cb64529c7d03,0.00018393407738095108,0.24755974557411892,0.247559813904574,0.15926457504623018,2.1241494286661258,3.986075324675325,0.3357254720690705,11.816634496290021,8.580348301103239,13.337237286045598,1.5543934602604483,17.386503210676032,0.5446287190599216,3426.591889119891,3563.8631389844745,0.8509214748500483,0.20045761712206686,3638.671875,5018.5546875,0.021555793599131956,0.0393875033894038,0.18285647909425629,0.7561753774275413,0.35010213976593996,13.844057145715766,0.6948946792654235
WIN-f794c617abb0155a5f49,-0.00012398475378787971,0.22451021368635413,0.2245102479213623,0.14390789533213386,2.2822754026921,4.144201298701299,0.35528728561377043,14.089019137749661,10.165573392807136,15.85927858515919,1.560096806374947,20.54619122969713,0.5404617051420951,3503.2701179116398,3643.0877297994793,0.8256879927997351,0.18966133708322425,3638.671875,5080.078125,0.022802844638670182,0.03687085862279093,0.18725256756856398,0.7530552812449722,0.3175052821150267,17.10649315971365,0.6764352801560538
WIN-71a23180ca05c3f356d7,-0.00010697977543290142,0.19223345723607949,0.19223348700371626,0.12937002855382848,2.2822754026921,4.107616883116884,0.10307723529243808,13.10988210359127,11.872413273323739,17.641453961068315,1.4859198003674052,22.28362862988381,0.5431285940495041,3446.8499497274724,3602.7454959392708,0.844577039835275,0.20870335293398112,3638.671875,5077.1484375,0.03029964716212515,0.048845989609402014,0.1365967140716259,0.7842256263057504,0.2718588794617892,19.909770499932588,0.7372037123225741
WIN-e1f8581ec72156e4c40d,5.165431547618954e-05,0.16742326995244783,0.16742327792077935,0.11740982857182317,1.3351103115936147,2.563754545454546,-0.005271163265771011,8.700862907645455,7.974460470290052,11.371367523678103,1.425973276308256,14.140558645471868,0.5410450870905908,3435.260685993818,3607.913621767523,0.8278077091517263,0.20585265600561486,3638.671875,4957.03125,0.037124819126572346,0.06350165188154876,0.1008175033822493,0.7985050852000797,0.236771696149379,14.140308954542197,0.7484428183215973
WIN-4307f92375069babe348,0.00016367715097402672,0.13034860622317604,0.1303487089868341,0.10264262437594024,0.8117958472808442,1.4771974025974028,0.0369191298003177,3.4998805348336868,6.227877925178468,7.908954512889703,1.269927671647865,9.402859427644788,0.5373781148429035,3175.137677385169,3363.3286304736225,0.7546555283645809,0.10239929163942899,4122.0703125,4242.1875,0.05159173332287476,0.07160543608776539,0.1113642625470771,0.7654065360459785,0.18434072368680857,4.893740682734065,0.8759662537049797
WIN-8ec9e349dc6a2dad86f5,0.00016750496482684075,0.12947303040203445,0.12947313875626626,0.10219717000602005,0.8117958472808442,1.4771974025974028,0.01960454328400448,3.4256108644988115,6.269994340700918,7.943427858374952,1.2668955387646506,9.41909119823735,0.537128094007834,3186.4311770330783,3369.7197755668717,0.7562575901285595,0.09615531850379311,4122.0703125,4239.2578125,0.05240435658372278,0.06752160272784684,0.1067452799109383,0.7732971617325584,0.18310251426058632,4.545908345943056,0.8645331380919243
WIN-3b1db9162d81b3487c0c,0.00020215853625541228,0.14882503696590857,0.14882517426825956,0.10410771392272729,2.465411431696429,4.7738597402597405,0.39203692303614873,38.19184547413166,16.565822575392538,23.681352118659234,1.4295307106377702,28.680359185576858,0.52329360780065,3306.2717628044707,3429.44417811192,0.7613455271595644,0.07681549777889944,4122.0703125,4125.0,0.025087339057347908,0.06006105358631681,0.06757007649514939,0.8472715224050319,0.21047038543926705,113.62549282492645,0.7182583169579043
WIN-bbb6db2261581421a8dc,9.396351461039043e-05,0.1488774089309152,0.14887743858330255,0.1041622282058374,2.465411431696429,4.7738597402597405,0.3961802436027473,38.13535868651459,16.560007044320407,23.66895826000192,1.429284311081298,28.688393248856965,0.5195432952746062,3232.8545341140084,3386.0643207922717,0.7637401511422484,0.07697884284581404,4122.0703125,4125.0,0.03452708496713434,0.07619198629261764,0.06821745911956233,0.8210426376795549,0.21054444313162382,115.28562666545962,0.7396707402552617
WIN-a15c4cd52a490317cae7,-6.15880005411247e-05,0.14317910816933835,0.14317912141527095,0.10365855243153412,1.7796568862418831,3.487714285714286,0.026491388025143524,15.95208109061504,12.429583787344304,17.168452042586335,1.3812571954297614,20.756817897358324,0.5238769897491458,3084.005959033798,3310.442934141019,0.7480226739995295,0.09152265826752728,4122.0703125,4242.1875,0.054099286772188414,0.10875248192256441,0.1048264452339101,0.7322919482971648,0.20248583572024415,45.57830250791535,0.886310887147216
WIN-478f6d8d3e8f9056d252,-0.00012076668019480468,0.16304084257070584,0.16304088729750194,0.10948146220750136,2.3279599968749998,4.624676623376624,0.23952235145561454,27.370711821694083,14.278381548628813,21.26350845078712,1.4892099905187566,26.237844059119105,0.5281273439453288,3296.5635872768635,3420.999989219672,0.7588704612690373,0.07782790169412261,4122.0703125,4125.0,0.027275642080801136,0.052365015336234895,0.08996433136157701,0.8303859429369621,0.23057456554535236,56.427675159638106,0.7052643009334177
WIN-4981f1e708cd35d5472e,-6.666916937229388e-05,0.17217584898263533,0.172175861890305,0.11276674324356738,2.3279599968749998,4.624676623376624,0.31679859124287063,34.98303003249756,13.520826736703928,20.644029701435496,1.5268319092703753,25.494692964298146,0.5347112259354946,3302.02974213546,3436.8743980698287,0.7553434992840233,0.07491363783125005,4122.0703125,4192.3828125,0.03555968426824793,0.05295413147026742,0.06979662310265565,0.8416778342503153,0.24349342062399515,66.29020131329952,0.7395029427077768
WIN-242b37df1ed074df80b3,-3.0288000541124747e-05,0.15303984921337435,0.15303985221051192,0.1066202654769413,2.2048490940340915,4.361675324675325,0.20206260858954514,32.97043526303581,14.407025765986978,20.679456050409602,1.4353730177324908,25.02294103165834,0.5290440870072506,3319.4788367794895,3432.952746386408,0.7419608801393061,0.07512897404273294,4122.0703125,4125.0,0.024758906173785566,0.049526456243502055,0.0676603624374168,0.8580371227793401,0.21643103016188575,85.58529775522405,0.6829571852012241
WIN-8c9b7a85d4ce7c3bc6b1,-4.234730790043263e-05,0.17790334975469052,0.17790335479477118,0.1153810788875406,2.3056028540178573,4.578742857142858,0.09740547679446553,28.396492537333415,12.959861587009613,19.98250385789073,1.541876332831207,24.94638192600356,0.5264605383781982,3231.987841544654,3374.8011475474705,0.7736958790412619,0.08312431420054421,4122.0703125,4186.5234375,0.036052988311940745,0.054058808167788325,0.12646046609725442,0.7834201554448167,0.2515933140969531,49.4251926107572,0.7171895573322408
WIN-d7bd0c8a027e6db2f970,-0.0001243234983766235,0.19595925261409738,0.1959592920517113,0.12516670089034093,2.3056028540178573,4.578742857142858,0.05304058039241323,23.482349324075322,11.765723533016594,18.42025744546375,1.5655864591480002,23.322970552012002,0.5356279689974165,3377.8444081143575,3456.2719968353326,0.7677951121068689,0.06892785214159487,4122.0703125,4122.0703125,0.018911238762876016,0.023181334797428864,0.10385960720778806,0.8540449760487612,0.2771281703201977,36.11883207741106,0.6667823272602286
WIN-743bc7cb57880bbee02d,-0.0002333315070346314,0.1536315224645832,0.15363169965335247,0.11066453712196293,1.7954535033685068,3.39544025974026,-0.018491552824061293,13.919276079144774,11.686738527322156,16.224289641888806,1.3882649640746911,19.710388407019828,0.5388782398533211,3351.124789856475,3458.30835488723,0.7537232725751091,0.07133980544010694,4122.0703125,4125.0,0.024577087434316632,0.042554607752335584,0.07275105040521462,0.8601089098700235,0.21726777142779571,34.676075214486566,0.7022740358693631
WIN-b91f84ec83a97fa03b8e,-0.00011985206980519403,0.13325948271578264,0.13325953661256895,0.10280255261302762,1.117478964163961,2.0137688311688313,0.03507835760112016,5.592720424167717,8.385733528433832,10.870148024043118,1.296266806845664,12.947709793217,0.5409617468122343,3115.667704058824,3334.888916050519,0.7478766999720533,0.08996103025214644,4122.0703125,4242.1875,0.06333931394590035,0.08494787188978055,0.11310648796877934,0.7385909690403353,0.1884573667189,14.44992384580689,0.8900698825203174
WIN-01542cc9fee777f6ce43,1.9439705086581096e-05,0.12529200091790946,0.12529200242599509,0.09878515705471456,0.6690599968750002,1.3341116883116886,0.021788405221569742,3.5504143827006134,5.340005618194559,6.772879821385029,1.2683282201528587,8.018125009103107,0.5407117259771648,3226.228654442189,3408.124266344491,0.758275377327605,0.09581921967581818,4122.0703125,4239.2578125,0.04854380033434378,0.06918798834260194,0.10488711029316528,0.7773628121807928,0.17718963176372654,4.841257371801237,0.8553604192181223
WIN-8bd08058b2baee587475,-1.3930871212111302e-06,0.13496196370878005,0.13496196371596983,0.10446853741799245,0.7938535033685066,1.4979285714285715,0.0038895710119417797,4.399485439397909,5.882053591286692,7.598972120999403,1.2918910042233793,9.066890656684706,0.5426285523793649,3248.4569109852628,3407.788150427884,0.7601252911193499,0.09120390447090898,4122.0703125,4239.2578125,0.04035683328420723,0.060357002397077905,0.1049641577101413,0.7943068477886417,0.1908649607733902,7.846239258546601,0.8256766166764707
WIN-66227cd413cf12b07cf2,1.866059253246834e-05,0.14987080989922177,0.14987081106094804,0.1139638964233631,1.1491854576704545,2.160919480519481,0.02156491756272511,5.5665009627249065,7.667840385513406,10.083767699476294,1.3150727183184374,12.112953604018838,0.5426285523793649,3319.4138423448944,3450.570286401038,0.7532103428552173,0.07757132832945454,4122.0703125,4189.453125,0.034240456055113104,0.04896158009103104,0.07824593025573953,0.8385373862821965,0.2119493318746364,11.139839739457763,0.7706455457341123
WIN-ce9aed289046dbf88e3d,7.795783279220785e-05,0.12548912593226325,0.12548915014720244,0.09907103564988051,0.6139047391369048,1.1926519480519482,0.0132325555703753,3.347601319873516,4.892094164410903,6.196611704961505,1.2666583055557987,7.352654265137124,0.5409617468122343,3176.6980090401157,3365.2486224283816,0.7481043983462018,0.08638710380862771,4239.2578125,4239.2578125,0.0738648147375737,0.062228041886732394,0.06757935701519309,0.796124905102727,0.17746840067295785,4.546040932126954,0.8523424763948465
WIN-b8a176c8599396fcb933,8.717168560606087e-05,0.14567643070851166,0.1456764567899514,0.11054163120688133,1.278322533590368,2.533674025974026,0.001783084308788356,6.463292158465919,8.775079801843246,11.564172878780777,1.3178424743524595,13.87235956750896,0.5510459204933744,3264.9925557959828,3415.9397542665174,0.7521889802189246,0.08084452881439855,3638.671875,4130.859375,0.057760481830414614,0.04783709686387349,0.059578681682445324,0.8346679227840734,0.20601755896193144,16.378211933175017,0.7871823243810486
WIN-6a6cd868718760f9beb2,7.839820075757647e-05,0.19742182826421018,0.197421843830568,0.13235142852012313,2.3266692868371215,4.318587012987013,0.049880911697567684,16.286980691886928,11.785267737759241,17.57947997112693,1.491648756923388,21.95561873419512,0.5512959413284441,3303.67978057571,3442.0656743588524,0.7439767901264629,0.07599361242898575,3656.25,4122.0703125,0.055085448478477864,0.0416553979357828,0.04199035637175508,0.8611122975495057,0.2791965797919121,27.978117148417006,0.7442249894880089
WIN-c73ce4e610533d0e394f,5.282298430736019e-05,0.23850734537927,0.23850735122870753,0.14683307144759652,2.5333670767992427,4.8937753246753255,0.09958778193963046,19.35138710701183,10.621756787527044,17.253382033121376,1.6243435411088871,22.343018687488186,0.545795482956913,3412.1451408753833,3465.4886882179967,0.7327500531635297,0.052964299074919056,3410.15625,3884.765625,0.01611112111222126,0.012686515236150255,0.07865165303274446,0.8925062481759806,0.33730032107075,24.547569585950587,0.5887855629726635
WIN-7ab4e13fbabfbd4e5db3,1.830491071428648e-05,0.2074170570768982,0.20741705788461806,0.13250330634738683,2.5333670767992427,4.8937753246753255,0.13000204441378585,22.95623979688421,12.213880105252915,19.119274428808133,1.565372695978339,24.14778251724485,0.5462955246270522,3271.9040666028186,3397.6667878102803,0.7458046965254514,0.07476538280959437,3395.5078125,4119.140625,0.050230792014517675,0.035545171339795775,0.06951043419091325,0.8445829566444117,0.2933320133186634,35.99271203200573,0.676095056424765
WIN-842bb62f1c993b737727,-3.748632305194784e-05,0.14037218320172015,0.1403721882070722,0.10734818503842443,1.3283212348890694,2.4320506493506495,0.08679532886582113,6.47128924455718,9.462851949847165,12.373951496257094,1.3076344807834381,14.773033288477444,0.5474622885240437,3267.910738335445,3412.4106584151746,0.7629090259543417,0.08560479323783712,3395.5078125,4125.0,0.05552358890073487,0.04403758796393725,0.07095773191843295,0.8293253054800005,0.19851624504363413,18.216072492129534,0.7905856070462359
WIN-7571657e1d092958db86,-0.00010943567370129885,0.1263876391415914,0.1263876865202928,0.10063719149793472,0.5163462975784633,0.9804623376623378,0.05563249959283283,3.030766312908167,4.085416165058716,5.130770144593403,1.255874539400582,6.055202089306398,0.544045337111426,3165.083712617824,3359.1936998397505,0.7420040836151278,0.08277679766354804,3638.671875,4239.2578125,0.07936574398171593,0.0615183068895167,0.05763866794771846,0.801268610723051,0.17873907952721566,3.3393657842710933,0.8666954974641344
WIN-6e194b460a6f9dfb63db,-9.64956304112555e-05,0.12395882300837575,0.1239588605668369,0.09838882475532333,0.5163462975784633,0.9804623376623378,0.04411667454075003,3.096540070959823,4.165465019710237,5.248017738368994,1.259887602823208,6.201923840407754,0.5339611634302859,3158.81310655877,3356.023058289951,0.7416165377840467,0.08372817850102984,3395.5078125,4239.2578125,0.07620921627794797,0.06746064945283428,0.06049985376893603,0.7956217298318274,0.17530424572052972,3.304038802656378,0.8647945298144326
WIN-78752056609514e16c69,3.781659902597477e-05,0.22624050420639089,0.22624050736695483,0.1379536473059118,2.3717900660579003,4.713698701298702,0.10874624635517084,21.18128119415965,10.483489865059617,17.192659363193712,1.6399748160599712,22.29713139129698,0.5422951912659388,3412.326860965331,3477.709338982974,0.7336863012006621,0.05581139197108048,3650.390625,3919.921875,0.0207378280201637,0.017377349777747762,0.07241107054554351,0.8894118348220074,0.3199523367872605,26.651497163938117,0.6034365930725263
WIN-cebfacbec3451fecab55,1.4646469155844972e-05,0.2269034942071506,0.2269034946798605,0.13870730151328015,2.3717900660579003,4.713698701298702,0.10258281333241728,20.948903549178972,10.4528582488067,17.0992445254493,1.6358439116235017,22.199593420053883,0.5452954412867739,3382.2675477846433,3463.8846797681535,0.7459756184653132,0.06364084062320048,3653.3203125,3940.4296875,0.027068626668927072,0.0227144946322301,0.08176520621060632,0.8683832770930076,0.32088980244735554,26.49356664687172,0.6556433986497673
WIN-2faee3c8f5a2fb07bfb9,-0.00021254952651515166,0.12228409502873248,0.12228427975131266,0.09703407043754735,0.5797592845914503,1.058509090909091,0.001584476016747778,3.136674511320062,4.741077804651221,5.974801242194799,1.2602200361032625,7.076384320574433,0.5365447120593383,3163.1255555739244,3358.0768471859096,0.7483892741950269,0.09128591303622648,3638.671875,4239.2578125,0.08061195052677643,0.060033184251587025,0.05581441595377445,0.803321961996579,0.17293579352228278,3.590368593120446,0.8565208013843747
WIN-524b6d879559ed5b2440,-5.062961309523816e-05,0.17264363899187898,0.17264364641571944,0.11000972886787744,3.131526429694264,6.23561038961039,0.31603788228720414,62.4314098062828,18.138671736204685,28.465904442204256,1.5693488947827194,35.00790414499877,0.5423785315442954,3327.1296846894534,3426.8708254282215,0.7576783498244488,0.07076847177950799,3395.5078125,3984.375,0.034724601925914506,0.029506244168894514,0.0915900533536419,0.8440658772325004,0.24415496637647732,119.35923645603071,0.7020427385752713
WIN-ca1dc236c64a0d336eb0,0.00011820068993506484,0.17280653498355633,0.1728065754085364,0.11004821445288601,3.131526429694264,6.23561038961039,0.3130734499208134,62.211743091963314,18.121569866614287,28.45594946937082,1.5702805926119618,34.99974891622838,0.5411284273689474,3355.852188211619,3440.4268161362725,0.7590466150033677,0.06772769316440565,3395.5078125,3952.1484375,0.028598027584539075,0.02410913524480171,0.0856449970880753,0.8615857958504443,0.2443852668451588,118.13511125706952,0.6890710926082728
WIN-daf99a564745c1239bc0,1.376573322510812e-05,0.12183244937554176,0.12183245015323034,0.09701436039522457,0.5063913647591992,0.9780233766233768,0.029193120647744385,3.094187834862677,4.156457201001436,5.219756773028275,1.255818722667903,6.151877198042242,0.5348779064922077,3160.437099803799,3354.7462027215443,0.7472998288710233,0.08790402614511723,4239.2578125,4239.2578125,0.07855183274546432,0.06260633268130353,0.05612733173129128,0.8024912855000063,0.17229677329957763,3.464186375947668,0.8559393495126044
WIN-44962460fdc546b555e0,-8.69303300865799e-06,0.13104915141884624,0.13104915170716866,0.10089837882218616,1.2779160400838745,2.4832688311688313,0.05033614605089229,6.711396384685789,9.75142550277354,12.66537733300243,1.2988231648084114,15.102758521368795,0.5384615384615384,3253.1653089590513,3404.047327249583,0.7372853006100913,0.0752042301814733,3413.0859375,4125.0,0.06087024653985134,0.04682869127171003,0.03701140626878271,0.8551598979613142,0.18533137396188637,21.292864956059372,0.7740927042963386
WIN-9256778c4e9f54cc41aa,0.0002558580221861482,0.16230274284057453,0.1623029445108781,0.12265446437988593,1.4040448015286797,2.799114285714286,0.03722629783038004,7.407355008543591,8.65076604587371,11.447156111404302,1.323253461095957,13.706844296628748,0.5499624968747395,3261.8756767240607,3409.734688486526,0.7360371544667381,0.08506081892048481,3644.53125,4119.140625,0.05454754851476754,0.055316788908909016,0.04589714407963698,0.8442140422680703,0.22953059461535663,20.061262072971306,0.8126660667679796
WIN-651c3edbaed6a47e5dea,0.00018231657196969797,0.1866271111812515,0.18662720023402704,0.1355446322321406,1.5747396140557361,3.1421948051948054,-0.017085943487606264,9.064976747762223,8.437889075507771,11.617867768803558,1.376868985213837,14.131376462088356,0.5512959413284441,3340.635071236496,3446.66120292483,0.7492475700157774,0.07921109732865769,3638.671875,3958.0078125,0.03567204312655968,0.03821355055190144,0.05892156209778317,0.8671706971219931,0.26393053579487485,18.628296613492793,0.7381785387102401
WIN-200a713d371478eda482,0.00012683020833333396,0.19728930057549346,0.19728934134278303,0.14278058797601462,1.5747396140557361,3.1421948051948054,-0.008650867893259187,7.900285123296014,7.981878814789602,11.029087611750443,1.3817658558356927,13.51579728110382,0.5562130177514792,3403.2683325622834,3488.4502047080905,0.7440666175909252,0.06729406743626784,3644.53125,3946.2890625,0.028897402727392538,0.02765287357633915,0.053529834752750395,0.889906601004694,0.27900918613948855,13.845623596674166,0.7349576382171783
WIN-c62646b8543263f175d1,-3.464933712121126e-05,0.1812096583771475,0.1812096616898201,0.13389816170053212,1.3186811651650434,2.559283116883117,0.041134374121522516,6.765596249642709,7.27710185461842,9.848388868134508,1.3533394289142555,11.981181439046875,0.5537128094007834,3373.4456377036126,3464.112663795011,0.7581461310557042,0.07188653338548043,3644.53125,3934.5703125,0.03133731062307224,0.0293341302615841,0.05813366391822335,0.881180691672765,0.25626912058135537,12.357593810484168,0.7415832600880549
WIN-92d189de72817f1e5ada,-0.0001446058306277049,0.15055921669388583,0.15055928613779596,0.11652039080636499,1.2451058404897188,2.4857077922077924,0.020299894055851392,4.941330484384424,8.269870775967243,10.685733474308073,1.2921282283261912,12.768042044833132,0.5480456704725394,3265.5064909940934,3413.057007118129,0.7279077253030797,0.07833209260601194,3644.53125,4122.0703125,0.055610125267859994,0.053338129983985676,0.04179552539313518,0.8492390985586565,0.21292288528230355,12.26709390704203,0.8206449889014097
WIN-3229a1a5c839e1200807,-7.326622023809451e-05,0.15016925970451767,0.15016927757747892,0.11465466135202697,1.6170149387310606,3.114553246753247,-0.10887020072682167,8.929929137091188,10.767947777374129,14.103351051312229,1.309752920686764,16.878473239249043,0.5487957329777482,3244.933782473051,3400.97402177654,0.7162581552025088,0.07788200368650947,3644.53125,4122.0703125,0.05851891028050927,0.05944904898123822,0.03784117486631657,0.8441610311332164,0.21237140232515453,34.550741785562394,0.8254350309924346
WIN-867730a772b9dcd0ed48,0.0001399057494588752,0.14688690911189048,0.1468869757400686,0.11289877865276879,1.6170149387310606,3.114553246753247,-0.12056660879238389,9.341732697574576,11.008565807641952,14.322696472120615,1.3010501751354882,17.05544048468107,0.5490457538128177,3260.8782678164675,3408.5523288974678,0.734676065302584,0.07948814169322044,3644.53125,4119.140625,0.05532996448579428,0.05455206922484959,0.043033684439288414,0.8470597850219025,0.20772936592863972,39.299130717903424,0.8015064206752347
WIN-f899c7d4a17a6b224947,0.00016961364989177577,0.1772699186632888,0.17726999980729752,0.1240424391628247,1.7645720815882036,3.519014285714286,0.020847600647585385,15.22540234188904,9.954149509203129,14.225551299081653,1.4291076586552314,17.412176787299924,0.5530460871739311,3401.472365816612,3488.189650344731,0.7222273856198304,0.060955589057451055,3416.015625,3911.1328125,0.029180233523045884,0.029233579963941523,0.05326321816979415,0.8883084246303363,0.2506973575914567,32.509534680463396,0.6326024899660186
WIN-0f6a3bc9202534158bf2,-7.133537608225032e-05,0.19565815517005783,0.1956581681742071,0.12823020983993058,3.0438396067234854,6.077484415584417,0.03406440340003762,34.04108510007299,15.556925811539857,23.737305043011037,1.5258352023046737,29.43696092796204,0.5522126843903659,3389.8347894303065,3480.4857261237776,0.7297843593738976,0.06561274472880632,3416.015625,3931.640625,0.031192043071221708,0.029222367723347503,0.05732347354659913,0.8822512882870622,0.2767024060679392,67.5592461762191,0.6407368356782673
WIN-71ac72822ad527b35259,-0.0001910477137445878,0.1715503495699864,0.171550455950468,0.11872760327058307,3.0438396067234854,6.077484415584417,0.08922810820230852,44.4756395458925,17.74311580719199,25.63716880362576,1.4449079339878146,31.140913604685743,0.5452121010084173,3379.2029637580513,3464.278230574691,0.7308933826561927,0.059851595695734554,3641.6015625,3896.484375,0.030142051356180623,0.028899641253092696,0.04497876860314033,0.8959701581546492,0.24260876667604772,126.04041507880119,0.6804372415560973
WIN-b05c8e4964f9df72bf1f,-0.000166116112012986,0.1563831718771274,0.15638326010450687,0.11889398944954231,1.4219305158143942,2.5824532467532473,0.10503533913195713,7.032521316736672,9.09260054340255,11.959650125172146,1.3153167862161728,14.322371724189743,0.5507125593799483,3231.813726698245,3391.4199392841456,0.7200024478235916,0.08030783074233118,3641.6015625,4122.0703125,0.06148164021369985,0.05851676844853497,0.03938256141223017,0.8405924970925287,0.22115920137827527,19.597733354794094,0.8304519122582952
WIN-091f8a8ee20b9dd7c9e4,-0.00019457065746753162,0.1635377658155994,0.16353788156173046,0.12174344351565881,1.969444808860931,3.4783649350649357,-0.04091594492814042,11.351066299559275,12.042743797592145,16.177009225071256,1.3432992926584395,19.38524281183017,0.5551295941328444,3323.2873622114025,3440.246644871357,0.7384276916954139,0.0767312060527102,3644.53125,4004.8828125,0.04294907122650752,0.03963180330741341,0.05686091527163815,0.860544762923605,0.23127718077951054,34.12263401830207,0.7561190654425518
WIN-94b1eeafc18011bf8eef,-0.00021936676136363539,0.15948539217560234,0.1594855430413104,0.11813738810073729,1.969444808860931,3.4783649350649357,-0.07211501555302259,12.077215295869669,12.348735636423491,16.670800332616878,1.3500005849457668,19.993863700471724,0.551129260771731,3309.9770544450557,3427.4708833144587,0.7392180904449421,0.07946693932987409,3641.6015625,3981.4453125,0.0419591633467033,0.04024276701229617,0.06837237945999813,0.849402099022371,0.22554627101850586,35.95366165940285,0.7438436844197568
WIN-f2a109bfcb3bd50884d4,-9.311665313852759e-05,0.1359005361772507,0.13590056807819206,0.1076045710152237,0.8316694841856062,1.5828857142857145,-0.009980162139681214,3.475409515291335,6.119691006007975,7.728941961584645,1.2629627793200544,9.137595663625545,0.5466288857404784,3221.1938521127836,3387.884193752014,0.7362970773913176,0.08600450214156811,3644.53125,4122.0703125,0.06534584527699826,0.058272492103722665,0.0446764181692859,0.8316654973062111,0.19219236356442607,6.154280411477803,0.8513904246027576
WIN-9f44ba4ed2fff4393dbb,7.883010010822553e-05,0.16665330257907182,0.1666533212231198,0.12284097469243327,1.5373422114583335,2.8869168831168834,0.04511628243639132,8.280578767305807,9.224791922333639,12.514897535573816,1.356659059723568,15.141965466483068,0.5464622051837653,3328.5957469865407,3440.8729084512793,0.7365505159031334,0.07396447921706462,3644.53125,3975.5859375,0.04148701671163294,0.03868977153990843,0.046499975021141136,0.8733026055224179,0.2356833603990467,17.68535410345819,0.7469284775871706
WIN-14094409b262f8c91fdc,0.00027804579274891543,0.21806310768000786,0.2180632849439024,0.15166323829293382,1.9193909938176408,3.834453246753247,0.05213184360907775,12.447814745233469,8.801990643691392,12.655611309694763,1.4378124019828766,15.593836805593622,0.5250437536461372,3320.691040939019,3419.6583274870545,0.7565844646996243,0.0648589365280919,3826.171875,3896.484375,0.01791883962031006,0.06520669099483979,0.07141281886685823,0.8454496899428099,0.30838770932991066,22.936152092182102,0.6751219258460551
WIN-9da80ffb14320d8be725,0.00026663010010822283,0.22004892851369146,0.22004909004954776,0.15174783111245718,1.9193909938176408,3.834453246753247,0.06053121797591367,12.477489478130162,8.72255819543146,12.648556356516035,1.4500971014539497,15.654358162562323,0.5257104758729895,3277.331807065142,3393.2258480694863,0.7480096176311404,0.06611093027203721,3398.4375,3928.7109375,0.021157533634575617,0.07950215686325443,0.07330157311475158,0.8260300890273691,0.31119597748772937,21.645531565582033,0.6808245877419177
WIN-f0d3fcca08326ff41455,0.00017767577110389425,0.1747947548922873,0.1747948451944005,0.134106173315616,1.4069453698187233,2.673914285714286,0.02420805903912344,4.9700978279122285,8.049123921508786,10.491279670601116,1.303406404578566,12.570304053477297,0.5225435452954413,3074.0625625023954,3261.5577662654578,0.7415717394508975,0.07939746336529883,1031.25,4007.8125,0.03631267700454296,0.14122978713088163,0.08670320703079527,0.7357337423835738,0.24719705084305868,9.452401408763706,0.8367624484997926
WIN-5816000a95fd48643e4b,0.00020352198322510636,0.1756877319027981,0.17568784978576954,0.1340234453887942,1.242172811999459,2.330427272727273,0.019353519033809913,5.154362117896304,7.070339886947623,9.268324720251146,1.3108739987604292,11.121594947703896,0.5181265105425452,3171.59642908509,3329.641659577292,0.7383765380779822,0.07200349792805501,3826.171875,3928.7109375,0.029621914656220362,0.11734021691137124,0.06305757015744,0.7899682856399988,0.24845972305377828,9.487964398328964,0.8009989045063948
WIN-6dc5e027873cf32d4e96,0.000231231290584414,0.17151691911039527,0.17151707497806631,0.13045082511771283,1.5219830321563854,2.969028571428572,0.03906392406799537,6.747490937135145,8.873653147024246,11.667101612974474,1.3148025305472952,13.970395725540193,0.5162096841403451,3084.965041487574,3274.756427763664,0.7270641495451869,0.07684578375675748,3398.4375,4028.3203125,0.03745575708678259,0.1432570028328064,0.06259131065629057,0.7566786496526188,0.24256153971652342,17.732392922671465,0.8344633393337606
WIN-38a8a954f6798ec86167,0.00025697587932900284,0.16594464780214188,0.16594484677379853,0.1283994163703441,1.5219830321563854,2.969028571428572,0.06448843825601454,5.847459447273612,9.17161973834504,11.853504285055754,1.2924112232244829,14.120708198753976,0.5185432119343278,3071.544290225405,3263.150352648854,0.7234674121270201,0.07409621937469837,3398.4375,4010.7421875,0.039000027003819236,0.1444188897645686,0.06283458732897257,0.7537189472307073,0.23468115749008953,17.415854668921178,0.844382375054914
WIN-9126f778aa047cde3fb2,0.00016124665854978202,0.15753962573165375,0.15753970825209254,0.12461901016852679,1.2219908243641777,2.1727077922077926,0.061742892056618405,3.722877273506895,7.756716309268585,9.8058139179715,1.264170755631759,11.600891936331543,0.5152096008000667,3049.995681356393,3251.8256319662596,0.7343890027126228,0.0758908789137489,1031.25,4013.671875,0.04197750315163172,0.15255966473636548,0.0575025492827265,0.7479391233676109,0.22279453695850923,7.034419988675859,0.8602246495563732
WIN-fe66a6b6a14822d2f154,-0.00012919295183982848,0.17161422470789361,0.17161427333677756,0.1314386317147006,1.2219908243641777,2.3755480519480523,0.01638986345180017,5.865029019369874,7.120566375962273,9.297044623892022,1.3056608327145107,11.10333282697229,0.5142095174597883,3098.5357753153344,3280.8812414461986,0.7428790852846591,0.07720054481104005,1031.25,4004.8828125,0.03673086264387744,0.13599601415757995,0.05781997671537577,0.7694381595927783,0.2426989669363737,14.709692408719716,0.796891840290624
WIN-7fb954901dba6ace533b,-0.000313266761363638,0.16938921836723303,0.16938950804322545,0.1300283677537721,1.1535572275838746,2.240592207792208,0.01005466868074166,5.61164186937569,6.810086651191498,8.871581236483978,1.3027119463860897,10.600610310703726,0.5164597049754146,3103.096942026621,3280.812562743838,0.7314847192688941,0.07121494899707523,1031.25,3940.4296875,0.03618252825986692,0.13374212295561466,0.051313722342357135,0.7787383327636329,0.23955246382060624,14.46160855832006,0.8029354472011165
WIN-b73493f0cb9947516581,-0.00032593580898268565,0.15431869500597242,0.15431903920935328,0.12269311057781837,0.6202377470643942,1.2243584415584419,0.004357484642982364,3.0853822866619853,4.019191346953269,5.055196205706691,1.2577645026793767,5.979005070318059,0.5167930660888408,3011.478286568771,3227.1894147154358,0.7192309505973853,0.0767290260705253,1031.25,4119.140625,0.044494594277858436,0.16626155524011704,0.05468746431582574,0.7345387777736808,0.2182394489189106,3.46156333896686,0.8729272417265527
WIN-6dbe514a262c18ead6c6,-0.00026540215097402785,0.15412553028476067,0.15412575879411078,0.12272535145855655,0.6202377470643942,1.2243584415584419,0.0014137774333652206,3.0340013328026463,4.024231587978203,5.0538681673182255,1.255859176291722,5.973638484331764,0.5154596216351363,3032.3531571643516,3240.6132543888993,0.7138248802186082,0.07377834799682197,3398.4375,4119.140625,0.042099497887392465,0.1602753465141808,0.05383741229790715,0.7437669691367758,0.21796639707123888,3.3350866742443546,0.8666907326158816
WIN-226e82c04a54964bbe8f,-0.00015737650162337858,0.16511085148266416,0.16511092648487458,0.12741524692270023,1.5925702145968617,2.945045454545455,0.02327223371974478,6.399301068046123,9.645456230500335,12.499055278294415,1.295849048456089,14.907021056181488,0.5144595382948579,3021.202839446989,3230.9985483300143,0.7139396308449544,0.07395465816017661,1031.25,4051.7578125,0.04352157017426328,0.16216012011946188,0.052827786142378194,0.7414718966098356,0.23350172593232232,20.505216875812824,0.8721017872856046
WIN-fe7b58007106a8a988a6,-0.00011323808170995856,0.17452874184727574,0.17452877858294938,0.13175950289405666,1.5925702145968617,2.945045454545455,0.046687560202525936,7.446183637168312,9.124971981803137,12.086947655421152,1.3246010704970361,14.51248043816264,0.5142095174597883,3148.3140978913725,3316.6550991628856,0.7333813054164968,0.07171630823821781,1031.25,3990.234375,0.03315188337324996,0.12363379451657683,0.05904029898071849,0.7841578419315276,0.24682091308890683,20.345549364341576,0.8004170396813592
WIN-b7ba65720aef0997f313,-0.00010615831980519659,0.16605730617032327,0.16605734010315037,0.12775823812370132,1.2923142009875543,2.4414000000000002,0.06285433370888269,5.576226062869685,7.78233711425837,10.115310135430654,1.2997779441907014,12.081523244771894,0.5128760730060838,3045.30224150574,3239.7747016912535,0.7340108971319483,0.08137852958772313,1031.25,3996.09375,0.03860412559648335,0.14975685815858852,0.0631182829453697,0.7485070611640251,0.23484031874976363,14.936700832769974,0.8440811592948373
WIN-f6330fca6f78e77e47a2,-0.00015629251893939562,0.1565518155081199,0.15655189352492638,0.12415430845104618,0.9801271880005411,1.9495428571428572,0.03580072312144462,3.4796346820155586,6.260717554580222,7.894427508966465,1.2609461200083407,9.333819578278073,0.5145428785732145,3034.7596862747996,3237.4533952428674,0.7250179964707056,0.07530240881219909,3398.4375,4025.390625,0.039500970256914736,0.1596470884739691,0.05486280040775942,0.7459705998646514,0.22139763419799263,6.502978699715022,0.8634291032675848
WIN-aedff8f49043e8611f7b,0.00184398665584416,0.2835236244646385,0.28352962087999256,0.1940123254033063,1.9875506334523811,3.776324675324676,0.0881085896875774,7.544758417469284,7.010028184274358,10.244455496889094,1.4614000439876143,13.04635869390696,0.4701225102091841,2850.1248520174477,3044.9807048047464,0.6418307163360554,0.050666967578226495,3366.2109375,3691.40625,0.009088558619282337,0.22365018881072382,0.07317479391842165,0.6940710313247032,0.4009629488255618,8.786562704990791,0.5880599941183614
WIN-687a139507a6a6959bf4,0.0014121957034632074,0.28282749008293073,0.282831015702513,0.1937425999099098,1.9875506334523811,3.776324675324676,0.05457821622668251,7.571842483728887,7.027343265407275,10.258717671623753,1.4598287409819495,13.053735034347486,0.4703725310442537,2859.174920756964,3047.140450945502,0.6567128664742349,0.05215247977699509,3366.2109375,3694.3359375,0.008484352988306168,0.21566920296003841,0.07125702467684208,0.704576246614111,0.3999784699838274,8.885059595634814,0.6087620674218356
WIN-72976a1165ffddbdf3cd,0.0010449152705627744,0.2756152098317969,0.27561719057153905,0.18954286037109672,1.6484524834307361,3.1441459740259745,0.07520786035460254,7.2445657805032475,5.980949446608933,8.696990644726023,1.4541153912654239,11.03748691612987,0.47028919076589715,2854.2061562632543,3046.426353585182,0.645675632279976,0.05046569263851843,3366.2109375,3708.984375,0.009609980765438035,0.21858291638016628,0.0741485373533927,0.6976479219195377,0.3897787662185982,8.19222318684931,0.5935162827217817
WIN-583a43f7fd9ebf20deb0,0.0008785645779220819,0.27543622966331965,0.2754376308474617,0.18926303745648632,1.5456909249891775,3.023661298701299,0.08034749555147498,7.239246240328854,5.611763796500177,8.166892731690318,1.4553165506990902,10.373639051781412,0.4709559129927494,2866.982423749797,3055.285130244718,0.6533272474361244,0.05487105045687545,3366.2109375,3691.40625,0.009078931241247725,0.21413181911366685,0.07426613156090527,0.702511558833047,0.389525638698958,8.292323353382615,0.6147642972537927
WIN-18101343915a3d7c252f,0.0006057125865800911,0.2683717242810851,0.2683724078241656,0.1840932436266252,1.5456909249891775,2.962036883116883,0.06031703426638574,7.342629752267193,5.759500156946598,8.396239289018805,1.4578069381351992,10.663886411908386,0.47303941995166265,2855.4420769975663,3049.335877020724,0.650106304538931,0.05673412633297395,3366.2109375,3764.6484375,0.010414696565206228,0.21836348487560542,0.07751041459839458,0.6936956224602617,0.37953493206347017,8.431592315615008,0.6191579674158101
WIN-db7ef28204ff4354b799,5.1878733766238085e-05,0.26553771075692734,0.26553771582476304,0.18275769490416308,1.567886737348485,3.031953766233767,0.05116295399293477,7.387378875667264,5.904572661072674,8.579046360603833,1.452949578744448,10.86523606792175,0.4749562463538628,2812.9215062750764,3019.5580384103428,0.6580385611685963,0.05845219475722242,3366.2109375,3808.59375,0.011257307606786173,0.23584469240818795,0.07904506714089944,0.6738362724521553,0.3755270259422076,8.585884073898107,0.6062874372667424
WIN-4858540c7771fcd31f5e,-0.00026438676406925966,0.2692295820142249,0.2692297118297222,0.18543776100275977,1.567886737348485,3.1161792207792214,0.06314601463799228,7.317007763832807,5.82360218226691,8.455056450539736,1.4518602380248948,10.698188207968657,0.46803900325027087,2815.654048764859,3020.6913946871496,0.6552770244133796,0.055886066129290764,3366.2109375,3750.0,0.01142009154851152,0.23398062145390966,0.07863495230222049,0.6759486031055546,0.380748125954923,8.415457701734537,0.600479731900313
WIN-236290c16e2454609e8f,-8.657295454545022e-05,0.27454745756860344,0.2745474712181129,0.1901465765907197,1.6564197561580087,3.1875594805194805,0.06466521960999971,7.208711242888324,6.03327267522359,8.711278350883234,1.4438728066486188,10.985104983489151,0.46437203100258356,2802.8789257243634,3012.2991756957495,0.6445674939519758,0.05357807443517882,3366.2109375,3752.9296875,0.011479209953464567,0.24189817778279246,0.0762203334329838,0.6703758924213341,0.3882687329358681,8.289822067970677,0.5975389018434376
WIN-daf59a603c9555423e28,-9.528546536796116e-05,0.2741195931447046,0.27411960970557775,0.19191143028451663,1.6564197561580087,3.107398961038961,0.03767216966790066,6.912853098071726,6.042689751131152,8.631167792838951,1.4283652062712249,10.835405275506917,0.46720560046670556,2789.730642977971,3000.4954186249834,0.6856986893128468,0.06959083022782131,3366.2109375,3691.40625,0.010957920318891423,0.24546965042748656,0.07413449404487638,0.6694147942798354,0.3876636388875345,8.164501870779995,0.6183528518097215
WIN-e7a5ec78c744c22f6f7b,-0.0005601514393939352,0.26665538180481785,0.26665597014713216,0.18732012445536436,1.5913807951190477,3.0301651948051953,0.030273988001472428,6.876183629902387,5.96791736646664,8.495514295314035,1.423530818810922,10.644086254616717,0.46662221851820984,2758.6605963268103,2977.695103460259,0.7022157480893115,0.0745265455633387,3366.2109375,3750.0,0.011643744991696032,0.25859231979171077,0.07851310001561869,0.6512274783283734,0.377107655038742,8.447016478374076,0.6252807681046203
WIN-8ea36ad1ed8ed4050ee1,-0.0007622600108225066,0.2626695125692825,0.26267061859619656,0.18313328135437953,1.5913807951190477,2.997808311688312,0.007954123352638197,7.270371734402301,6.058465174437414,8.689741063673138,1.4343139414756116,10.903300266639913,0.46662221851820984,2759.9239327649902,2977.478494373865,0.6850380797593749,0.07010736032677392,3366.2109375,3785.15625,0.010043685344602971,0.2584100571752334,0.08126976044287,0.6502477625855139,0.3714707870920694,8.93987877505801,0.6230276956241272
WIN-6df3b1a0e807f9bfdd2a,-0.0008530164610389569,0.2616951695680375,0.26169655980223877,0.18074648402597404,1.5899174184956713,2.982686753246754,-0.022341948212299435,7.3951420413258875,6.075423458722878,8.796394724106483,1.4478652860720875,11.096356598657465,0.4645387115592966,2763.309194805951,2979.9812362635575,0.6649137763455805,0.060972446817903245,3366.2109375,3752.9296875,0.00962936189334177,0.2580397446985846,0.07872593577493707,0.6535742200454031,0.3700928473202571,8.81990739688236,0.6105325807157771
WIN-3e58b4956f9eb2a15f8f,-0.0010331879329004282,0.2681929645760142,0.268194954697839,0.18638501526724208,1.509839464621212,3.0026862337662337,-0.0013416221674929707,6.973944593304158,5.629634108205497,8.100648340470276,1.4389298104885604,10.215785467229667,0.4676223018584882,2770.662348140106,2984.2354961424776,0.6742236766366209,0.06320735084662196,3366.2109375,3752.9296875,0.008293402919037606,0.2563008682614708,0.07976168669761007,0.6556201310451731,0.37928212724743776,8.367794481115158,0.6269980450902953
WIN-fe011dea2903f8cd4c22,-0.0011817477597402554,0.27579979815131206,0.27580232991777304,0.1917727677480231,1.5683745295562772,3.0958545454545456,0.0025959529818340857,7.043054068331308,5.686589123515315,8.178296365878396,1.438172547411534,10.299413391069857,0.46462205183765315,2794.5450115644044,2999.4403233855955,0.6731806055624393,0.060593055323970565,3366.2109375,3691.40625,0.00718190900746892,0.2447391754759745,0.0782700521743775,0.6697836944018164,0.39003978806917866,8.261420374819323,0.6120009953667384
WIN-6436369b6b6a5c89b6f4,-0.0013394943398268358,0.2825094622506408,0.28251263778144986,0.19461715249402964,1.5683745295562772,3.0958545454545456,0.019196165585234227,7.230396640525906,5.551519896125891,8.058768250636758,1.4516327783013112,10.188183560781583,0.45928827402283523,2800.945225944815,3004.391470469246,0.6686499008362244,0.05796098261569446,3366.2109375,3667.96875,0.006972740972377819,0.24551690715419877,0.07360988130793357,0.6738827112911556,0.3995286884669639,8.158593065025366,0.6284909448065861
WIN-76b37ed3bc783c0cc905,0.00027861573051948487,0.2382277949268713,0.2382279578522318,0.17183935264778863,1.432681504345238,2.64611012987013,0.08490365793495577,5.802478927613666,6.0139100265800405,8.337330665306936,1.3863411039445113,10.327044759034143,0.47420618384865404,2743.0109545202845,2980.959299571574,0.7406695849171634,0.09387698534168284,1195.3125,3899.4140625,0.00914277594697096,0.29560185765810226,0.06152886289992546,0.633721320010324,0.3369049777498674,7.916235665976712,0.6531488343448633
WIN-ba35f61877490475d0c1,0.00011441945346320739,0.23735697657947322,0.23735700415778746,0.17026091722751716,1.432681504345238,2.64611012987013,0.12239113151776229,5.938798462453237,6.035977364235692,8.414623435995898,1.3940780304808102,10.452622340049015,0.47528960746728893,2771.8157442381603,3004.000427420886,0.7350168923832795,0.09045620460752603,1195.3125,3911.1328125,0.0096936077128226,0.28335435704373846,0.05827894559283995,0.6486666507622024,0.33567342045162274,8.24733981716375,0.6529468635161727
WIN-7d6464ba2fca178a047a,-0.00012140097943722503,0.23794231026552493,0.2379423412356303,0.16910230932884204,1.437396829020563,2.7607412987012987,0.14765503672054278,6.3453495477612805,6.040945976870472,8.500160847696364,1.407091021870745,10.622668499696609,0.4677889824152013,2777.5218130247586,3009.669053970501,0.7401794566488211,0.09176160429483005,1195.3125,3911.1328125,0.010181331287776608,0.2799273768187648,0.058828630584827846,0.6510509196135784,0.3365011768428182,8.625507222206112,0.6419556394631916
WIN-818ad005e3cb0f8cfeb1,-0.00021271297077921645,0.2371826339620589,0.2371827293459369,0.16824648106216902,1.437396829020563,2.7607412987012987,0.10245003356556537,6.426266450194345,6.060292977394757,8.54339906509477,1.4097336707855743,10.686486322480903,0.4715392949412451,2769.8122930874833,3004.4436830755494,0.7404710243876486,0.09528901560586558,1195.3125,3928.7109375,0.010959481578114983,0.28224110073998876,0.0587750147841379,0.6480077623541703,0.33542689741704546,8.387924000081703,0.6416060101268469
WIN-81b726fe00d127972160,-0.0001550586417748877,0.23859239537636454,0.2385924457618343,0.17097008189011548,1.2960996861634202,2.5921277922077923,0.10261770021002556,5.982937339730639,5.432274613806379,7.58085667285846,1.395521620641119,9.434679142997075,0.47845653804483707,2758.932655012358,2995.0614751335775,0.7379226292647446,0.09341438895893066,1195.3125,3908.203125,0.010732952389633767,0.28602145178134075,0.059356107202036885,0.6438668823795255,0.33742059804750274,7.967621147223357,0.6413808047333732
WIN-5c17bd1b9c8c56bae671,-0.0002183361309523773,0.23575314944480916,0.2357532505477127,0.16890260120291037,1.2960996861634202,2.4903418181818187,0.13810165372094305,6.123407113317032,5.497695930583204,7.67365142351291,1.39579407816873,9.542899383789473,0.47720643386948913,2739.9604170542034,2978.403702261608,0.7357557224015933,0.09270176963755941,1195.3125,3908.203125,0.010261339214986892,0.29066471422493123,0.06439151843404492,0.634662886491314,0.3334053005222364,8.417144434233382,0.6398031088957025
WIN-31d80cf41e038ac53d82,-0.00024012418290042889,0.2352439334724802,0.23524405602528597,0.16742363841962124,1.4061781277218617,2.676515844155844,0.15355500266233615,6.36001013914528,5.9775288331397265,8.39892228473196,1.4050826887077819,10.487487699424813,0.4721226768897408,2748.258971385643,2984.0063532992426,0.7326286264964741,0.08964273031981429,1195.3125,3890.625,0.009524910477091964,0.28937275742282775,0.061301877891593644,0.6397814052895395,0.332685161087698,8.540364311812843,0.6347154717275867
WIN-65b070ef7b219013641f,-0.00019561314393939043,0.2383502756460441,0.23835035591550371,0.16984215607473305,1.4061781277218617,2.676515844155844,0.13255589727172665,6.192620543297047,5.899626716791892,8.279323344758078,1.4033639316803226,10.344751070038296,0.4718726560546712,2733.9207704539513,2975.0472827003478,0.7378859952667014,0.09108515331112269,1195.3125,3914.0625,0.008696793433756098,0.2981737947025054,0.06249489507921369,0.6306187858303308,0.33707818195893247,8.127110621636021,0.6428026385525047
WIN-675d4546c409d80d86e3,-0.00010827123917748535,0.2376291420796608,0.23762916674553408,0.16978372956332433,1.5286139718777059,2.7522862337662337,0.14366455554545354,6.018852426554946,6.4327708286255705,9.003300703784896,1.3995991686323854,11.230520078846371,0.474039503291941,2715.3606124814196,2961.2171473509707,0.7462263635825606,0.0975320709167017,1195.3125,3919.921875,0.008254038350900718,0.3063667875592034,0.0659311582281186,0.619435039346663,0.3360583547658073,7.943745637916989,0.6503089524192062
WIN-6c7a4134cbf512b3a28e,6.462399891775282e-05,0.23541620607589572,0.2354162149458483,0.16848131464993688,1.5286139718777059,2.7618794805194806,0.15908644352307116,6.043092785660783,6.493239950454698,9.072899122639923,1.3972838200698312,11.296598423359764,0.47195599633302776,2722.234387622992,2963.5639783212723,0.74479006392379,0.09938803285358197,1195.3125,3919.921875,0.007788020228893899,0.30198767452154857,0.06737142052306874,0.6228405524289172,0.33292876538446015,8.055551810777677,0.6472073492516199
WIN-1609a00ca1d3a822e2dd,0.00035693347943723333,0.23510827669336146,0.2351085476354081,0.16841443402405396,1.2617916342153683,2.495057142857143,0.14757512399309666,6.010867576901138,5.366847130401701,7.492182255754038,1.3960118620262232,9.322229294216134,0.4736228019001583,2763.9197900133763,2997.0163445545923,0.7377036357922565,0.09308808633401186,1195.3125,3908.203125,0.007627672598304685,0.2860133133981391,0.06599648732518146,0.6403507475036999,0.33249331351995187,8.039216144356006,0.641216902995898
WIN-c3216774c4460e657567,0.0003894936093073632,0.2364504375609407,0.23645075835791263,0.16943676357312143,1.330407738111472,2.4353838961038963,0.1531878086888162,5.899272192918486,5.626574206592408,7.851942577559178,1.3955103566085019,9.787263283302577,0.4707892324360363,2762.342636082864,2997.7911140492133,0.733314149643302,0.0876136481924105,1195.3125,3914.0625,0.007908465088136992,0.28863075037469693,0.06110186042504893,0.6423483916618238,0.33439141407794626,7.887158750292676,0.6376363298631144
WIN-793fae25042f4a3987f1,0.00018098954004329385,0.23937789496295162,0.23937796338449266,0.17143322328805827,1.565035790059524,2.7524488311688313,0.18793661766577216,5.993065386733249,6.537927585001635,9.12912771534765,1.396333562374143,11.372402209026054,0.4695391282606884,2786.3071631899543,3015.9498442485087,0.7377184181578256,0.08996171139654348,1195.3125,3925.78125,0.008482379260146694,0.2779777781139966,0.05912545081239014,0.6544035286591661,0.3385314650574424,8.198178477683335,0.6392119611110699
WIN-73592ac81c9a7a22bac3,-8.775178571424698e-06,0.2405136502659975,0.2405136504260794,0.17215613943882488,1.565035790059524,2.7994394805194807,0.15783938109766316,6.155244589044051,6.507055991543492,9.090792783527558,1.3970669370763165,11.310903816814516,0.46853904492041004,2775.6505326285674,3006.8273834852057,0.7386969430667384,0.09008028473530048,1195.3125,3911.1328125,0.009162405818422278,0.2814134536735816,0.05907243451124223,0.6503381612628724,0.3401376569909271,8.408983294905504,0.6414365934607255
WIN-6fc76f988f52786ece77,-0.00019168370670995282,0.23889116646504527,0.23889124336750686,0.17086311503948234,1.539182803046537,2.8948841558441565,0.09798450421930711,6.242625624351734,6.443027301223584,9.008280123430154,1.3981440248874468,11.22601012917857,0.46612217684807067,2759.418845577237,2995.9718039006793,0.7366738257282597,0.09444565385364367,1195.3125,3928.7109375,0.009847133490352262,0.28662227103839766,0.06275418467416276,0.6407648043216942,0.33784312669472794,8.307932924541237,0.6529027079125825
WIN-b5260e2cd6b8d8f6cd67,-5.9175292207793717e-05,0.23031900821545603,0.23031901581733652,0.16440652632919373,1.4133094787337668,2.6744020779220783,-0.05680884522444817,6.3725188981695196,6.1363125997746994,8.596431724950376,1.4009116362860454,10.696899450984771,0.4720393366113843,2774.027175492847,3024.2021243998424,0.7504791996537049,0.10572897201436794,1183.59375,4122.0703125,0.012011739065985298,0.2911655138595262,0.06224283066022668,0.634556859121162,0.3257202608434348,8.237670841203954,0.6542467077725688
WIN-ade913420fc52d55847c,-0.0001906081926406936,0.2364503436432295,0.23645042047009437,0.1690779403818723,1.5355827254870134,2.9683781818181822,-0.05916896577194309,6.348171835142219,6.494311671882755,9.08209978196877,1.3984699596804822,11.309849909650529,0.4751229269105759,2785.3731482718576,3031.3416464263596,0.7498864634215151,0.105250912146654,1183.59375,4122.0703125,0.011013697908949825,0.2869558994935282,0.06312414489602862,0.6388822070180068,0.3343912825776933,8.52203954147244,0.6600448143750312
WIN-01e7e62f4c2ecbdb18db,-0.0001823428246753264,0.23387090551661244,0.23387097660048795,0.16776693541891236,1.5355827254870134,2.9683781818181822,-0.03528007785302335,6.27474026156351,6.565939680936209,9.153071322686593,1.3940230595207597,11.374677803373913,0.46662221851820984,2804.2840941399236,3044.280888972306,0.7525283369285278,0.10529984412545616,3345.703125,4122.0703125,0.009926046148374371,0.28015117359136604,0.06043595467986256,0.6494585794230349,0.3307433998380017,8.890648025227756,0.6807341661540371
WIN-70314c3ab088ce2bee55,-8.601741341991503e-05,0.2305028381893409,0.2305028542390243,0.16614918182643398,1.5001364917207796,2.7459449350649354,-0.0640552797777301,5.973020725957462,6.508103757182444,9.028852716704032,1.3873246422508982,11.18842104780045,0.46487207267272274,2754.345197510984,3007.758182231974,0.7546161158510057,0.10681612363264537,1183.59375,4125.0,0.009671256584026573,0.3016889857115984,0.06456406904159058,0.624044015434793,0.32598023949776017,8.107623159494548,0.6600832335098553
WIN-fed04242cbf1719d78bf,-2.8227586580087867e-05,0.2327245617472628,0.23272456345915052,0.16873982991452927,1.2932868849025974,2.577006233766234,-0.08246275251424127,5.783870096985531,5.557156776551639,7.664384191628103,1.3791916441758407,9.475731588400905,0.4701225102091841,2780.181760096546,3024.4248804230165,0.753548889804217,0.10727479272150678,1183.59375,4122.0703125,0.008735304790541812,0.2912979935974863,0.0618417805904035,0.6380935218801483,0.3291222300371261,7.982951877541514,0.6719406034503443
WIN-979bf2d8b4fd579dcd33,-5.6980227272728354e-05,0.2317874086634006,0.2317874156671164,0.16815717358882576,1.2932868849025974,2.5763558441558443,-0.05985608033371189,5.678019168002682,5.579625111116401,7.690940905424726,1.3783974285420586,9.51653017724965,0.4714559546628886,2761.8247324946024,3012.373257170319,0.7514380099595468,0.10566410891495195,1183.59375,4122.0703125,0.008838381500211713,0.2997820568786512,0.06438107002794734,0.6269603676952499,0.32779689211457536,7.970537964570897,0.6663476600133019
WIN-858f672a8ed729a64e8e,-2.8715378787880014e-05,0.23080137255038502,0.230801374336711,0.16654452536847944,1.3264824657467538,2.570177142857143,-0.0238367204115609,5.623033859678504,5.747290151772799,7.964731730472371,1.3858238439521058,9.90222659587131,0.4625385448787399,2748.928945234587,3009.411998347399,0.7509283268351666,0.10436940093260326,1183.59375,4180.6640625,0.009867660533459421,0.3085582714273645,0.06582513322628286,0.615709960496519,0.326402431189384,7.683080444945422,0.6661509837161427
WIN-75ab10ed4c5e44e818b5,-0.00010014983766233933,0.22973345918477378,0.22973348101439656,0.16605969836144482,1.3264824657467538,2.583347532467533,-0.017126305507476878,5.619732240536157,5.774005860546961,7.98798551862686,1.3834391082234547,9.918889334226726,0.4632052671055921,2751.2472970142167,3007.7500273358814,0.7515726252745919,0.10409456964223217,1183.59375,4125.0,0.010108913087455505,0.30401376038268874,0.06744259055772579,0.618397356885095,0.3248921737036355,7.720852869811769,0.6688684156842215
WIN-bd346145ae546172e166,-4.555775974026072e-05,0.23112874945109152,0.23112875394103374,0.16709370938441562,1.3988383099025976,2.6563537662337664,-0.055276798239447617,5.849686640761252,6.052203743777467,8.371579726416032,1.383228338105272,10.366783251070837,0.46378864905408784,2748.5934824888027,3003.4293824464066,0.7457234347555831,0.10125896795120463,1183.59375,4122.0703125,0.010617617200067129,0.30335065937406613,0.06456173877636574,0.621435393973205,0.3268654107451998,8.013438575131977,0.6688164519763748
WIN-14dc9dcdf84c6b5f3943,0.0002090833225108215,0.22949150773000612,0.22949160297498297,0.16593487549426408,1.3988383099025976,2.6563537662337664,-0.06805922703276374,6.0087496265554154,6.095379054234897,8.43004405027876,1.3830221181052011,10.417043070919403,0.46120510042503543,2717.4494137020183,2981.1270988061624,0.7455135496353131,0.1016281218263645,1183.59375,4125.0,0.011666412210994256,0.31553426660594397,0.06294803709359242,0.6098125343838064,0.3245499934656793,8.277442608330404,0.6610821403414475
WIN-06b3ee637ecb4727711e,0.00014468120129870003,0.22746339514998232,0.22746344116320544,0.1647404926460498,1.3785136345779225,2.6303381818181824,-0.05948306107381653,5.932118740248755,6.060374482696655,8.367788710765453,1.3807378957554604,10.331017897692671,0.4634552879406617,2728.4146277225977,2993.075827205226,0.7498236841407425,0.10385890671425053,1183.59375,4151.3671875,0.01229571552940477,0.31217693499799104,0.06195175139708767,0.6135441690182705,0.3216818179678595,7.976703268187419,0.648656448367577
WIN-8c6bd41037c8c6a97b20,7.763687229437048e-05,0.22584506067670182,0.22584507402099135,0.16264911355097403,1.3785136345779225,2.593428571428572,-0.03899128739684309,5.914695110618753,6.103802088876606,8.47538363089463,1.3885416839288414,10.518954781901435,0.4653721143428619,2717.7383895159965,2986.7561530488642,0.751132203315555,0.10498959497137968,1183.59375,4224.609375,0.01221982569119126,0.31781041181031017,0.06281001514946581,0.6071281697369844,0.3193931226828194,7.788815145911771,0.6518896751107283
WIN-666695e7042d3c8f85e4,0.00016584596320346195,0.2255055648041327,0.22550562578905745,0.1623431995119048,1.3812777904220783,2.6179807792207797,-0.004377119034337574,5.983242738412405,6.125247587871836,8.508380976637579,1.3890672751656088,10.55454328851823,0.46095507958996584,2702.702685843115,2970.9883518513175,0.7489711935532571,0.10297103544342591,1183.59375,4125.0,0.011371546494261682,0.32309575889093356,0.06365702578154751,0.6018455160006961,0.3189130202360241,8.168711437834832,0.6585723456939073
WIN-b6c4c97697e059fc19ad,0.00015388150432900344,0.22954704626511951,0.22954709784390284,0.16635345401883117,1.3812777904220783,2.6179807792207797,0.05320583219190244,5.77113974259888,6.017404721689667,8.303270879229323,1.3798757542872435,10.259661274780775,0.46420535044587047,2732.2020364238824,2993.3207033048566,0.7480448690050489,0.10564775727745013,1183.59375,4125.0,0.01059627311293349,0.31086906691961125,0.0634344109827214,0.6150727981645784,0.3246285460247885,8.30829327488722,0.6526172670772861
WIN-6096a5f0b148a34900c5,3.349167748917629e-05,0.23125491916422863,0.231254921589458,0.16775936160649352,1.3537988293831174,2.6865968831168834,0.082925129638463,5.5862200481928035,5.854140617083314,8.069885438349484,1.3784919027679958,9.97350063290464,0.47220601716809735,2741.3934374042856,3000.135673034308,0.746388532289713,0.10197506848513278,1183.59375,4125.0,0.009377369978792401,0.30968923061093473,0.06160762681420978,0.619299845233726,0.3270438306607992,7.975284675487253,0.6557724679173615
WIN-36c3fb867e1ebbfb7945,0.0002515923809523842,0.2402642073635924,0.24026433909088857,0.17602234559584418,1.4294708780519483,2.7218805194805196,-0.0030974346797312258,5.599901436582507,5.949575719205047,8.120962558503575,1.3649649893950517,9.98917626535358,0.3921160096674723,2433.3569237123797,2748.3884225415927,0.7214014991823169,0.10410108721398331,1166.015625,4051.7578125,0.008396983423985835,0.4460687023281336,0.05775369595279413,0.48777938238896146,0.3397848993071185,8.386652243916512,0.6913882140436077
WIN-2f3a8feb7ac80dd3054b,0.00019050995670995966,0.2388942960554971,0.23889437201804295,0.17603187597837663,1.4083332157142858,2.6309885714285715,-0.03846012179997347,5.316750089665149,5.895213034160652,8.00044428248485,1.3571085957524596,9.802725620305628,0.39369947495624635,2431.0769808160467,2747.626760464833,0.7162141132036614,0.10240870007891623,1166.015625,4098.6328125,0.008704723951903224,0.4480807435268557,0.05827887017910183,0.4849335940063485,0.3378474224347903,7.960596959762136,0.6926205519094952
WIN-c0c957a2ebecccd09b09,0.00015083619047619317,0.23896559980458018,0.23896564740882556,0.17627275088703467,1.3779275014285717,2.6005828571428573,-0.035869581194583604,5.15302732522094,5.76621584049455,7.817019332181449,1.355658467942174,9.584467159189405,0.4020335027918993,2459.2859874274427,2771.99384575485,0.7165321903209682,0.10160142371812461,1166.015625,4098.6328125,0.009164767593812484,0.43720892089624447,0.05495778540966362,0.498666216418792,0.33794810163964495,7.561325838627722,0.6972387869438543
WIN-9e34e8c735e92f8efcc4,0.00010791047619047914,0.23951219433740584,0.23951221864654448,0.17639816128807356,1.3779275014285717,2.7168400000000004,-0.05677148424093054,5.241823071015747,5.753057231106311,7.811461816602978,1.357793170270309,9.59291660544899,0.402450204183682,2442.137741377525,2758.735660991161,0.7164030477900453,0.1018114981874709,1166.015625,4116.2109375,0.010093693981708632,0.443252031972035,0.05667526462726527,0.4899772339776197,0.33872130348909724,7.635430099359504,0.7046952114053358
WIN-05e3b5dba0b8bf0cec71,-6.0377835497832684e-05,0.24108458201300179,0.24108458957359094,0.17805683530478358,1.5447524364935068,2.9488664935064937,-0.0967314161041104,5.35444276355591,6.407512148409488,8.675614355610929,1.3539754829381723,10.622982591126434,0.3936161346778898,2418.2549844392083,2737.665357865566,0.711342674537732,0.09758813002111202,1166.015625,4104.4921875,0.010540692026089496,0.4525565680405998,0.054008933297812554,0.4828914067451667,0.3409450816143459,7.859369582165967,0.7014169244288984
WIN-b3826052360ede3025ed,-0.0001472183982683952,0.24172104976487982,0.2417210945960081,0.1778961967469697,1.5447524364935068,2.9488664935064937,-0.08883145633948446,5.36732434817233,6.390639753923351,8.683448352085902,1.3587760672503912,10.655660638191407,0.391282606883907,2433.882010971009,2750.8366140436306,0.713829748110342,0.09648821764475075,1166.015625,4113.28125,0.011178511349134878,0.44485297468649654,0.05495482870643186,0.4890116412104031,0.3418450297000791,7.788654747422922,0.6965880655501278
WIN-876fac0ccd4036166ffe,4.169268398268712e-05,0.24178890495633673,0.24178890855095966,0.17781766191019482,1.3528875014285717,2.536194285714286,-0.0966285992013398,5.2421089933544165,5.595324903573236,7.608285290041811,1.3597575513714333,9.347230633670318,0.38803233602800236,2398.926236682399,2717.023887476567,0.715169708068317,0.09494815375863619,1168.9453125,4034.1796875,0.011105942931233813,0.45498701528483343,0.05824973436598741,0.47565395859968346,0.3419410032001333,7.337617074333401,0.7009869303933507
WIN-95ba58e2644691cf9155,0.00013937307359307663,0.23957465214163445,0.239574692681925,0.17620133573660174,1.402488082987013,2.657329350649351,-0.12696248818186395,5.25409251231019,5.854074431990167,7.959576907382768,1.3596644524800798,9.77521693737041,0.39311609300775063,2412.1181705699955,2727.872748948363,0.7197543329857856,0.09928215308754428,1166.015625,4060.546875,0.010970404100095258,0.44822327929241923,0.05816161331031883,0.4826435457270901,0.33880970075464756,7.248132760342944,0.7053476923636515
WIN-db8aa1c4a131bb7d038d,-6.490346320343454e-06,0.24158303989701152,0.24158303998419606,0.17688764053199132,1.402488082987013,2.7633428571428573,-0.11560547229490814,5.485566285895969,5.805407875788615,7.928694615186722,1.365742904683826,9.741884953559605,0.39286607217268105,2411.5909971167102,2730.891862117996,0.7185282649717772,0.10068208627673923,1166.015625,4116.2109375,0.010789812167461698,0.4518289783170045,0.05645350545379601,0.4809262793333073,0.34164997112804674,7.909644662804144,0.7043325574982202
WIN-39e8b4aaf58b74cc748a,-5.361649350649074e-05,0.2395209452364294,0.23952095123742512,0.1765403473102814,1.4172760728571432,2.777976623376624,-0.08720844968635919,5.4816193192018146,5.917127773287571,8.028057576878775,1.3567490654988594,9.814971505671872,0.39594966247187263,2413.3302641704545,2730.6077216568697,0.7202808033845045,0.10384092387186909,1166.015625,4072.265625,0.010153600935784969,0.4511470110481371,0.0570948551548968,0.4816034315821686,0.3387337670399692,8.11855751774321,0.7026157959798315
WIN-02135945bb18ff887375,-8.991636363636058e-05,0.23774394876534943,0.2377439657688362,0.17532607787495674,1.4172760728571432,2.670337142857143,-0.12038902811382292,5.288799122189759,5.961354553281202,8.083658118787477,1.3560102903633087,9.908809843033287,0.40628385698808234,2419.6218287708793,2737.4510466717293,0.721427680688171,0.10790183451076044,1168.9453125,4098.6328125,0.009398066615605093,0.4522810070806801,0.05727052254984635,0.48104935970163304,0.336220643416224,7.480652949252037,0.6955975694608822
WIN-9b30f7c42b134f3dd64a,-0.00021266385281384985,0.24000972642358345,0.24000982064040144,0.17635739505021647,1.2792308780519484,2.4935937662337664,-0.13502822377513626,5.1646100359937535,5.329910562131733,7.253627655820404,1.3609285880566533,8.924261293256091,0.40011667638969917,2422.3552476913887,2739.056604417079,0.7250640372906624,0.10998571740766817,1166.015625,4110.3515625,0.008675419541087762,0.4484644585084487,0.062386369842874635,0.48047312473060966,0.3394248905763823,7.202956671324098,0.6930820154326673
WIN-d1c33fd95c8d96968d54,-8.46183982683955e-05,0.24088877038119252,0.2408887852433903,0.1775796679294156,1.2620039271428571,2.490016623376624,-0.16208822565622888,5.189902144376929,5.238948446115949,7.1066915590661655,1.3565110693741262,8.709217174706593,0.39436619718309857,2424.1237000905585,2741.1702731412024,0.7226227592936059,0.10422320529768016,1166.015625,4098.6328125,0.008146297508605146,0.45045859531585725,0.059399149654372964,0.48199377533281706,0.3406681604044827,7.340691196022789,0.6967395504162165
WIN-70fafa99e816d7111b6d,3.960601731602017e-05,0.2440513802774714,0.2440513834912139,0.18090606407469698,1.2620039271428571,2.5109916883116883,-0.1709466360597886,5.049281307280335,5.171058279139481,6.976017822237256,1.3490503192258656,8.52570957054126,0.3925327110592549,2411.8942035854284,2731.6034932487228,0.7267962073106421,0.10563291669732057,1166.015625,4122.0703125,0.008299517591443886,0.45505734525305613,0.061733962197899506,0.4749080829298552,0.34514076417718337,7.267818297575912,0.7008816230153956
WIN-386787f7137c8175d934,-0.00020271831168830844,0.2462512415141601,0.2462513249547687,0.1821956268659524,1.3289856832467535,2.540909610389611,-0.1403642181331935,5.218588892771386,5.396867137610179,7.294278716235268,1.351576485063457,8.908358891821289,0.3924493707808984,2387.182740125863,2709.0945617240304,0.7253250560184937,0.10354767826503705,1166.015625,4116.2109375,0.009069032303172693,0.46361644218188813,0.0619818333335796,0.46533127613527275,0.34825175549872117,7.730484514579725,0.6954463969754281
WIN-62696365c983df932a8d,-0.0002808260389610404,0.1772251159527653,0.17722533844723012,0.1310283583041306,1.0801774643939397,2.1370176623376627,0.1405681417158148,5.623401926715678,6.0949380819463,8.24384490782133,1.3525723800531706,10.053441558707616,0.4996249687473956,3037.211747463341,3292.547407430482,0.7497076680121993,0.14551999797803228,4119.140625,4476.5625,0.03093580094222621,0.16875179150960506,0.16496101220056103,0.6348835074834257,0.2506299192596513,7.674590448436771,0.741559961098313
WIN-b1ebedb36966d2107ec7,-0.00014412227272727411,0.17947375644702543,0.17947381431405446,0.13259714240863998,1.056840197943723,2.0910025974025976,0.10833937764007118,5.630232327424571,5.888548153818749,7.970309003181725,1.3535270146289855,9.728476944047467,0.49837486457204766,3024.1792992206433,3281.7218986998564,0.7368267505990281,0.1322346142768443,4119.140625,4456.0546875,0.030652263631419516,0.17318963844289706,0.16267707170139342,0.6329873712330585,0.2538105886177856,7.900678612106464,0.7388315619222215
WIN-21f44ece947d5ffbac4a,-7.680694805194955e-05,0.1808385695137941,0.18083858582476972,0.13410562068910534,1.0564382436147188,2.0648244155844155,0.1258973130136593,5.4879368616752195,5.841885119763943,7.8776582083458155,1.3484787952524084,9.596760681887176,0.49829152429369117,3024.1042254121576,3279.1136261096553,0.7247286101885465,0.12358015677045142,4119.140625,4458.984375,0.028230079973018806,0.17142638913011665,0.16923139354272798,0.6306307592817109,0.2557413693299935,7.789280038435491,0.7317718455949312
WIN-b72afe8ff9e3e40e1833,-7.196967532467693e-05,0.18193538472957144,0.18193539896438887,0.1348499964817641,1.0564382436147188,2.0049885714285716,0.1512179789300792,5.465836605040076,5.806666814827466,7.834173312342265,1.3491687334796705,9.56067496363037,0.49470789232436035,3024.9630154070082,3281.615968529899,0.7265577868988654,0.12406912963738163,4119.140625,4458.984375,0.03191768404587387,0.16908128979677384,0.16834992285081918,0.6301268956162285,0.2572922824671263,7.600509894012648,0.7384505238380784
WIN-06ef77117f462ca4aafc,-3.3400216450227698e-06,0.18089111856081086,0.18089111859164636,0.13362225327604618,1.045544217640693,1.994094545454546,0.11943940106657903,5.5084985509451085,5.779964355216259,7.824626452548365,1.3537499492438216,9.572851253567428,0.49487457288107345,3033.505032934707,3287.4777081405387,0.7325234329245026,0.1296357512576718,4119.140625,4458.984375,0.03171069058576797,0.16604092990814018,0.16927973691407178,0.6324364459450537,0.2558179701656471,7.595362506240279,0.7373640758516132
WIN-14b7f82858bbdbf77eeb,5.779660173160066e-05,0.17915278651372651,0.1791527958366267,0.13229045743205267,1.1687930488095242,2.043849350649351,0.21970770771962253,5.5611549952030375,6.524001165289365,8.83505183585148,1.3542382369286863,10.801740358578732,0.49887490624218683,3025.9612087193937,3282.7347928803824,0.7304211367011494,0.13160252868215422,4119.140625,4456.0546875,0.0315301087592436,0.16845560675833562,0.16740382745829133,0.6320408468984495,0.25336029670981486,7.684868432655464,0.731283518033773
WIN-57fcacb5f64126c65095,-3.421320346322615e-06,0.1789486006976809,0.17894860073038704,0.1318148689723124,1.1687930488095242,2.043849350649351,0.2287088027763337,5.57630705795102,6.531445588467915,8.866928730522512,1.3575752274701078,10.855449380588215,0.5017084757063088,3041.8207131312683,3294.1997584681826,0.744475611529546,0.14687028763050364,4119.140625,4458.984375,0.03024239095897939,0.16289349868400588,0.17238054454839752,0.6339584288857298,0.25306392067626976,7.500226083763549,0.7401646095362316
WIN-39974fa6f44d1515f03e,2.2106471861470234e-05,0.1797667774822438,0.17976677884149408,0.13278528534801587,1.0122117501082253,1.9129584415584417,0.11142875877582446,5.410460101527766,5.6306941506422215,7.622921074784038,1.353815510272776,9.320444011590867,0.4954579548295691,3040.2174060100024,3296.2314105160017,0.7351934116532307,0.1376191990497383,4119.140625,4458.984375,0.02943035066615815,0.1677315048217183,0.1691943805638778,0.6331099087446452,0.2542154066102761,7.251043619002352,0.7328175002308897
WIN-d484361e8fdc962b15cf,0.0001676853463203448,0.1799637538754459,0.1799638319977585,0.1337962155765332,1.0214798020562772,1.9222264935064937,0.0655333242967181,5.3680671298008455,5.6760282925256,7.634594129938919,1.3450592097911152,9.287222570134563,0.49187432286023836,3016.4281257666594,3274.937572872232,0.7284458023942856,0.12491768407978535,4119.140625,4458.984375,0.02871365798455421,0.17343879793881484,0.17144188785283032,0.6258541472216559,0.2544987162754034,7.519394461913118,0.7320365855369863
WIN-571156a292963ce10be9,0.00011169764069263877,0.17964641545338977,0.17964645017816205,0.13400789483432543,1.0214798020562772,1.8882436363636366,0.11654094029680244,5.307243455425339,5.686056145487716,7.622534502997116,1.3405661688732533,9.243753136160873,0.4934577881490124,2994.7723493836634,3256.8345517196976,0.7233133785080863,0.1194985212666549,4119.140625,4458.984375,0.02808727813570522,0.1798560354933079,0.17267524442023227,0.618857354904073,0.25405824035969415,7.528443330516265,0.7271745725573575
WIN-8271e42c86cd42bc4463,7.056049783549562e-05,0.17900938139787867,0.17900939530436677,0.13294027726275254,1.0539992825757578,1.851171428571429,0.130588274502733,5.2786566729680455,5.887955103014408,7.928366814555614,1.3465399575571324,9.648298548894784,0.4931244270355863,2995.131214928713,3259.731779641591,0.7280443645916416,0.12410273960457403,4119.140625,4458.984375,0.03114674623968253,0.17805026600708856,0.1720583174496853,0.6182342701673258,0.25315285306666885,7.1766664568205245,0.7328858249527203
WIN-57bd81b8264d6660c5d3,9.364932900432747e-05,0.17753650809703053,0.17753653279672837,0.13134597437664144,1.0539992825757578,2.032142337662338,0.031672959639111146,5.329687577506313,5.936802222991504,8.024602867122027,1.3516709106461187,9.796772976902044,0.4970414201183432,3010.6644879478536,3274.7945004761846,0.7330705137244395,0.13391621669464754,4119.140625,4473.6328125,0.034134809916247844,0.1714138384931473,0.16892281640807946,0.6250594479328183,0.2510725359554674,7.169539332261476,0.7318853102887732
WIN-dad8679918e8871ce2f0,1.3001017316015791e-05,0.1772874318517122,0.17728743232841393,0.1314946915729257,1.0658688929653681,2.0440119480519483,0.030188664210403948,5.302546013095213,6.012095042275192,8.105794083452727,1.348247828154673,9.87789236940551,0.5000416701391782,2986.4947690924064,3257.4586774245918,0.7404178756300972,0.13963544473338863,4119.140625,4458.984375,0.03485439895437177,0.1774461938036635,0.16749111231810482,0.6197214374858384,0.2507198396923914,7.1807972527881105,0.7359805571006683
WIN-f7c77baae89c17b6049f,-1.9830108225109977e-05,0.1769039486942337,0.17690394980566507,0.13063664396433983,1.107819022835498,1.9446649350649352,0.11427000227094895,5.539419838258125,6.262262793149684,8.480155255132102,1.3541678998780828,10.35505284127305,0.4942078506542212,3025.507975801362,3286.723087284296,0.7400523526809007,0.1343605148946619,4119.140625,4458.984375,0.035397892352104485,0.16481914217196314,0.16844128951564685,0.6308404277958719,0.2501760172269518,7.443902555925043,0.729385288191824
WIN-f743df3c3f350713e282,0.00011314746753246578,0.17730694607046055,0.1773069821726787,0.13069434279309167,1.107819022835498,1.964339220779221,0.11542211003059469,5.649916371905475,6.248028189608171,8.476411443308313,1.3566538411844271,10.368986209317358,0.4967913992832736,3049.844523449196,3305.716307095756,0.738226961698788,0.13395196300342407,4119.140625,4458.984375,0.032645478712279866,0.1623368080965542,0.16293246251020188,0.641567590064649,0.2507493868406624,7.532912785060874,0.7197953915733378
WIN-85ae90faabadab7d5828,-3.7482088744593504e-06,0.1419201884320049,0.14192018848150129,0.10242030732521468,0.8727410113690478,1.6451605194805197,-0.01891768686618376,5.948738542734051,6.14951981603841,8.521171573810227,1.3856645443317912,10.52880940298101,0.4967913992832736,3021.5201538646274,3297.6606943641477,0.7817034279669236,0.17376171249640143,4119.140625,4658.203125,0.04231991494180148,0.1801421574292873,0.16594104395987627,0.6108407303199849,0.20070516730859247,7.056801169731374,0.7096138283555012
WIN-bfd566badf798378011f,-9.263478896103966e-05,0.1420019758977002,0.14200200611278402,0.10259200726463746,0.8727410113690478,1.5983324675324677,0.04008308802310021,5.979464383294217,6.145976632680343,8.506910378596002,1.3841429746578968,10.49576268627473,0.4978748229019085,3013.513314292965,3290.4759813821047,0.7910275152965061,0.18511382105445753,4119.140625,4646.484375,0.04395546604333269,0.1796675522813671,0.17030929554318638,0.6053293863284481,0.20082097842530738,6.989075393077822,0.704908794331663
WIN-a7acf3397ee9375b0e93,-1.1010892857143485e-05,0.14287734419125023,0.1428773446155294,0.10344259264750633,0.790630417202381,1.5726420779220782,0.11677590869476441,5.842568242474002,5.533630396927977,7.643180598623534,1.3812235459045457,9.42427223212484,0.4972081006750563,3005.000767132645,3281.83802252496,0.7893898378002583,0.17883989054375884,4119.140625,4652.34375,0.04350663410761771,0.1796126972586288,0.17414713591538827,0.6020383840752693,0.20205752806771504,6.889234715763428,0.701345244289479
WIN-3826c922b4c105df2f7d,-6.263556818181899e-05,0.14286567735059094,0.14286569108102043,0.10379102414616523,0.8143685438365803,1.6049989610389614,0.14173465833177593,5.7000532357984115,5.700238718399117,7.846232856146478,1.3764744326874667,9.668287852800766,0.49795816318026503,3007.8268209270477,3282.7476310939733,0.7912462457417285,0.18358461276736085,4119.140625,4620.1171875,0.043611726585936046,0.17662544001962383,0.17700125203349917,0.6020677563970941,0.20204120793502162,6.637095888787397,0.7113232870159867
WIN-42e666986313bfbb88ab,-0.00010608972402597481,0.14157444693693336,0.1415744866864369,0.10349100584177218,0.8143685438365803,1.5214238961038964,0.052910847661164134,5.4226540598773685,5.752226710413678,7.868978924350225,1.3679883148640253,9.68300207390372,0.4962080173347779,2978.2543774523647,3261.1531469515985,0.812419370037919,0.20452286136074463,4119.140625,4664.0625,0.043294061283442355,0.1875802522611679,0.17857191282412843,0.5898476647759148,0.20021515892627015,6.532740647934238,0.7175783508336534
WIN-ec477fae56320663b28f,-8.232340367965462e-05,0.14120059470778762,0.14120061870606548,0.10283253202543471,0.8460750373430737,1.5614228571428572,-0.014345669153287251,5.479934023485082,5.992006586729901,8.227698187238808,1.3731123402637566,10.157501434568967,0.4952912742728561,2986.750972624951,3265.661931985282,0.8199058278241269,0.21459012660094717,4119.140625,4655.2734375,0.04269828560506914,0.18485072510851422,0.17810352615804448,0.5936144444370554,0.19968513781726868,6.519446271512929,0.7137469510408533
WIN-c99d826df9499e731fbf,-6.048115259740351e-05,0.14060120506063323,0.14060121806894865,0.10229906577676498,0.8460750373430737,1.5614228571428572,-0.025818093334045673,5.512288900478169,6.017551262764694,8.270603752932518,1.3744135100352868,10.207860547785014,0.49387448954079505,2984.704053774572,3263.3151754927226,0.8229545444788586,0.21722977068478344,4119.140625,4661.1328125,0.04141980668314643,0.18578297338166952,0.1787112457628142,0.5932498643472403,0.19883392690587146,6.477962941783876,0.7238499249338732
WIN-cdc328545af4f4423377,0.00012983910714285652,0.1411944855739851,0.14119454527245742,0.10283788555761816,0.7405493230573594,1.3915085714285715,-0.06227077712076834,5.457350871686184,5.244886207346795,7.201133308358836,1.3729818004861227,8.882545461567872,0.4967913992832736,2960.9585217397553,3244.311065151219,0.8226551608302038,0.2195980960908123,4119.140625,4652.34375,0.04291233189600786,0.189697678716736,0.18254699033764396,0.5839768620230288,0.1996788989459907,6.492114373820756,0.7213734847812389
WIN-2290f757189fbcbee4aa,0.0002915828733766227,0.1412058297570101,0.1412061308086082,0.10259735335601372,0.9031478197997835,1.652152207792208,-0.09569678007741372,5.740026038824358,6.395953310395004,8.802837405142895,1.3763135810847416,10.858225649685362,0.49854154512876075,2994.2181655288823,3270.3593532441123,0.8192730315925769,0.21341394204205588,4119.140625,4643.5546875,0.04184478688788129,0.1831709881620571,0.17587216955491858,0.598346243271893,0.19969047452093622,6.895962629168553,0.7174253293719217
WIN-cc3fd51f324cf584e730,0.00019275075216450155,0.14054762472190194,0.14054775689359486,0.10197184479537158,0.9031478197997835,1.67394025974026,-0.12415257468895481,5.805641784563021,6.42591415014263,8.856835154873258,1.37829963922155,10.925539145635518,0.4933744478706559,2967.3325642526165,3250.199481470195,0.8182360737872069,0.20689455310528693,4119.140625,4655.2734375,0.04419768055606859,0.187293179150726,0.17943940389947835,0.5882757218860744,0.1987570417543948,6.9124381915127,0.7240975118906828
WIN-de8659e3136d7a79549a,8.492157467532387e-05,0.14189452372215755,0.14189454913424893,0.10331358017934796,0.7974584139664503,1.5251636363636365,-0.14118777774139746,5.62264132340179,5.620077859413336,7.718815015164297,1.3734356014625824,9.511540131566974,0.4902908575714643,2968.1715700596965,3252.181316781336,0.8172933619138245,0.20399941531940424,4119.140625,4655.2734375,0.04481092015238122,0.18813210254110316,0.17330059514048796,0.5930140340250313,0.20066909297493948,6.57441163832155,0.726407984036798
WIN-8a9c1c6fa65078d2c247,9.596464826839738e-05,0.14193454821281476,0.1419345806545732,0.10338289841016236,0.7974584139664503,1.5947553246753248,-0.05812855556851608,5.564560655163586,5.61849276112359,7.713639549888532,1.3729019290026827,9.511253145919307,0.48845737144762064,2967.1743949564866,3255.467313266196,0.8091371995564919,0.1978866001195842,4119.140625,4664.0625,0.045995887525150464,0.1894227803617368,0.1755311297785095,0.5883784416519066,0.2007170392886635,6.494271753091261,0.7325449045500074
WIN-9e326f99a153645d35c6,4.720405844155173e-06,0.14144463794020493,0.14144463801897153,0.10292048175570258,0.7972969107088744,1.5578457142857145,0.037314869302498554,5.5959459375353875,5.636812549912982,7.746727348144689,1.3743099099879612,9.5589632772605,0.4892074339528294,2975.213222649194,3260.396020704835,0.8012157826032815,0.18995890086114267,4119.140625,4640.625,0.04489822534031594,0.18938734382558783,0.1716153473705116,0.5934017478329212,0.200032920386842,6.616452551005067,0.7286521788888359
WIN-c6091c5f9ebb00bcb9ad,-0.00016481448593073697,0.14206630736535286,0.14206640296791387,0.10360184124763439,0.7917685990205627,1.5745932467532469,0.06648570932275179,5.642645519746337,5.573229014560274,7.642418218421376,1.3712729547631133,9.407670626992743,0.4919576631385949,2973.044248326064,3258.050309167355,0.7900678686608373,0.17598941530865936,4119.140625,4661.1328125,0.04325862405282216,0.19149805949287524,0.17647587591580677,0.5879507257441127,0.2009120305815677,6.760965897938724,0.7240281149153126
WIN-230fdb831982ad274196,-0.0001998948755411265,0.14054608283447645,0.14054622498693015,0.10287219169481242,0.7917685990205627,1.5745932467532469,0.01708436466845497,5.393573941473465,5.633510249660269,7.696624189380355,1.366221742436652,9.462070608731784,0.4877073089424119,2967.6369741167846,3252.2510778896544,0.7881209601297449,0.17879757121043485,4051.7578125,4681.640625,0.04170856930491757,0.1940057943107239,0.176189253891206,0.5872760437482827,0.19876169639751917,6.465308416869464,0.7337891645233118
WIN-8dd5a29353542d2461f5,-4.675860930736145e-05,0.13262764468380234,0.13262765292630518,0.09692672055584596,0.7417743488257577,1.4806119480519482,0.061128310310670946,5.681467088737284,5.592908661607192,7.6529397111988215,1.3683291064048866,9.395447129442754,0.49104092007667305,2922.762815986038,3222.156311034339,0.790657220668695,0.18103511384829202,4119.140625,4611.328125,0.04713398668714791,0.21405169352833728,0.1693639451257799,0.5694044523157313,0.18756308168304917,7.132460043522814,0.7358182731956057
WIN-1ac7616db8fc9d99f80d,-7.491336580088548e-06,0.1333558284691694,0.13335582867958437,0.09738016928182901,0.7554325306439394,1.49427012987013,0.08236209670404114,5.741787780003905,5.6647882444895705,7.757560252846515,1.369435170032087,9.530464748616069,0.4900408367363947,2981.3933967063927,3267.4986742880205,0.7917824789344207,0.18582786225527104,4119.140625,4623.046875,0.04824876451889454,0.1905675662084959,0.17352758436458998,0.5876393759108071,0.18859359600937547,7.030607854629181,0.7422080965363762
WIN-86e44c67fde4f980e3f0,-3.0133024891777175e-05,0.13233456902971616,0.13233457246041147,0.09672642248814664,0.7564081150595238,1.4552467532467532,0.04737875295054702,5.59798817878762,5.7158768188115845,7.820077447239381,1.3681326059098309,9.61565476637816,0.4950412534377865,2930.8247937267747,3232.2185317076114,0.7973900088593525,0.1908688965334554,4119.140625,4669.921875,0.04808372256069298,0.21123505404435214,0.16951033790094047,0.571161179277921,0.18714933431446076,6.799598897306822,0.7458223357617756
WIN-0ea1ca1043aa44936435,2.3469918831167068e-05,0.13182986334685462,0.13182986543605152,0.09599368567585857,0.7843748683062771,1.4528077922077924,-0.05069202842584242,5.794949765758655,5.9499026696709665,8.171108993009195,1.3733180938570009,10.056981322293476,0.49212434369530794,2943.864740816023,3238.272832606355,0.8018542299266199,0.20136664882757035,4119.140625,4664.0625,0.04720184273602336,0.21056130572013018,0.16738391008765435,0.5748414384641373,0.1864346453917658,6.800918589980652,0.7440748972689353
WIN-d184189702c1c23867ae,0.0002680706114718594,0.13366427312754667,0.1336645419420129,0.09733622871387898,0.7843748683062771,1.4131340259740262,-0.1000996956835107,5.722447973635804,5.868234439023407,8.058406193277717,1.3732249924490934,9.913776252857541,0.488040670055838,2921.4914717529377,3222.541239622313,0.8087970591597686,0.20730616171034136,4119.140625,4661.1328125,0.04767620421873269,0.21408498881541313,0.17153068437394717,0.5666983879538476,0.1890298086543618,6.61649907553846,0.7453716009829561
WIN-5b1a9fb52dcc810feee9,0.00019473918290043086,0.1327776399298298,0.132777782737493,0.09703910906019932,0.8394953877867966,1.5069527272727274,-0.1173923962236073,5.696246298081744,6.322559169708309,8.65110362109111,1.3682914447798,10.635358625868575,0.48995749645803816,2984.3228802006397,3276.132638226864,0.8119914317669996,0.21077597490913413,4119.140625,4681.640625,0.04817210166036933,0.1949121128644265,0.16847702009981977,0.588433427119384,0.18777591471171648,7.000423432955298,0.7487021601419404
WIN-be0f658db58ac0f0ff8a,5.283229978354771e-05,0.13295220798306462,0.13295221848026445,0.09682444522799964,0.8394953877867966,1.5274400000000001,-0.12794272728271996,5.729901483856402,6.314263856417693,8.67028347852967,1.373126571144497,10.681195182403483,0.48712392699391616,2941.1822663490293,3243.6426195663526,0.8072939150920474,0.2012348804854783,4119.140625,4678.7109375,0.04815393560052578,0.20827435091719435,0.1698502353557559,0.5737178223066614,0.188022793497995,6.857595988824743,0.7501396974709102
WIN-c8ed48b34da272d4bdf6,5.081338203462978e-05,0.132302070321968,0.13230208007993963,0.09647144437958875,0.7697311057196972,1.5201231168831173,-0.059552315752781054,5.726383891466867,5.817981888484232,7.9788491886058726,1.371411829991844,9.816861933181555,0.48929077423118594,2916.3778131444165,3213.558735764275,0.7974253403433218,0.18955228618959555,4119.140625,4623.046875,0.04927340815819591,0.21179682388436002,0.17805059422242941,0.5608625349391239,0.18710308952740404,7.079073639081126,0.7502346132815366
WIN-cfd83e247fe639de1309,-9.14441017316224e-06,0.1317992493874673,0.13179924970469303,0.09630291944774802,0.7697311057196972,1.5201231168831173,0.055223401076910886,5.853514084495163,5.84017820616204,7.992811745747174,1.3685903860353474,9.809969127530564,0.4967080590049171,2917.715428466014,3216.6637497564893,0.8028097561943625,0.19588609131495702,4119.140625,4646.484375,0.04920786375886994,0.20964910571364362,0.17922516252441595,0.5618882875267415,0.18639224271739124,7.372149737790165,0.7517694998984125
WIN-92efb6dd469ce2ac10d0,0.00010312909632034395,0.13395984370346853,0.13395988340047263,0.09803481396687952,0.7585218812932901,1.4297189610389611,0.06343079646515104,5.5590679252133635,5.662306222080152,7.737270573510905,1.3664521610084732,9.49556874386987,0.49187432286023836,2976.875815212702,3269.4152940231934,0.8008534097188318,0.19687960049400138,4119.140625,4666.9921875,0.046984434110811185,0.19567071242666126,0.1716482530718218,0.5856750505028033,0.18944559875637282,6.796818464786329,0.7506082476227859
WIN-b0ec0d90db45a81fe520,0.00017300533008657757,0.1335084110882053,0.13350852318163609,0.09773933761175324,0.7616112319426407,1.4536207792207794,0.028506788578208337,5.489311671506568,5.704588844120288,7.792269218768104,1.3659650908480845,9.573451491613,0.4930410867572298,2964.59236417105,3254.777869620148,0.7949665243027833,0.19604377084733832,4119.140625,4623.046875,0.04562863841285769,0.20066209655802433,0.17468104286285518,0.5790101364345752,0.1888094033135863,6.8216609004093405,0.7449588448201271
WIN-bab8f26b2be44958d70f,-8.927613636365966e-06,0.13160955002161695,0.13160955032441518,0.09616100112353267,0.7829114916829004,1.474921038961039,0.014783663109565588,5.666601344645097,5.948743763253418,8.141673677762528,1.3686374807389443,9.999417248056956,0.49320776731394284,2930.5020305333755,3222.030798395244,0.8042271738960342,0.20448352327003574,4119.140625,4625.9765625,0.04417380730795844,0.21332465560341862,0.1741989267376802,0.5682763991997773,0.18612362605230107,6.929088775221134,0.7410606546409515
WIN-307631e7cb0fb39c919d,-0.00020255402056277254,0.13207729793926995,0.13207745325781356,0.09658899580652147,0.7829114916829004,1.438174025974026,0.02404168110390996,5.658346065630319,5.927669502748051,8.10559717633936,1.3674171902668084,9.936400098419487,0.4881240103341945,2953.365414060164,3242.478498413703,0.80687269821678,0.20630610242103922,4119.140625,4655.2734375,0.04562476184407014,0.20531334417819969,0.17525606234520785,0.573780666876229,0.1867846389179879,6.887997861241544,0.7363297513375836
WIN-580e7f428d853bf89e27,-0.00023908423701298896,0.13228266991785204,0.13228288597497326,0.0966989279208622,0.7505546085660173,1.4033781818181819,0.0064121142025659935,5.64784847241392,5.673860250541719,7.761767629652572,1.3679870999383237,9.52163283420987,0.4912076006333861,2959.3049732651907,3250.9249242939636,0.7971022572923343,0.19297840157223106,4119.140625,4640.625,0.0475454363044226,0.19947818263847603,0.1739662899223267,0.579002347120931,0.18707568952407552,6.775121005850247,0.7386205384906717
WIN-683537dfcd7db82db89e,-0.00020531817640692852,0.13306344570845813,0.13306360411232424,0.0972550502423503,0.7409613618127706,1.3937849350649354,-0.018457232261374874,5.606983978071406,5.568475066868979,7.618744321850093,1.3681922304227312,9.367235373031079,0.4953746145512126,2994.2396307464696,3279.468318249917,0.7977017863691748,0.18932868037031686,4119.140625,4669.921875,0.04798821449700888,0.1888425812443363,0.17497114510250747,0.5881879002530401,0.18817835921628676,6.615567267443082,0.7388507429405751
WIN-6bcc910060e6a2783f7c,-0.0002469515800865801,0.13709912155699086,0.13709934396918702,0.10039674255325758,0.8346415385930737,1.6358924675324678,-0.04941664325218209,5.475532981758331,6.087859463241275,8.313432461635964,1.3655756200963811,10.212201179832205,0.46637219768314025,2768.6033382998976,3092.9170487903593,0.7813118734578987,0.1882477513905757,1391.6015625,4614.2578125,0.04629562849548101,0.2732342502534215,0.1745415378649694,0.5059215288090874,0.19388742552243965,7.206215514147287,0.7390201302584127
WIN-9db033efbdf410ea51c3,-0.00016318681818181793,0.137795146928675,0.13779524355736217,0.10116020986898991,0.7541558243073594,1.4641896103896106,-0.05782169213314494,5.337992309717007,5.473017825814446,7.455063856397618,1.362148652463802,9.157093725428163,0.46420535044587047,2762.1959248578173,3090.97971960368,0.7909842171742,0.19950473624304352,1391.6015625,4614.2578125,0.048223845711723105,0.2730184806581623,0.16813977980218575,0.510611726980705,0.19487167156325055,6.775674425142322,0.752630238643945
WIN-5067f4851d1df38bb8ea,-0.00016946036796536745,0.1370538720243854,0.13705397678904804,0.10096598234285356,0.7541558243073594,1.4305319480519483,-0.096091720782711,5.30677716484269,5.502619055429855,7.469405108534256,1.3574272602260418,9.154166548219296,0.46445537128094005,2775.256162899048,3102.638098060019,0.8029197614569071,0.21203950347116624,1391.6015625,4634.765625,0.049628199750663175,0.26869118378076573,0.1643396241566328,0.5173343978801435,0.19381968551935377,6.4036678693572755,0.7523289768618601
WIN-57cbd4a80d5d75533139,-0.00020547569264069233,0.13747388795153023,0.13747404150882506,0.10098157231279581,0.8591937463852815,1.588739220779221,-0.12292107311828207,5.49085585076884,6.249861697154485,8.508421157430334,1.361377510360311,10.431858946682523,0.47045587132261024,2814.3500532294856,3132.566518647076,0.8016417905580645,0.20899740516532353,1391.6015625,4614.2578125,0.04781757316702943,0.2584894045299322,0.1642727153103414,0.529414499881502,0.1944151945886013,6.794138868000114,0.742382447919196
WIN-c7f02031e7dae0fdecb6,2.793287878787895e-05,0.13738366983688222,0.13738367267654183,0.10069848234889972,0.8591937463852815,1.5989828571428573,-0.07940494788872512,5.630562604378475,6.253972758480012,8.532340570931524,1.3643072812077852,10.463493566181905,0.46637219768314025,2774.5736781352057,3099.176722315428,0.804940162815609,0.22061022746785866,1391.6015625,4599.609375,0.04900734338313979,0.2686211696639809,0.1631277619000989,0.5192378812518775,0.19428800662202073,7.439157697082978,0.7519457449739243
WIN-b3641b72e6f4775ec2bb,0.00028013500000000037,0.13721151126477138,0.13721179723034277,0.10082202919174965,0.7646665133549785,1.4937823376623378,-0.02073689417189609,5.466894875089356,5.572891899854137,7.584319810634871,1.3609307244553057,9.29370567895006,0.45928827402283523,2767.4071652401576,3090.648735811858,0.8111346860535579,0.2339357262945467,1391.6015625,4593.75,0.047127028789988645,0.2710013248469554,0.16743556416537442,0.5144331097678134,0.1940461456481409,7.265231576154523,0.7557786416267877
WIN-dffb160c65b929775fa1,0.0003444151731601736,0.13678123299045788,0.13678166660850943,0.10058283798709958,0.7646665133549785,1.4980098701298705,-0.02587172138489929,5.435011172882158,5.590416700638569,7.602355716443889,1.3598907064512606,9.317398481503396,0.45728810734227854,2781.749561163754,3101.9793341255704,0.8098810703533192,0.23027754275665957,1391.6015625,4611.328125,0.04660643040630243,0.2692522698935677,0.16843582433094884,0.5157003874820298,0.1934360466613273,6.9142993897796705,0.7420823224079782
WIN-1b34a7d35b846363d699,0.0003007035714285721,0.13747271686105772,0.1374730457355129,0.10086020920726192,0.7551314087229438,1.4794737662337663,-0.014765220999030122,5.482845229706441,5.4929415775821475,7.486910989483527,1.3630057563300377,9.198351112253196,0.4623718643220268,2770.278616965539,3093.327671562209,0.7999308065765659,0.21426777404654213,1391.6015625,4611.328125,0.04582707352788497,0.2737887411553407,0.17260084574868786,0.5077798391698682,0.19441565937111702,6.9061663651524166,0.7461309499325791
WIN-08914e4d1f36f7fd0623,0.0003377215800865806,0.13656242616636322,0.1365628437617973,0.10041961385281387,0.7551314087229438,1.4794737662337663,0.008979496902880463,5.384206258142975,5.529552460364465,7.5197601319422365,1.359922016435943,9.227308722046276,0.46812234352862736,2784.2806976164907,3107.50809896865,0.7971241841890343,0.21216964663901616,1391.6015625,4631.8359375,0.04580247957810342,0.27262316773470785,0.16655018824517212,0.5150190033837432,0.19312705673646155,6.859386488631211,0.7445216565511481
WIN-c9757224d240ac23ec8b,0.000394210627705628,0.13685831607646157,0.13685888382309586,0.10080949220032108,0.8055366035281386,1.480937142857143,-0.009802318361287143,5.297073876611955,5.885891956882327,7.990682086955124,1.3575991787537478,9.78336743559892,0.4717059754979582,2756.553480608303,3080.364911143179,0.7805435357533573,0.19148971744721602,1391.6015625,4611.328125,0.04673361950447651,0.27736851739191903,0.1728106749789731,0.5030842561330118,0.19354312227417764,6.590722605229148,0.7482242363957479
WIN-9cbbfa0c8ae645300c76,0.0002321687662337668,0.13836591159293662,0.13836610637464786,0.10144095399950938,0.8055366035281386,1.5170337662337663,-0.01760907997364228,5.663456811148307,5.8217769121955385,7.940940732123769,1.3640063595414635,9.72461844865709,0.46828902408534046,2780.3210092311815,3096.8215781024883,0.7715601210543699,0.18089855910662625,1391.6015625,4611.328125,0.044391718094947685,0.2704607095585236,0.1769868698062877,0.5081589603317339,0.19567866540130188,6.996459215857854,0.733289899565574
WIN-a8a5f313c519707a0e89,-6.650911255411219e-05,0.13882070352361534,0.13882071945589952,0.1018996259180736,0.8269994606709958,1.5384966233766235,-0.05443855925111726,5.7213321619775,5.9573200881426,8.115824304671936,1.362328057672634,9.930697021417842,0.4698724893741145,2772.9419678961026,3090.32165615249,0.7796673849867342,0.18544068326249177,1391.6015625,4611.328125,0.04307738027939176,0.27521652273409386,0.1709703106370685,0.5107334377099974,0.19632188374265624,7.0432367153953725,0.7281133106752716
WIN-d8c2edb9471f1ca481a2,-0.00021540768398268384,0.1396206552699911,0.13962082143610247,0.10194143151127347,0.8719807990692642,1.7298737662337664,-0.11903113908552602,5.810563542862005,6.245349297433272,8.553742929971314,1.369618018551098,10.516681531904275,0.4673722810234186,2817.3751494190797,3128.671149631728,0.7891722130240314,0.19636410643365593,1391.6015625,4614.2578125,0.04277166927632275,0.26505430350664644,0.1627905973959614,0.5293803393445087,0.19745338261179096,7.260978537950401,0.7341609641397804
WIN-6ac8f82e3370980eb1d2,-0.00027329235930735867,0.13828719919941604,0.1382874692484197,0.10073591893069625,0.8719807990692642,1.7298737662337664,-0.1623606453545797,5.804281563523505,6.305566251245308,8.656106067394974,1.3727722019609032,10.663295281414802,0.4606217184765397,2794.44036629464,3109.497230106353,0.7890662564839047,0.1997846260034361,1391.6015625,4584.9609375,0.0443258688040993,0.26905847546207223,0.16654566835315585,0.520066173012104,0.19556238148782729,7.277609714641171,0.7352331926461692
WIN-1e336694d1ddc07bc2bd,-0.00031041876623376564,0.13689981797037085,0.13690016990541357,0.1004342793966775,0.8161054346969698,1.5158955844155846,-0.1200915031035146,5.422178740846329,5.961317909648091,8.125765820109443,1.3630821142584841,9.97690057233084,0.4706225518793233,2765.4824773387786,3087.121933129775,0.7855371437649797,0.19348331045604228,1391.6015625,4584.9609375,0.04719738339987852,0.2751742386289459,0.17328954042587627,0.5043344107837973,0.19360353220654672,6.6206888930244565,0.7380561850398434
WIN-f1a58f4f3ed23b97e2f0,-0.001470008011363638,0.3106677529179604,0.31067123076758874,0.2195943037696086,1.944447463617424,3.711741818181818,0.031967745367893076,6.999450412181819,6.258859112274206,8.854726330463572,1.4147508629919674,11.030954895106339,0.5462955246270522,3310.9098722810936,3390.3213088455277,0.7354232445750941,0.05077007754659826,3360.3515625,4122.0703125,0.011569737804611178,0.04392449816908581,0.09572878658223552,0.8487752529697355,0.43935053633211707,8.531557410692757,0.5897364015118948
WIN-cb72ed354d09b4f3ecad,-0.002072657556818184,0.30935300860853077,0.30935995190796356,0.218820497959113,1.8270816272916666,3.615794545454545,0.045976563564373,6.910475701078981,5.9060056610990435,8.34968224788845,1.413761301120676,10.405693276128453,0.5465455454621219,3340.1484675711918,3419.479908350871,0.7187368064438743,0.05225417624583832,3360.3515625,4122.0703125,0.011088099935036353,0.04711258040191497,0.06488160275789177,0.8769156030557848,0.4374912000986109,8.505600967929631,0.6207617245989645
WIN-a2da8eec5688b9029b80,-0.0020397505871212144,0.3133606957484439,0.3133673343257182,0.22107183457726956,1.8270816272916666,3.615794545454545,0.05093348613558648,6.8491370948578885,5.830478888992121,8.264651310182147,1.4174909930227761,10.320467306504764,0.5494624552046004,3313.7424567724097,3395.1726363332928,0.7267966443172647,0.04763221357637987,3357.421875,4122.0703125,0.011311854665790037,0.04679365414301968,0.08929602038513974,0.8525960182818223,0.4431589428774023,8.243924066007065,0.5844165434920057
WIN-766984dc5ab18ce09ac3,0.0002532591098484828,0.32573301526931814,0.3257331137244394,0.22748168659988635,1.973416554526515,3.8401509090909087,0.051260683572957814,7.146561889152758,6.0583848290902,8.675056810128407,1.4319091729609597,10.896386735529692,0.547045587132261,3341.961227875566,3418.5928376967436,0.6849936870583713,0.044604235805788824,3363.28125,4122.0703125,0.010755597688846315,0.045776241636510374,0.06084865799222862,0.8826186542666193,0.4606560446728584,8.631485441708634,0.5879192228884735
WIN-df5af39b8a314ea3f8fc,0.0019797450189393915,0.3334643944315619,0.3334702711546388,0.231546164074214,1.973416554526515,3.8401509090909087,0.03516183243363145,7.3712467307843035,5.917818544026892,8.522778005881724,1.4401891410574887,10.708411498000888,0.5447120593382782,3344.474672225286,3410.974775516813,0.7125944885716182,0.04150649497566153,3360.3515625,4119.140625,0.00892395936195512,0.0370680593503914,0.07402059118910674,0.879986873974291,0.4715898683829747,8.72100354606011,0.5579477966945199
WIN-8cb9e165024733262024,0.00204187789772727,0.3281090775348551,0.32811543094789486,0.23125741521987056,2.225047081837121,4.177507272727272,0.03814860599940274,6.792196058573119,6.781293630117872,9.621516696932773,1.4188320432212589,12.056197264385391,0.545795482956913,3308.9620356367654,3392.6585337668935,0.7206663034921043,0.05132557812374089,3363.28125,4122.0703125,0.01150679157177978,0.050708399451507895,0.07742783826026586,0.8603560215558786,0.46401630735013877,8.349790034959737,0.6043631969268565
WIN-ea8ee01bb7d4b7a3cf25,0.0012407078977272705,0.33422754036337904,0.3342298432118856,0.23241468064102586,2.225047081837121,4.181821818181818,0.025968034705574936,7.232813051884145,6.657236410872776,9.573608154573614,1.4380754360636943,12.069816829825875,0.5428785732144346,3335.8804112361877,3407.1549579988136,0.7164202729133466,0.04554693401199727,3360.3515625,4110.3515625,0.010202302183244376,0.041655179190195187,0.06579437078587623,0.8823458532157873,0.47266912038736725,8.496499138005358,0.5684007927647641
WIN-fe7d6dfecf911e3ccf77,0.0008238406249999978,0.318299598203981,0.3183006643571313,0.22490222629843112,1.9567747363446968,3.90076,0.021594115812146333,6.96004438739309,6.147567238951977,8.70055743129674,1.4152846309904954,10.841742290892133,0.5460455037919827,3296.7446231655144,3385.716257959727,0.7382737464574616,0.05347364325704319,3360.3515625,4122.0703125,0.01210027432056294,0.053718333238059045,0.08664846510532478,0.8475302566424043,0.45014359786025304,8.39981089754625,0.6259743264866607
WIN-ebb0533d30429f8136a6,0.0008624147159090887,0.31528985898517936,0.31529103846769335,0.22299414436212434,1.8567183727083332,3.603467272727273,0.023601705031026304,6.978373339647199,5.888903096409114,8.326309993525424,1.4138982858414098,10.355222239112742,0.5525460455037919,3342.879199275214,3420.308799777633,0.711921860285293,0.04841124950731362,3360.3515625,4122.0703125,0.011138330058813168,0.0447250405123451,0.06715835471512509,0.8769765123108421,0.44588718347152007,8.431458007665098,0.5947959836534907
WIN-e937ef2c89b66e754692,-2.5559829545457103e-05,0.30706859140783843,0.3070685924716153,0.21796941088326072,1.8567183727083332,3.5650472727272726,-0.0029704192130248414,6.954124787781874,6.046591602734225,8.518252011490867,1.4087691994298466,10.571918821052998,0.5547962330194183,3313.071579015289,3397.6215863655907,0.7443729390491408,0.05681269458943547,4122.0703125,4122.0703125,0.011511796985635649,0.048474204329179246,0.0926173953464232,0.8473941459097442,0.43426053367510054,8.820445730102204,0.6169537792780103
WIN-b2dfa1f429227c4b8d2f,-0.0019534083143939417,0.32467808248896385,0.32468395872410016,0.22757224472248422,1.917276172746212,3.778514545454545,0.0016360732794078287,7.353003399903694,5.905053579716608,8.424912163940876,1.426729165143198,10.53852080809349,0.5546295524627052,3373.8985673516286,3440.245992744726,0.7048837369719491,0.048334756408371586,3360.3515625,4122.0703125,0.009357850697472563,0.03563852193220579,0.0657491111011453,0.8892524943395481,0.4591641433407167,9.18482667603841,0.5945691607110996
WIN-49dbfe60afc8e26b16f0,-0.0017881543750000025,0.3213685162922074,0.3213734910659615,0.22647434308479797,1.917276172746212,3.778514545454545,0.01470104818127435,7.300054885347011,5.965881524268993,8.465754427731655,1.4190282514439694,10.554090087517896,0.5520460038336528,3332.129606719477,3403.293048572933,0.7337907262803023,0.04879799488592985,3360.3515625,4122.0703125,0.010169095842758123,0.03746960456428582,0.0923098159597149,0.8600501450178301,0.45448371368367957,9.33156373593105,0.585241341697931
WIN-7bb0c885759045a6654a,0.0006122224431818155,0.3259197826752508,0.32592035768789074,0.23038520054400566,1.9999201908901514,3.8380963636363634,0.013649486737457216,7.106324833773847,6.136223600979192,8.680766760013595,1.414675755720786,10.799020284591233,0.5507958996583049,3350.183526629084,3426.7355806964697,0.7151223258625939,0.050389242608545104,3360.3515625,4122.0703125,0.01098111621977196,0.04413350580246699,0.06628572580849415,0.8785984245405458,0.4609201421265517,8.704866554366822,0.6077364597014356
WIN-cce1986cc6e147facd2e,0.001116647594696967,0.32664480889369957,0.326646717539075,0.22939395939551455,1.9999201908901514,3.8380963636363634,0.007259407958799427,7.235517634465647,6.122578564239787,8.718277482770274,1.423955183468698,10.883321850435106,0.5487123926993916,3335.450828312258,3406.405347320763,0.725391127794595,0.048456318078396815,3357.421875,4122.0703125,0.010414418934743085,0.037334865370438536,0.09020814687700046,0.8620404852923976,0.4619454657875384,8.69164030313595,0.5845883414193863
WIN-956cec6db54c9f576589,0.0007680768371212097,0.314393469257091,0.31439440747815023,0.22372955219870264,1.8159870818371213,3.6217527272727272,0.020200393754057185,6.7074936325206345,5.776143082181107,8.11688515881066,1.4052430909865652,10.058864165807332,0.5540461705142096,3336.8425857794323,3418.371252142116,0.7107111708398849,0.05132079489671076,3360.3515625,4122.0703125,0.013033667347574706,0.04607117538067378,0.06945277273161907,0.8714412823166168,0.44461950376038684,8.240418593902929,0.6127819712845695
WIN-af90dedd3ab6bb4603ce,-0.0006492556250000016,0.28744931682742236,0.28745005005638535,0.20604473306465912,1.5718952467992426,3.1171563636363637,0.10414078397273123,6.199894751763048,5.468411804017554,7.628902828097701,1.3950856485362586,9.458508499211998,0.5671305942161847,3403.0329684846397,3463.338295579704,0.7153890135369433,0.0523627639885019,3462.890625,3946.2890625,0.0076689232281402986,0.03152673017308592,0.08547950230325434,0.8751583527731424,0.4065147202302265,7.735202857454868,0.6134596219615885
WIN-ae5f60f8b954a932da59,0.000994620435606059,0.2935332473048965,0.2935349324069768,0.20936101491330492,1.6192247532007575,3.205090909090909,0.09640927534036477,6.425475073219306,5.51629320543777,7.734127358254994,1.4020515353688257,9.599891353456405,0.5717976498041504,3400.6263629493483,3462.8921502997982,0.7165012314664405,0.05325977808234775,3843.75,3975.5859375,0.00806974534020748,0.03223842647791402,0.08935522451401781,0.870155580414366,0.4151186927201194,8.092780364332006,0.6239146519863505
WIN-541679f2292056c93c74,0.0001321564962121198,0.2952111615295318,0.29521119111062644,0.2113600927405587,1.6192247532007575,3.205090909090909,0.048347775080813116,6.3393340501380555,5.484970766533339,7.660976735001107,1.3967215252483682,9.487330260040283,0.5728810734227853,3411.7676776466205,3470.5278771300927,0.7210490560527039,0.05249718758925562,3843.75,3949.21875,0.007573300717754808,0.030121173235564316,0.08352735915425044,0.8786199597899585,0.4174916276006272,8.014412403634509,0.6170816405416912
WIN-2815b3949c9296691723,-0.0008837135037878801,0.29534888236180346,0.29535020443860066,0.2095369145498832,1.692702519526515,3.2985727272727265,0.10327885145669502,6.556835211696926,5.731170976293243,8.078302208251067,1.4095378137625427,10.072131158030393,0.5664638719893325,3412.5768465914134,3471.6195425087367,0.7196866387314269,0.05160084925617423,3462.890625,3949.21875,0.007795070687630776,0.03076814412975455,0.07960588469314211,0.8816790777553115,0.417686389323454,8.310472742460405,0.6177739031397478
WIN-12b47fd529ff613b50db,-0.00026635683712121337,0.30114745193009557,0.30114756972280865,0.2127083361298548,1.692702519526515,3.3511690909090905,0.09925683627257167,6.6637138931556485,5.620840709685762,7.9578569900767375,1.4157769986858786,9.949430099558196,0.5662138511542628,3402.706400742854,3462.486988559844,0.7197688576560165,0.05140370569399558,3462.890625,3949.21875,0.008157173118150963,0.031142686572295186,0.07909406607697873,0.8814429139690697,0.42588676901537703,8.079503843808048,0.6141975709104314
WIN-92a05a596e09faf0469e,-3.385077651515293e-05,0.2919329694388453,0.2919329714014106,0.20802028981386048,1.6584665713825757,3.265083636363636,0.05567485048824242,6.430010988611885,5.680984108836708,7.972619271219276,1.4033870045139971,9.920868224454148,0.5641303441953496,3408.120967960956,3465.6613316469447,0.7222026504977646,0.051794654866880736,3462.890625,3931.640625,0.007701455798563619,0.02969907960031518,0.07972130530265996,0.8827241548501542,0.41285542097098366,7.836126014210027,0.6017672079332677
WIN-ac28aca983a363ed75a1,-0.0009628306250000012,0.2912835895377256,0.2912851808396621,0.20713271667914773,1.6288811168371211,3.2354981818181816,0.08071110208090895,6.658994406225263,5.592049386570567,7.863948983744673,1.406273163932194,9.771424078870558,0.5653804483706976,3404.1311154831023,3464.2371566893776,0.7191313339052426,0.05196996404427094,3462.890625,3940.4296875,0.007924452387626669,0.03185325942948756,0.08045805365860062,0.8795987941000245,0.41193719849967764,8.287143455088655,0.6154707070173898
WIN-b22099acebbf932611c6,-0.0011976994128787893,0.2972479273543622,0.29725034028634484,0.21162842630686865,1.6288811168371211,3.1619454545454544,0.08258141578236432,6.590276031525554,5.479829275426634,7.696891883831756,1.4045860732051034,9.565711942097984,0.5719643303608634,3412.0137691099585,3471.353526312243,0.7078801480785243,0.04864856602758292,3462.890625,3969.7265625,0.007797693161034542,0.030155837249344446,0.08318129630032035,0.8786939220232226,0.42037204183596716,8.208926511958259,0.6151729964872366
WIN-1edb17d9e2db8860f262,0.00038858089015151307,0.2920183520073673,0.2920186105442715,0.20957902833333333,1.623258883162879,3.204269090909091,0.04536103179702209,6.291573012854942,5.558751478653536,7.745330704431727,1.393357975104386,9.609536478704388,0.5744645387115593,3412.7337200255165,3471.184150984122,0.7251843970243534,0.05195514228016776,3462.890625,3960.9375,0.007400033301002167,0.030608017773321724,0.08024519652575247,0.8815853460621019,0.4129763074148313,7.820691901501342,0.607096627270503
WIN-ad0526632af328ea078a,0.0013491493749999987,0.2962238252848423,0.2962268976146846,0.21036348456290088,1.7107825195265152,3.3540454545454543,0.07594778303557861,6.764999893738116,5.775243684137118,8.132507041671678,1.4081669080010961,10.116850115523967,0.5685473789482457,3407.8803995943126,3467.5655186584945,0.7234147116868374,0.05237986288493008,3462.890625,3943.359375,0.007654283647868305,0.03145011840447847,0.08165625222197054,0.8790732757148798,0.4189237471116935,8.059351991379286,0.6172454076918195
WIN-a12e8064cf48351cf1c4,0.0016245611931818167,0.30032785729696315,0.3003322511280722,0.21296326543320704,1.7107825195265152,3.354661818181818,0.09540751181459545,6.591447058617519,5.696299725037792,8.033228247315005,1.4102537849226255,10.024231540589223,0.5661305108759064,3403.176563418621,3462.2573167054834,0.7224067930999197,0.0526198374957545,3843.75,3940.4296875,0.007678035110757684,0.030672809822865684,0.08356155012149837,0.87792455115007,0.42472772759903465,7.623840267861286,0.6224354318843539
WIN-645dcea1edad34cd7ebc,0.001891515132575756,0.2968544507536751,0.296860476927736,0.21230308006119633,1.6678425195265152,3.3117218181818178,0.05760901834933442,6.166753415094112,5.618270700032918,7.855950648657117,1.3982862464396075,9.780635585088216,0.5663805317109759,3416.6686018733835,3471.6518895499653,0.7187822864574868,0.04840152525287149,3462.890625,3919.921875,0.007326836205191945,0.02794911289837703,0.07670471493903103,0.8878706615018856,0.4198155893036195,7.374669386963358,0.6092160129772239
WIN-93a655c71ace7cf36461,0.0007411922537878776,0.30240019266064794,0.30240110100188805,0.21454045113455178,1.7362588831628787,3.3747963636363636,0.05889495640387391,6.529206754488131,5.741575931452369,8.092920817370095,1.40952952881983,10.087256714150344,0.5649637469789149,3405.474484578691,3464.111472929545,0.7199230189144943,0.05042798231050726,3462.890625,3919.921875,0.007612695945536368,0.031013600839560507,0.079653996405883,0.8815593801373953,0.4276584325301419,7.797522503410783,0.6151228313971879
WIN-ea175eb069f7f0e8a1dc,-0.0012359139583333347,0.30195195922903106,0.30195448856667595,0.2153379541729072,1.7362588831628787,3.3747963636363636,0.08243405799461771,6.275804060663958,5.75006813576059,8.062948725521345,1.4022353361953888,10.03069760078347,0.5673806150512543,3406.08692998521,3465.8353267397138,0.7078753064417753,0.050739091989170225,3843.75,3952.1484375,0.007569069362891286,0.03096590886458429,0.08392601962399118,0.8773781022548462,0.42702446962335167,7.4093953964874135,0.612071018519224
WIN-02e858828f8d6253d825,-0.0010080477462121225,0.2926117168951911,0.29261345325293936,0.20954367603899937,1.5172443377083333,2.9801181818181814,0.03819638574489103,6.181384141215124,5.185148942525278,7.240706884509889,1.3964318025855524,8.979767669514127,0.5669639136594716,3401.8892438155704,3460.7487191684886,0.7138896522768211,0.05082606047817291,3462.890625,3946.2890625,0.007549467646200681,0.031409312618006474,0.08117257517933282,0.8797146424120101,0.41381545841324263,7.445960454464103,0.6118359199101165
WIN-ade818bd37afd0fa0740,0.0007350371780302978,0.2897211697997429,0.28972210221138556,0.20836568440610162,1.4981795683901513,2.9819672727272724,0.07512076466911037,5.8300317419945085,5.17109173566567,7.19014540543553,1.3904501743450761,8.9305880355517,0.5556296358029836,3363.730037791685,3424.611521843903,0.716143517766093,0.05492478879497136,3424.8046875,3890.625,0.00869205116559724,0.032853206652446454,0.08993851179190927,0.8685094653601119,0.40972760762729843,6.625971634651226,0.6007175200922001
WIN-067e8414e36b441ec9ad,0.001736217178030298,0.2967914449759857,0.2967965233304171,0.2115892395972317,1.5269432047537879,3.0456581818181814,0.04426281825616414,6.150576331625915,5.144747612318661,7.216544696002343,1.4027014034077445,8.985321369753999,0.5586298858238187,3371.216734375233,3431.9631736058113,0.7145910353976314,0.05317646754151879,3366.2109375,3902.34375,0.008531405786988274,0.03250599880801865,0.08701712919688522,0.8719374734367417,0.4197264677756707,6.73662532584466,0.6045138394810848
WIN-82fc40b80dc0401d1d59,0.003259799602272722,0.2932299891299102,0.2932481079539546,0.20915445454371528,1.5269432047537879,3.0456581818181814,0.05957484506106232,6.157722489520375,5.207001045641322,7.3005531155318595,1.4020648452948004,9.082523560252138,0.5604633719476623,3368.8871151690396,3428.6893413323965,0.7142970991937775,0.052206412865125784,3366.2109375,3890.625,0.008308276789287571,0.032514144264946754,0.0857303842780378,0.8734410343530833,0.4146898123585764,6.7776423693896,0.5933287011125106
WIN-257b647f86237e701c07,0.0015863038446969648,0.28662617639167937,0.28663056597788344,0.20650152850465592,1.5031004316098482,2.944369090909091,0.08172797005127083,5.8208174666738195,5.244033993641084,7.278882836785779,1.388031207575458,9.03071622958045,0.5605467122260188,3370.6604996844903,3430.553307609773,0.7086730380575316,0.0534397500110262,3424.8046875,3887.6953125,0.008263750815501163,0.03292017228341152,0.08580555358044875,0.8730018455081641,0.40535062452342385,6.644875802474269,0.5982604340855948
WIN-681f97c80b2d7a4390c4,0.0007880958143939342,0.29001311669528224,0.290014187498343,0.2074970498359722,1.427503204753788,2.8247945454545453,0.04921748634931647,6.027318841900898,4.9221840388654154,6.879631329097735,1.3976786066414124,8.572729839672927,0.5615467955662972,3370.2285153831785,3430.7942027763124,0.7231523254821653,0.05659407872775775,3366.2109375,3893.5546875,0.00832966928198992,0.03256072811273532,0.08925279436706515,0.8698497324880757,0.4101404776407798,6.886996854484572,0.6058905942942086
WIN-ffd41a97997930c06560,0.0015571635416666621,0.31163876406340224,0.3116426543739807,0.22002047953433082,2.2791022497916664,4.303039999999999,0.035384464897285486,6.849772087292378,7.313190982673897,10.35859141205848,1.416425666520453,12.966948815273419,0.5582965247103925,3363.361681507477,3418.116761602843,0.7323033370507539,0.05581824718105962,3366.2109375,3896.484375,0.006928787182720436,0.02708247871883447,0.1017630334109811,0.8642185417168132,0.4407237552093432,8.389466618950754,0.652867564525899
WIN-01ddea71fe80693dcd0c,0.000508163996212116,0.3102432201450587,0.31024363631930046,0.2205619644137468,2.2791022497916664,4.303039999999999,0.07362615329015029,6.654608771019182,7.346169213407121,10.333160823259721,1.4066053371555731,12.879499571657984,0.5567130594216184,3369.178346579906,3427.824261229005,0.720017766815479,0.05435853329515129,3568.359375,3914.0625,0.007694190274430532,0.030699412498878833,0.09610719183207216,0.8654914098488561,0.4387501608848172,8.377046586511945,0.6275886023083876
WIN-f7c97c65fdb4734fcde1,-0.0007584119128787927,0.2932759670382535,0.2932769476635563,0.21000341676014833,1.5772695225189393,3.1138690909090907,0.0802496052123206,5.9654379770821855,5.378088987488323,7.510685049057458,1.3965341716183637,9.343623401739325,0.5590465872156013,3369.47785998949,3430.2073719759137,0.7152651668780972,0.0538593784732661,3366.2109375,3905.2734375,0.008699765369135368,0.032622758526893655,0.08585494313505997,0.8728140651138918,0.4147548443014666,6.697226636614739,0.6053815927858416
WIN-a08c9311a67a450e72fc,-0.0009883840340909138,0.29224128836216623,0.29224295975536796,0.20875358752988635,1.5772695225189393,2.99902,0.03210164467738206,6.032069219804269,5.397117261041464,7.555652294050145,1.3999422151829073,9.405408390002098,0.558379864988749,3369.9416225472805,3428.7949657108315,0.703570685650344,0.05133467468622595,3366.2109375,3893.5546875,0.008493583965713007,0.0313957631212565,0.0862969266752594,0.8738071673325685,0.4132915929365843,6.8284612957653,0.5979605836156923
WIN-ba515142a0007c4b2629,-0.00195319857954546,0.28830133681395315,0.28830795305264056,0.20756481832117107,1.5507658861553029,2.9667636363636363,0.03874276646273544,5.646080480300372,5.3788522644978105,7.471236689776041,1.3890020254065614,9.286268017699921,0.5559629969164097,3363.8414770985473,3424.536008973815,0.7089315782681205,0.052015266711638614,3366.2109375,3902.34375,0.00846442724592354,0.033445882577611837,0.08839800340610628,0.8696838152907721,0.407719657532638,6.375602703223031,0.6009150894683716
WIN-3162e5c6e8dc56508eb5,-0.0017224388825757627,0.2897845997090835,0.2897897186310411,0.20774921034612373,1.4899513407007574,2.9236181818181817,0.08086678117874437,5.795347327018455,5.141491381178416,7.171874868796032,1.3949016612233451,8.932405077854261,0.5589632469372448,3372.975668290257,3435.046501559991,0.7199908827487742,0.055699533205088476,3568.359375,3919.921875,0.008867244503077566,0.033361220640731125,0.0861275416242663,0.8716358073983318,0.4098173075222321,6.6779938932565175,0.6055615262405782
WIN-4efa088d6b62e83b982a,-0.0015212475189393985,0.29054335787409774,0.290547340374628,0.20784600987177082,1.5450131588825757,3.0066218181818183,0.050560133300367835,6.025926087545289,5.317595256198657,7.43345113927531,1.3978971285158723,9.240780378151824,0.5604633719476623,3373.4568275637534,3435.701590983421,0.711503633946434,0.05285444761914347,3424.8046875,3928.7109375,0.008626829616319063,0.03366567968066675,0.08830708723258757,0.8693921917320072,0.41089035630708276,7.160290894348137,0.6062946944359972
WIN-ac9006c3212e10886f49,-0.002745362821969702,0.28992417338981963,0.28993717135406155,0.2099078561189899,1.5450131588825757,3.0066218181818183,0.03320820910451609,5.693795919865612,5.328786066518283,7.360435133020451,1.3812592663912702,9.091695262627189,0.5579631635969664,3372.6320051356106,3432.254172111779,0.707350544582674,0.05225374300696199,3424.8046875,3899.4140625,0.008082987325643162,0.03219323642135206,0.09167102598503293,0.8680458551237923,0.4100146869373627,6.618430845916725,0.6126748148443795
WIN-4ea6f053c047ef8704fa,-0.002897108125000005,0.2931507725461993,0.29316508775760025,0.21196204127189394,1.4996077043371212,2.949710909090909,0.06784916346671858,5.675773381497672,5.115232907855445,7.074888009813168,1.383101832748252,8.749261669674144,0.5609634136178014,3367.434386594064,3428.9670658830687,0.7124548367818665,0.053185263330238285,3568.359375,3893.5546875,0.00837290381948156,0.03414765531187886,0.08913149941406517,0.8683402018268723,0.4145777941397082,6.389469090723888,0.60627598042468
WIN-3f93669f64da8cfeb4f1,0.0001650891477272681,0.2944671759850085,0.29446722226253413,0.21088444222685607,1.4996077043371212,2.949710909090909,0.07464156919122723,5.802965796761359,5.092613340153166,7.111040001314215,1.3963439841824306,8.855224500606043,0.5615467955662972,3363.7912261471856,3426.0308077628174,0.7176784743011081,0.055462092409857576,3568.359375,3902.34375,0.008508396117628447,0.03419405530262903,0.08997015576500392,0.8673208255793108,0.4164394680727993,6.553951924368851,0.6080147603412663
WIN-7cfe75c680335acb71fc,-0.00025507181818182074,0.28752041666577655,0.2875205298083846,0.20648812163,1.5928128672727273,3.0397,0.07576783136439084,5.878811883443347,5.539823080907311,7.713823219909608,1.392431329886335,9.589893379637525,0.5447953996166347,3316.979600832614,3385.9037661823654,0.723826638353923,0.05681841435803323,3383.7890625,3893.5546875,0.01025422345697077,0.03907957719044721,0.11577938255239441,0.8348835980857267,0.40661527120781993,6.647087092011358,0.6282764637928452
WIN-da1b2290cde4e3240e8d,-0.00016145303030303315,0.2891565248019734,0.2891565698763133,0.2070900040081818,1.5928128672727273,3.0507945454545453,0.07781619187481766,6.087992550530494,5.5084789114373045,7.691403913450628,1.396284534638827,9.55499974778594,0.5464622051837653,3305.419039683485,3378.392215592526,0.724793648191228,0.0595892174924223,3383.7890625,3899.4140625,0.01080914659636854,0.042741673308966735,0.11807774491792769,0.8283671437005105,0.4089290737879514,7.014607303192042,0.6337293188743957
WIN-bf01017e9d620164e839,0.0006691825757575728,0.2851528754876932,0.2851536606887935,0.2069467877739394,1.5116583218181816,2.9696399999999996,0.054327599646547514,5.674731351874608,5.3012060871371744,7.304574949296404,1.3779081267929914,9.006995258901865,0.5480456704725394,3295.0144832929527,3370.4861488848637,0.7303313128803371,0.06219813878323944,3383.7890625,3887.6953125,0.01182364207197887,0.04326162556536788,0.12187573691416825,0.8230363108763235,0.40326706320101036,6.766935747508905,0.6381746131109546
WIN-648a6afb261a5ec06b8d,0.0012179003030303006,0.28544626403167267,0.28544886219914684,0.20521773755242423,1.4463237763636363,2.8404090909090907,0.0931345745529836,5.804071551266829,5.066840222153432,7.047752273300039,1.390956091818506,8.749562080853629,0.5456288024002001,3302.6717417787995,3375.8335653924014,0.7276931413367075,0.06090399567357859,3383.7890625,3887.6953125,0.010949731127724521,0.041807883318858055,0.11930872687062449,0.8279311338870078,0.40368197266291034,6.840644486819884,0.6336270122639548
WIN-8eb23f44087b49271219,-0.0008989321212121239,0.28955292614142847,0.28955432152883176,0.20756858664181818,1.4463237763636363,2.872665454545454,0.08837932953539614,5.881546405510173,4.994999793897487,6.967931900275714,1.3949814189711363,8.674653240904528,0.5457121426785565,3295.8482266927813,3371.4338028360753,0.734916623203614,0.06328418494762995,3383.7890625,3893.5546875,0.01124320480757124,0.0441141007910889,0.12335494209412695,0.8212845938535661,0.4094896731703562,6.8015142090882685,0.6305042398547273
WIN-576502aab2e9e4c4775a,-0.002508582878787881,0.2858327775671028,0.285843785518917,0.2072502956039394,1.426341678181818,2.8237672727272725,0.037453369397038916,5.606643041088148,4.989934189359641,6.882217822746613,1.3792201583335375,8.508684043849657,0.5473789482456871,3306.1699076001337,3378.1920282273354,0.7207081440539888,0.058284643384024906,3383.7890625,3884.765625,0.010464420396870084,0.04205539902188155,0.119594460064919,0.8278825572878019,0.40422857923950717,6.630418338357629,0.6316711346383325
WIN-ff4ea363627c75a13ff7,-0.001053040151515154,0.2835133407384602,0.28351529636025447,0.20412192196999998,1.4341489509090908,2.852941818181818,0.04419567832138952,5.9260906727784555,5.058453527254142,7.0259428142796105,1.388950748761488,8.698142102301151,0.5437119759979998,3303.8949849330006,3378.2693875355403,0.7228065430910768,0.05823908149222385,3383.7890625,3899.4140625,0.010770264651020288,0.04434710637613761,0.11605712551002842,0.8288225043445251,0.4009484080070352,6.980119734042858,0.6377048747164977
WIN-fe77534eb996ee41b69b,0.00012275909090908767,0.28709605097730534,0.2870960772225178,0.20712501401060604,1.4341489509090908,2.852941818181818,0.09400025663538171,5.695304931369258,4.995362405431052,6.9240741286261525,1.386100460113575,8.578690164582946,0.5473789482456871,3303.3637509124574,3377.1193465535125,0.7238457561651603,0.059615990653601555,3383.7890625,3902.34375,0.010448294187743934,0.043587266076542765,0.12066270154109096,0.8253002393133394,0.40601511629307324,6.580883364712888,0.6422525705146871
WIN-a1f094216dd6a49cd973,0.0003401299999999976,0.28300781220536103,0.28300801659614133,0.20466135007000003,1.5052362236363634,2.959778181818182,0.10328763407741473,5.694081905868382,5.3187052498906775,7.354765436239792,1.3828112464711177,9.096625937797008,0.5475456288024002,3297.4538156164645,3371.748400132767,0.7334759261287445,0.06133349181513117,3383.7890625,3896.484375,0.01153731587102115,0.04275249536716235,0.12223319852727571,0.8234751828479789,0.4002334838520695,6.922800665850537,0.6361365501767801
WIN-bd4fdc3c59effa9f13f6,0.0007499262121212095,0.2858597565177944,0.2858607401965795,0.2043250784036363,1.6796671327272727,3.224403636363636,0.05152900780578939,6.130944228813644,5.87582307233351,8.220562771060997,1.3990487238696836,10.19779677286891,0.5423785315442954,3304.3006407333496,3378.010266425457,0.7287799924257999,0.05944625443869081,3383.7890625,3899.4140625,0.010748495595089707,0.04336459759906047,0.11491791575483455,0.8309666933641252,0.4042667429173056,7.288009378481327,0.6276708467847466
WIN-00154dd47f4b27756990,-0.0005293878787878819,0.2855862235491291,0.28558671420880094,0.20505922440545452,1.6796671327272727,3.224403636363636,0.05574743126572198,5.817545794123477,5.881461038461813,8.191131794188152,1.3927035715434595,10.16002238392357,0.5465455454621219,3302.047607979033,3375.0407653179846,0.7249553759152143,0.05888512726879975,3383.7890625,3899.4140625,0.010582450538810071,0.04266978786697662,0.12019060908441252,0.8265559043360323,0.40387990192785095,6.698235942808586,0.6342042479445263
WIN-9805925649c8dcb8c2ca,-0.001533290151515154,0.2817881776140615,0.28179234911853557,0.20269870802909087,1.5317928672727275,3.0043618181818186,0.08890997602846412,5.894058825333916,5.435892323048647,7.556993737943958,1.3902029857866836,9.358370711249364,0.5475456288024002,3297.7833357018044,3371.022095848716,0.7262036720165267,0.06134717230121627,3383.7890625,3902.34375,0.010505570204514215,0.04248002123811312,0.12709751235460406,0.8199133934945256,0.39850866238409743,6.937410208844615,0.6331292092470787
WIN-9439f1aa6712cf6d7c0e,-0.0007103419696969716,0.2851044396075163,0.2851053245199567,0.20362701402090905,1.527889230909091,2.999430909090909,0.07880000540829675,6.186423383255941,5.359034362042522,7.503371977672369,1.4001350748544643,9.315303277338897,0.5417951495957997,3278.6562258592335,3357.1971737136464,0.7275663142739612,0.06179284513558249,3380.859375,3902.34375,0.011316722091008887,0.04744107390142762,0.12804256347271692,0.8131979966069218,0.4031985636684818,7.115852596053106,0.640512644029768
WIN-b98a836d1a68b385c13b,0.0008423978787878761,0.28442846340757744,0.284429710878772,0.20510505946545451,1.471541678181818,2.8915672727272725,0.06427618160374457,5.712855191811582,5.173656695814864,7.17457522505676,1.3867513147587236,8.895470690695635,0.5414617884823736,3285.914805772242,3362.8556782131186,0.7265445168458557,0.06101610738496816,3380.859375,3887.6953125,0.011523367226416349,0.04514247573444279,0.1263826246540608,0.8169490702042602,0.4022425840788963,6.513031317666475,0.6432771441640104
WIN-46747e8a8dc1c5a79865,0.0024374613636363607,0.2820819870236601,0.2820925178396541,0.20397318054939392,1.4440637763636364,2.86342,0.09673972216107887,5.797682804165619,5.119114067319383,7.07967475168562,1.3829882785494925,8.753737669068187,0.5417118093174431,3292.4104849030164,3367.608119258679,0.7214862483190234,0.05907699171047057,3383.7890625,3884.765625,0.011878348658327003,0.04341449136651916,0.12073070199689483,0.8239734762547891,0.39892417114710915,6.907535706506963,0.6322457001862702
WIN-fa6c8cafed1699d7517f,-0.0001012813299200821,0.11444209606741268,0.11444214088442553,0.09163223847152849,0.5485916525462039,1.082022977022977,0.0018181005248971475,3.046551153606088,4.793615780881186,5.986884765569409,1.248928791789098,7.042377603646246,0.4822068505708809,2829.2622393359848,3057.41408983706,0.711239054467554,0.06198400602443884,4122.0703125,4122.0703125,0.05683237587253208,0.15820791677919535,0.08158494974781275,0.7033728405904278,0.16184556427206562,3.860461932276182,0.8716767540962286
WIN-748be3b276d7164e9abc,-8.473095029970245e-05,0.11839684078582387,0.11839687110476214,0.09452071258310628,0.5089664293718782,0.9948515484515486,-0.05351889328916352,3.010375303753672,4.298816553329574,5.384707916997456,1.2526023965319815,6.352968280713275,0.45595466288857406,2618.480443535031,2898.4085454645087,0.6842918088132331,0.05804944351235258,1107.421875,4122.0703125,0.052479119471211054,0.26106197968782524,0.06930713928754569,0.6171459767989395,0.1674384178286715,3.470120058518468,0.8726021727913178
WIN-8bc0f9ecea59ddc8639a,0.00010597602272727062,0.12116702707936645,0.12116707342413334,0.0967912512093413,0.5089664293718782,0.9948515484515486,-0.10274037131218283,3.0186175304643776,4.200534146649652,5.258392912659233,1.2518391064169618,6.1985553880871915,0.45062088507375614,2540.6924121368525,2825.3229437111645,0.6820424631820943,0.05884403550212576,1107.421875,4122.0703125,0.04411710729894783,0.2979504294421966,0.07426971994975853,0.5836609154504511,0.17135605299259346,3.5110122912773654,0.8639738298564242
WIN-5fd668811bc1cd1d4aa5,0.00019236175699300555,0.1316391360201626,0.13163927656736962,0.10487045277617196,0.5626916641371129,1.1114865134865135,-0.0689391422909689,3.02660812013481,4.274496782461936,5.365588201785648,1.2552561096219912,6.340571212747875,0.42845237103091927,2601.795614858266,2877.0541807623567,0.6901307740665821,0.05866189513442773,1107.421875,4122.0703125,0.04696882826979358,0.26578555356322847,0.07882423194885704,0.6084171261040758,0.1861658514324081,3.503919551423185,0.8702285871520754
WIN-d946fc2423b4c37de0ba,0.00013955090784215722,0.15117427425534602,0.15117433866594707,0.12225413108923766,0.5626916641371129,1.1114865134865135,-0.09943430324936073,2.7342913498400865,3.7221374282098343,4.60263926559489,1.2365581213314005,5.395588410190966,0.3545295441286774,2088.896991873396,2407.5159512180576,0.5562832013635792,0.039849720298118244,1107.421875,4119.140625,0.02821107636313649,0.5020581924411597,0.08460799851113478,0.38511645315025145,0.21379270289702157,3.052523213102681,0.8165900810923249
WIN-c40afc9071dd90c1dd08,-4.165661463536589e-05,0.1431989619718757,0.14319896803083548,0.11545772910762928,0.5258724033978522,1.0013944855144856,-0.11901331256014935,2.810608761339963,3.6723197843223434,4.554674749432159,1.2402718218726236,5.342119689601292,0.3777814817901492,2028.7073641235831,2353.9083744665963,0.5375494650073264,0.0387236647420259,1107.421875,4119.140625,0.03036186360262066,0.5294461683292001,0.07638928759695837,0.3637976722861386,0.20251389085785584,3.1201598403111386,0.8112781348041997
WIN-99e8592999abd62a92ed,-0.00029647217907093103,0.11687105919726251,0.11687143523394841,0.09365873296432756,0.4462617424562938,0.8817522077922079,-0.06070990212633865,2.9385327580153264,3.818398752091707,4.764763822093341,1.2478434368444231,5.603916796665365,0.46745562130177515,2664.7237184827154,2929.321488101842,0.6968236098844792,0.058625610516907505,1107.421875,4122.0703125,0.052407992243119234,0.2331555164244798,0.0765325281949918,0.6378987687452392,0.16528063373938592,3.1719751529941242,0.8797052151770922
WIN-74dc12ae699664545810,-0.00038403645479520695,0.11013517855345603,0.11013584811041431,0.0881420299663318,0.4659718323663837,0.8606197402597404,-0.03254388685261761,2.994322580693212,4.230882499719826,5.286602005185125,1.2495270207781022,6.220545473103543,0.4870405867155596,2808.7615277345144,3049.1023349593124,0.708499613374163,0.06533966561721964,4122.0703125,4122.0703125,0.06040441874311872,0.16372456000918748,0.07224727494107538,0.7036155475840397,0.1557546612291871,3.338616497322211,0.8805608241692585
WIN-9a56271c78fb4a9291b4,-0.00015080039085914283,0.11418736986433851,0.11418746944079779,0.09110840080598902,0.47548144275599413,0.8793138461538463,-0.049216757952923816,3.0268103571746283,4.16404221128966,5.218854008460649,1.2533143862628127,6.155205905366842,0.4619551629302442,2673.0302213897376,2948.1336176747964,0.7060536235021013,0.061601734382286395,4122.0703125,4122.0703125,0.056750339984624705,0.2325438305901841,0.06937072191787177,0.6413301751128047,0.16148532698144671,3.3656030578991327,0.8771235564675054
WIN-a08c283a0089fd3a3c77,0.00020707997877122681,0.11647913035199998,0.11647931442825293,0.09273064541866823,0.5225399758254247,0.9980214185814188,-0.07009212844536006,3.049298170474328,4.486118229540271,5.635030075123295,1.2561037821003627,6.660070677603004,0.443203600300025,2487.301402699969,2791.604456612288,0.671885443886254,0.05708993059819813,1107.421875,4122.0703125,0.047562211043460166,0.3214749818954724,0.0675759498210246,0.5633802934399118,0.16472636566723378,3.4201585259308667,0.8684188160205665
WIN-ebe16bfdb825565c17b5,0.0003063890297202778,0.11974885141747325,0.11974924337982942,0.09516679144501874,0.572607668133117,1.0445534865134867,-0.06843114742405013,3.129429984504107,4.781722639466675,6.016885296147827,1.258309138726764,7.116898839047451,0.4413701141761813,2566.9153591852587,2861.0819764110847,0.6924636562353926,0.06225265136764658,1107.421875,4122.0703125,0.05232577254393348,0.2802601543258413,0.07624623255236755,0.5911608751291271,0.16935044951611145,3.6811540619248606,0.8754877524331409
WIN-85ab41149290cae6fc68,0.00010558656218781112,0.15011718631700877,0.15011722344973488,0.11837737438456357,0.6730681676336164,1.3316299300699304,-0.13365537049369736,3.660160081142646,4.483617217011093,5.685783885030135,1.268124286663027,6.730878047855049,0.3853654471205934,2330.6750490389327,2628.2140594677644,0.6141000986431132,0.05059121170328986,1107.421875,4119.140625,0.03107597920154876,0.39771488856413356,0.07311486410006776,0.49808907850345646,0.21229776056455968,7.619389426918549,0.7957215111628343
WIN-fcc50a408ff847057e1f,5.0452496253745485e-05,0.15697965791199064,0.15697966601958352,0.1251970904269724,0.6730681676336164,1.3316299300699304,-0.14113077286982464,3.3860768543745063,4.287613706257741,5.376068767515341,1.2538603371928683,6.320984845149933,0.34394532877739814,2072.6461894920844,2381.893160377074,0.5332293374135554,0.03998071494652141,1107.421875,4119.140625,0.02328230630180183,0.5167138820896177,0.07649828510009438,0.3834974488978749,0.22200276116456005,6.9464230265477145,0.7976567255187507
WIN-eb08ea4539f25f0f13aa,0.00010829246628371449,0.12473901764460708,0.1247390646517756,0.09930624744614386,0.535993450748002,1.0712941858141858,-0.08314076847732675,3.1275782396168292,4.29691734694337,5.397378961814931,1.2561049063722647,6.3667747568234985,0.42595216268022335,2375.733653564985,2686.0559159500613,0.6315372140646945,0.051083929633772146,1107.421875,4122.0703125,0.046038406829768626,0.3670917797241453,0.07022028116444402,0.5166419059484897,0.17640760900606772,3.877347201949784,0.8323175562155617
WIN-d3143590034485211717,-5.381455669330858e-05,0.11008514090813608,0.11008515406162034,0.0882481271779608,0.443821534266983,0.8577749850149852,-0.014903353785642746,2.95981525165096,4.0316202311396285,5.0292459279837765,1.2474503151593872,5.9108285871375905,0.49254104508709057,2839.143357141004,3072.9083267491233,0.7172185963006436,0.06477578933285663,4122.0703125,4122.0703125,0.0606870486235318,0.1531042428933291,0.07732867254330514,0.7088720563339621,0.15568389580437111,3.2615120860000832,0.8744966318386748
WIN-7718500823160a4ed834,-1.4696433982686108e-05,0.15752950647505326,0.15752950716059202,0.12323439246753969,0.7460962927976191,1.4419137662337662,-0.1106769419344277,3.7426634768654843,4.736232000220008,6.054286290153042,1.2782917496088397,7.207641251009711,0.45512126010500875,2507.7885370399267,2758.2017699884964,0.6411558021919583,0.039013351329322134,3471.6796875,3500.9765625,0.02658957820908525,0.3197611967216957,0.06263663590277554,0.5909988875636278,0.2227803643393027,5.691615013623013,0.7666443877691147
WIN-b8cdede8b847e897b910,-2.8205568181820026e-05,0.16298474665302765,0.16298474909360594,0.12353945390398088,1.5034749940963206,2.908867532467533,-0.08235486368725392,7.544665298190496,9.2246360622589,12.169998705455692,1.3192930998299863,14.6067979655083,0.447453954496208,2586.6844795518077,2819.9373644496286,0.6470092862506049,0.036938875836397066,3471.6796875,3486.328125,0.024138444523677274,0.2902117844558507,0.058148714316009,0.627491445509386,0.23049523764823832,22.356136396153204,0.7193282193109712
WIN-ca8f05b4736b05a7abca,4.910102813849561e-06,0.17381124375963936,0.17381124382899366,0.1309014728256656,1.5034749940963206,2.908867532467533,-0.07342125520387023,6.6958671431108625,8.650044502108752,11.485546813420203,1.3278020489436921,13.872518974097128,0.43803650304192016,2605.560446322091,2833.038228920859,0.6450389216609508,0.03492387291404564,3471.6796875,3474.609375,0.02234580509609714,0.2850093843581631,0.05531041425319566,0.6373243025416155,0.24580621736290925,16.894013996780494,0.7204585019551921
WIN-1c99fd92750e4cd5b69c,6.894637987012594e-05,0.19674194949534293,0.1967419615761502,0.13919967184967266,2.13825525383658,4.244280000000001,0.009210127497753559,17.165499414549128,10.868323344423334,15.361065334481586,1.4133794926413792,18.79224810981602,0.4452037669805817,2469.8177973113825,2718.8575819614052,0.6281278804700807,0.03602491645963944,1092.7734375,3474.609375,0.020875690494592477,0.33909912624533656,0.07230016700180182,0.5677160055910992,0.2782351309593222,43.70354977121017,0.7288545398220376
WIN-cd5cee30908fa9dd322b,5.0694821428567885e-05,0.19504682307614893,0.19504682966422054,0.1385690829673431,2.13825525383658,4.244280000000001,-0.0014316426817760459,17.607617904847288,10.962778823458414,15.430969217896006,1.4075782669989965,18.809567327990003,0.45345445453787814,2827.1274798460076,2986.7888802040056,0.6932113841150552,0.04022054998043989,1092.7734375,3480.46875,0.013842786962950063,0.18865648554819966,0.06688775109455287,0.7306078043194406,0.27583785907996156,46.265064272208264,0.6615120916272423
WIN-afc638373581bdc53f82,-6.233747294372652e-05,0.1672681398456041,0.16726815146156512,0.13057128277843885,0.8392283825270562,1.6612576623376625,-0.14490979060323061,3.4776455662775816,5.017263449072532,6.427358027451424,1.2810485422289575,7.685937999982589,0.4509542461871823,2521.7107977233477,2770.725989811259,0.6285373662035219,0.03566331524291019,3471.6796875,3492.1875,0.0245473280746966,0.3178978569331599,0.06493705608222386,0.5926092536651699,0.23655287015533358,4.492008104748176,0.7396679293475831
WIN-8cabc3cb4a6808623153,-7.770292748918061e-05,0.1655168741403374,0.165516892379398,0.1288459000944553,0.7669087603300867,1.4541085714285715,-0.1319593869523902,3.583933262336887,4.633416863383008,5.9521394143075055,1.2846112468986213,7.121288623543844,0.44862071839319945,2480.0540455052565,2739.386482932167,0.6225080428078963,0.03597112519035665,3471.6796875,3492.1875,0.026463645045331427,0.3351406988445461,0.06400124506355905,0.5743802364447295,0.234076206398047,4.748123405950085,0.7484292171932585
WIN-417a6c5dddcd5efa5b3b,-1.662050324675544e-05,0.15953707074166115,0.1595370716074196,0.12470558905943004,0.7669087603300867,1.4541085714285715,-0.10899659744797198,3.6822370385181977,4.807088111861852,6.1497545226979105,1.2793097150610535,7.3240136451051585,0.4563713642803567,2523.5426185442275,2771.9958932511977,0.6329788555595562,0.03682569960447368,3471.6796875,3492.1875,0.02528629218310571,0.3158938505200129,0.06764092412913052,0.591160017400124,0.22561947348377448,5.514725147579367,0.7466287137782712
WIN-62e1ec01435b9a7e2987,-1.640370670995878e-05,0.15956563131709572,0.15956563216026476,0.1253819477685976,0.7272349940963205,1.390045194805195,-0.11675157778743271,3.5197242827116866,4.557591658342453,5.800157096240765,1.2726364121690248,6.88299729794821,0.4528710725893825,2531.5530190919367,2779.914849175339,0.6332440043976575,0.038516788657309,3471.6796875,3495.1171875,0.026244235277209416,0.31391513744521077,0.06329696724068906,0.5965261870405096,0.22565987953321046,4.886097825624643,0.765973371917256
WIN-b0be68aa03be9e5b88f7,8.839540043287532e-06,0.1629392113103901,0.16293921155016503,0.1274200968870581,0.7012194096807361,1.3640296103896108,-0.11433285844915023,3.5152570139629726,4.303564519584926,5.503208887815991,1.2787559853553665,6.554326538251759,0.44978748229019083,2459.861716189179,2718.129636736686,0.613760519997589,0.03429668374796734,3471.6796875,3474.609375,0.023438984775045735,0.3458121866958892,0.06648245221991982,0.5642515322374493,0.23043084209882225,4.612903330251545,0.7471241361983607
WIN-97a36bbaed1c66c89785,9.959599025973794e-05,0.16156325189019488,0.16156328258826583,0.1260267812318092,0.6639846044859309,1.3087464935064936,-0.12261182733927695,3.528431765734994,4.109749404968117,5.268599245261629,1.2819757912392453,6.29115321517054,0.44478706558879905,2401.5045730560205,2666.7450457480436,0.6123779385780543,0.034026120428251205,1092.7734375,3474.609375,0.023356423096702595,0.36522191212447036,0.0778017548618751,0.5336107344097569,0.22848494130523095,4.546587688538538,0.719958995796089
WIN-85d57386065519c18595,0.00012222412878787556,0.1666143129212457,0.16661435775153485,0.12926916494687862,0.7737378512391777,1.4936197402597404,-0.09621023188599391,3.638981629872084,4.643884606801878,5.985478838291785,1.2888948251403483,7.170831660015198,0.4401200100008334,2467.2499554833107,2726.7526939663753,0.6252125044358018,0.03670743986505894,3471.6796875,3492.1875,0.02584705997720554,0.3382637723640568,0.07020261858705021,0.5656767262478757,0.23562822086651697,4.688900505152246,0.7436779143687751
WIN-5c60b10030023ecb1fa2,5.2022700216446855e-05,0.1681806555740596,0.16818066362005415,0.1303055986225947,0.7737378512391777,1.4936197402597404,-0.08851358299295274,3.7124247129592467,4.600635022957034,5.937871123053,1.2906633743793825,7.120098438561906,0.4443703641970164,2501.138239861076,2750.202762293197,0.6340553367557729,0.03588902141462036,3471.6796875,3474.609375,0.024688070763479373,0.32309886830359236,0.0692175412803375,0.582984655626251,0.23784336404107595,5.201791271182862,0.7353624435956169
WIN-093bb1843cb54e36e1aa,1.0790708874456198e-05,0.16387505697615037,0.16387505733141922,0.12821713318772276,0.8361752538365802,1.6215838961038962,-0.06711892432363575,3.650962021038059,5.102516926297121,6.521556308748645,1.2781057668027218,7.767119093085947,0.46120510042503543,2560.5079602949545,2802.540908708118,0.6250849936421502,0.035656084879279154,3471.6796875,3498.046875,0.025628570207024293,0.3006663702913757,0.06331799896716014,0.6103709255166611,0.23175432810719795,5.653868032334129,0.7517541570889508
WIN-197100a504dd69920efc,-9.842054653679914e-05,0.16268083949978426,0.16268086927158507,0.1278695768791811,0.8361752538365802,1.6215838961038962,-0.0210277934663454,3.587630072078305,5.1399728657430535,6.539282245534524,1.2722406161085802,7.766844157969757,0.4662055171264272,2589.263270719571,2824.3099013014066,0.6105313592856452,0.031043685119652265,3471.6796875,3477.5390625,0.024484873976644676,0.28993706530090585,0.061251736013657555,0.6243100811525499,0.2300654495187395,5.395433471313622,0.7436943236000997
WIN-063ab624c8752b408780,-8.821247835497857e-05,0.16467998651394003,0.16468001013988554,0.13001706116384742,0.7736325507900434,1.3757366233766235,-0.0945859964677324,3.3163315710010766,4.697792707980722,5.950238713742052,1.26660308012261,7.060851485848686,0.47503958663221935,2751.905282617731,2950.821347232758,0.6292176336455528,0.040018440500047575,3433.59375,3468.75,0.023890842455224298,0.22405001962045304,0.053393128304722495,0.6986568963813293,0.23289267037266803,4.134882993956645,0.7755720502676889
WIN-f1107cc11bdac17af08c,-0.00013555542207792257,0.16696991559224672,0.1669699706179361,0.13220713368737375,0.7736325507900434,1.464677402597403,-0.10092604798348082,3.2816711099106546,4.633363400150863,5.851670248094006,1.262942217713471,6.92599029131608,0.47978998249854155,2723.530845841191,2928.052576752681,0.6283989048353386,0.041002214127372046,3433.59375,3474.609375,0.022743721979799146,0.23632409170897292,0.054830958328972196,0.6860933826538371,0.23613111826995797,4.200113619225058,0.7849041612253221
WIN-3014bdc518adf9950ef6,-0.00011384866883116936,0.16827294395642828,0.16827298246980305,0.1331744071715873,0.7677790442965369,1.4588238961038962,-0.1065015521458548,3.273919767534794,4.562699448378493,5.7652146579600245,1.2635534562712922,6.828872133946096,0.4755396283023585,2753.8262614586642,2950.7730617889515,0.6246958379757822,0.03833780347098985,3433.59375,3465.8203125,0.021695972483095932,0.22612382339433643,0.052929530601304585,0.6992429443071716,0.23797387952014715,4.077356384249638,0.7693676912379536
WIN-77a4bd2a6e9de53d89ca,-5.758658008651422e-08,0.16302629393826237,0.16302629393827253,0.12867026942266954,0.6754237196212122,1.305657142857143,-0.10898142945729396,3.3002153521015023,4.143035477901548,5.24926016434504,1.2670082581507598,6.231095584706102,0.4675389615801317,2686.1323341854995,2898.352169291472,0.6393073978590013,0.040464797453991674,3433.59375,3465.8203125,0.023114878228484022,0.25082212209909116,0.05899617168362468,0.667058391564881,0.230553994642273,3.8978854697932914,0.780508933092962
WIN-5067f5afa2eabe744cf8,1.5199469696969503e-05,0.16097978008324598,0.16097978080080155,0.12738512822501086,0.7118455378030304,1.3144374025974028,-0.11964540713010177,3.2500994021661898,4.421956187649772,5.588136917678889,1.2637250756241023,6.618690944555711,0.4701225102091841,2717.11164398422,2922.2619295370487,0.6507175094607879,0.04196325537262187,3430.6640625,3486.328125,0.023705235566567028,0.2350221990619438,0.06042652745921749,0.6808392070462291,0.22765978804961906,3.7065500524220627,0.7877999955057313
WIN-58be6c5e49ca140386a7,-5.782031385281411e-05,0.16473359234105117,0.16473360248830937,0.13063309872670636,0.7559094339069266,1.358501298701299,-0.11393693127373761,3.19997823565983,4.588677856152525,5.786507717179363,1.261040303665173,6.843290160404083,0.46812234352862736,2655.361734502313,2871.427824908118,0.636548648621046,0.04164254246156582,3430.6640625,3468.75,0.022548046194536805,0.2611739959231614,0.0612549909940612,0.6550147788034412,0.23296848042213866,3.7323566890765028,0.7770293078806056
WIN-19c4a444de9952f7f4cb,-6.137035714285746e-05,0.16660393983121236,0.16660395113442825,0.13221254338707975,0.7559094339069266,1.3565501298701301,-0.09844827107521537,3.174706885066875,4.537163907310136,5.717380624681933,1.2601221250649446,6.7582287880788465,0.46120510042503543,2667.1074422644124,2881.4123184231235,0.6249733994288345,0.039015886990724946,3430.6640625,3465.8203125,0.021820948402615982,0.2578002578896824,0.06170494657717872,0.6586677011676731,0.23561355023411193,3.8909570997806426,0.7791931448833787
WIN-14fc350ca3de6b08c1fe,-2.791594155844161e-05,0.1647288326702772,0.1647288350356791,0.13068702392493148,0.6755863170238096,1.3284207792207794,-0.09243940835137376,3.177423732840817,4.101202542186261,5.169498062842923,1.260483482499695,6.115787135282699,0.46187182265188764,2634.7515869983035,2855.7900902269885,0.6395621251211703,0.0406376886115612,3433.59375,3471.6796875,0.022628494596269533,0.26947465227586814,0.06381060877192432,0.6440799649497598,0.23296174540833278,3.8195418366296336,0.7811031129504115
WIN-2300f48ede3c1dfa5ddc,0.0001319444047619054,0.20480335960089321,0.20480340210342873,0.14636870861852996,1.6705316050541128,3.327555844155844,-0.03316596157484617,10.614134162938015,8.156757104075414,11.413174446981586,1.3992294120445756,13.954615808711425,0.47112259354946245,2881.999433321023,3032.8378459899373,0.6879252824871569,0.04351252687454377,3433.59375,3474.609375,0.014290115909908963,0.16818451940456502,0.07324826645367566,0.7442730371833391,0.28963568510974635,21.089532180146414,0.696707420788124
WIN-993dae3161d23c470ed8,0.00022341899350649405,0.20845787608253263,0.20845799580943689,0.1491970880773557,1.6705316050541128,3.327555844155844,-0.036547673094790574,10.084742913596708,8.01375643356576,11.19681105422633,1.3971988226737935,13.715834955033715,0.4777064755396283,2934.3897861949945,3068.419206743439,0.6870202415995518,0.04176824374051609,3433.59375,3474.609375,0.012982503907900067,0.1466855074922244,0.07163535801990362,0.7686924591151092,0.29480395536331666,19.888807412106768,0.6864868707160373
WIN-75ec544d8283c18f4ce5,0.0001351286038961038,0.17063430683666056,0.1706343603421281,0.13410004590786978,0.9071250183225109,1.7310119480519481,-0.09448433681865841,3.5384858596507405,5.316191982074279,6.76453920783118,1.2724407302446852,8.042722745890112,0.48287357279773313,2698.832764756329,2909.2230960613047,0.6247715545441607,0.039795786311802826,3433.59375,3480.46875,0.021520670619374477,0.24907695967131918,0.058231307668012974,0.671163519740052,0.24131335085050457,5.160181326522141,0.7725097910238633
WIN-11a0bf973c6f23ed135a,7.37751839826839e-05,0.1685724916042942,0.168572507748024,0.13344440546334055,0.9071250183225109,1.7310119480519481,-0.10902935013602968,3.449142709315063,5.3812156586830096,6.79777481240992,1.2632414761896518,8.034340932275985,0.4732061005083757,2682.504237505444,2893.4662856650193,0.6497708747286749,0.042927768979122836,3433.59375,3489.2578125,0.02175939448303384,0.25253713803103023,0.06185301893898692,0.663842920844207,0.23839750277003594,5.081906687493816,0.7914876055020621
WIN-17d812e2b50736529c3d,-4.068322510822647e-06,0.16362871042104293,0.16362871047161856,0.1295117630263943,0.6879555011580087,1.3245184415584417,-0.07547207307305791,3.2550102642959393,4.204369142621401,5.311915188834951,1.263427403401248,6.284714988865781,0.46853904492041004,2652.9146495457803,2870.1254864496136,0.6533677285721804,0.04271502242598409,3430.6640625,3474.609375,0.022385749144556447,0.26309615980551104,0.06308386471161712,0.651426557257131,0.23140593606664842,3.887511339416289,0.8013270310149856
WIN-865046b21f0a63655703,2.813951298701263e-05,0.16125070544331688,0.16125070789859972,0.12724135461757216,0.6879555011580087,1.316551168831169,-0.0543996204606761,3.217634115985961,4.266371975162762,5.406697399758699,1.2672822321168808,6.419340948800402,0.46545545462121846,2707.207436391196,2914.4473311127317,0.6589272354924995,0.044979295960683924,3433.59375,3489.2578125,0.02425383535279436,0.23920017283506212,0.06052225031254097,0.676016062048262,0.2280429336840692,3.6475609974650407,0.7870553404995939
WIN-a7c54d1d3c47c7e8c1ea,-1.4772651515151906e-05,0.1598310441828339,0.1598310448655274,0.1261051901442352,0.652334888452381,1.2739506493506494,-0.07542856213445039,3.228541539932147,4.08140289014025,5.172942427675558,1.2674422415243192,6.142603502488103,0.4677889824152013,2675.5825292441286,2889.897709374925,0.6611580745822278,0.04293049328559428,3433.59375,3477.5390625,0.022991905681400193,0.2535729266755719,0.06513711571136141,0.6582902186919942,0.2260352303711195,3.6937135169998587,0.7912297080519191
WIN-46706137a5972d3a1ecc,0.0007422114123376651,0.16716470290374946,0.16716635060525614,0.13161719363120403,0.7610417548647187,1.3863054545454547,-0.010204541620936338,3.305225232981678,4.552601358495153,5.782236604978845,1.2700950840236875,6.869624960180377,0.4813734477873156,2828.474806533641,3000.6349991975017,0.6202450882603858,0.0462714018534728,3386.71875,3471.6796875,0.020537009763115836,0.1891184395214657,0.0587681692988319,0.7315737532176604,0.23640657141804883,3.55910289568845,0.7345193726720055
WIN-2c7eb1f0c7ce0c05eb21,0.0005213499404761939,0.17199202176392797,0.17199281193178945,0.13542942571536437,0.7610417548647187,1.3916711688311691,0.007899509071653484,3.264259964857258,4.424846284634936,5.619471180942618,1.2699811065580484,6.678190161839392,0.4824568714059505,2871.6813614400603,3031.9669408523564,0.604451796134425,0.042275270092748736,3386.71875,3471.6796875,0.019015872192130454,0.17314833611278085,0.05516145987403944,0.7526726252617203,0.24323343874840803,3.445720506006437,0.7125502404143629
WIN-7d3864499d7d58bc6502,0.00020146665043290401,0.1713245999703345,0.17132471842616984,0.13489143030842354,0.6407196769426406,1.271349090909091,0.027699316925683115,3.2025089131044338,3.7397970521983415,4.749891638578613,1.2700934227858138,5.65221043317716,0.48412367697308106,2899.388768404127,3054.434737141188,0.5965908828587334,0.04120858790791565,3386.71875,3471.6796875,0.01934140390530094,0.16390987316189104,0.051926938180007286,0.7648173390393269,0.242289572383572,3.3253913647053124,0.7076888932936267
WIN-f84ed1c02fdc2dd93018,5.762214826840105e-05,0.16940749517684472,0.16940750497662327,0.1331293807045058,0.6174682483712122,1.2315127272727273,0.005924092742883421,3.223571089897454,3.6448695024035236,4.6381065178775795,1.2725027644451223,5.522590470423598,0.4822068505708809,2888.040578591833,3043.9680921756517,0.602695573716044,0.04169799489104688,3386.71875,3462.890625,0.01849957436404435,0.16753804683217746,0.05408604819593833,0.7598722761635779,0.2395783767123233,3.231567567888903,0.7084359744824149
WIN-10bf77aae85d6fea8141,3.9506087662340444e-05,0.1688322853707376,0.16883228999287173,0.13321342588228627,0.6392563003192642,1.2554145454545456,-0.017243846672628047,3.1824374032748497,3.7863390962858343,4.798737785479241,1.2673819389705703,5.69578384507267,0.4807900658388199,2859.403540386063,3024.7915651296244,0.6161082321579775,0.04494446045882738,3386.71875,3471.6796875,0.019091788325173362,0.17970594037258433,0.05528682419781021,0.7459113884938446,0.2387649071560747,3.2907265721297114,0.736824756548177
WIN-df325a4f39970a7614b7,0.00014425946428571774,0.1727679174051351,0.1727679776327217,0.13651789722104168,0.6986043522673161,1.386793246753247,-0.015167003380765137,3.1875632070401045,4.043598598742635,5.117309645716708,1.265533539179266,6.070191754514472,0.4872072672722727,2909.365864544348,3059.9947546546114,0.5900216523727806,0.039903343667499314,3386.71875,3459.9609375,0.017624074159601696,0.16146634885090275,0.05077526377156308,0.7701289926183391,0.24433073172652117,3.404625773631747,0.7173660825192939
WIN-2ebb9e36f146e958cd29,5.7635698051951325e-05,0.17476154951396156,0.17476155901797893,0.13720945280738095,0.8247799366829005,1.5183345454545456,-0.03330189290734724,3.353057381412353,4.719458565789804,6.011101420503017,1.2736845417060378,7.1570562664951,0.48654054504542044,2882.8125845506265,3040.067376042932,0.5910488048208312,0.03954118694964859,3386.71875,3468.75,0.017894820353998035,0.17078320815956663,0.051194290557932655,0.7601227689367401,0.2471501486849335,3.6735457897594217,0.706958564620847
WIN-9dc3fc35b87ff32438f9,-0.0001706239556277025,0.17083106772596435,0.1708311529344904,0.13413512243240439,0.8247799366829005,1.5183345454545456,-0.05921742112387872,3.408660504214206,4.828041738934792,6.1488737753408955,1.2735751072155237,7.315796235301037,0.481123426952246,2856.0851229741934,3019.8495381699004,0.600502134137978,0.04261953009611035,3386.71875,3471.6796875,0.017819792402590857,0.18225906150564336,0.05466882507637828,0.7452480917358288,0.24159161198406218,3.8904131546085754,0.7160785432480542
WIN-ba912dc1cc30dd45177a,-0.00042340871753246477,0.1676166115616416,0.16761714633756397,0.13171172932607417,0.7265711055140692,1.3419163636363636,-0.05762030266801224,3.3455425179689886,4.334706331573583,5.516373592740597,1.2726060708027558,6.557345420929085,0.4816234686223852,2852.006938021994,3015.8159969694602,0.6281638602376519,0.04732021770644776,3386.71875,3474.609375,0.019519588000051536,0.17795551311929492,0.059534466096782826,0.7429860194034169,0.23704568444295948,3.639739407751522,0.73861999992421
WIN-cee281a823fc518d678a,-0.0005250320941558413,0.16876094947196413,0.16876176618351305,0.13201787006092625,0.6535648717478355,1.2700483116883117,-0.047121122076391506,3.3745688271075718,3.8727069911870355,4.95057882270987,1.2783251699512435,5.900709754557063,0.48670722560213353,2872.0472476044406,3031.896220224615,0.6140848504369727,0.042994873470469076,3386.71875,3474.609375,0.018978175207877975,0.1731334623070537,0.05416789692313633,0.753717462070816,0.23866402073822976,3.543539441314141,0.7127690800541182
WIN-3ca6b628cde95b69795b,-0.0003670416179653651,0.17187794134359347,0.1718783332478561,0.13489836175439754,0.70462045616342,1.3453309090909094,-0.048502229006417326,3.2809880842582047,4.099530422739362,5.223343315622042,1.274132102208268,6.224433968664284,0.4887073922826902,2884.8786821855115,3042.0945733252574,0.6104568383377906,0.04137276596596674,3386.71875,3474.609375,0.01765675630141088,0.17104783768520654,0.05282113507858867,0.7584721689312247,0.24307211098820838,3.535703812921953,0.721265437120098
WIN-d4fe139a2b4ff815788c,-0.000247925470779218,0.17253990016942256,0.17254007829346016,0.13568754737455269,0.7090013620183984,1.4136218181818183,-0.07498681439310599,3.2844119943240235,4.109198100677822,5.225250037544283,1.2715984748099833,6.221788346071771,0.4881240103341945,2860.8390510180616,3023.1470743373866,0.615270335576913,0.04247341748816697,3386.71875,3471.6796875,0.018198840143947174,0.17794664010597508,0.05303347312456998,0.7508183806073229,0.24400826508711485,3.639462032966485,0.7208913615543933
WIN-3129d49023847241fc96,-0.00011241408549783266,0.172189955989121,0.1721899926838434,0.13574776953065928,0.7090013620183984,1.3752488311688311,-0.10229663745627798,3.2677733712840706,4.117552657755623,5.222931945508276,1.2684554101913623,6.198674589015249,0.4931244270355863,2859.7347162113806,3023.219619450017,0.6160875492204975,0.04372564540596607,3386.71875,3471.6796875,0.019583370801478355,0.17685422938130277,0.05714583903319487,0.7464143513513843,0.24351337098654074,3.640912598746165,0.7305296375350013
WIN-b74d8c4470bfeba49f02,-6.222568722943365e-05,0.17505092369455752,0.17505093475429934,0.13842155754255323,0.6995707126677491,1.3667937662337664,-0.09937820660897576,3.176106175883499,3.996383759079418,5.053914470277758,1.2646219119389766,5.981726295211104,0.4926243853654471,2888.078950284978,3043.65137128062,0.607664373058015,0.04044855672230609,3386.71875,3471.6796875,0.018367598269176284,0.16695059861372927,0.05269437428384555,0.761984574259536,0.24755939039385397,3.4053104186138725,0.7110800015954669
WIN-2aed894203967d14a01b,-0.0001379554274891737,0.17719373512712833,0.1771937888302039,0.13894356862072332,0.7457575990205628,1.4519948051948053,-0.084513783100293,3.309416415366354,4.208711851243144,5.367341622345277,1.2752932041972922,6.397974848536178,0.4848737394782899,2902.0898252102675,3051.59708405696,0.5996393214054012,0.03845866568256263,3386.71875,3471.6796875,0.017662728158314094,0.16120831934712748,0.05032979146734758,0.7707975916494526,0.25058977960728734,3.4762866219269197,0.6924730540704273
WIN-09a41abe2fd00223a4e1,0.0009310477522477534,0.09438065476322954,0.09438524695868995,0.07519976141597903,0.46921601961038967,0.8975202797202797,0.03192549526697665,3.11766361162631,4.971285605797932,6.2395945248896405,1.255126946950381,7.360552276883221,0.49279106592216015,2883.051024542693,3168.5809373859483,0.7564739251666682,0.09813821305252994,3574.21875,4133.7890625,0.06094639878722747,0.2078245370006569,0.03256370724366962,0.6986533180215012,0.13347439879570383,3.6155211061119625,0.8889757459829015
WIN-2b526834e035ce798e75,0.0006864055744255752,0.0999391996075029,0.09994155677595237,0.07979967170048452,0.46921601961038967,0.8422101098901099,0.022746374943507036,3.0364499220703367,4.69490404934933,5.879924185222691,1.252405613268872,6.93653431088173,0.46445537128094005,2684.4639291737426,3004.9196974377514,0.7292172231230729,0.09058870722099634,1107.421875,4122.0703125,0.05582466932398307,0.2906776410989985,0.03081780958796527,0.6226666397198837,0.14133536974572633,3.467016573237202,0.8868666255960418
WIN-1715a2eca1dac78ae4a6,0.0002926541958041967,0.10175265567744904,0.10175307653280968,0.0811807503075075,0.42313098464535476,0.8323753846153847,0.04151456265844472,3.0057500042225933,4.158409741102621,5.212208350345979,1.2534138468309557,6.157529407651196,0.4660388365697141,2611.726300269862,2943.2993342885297,0.7211803693458159,0.0907350191617955,1107.421875,4122.0703125,0.05476715051351266,0.32023353004737204,0.027235829726877388,0.5977527747087634,0.14389996821915918,3.3998031833761884,0.8860330373256388
WIN-16cdcd37780c38f5f551,0.0002429014585414596,0.09681430448691127,0.09681460919924705,0.0770836104325075,0.40924439997003,0.7754396403596404,0.038645673257006685,3.0258698498523597,4.227093445407263,5.309097454938818,1.2559687935577375,6.277449415879122,0.4882906908909076,2837.3537716058822,3138.6841114311433,0.7618832705120516,0.1039160343136771,1107.421875,4154.296875,0.06780117048391918,0.214263320888154,0.030870568537342467,0.6870575868799105,0.13691607214529508,3.449024373083594,0.8872004515504595
WIN-24abd296e76c9603c4a2,0.00030973627372627447,0.09486616526322066,0.09486667090347355,0.07581113184311189,0.3795776667032967,0.7270381618381618,0.03301958264151111,2.9981592166831357,4.001169884895763,5.006885631041766,1.2513554222953032,5.897955504507847,0.4919576631385949,2883.232673394015,3173.50685749413,0.7586209018753471,0.09832013205394334,3577.1484375,4154.296875,0.07013593425648183,0.19202723128566956,0.02863727306426,0.7091902921828469,0.1341610114990207,3.4829730144810203,0.8877867892466699
WIN-986d4511d7ecbac5c050,9.681650349650458e-05,0.09497192257401674,0.09497197192245921,0.07586948611497504,0.3795776667032967,0.7276883916083917,0.05957143665792188,3.0016986285333105,3.9967335521811616,5.003034634017021,1.2517808777205088,5.9032446680257245,0.4995416284690391,2906.8156971610747,3188.5872546298083,0.7561207900557643,0.09742221842947445,3577.1484375,4148.4375,0.06399249678580105,0.19124629125764295,0.030621563251950836,0.7141316885046953,0.13431057275041514,3.4897959909546272,0.8850685762719787
WIN-28369640a77cf3915447,-0.00012591428571428456,0.09626673863820104,0.09626682098440281,0.07650573509792709,0.44976184252747253,0.8474525874125876,0.03075691071273835,3.0789011641851287,4.672033811064261,5.8787990461878445,1.2582954841218543,6.964224761261406,0.4956246353862822,2869.1898504387036,3163.3818874401773,0.7585361727375018,0.09926387543013099,3811.5234375,4148.4375,0.06227500557804627,0.21271897602561393,0.02914358813574942,0.695850321884636,0.1361417246068533,3.4683165764802117,0.8914085835684289
WIN-43ed1c32539cf447d554,-0.0001952077822177812,0.09696056868626951,0.0969607651890342,0.07691376955011489,0.45852786776223786,0.9082897102897104,-0.005704385957815347,3.1365253792095866,4.729004220042667,5.961583607698647,1.2606424799475806,7.0637822688636005,0.49279106592216015,2839.423419400258,3138.443150143059,0.7665175732341617,0.1037873612655263,3574.21875,4148.4375,0.05894782606718938,0.22400136981914912,0.02890136256771011,0.6881374780834569,0.13712295030795124,3.693974647601188,0.8893955043403234
WIN-9083020b3cc706d9b1b0,-0.00015059931068930977,0.0973270809059207,0.09732719742096765,0.07762895081103896,0.45852786776223786,0.8500535064935066,0.005527984095052965,3.0550576283345796,4.711199745886691,5.906660633253435,1.2537487162054213,6.973013640363789,0.488040670055838,2872.163318286533,3158.974707292621,0.7540377692717982,0.09992204742118624,3574.21875,4122.0703125,0.05937610551517402,0.2123399541860734,0.031437738355002444,0.6968392096457069,0.137641277267573,3.6445887119926015,0.8909521559419489
WIN-4cb649991a80a87dfb5f,-0.00019738198801198714,0.1020517507327697,0.10205194161441787,0.08178664160847654,0.3915256387312687,0.7713757042957043,0.019159913425609434,2.9609782608348683,3.836532970697713,4.787158770997915,1.2477825181000366,5.630430632532755,0.467122260188349,2670.101361961017,2992.5395098437007,0.7205209321257899,0.08602143617143199,1107.421875,4122.0703125,0.05857147592968956,0.29360658526840416,0.027517986810644025,0.6203009207139263,0.1443229652587718,3.4623365856372157,0.8917661658803874
WIN-1d9c9219d661f58c147a,-0.0003573452847152839,0.10108457148520927,0.10108520311104337,0.08050013851005995,0.4842119436863138,0.8751279920079922,0.013906115103657106,3.0983179780888843,4.79013672406248,6.015044851379823,1.2557146482071608,7.100128175871617,0.47312276023001915,2695.7647166481297,3015.82284839731,0.7329036484140738,0.09342511245653273,1107.421875,4122.0703125,0.05512035297438778,0.287107522739764,0.028651365288735634,0.6291156752190031,0.14295516895622085,3.662991281839497,0.8885304375316809
WIN-4f48576279475268a3fb,-0.0004438224575424567,0.0982732790345016,0.0982742812264065,0.07810231875544456,0.4842119436863138,0.8700480719280721,-0.00883022000314155,3.1474348624459365,4.9271481575718505,6.199712779287482,1.2582761023122306,7.322553990661514,0.49270772564380366,2857.9026531990253,3153.100692735361,0.7514405799400349,0.09970879282919351,3577.1484375,4133.7890625,0.06628284211961712,0.2062351771126771,0.03235110184855608,0.6951240427757084,0.13897940300574133,3.5565495052361062,0.881922248343734
WIN-649eeac278ab6d04e72a,-0.0005512864735264726,0.09602933764433443,0.09603092004758404,0.07645086108269732,0.3858361282417582,0.7711318681318682,-0.008059122840524785,3.068142633924516,4.017832257012175,5.046851307787761,1.2561129944952583,5.948243059570767,0.49404117009750814,2825.1195161884684,3131.682810035431,0.7477954025796859,0.09188323318291101,3574.21875,4133.7890625,0.06854324535518236,0.21879576024943984,0.02697711994403706,0.685674531276407,0.13580598118495385,3.2928656214737884,0.8896888806780753
WIN-060be6536c9238296b2e,-0.0005044259040959034,0.0954263221756316,0.09542765537023407,0.07552015243882118,0.505600324045954,0.9731907692307693,-0.0011693346366725595,3.269016290084185,5.298257848619042,6.69490603119274,1.2636051740795455,7.9254315539915305,0.49320776731394284,2913.650555248976,3193.8604968012974,0.748781247675858,0.0951329720548335,3574.21875,4163.0859375,0.063571470349902,0.19502907971963193,0.026964196805180092,0.7144256571929529,0.13495318269069706,3.983627360149758,0.8846714395766779
WIN-45ac628e7c5ffb741ed6,-0.0003482928671328663,0.09831459034274054,0.09831520727833608,0.07797820847917084,0.505600324045954,0.9731907692307693,-0.03585471691998542,3.2140185569635,5.142646168760316,6.483866889228722,1.2608036167352672,7.6803836964074925,0.48904075339611636,2897.386095823636,3172.849946028896,0.7549430620389544,0.09430718977683371,3574.21875,4136.71875,0.056135411920189275,0.20789311654683693,0.029825282037773813,0.7061256775563108,0.13903782655179675,3.891812347935553,0.8808235964847425
WIN-c91ca1e4f1129795cf85,-1.2937286463534788e-05,0.09735511822575427,0.09735511908535663,0.0772718898469106,0.3908688799937563,0.7507309090909091,-0.01999161644883376,3.0814121806422485,4.014877529419331,5.058357971612691,1.259903430302722,5.992954029763681,0.4744562046837236,2704.6682638705724,3010.534770439233,0.739120210853319,0.09642409228258285,3764.6484375,4119.140625,0.06750541357182141,0.27510535995390073,0.027213651726129908,0.6301386041067912,0.137680927480922,3.3670107639609594,0.8815330384616881
WIN-8730cf62220464d5f536,-4.502883491508329e-05,0.09575810772707022,0.09575811831414169,0.07627144956864511,0.3908688799937563,0.7507309090909091,-0.022474885161140285,3.0484915871955733,4.081835429424373,5.12470763567756,1.2554909976727644,6.057239234511603,0.4757063088590716,2679.741931408912,2990.5421143726103,0.7420602306968774,0.09301968945474103,3764.6484375,4119.140625,0.0687031180080083,0.28155824309369404,0.026139671102421328,0.623557702547017,0.1354224142865417,3.295199448209919,0.8876152851361709
WIN-5371b27d3f4fd2278a77,2.2747458791210566e-05,0.09436444543433667,0.09436444817608369,0.07501245845492382,0.4035077211525975,0.7691811788211789,-0.02967855757840244,3.061677661340779,4.276056597028762,5.37920939345952,1.2579836752255067,6.366719816055378,0.47703975331277604,2760.346495234446,3059.1412986147056,0.7533228012109048,0.09488659969394427,3764.6484375,4119.140625,0.07374134281189494,0.2409261197838479,0.02605286288678962,0.6592316371633196,0.13345147674912589,3.3253319821478007,0.8930787806422139
WIN-61d9ea2bd10f852051a8,0.00015844567057942224,0.09537673819141881,0.09537686980114714,0.07592006933669268,0.4035077211525975,0.7691811788211789,-0.026735979919415058,3.010204748929548,4.230666428764614,5.31490190502585,1.25628006709149,6.289440648992637,0.474039503291941,2701.63481464002,3007.0520345101586,0.7425077336337997,0.09062155995014741,3386.71875,4119.140625,0.07391667524702512,0.26232202677180577,0.023991944902038848,0.6397005232754466,0.13488307590385315,3.224314215378262,0.8919224556159401
WIN-ce27f35f0030fee76148,0.00018544375249750423,0.09644619747455868,0.09644637575713724,0.07725117658348465,0.3578697191545955,0.7124486313686315,-0.023041758660133586,2.9110159079020757,3.71055642414227,4.632547165973794,1.2484777581563438,5.464503077474345,0.4787898991582632,2738.403160434163,3032.6042472387307,0.7329113968814787,0.0865991736655273,3386.71875,4119.140625,0.07128218292354585,0.25146932711056774,0.022324998818956065,0.654868506228082,0.13639551377457362,3.105631741639429,0.8909734840219055
WIN-6ae733112d12a69e7ae7,4.120450174825327e-05,0.09732217153590106,0.09732218025853262,0.07777476924744195,0.4042402109153347,0.7621099300699301,-0.010715224988349453,2.9509083094422257,4.153628801135903,5.197575188221246,1.251333577701129,6.133914020232885,0.4799566630552546,2736.7094191859564,3031.9177651463388,0.7320870600854716,0.08771050725596383,3764.6484375,4119.140625,0.07029703752902393,0.2549777132205176,0.02349270129516895,0.6511724880530295,0.13763433351851354,3.137289704758078,0.8884725040909142
WIN-4aff6e3cec25f00228d7,-3.031738636363481e-05,0.09918605592057614,0.09918606055400916,0.07895749806597278,0.4042402109153347,0.8029118481518482,0.011679141562302108,3.0316734511648717,4.075574820225275,5.119719099666162,1.2561955860085414,6.054620036363865,0.47287273939494956,2725.9428902967547,3025.7902513592303,0.7347862437718742,0.08569696081248065,3764.6484375,4119.140625,0.0725135089356676,0.2574272940488172,0.02308629694435262,0.6469296000947642,0.14027026547992294,3.318624962728152,0.8889966693365218
WIN-3f8a36c31277d6e80322,0.00011212357267732418,0.09906534768623552,0.09906541113774414,0.07845591596978709,0.4738960750511988,0.8725677122877123,0.03100191503795064,3.1468509967697114,4.783668382373064,6.040284778877008,1.2626888605141129,7.165738283065475,0.47387282273522796,2672.487144040518,2977.7168639729775,0.7269232931553244,0.0883425577109176,3764.6484375,4119.140625,0.0668978570926814,0.2824177732213702,0.025907741140077215,0.6247312096146902,0.14009955609986197,3.503034079419862,0.8828177519051668
WIN-094267f798a58906c9ca,0.00017056974650349826,0.09698353768123788,0.0969836876758484,0.07664765619777286,0.4738960750511988,0.8534265734265735,0.028439666952958294,3.1600989548060063,4.886348275704158,6.182786252748925,1.2653183735238744,7.343248360292649,0.47503958663221935,2712.1554749411894,3020.130926525471,0.7303115331612625,0.08722382716534326,3764.6484375,4119.140625,0.07735884123108148,0.25657433884834663,0.02675661173455482,0.6392730189296197,0.13715543392856722,3.399166067592824,0.88298754483703
WIN-467fd7bf969ee55e40dd,0.00010451046578421747,0.09649841278909504,0.0964984693829495,0.07665728217960666,0.3752237074188312,0.7425217582417583,0.032463263157718275,3.050927281815861,3.8883902492368634,4.894821427855919,1.2588297763491856,5.793508958980097,0.47437286440536713,2689.969260321243,3003.367258619028,0.7395676646586067,0.08824042151772236,3764.6484375,4119.140625,0.07740527690624908,0.2666227972292126,0.025438661596060452,0.6304842241616552,0.13646936373638277,3.215811820785316,0.8890920124706085
WIN-f6cd5921401e6227410d,0.00010979019605394791,0.09518214486263916,0.09518220818272488,0.07582053394115573,0.3698999511750749,0.7261034565434565,0.042319791406827005,3.027825393306867,3.886229981774301,4.8786249837976,1.2553618819849035,5.7621424181527425,0.47912326027168933,2694.688828789285,3005.0292128469405,0.7402233053830042,0.08754778853411925,3764.6484375,4119.140625,0.07775990269189667,0.2649531771547775,0.02274667574797037,0.6344975543987726,0.13460787904458937,3.332746306907818,0.888621030147898
WIN-4163ae8119f72a0c5051,-4.8805332167813814e-06,0.09301534251737949,0.09301534264542075,0.07390938705545892,0.40440276835789213,0.7606062737262738,0.03506160105390386,3.0479106102291067,4.347699603657308,5.471602247884579,1.258505128372488,6.481064125371489,0.47420618384865404,2652.8210844084506,2977.5267993300017,0.7501983465313968,0.09371816274531386,3533.203125,4119.140625,0.08019787704283879,0.27998592770325725,0.024565890081445097,0.6151956570339148,0.13154355825469927,3.419437017838043,0.8865094377220223
WIN-fa79573f80bdc7fd9a4c,-0.00017677825549450394,0.09709070490754391,0.09709086584223764,0.0763547223371285,0.6266178110626874,1.222635164835165,0.035456986313664986,3.8711153768547653,6.453931640432798,8.206667405426206,1.271576437830281,9.743635675354888,0.46437203100258356,2655.6258834941073,2983.900955391405,0.7405962976054685,0.09183195773001857,3533.203125,4119.140625,0.08551451983691671,0.27451301104250786,0.023354678240588744,0.6165631641361856,0.13730698634277883,7.164635588174378,0.8893338744411938
WIN-8a3a29c52b32413e9cea,-0.0002971791346153832,0.09867675673152683,0.09867720422919864,0.0779317178719237,0.6266178110626874,1.222635164835165,0.03237405627483843,3.7932822798335066,6.350177996539961,8.040600517551239,1.2662008091506818,9.511256165397212,0.4649554129510793,2691.051288031307,2995.3123773785514,0.7466148676978235,0.09285463007624137,3764.6484375,4119.140625,0.07097849097846623,0.27043394947907784,0.031365706737126825,0.6271673283996945,0.13955000752608993,7.062792084838783,0.8698390886196131
WIN-2bb1a868957df2438caa,-0.00026851822552447386,0.09740395014792899,0.0974043202658777,0.07781002824678197,0.4199260228508992,0.8162415584415585,0.04479289907589004,2.98527740888334,4.311164245080152,5.396811083446297,1.2518221938655352,6.364845381677576,0.4660388365697141,2663.6570364664667,2978.646495989713,0.7499900632024563,0.09595830126530279,3533.203125,4119.140625,0.07662951227361714,0.27432516993138617,0.025231779109084588,0.6237531383135322,0.13774998619833032,3.2151941127837023,0.8898484030423409
WIN-e78714f90f3cdf5a705f,0.0004090703009490524,0.10803850328991026,0.10803927772636704,0.08640332579430694,0.41170376411463544,0.8011643556443557,-0.041016180649900896,2.9660160411705876,3.8106860095228887,4.764906446888152,1.2504064714165812,5.610821243505717,0.4479539961663472,2543.5175215175595,2851.3551803584764,0.7047563554410702,0.07683022901968094,1406.25,4119.140625,0.060604557916022796,0.35333330398074086,0.022398550184879452,0.5635999137502329,0.15278948949456203,3.2632432857615283,0.8717430463089719
WIN-25ae8a4c998efccb9a95,0.000769815745504497,0.10474852401946266,0.10475135273846335,0.0834512497873845,0.4270654424363137,0.8165260339660341,-0.04224835832371778,3.0439713353448945,4.076944414250259,5.117543997474757,1.2552400713481418,6.04145741746796,0.4428702391865989,2514.520156758616,2830.4275775352553,0.7069253886938882,0.07862660017233836,1406.25,4119.140625,0.06354486872166566,0.36204580536198694,0.023396184134406375,0.5509295985036858,0.14813677949590695,3.3284860160837275,0.8704227404686873
WIN-6f14fa52842f76b09c00,0.0007543490821678335,0.1044190574720286,0.10442178223859512,0.08300495174149101,0.46599794992882126,0.8717955644355646,-0.04070103521179497,3.0909671310136324,4.462650798849534,5.614098197111203,1.2580187090831187,6.643692264479106,0.4491207600633386,2507.873287830711,2822.6958795383403,0.7104835091633657,0.07812151499726108,1406.25,4119.140625,0.06251131059492687,0.36514578761614225,0.02401103526997401,0.5482538765379958,0.14767083698890174,3.394020134991591,0.8741964997644527
WIN-911dc83c78639aeeb03e,0.0006669439772727287,0.10636457818293599,0.10636666915111481,0.0850222253621129,0.46599794992882126,0.8717955644355646,-0.0368561859638258,3.012790492940777,4.381052388341674,5.480895706253715,1.2510454613113695,6.4582882381228375,0.4472039336611384,2523.2368895778086,2835.7395208481016,0.7167817377754919,0.07891402667951196,1406.25,4119.140625,0.0618957199637657,0.3600437940915455,0.023824830762184498,0.554150869719532,0.15042220700851108,3.375805844577402,0.879837428875388
WIN-f7d1779290dc740f9691,0.0006324242270229786,0.10499731660365212,0.10499922120839986,0.08409304634284966,0.44413397390484527,0.832294105894106,-0.05087012556749054,2.9482488985903035,4.229878743758578,5.281458969732377,1.2486076527548609,6.21291299803981,0.4461205100425035,2514.9137267685974,2832.8128719092956,0.7164821216978619,0.0800206954400986,1406.25,4119.140625,0.06107204247583591,0.36889905985639915,0.023838027637963013,0.5461094572603478,0.14848860989852908,3.1524141116852706,0.882050187669172
WIN-2226684687bb63a2bc84,0.00039503617507492665,0.10306026491751284,0.10306102201340499,0.08200167513204047,0.4218229649138362,0.8096173426573428,-0.05583490449572581,3.034679245241737,4.092943740213224,5.144077413412173,1.2568160570646585,6.083224099845999,0.44237019751645973,2497.5373662611105,2818.931207374983,0.720329442110455,0.08174040957760897,1406.25,4119.140625,0.06300088221120767,0.3720812300471411,0.02408968355635897,0.5407389904258065,0.14574922380460914,3.232649221538611,0.8798545094524828
WIN-04247458f0f89dc258af,3.491725399600539e-05,0.10365607378835441,0.1036560796694116,0.08238840770270169,0.4225138340447054,0.8103082117882119,-0.05109995507111683,3.094065129863099,4.076112422813449,5.128316541378211,1.2581391309587642,6.064586821600141,0.4372864405367114,2439.068961238651,2766.5515678694505,0.7234188472380721,0.08353403209447208,1406.25,4119.140625,0.06327063959928474,0.3955782535936732,0.025521663327537827,0.5155404842509193,0.14659180311627762,3.369954705332862,0.8790726493579254
WIN-f8ac89bd4c4a37b1f9fb,-0.0002476211276223762,0.10251766065268814,0.10251795970425165,0.0817034059579814,0.4225138340447054,0.7999045354645355,-0.04265108853523615,3.057528949333148,4.121364054254207,5.171312371687728,1.2547574792135354,6.09797847688297,0.4317026418868239,2454.40380982851,2782.191676477387,0.7241084501190085,0.08323979412834856,1406.25,4119.140625,0.064582767647873,0.3873591396597436,0.02383235140603868,0.5241370939136407,0.14498186566487833,3.27711511012919,0.8834019305850722
WIN-dd83643ea7dfa10be4a7,-0.000485246242507491,0.10257048710185496,0.10257163491057193,0.0815750896514598,0.4448114007205295,0.8529795404595406,-0.06975986471846742,3.0798482065768815,4.336592675977194,5.4527846995399125,1.2573891778429567,6.441785794191647,0.43270272522710224,2429.737692405677,2762.2315798454824,0.7198540059933421,0.0820901026364366,1406.25,4119.140625,0.06343900047974099,0.4019499253934065,0.02475030534420495,0.5097622635751079,0.1450565575596346,3.428005129626696,0.8734922436534497
WIN-229cab111ea86e18fc74,-0.0005783273114385603,0.10502324040609796,0.10502483272005816,0.0837914688900999,0.4448114007205295,0.8784197802197803,-0.07668618954522392,3.017492471043939,4.235297397730031,5.308552369437888,1.2534072276087476,6.265028489316626,0.44128677389782484,2462.651488628765,2787.5985920917706,0.7218172879794478,0.08219314630960732,1406.25,4119.140625,0.06255678812694208,0.3897770637241651,0.023992921128998927,0.52359405986922,0.14852529019986174,3.4228464679318,0.8786846651146005
WIN-fcce1e7f4b60dd6bf5a8,-0.000457865473276722,0.1045970584524006,0.10459806058281639,0.08366051740784466,0.4336083794992508,0.8213214785214786,-0.025467185901012858,2.970805644979179,4.145472459805239,5.182951204810614,1.2502679139748922,6.107865667333676,0.43803650304192016,2440.738617748721,2766.7268235155702,0.7173574113468348,0.08048764181522718,1406.25,4119.140625,0.06345866389688845,0.39561465059758627,0.023872560215603803,0.5169639025750887,0.14792256982006294,3.3081981297017586,0.8758994563133012
WIN-dbd53d16f64ce87a7afa,-0.0004207617370129855,0.10373781650205859,0.10373866980569066,0.08278751412486514,0.43852574213661344,0.8655371028971031,-0.03135913008707782,3.0400706806455444,4.227215781287477,5.297003379880514,1.2530714432127126,6.247075421777108,0.4332027668972414,2465.02993622667,2785.559493807023,0.7184018028808419,0.08347009234505777,1406.25,4119.140625,0.060479393596165734,0.3881423072085022,0.02494479490471414,0.5263404828164262,0.1467074027188844,3.640594213722504,0.8756412996062395
WIN-2326aed37fcd1746ca1f,-0.00048147016858141734,0.10783434271003904,0.10783541756412586,0.08572248210718596,0.43852574213661344,0.8655371028971031,-0.057075877347453105,3.07696129974493,4.066620708096867,5.115644476826657,1.2579595797055,6.050039961479298,0.44303691974331194,2507.9781622978558,2820.6983047414933,0.7135947932795217,0.08301427716822997,1406.25,4119.140625,0.06087680831456603,0.3673359554227425,0.02492627949870654,0.5467701186405378,0.15250077803580786,3.629692834687083,0.8729932675728677
WIN-94d57054d0ad044a8469,-0.0004963340147352634,0.1084927204089081,0.10849385572086416,0.08627552847344593,0.3924000678109391,0.7777967232767233,-0.03865529401393107,3.049286772557464,3.6167953032925615,4.548219810988056,1.2575275705555267,5.380346832756204,0.4537044753729477,2556.6055908250632,2858.1970811103147,0.7047450323684316,0.0774831786315966,1406.25,4119.140625,0.05676424186670741,0.35148313845581464,0.02371174991689643,0.5679545982580398,0.15343187618973278,3.376987097581646,0.8686017415280375
WIN-09c6ee0513abe2933b90,-0.00040617897977022826,0.10694628008470979,0.10694705141012913,0.08505862931977148,0.47343495292582427,0.9203596003996005,-0.04534211292512738,3.1383984560564597,4.426816323395688,5.565983800895913,1.2573333507034594,6.57354634556577,0.45028752396033,2549.9158130297515,2853.649160297247,0.7126061787436624,0.07740700094085691,1406.25,4119.140625,0.058261909457551636,0.35306838832099274,0.02174444745040553,0.5668381866752007,0.1512448727137904,3.4937700463642414,0.8653488871954735
WIN-8cc9594a7ec26fde7b31,0.0001163098501498517,0.1474546677155021,0.1474547135871566,0.11860773662277722,0.5737853244155844,1.0351251548451548,-0.12520571677630446,2.780649991121173,3.891264717506258,4.837671982862524,1.2432132825776934,5.696554562898351,0.3470289190765897,2020.7674499650714,2305.7412837884376,0.53186179568769,0.04618602547114579,1391.6015625,3814.453125,0.027823757222968277,0.6539158026209216,0.01701025477580145,0.3012462325455959,0.20853239053259143,2.868644965026808,0.7660541880581972
WIN-c44d77f2cabc193355f0,6.466399600399736e-05,0.14697063850223063,0.1469706527276304,0.11850741579059941,0.5737853244155844,1.04304983016983,-0.11171241209387778,2.7789353389314133,3.904080942438442,4.841767247921527,1.240181061631492,5.686809179788359,0.34769564130344194,2017.483147559061,2302.6532764401904,0.5321223135617777,0.04724201329328858,1391.6015625,3814.453125,0.02804007422130583,0.6544627046181115,0.017482596801269085,0.30000783622556154,0.20784786932383773,2.9407619439450627,0.763653077286219
WIN-9f6155dbab4dc05e09d2,-0.00014501478521478418,0.14720861576371452,0.14720868719052171,0.11940259359725276,0.5767113583816184,1.045975864135864,-0.12358057405669852,2.7288430227313625,3.9176448712656766,4.8299734620677235,1.232876797348528,5.642281191347669,0.3422785232102675,2013.273733892069,2297.506313681786,0.5250238257353569,0.045751032582074955,1391.6015625,3814.453125,0.028318102309772563,0.6553687778137971,0.017622714338032967,0.298681692072818,0.2081844204136715,2.893764810578193,0.7657238391031005
WIN-de96314178b62c79dfc4,-0.0001021165534465526,0.14636777768778317,0.14636781330965767,0.11828276119162838,0.5767113583816184,1.0897038161838162,-0.12999663813136944,2.781485738429723,3.940151494629356,4.875700842343543,1.2374399433514374,5.714708537982291,0.3418618218184849,1993.4600100976443,2276.5441502630474,0.5284402105238869,0.047908012380461176,1391.6015625,3814.453125,0.028820235611458498,0.6628773991599874,0.018959359536881222,0.28933667512536787,0.20699529629248406,2.9023582817642737,0.7699369246776976
WIN-a6e936a49fefcb97c166,6.773226773227695e-06,0.1460087801201836,0.1460087802772858,0.11730492074445556,0.5324550946453547,1.0454475524475526,-0.13056277848189599,2.8471438438540675,3.6467333925433834,4.539068704549482,1.2446944198881122,5.340533979895065,0.3431952662721893,2000.9191611891238,2288.2601510871914,0.5312510311421126,0.047647866262750506,1391.6015625,3817.3828125,0.02920683527116724,0.6616860378064288,0.01846073078939712,0.2906373432244157,0.20648759704284692,2.8969224314314515,0.7655813071527963
WIN-b93c0389339b6d3c88c9,6.128076923077037e-05,0.14632478966999568,0.1463248025021772,0.1178950041898202,0.5059175921478521,0.9667697502497503,-0.13226294379483156,2.794639714716051,3.4574971808820107,4.291255559302529,1.2411450638344406,5.033849014583811,0.34069505792149346,2009.7481263216805,2297.7111570675024,0.5392563878463923,0.0492017124950943,1391.6015625,3817.3828125,0.02907556536977825,0.6577684858388604,0.019261436939363864,0.29388604665959694,0.20693450204148137,2.8322609150766205,0.7713307319673671
WIN-a5adc5e31e6bfe750163,9.5045304695306e-05,0.1474361199019656,0.14743615053763687,0.11879301230103897,0.5175404492907093,1.0265502497502499,-0.1438772810991983,2.791213262747554,3.510268325644351,4.356657342561774,1.241118039525514,5.112186508294864,0.3438619884990416,2017.6068729538272,2304.8411249286637,0.5353257604968866,0.048726329120812976,1388.671875,3814.453125,0.028472474230282735,0.654233331364488,0.01952569309588279,0.29776374212046625,0.20850616016353302,2.8235603165859944,0.768634977706678
WIN-256691369c87ea8861f1,2.6571368631369777e-05,0.14908210826194415,0.14908211062989307,0.12005374241646355,0.5680551745654345,1.0911668331668332,-0.13192439371427922,2.8051250058967216,3.8103510351544556,4.731674024705811,1.2417947798036066,5.559646705463135,0.3475289607467289,2054.9456378628515,2345.278974562907,0.5425237368182693,0.048031544550718216,1391.6015625,3814.453125,0.028454697196244667,0.6386105885445116,0.018441122448052773,0.3144861363580835,0.2108339388653108,2.961829395805628,0.7704684728102845
WIN-fdf7795e809a33a3f8c1,-1.520589410589294e-05,0.14862683792618914,0.14862683870404064,0.12012319582885116,0.5680551745654345,1.0911668331668332,-0.12317298182709295,2.7426451747532545,3.822022856132841,4.728938242452839,1.2372867511330912,5.543842560494378,0.3490290857571464,2054.64085209879,2343.2955945716726,0.5437222331852312,0.047888976023813624,1391.6015625,3814.453125,0.028543870028193197,0.6374017483394977,0.017374149676457864,0.31666850741092056,0.2101900895034568,2.9333329748464263,0.7781326549206687
WIN-1a0c31abcfb222be6099,9.919390609390752e-05,0.14794358551621176,0.14794361877020473,0.11897674728356646,0.5359094402997003,0.9996876323676325,-0.13298782828390193,2.788801271437858,3.622389696499759,4.5043208234456245,1.2434666617364805,5.2993940634115235,0.35027918993249435,2013.0722821653774,2300.3573300949715,0.5376361575561202,0.049497052473424105,1391.6015625,3814.453125,0.029222650357719638,0.654375237065962,0.01936735384987037,0.2970176818893336,0.2092238187422385,2.8171002858525727,0.7698085445481745
WIN-055647c4a511d2af9978,0.0001124457242757256,0.14721136130279666,0.1472114042479843,0.11794139176789213,0.5359094402997003,0.9996876323676325,-0.14186171633938005,2.8357901882464818,3.640407093687498,4.543862271439213,1.2481742163637273,5.364319724479716,0.34911242603550297,2009.520316674395,2297.4971044787853,0.5325484493256903,0.048041156879350934,1391.6015625,3817.3828125,0.02902337536239518,0.6582213712710542,0.01852485218822011,0.2942104373854827,0.208188302868957,2.836677263096467,0.7693321709693305
WIN-357083e788948f4d4f13,3.2345544455545674e-05,0.14610053172260534,0.14610053530313385,0.11765900660004996,0.528675634105894,0.9903812187812188,-0.14195740366674245,2.772030802431919,3.6185742441351296,4.493286569199848,1.2417284449674257,5.287863739385563,0.3442786898908242,2010.5990657730124,2298.070635496012,0.5305245101893943,0.0457697644089756,1391.6015625,3817.3828125,0.030071603763287918,0.6551378929152993,0.017960503459332103,0.2968132980655811,0.20661735286924943,2.8347949700898716,0.7631528504306042
WIN-53f07e278771522f73ac,-3.6165644355643214e-05,0.14596803220650723,0.1459680366867821,0.1177858750065135,0.528675634105894,1.0165936063936063,-0.13618328950110972,2.772402206140894,3.6218589089932283,4.488446802913932,1.2392660552674153,5.268724975342401,0.3404450370864239,1990.7440584292642,2276.951397931933,0.5265855887100575,0.04717489259058286,1391.6015625,3817.3828125,0.030401905094259583,0.6633036277895962,0.019219679353541554,0.2870586876480706,0.20642997061699073,2.9104260219625835,0.7611331034526047
WIN-b5128d095313b5382eb4,-9.165191808191712e-05,0.14760765929438396,0.1476076877484402,0.11896240995758244,0.5316016680719281,1.0195196403596405,-0.1493076639486307,2.8069804647731806,3.6014497359670496,4.468652478182047,1.2407926823257094,5.245479552061358,0.3445287107258938,2012.6094485371918,2299.2440804791345,0.532249102943391,0.045653146529577235,1391.6015625,3814.453125,0.029294444532836583,0.6547039701156012,0.018650424756758027,0.29734120244852896,0.20874875239487178,2.9332963055394825,0.7646447479027216
WIN-8f22f88d4cd64cb7e6b3,-0.00013418778221778116,0.14785411195013062,0.14785417284244182,0.11934757086284715,0.5779305392007992,1.0710097102897103,-0.15542506544479853,2.798041834835771,3.9087874767846547,4.842415601907037,1.2388536421165643,5.670247022163081,0.34636219684973746,2010.9573397659299,2297.9089837346296,0.5340467078151657,0.047961691163322204,1391.6015625,3817.3828125,0.02969350322119994,0.6541427674140154,0.01784758589060634,0.29830875091969006,0.2090972875776096,2.924755803366302,0.7722687391283244
WIN-886c23dd6638591aaec0,-0.00024205841450216777,0.4029000463194936,0.4029001190326532,0.23434093501981873,2.965225697646104,5.632374025974026,0.18738721267094574,12.731638251894537,7.359704198544619,12.653468747927779,1.7192903962632895,17.627581828834508,0.5250437536461372,3267.876720885425,3349.0607462384246,0.7494113775304776,0.06988709313157417,3407.2265625,3861.328125,0.005221734138845458,0.06516536839477755,0.06894137227932118,0.8606699055997808,0.5697867088344376,11.643921620786202,0.5418242171712115
WIN-af97d6a9e04417617add,-3.765992965368198e-05,0.4121404740280554,0.4121404757486706,0.23725011722483771,2.965225697646104,5.7624519480519485,0.22250641505531912,13.328120911605996,7.194696643789844,12.498310779857336,1.7371560468244371,17.519225618677897,0.5136261355112927,3257.263199331648,3340.565781180507,0.7469537506219055,0.0687833479430476,3316.40625,3864.2578125,0.00515616181084993,0.06805654311563597,0.06787730959873112,0.858908842174218,0.5828546187782663,11.949554580960937,0.5387236590672834
WIN-efa30cc3a2ed92816aed,6.115186688311387e-05,0.4250563932990238,0.42505639769791165,0.24617855464569807,3.192049074269481,5.989275324675326,0.3456471069391884,13.334259687623158,7.509707162508271,12.966397819869137,1.7266183007205043,18.105895099872527,0.5050420868405701,3224.297781861033,3311.399896110376,0.7590871571690844,0.06982936510027253,3316.40625,3861.328125,0.005065464201242196,0.0721169170086073,0.08069426727112516,0.842122001927905,0.6011204787623148,11.384429736421078,0.5398070229411148
WIN-7089b82171d8c1f899d1,5.3665611471857925e-05,0.4380960870163113,0.43809609030325897,0.25496852295407196,3.192049074269481,5.869766233766235,0.4042502313294042,12.458801699165953,7.286184800354174,12.51938489219688,1.7182359815468515,17.507669505730494,0.5069589132427702,3220.4469151165194,3305.018235900109,0.7490674199850397,0.06571524482649453,3316.40625,3858.3984375,0.0040477904574960435,0.0708397930023289,0.08283712750872793,0.8422740759778998,0.6195612962148374,10.223163657142056,0.5329036510394237
WIN-60d9b0ed579c572dcbd5,-5.072700216453924e-06,0.44467198171309913,0.44467198174203315,0.259040709630276,3.176195827516234,5.877083116883117,0.36134151510870804,12.027226742734209,7.142783800018443,12.261377109556635,1.716610421485444,17.11114268544427,0.5063755312942745,3224.5309366444776,3306.530650381746,0.7439978355948781,0.06576383984054453,3316.40625,3849.609375,0.004270320717401546,0.06764083015191663,0.08222689049630473,0.8458612469639777,0.6288602403440205,10.006673139440238,0.5247294492018126
WIN-6757cecfcb93696b7e63,-3.501772186147677e-05,0.43652038752913475,0.43652038893369777,0.25995166778158824,3.096523100243507,5.818954545454546,0.2927424598364501,11.634680325844982,7.093650557309337,11.911918575699612,1.6792367314172556,16.360405972658455,0.4912076006333861,3213.4396093912756,3300.4307980214076,0.7490134340514408,0.06766173450187826,3407.2265625,3846.6796875,0.004217558252164585,0.07451683974632789,0.08233044872691041,0.8389336121659621,0.6173328879961695,10.359230662931743,0.5408996496723688
WIN-e9818dd29f3f6707b5d8,-3.528871753247235e-05,0.4174605587410458,0.4174605602325563,0.2512199261958875,3.096523100243507,5.818954545454546,0.23845694236504045,11.549550174760421,7.417522504427959,12.325945426067369,1.6617334721505401,16.845616955133355,0.49637469789149097,3208.627821782411,3301.8528578542164,0.7632211420756991,0.07100561761535368,3316.40625,3861.328125,0.004503746118182972,0.081302984221356,0.07957527149776557,0.8346164280388954,0.5903782913545178,10.655454402813014,0.552457120650446
WIN-905dc95e598e76866a63,3.3781304112550464e-05,0.4013065983504104,0.40130659977223665,0.2370289402123918,3.1310750482954552,5.844563636363637,0.20677343810804763,12.35530357122004,7.802201733200273,13.209674082315093,1.6930700504796983,18.24439599411539,0.5203766980581715,3269.3034314832444,3350.073963713042,0.7506091877139127,0.06353666282608639,3316.40625,3858.3984375,0.005153381637802148,0.06527005455398467,0.06794419568944017,0.8616317509979331,0.567533227763864,11.25272316234697,0.5416728434716773
WIN-3cdb2e14c08a65d61871,0.00022591723484848125,0.4048643422381119,0.4048644052698336,0.23596852422233497,3.3631828405032476,6.056346753246754,0.23653778372323903,12.752269466465338,8.306936338978604,14.252675654826431,1.715755974668237,19.813077740159976,0.528794066172181,3295.548896983745,3369.1611003078715,0.7404833276629693,0.06228213984645639,3588.8671875,3849.609375,0.004986701073244268,0.05929238295748545,0.056577256519842384,0.8791424878937568,0.5725640077244909,11.388240082780133,0.5341971311867532
WIN-bae34b43585f25e9574a,0.00024813887987012697,0.41375420755079234,0.41375428195837183,0.238837586661526,3.3631828405032476,6.206342857142858,0.30576264285480304,13.387013753449963,8.128454464752807,14.081463841180808,1.7323667004850478,19.66038047288855,0.5187098924910409,3281.3992387686317,3355.7279424922012,0.7467203758706881,0.06398596679558599,3377.9296875,3849.609375,0.0047518071303994484,0.06022809559565442,0.062027824186974403,0.8729909442992467,0.5851366720439223,11.584172524162604,0.5343393938744555
WIN-871dc132fdd23d7ed86b,0.00021534840367964947,0.4386317106135416,0.4386317634767194,0.2558485234491342,3.43188024310065,6.393329870129871,0.3355276300161282,12.969638677246369,7.8240577378409,13.413719167972982,1.7144197572913111,18.68814549523719,0.5101258438203183,3251.546376490787,3329.585493446074,0.7514709900072403,0.0628653664386513,3316.40625,3849.609375,0.004224220847376347,0.0650202153734734,0.07090807950959047,0.8598454606739625,0.6203188784944881,11.171009316543472,0.5331397095222624
WIN-e1cf6299c65e6f91c02e,1.4269615800860872e-05,0.4521744083582104,0.452174408583369,0.2640401190463339,3.43188024310065,6.683566233766235,0.3156816553111015,12.60510401277311,7.589726835370676,12.997571185329697,1.7125216054849177,18.127646994791025,0.5097091424285357,3257.2468373033084,3330.3711423084055,0.7422176081737897,0.05853232310223957,3316.40625,3846.6796875,0.0033938862033363482,0.06096981895599289,0.07116147273810317,0.8644741539484937,0.6394711541207628,10.842617932896305,0.5343222343503385
WIN-7cc1389b1dfc1169beba,-0.00023812897727273216,0.4497598821814155,0.4497599452210596,0.2642628329429789,3.26033998336039,6.512025974025975,0.26381009548638634,12.00441271908863,7.249067014517411,12.33748971445996,1.701941738119504,17.15421816690447,0.5088757396449705,3261.2793147866378,3335.844398123461,0.7387472244042336,0.06220374275327687,3316.40625,3852.5390625,0.0037860241974969383,0.06109599191261256,0.07374466925022224,0.8613722832616343,0.6360565178243871,10.580525185479145,0.5377729708607378
WIN-8a06df5c41432d906b4d,-7.973200757576317e-05,0.4474369003013879,0.44743690740539854,0.26905114826981874,3.1074984249188318,5.9331792207792216,0.2812636184111231,11.456392138141018,6.945109742805257,11.549842641039087,1.6630180182506493,15.773772595771442,0.5028752396033003,3256.378707403072,3334.768848953932,0.7483344831051787,0.06244815712291206,3588.8671875,3855.46875,0.003607465591633771,0.06666339968952824,0.06993635555476693,0.8597924805049479,0.6327711134114516,10.143520124279926,0.5428670919733926
WIN-7ce2dc560e4e02eaaa93,1.8131304112549992e-05,0.4241035425899501,0.42410354297752545,0.2539865682771239,3.059532191152598,5.7673298701298705,0.2755828883219826,12.118861599078109,7.214116085107825,12.04603933150633,1.6697872877793984,16.460263059809527,0.5096258021501792,3256.3993188518543,3338.290922574097,0.7515400202728291,0.06063013960420676,3600.5859375,3852.5390625,0.004094215055374569,0.07046796478943408,0.06836546050088399,0.8570715521404213,0.5997725306242192,10.634384940518308,0.5519417910590687
WIN-b6b2759f8352f91385c6,0.00026376770833333576,0.3527486620344992,0.3527487606505986,0.20795788812646332,2.843989597903138,5.499857142857143,0.06450248692513624,14.477749088026737,8.06236595317787,13.675795727257894,1.6962509276608388,18.533580232391422,0.48429035752979416,3225.4832495918404,3323.219649999302,0.7233339230969794,0.052268357095703204,3600.5859375,3814.453125,0.009487934801880578,0.08591218457584236,0.04763563643863673,0.8569612412309886,0.4988619215640374,14.177616492876673,0.5410802877679177
WIN-9229e6a5f10d3103b3a0,0.0001862290719696997,0.3594309362779624,0.3594309845226479,0.20792483500042166,2.843989597903138,5.4441675324675325,0.07554681695242209,14.844013421503925,7.9124775558018845,13.67796972345171,1.7286582649936468,18.732917032553527,0.4950412534377865,3219.665598222785,3313.448749160878,0.7358930095977975,0.05504573554697411,3448.2421875,3823.2421875,0.008895444479952101,0.08070602210218382,0.054347845048462746,0.8560476218220349,0.5083120841445014,14.264113598585293,0.5504750187965781
WIN-ff675681894bc84fb826,8.131987283550076e-05,0.36233167359671903,0.36233168272222765,0.21022983171828105,2.775292195305736,5.418558441558442,0.11220257707587492,15.07301437314911,7.659534972065039,13.201229209998946,1.7235027006350245,17.99088500252374,0.48620718393199436,3254.4260419266943,3340.29739254981,0.7112571166799375,0.05013326798744821,3448.2421875,3793.9453125,0.008761600305919312,0.07389080799293439,0.04234612710472014,0.874998107072435,0.5124143067022942,14.281005623016105,0.526991816463964
WIN-aa46db7a66608312e249,-2.8433373917745806e-05,0.3512337068963806,0.3512337080472621,0.20696330619380418,2.643266246252706,5.281163636363637,0.12038003682101672,15.052025953229048,7.525662217731965,12.771666122132451,1.6970820311338835,17.233882083509997,0.47703975331277604,3211.1888021967166,3310.399843468692,0.7150064428487841,0.05525242721542697,3448.2421875,3820.3125,0.009131163985105818,0.08907706705508116,0.04819337747685394,0.8535955040969512,0.4967194220430218,14.687267389971117,0.5449985112872141
WIN-379f90e88480a639fdbd,-6.279477813850289e-06,0.34772878855681427,0.3477287886135134,0.20393350029762133,2.637897390110931,5.069787012987014,0.11030280647700445,15.381134141285068,7.586077070642724,12.935086124880112,1.7051087148719144,17.474065950464855,0.479706642220185,3232.1836310742433,3327.042994210419,0.7182274528638921,0.0528736777667158,3448.2421875,3811.5234375,0.008914254278559632,0.0851799704646483,0.04209961594937201,0.8638037101311474,0.49176276726433477,14.967624206544365,0.5320270891830068
WIN-339a9add6d74c0b99029,1.7500392316020167e-05,0.3522114188110394,0.35221141924581195,0.20698958884657065,2.672127285213745,5.225474025974027,0.10286486441014168,14.871623156493653,7.586713942801649,12.90947675238646,1.7015900229899206,17.4196729294219,0.4847070589215768,3250.451781069013,3341.4121308141503,0.7162318557240953,0.05354058097537194,3448.2421875,3811.5234375,0.009138435893488974,0.07948135590744526,0.040669757679439575,0.8707087443395307,0.498102160143004,14.153881311231782,0.5289581032587009
WIN-b9eea8e72338bc41f2b0,1.2317600108227818e-05,0.3542367086880601,0.35423670890221537,0.20821125451423841,2.8859428696293294,5.439289610389611,0.11195775369362672,14.855446992637603,8.146933384077446,13.860647813435634,1.7013331470815847,18.766046033468168,0.4881240103341945,3213.073188882541,3314.9335410444705,0.7415883142748058,0.061532664376359215,3600.5859375,3829.1015625,0.009491941893824497,0.08977494054962573,0.05083052876669851,0.8499010338518836,0.5009663566615851,13.784490242210685,0.5554752020156216
WIN-dfcba3e61544b077929a,0.0001397871888528164,0.3572566195014794,0.35725664684940855,0.20622877733724976,2.8859428696293294,5.667332467532468,0.1122863376281762,15.239808292148306,8.07806627272561,13.993890216862894,1.7323316923100784,19.18479751158726,0.4892074339528294,3233.6899395961827,3325.7194220277406,0.729227821141388,0.05750278781276574,3600.5859375,3811.5234375,0.008431904179145204,0.07995816167980833,0.051524594156974295,0.8600845985521931,0.5052371424362091,14.176686892599413,0.5405616835242899
WIN-a8cfe540110d3943574d,5.9199851190478575e-05,0.34763341210502896,0.3476334171457159,0.2002055910610277,2.793990896604437,5.522214285714286,0.1476234222433559,15.952425531792176,8.037175826008855,13.95560874091075,1.7363821624642446,19.06545885893206,0.48237353112759396,3201.2624075762114,3301.933401567964,0.7422034752187402,0.0635875361177802,3448.2421875,3840.8203125,0.009587306574803209,0.08677099872200397,0.05820335623588894,0.8454375991219457,0.49162785899779055,15.401619455178212,0.5502500068117286
WIN-c58af995928a333482a0,-8.812017045454325e-05,0.35045960922870345,0.3504596203072473,0.2032949386009853,2.793990896604437,5.522214285714286,0.15528122013751106,15.951040998295605,7.972361820591422,13.743533979832943,1.723897420748796,18.64825589147039,0.4794566213851154,3244.8071023401308,3335.72648167349,0.7259538665567095,0.0519465265808568,3448.2421875,3811.5234375,0.008336771822600448,0.0800826834434864,0.04445523033887182,0.867124809927624,0.49562469813960386,15.151825293358085,0.5318120774811093
WIN-b1bba7d08a3993e6a2af,-1.2004261363633195e-05,0.3554981998610672,0.3554982000637438,0.20741285413752705,2.894479233265693,5.727087012987013,0.08846355884590025,15.296742282275813,8.142036254300436,13.955158397909736,1.713964168422818,18.888885875230365,0.4736228019001583,3179.0221858403947,3287.974577329404,0.738858782324518,0.062905626655996,3448.2421875,3834.9609375,0.009513246502334797,0.09932897312202482,0.054080447963214116,0.8370763682324968,0.5027503505193459,14.518834380719477,0.5456671459194128
WIN-4241aeffaee17b9a0e3d,-1.3155992965365145e-05,0.3552726123179218,0.3552726125615096,0.20705821408175057,2.894479233265693,5.727087012987013,0.10078107878106622,15.447402048195267,8.147206204239609,13.979060169566216,1.7158102813517233,18.960148955140472,0.469789149095758,3255.13817227803,3343.128300423101,0.7182526738434808,0.05343663767009645,3448.2421875,3782.2265625,0.008240953598937562,0.07756536082620272,0.040423099129618396,0.8737694774231097,0.502431252199926,14.53587855201916,0.5198650555475757
WIN-bd222c7f925c41456329,-0.00023201887175324407,0.35280108642147234,0.3528011627148188,0.20335319252414324,2.6737532592397195,5.167345454545456,0.1065792799673447,15.482866428111686,7.578640724020024,13.148322020610166,1.7349182392167133,17.99103376326279,0.47812317693141093,3228.2186378951637,3326.686675108407,0.7205696323358587,0.05261958632293267,3448.2421875,3829.1015625,0.009480893875719713,0.08623201142878265,0.046631022341598355,0.8576534872146144,0.49893607264808015,14.339152539346145,0.5309113208714883
WIN-339607495d82db0420a3,-0.0003050860795454516,0.3435178816522251,0.3435180171291574,0.19820801062062818,2.8626882992018396,5.674649350649351,0.06868216656293097,15.469738259737142,8.333444408877046,14.442848652906399,1.7331187374909922,19.781860612392197,0.4875406283856988,3235.557640478399,3333.884685906326,0.724822624516173,0.05595105610393005,3600.5859375,3837.890625,0.00895510732846539,0.08533265416161928,0.049937695326375126,0.855772021368027,0.48580764516662367,14.977577083047263,0.537618570809425
WIN-73a0de716e379e199bf4,-0.00016630242153679365,0.35661739783525304,0.3566174366113953,0.20669658492341272,2.9025246628382035,5.714485714285715,0.09315166961172663,15.200033027917735,8.13904303280867,14.042441310288863,1.725318474622149,19.18470160862052,0.4911242603550296,3217.394678715585,3317.0856312320248,0.7385636985057581,0.06247718482680722,3600.5859375,3832.03125,0.009370222261503898,0.08627125488414863,0.053339560379070824,0.8510163343661756,0.5043331563987244,14.613249814846986,0.5487233655367179
WIN-d3bec76b06a422742775,0.0002531734713203476,0.36600266048577607,0.3660027480490725,0.2147796176406927,3.1226575374323597,6.131548051948053,0.08911165246435958,15.388319203424402,8.53178713566695,14.538891407478667,1.7040851085770097,19.6468087180898,0.4995416284690391,3276.340176143667,3354.4862633871894,0.7210483659918893,0.04916534061445491,3588.8671875,3741.2109375,0.008293422188974,0.06564964325695258,0.04266744418950562,0.8833841440860868,0.5176059256783153,14.596349847343667,0.528686250113271
WIN-161295d87b1de77b2471,0.00011113786525974095,0.3640968021955982,0.3640968191576049,0.21315956404443998,2.7967009041260824,5.390916883116883,0.05426505760154106,14.617849499393062,7.6812011447642075,13.120222480516519,1.7080951576725363,17.816948364722883,0.5006250520876739,3255.63467528264,3341.7031438981016,0.731633075568997,0.053962920980156225,3588.8671875,3770.5078125,0.007717528915688051,0.07508084399281811,0.04540231379205837,0.871793354373246,0.5149106050636818,14.010150432373932,0.5299546780724177
WIN-ef58e564314086daa891,1.632325487013129e-05,0.3388816614371166,0.338881661830246,0.19696542109562143,2.594215978990801,5.108403896103897,0.11001823032570958,15.958840692925326,7.655226797968937,13.170920888282252,1.7205134786781051,17.85346022451912,0.4874572881073423,3200.8010740910768,3302.708971635822,0.7302128462877175,0.05660240927109983,3588.8671875,3767.578125,0.008527854894434198,0.09237300131011975,0.05017302974463266,0.8489196020829649,0.47925104136461383,15.420710497317977,0.538071319175163
WIN-2e51ffb83fef1ccb0ed4,0.00010050128517316151,0.34526552664872806,0.34526554127588793,0.20137116190214874,2.5926411638663422,5.157996103896105,0.06400291356914958,15.297460228802814,7.509122266525743,12.874937698940705,1.714572921031992,17.482811604699354,0.4885407117259772,3237.188739348586,3330.8751141336597,0.7037622963312743,0.0477338402643987,3588.8671875,3767.578125,0.009026671133346632,0.08299246976899759,0.0433672597509986,0.864607147509419,0.4882791412493851,14.802892768454189,0.5242843559959716
WIN-64a5b204c39997d67504,8.132834145021732e-05,0.3418686255064407,0.34186863518018457,0.19891597189152238,2.7954814236066023,5.3608363636363645,0.06783646557479771,15.426384154637406,8.177063163823277,14.053579493943541,1.718658546760146,19.067572978151933,0.4947912326027169,3217.5985633767928,3315.3611227859437,0.7241934850929441,0.05458751094588088,3588.8671875,3776.3671875,0.008471832515955017,0.08822561187363845,0.04663957559979198,0.8566569808120433,0.4834752415871577,15.098314964132461,0.5275956786732696
WIN-77959e2d1634a114c33d,0.0001852213068181833,0.33776220808567087,0.33776225887129624,0.19796434524484577,2.7954814236066023,5.384819480519481,0.10507209930691382,15.727286082846504,8.276476575387719,14.121135905230716,1.706177233338861,19.07321904334174,0.49270772564380366,3238.5391824141943,3332.3019544882773,0.7316306155845149,0.059209692010416426,3588.8671875,3770.5078125,0.008847624896245153,0.08208861907547634,0.04356196727816235,0.8654954873821924,0.47766788193121534,15.450321035579925,0.5378052473712633
WIN-65dcd0bcaacab2264c51,0.0002076123241342002,0.36102104711690297,0.3610211068126934,0.2085730836320955,2.962499095873918,5.702697402597403,0.11437787673090163,15.666470520342816,8.205888907771616,14.203650079246566,1.7309093796962403,19.39872357623821,0.4919576631385949,3257.560343287633,3342.759720247841,0.7218240836236527,0.053165766897394426,3588.8671875,3767.578125,0.00883218933947795,0.07272492098344607,0.04232064518888164,0.8761167309303469,0.510560850055198,15.19494584646492,0.5210297381153987
WIN-79eae6840a69221bafd6,2.9263298160173757e-05,0.3585202050430767,0.35852020623734776,0.20637904461465775,2.962499095873918,5.702697402597403,0.13761086141970746,16.134368954098978,8.263130067219752,14.354650693296001,1.7371928768496063,19.57320570099245,0.49470789232436035,3278.9596896433786,3358.352725175817,0.7064721177181282,0.04557782929407207,3588.8671875,3767.578125,0.007816403759806544,0.06779246098245892,0.036698073856145326,0.8876880413306384,0.5070241356770453,15.881228871554477,0.5135400051247864
WIN-828e3bb5ef1dd0044a37,-8.499525162337565e-05,0.34845488151789267,0.3484548918839301,0.2049884604031115,2.823071823146645,5.5035155844155845,0.08917337702010344,15.458160249783104,8.101685150337639,13.771857291777689,1.6998756476193382,18.56728023997167,0.49387448954079505,3251.379092266144,3342.4681734024452,0.7236210261919273,0.053959753630054584,3588.8671875,3770.5078125,0.008913050361853263,0.07859348531317197,0.04311421626839207,0.8693745919360674,0.4927896192086962,15.60740254426888,0.5233325450002831
WIN-05233c14afc8918bcc0e,-8.794232954545338e-05,0.35913946544651815,0.3591394762137186,0.2063971297754059,2.823071823146645,5.5035155844155845,0.12068066721454448,15.86594002054101,7.860655845749511,13.677863767800138,1.74004103934382,18.710958688071294,0.4875406283856988,3264.0223284583044,3348.2047087217957,0.7258642651707825,0.050963442106242346,3588.8671875,3758.7890625,0.008819983197397924,0.0715585858388662,0.04139408125631025,0.8782229830215921,0.5078998727757482,14.880073196361806,0.5132688977243138
WIN-57cbcb05ebf0abffd980,-1.6297849025973014e-05,0.3466997634086622,0.34669976379173123,0.19949080060536395,2.6572736313988097,5.301894805194806,0.09188245187713553,16.637928455037812,7.664480651297523,13.320281553444424,1.7379235670913997,18.13598088535439,0.4872072672722727,3251.8415665302596,3342.4781206794005,0.7301872209729262,0.057824535577726925,3588.8671875,3767.578125,0.008411685812463076,0.07946452085045745,0.037730898834070596,0.8743880583440898,0.4903074911512999,16.031399629504236,0.5204253406719462
WIN-203830bfa3caa65af3c9,-3.7909753787877886e-05,0.3427246279260612,0.34272463002271447,0.20046438619639928,3.0316541508793295,5.676275324675325,0.04530024261622857,16.315920985224142,8.845743449105358,15.123155830253207,1.7096534527845266,20.383575058010003,0.49162430202516877,3217.2955744493797,3319.528286792178,0.7375248287715678,0.062363083330543245,3588.8671875,3796.875,0.0096768454883826,0.09035248717124607,0.04589528334457416,0.8540705278746654,0.48468565790854934,16.234512297255492,0.5374195884543472
WIN-a20eb768de36050f92f0,-0.00022845358495670887,0.3518420738858608,0.35184214805412956,0.2025783478448616,3.0316541508793295,5.712859740259741,0.08099985090351207,16.29599239546068,8.616517855058982,14.965341474628193,1.7368201083456374,20.396295780035956,0.49162430202516877,3273.063367051812,3355.6120659255776,0.7239592106431283,0.05096618074454414,3588.8671875,3750.0,0.008867124406319923,0.07003199661332504,0.03672367651257428,0.8843730895420674,0.4975798130066453,15.43632632324987,0.5096238620838176
WIN-e63c6b66cd224b51e862,-0.00028627728625541074,0.34484131190150813,0.3448414307310504,0.19931775327941698,2.6812055893804114,5.3197805194805206,0.11958952077256733,16.272350543591035,7.775184042383147,13.451915573261886,1.7301089594658356,18.315102527429413,0.4917076423035253,3264.4529277783085,3354.331426564816,0.7263192560324728,0.055640743621695514,3588.8671875,3770.5078125,0.00804200952927663,0.07887577868914052,0.036861401555725724,0.8762158953835383,0.4876792343240373,15.120060507916172,0.5246253714047207
WIN-b331cad4b396b50ade9b,-0.00022869070616883056,0.35463688399742915,0.3546369577340257,0.2045336998244882,3.0011671378923164,5.584407792207793,0.11096833378291632,16.056946821164555,8.46264629907721,14.673215907466425,1.7338803240571516,19.99345541448409,0.4889574131177598,3279.325429032753,3361.47839620636,0.7081733333229754,0.048954241129061056,3588.8671875,3764.6484375,0.008533055772886211,0.06895640076342308,0.04057631183570855,0.8819297523317032,0.501532291066674,14.519549714324192,0.5183588755295636
WIN-dc246e026a16a9308b7c,1.030206980519605e-05,0.3535424518273712,0.35354245197747003,0.21051441411221822,2.763671706155303,5.316122077922078,0.001845669666098163,15.120814639560656,7.817085870987864,13.128182779298683,1.6794215895702462,17.548090587680353,0.4902908575714643,3212.7702752813566,3310.5314438756886,0.7058218560318766,0.05640359536224659,3600.5859375,3706.0546875,0.008320305915492255,0.08918879084626927,0.049873678338714575,0.8526126572052988,0.4999845299889056,15.552987423464328,0.5517185637025293
WIN-2e8b910ee86ff2f7ca91,0.00013374059794372446,0.3537907790628921,0.35379080434131643,0.20994087917617021,3.037648329531927,5.850254545454547,0.044658625058292434,15.287259640831122,8.586001366482092,14.469065488519934,1.685192544338878,19.330522738555096,0.4934577881490124,3237.0880703028884,3325.997252038964,0.7078584586673046,0.05044680160387869,3600.5859375,3688.4765625,0.007165364504003809,0.08080128937277932,0.045413696637560015,0.8666146071344887,0.5003357070585613,15.521123872587609,0.5426543544181371
WIN-4d214093c1bc71885e69,0.00030924416937229605,0.35672030748004885,0.3567204415233544,0.21022192566587528,3.136426251609849,5.949032467532469,0.04070759594077183,15.958929655913021,8.792392827860176,14.919596239356762,1.696875529951265,19.99643101779066,0.48820735061255105,3226.6249689656447,3318.4832572914697,0.7421585112183793,0.06399475425995807,3600.5859375,3714.84375,0.0070491657256522705,0.08388494907036496,0.05105272005474669,0.8580098736027946,0.5044785766951322,15.500175515034138,0.544583841611241
WIN-69e67fe1de9f0ba190d1,0.0003486062905844169,0.3530064891904963,0.35300666132092445,0.20993813839017408,3.136426251609849,5.7287129870129885,-0.0008758083024750289,15.629020042855307,8.884892539604472,14.939764044995963,1.681479430208023,19.962573907472127,0.49387448954079505,3232.55666489436,3325.9068375952565,0.7416100669869388,0.062163300550997516,3600.5859375,3735.3515625,0.0069387101115143445,0.08632337078031245,0.046015850935800524,0.8607180825034257,0.49922649320215273,15.665168376244676,0.5437439774095146
WIN-71f201b692d6e86ee3bf,0.00022750510010822653,0.35019470709536726,0.35019478099506374,0.20947728627276338,2.7504127094291126,5.442135064935066,0.037750541283262044,15.219193464722936,7.8539511685641825,13.129885145803497,1.6717553832418772,17.47514531176418,0.5002916909742479,3246.6813157713063,3333.9514736135266,0.7097659380054228,0.052145427062505516,3600.5859375,3691.40625,0.006475000912031991,0.07983057185397048,0.04596963823117766,0.8677189567534304,0.4952500317247143,16.02580219583579,0.5351971195243295
WIN-c92f8602faf52aa67c41,-3.888364448051868e-05,0.3497372057107197,0.3497372078722538,0.2070518879581011,2.7644846931682907,5.514897402597404,0.0422350727628898,15.287688472685852,7.9044626391886545,13.3516517063315,1.6891283210194021,17.939950883653367,0.4907075589632469,3238.8500219596076,3331.133629115531,0.6920672645117548,0.046301838052820614,3600.5859375,3717.7734375,0.006350253056022402,0.08498480534659604,0.0495122386119937,0.8591472785384859,0.49460293844721104,15.574066673030275,0.5382223423919377
WIN-3996d45e1ddf96d6f2e2,-0.00018549230248917663,0.347485467357176,0.34748551686628515,0.20556647238524534,2.8079794983630957,5.35108051948052,0.045900383261511496,15.38907193718573,8.08085333650192,13.659715350308169,1.690380307803228,18.381162460044393,0.49270772564380366,3245.7057150026076,3336.3192981352386,0.7119369021858091,0.051766110115568004,3600.5859375,3744.140625,0.006586504144081507,0.08330183266041744,0.04383098705399111,0.8662748547050674,0.49141841125039065,15.47560689013314,0.5352618209927142
WIN-01b084345d1d1dda81c8,-6.981102543289895e-05,0.35250881362555775,0.3525088205382633,0.20893652088413603,2.9400898879734854,5.48319090909091,0.07901339953576277,15.791405150432873,8.340471831246024,14.071689695598097,1.687157511022484,18.868332656803968,0.49445787148929077,3245.885588281922,3334.8821311349275,0.7247015270168429,0.06047800538729749,3600.5859375,3717.7734375,0.007025762760308068,0.08078766028571609,0.041933891710637695,0.870244632329386,0.4985227148567497,15.518633777484695,0.5310128813988101
WIN-5c006f77ce463e42e755,-0.00018850712932900256,0.35215745300529927,0.3521575034584914,0.2085832148433645,3.250650926934524,5.866107792207792,0.07563235686852772,16.409231539975327,9.23067347706946,15.584431994492054,1.6883309796584332,20.864278106911257,0.4950412534377865,3229.9015019305966,3324.908932843053,0.7351522498745214,0.06342064388446707,3600.5859375,3717.7734375,0.007483597270956427,0.08620419980527445,0.045703507908192706,0.860602716272522,0.49802584180848836,15.98491998352734,0.5389340824872785
WIN-c9bca0fa61e360d5746b,-0.0002993104843073583,0.35860016212869533,0.3586002870404493,0.21218610114669464,3.250650926934524,6.012038961038961,0.08647021074106614,15.60106528918274,9.064830800201769,15.319810813960288,1.6900272218623844,20.57959650775103,0.4953746145512126,3252.5447743261784,3342.3284224364675,0.7215470942331382,0.056570981878196966,3571.2890625,3717.7734375,0.007434299788332947,0.08032156414362114,0.040628747580512395,0.8716112600147221,0.5071371628115929,15.23836013503205,0.5301363380972972
WIN-5ae9f6f3696b756cd399,-0.00011784500811688219,0.3545886081984001,0.3545886277808757,0.20956015195218933,2.9287080697916674,5.690096103896105,0.03941800300977175,15.406420169728271,8.259452899299566,13.975500792945931,1.6920613221357188,18.825300902926138,0.4892074339528294,3229.9740573391987,3325.9289743256063,0.7095222844319407,0.05233638433853231,3600.5859375,3723.6328125,0.008175391321885838,0.08649360755215449,0.047206883962863044,0.8581185775759947,0.501463994218805,15.092405022928732,0.536751182230717
WIN-0b13bea642e6d77e074f,7.401992694805293e-05,0.3532600391455884,0.3532600469004275,0.2098005677398404,2.780744433428031,5.3535194805194815,0.011889676723946929,15.306720866466376,7.8716641120867,13.254227399722728,1.6837897566454527,17.770170331309505,0.49554129510792566,3252.1594396293267,3344.5450493571702,0.7102847940420535,0.05648888295966763,3600.5859375,3714.84375,0.007686736946216512,0.08300211323598601,0.04255372676787548,0.8667516707037947,0.49958502395107884,15.283906412904617,0.53957102275119
WIN-346596b0929cc42917d6,1.1386052489177873e-05,0.365226589108861,0.3652265892863429,0.21522656219887043,3.019356121739719,5.59213116883117,0.07624745355299628,14.773437795744726,8.26707641311469,14.028733678958222,1.6969401246449065,18.866949779740473,0.4945412117676473,3269.8391134888866,3353.2450633453604,0.715805100401479,0.05571005292702936,3600.5859375,3691.40625,0.00736295193704712,0.07410430005519299,0.03652369473039364,0.882004808806372,0.5165083851194877,14.364224950924362,0.5229626170633068
WIN-58b278a7e2dcbba4fc07,-8.095572240259655e-05,0.35590874619033,0.35590875539750594,0.2108203377779852,3.019356121739719,5.4539233766233775,0.06207444644238737,15.190220252625252,8.48351178761812,14.321939493831374,1.68820882817589,19.200147905683966,0.4981248437369781,3240.863428593911,3331.003669496137,0.7238401428519836,0.056668754667780034,3603.515625,3697.265625,0.007513618825177193,0.0819205614808572,0.04261690161471732,0.8679438091322802,0.5033309480347868,14.674936699696355,0.5278529534970559
WIN-8ad57c0b9255dfa199a4,-6.6592951839826e-05,0.35921872225095886,0.35921872842355085,0.21634256500444854,3.0209820957656928,5.670584415584416,0.0524050500169016,15.0719707512432,8.409868018338054,13.963882214716323,1.6604163328400214,18.582327240217705,0.5030419201600134,3285.546366300221,3366.7049421562574,0.7020849112818841,0.04845826430969797,3600.5859375,3700.1953125,0.007231413393590244,0.07170271935593224,0.03560087466757586,0.8854585406891649,0.5080118248221153,14.800050476883618,0.5253334990314004
WIN-51e64d94e6ba2dd02317,-2.2640841450208244e-05,0.4160356990860537,0.4160356997021159,0.26444883928403007,2.892799568222403,5.686844155844156,-0.006889608056989853,10.310063333688952,6.953248411823101,10.938976234660142,1.5732180970312426,14.532485695007798,0.5106258854904575,3249.4535230106712,3290.254596024874,0.6823554505208386,0.03890911724161978,3336.9140625,3521.484375,0.003955750975851699,0.03243394647930935,0.04271429896043816,0.9208957537882619,0.5883630528866798,10.331982071627497,0.4798535420056429
WIN-f34f88daad4b7a9a13bb,0.0001045238771645114,0.42340080348490416,0.42340081638667554,0.26818001229297894,2.749307360430195,5.420184415584416,0.05351306871927341,9.994586709778781,6.493391731944291,10.251723597567757,1.578793336479318,13.659628318655873,0.5138761563463622,3251.8717203376787,3291.543805362804,0.6980703509652911,0.03801886982000667,3336.9140625,3521.484375,0.003919876222481361,0.030632377238121237,0.0430560783717883,0.9223908010844734,0.5987788570267493,9.75102021292222,0.48788290882113927
WIN-d41750cb4ba6b45b374d,0.00017328902867966165,0.4333574983280431,0.43335753297505675,0.2751084001740125,3.071273159050325,5.67221038961039,0.11536428654610754,9.812673045692128,7.087157659308566,11.163865433031159,1.5752246485362598,14.827595308195784,0.5114592882740229,3242.4616846623603,3284.4844453542632,0.6897146547180473,0.040106441558775234,3336.9140625,3521.484375,0.004352728856322002,0.03224740030859224,0.04422675178775611,0.9191721952670661,0.6128600323399263,9.650090147744502,0.49105856569896567
WIN-a6960b575c39988059eb,0.00020787485119048535,0.4315167776653157,0.4315168277351549,0.2735718875184118,3.1411900421672083,6.00838051948052,0.12436994033285251,10.047074699869421,7.279414938802448,11.482137549474338,1.577343460426049,15.267745728871848,0.5087923993666139,3237.986927722802,3281.2918556632812,0.6914332902333606,0.041244979568253876,3336.9140625,3524.4140625,0.004390874747529455,0.03318545345163698,0.046644978305369254,0.9157782321940099,0.6102566397064686,10.075096127237671,0.48555559966731354
WIN-c705729605c8ffcb6f46,0.0003180684659091005,0.4309922658876442,0.4309923832534803,0.2723388438328531,3.1411900421672083,6.00838051948052,0.10274966768632587,10.356078115421237,7.288272749619536,11.534124173941075,1.5825593484432123,15.350485200781565,0.5108759063255272,3234.6958872214877,3278.4268309800946,0.689936924456805,0.040319002977582105,3333.984375,3518.5546875,0.004564974553613359,0.03374094524929623,0.04640284763478274,0.9152904199115228,0.6095146958555758,10.36281096125069,0.48279854913314185
WIN-b44ad2caefaee532dc9c,0.00018287550054113348,0.42618231536585427,0.42618235460193465,0.2710371590228761,2.96517835385552,5.5604246753246755,0.1101390887759869,10.258971382040919,6.9575343085663786,10.94011745302537,1.5724130083742192,14.498473351944812,0.510542545212101,3247.1355501809853,3287.821402418807,0.6950296077407017,0.03904887968826653,3336.9140625,3524.4140625,0.004501210401777787,0.030044932994526173,0.04536842544368248,0.9200851650955978,0.6027126739951933,10.558267250617074,0.4889214626856252
WIN-bd613a02750615c9c225,0.0001077080762987103,0.41368294507548403,0.41368295909712743,0.2652643472257779,2.96517835385552,5.486849350649352,0.1392975813038361,10.069260137452167,7.167755617296691,11.178201612297904,1.5595120996168572,14.716612924387988,0.5070422535211268,3221.9811185005287,3272.012481043913,0.6848314280446247,0.04270857858932243,3336.9140625,3524.4140625,0.004835241471191079,0.04079727373094745,0.04928365305996819,0.9050833453617838,0.5850360098676193,10.667571747602489,0.4994092249385118
WIN-d08de811b15bb1987617,0.0002411395698052032,0.41297109142873895,0.41297116183110893,0.2621183464726935,2.7672160161931822,5.378315584415585,0.11053400065586375,10.303993443130546,6.700748797849904,10.557124495178758,1.5755141423210346,14.008504408169879,0.5065422118509876,3224.237629217923,3273.3451771739697,0.6978349429292635,0.04165295038180258,3336.9140625,3521.484375,0.004911705920234424,0.03897018499297932,0.04982399016923001,0.9062935100852573,0.5840291620073179,10.618618780017462,0.4935035959099248
WIN-1cf7daa4a95ef9286808,7.674682088745335e-05,0.41950057060586937,0.4195005776262108,0.2640074067523945,2.8655874447646106,5.720583116883118,0.056836171691336076,10.476693770126184,6.830949938074019,10.854193372844705,1.588972759457693,14.502685699481654,0.5122093507792316,3244.502670718236,3287.622565967432,0.697159468011336,0.04026885554350191,3336.9140625,3527.34375,0.004869486651375182,0.032424920342277036,0.04639556534816793,0.9163088967102112,0.593263014050436,10.467727366204246,0.49422783011267124
WIN-1503c05f80ff9e37c282,-0.0001608147591991266,0.42819593881776413,0.4281959690158388,0.27005818961095107,2.8655874447646106,5.720583116883118,0.04561159734163233,10.650420812078558,6.692233584879735,10.610999980716,1.5855692790917293,14.098194826016014,0.5127927327277273,3242.251981165062,3284.108685322279,0.6805442050017705,0.039927738139081896,3336.9140625,3521.484375,0.0048492204217315295,0.032498019719828304,0.04590273306830859,0.916749121770105,0.6055603110426581,10.686930327795393,0.4941197295837529
WIN-0e4db0e40ed1f08b6a51,-0.000360132075216443,0.4268251860566391,0.4268253379866244,0.2697797429330358,2.8639614707386367,5.529937662337662,0.0772715548743909,10.84996769782584,6.709914374440619,10.615924826642406,1.5821252305477511,14.062792502310932,0.5089590799233269,3243.6619312267885,3286.608038938825,0.6957237770939535,0.039871760335114616,3336.9140625,3524.4140625,0.00473427113207108,0.03320942750258056,0.04535750335988075,0.91669822565562,0.6036219570286091,11.17140501031903,0.48765679698310416
WIN-fd313f29908670a0da12,-0.00044563120941557726,0.41280748045016985,0.4128077209825322,0.26340712648787207,2.8639614707386367,5.513677922077923,0.08928217317954283,10.396150941303452,6.937761396310915,10.87275621170268,1.5671850890487269,14.370836390812984,0.510375864655388,3238.1863996687894,3282.6881078579463,0.6951600443451806,0.04200602390973167,3336.9140625,3527.34375,0.0049825265570096105,0.033585636670046326,0.04458083484687734,0.9168497987661776,0.5837978659944145,10.800787240799647,0.4813485788848837
WIN-0f9b2af42d34b44da4c2,-0.00025698434794371397,0.41641258668946735,0.41641266598696086,0.2655984581230587,2.9354813864042213,5.747005194805196,0.08531202496836392,10.756047372110064,7.049452685209846,11.052328417633674,1.5678278741831333,14.55487827930159,0.5107092257688141,3238.696703277498,3284.842756012758,0.6803978408618075,0.04135052173588829,3336.9140625,3527.34375,0.005088021228227066,0.035447358218008866,0.044235660758629676,0.9152279674996504,0.5888962891055503,11.243914185782963,0.4879215619995917
WIN-d2bf5edb6294c03be3e5,-5.2043871753239063e-05,0.41212552940111147,0.4121255326872032,0.26301252781553713,2.9354813864042213,5.747005194805196,0.07692010631126907,10.889136925772178,7.122784573080753,11.160994538069493,1.5669425943644746,14.654293621584078,0.5042086840570047,3225.6672907355255,3276.3681045837066,0.6913672053008529,0.040245532265926226,3333.984375,3524.4140625,0.004911333069467842,0.042574366831986385,0.044461443340188,0.9080524039400641,0.5828335125091585,11.461286279500483,0.4993445478374392
WIN-0dba483cd52e28da632f,-3.605512716449305e-05,0.4027101659266344,0.4027101675406639,0.25696861872406657,2.734290042167208,5.399859740259741,0.06842551059670224,10.245610619184818,6.789721895671586,10.640560142064095,1.5671569919264259,14.057454729710619,0.5089590799233269,3228.2456551330097,3275.68672793152,0.6988526570754174,0.04124649334663415,3336.9140625,3527.34375,0.00488435963291042,0.03811644265554904,0.044483152033746205,0.9125156356972601,0.5695178878672302,10.501920784579555,0.49139789762932495
WIN-8c5c2f4a696f556b0d19,0.00032338771262739824,0.2846963588526994,0.2846965425213268,0.20015555230684864,2.073049528946394,3.902337662337663,0.04765857364792581,6.812572256435045,7.281611187054788,10.357192218969505,1.4223764429150092,13.024122141272716,0.5005417118093174,3041.5910716632975,3109.4148637663297,0.7151079320083303,0.07175414960335526,3011.71875,3509.765625,0.00794361290751321,0.057472408657917876,0.12901926042124995,0.8055566955651535,0.40262111525150907,8.110330354184464,0.5903578996346651
WIN-53a159cc2fc7cc77a379,0.00044194831868800324,0.2803459214221751,0.2803462697743003,0.19791979430259585,2.073049528946394,3.902337662337663,0.06106596455378046,6.554097074127228,7.394603575813436,10.4741899931771,1.4164640316080146,13.167119104533892,0.4980415034586215,3034.7744357564293,3103.8517729519276,0.709930117662667,0.07171035510057705,3011.71875,3509.765625,0.007873248072917062,0.05956736337831435,0.12255937994347363,0.8099916711976509,0.39646842543941513,8.186232682729939,0.5895185558953061
WIN-b6b91b00c0fccab7f7f1,0.00043446206327674847,0.2840381306778746,0.2840384629522308,0.20053177465441888,1.8271209575178222,3.420642857142857,0.049584561878648,6.148274714683064,6.432653305192235,9.111378786017484,1.4164262169439457,11.482443605538254,0.49837486457204766,3034.6783871775856,3100.730225516646,0.7026324215537226,0.06727707791656054,3011.71875,3509.765625,0.007176240852772217,0.05747340935724827,0.12225598036766187,0.8130866945715393,0.4016900594939329,7.815950712191985,0.5770838390354215
WIN-b10bbdf4c10aaab818af,0.00010056152215120773,0.286972467088227,0.2869724847077212,0.20201364416648376,1.8271209575178222,3.319019480519481,0.03566507072893297,6.347662080409234,6.366885519956247,9.044542337957173,1.420559912625508,11.378355172981138,0.49879156596383034,3051.0705864357524,3113.855109550181,0.70228028157383,0.06480191271432419,3011.71875,3509.765625,0.0065593365711675575,0.053910217545322645,0.11873949450398635,0.8207845205993347,0.4058403164773304,7.7346630177160876,0.572897349038669
WIN-8d67a46a2121dd909f68,-9.093079386610766e-05,0.28698103396343644,0.2869810483692823,0.20113771663254534,1.7604560224528871,3.4051961038961043,0.029963865948977833,6.6771147539498195,6.134398185699804,8.752490840195218,1.4267888348963198,11.023984019575373,0.49579131594299525,3054.3857640440656,3116.3521763192593,0.699669356280513,0.06469074741377745,3011.71875,3509.765625,0.0066055537984999555,0.05238270006949933,0.11920307161247004,0.8218043556658743,0.4058523030331504,7.635125245621176,0.5657306954068353
WIN-a179e3ac14ea80714945,-0.0001775816596669735,0.28937842633180644,0.28937848081970186,0.203914881847898,1.6447400814432172,3.287719480519481,0.037282746450376394,6.448490888612507,5.683698652292994,8.065816808122804,1.4191140842488035,10.152175903869038,0.49887490624218683,3063.5564898810903,3122.587406230571,0.6994226934030702,0.06251644063146782,3011.71875,3509.765625,0.006864176660563751,0.04731394007661573,0.12070322269948515,0.8251148837335973,0.40924260122838135,7.179823974929544,0.56156125631459
WIN-1bce2fc71404cbcfeb18,-0.0002662649930003073,0.2884838779123515,0.2884840007910231,0.203930972413237,2.015327451024316,3.80112077922078,0.04524663015080537,6.45093055828916,6.985924507048234,9.882400045298958,1.4146159231028275,12.411050683414864,0.5036253021085091,3053.4425730280564,3115.4675633404445,0.701855319177933,0.06358544598722536,3011.71875,3509.765625,0.0069903719237666495,0.050606479661758436,0.12848068751878933,0.8139197504489301,0.40797720985049496,7.254958539624805,0.5600991874366178
WIN-8fec5551862db2f244aa,-0.0002366925904029049,0.2839320131071753,0.2839321117634909,0.19994453490571468,2.015327451024316,3.80112077922078,0.02174328751994534,6.73382106377736,7.097920127808372,10.079432538451622,1.4200543760596465,12.673810270345149,0.5024585382115176,3061.0546613444358,3121.5768453471524,0.6974565451633361,0.06286364895692897,3011.71875,3521.484375,0.007230294787215329,0.047848526610555484,0.12472942971698847,0.8201904536667517,0.40154023636942393,7.4455365150754504,0.5606911812470714
WIN-e568f4445c9a447c1e92,-3.334421377952812e-05,0.285413700264546,0.28541370221230916,0.19973804604849563,1.997035243232108,3.9511168831168835,0.006654091207823377,7.138459861536254,6.996984474626195,9.998271649945135,1.428940093574275,12.593665826088927,0.5013751145928828,3056.9556764818994,3119.557492339165,0.7004695913768768,0.0634008070057022,3011.71875,3524.4140625,0.007335222907136101,0.05043537965866655,0.12457771445530517,0.8176497897329861,0.403635849095656,8.120486115257796,0.556637839362101
WIN-cf13bfe3e7d6f5d19f0a,0.00015455740959709581,0.28584654083042543,0.285846582615068,0.20089632783072686,1.997035243232108,3.9511168831168835,0.005621985929871423,7.089751891013445,6.986388379931784,9.940625917786054,1.422856185079184,12.494072273118928,0.5013751145928828,3055.0747430433453,3117.626408183157,0.7024321070657377,0.06379094820678387,3011.71875,3509.765625,0.007220982521240652,0.05204236247644769,0.12428553672521159,0.8164479985295237,0.4042477956383186,8.55274148406621,0.5647702776963585
WIN-8b121ef2433d93440359,0.0003313482104628965,0.2799503593448426,0.2799505554360324,0.19816272694584938,1.9466300484269132,3.7608779220779223,0.032231848971802285,6.372893865280947,6.953478071825998,9.823391504644729,1.4127306368322228,12.327230483742323,0.4987082256854738,3042.657343852132,3109.8609864503464,0.7017166039409006,0.06766412726202671,3011.71875,3512.6953125,0.0075781824634003235,0.05658374932788866,0.1256493657185468,0.8101861417602954,0.3959093490111134,7.58932579196284,0.5697306791684423
WIN-32503f132f17adc51e85,0.00021407483383951935,0.2813170274569629,0.28131710890960065,0.1982837690472457,1.464122256219121,2.8812259740259742,0.054412729273909964,6.087379620341268,5.2045261729332015,7.3839743073618695,1.418760144917114,9.290211382324427,0.49854154512876075,3051.3016062599872,3118.6314813139766,0.7038927172322728,0.07054447553702511,3011.71875,3524.4140625,0.007673388745589956,0.055008337654868386,0.1275282500982859,0.809782822102866,0.3978421888381865,7.041146733443793,0.5739955214444037
WIN-b7d9c4e94ccf982535a2,-0.00015197256875788283,0.2850874734345844,0.28508751394085385,0.1991200412102845,1.7133027756996404,3.361701298701299,0.03970702772623222,6.572896131867292,6.0097432960500825,8.60437133940561,1.4317369171210146,10.859081134899698,0.49829152429369117,3059.3285556143023,3124.419757165605,0.7125003991046351,0.07089684339785104,3011.71875,3524.4140625,0.007551045342833787,0.05191860673323694,0.12995449102597642,0.8105707815692073,0.40317438671310735,7.749518792541952,0.5743279713924495
WIN-9e87a135b2d73e9dd7f6,-0.00028174562070593464,0.29215572100202847,0.29215585685522355,0.2029156400579615,1.8409417367386014,3.48934025974026,0.03567921292795837,7.055792774267407,6.301231666372413,9.072448709245261,1.4397897410487006,11.469298196554872,0.49754146178848235,3063.033515823009,3127.1236708217834,0.70876009372439,0.06802695843848035,3011.71875,3512.6953125,0.007417223051787509,0.05173991204347821,0.12846325430135205,0.8123719381098808,0.41317034009430315,8.55683129442909,0.5758372123140106
WIN-593a648bfb02094b8ed8,-0.00020749280685312076,0.2901083072192405,0.29010838142128564,0.202937611184966,1.8409417367386014,3.4665766233766235,0.028256850635630347,6.720084936895265,6.345703380623472,9.071466476717404,1.429544674966332,11.448693661046665,0.5007083923660305,3067.3976558477434,3130.7291888702903,0.7116317594460748,0.06755710228550509,3011.71875,3518.5546875,0.006902597429393984,0.05228584906600528,0.11987042517956881,0.8209354989464659,0.4102745661191648,8.096699088430391,0.5728665984523935
WIN-57ffa0f255cff11ff648,-5.1331551441864936e-05,0.2886645554255946,0.2886645599895913,0.20363840914813885,1.8418894320925678,3.634458441558442,0.01974498042600761,6.684694998224354,6.380725892200284,9.04490189148758,1.4175349394827659,11.356864410336188,0.5035419618301525,3061.166390116946,3122.442663606069,0.7054036633924429,0.06451176219513768,3011.71875,3509.765625,0.006725214868422383,0.05198987231826869,0.11854025724805606,0.82274279438031,0.4082333108725963,7.739614652380402,0.572058409833074
WIN-59f59b72b33551329818,-8.107332633363976e-05,0.29504212656566525,0.2950421377045561,0.20698483365800868,1.8418894320925678,3.634458441558442,0.036982348926833955,7.029110265950588,6.2428012704094575,8.89866856200168,1.4254287741227212,11.18834789498802,0.504875406283857,3074.0631407939204,3133.7009234175443,0.7145140460228578,0.06297244837392722,3011.71875,3503.90625,0.006265012494579176,0.04989697358481542,0.1163637911390605,0.8274713533869847,0.41725187956921855,8.270346800478062,0.5656402098419482
WIN-26a74af4c843ff6daf41,-0.00021928111854143298,0.29494404248044737,0.29494412399455744,0.20581617644728217,1.793110211313347,3.530802597402598,0.019885352770724427,6.904919330343881,6.079491216920652,8.712192803581319,1.4330463673183214,10.987921948381832,0.5070422535211268,3080.5951746142227,3140.8437547869244,0.7115913481666658,0.06560465669311964,3011.71875,3506.8359375,0.006424712588527979,0.04950441505544325,0.11506100468469908,0.8290048038355612,0.41711334492966173,8.018887400597045,0.5594189722692752
WIN-14d7f80984a0b752a720,-0.0002967520059873201,0.2944347023068227,0.29443485185055857,0.2060938798532559,1.793110211313347,3.530802597402598,0.027239468542352607,6.652657521338184,6.090006668834695,8.700453466067923,1.4286443249007446,10.960281706121712,0.5068755729644137,3080.1661618222506,3139.934282059784,0.713819715381273,0.0671598717335561,3011.71875,3509.765625,0.006758773369969266,0.04840266706684364,0.11661185341871912,0.8282211671716762,0.4163935005863529,7.88792150285962,0.557094845022249
WIN-6af8a9abcc1d54ea6a8f,1.401555735927577e-06,0.4005060166780468,0.4005060166804992,0.257506861415404,2.487371853828464,4.739307792207793,0.07599177093538322,8.614413654644128,6.210573000721077,9.659439131628554,1.5553217280407026,12.788264124973054,0.5086257188099008,3239.5902686729064,3294.6544924541986,0.6733514945241373,0.03646051001563078,3319.3359375,3527.34375,0.0037628147531825794,0.0534030549533772,0.02463051823473199,0.9182000685664687,0.5664010075137252,7.9798319774844435,0.47855580581835067
WIN-6d3313e3f3f6965f01ad,-1.509530573593402e-05,0.4031320556298297,0.40313205591245194,0.2577774082921627,2.2787645098079006,4.540938961038961,0.059386358083565044,8.74309286779579,5.652650233047026,8.84004740716583,1.5638765964082533,11.786966439350719,0.5127093924493707,3257.0064282624007,3306.820468392307,0.6790347982143056,0.03779174847885841,3319.3359375,3530.2734375,0.00359639406198256,0.04675199741801018,0.0244534459545984,0.925195496150642,0.5701147321816644,7.974384412930416,0.4901941294474065
WIN-37d0018cbfa47696f984,-0.00026817138798701566,0.3952750583633214,0.39527514933274077,0.253065528250575,2.3637978278544374,4.705975324675325,0.05606158255293833,8.764982733183334,5.980132654022789,9.340655142507448,1.5619478166927334,12.433817733391857,0.5120426702225186,3274.5989400419294,3318.7398253839815,0.6757939867688914,0.03794396308464319,3398.4375,3527.34375,0.0039731706407605885,0.03857192895966372,0.022293823283229718,0.9351590778021152,0.5590032757953619,7.985155760423306,0.4819840875595235
WIN-d92cc1bad4316b7d1a8b,-0.0003206767992424266,0.4031042550915359,0.4031043826436419,0.26080451043842445,2.3637978278544374,4.705975324675325,0.0752774558370518,8.145719489423412,5.863984440819766,9.063485228348698,1.5456189080643552,11.981754924615753,0.5081256771397616,3244.1204140064337,3295.8374336507186,0.6710132360782022,0.03730661737716722,3319.3359375,3524.4140625,0.0038996115000215627,0.048783604144419054,0.023571963323887786,0.9237435107144456,0.5700754878884012,7.246132019718903,0.4653403587054559
WIN-0bda89a6cbca00fc09ee,-0.0001958155438311725,0.41289349448930657,0.41289354092225544,0.26535579386174246,2.31697489941829,4.588905194805195,0.0897698211289632,8.009729903925312,5.611555206791056,8.731578329948828,1.5559997198924105,11.631787826988814,0.5090424202016834,3278.292137193313,3319.0513445574406,0.6741787863553825,0.033697020538292384,3319.3359375,3521.484375,0.0034476801561724004,0.03659854878836079,0.022233932793462485,0.937719057870695,0.5839195641190298,6.95919790579841,0.44736297093551897
WIN-d81d869b3bdb93c8b152,-0.0001431407602813899,0.41105555514636183,0.4110555800691203,0.26177318013834777,2.467047178503788,4.799468831168832,0.05042097336976139,8.374570550693912,6.001736256889992,9.424369514059933,1.5702738525402264,12.584687827734435,0.506458871572631,3279.9766315371235,3321.7112647721265,0.6831998087229645,0.03516892719050377,3319.3359375,3524.4140625,0.0032211532622037006,0.037763435128220876,0.023330727656969013,0.9356838666047678,0.5813203252012258,7.306162105527261,0.45136200067172527
WIN-95032c32fc26b6aa91a4,-1.5874418290047433e-05,0.4215332457611919,0.4215332460600973,0.26544134158814714,2.4812744512310614,4.900279220779222,0.052478079126701424,8.702468953554211,5.886307840286989,9.34773173001666,1.5880466981384944,12.563957722261984,0.5017084757063088,3261.538409176328,3309.226907328398,0.6815544741146103,0.034314394644184516,3386.71875,3527.34375,0.00304022012132188,0.045986770494873555,0.021924964031938728,0.9290470880776613,0.5961380255958082,7.45257188431247,0.46095346361237294
WIN-b4c1295d21b4bedbce89,0.00012700804924242032,0.429395380786331,0.4293953995697704,0.2694273957906859,2.4812744512310614,4.910035064935066,0.029781921733064175,8.842637744530595,5.778530589082645,9.209436345328138,1.5937332516169496,12.428053070231735,0.510375864655388,3299.8486037843722,3336.177324473331,0.668288660334192,0.031734381201446046,3486.328125,3527.34375,0.003246285418336639,0.03111173825511307,0.01922700290970453,0.9464132593020312,0.6072567202957534,7.481769263352346,0.4495384864130744
WIN-f036030be2575b1e9fac,5.7633157467528785e-05,0.4361857708344888,0.43618577464201874,0.2793991451298702,2.4946887369453465,4.923449350649351,0.00637398472800734,8.21105045868946,5.719326218254227,8.928762955866732,1.5611564396079665,11.906196424176795,0.5127093924493707,3279.7107375105566,3323.857509280455,0.6682003987014362,0.03297324616269193,3486.328125,3527.34375,0.0034218773447212353,0.04070818345385665,0.01897633270188046,0.9368912766915023,0.616859831368036,6.938452192834442,0.4661627645840052
WIN-36737f655d76b9c438d2,-2.2175067640696138e-05,0.4476827435461943,0.44768274409539305,0.28565341405484534,2.68167574993236,4.97304155844156,0.01184760597109877,8.033931342348286,5.990125340535694,9.387865217000668,1.5672235025619927,12.591763218224104,0.510542545212101,3280.5056946418867,3322.708023978453,0.6770822818606109,0.03113088213173062,3319.3359375,3527.34375,0.0032000603915617208,0.039372488990562525,0.019762188402999856,0.9376634813988521,0.6331189662129868,6.59398253388256,0.46001720842379457
WIN-b6c96400ed4fb9d9799c,0.00015251551677488768,0.448044562462283,0.4480445884206186,0.27940789957092127,2.704769704613095,5.386445454545456,0.013121595484193508,8.64883989562441,6.036831544247678,9.680362326036782,1.6035501827509686,13.142837568030364,0.5128760730060838,3289.793467800373,3329.1758562776827,0.6745818691594699,0.03225262285610729,3398.4375,3527.34375,0.003239472763550124,0.035714958626074475,0.019113111567893304,0.9419306380140863,0.6336306351524917,7.046645809980386,0.454959370279904
WIN-f39a39c07848c2fa8cf4,0.00017473716179653375,0.4436450518691403,0.44364508628074306,0.27448428298277416,2.731191782535173,5.454329870129871,0.02941320534738985,9.475492710321411,6.156253877228094,9.950266561151789,1.6162859361494615,13.490120097186033,0.5069589132427702,3264.781258782072,3312.302698490988,0.6692300269515681,0.03334271051382793,3398.4375,3521.484375,0.0031446142872642298,0.04585026958025764,0.020079245845354143,0.9309243859490245,0.6274087925367245,8.080085610597504,0.45779584880694657
WIN-c50a0cc2f993812c0db1,0.000203259456168828,0.4441494749048313,0.4441495214144038,0.27743356268822156,2.731191782535173,5.454329870129871,0.060677231758967096,9.15730850559374,6.149262018411017,9.844489455641776,1.6009220986428951,13.279102307831119,0.5049587465622135,3282.5889210298665,3324.927953466961,0.6664351127802179,0.03158859730827847,3486.328125,3521.484375,0.0033065765612465027,0.039164230385122144,0.01816783991266922,0.9393586622834152,0.6281221938947555,7.908200720027095,0.4499423853848692
WIN-ab70f1377e750813aee3,0.00021640274621211758,0.4428923766043214,0.4428924294728604,0.27958034376706803,2.5170458798024895,4.984829870129871,0.07176786335865074,8.300836233927516,5.6831991524277035,9.002942931819842,1.5841329311772772,12.136331666638037,0.5076256354696225,3284.4287322574246,3325.579879752747,0.6645037986763405,0.03361342636193684,3319.3359375,3524.4140625,0.003615467909867248,0.03645067191516321,0.019374046272614888,0.9405554239725227,0.6263443789347607,6.947090695161521,0.4473532273919987
WIN-778cd539f2bc49785463,6.505166396103564e-05,0.4389843629963776,0.43898436781627476,0.2774141612189304,2.4677839903273813,4.924262337662339,0.06160535630309146,8.376903346914556,5.62157600872609,8.895666967667717,1.582415136580766,11.998536062463815,0.5001250104175348,3267.19597561671,3313.4333593645943,0.6738242407220039,0.03323005650530905,3319.3359375,3521.484375,0.0033107880875467336,0.043805297098516716,0.01935310941154994,0.9335267214009678,0.6208176213534924,7.102242546299796,0.44955824970647823
WIN-f163cf2d3db17d465291,0.00021307034632035368,0.7251541389584146,0.725154170261395,0.44749544559062054,4.043097962770563,7.942476623376624,0.10387160503032238,8.436879766493732,5.575501222460846,9.034947735446341,1.6204727386726585,12.45885951193961,0.5156263021918494,3325.241105240388,3351.9626560949773,0.6331374058240812,0.019324691432571272,3451.171875,3515.625,0.0011056922640433173,0.02604261589430253,0.017240118985596305,0.9556085369555879,1.0255226906647372,6.5035158342359765,0.409216522729807
WIN-5c43bbbdaa57bc0b8283,0.00014200173160174,0.7393236183691234,0.7393236320062446,0.4566166148588745,4.043097962770563,7.942476623376624,0.09194787694873487,8.32395305856396,5.468644295589005,8.854469660529764,1.6191343195716317,12.214063984240237,0.5145428785732145,3323.7299452127036,3351.8505153380906,0.6364911671054105,0.019760943353177553,3451.171875,3518.5546875,0.0011058009649936474,0.027670317168137185,0.01700891816847012,0.9542119308574527,1.0455612119582383,6.277769087866779,0.4134970563715429
WIN-49b7c7da22a45c2bbf70,6.70375541125622e-05,0.7454860091410613,0.7454860121552249,0.45717784481587304,4.381073465800866,8.258322077922077,0.08570083244876187,8.460098758374134,5.876801702997968,9.582864776738573,1.6306258507645675,13.253888801827403,0.517459788315693,3321.8958046666644,3351.5794444419967,0.6442753642121448,0.01993448386984875,3451.171875,3518.5546875,0.0011264532715875397,0.029650092347890566,0.017052988560325326,0.9521665892869704,1.0542762387353941,6.275074501567007,0.4135993363393197
WIN-fa179cb10c4e051257c3,0.0001507752164502254,0.748653867151874,0.7486538823345683,0.45752059756608954,4.381073465800866,8.258322077922077,0.1004773613473604,8.447765025558061,5.851934477562947,9.575685748570999,1.636328257821852,13.263286616131412,0.5136261355112927,3323.6042896410822,3352.0447631981265,0.6382008819984681,0.019105499548800885,3451.171875,3518.5546875,0.0010845219061214166,0.02875819721836776,0.016052749685460155,0.9541017522488022,1.0587564090514474,6.279632936530854,0.4119412969583297
WIN-29f7163d7050e10356e5,0.00019054383116883967,0.7351614132252157,0.7351614379183988,0.44930668395526696,4.045716322943723,7.871746753246754,0.10212287687149767,8.589031304645674,5.503167215072677,9.004353746354486,1.6362130014294545,12.47063518857068,0.5085423785315443,3314.3621931095063,3346.005942789269,0.636793628436845,0.020273522441764093,3451.171875,3515.625,0.00116423534409205,0.03238139042607865,0.016923651256768157,0.9495279092668342,1.0396752365678115,6.544146190986317,0.4126572407318669
WIN-2b3b8ca4b94f1a66a6f0,-6.7782792207786e-05,0.7254979942202668,0.7254979973867174,0.44221958434588743,4.095715024242424,7.921745454545455,0.09168991212527583,8.833386719445548,5.645384327716636,9.261722386834974,1.6405831470765884,12.857905491472641,0.5073756146345528,3302.7463897317175,3337.036389767534,0.6483924862758529,0.021147244998471374,3451.171875,3515.625,0.0012527334824551976,0.035539563909847145,0.017199541416953897,0.9460043325491336,1.0260090630389598,6.781681203020913,0.4174140252388181
WIN-7b42bfb24ae6986130ca,-0.00011713787878787118,0.7093292107397691,0.709329220411782,0.4341443067907649,4.146933206060607,7.868088311688313,0.10742961427073701,8.746480631350636,5.846274320473319,9.55196956676818,1.6338558615534449,13.224708383557557,0.5082090174181182,3306.107467689095,3339.90443458483,0.6473458420907205,0.022041419555563206,3451.171875,3515.625,0.0013022603877009967,0.03435680982703123,0.01760171443024733,0.9467357817407585,1.00314277204366,6.802341190370217,0.4172419362965522
WIN-e2fa3d0026ee95555403,0.00011334393939394695,0.7069750383937393,0.7069750474795259,0.43317194555252536,4.146933206060607,7.9973532467532475,0.10969025067195898,8.627287039042091,5.8657419676114335,9.573411317673125,1.6320887230499737,13.266203547764608,0.511959329944162,3309.081363377484,3340.9234559140423,0.6431428099483391,0.02221777795773361,3451.171875,3515.625,0.001306986630884514,0.03191422997210378,0.01688714630439457,0.9498873104358104,0.9998136872083255,6.691133061475499,0.41062667216009713
WIN-ad3af21f425470679c9c,0.00016652683982684802,0.7212344168827871,0.7212344361075962,0.44356220647258304,4.121324115151515,8.0441,0.11390220264050407,8.436762686776177,5.714264195963833,9.291423063107535,1.6260051590994833,12.865131645592935,0.5138761563463622,3309.9293303707755,3341.8295125358854,0.640598550905422,0.022549767569035,3451.171875,3515.625,0.0012753126931840631,0.03148735400804099,0.018451840939836994,0.948782595739485,1.0199793994398159,6.44792900443942,0.41612568955826656
WIN-75570d12349ecbec0685,-0.00013414285714284996,0.7260585125194153,0.7260585249111894,0.4490124960230881,4.121324115151515,8.0441,0.13264546923990786,8.32111440281362,5.676297397169126,9.178640130608791,1.6170118456396783,12.648798147327371,0.5189599133261105,3322.0878223182312,3350.0010602284806,0.6416819577915627,0.01977160794753781,3451.171875,3515.625,0.001141588566235274,0.027001429964804487,0.016651551659713288,0.9552028420003016,1.0268017881510376,6.435148945434691,0.40995775944941243
WIN-ae7a7867fc2e531edd24,-0.00035737554112553305,0.7320315202719239,0.7320316075067399,0.4548657913206349,3.8375916476190484,7.334768831168832,0.11843557608707085,7.934348658100644,5.242385176077896,8.43675589775335,1.6093353720441057,11.6422685987871,0.5155429619134928,3327.254357384915,3354.0992038493328,0.6302094295870541,0.01906031935057074,3451.171875,3515.625,0.0010883869349433192,0.026182054441261562,0.01564625916615907,0.9570799298105417,1.0352489040121475,6.006935351458052,0.4059075078811683
WIN-a68a755ce2cd8aba8b22,-0.00027631396103895304,0.7436957816881985,0.7436958330192698,0.4633328328642137,3.883118920346321,7.667280519480521,0.09899035536265721,8.089835950624021,5.221380499842716,8.380841254727018,1.605100653930164,11.523943186272312,0.5115426285523794,3328.658911583917,3355.5227998904074,0.6366167630261023,0.0187334197396094,3451.171875,3518.5546875,0.0010365177148671833,0.026620763450570278,0.01532728697119132,0.9570126578919614,1.0517446042436913,6.243378610594518,0.4040517106174727
WIN-9fdc1c898741ccabff1f,-0.00018908722943722183,0.7499229997985194,0.7499230236369534,0.4629412253757576,3.883118920346321,7.667280519480521,0.07804497750179507,8.325302421514042,5.178023340994271,8.38793070802045,1.6199097909818685,11.58489086674124,0.510542545212101,3324.6735226831292,3352.697465228328,0.6426444992956053,0.019096228253914882,3451.171875,3518.5546875,0.001077312021595633,0.028065165434708956,0.016307915103667626,0.9545468235869318,1.0605511133004146,6.3084887993177,0.4023908579394558
WIN-080d5625586964f3de4f,-0.00015074134199133382,0.7606157128299084,0.7606157277671175,0.46823660038643583,4.055472167099568,7.8908519480519494,0.09232965377427117,8.032485349882407,5.3318279113154565,8.66116011380555,1.6244260425984571,12.03144416002819,0.5096258021501792,3324.7685080136853,3353.344311560152,0.6382479405595446,0.019367139145981767,3451.171875,3518.5546875,0.0011061671898786628,0.02870141567087567,0.017066877103761313,0.9531230968675679,1.0756730566113946,5.839660509499023,0.4044910900000796
WIN-3f6f9bd370ee0e1cacb2,2.6422077922086117e-05,0.7568126817842274,0.7568126822454553,0.4676805990199135,4.055472167099568,7.8908519480519494,0.08732320364923912,7.880017627581876,5.358620781910877,8.671456920790973,1.6182255236369396,12.029136926635983,0.5094591215934661,3323.8827724621374,3353.8990094522487,0.6362539494047815,0.019931613888995028,3451.171875,3518.5546875,0.0011445017633234759,0.030283971231037946,0.017121373878009518,0.951447861564838,1.0702947567873107,5.729520708805894,0.40925778016517855
WIN-5ad94d4e628802dd6857,0.06727569579274892,0.9083898576350408,0.910877682621881,0.5639110370555442,4.8624059201434,9.356667532467533,0.16538703346608477,7.980521149621128,5.338154631412261,8.622647191875833,1.6152861404813148,11.952189812337888,0.5187098924910409,3336.107958431113,3369.3579769734806,0.6851459676884831,0.03496714586718019,3404.296875,3708.984375,0.0015362818149078617,0.008905703790073367,0.12720913879500886,0.8623483510163982,1.2846571702382232,5.889244026292204,0.442488154290205
WIN-5eedd0fe9bcf5a217b64,0.05616046960227273,0.9006375038061504,0.9023867860336394,0.5589011120497926,4.968094231831711,9.175777922077923,0.1554552944386674,7.967965488815497,5.505504190351701,8.889039804558866,1.6145732520060383,12.320416193583286,0.5182931910992583,3334.818409141525,3368.9624174876167,0.6855214769238156,0.03555299103534352,3404.296875,3711.9140625,0.00154771620871715,0.009249289085567542,0.12864379626155933,0.8605587016307358,1.273693686220002,5.920579635331201,0.4445634383647047
WIN-547b02a05f39fb8095fd,0.04511495704816018,0.8973997647731069,0.8985330807289652,0.5577794742562094,4.968094231831711,9.133096103896104,0.1516515488447771,7.885627811665591,5.529116666239654,8.906914759543067,1.6109109822040955,12.338324713372007,0.5204600383365281,3333.205603911056,3366.7379182340983,0.684039766005226,0.03358597935197249,3404.296875,3708.984375,0.0015055971787427047,0.009000901031012037,0.1290800901309253,0.860412917947604,1.2691143758441008,5.735954012322282,0.4415830665354743
WIN-fcdcbf55808d3e381b2c,0.03471559979707793,0.8999088105311913,0.9005781699224863,0.5609808098150726,4.784359166896646,9.03878961038961,0.12340871505365975,7.692642755840474,5.312541794459806,8.52856119706712,1.6053635956241652,11.815517977281763,0.5162930244187015,3332.10417784872,3365.7770204408343,0.6784908990060052,0.03399265059626087,3404.296875,3691.40625,0.001501293247618092,0.009091189979471349,0.12842171335997185,0.8609855206888459,1.2726620242390447,5.561362720869032,0.43966169162283875
WIN-e5b681c0cecbae63719b,0.024750106615259743,0.912162172322614,0.9124978884325031,0.5674195042737239,4.834764361701841,9.126185714285715,0.13435846080914735,7.571836969733541,5.298384163936799,8.520617154113589,1.6081538994660727,11.839710320066654,0.5177931494291191,3334.985883888642,3367.941955679684,0.674908472596259,0.0323346828102903,3392.578125,3682.6171875,0.0014318076093086999,0.008775943124014663,0.1263311377921687,0.863460679999007,1.2899916720439877,5.5748110733040495,0.43520620771243274
WIN-07f38edef3f6b93344a6,0.015056455965909092,0.9233387093408579,0.9234614605025456,0.5697741179975965,4.834764361701841,9.126185714285715,0.1553164593082674,7.679778526916268,5.235480383843564,8.485405372017532,1.6207501031221296,11.866802283982235,0.5240436703058589,3336.258420752894,3368.5965091635303,0.6648348413111339,0.029541809179491563,3392.578125,3676.7578125,0.001373510135148356,0.008444423261789605,0.1257608581115127,0.8644207824945644,1.3057980836026506,5.5724191705516635,0.432324035714673
WIN-aa42f9a7e7486a82c05e,0.005759509104437231,0.9289817206695449,0.9289995744257757,0.5697261906488862,4.8489916344291135,9.178216883116884,0.1758726542457993,7.9397139927598115,5.219584344181326,8.511091317213051,1.6306071050833502,11.949071678992308,0.5241270105842154,3335.981612128209,3367.830063107121,0.6675998800455638,0.030237531052284272,3392.578125,3679.6875,0.0013704928654966221,0.008443974954541186,0.12524950767066922,0.8649354927441623,1.3137784836529487,5.647973662238978,0.4329266530930348
WIN-01cff3d488db378ca630,-0.0033336828869047607,0.928632808447607,0.9286387921936496,0.5707722604287564,4.8489916344291135,9.178216883116884,0.1518613282312913,7.96408085955092,5.221612186768016,8.495492809650774,1.6269865523850824,11.889426117033285,0.5258771564297025,3336.5204185536195,3368.0084118511513,0.67521671349221,0.030651880135175308,3392.578125,3679.6875,0.0014053832479540443,0.008392481032654891,0.12515767376068293,0.8650442341853284,1.3132848397801644,5.781320687455785,0.4333041035909455
WIN-f0a68ac5d1127cb495ad,-0.012114111999458875,0.9200930676588942,0.9201728124996359,0.5647848565430218,4.74655527079275,9.13147012987013,0.14863371738453432,7.9765014088235935,5.158330268304325,8.404182965948172,1.6292448386988818,11.781345439024507,0.5237103091924327,3337.551551106711,3369.1111534454603,0.670389209556008,0.030707624587003678,3392.578125,3676.7578125,0.0013837422676738823,0.008665033414220062,0.12524162627208674,0.8647093732545261,1.3012080151992171,5.890069903067427,0.4322932267178281
WIN-28518b8bcd0e885f3cab,-0.020544956696428574,0.9127279235291179,0.9129591215577144,0.562766698126797,4.633143582481062,9.018058441558443,0.15571113885420523,7.897829258496845,5.074864222366055,8.232796286444326,1.6222692717869267,11.49195167198393,0.5221268439036586,3334.1234517585563,3366.1565074050136,0.6709789813897472,0.030638799015136393,3392.578125,3673.828125,0.0014467865828545288,0.008526808149189219,0.1290693707590817,0.8609567379800536,1.2907920670638051,5.805420029891682,0.4332331486920856
WIN-4fa2d139ff8968b73993,-0.02881852228084416,0.9109887218689104,0.9114444352777643,0.5658042258427896,4.651029296766775,9.139193506493505,0.1559002365298363,7.693492656729954,5.102921381427122,8.220209543028153,1.6108830469028719,11.41370320444865,0.5177098091507626,3334.297086805712,3366.401744017047,0.670368640834694,0.031352582281272,3404.296875,3676.7578125,0.0014160893749949899,0.008481747282416099,0.12892696742779686,0.8611747228138614,1.2883323029663099,5.5897275866139005,0.4315187362343501
WIN-2a4a1d86a40bc34f048b,-0.03667248494318182,0.9139405630622669,0.9146760213116344,0.5691703449376195,4.752652673390152,9.240816883116883,0.13607222467192204,7.639526795331627,5.195995699733889,8.350141070513235,1.6070338685868726,11.577586740312125,0.5180431702641887,3331.072842610303,3362.8492687917046,0.6709657419478412,0.031574752835880154,3392.578125,3667.96875,0.0014455310660879367,0.008498925728913679,0.13027544432215735,0.859779855888146,1.2925067380853508,5.519845971980682,0.43135637806331845
WIN-1dd6ce5799388f713725,-0.0440170096185065,0.923955583611934,0.9250034689791303,0.576498690888393,4.752652673390152,9.094885714285715,0.12389631174139928,7.708455002647554,5.137983621434659,8.243995603976135,1.6045196348183928,11.399870108988337,0.5222101841820151,3333.0196332879227,3364.385238447951,0.6658764665393987,0.029723585755013236,3392.578125,3670.8984375,0.0013725388458108027,0.007867257601439059,0.13183826084557126,0.8589217868691379,1.3066704845892334,5.5119643636969915,0.4293332390255126
WIN-4da49e5c8cc7085934cf,-0.05108759154491343,0.9315448231803369,0.9329446390884858,0.5795115637710972,4.698182543520023,9.26358051948052,0.1383578552022536,7.799775261873566,5.035864237459201,8.107142009279496,1.6098809711679578,11.24903967563661,0.52329360780065,3333.716816265617,3365.1490238193637,0.6715836458210626,0.029631109929423975,3404.296875,3679.6875,0.0013388279443557441,0.007838859602510342,0.1323358113342261,0.8584863552214443,1.3174032581215882,5.571934820735398,0.42969047554950146
WIN-ad7f51c2af33460b8889,-0.05795062466179654,0.9350839029149166,0.9368778897963628,0.5802789987865304,4.698182543520023,9.26358051948052,0.13423901503320718,7.73374837218627,5.014722403723491,8.096420089882084,1.6145300652857184,11.27689942062136,0.524710392532711,3335.0852021917653,3365.914537097081,0.6725703724596347,0.02966274258829889,3392.578125,3682.6171875,0.0013350692578933188,0.007694541277541414,0.13060554610390987,0.8603645769012048,1.3224083004652447,5.715883604664061,0.43062766789062196
WIN-5c9d2d493f28a606838c,-0.00010943397997835169,0.17212957071367366,0.17212960550082473,0.13216563516092128,0.7886713175135281,1.5502036363636367,-0.09273985949188909,3.951950823001313,4.581845843509863,5.967294876215713,1.3023779236557371,7.172778342254227,0.517626468872406,3035.383945171581,3248.171979947288,0.7961958576975681,0.15339230788063013,2909.1796875,4236.328125,0.018743715435510268,0.1546927482918059,0.25452530673926343,0.5720129240242869,0.24342796566894695,4.9933251551454365,0.8095878463679287
WIN-e4a835c1be23abfa3f3b,-0.000111290300324672,0.16824204413995233,0.1682420809486159,0.12876859605241028,0.7886713175135281,1.5502036363636367,-0.09997067656699525,4.011577380271042,4.687717324120085,6.124717840259788,1.3065458978742992,7.375601863524547,0.5135427952329361,3010.9496535970175,3226.1511840253556,0.7857154178495402,0.14593766064392402,2909.1796875,4236.328125,0.021205597312970725,0.15257757238907274,0.26290449517304443,0.5632899565322831,0.23793017671069108,4.979574552959341,0.804205805214962
WIN-76a68346c3fe343dec57,-2.426681547618719e-05,0.1662717997420328,0.16627180151286322,0.1273234556366996,0.732508682486472,1.4111828571428573,-0.0923890372637484,3.885833168953681,4.405489540722861,5.753132278869606,1.3059007916498244,6.936499270904445,0.5149595799649971,2989.1999693246853,3207.0288486816685,0.8018070812418389,0.15862847142647377,3641.6015625,4236.328125,0.021009806420796393,0.16030332697046104,0.26917174728087434,0.5494889801683911,0.23514380167209156,4.375801324617315,0.7975419032484294
WIN-856c4e23e82cb229d131,0.00013581710227273059,0.1675348053055462,0.16753486035763585,0.12874461542247703,0.7648655656033551,1.4937823376623378,-0.09249132971037928,3.8289459907335783,4.565411425216428,5.940951884375889,1.301296056588983,7.15103032212073,0.5144595382948579,2969.6125473314482,3195.6625430043887,0.8018249528719167,0.15627379287645413,3641.6015625,4236.328125,0.020591789030568786,0.17132759830120126,0.26811879107112063,0.5399373573978139,0.2369299878409106,4.511992892604434,0.8041116502523377
WIN-3ce6f7a4251c2fe11955,0.0001865136174242457,0.1694588226296412,0.1694589252720366,0.1298033480334384,0.7899720967343073,1.5548376623376625,-0.08735576650037002,3.9678300448265564,4.661732012412353,6.085914644703295,1.3055050415731733,7.336318821491717,0.5156263021918494,3009.4440820279005,3226.795728040589,0.7826177207914901,0.14975433556567264,2909.1796875,4236.328125,0.01966662092641498,0.15969840674120453,0.25451857714595105,0.5660853682213702,0.23965096270447733,4.840123147048559,0.8090244539031909
WIN-e5a588eb3f003ad8dec5,9.423959145021926e-05,0.16667332499480011,0.1666733516370354,0.12724725770441742,0.7899720967343073,1.5482524675324676,-0.06374976226917667,4.025921819949176,4.7396424741604175,6.20816598313753,1.3098384565810526,7.501864738693322,0.5170430869239103,3025.560026420864,3237.021252477067,0.7881102091675841,0.15424723223550044,2909.1796875,4230.46875,0.02117059568584255,0.1484058917813131,0.2633353552874695,0.5670630935337221,0.23571167664548398,4.980885090042507,0.8122886785910907
WIN-ab9d2599ba76962ca7c7,6.533112824675655e-05,0.1640007602010979,0.1640007732137088,0.1253472448504099,0.8166528383306279,1.5680080519480522,-0.07447064377795787,3.983691451453043,4.979567000342559,6.515123960632009,1.3083715833412999,7.874193149933128,0.5195432952746062,3022.6361067130783,3236.871092853124,0.8029758332618074,0.16028162308544167,2900.390625,4239.2578125,0.021587453396279686,0.14828498121079278,0.2769790352487249,0.553124715318887,0.23193209687469693,4.988093199944785,0.8094795560828134
WIN-10e8dc8f39d4df490350,-2.0086707251079056e-05,0.16344147205205148,0.16344147328636427,0.12542665772190972,0.8166528383306279,1.5680080519480522,-0.0772869749053732,3.908426351832044,4.996607176287388,6.510998962714627,1.3030840194070719,7.847817552149985,0.522960246687224,3031.5445170163935,3245.065316317631,0.7999707008401097,0.15979659327774873,2900.390625,4239.2578125,0.021723636491564342,0.1456972312592615,0.2795953878473715,0.5529634943519259,0.23114114311891207,4.6472585834037226,0.8120660856107844
WIN-546d4e125ce7c47c6959,-0.0001037566206709922,0.16490852260653446,0.16490855524716183,0.1263839179076114,0.7622492395914503,1.4583361038961042,-0.07636081576691525,3.939141114082603,4.622254063437662,6.031220207484271,1.3048223063191293,7.266213495358347,0.5191265938828236,3033.3878669694213,3249.169274747932,0.7976245014668992,0.15147983460995096,2900.390625,4239.2578125,0.021184362911143048,0.1470579736582566,0.27535478973142996,0.5563769951771387,0.23321581718751525,4.672565594201932,0.8173550396687205
WIN-3098ef6423c054b0089b,-8.751720508657658e-05,0.16265577382768556,0.1626557973720715,0.12405993846664141,0.7622492395914503,1.4583361038961042,-0.045373252447059524,4.103267762009698,4.686271574096654,6.144201335310737,1.311106545603334,7.413279439895011,0.5127927327277273,3039.5155138891496,3255.641885110583,0.8059518341347764,0.15609951863651308,2900.390625,4239.2578125,0.021802479557461618,0.14600057197092497,0.2642837271923785,0.567892338833038,0.2300299598992836,4.9619073440633175,0.8160347430916112
WIN-9001442a19087f321438,-1.6928760822477184e-06,0.1601881369652095,0.16018813697415468,0.12250400823289188,0.82736949933171,1.5798776623376625,-0.03460038505580967,4.107945397133639,5.164986090449605,6.7538157425187855,1.3076154754733742,8.140046133725965,0.5130427535627969,3007.632392263487,3227.132633362462,0.7859802305233005,0.14323044784640743,2900.390625,4239.2578125,0.022193925098866855,0.14825022079819775,0.29081144028574707,0.538730532546001,0.22654018905165751,5.079151948052332,0.8070415908286938
WIN-db2e07613041ce43123d,-3.2471209415581204e-05,0.16039966795901933,0.16039967124574508,0.12304499383358948,0.82736949933171,1.624917142857143,-0.06031574711410208,4.020957563663228,5.158174533032277,6.7241215879448974,1.3035855116655282,8.099154072493375,0.5203766980581715,3010.583409268689,3227.159417583245,0.7634239560346618,0.1230823311195469,2900.390625,4239.2578125,0.02139762566392485,0.1471120788874448,0.301263273444584,0.5302144905531494,0.22683935973663236,5.2098264395482845,0.791517954572465
WIN-de3ffd0eec3ac944aa6f,-0.00016313177218614403,0.1598501910307706,0.1598502742711096,0.12254342393150072,0.7975476435254331,1.5350007792207794,-0.0625983514468637,4.001572109660385,4.9893417271701725,6.508285944129794,1.304437799609371,7.840268509991689,0.521710142511876,3017.635886588228,3234.6373103881488,0.7847133350229499,0.13744555779908046,2900.390625,4236.328125,0.022112133764557354,0.14440640500455038,0.2843555656445815,0.5491132642236268,0.22606230809211644,4.913802489549009,0.8021409547690788
WIN-c310b4ced66b95fa6539,1.561697240260042e-05,0.16100618921477838,0.1610061899721711,0.1235523272134578,0.7556788123566018,1.493131948051948,-0.04593238180123993,3.951050957649114,4.693476769324972,6.116265305508337,1.30314170199888,7.364380368383103,0.5165430452537711,3022.1902591931184,3244.5323123695225,0.8020083197114821,0.15308813985348396,2900.390625,4239.2578125,0.02256081605003576,0.14734580070439757,0.2729271941557031,0.5571545232104156,0.22769712621121593,4.680831857797109,0.8131917121460792
WIN-f3bdad289752ad98ff1d,0.0001504373187229471,0.16054844685130737,0.16054851733277992,0.1234606580309082,0.703403747421537,1.3929719480519482,-0.05774845016071157,3.865265870285207,4.381253462211442,5.697391854494599,1.3004022487170481,6.850929454812119,0.5173764480373364,2991.7101776086497,3220.9642002690866,0.7926192816200723,0.14863755494525555,2900.390625,4239.2578125,0.02278029186575707,0.15658404726326522,0.28211210131584696,0.5385139936089707,0.22704978317203967,4.560485590876232,0.8158781879554017
WIN-cd511d89f0ae8602c18f,-8.793047348484758e-05,0.13247978611755126,0.13247981529848343,0.10360320809418831,0.6593007686607144,1.3061449350649355,0.05321974400928483,3.661076070267407,4.976612981912009,6.363709973681158,1.27872309877474,7.564174937140144,0.5206267188932411,3116.8140294028603,3357.4423317998226,0.761338439092106,0.1481454751782893,3641.6015625,4239.2578125,0.03674401588254667,0.1572733646631287,0.1416191409399225,0.6643477631023038,0.18735470437823637,4.766119582038708,0.8655898182971365
WIN-bb0222b9ae77b51d728e,-3.85347375541116e-05,0.13221319696858855,0.13221320258423813,0.10269673801693319,0.6593007686607144,1.3061449350649355,0.058730484160090204,3.756463236514971,4.986648502335928,6.419880332962332,1.2874138471774117,7.676649373897278,0.5155429619134928,3109.082431307811,3350.8340337658483,0.7834655286450616,0.15516975895160298,3641.6015625,4239.2578125,0.03546969929260228,0.1596918201099704,0.14541935879571286,0.6594106217805789,0.18697767107674454,4.88583782645134,0.8543477427111558
WIN-bd60552c9ac1eb806ebb,-5.598685876623274e-05,0.13065237835921498,0.13065239035489484,0.10154437280699813,0.6229602491801949,1.1530594805194805,0.06274086834593431,3.689550047668426,4.768073875137393,6.1348574219676255,1.2866531816778726,7.339994860180878,0.5211267605633803,3118.9328485766623,3361.7497025543535,0.7893777431457449,0.16079256094837568,3641.6015625,4239.2578125,0.03408363367331261,0.1589869160592488,0.14973083317129213,0.6571882819104753,0.1847703599870068,4.669495157421264,0.8527337025666749
WIN-63a924876d6240986625,1.2663119588745835e-05,0.1300871296788879,0.13008713029522326,0.10116012978497023,0.667268041387987,1.2072044155844157,0.08415247219046308,3.731572053185349,5.129393198762563,6.596156438309844,1.2859525839918888,7.873737137541823,0.5242936911409284,3137.253873335974,3373.904401598863,0.7859250185492782,0.16758845449955728,3641.6015625,4239.2578125,0.03336966018773143,0.15513574882626407,0.14382830946601227,0.6676569347884652,0.1839709595590541,4.729418128315023,0.8524941379373994
WIN-8f4d77f6658dd2d49e9d,0.0001272875135281395,0.13042588313041167,0.1304259452427273,0.10129838176979708,0.667268041387987,1.2278542857142858,0.08216944898697337,3.763376694521723,5.116068280287802,6.587154007038157,1.2875422387085682,7.868547585978435,0.5250437536461372,3147.1272421459535,3379.3764856611774,0.7773109339069546,0.158712779332799,3641.6015625,4239.2578125,0.033011702681603104,0.15090475627542657,0.14342064437848553,0.6726519103495253,0.18445004799229395,4.695968909229938,0.8549540318322999
WIN-7bd755f1fe2fbcfdc305,0.0002320002408008668,0.13187770691037828,0.13187791097849316,0.10276031316563854,0.6804384309983766,1.2410246753246754,0.0844864705502339,3.691898916401269,5.159608807453615,6.621607214206925,1.283354506370926,7.894255812924984,0.5293774481206768,3131.775982560173,3364.401207781819,0.7884010229539878,0.1610582114847693,3641.6015625,4239.2578125,0.0343943440878375,0.14697800234889755,0.15858864626911287,0.6600290082835462,0.1865032271986721,4.5600728151867855,0.8565507084457906
WIN-cc1df41c2e92e448ef9f,0.000308109375000001,0.13115199033380293,0.131152352246938,0.10228732397230927,0.6804384309983766,1.280048051948052,0.10931871161395462,3.7081392925380823,5.188152704360471,6.652226342102071,1.2821955561293277,7.927678337403544,0.5230435869655805,3111.9267553487807,3353.950766854835,0.780026541397815,0.15018816020881354,3641.6015625,4239.2578125,0.03519231561762161,0.15520268489899794,0.1542940484408751,0.6553013134358593,0.18547690138057565,4.834563374723654,0.8372533318842762
WIN-a828af66f9ef88a58d2f,0.00010092640963203562,0.12768584341618544,0.12768588330368705,0.09938226150530168,0.6747475219074676,1.274357142857143,0.10323221472768501,3.737969710997098,5.284433207838404,6.789416055547124,1.284795509464138,8.106976060980655,0.5161263438619885,3087.366524481187,3336.5826238654004,0.7838686134150858,0.1528719048993414,3641.6015625,4242.1875,0.03658081680632271,0.16329654909592192,0.1502528804004391,0.6498555843068246,0.18057504751084447,4.98064185469758,0.8433033374232316
WIN-7cbecb309ffd4e741c77,-8.883153409090841e-05,0.12688108568223516,0.12688111677844008,0.09904932604285174,0.6043428465827922,1.1640348051948053,0.09321050917538759,3.6340153698570443,4.763063739684236,6.101433202233337,1.2809891984753785,7.265885657659537,0.5181265105425452,3109.1750060798563,3354.4431466675405,0.7779288505152624,0.14909476986312997,3641.6015625,4248.046875,0.036486625463896985,0.15744226181834212,0.14722937070301137,0.658826594344351,0.17943693460961285,4.792605594554384,0.8493036483564556
WIN-1582ebec5619786b7c43,-4.110919642857085e-05,0.12871285747270836,0.12871286403757692,0.10036398204537744,0.6043428465827922,1.1444418181818183,0.10693958880454793,3.6534195511619663,4.695279303253347,6.021511245971985,1.2824607136263253,7.1777908662764345,0.518876573047754,3084.478027954179,3332.89074374241,0.780734395826243,0.1498345313368157,3641.6015625,4259.765625,0.03511502665682717,0.16394696892121344,0.1533493489454188,0.6475747786370599,0.18202744390430645,4.6116070954597665,0.852728048274983
WIN-a1acf3c5b4be577decb9,7.810857413419996e-05,0.12921298364009406,0.1292130072482046,0.10028499519798567,0.639789080349026,1.209318181818182,0.1298042326015098,3.8465453937595457,4.9514293798232485,6.379708939303984,1.2884580289585685,7.618978313263482,0.5193766147178932,3117.7604763872314,3361.286626651843,0.7807191939700835,0.1544487189587034,3641.6015625,4291.9921875,0.0340045648475494,0.156790700636292,0.14942603132086832,0.6597694906810846,0.18273473406105933,5.028917407061533,0.8434553496602476
WIN-9ba3bf25052407fbc3dd,0.0001357967775974035,0.12857564847230787,0.12857572018401955,0.09945446046794643,0.639789080349026,1.209318181818182,0.1314106174817173,3.928824528805266,4.975971197582048,6.432985281226207,1.2928099914047184,7.700343210339687,0.5196266355529627,3103.3054442653774,3348.3695597589403,0.7810896131917007,0.1535002398086236,3641.6015625,4242.1875,0.0328329416935959,0.164302631079074,0.1499636052239241,0.6528900117584582,0.1818334077252662,5.2961642937965,0.8394073033244487
WIN-339e3f773ea4f04d351c,5.4592924783550284e-05,0.1285908605597594,0.128590872148403,0.09924170972460498,0.6053997296996754,1.1723272727272729,0.10168891785749065,3.8309268127444227,4.707952590882913,6.100254936896541,1.2957341475065876,7.336569188662158,0.5201266772231019,3114.2567062971516,3357.192345346396,0.7854456679372559,0.15776578529224114,3641.6015625,4239.2578125,0.034888648104869135,0.15858556156235926,0.15256258939468917,0.6539534146484017,0.1818549320547497,5.04879904870395,0.8452058400394237
WIN-a4e448fee6f9c3945fb8,-0.00012946056006493431,0.12916728964718824,0.12916735452442013,0.10003523172913151,0.6085703790503247,1.1754979220779223,0.08481592325859608,3.7899191065342497,4.711487521644318,6.083560446904206,1.291218626582276,7.296372664780178,0.5251270939244937,3093.050409062054,3335.9987037160063,0.7816588137616514,0.15100684781458493,3641.6015625,4236.328125,0.034183593057489976,0.16696352434280748,0.14995543140469017,0.6488898623041984,0.18267002023026918,4.952763358954157,0.8428059920663205
WIN-ce287412b59f15c08bda,-0.0003353495211038954,0.12912516304362584,0.1291255985091425,0.09992757857179925,0.6846659634659091,1.3201283116883118,0.11562578296313543,3.942545025939534,5.302325575762039,6.851621676863871,1.292191808841559,8.202453969324077,0.5241270105842154,3122.367383728676,3359.583240370726,0.7794719523546529,0.1538182534894419,3641.6015625,4239.2578125,0.036903376961846444,0.1520700429291117,0.14417848116268184,0.6668364938902375,0.18261053648591988,5.151513467462332,0.8486613223165895
WIN-22861ff2e6f49afcc8b2,-0.00011472178300865874,0.14704471672462135,0.14704476147660492,0.11531692228798299,0.7247865575243507,1.3507779220779224,0.011983174876535255,3.4195321355863513,4.929019913672589,6.2851708416917615,1.2751360213040746,7.483504047849435,0.47587298941578465,2854.641269716257,3164.558174421222,0.7087586246596683,0.12973827563978593,1385.7421875,4628.90625,0.028145289621962423,0.3267077810663228,0.05872481671549472,0.5864077000190665,0.20795260330982418,4.11818935435279,0.8522647853045214
WIN-9212e9dc5a40e0082ec4,-0.00019013987824675397,0.145969655188111,0.14596977902603442,0.11434746897415451,0.7247865575243507,1.3465503896103899,0.025783728474771717,3.519208936021455,4.9653192760545055,6.338457370506668,1.2765457804558036,7.548802906152625,0.4742895241270106,2811.042029006091,3127.0718684257836,0.7024103037180348,0.12975222273163464,1385.7421875,4587.890625,0.029334701610013333,0.34008811337928546,0.05222344344738,0.5783447199988894,0.20643226592448113,4.533990922966127,0.8442354574741323
WIN-3a9e83e77d84853f1aeb,-0.0002250170211038969,0.14457228429160643,0.1445724594034177,0.1133330137046618,0.6379422736444806,1.2415124675324676,0.02837554956459635,3.4736683744474184,4.412612722177894,5.6289182894340595,1.2756429453017826,6.697738948806305,0.4712892741061755,2801.7625037538637,3119.163117203773,0.7034243817122735,0.12818700101196498,1385.7421875,4596.6796875,0.029303740688903054,0.34472052087228433,0.05176422190620048,0.5742028699565092,0.20445608467823836,4.452500543419008,0.8491137553459911
WIN-51d629ba51f44e20dd74,8.859017857142215e-06,0.14430381051623462,0.1443038107881685,0.11285096355131224,0.7272895463717534,1.4537020779220782,-0.0034457124648368427,3.5156049669534064,5.039988496453096,6.444690620958829,1.2787113751250891,7.685410844824458,0.46895574631219267,2795.726994678084,3115.057617724628,0.7097457943964086,0.1352099633261818,1385.7421875,4775.390625,0.02970786815961035,0.344617406105238,0.05902291603611571,0.5666365832793917,0.2040763437193974,4.409240520260621,0.8524917343708064
WIN-0297ffec380417832d0e,0.00017852263257575696,0.1442310416113109,0.14423115209487178,0.11242115873086175,0.7433226614204547,1.470612207792208,-0.014312747348300013,3.696569461990096,5.15369010521639,6.611946272439429,1.2829537937683133,7.903958224062609,0.47412284357029755,2801.226625446278,3119.530125665833,0.712085356808044,0.13445317578117982,1385.7421875,4766.6015625,0.029138742416495472,0.3428169787539249,0.057863883921095344,0.5701649870054233,0.20397349515995364,4.789613373261314,0.8366427370201506
WIN-252e8bea01a0f5b582a5,7.545620400432857e-05,0.14583509279176407,0.1458351123125743,0.113855189576852,0.7661503255925326,1.5094729870129873,-0.0159086746108854,3.7031228311091464,5.253538146184974,6.729164726116007,1.2808824336711944,8.017575851013332,0.48129010750895906,2841.974859656695,3152.1542425809134,0.7171933756579056,0.1345556538421653,1385.7421875,4637.6953125,0.02777205782288103,0.3298781536317718,0.056493333815596423,0.5858440529939886,0.20624194533566087,4.720545074700867,0.843749171269247
WIN-b158b83a5a5ec2e74b67,-8.079312500000058e-05,0.14659783072318233,0.14659785298656958,0.11446260485548566,0.7661503255925326,1.4223207792207795,-0.022947204010588782,3.700753589418819,5.2262042722924225,6.693455269108538,1.2807488801288018,7.9758276855757995,0.478289857488124,2830.147893475718,3138.7481230704198,0.7149006889578433,0.1341819985561197,1385.7421875,4608.3984375,0.028895568257621213,0.32804704101989146,0.060680959325349476,0.5823630454408941,0.20732056480775518,4.8271776230215915,0.8482199309508225
WIN-62ddf0ccf489b542318f,-4.026572240259812e-05,0.1462166361810996,0.14621664172536736,0.11416289887840234,0.7185905853327923,1.3747610389610392,-0.01995670001384041,3.697837820270386,4.914560865633725,6.294431837193326,1.2807719772412705,7.507512000325316,0.4746228852404367,2838.4476109110365,3148.372449710004,0.7164428407713529,0.1341529962592524,1385.7421875,4728.515625,0.028041079489830378,0.3267671197385433,0.061272380672687456,0.5839012221288515,0.20678151902383707,4.972626565484504,0.8435415300453049
WIN-07fcc2c91ce2a7cd6b31,-4.437808170995764e-05,0.14793972093617558,0.14793972759231255,0.11529282364733903,0.743467987930195,1.4636205194805196,-0.015313518867106574,3.746845597497755,5.025478957038465,6.4485192087747585,1.2831651000547235,7.694433303111842,0.47653971164263687,2853.9631959848098,3165.2943327377393,0.7163743416685062,0.13089706515789065,1385.7421875,4828.125,0.027212085227945666,0.3264250123116951,0.06093132588560698,0.5854200416986138,0.20921834913415965,5.303597191924168,0.8392671827830038
WIN-3b6a745344041b8d0011,-9.525751893939425e-05,0.1486432749513681,0.14864330547408763,0.11588620837112014,0.743467987930195,1.4636205194805196,-0.02471277046063313,3.6661641312238524,5.0016917045402955,6.4155001563504275,1.2826660528643905,7.650387014283899,0.475456288024002,2845.3213104966676,3150.1068261802125,0.7299659193703064,0.14230868732232396,1385.7421875,4831.0546875,0.027459727876764307,0.3179610004779125,0.07607185275204766,0.5784968886003771,0.21021333475505732,5.006708714122809,0.8511335084204146
WIN-907d01cc68cbfe1c7d12,-5.157979166666739e-05,0.1465391920976728,0.14653920117536315,0.11435770555573865,0.8412703255925326,1.5417485714285717,-0.012690411901907731,3.66145972835275,5.740923376401139,7.356481327575566,1.2814108193405263,8.769067333415133,0.4746228852404367,2824.965996640918,3139.3242831863986,0.7125938060263064,0.1337805432357386,1385.7421875,4831.0546875,0.02886794699762561,0.3322960824972022,0.06169439764801308,0.577122831278373,0.20723768981203744,4.851824207560538,0.8452836155319471
WIN-1b8396892fe0446f563e,-2.1275700757576212e-05,0.14566305008353186,0.14566305163730767,0.11345038979330224,0.8412703255925326,1.5417485714285717,0.004212780138106986,3.689378553852279,5.775454489869333,7.415314545131542,1.2839361054766796,8.862630977162448,0.4774564547045587,2819.007553136678,3133.3774618041866,0.697863894660251,0.11939944647915136,1385.7421875,4801.7578125,0.028848866053689845,0.3347316199295083,0.060914623233309956,0.5754926202774818,0.20599863351467818,4.98782142374102,0.8374088266004253
WIN-caefd20b04b889329c77,-1.8382821969697565e-05,0.145416384784064,0.14541638594599682,0.11360612472255818,0.7422485074107144,1.3645174025974027,-0.005541376888797363,3.559649085931212,5.104297583638603,6.533525452231154,1.280004808718224,7.787629421183121,0.4764563713642804,2809.0177294851137,3126.202505220324,0.6968325932925803,0.1217661226310153,1385.7421875,4719.7265625,0.02936685691085353,0.3398707859858693,0.05837443582954527,0.572379835332177,0.20564975904874017,4.723219267879987,0.8456728127072495
WIN-71f16ee93267b0d021d0,0.00018608341179653627,0.14702664597583645,0.14702676373347845,0.11517567601058984,0.7422485074107144,1.4196379220779223,-0.026479093621568833,3.58702442047813,5.048390432854598,6.444490131197699,1.276543527460464,7.659429803688931,0.47953996166347196,2836.728511901894,3152.4086436831585,0.7012076184614597,0.12362535486590824,1385.7421875,4839.84375,0.028687412428591186,0.3346335993688225,0.056350359908800565,0.5803121884807013,0.20792706271060005,4.782010280961099,0.8541135733257644
WIN-81938c28b2f4f804277b,0.0003563499918831165,0.1612099742178302,0.1612103680680315,0.12480783521431006,0.8124905853327923,1.568577142857143,-0.02541115834841036,3.9160493599874924,5.039940017908015,6.509932520912155,1.291668650368963,7.786660194397053,0.49129094091174264,2967.218900807082,3243.3166149357157,0.7238758951204397,0.1261964005763672,1385.7421875,4584.9609375,0.023762137322799186,0.2823766506665655,0.057755771650512426,0.6360887987437918,0.22798531109585754,5.137651654492229,0.8368502263244116
WIN-0ba128c164e469d0c0bc,5.262397186146699e-05,0.8434974316320157,0.8434974332735633,0.5159151755845419,5.401106845400434,9.866003896103898,0.455427441325854,9.202679815925201,6.403228548583315,10.468982307547758,1.6349537156301506,14.543137752649,0.4911242603550296,2960.624860278473,3132.095856228778,0.7642508151392273,0.06887976518120856,1186.5234375,3905.2734375,0.0018020069626911754,0.1849061081211072,0.20658373868942417,0.6067077796977856,1.1928854172625658,7.86280033299412,0.5225557290360634
WIN-3b8c35af845397bd5522,1.0314772727265812e-05,0.8302419420686169,0.8302419421326913,0.51777463442206,5.401106845400434,9.81072077922078,0.43595999422480736,8.817574027745978,6.505461325550222,10.431385561053446,1.6034812965641005,14.305176939049268,0.48995749645803816,2969.852227540536,3140.7144282693043,0.7656096565047635,0.06855897782009944,1186.5234375,3908.203125,0.0018191514959202916,0.18321855970063694,0.20465456515808353,0.6103073253678022,1.1741393431589022,7.707790140879149,0.5249078870787026
WIN-63866879c08e4a2904da,-0.0001263686688311742,0.8279929426530483,0.8279929522962708,0.5228282317358767,5.244606845400433,9.679016883116883,0.39392850664953605,8.370575691460385,6.334120152652561,10.031223501411612,1.5836806469796263,13.693816261852394,0.48679056588049,2986.080543988943,3154.0106525705437,0.7551366719620524,0.06238403308373024,1218.75,3908.203125,0.001764598003629757,0.1778154804561539,0.2034564360605408,0.6169627967548822,1.1709588431221853,7.5006120275285,0.5243111677173035
WIN-fcbf080e78a5ca2bbded,-3.0317640692687775e-06,0.8390393252494703,0.8390393252549478,0.5231608891097673,5.244606845400433,9.88145064935065,0.4411472390885157,8.736873860934212,6.250728288332103,10.024845042057432,1.6037883234755734,13.840953148456586,0.48479039919993333,2977.2336188766694,3147.2224729735144,0.7581573555957951,0.06654371469895777,1218.75,3911.1328125,0.0017926896973610624,0.18047674802935626,0.20441540095655042,0.613314827714899,1.1865806845279119,7.513834134160717,0.5217359190860406
WIN-564b4c395a2c1c75b5b8,0.00014090081168830677,0.845575851206871,0.845575862946231,0.5246942289903951,5.03201074150433,9.668854545454547,0.44493170271917726,8.776142090252243,5.9509867322435115,9.590367996189366,1.611559297253293,13.286759774237371,0.4861238436536378,2983.0229184295745,3153.0633600349065,0.7594933876498594,0.06829469769059998,1218.75,3911.1328125,0.0017905587627443681,0.1800198288103807,0.20035670742684575,0.6178325364710143,1.1958247249189367,7.410277229093827,0.5306094489881039
WIN-6f6cf52d77fe016559b7,0.00012159237012986431,0.8350370469277567,0.8350370557804803,0.519291803999468,4.923476975270564,9.282279220779223,0.41661193455966755,8.762543709055437,5.896117952110358,9.481137459404476,1.6080304933519187,13.069837833385087,0.49254104508709057,3001.3881338355386,3168.534481798997,0.7629113997841184,0.07120316944170706,1218.75,3911.1328125,0.0017597811527033588,0.17488371275731893,0.1982164305116689,0.6251393904492287,1.1809206896952886,7.731878424435276,0.5277702161981582
WIN-21b7fe8298b88f759464,-5.834875541125887e-05,0.8204153140811683,0.820415316156079,0.5116686727538421,5.082822429816018,9.441624675324675,0.42720046771991554,8.911860606681904,6.195426060089359,9.933815964244838,1.60341126952122,13.63863903839753,0.4920410034169514,2998.738056899662,3167.894866058064,0.7673933865066122,0.070342806891744,1218.75,3914.0625,0.001835902156187832,0.17875644435414165,0.1941719358509746,0.6252353731664937,1.1602423100091128,8.000967096085587,0.5244412295007557
WIN-42eae0496d1ad7775eee,-7.125492424242778e-05,0.8120102651531297,0.8120102682794844,0.5129669067861021,5.082822429816018,9.313579220779221,0.40850870939327383,8.408724175756937,6.2595543780245775,9.908675126143281,1.5829681360253811,13.496341608583094,0.48879073256104677,2977.898111692655,3149.492747417559,0.7608481718980369,0.06738289520406271,1218.75,3914.0625,0.0019028762518624486,0.1834698954915685,0.1994227829632863,0.6152040500532951,1.1483553264801334,7.564123262092295,0.5211566419387146
WIN-032596b6bf6d9dec92fc,-8.925919913424868e-06,0.816485746787782,0.8164857468365716,0.5136534282775344,4.961280871374459,9.317237662337664,0.4091157637159988,8.42884948973727,6.076383930265272,9.658810003472125,1.5895654577308167,13.20891866947318,0.48845737144762064,2977.347400592995,3148.035280491216,0.7592350228185869,0.06695400569215117,1218.75,3911.1328125,0.001817945545977303,0.18179721239809396,0.20145671405051144,0.6149274238509861,1.1546850755330547,7.50869394873992,0.5212982855625593
WIN-9f82d6912851152fae90,2.6591450216394233e-06,0.8191694803205849,0.8191694803249009,0.505234082147069,4.961280871374459,9.501785714285715,0.4707395120286246,9.233843471883539,6.0564767005243505,9.8197668104276,1.621366232543328,13.58176388291215,0.4835402950245854,2971.999005491905,3144.275833060663,0.766709628334211,0.06731042884153667,1218.75,3911.1328125,0.0017675536213086148,0.18391894347921292,0.20235807210361176,0.6119547536813836,1.1584805622767782,7.795541838077769,0.519707363124664
WIN-31648a63cd80c8a96c11,0.0002855447510822459,0.8218796576594034,0.8218797072626522,0.504816069678824,4.809658793452382,9.350163636363638,0.4522738428456387,9.128693451409793,5.852022809354366,9.527546927146899,1.6280775447261884,13.22499739001471,0.48495707975664637,2968.7387003421127,3142.786374303345,0.7569727514780962,0.06599007531592187,1189.453125,3916.9921875,0.0017418990519775643,0.18635100201475152,0.19919170232176503,0.612715000746005,1.1623132562574272,7.721874209848856,0.5146167942838086
WIN-df3f7cf61898e5591ee7,0.0003532936688311641,0.825578872165159,0.8255789477584277,0.509329984717253,4.814536715530304,9.170493506493507,0.451056389215878,8.997764273895996,5.831709648842998,9.452686588231341,1.620911732135925,13.096582881214967,0.49079089924160346,2993.946981625517,3164.5059411358,0.7552472031056355,0.06607566124676421,1189.453125,3911.1328125,0.0017472311915104,0.17984820261622086,0.19545050421375573,0.6229537451027942,1.1675448048468982,7.865556929282951,0.5225211433048473
WIN-43d4db7b433b4ec20d3b,-9.679626623377008e-05,0.8067080480576244,0.8067080538648784,0.5017525099923522,4.832015936309525,9.18797272727273,0.4340155490464838,9.112994245297287,5.989795085289784,9.630277557303192,1.607780803877925,13.219294413900318,0.4861238436536378,2998.041829101282,3166.8058552567113,0.7626182503505522,0.06603491313102748,1189.453125,3914.0625,0.0018803117399891385,0.178310420395849,0.1959632894328714,0.6238455243162268,1.1408574612505786,8.267293412293775,0.5248887665443476
WIN-7d812714370f91f9fec4,-0.00016159810606061094,0.7921588809846961,0.7921588974674676,0.49943076280976734,4.832015936309525,9.263987012987014,0.3615933851131978,8.599924302636,6.099806429936447,9.675046665358018,1.586123555964481,13.182816223259836,0.4831235936328027,2973.2241334340565,3145.5661355594116,0.7698527341461042,0.06952869557098934,1218.75,3911.1328125,0.0017615203353382116,0.18502226365629235,0.19930061040841887,0.6139153452286802,1.1202818329335387,7.97267857605975,0.5251012695722852
WIN-fd59d8cc6db88352eade,-0.00018862992424242803,0.8107984930997708,0.8107985150418737,0.5087845099093976,5.0222548973484855,9.454225974025974,0.3978989865455467,8.586692903720389,6.194208307205542,9.871084515196735,1.5935990566706995,13.57180567035091,0.48454037836486374,2981.3854978037807,3152.3899137654307,0.7615103096240768,0.0654339056353501,1218.75,3911.1328125,0.00170392711788827,0.18295856954229303,0.19721783794427467,0.6181193210722697,1.1466421118690815,7.740045972140651,0.5153833406049583
WIN-4a618f2138cdc85801af,-0.0007817706253851624,0.0703371535269812,0.0703414979339283,0.05673030040986568,0.2711913391821756,0.524067581670443,-0.011831304341253039,2.7918785465428044,3.8553534846961885,4.780361415647179,1.239928176379895,5.610932020470005,0.5612134344528711,3213.5935217578262,3556.929605785179,0.5266742147135283,0.09056736433764398,4145.5078125,4382.8125,0.07640833551600505,0.17226400226433977,0.05151647497337549,0.6996131947359986,0.09947175626477019,2.882075624513927,0.730670286986825
WIN-502ec8334ffa1a8d63e3,-0.00034581523542113655,0.06981663760084758,0.0698174940402843,0.05643423209245183,0.274443980790958,0.5456353199731336,0.04257597403879731,2.7840129678332417,3.9308769894931275,4.863076374220785,1.2371479410700683,5.693666060253454,0.5703808650720893,3198.248466114364,3551.2835930057586,0.5270019202468464,0.09050098905586257,4145.5078125,4382.8125,0.10292531374951844,0.148388153003311,0.051404267066427575,0.6971704081352583,0.09873563562979648,3.1095691369942386,0.7533575569864778
WIN-7f0ad7fca14b73edeb2a,8.46588540637042e-05,0.06954841811899447,0.06954846964510468,0.05604079898790572,0.274443980790958,0.5207264483243179,0.04051108609351069,2.7871909218963244,3.946082238580633,4.897217486947127,1.24103279931596,5.753999669641978,0.5667972331027585,3266.3615845936033,3594.643873203718,0.5298001919471712,0.09459948662643142,4145.5078125,4382.8125,0.09053218611198452,0.14212475356640372,0.053379460605435296,0.7138426858762665,0.09835631568797815,3.035432355457747,0.7447261071570093
WIN-fce5ea864f9cca37ec58,-2.5590011352647565e-05,0.06908257087292005,0.0690825756125284,0.055744869218831344,0.2462824675333599,0.4902943700299228,0.016454357207250036,2.7733799273374182,3.5650446635219333,4.418029335796602,1.2392633901444716,5.185463780512228,0.5620468372364363,3193.0758361807466,3548.8352757804764,0.5351026724568423,0.09393551142047285,4145.5078125,4382.8125,0.11078576483526598,0.1435460706110475,0.05112583536173264,0.6943075476416798,0.09769750839545628,2.9183308219616224,0.7750093968000981
WIN-d0137db01b87aabbc0bd,0.0005145724107912436,0.06968748433284042,0.06968938410838357,0.056371198710149326,0.2440119024965629,0.4825080875916853,0.01035745302952594,2.729371434282268,3.5014214232911702,4.328662651771874,1.2362586870908623,5.068590160582224,0.5573797816484707,3202.4628490906844,3550.197776958173,0.539485163820745,0.09432523339223634,4145.5078125,4382.8125,0.08003253959504775,0.17059947132132067,0.05369987107000937,0.69538604740503,0.09855298545319685,2.825150144987385,0.7633836256717139
WIN-dac6e6bdf1c2ddf450df,0.0006963522962969407,0.07150675419459994,0.07151014474861238,0.057704683438273036,0.2553271535446868,0.4938233386398092,-0.018222666995343004,2.7398626650136726,3.5705025411247098,4.424721501390554,1.2392433419007984,5.190436574111652,0.5500458371530961,3104.286511737764,3485.102126442713,0.5407533845499531,0.09096449763146573,4145.5078125,4382.8125,0.09919283397443619,0.17726551806959714,0.05631824954631783,0.6669781062207241,0.10112582125045551,2.7370736697110902,0.7756977331761725
WIN-322a18d691cfd36a08b3,-0.0006096176521990395,0.07182915106132212,0.07183173794272352,0.05778555490534406,0.2553271535446868,0.491120159066175,-0.021747832491994565,2.8137977838120096,3.55451727681603,4.418529059009788,1.2430742952827019,5.190583033026496,0.556629719143262,3131.1204439430626,3504.8747710746657,0.5351461039937256,0.08751161723568962,4145.5078125,4382.8125,0.08027071369496594,0.1940549992073022,0.04888553920758037,0.6766345571128739,0.10158175960418388,2.822177427830417,0.7445240469034137
WIN-8960803c077ecbaf51d0,-0.00018749375071194083,0.07178506269052082,0.07178530754540625,0.05799498780927316,0.25896214126725503,0.49544839767595866,0.017206359338745432,2.7819582169721233,3.6074532535762507,4.465250378436718,1.2377846820185088,5.22798577368824,0.5618801566797234,3165.0876160244593,3526.7290191583256,0.5290696029977819,0.08731003966323277,4145.5078125,4382.8125,0.08081969984210721,0.1821166010562649,0.05097271324402923,0.685910543938512,0.10151940887637134,2.907851645980225,0.7455190199766408
WIN-b2620e28c94bd7adacec,0.0009084181154827305,0.0710603492597707,0.07106615552000213,0.05734282367504485,0.2620243609442439,0.49851061735294755,0.06150006471983657,2.795933268345919,3.6870484835331783,4.56943596681838,1.2393208245461804,5.356125698675652,0.5710475872989416,3197.5849962117964,3549.2327377031597,0.5266862781322215,0.08896021546812292,4145.5078125,4382.8125,0.09378582822244848,0.15697863113369423,0.054741617811451794,0.6942604688538018,0.1004945096317904,2.983177067749257,0.7468395538430099
WIN-8a062282a23aa1a2503c,-0.0014088325456911046,0.06004201492505934,0.060058541152802285,0.04814478043740005,0.2223374721483631,0.4394901021137645,0.007876097183999089,2.910790924866693,3.7020125343868266,4.618101279594325,1.247456953919347,5.438872201076029,0.418034836236353,2259.2586628412573,2872.287071132598,0.617594723455525,0.1266803497225623,360.3515625,4379.8828125,0.30463520393732546,0.18534541081498412,0.07830489156720687,0.43107401303367127,0.08491223169946792,3.1093761460122353,0.8398425090051667
WIN-d147d1070c37681385ef,-0.0016554536445318293,0.060146757482538615,0.06016953516882534,0.04827549072725926,0.22559292851666743,0.44793040066503054,0.009036932585172278,2.898114705888589,3.749288205068284,4.673032321649939,1.2463785299981136,5.496208623657524,0.415034586215518,2204.156730915415,2825.9654797507696,0.6204701958125473,0.13032535601299516,360.3515625,4379.8828125,0.3154955959773647,0.18931475782512605,0.07883126452202789,0.41582034532992174,0.08506035922373481,3.2322691779661024,0.8424293258450875
WIN-37d8f92347dd98db598f,-0.002301938732368467,0.060199153859547445,0.06024314938092998,0.048416663412757716,0.22559292851666743,0.4408836987361919,0.01588997248088665,2.906476705990687,3.7447067563890406,4.659406754009502,1.244264786817419,5.466332914370465,0.41703475289607467,2241.224675116023,2851.783010850925,0.6242011683922591,0.13254897631075668,360.3515625,4379.8828125,0.30046072654547923,0.19439781718417337,0.07906948465162654,0.4253303185964507,0.08513445927902256,3.306706994389101,0.846118682427019
WIN-2461ba3554b3e960c49c,-0.001168651816730944,0.06009894611941165,0.06011030753317348,0.048120065808145894,0.21529077021952445,0.4219976794946132,0.039703261410191266,2.919115836911723,3.5815948886491538,4.474033162660501,1.2491734273927089,5.270649608881366,0.4207850654221185,2254.2745637080934,2856.036089774179,0.6334105739536514,0.14027828903883235,360.3515625,4379.8828125,0.3030713412716003,0.18226885250500063,0.09035825775932194,0.42373285950521394,0.08499274463354611,3.0969573921086075,0.8482507347086262
WIN-d0491981c44a2afa2401,-0.0008297097181300718,0.060085564946854186,0.060091293322735134,0.0480469521321984,0.22403308363809765,0.4369376413643222,0.05008968952212586,2.8887700019330276,3.7282120461469255,4.662794905637736,1.2506785686664734,5.510713094297554,0.4176181348445704,2253.2613762201304,2860.9232579359395,0.6231658219960232,0.12825854275395857,360.3515625,4379.8828125,0.3032341251690786,0.185736101736266,0.08791566232789669,0.422845552458791,0.08497382080583839,2.9921289472146513,0.8369570697221511
WIN-05faa8d3c8303cdaaa50,-0.0007033523180738858,0.0607621905907887,0.06076626127938654,0.04858322849411204,0.25649722346915343,0.4794048802188261,0.020724372970739858,2.9528190643971817,4.22104664767228,5.279542579080755,1.2507662245110003,6.227173779623753,0.42353529460788397,2253.954376025777,2861.6558494798396,0.6218476785837672,0.12886191410204365,360.3515625,4379.8828125,0.2964507132029462,0.19468213137822055,0.0836711922355008,0.42477139858142304,0.08593071390540671,3.2373890181924923,0.8423300730856759
WIN-c7c4e0c3ec613da8ab91,0.0010350329565788894,0.06070314975113927,0.06071197314311604,0.04855189403810931,0.25649722346915343,0.506843873626726,0.01642732886892179,2.9938399686854735,4.224821072118492,5.282949894035872,1.2504552982878814,6.22098642144121,0.4331194266188849,2334.2778460236573,2926.733967250742,0.6212515144382241,0.12766163062299382,360.3515625,4379.8828125,0.28529702987603445,0.18226465037894113,0.08686986971513397,0.444849654226264,0.08584721761069482,3.5853117341315284,0.8281848427193214
WIN-cda646d6bace99617b25,0.0027261548583914527,0.06021348291785452,0.06027516441628915,0.04817103803775467,0.2644037551718447,0.4941912649180085,0.06118089117361538,2.9803466948680675,4.386611927615148,5.488853176863784,1.2512739370033181,6.474307527306231,0.4305358779898325,2310.6460141889147,2905.0185860493616,0.6230493577962986,0.1289134585332724,360.3515625,4379.8828125,0.2850912210418082,0.18968287469652598,0.09098343620452184,0.43355691356553544,0.08515472416412474,3.6851666864621335,0.8246767666079748
WIN-c9e90dcf6a76244daa9a,0.0036935774403730973,0.06014375150833007,0.060257060663492276,0.04806289770483017,0.2644037551718447,0.5173911701838214,0.057713048470016876,3.011900618976509,4.387929850147008,5.5012029609644575,1.253712604518702,6.499349547680484,0.42511875989665804,2328.494968172559,2919.7690314663496,0.6277346591439686,0.13236359213241897,360.3515625,4379.8828125,0.28000926000860005,0.1882319743988462,0.08852639357010231,0.44254093401777916,0.0850561090514265,3.5119842499741063,0.8356498624686889
WIN-153eca5c76a7ffc64a5d,0.0003545532319827573,0.060134485152845016,0.060135530367595884,0.04794084454491377,0.2529874150119767,0.475750698050209,0.045056664924176544,2.9903766766056337,4.206954082907571,5.277074640804175,1.254369440863793,6.248874063579493,0.418034836236353,2247.145390374172,2859.9550136135367,0.6305559055275672,0.13617284270745542,360.3515625,4379.8828125,0.2938361393826844,0.20048404228123254,0.07710127762237018,0.42801057829093314,0.08504300445283165,3.2740956191556525,0.8307346728247387
WIN-2c7646152da2226dde21,-0.002566770429834485,0.060201328923651785,0.06025602305673007,0.048050504470287754,0.202667545005958,0.402884139968947,0.05375023842728538,2.957908811256537,3.3634404449790245,4.217802648191978,1.2540143692504964,4.9919241317916585,0.41161763480290026,2221.3808781605658,2835.6528432206105,0.6312635630784861,0.13613496579317147,360.3515625,4379.8828125,0.30296129164513247,0.195936284985427,0.08434782949321269,0.4162926102913057,0.08513753564071773,3.081786320936933,0.8355855607507294
WIN-f92b67ed88c20bfd5bc5,-0.00152140078788323,0.060239271626059396,0.06025848078399867,0.04810464515606688,0.2465018088226717,0.45428650534657256,0.045278504528064006,2.9639985181829633,4.090740516711438,5.1242828632830895,1.2526540958206467,6.045503931352406,0.41753479456621384,2263.5514001836573,2872.7438015920047,0.6247690974269576,0.13490673554355467,360.3515625,4379.8828125,0.295088000772,0.1943386859146533,0.0817266107708641,0.42845698120384934,0.08519119489920084,3.061204579986347,0.8312377702257536
WIN-377f0242b913af013f10,-8.496752595629305e-05,0.06022043597229596,0.06022049591438005,0.04797823442203973,0.2465018088226717,0.45428650534657256,0.02382985360701009,3.0001207161350134,4.0933208050801895,5.137784076195571,1.2551628178602052,6.066474097679999,0.420868405700475,2235.5659648279156,2851.000563862419,0.632895072479396,0.13601374860512797,360.3515625,4379.8828125,0.297951044482207,0.19794354048429486,0.0822600744238409,0.42123207425959197,0.08516455605999891,3.130741862793486,0.8446393188881857
WIN-a0eee795005bd4b96ac1,0.0017076209966896728,0.060200674027054646,0.0602248879017639,0.04797448975937266,0.23824705538970092,0.4436775733179964,0.025377581065604733,3.018943804611297,3.9559568093237925,4.966119631073076,1.2553523383485816,5.865011228025567,0.4176181348445704,2271.281615995805,2882.522449603688,0.6256658587192446,0.13454768433228406,360.3515625,4379.8828125,0.29840021346625567,0.18942329077882417,0.07614498696269814,0.4351984409977555,0.08513660925503891,3.2766621544709293,0.8393299392428951
WIN-b41d078c21a5ce4af4b3,0.002467420476580624,0.060265278375087605,0.06031576859690217,0.04824552702179841,0.23824705538970092,0.44687720568344597,0.022818458111855535,2.953584981904999,3.949996177251521,4.938220599748394,1.2501836402035773,5.8191902181244375,0.41728477373114425,2251.1684526378467,2861.6537543761738,0.6249621879247108,0.1341593542311358,360.3515625,4379.8828125,0.30397303626929634,0.18615770464524545,0.08357039108366163,0.4258448380442104,0.08522797370514514,3.2626950314726244,0.8357517732532993
WIN-00350287a61f20ce9d7e,-0.000928250335761646,0.0560109681936576,0.05601865945090765,0.04466901654527968,0.24218000685858695,0.4498646408942919,-0.007024132459304663,3.0073015094289266,4.323202469107636,5.421655222869625,1.2540831158185246,6.402240292111381,0.41528460705058756,2259.8046400345324,2851.5177975042243,0.662148701243007,0.15875668444521085,360.3515625,4379.8828125,0.2630392672168925,0.22345525603823158,0.10022946709571418,0.41285561873023274,0.07921147066542956,3.373666285691923,0.8754332218802584
WIN-3d58573682716e5c5064,-0.0020132971656778684,0.05615776856186604,0.05619384606276239,0.04488943181521165,0.22917662286750065,0.45466373492477347,-0.002196441096838375,2.9970313559815707,4.078322430670737,5.105358067480248,1.251827964604983,6.016117724602248,0.41145095424618716,2220.1359103540167,2817.3391836344786,0.6652797820349823,0.15728481690460533,360.3515625,4376.953125,0.26766083116188955,0.23139727730104726,0.09798614061260029,0.40270699564136403,0.07941907793279447,3.303976663092045,0.8734117448509032
WIN-b2411d5297f747d4822e,-0.0017408610113107633,0.05599658280824687,0.0560236368264463,0.04486376396662098,0.29623546328573563,0.5194097895062165,0.03647370763686166,2.9960495359798864,5.287687127455606,6.603000664401105,1.2487502579337662,7.761889047849576,0.4101175097924827,2208.7890328555864,2811.938475473314,0.6675281877882906,0.1595397499131067,360.3515625,4376.953125,0.27522530240788734,0.22731092015344867,0.09568191107869302,0.40150852714550683,0.07919112677115904,3.440935079227024,0.8765796311536311
WIN-9bcb88a8ab46670aca83,-0.0015918559433166554,0.05605802165409349,0.05608061872978121,0.044918721288635444,0.29623546328573563,0.5328522396491727,0.03733994633423191,2.9678906536471907,5.282314460684429,6.594922000909431,1.2484909881600141,7.764580781232709,0.4176181348445704,2224.790582732587,2820.6237544659857,0.6692525559751109,0.1590565021844706,360.3515625,4379.8828125,0.2699094096935601,0.22656870860742706,0.10209704502796275,0.4012279911747283,0.07927801448676504,3.4411658325530756,0.8825636668310709
WIN-686716d79ca7aa62b9ea,-0.0006552504726935626,0.05599331710905808,0.05599715094589637,0.04477164620426379,0.2366167763634371,0.4591823111408748,0.011513142377921849,2.958067171432579,4.225514554978471,5.284969314700296,1.2507279872883657,6.2345067337368985,0.42595216268022335,2271.323243288078,2868.0625283313034,0.656064468592092,0.1512409669473822,360.3515625,4379.8828125,0.2671824487992594,0.22181986934338657,0.09029236179718003,0.4204920122851897,0.07918650844543935,3.1846312937631263,0.8712956069872089
WIN-a01d42224d12e8be9754,0.0005965533317306451,0.05605106645846181,0.05605424093686847,0.0446998380878913,0.22256553477743776,0.4392206794196124,0.012398037776179963,2.996515499288002,3.970538732727349,4.9791127729554185,1.2540144066159145,5.880673191265179,0.42053504458704893,2273.787232696361,2869.54503717886,0.6591796104645595,0.1531830280459725,360.3515625,4379.8828125,0.26118868488232216,0.2271223670889407,0.09110898729371546,0.4203075718836037,0.0792681780099324,3.2212667811409625,0.8688234020370071
WIN-23c8cd5488a5d65e01b4,-0.0003626496149095318,0.0559801418008521,0.05598131644385207,0.04458439239711686,0.2580358920155026,0.4913660204447897,0.02114102922086117,3.0288520678444937,4.6093216166093045,5.787583459955404,1.2556258688907598,6.837659933580919,0.4212851070922577,2260.4564947233357,2850.0238856455067,0.6643085261971832,0.15636295926423724,360.3515625,4379.8828125,0.2614223169104524,0.2234165037515764,0.10971209115061038,0.40523832411353755,0.07916787570549053,3.306216603340664,0.8766555924008151
WIN-a5e6488c5864a2354157,-0.0007278885184245666,0.05601775153273305,0.056022480384915745,0.044641884387595816,0.30549917495809276,0.5388293033873799,0.027024999561689644,3.067726793614631,5.453153320838974,6.8433306331516635,1.2549309051843522,8.085513494452048,0.412201016751396,2267.373466931255,2852.436839389378,0.6606123997795489,0.15006601281254578,360.3515625,4376.953125,0.2553382524536699,0.22947824972691064,0.10236424378296155,0.4125271636926569,0.07922106384363764,3.420185048222798,0.8757913040771026
WIN-6cc9877e5c381959ced4,0.0005381064750875803,0.055967910478555725,0.05597049724555035,0.044710495867709324,0.30549917495809276,0.5250396803942075,0.010404490656716895,3.017362224205545,5.458217989602043,6.832829048802758,1.251842462447869,8.061608876388291,0.4047837319776648,2244.07437937918,2839.503849081533,0.6638699855092387,0.1606244552344781,360.3515625,4379.8828125,0.2643360980659899,0.23035210245442825,0.09541469526277227,0.4095854175570795,0.07915057805641268,3.3734307162791426,0.87503975545705
WIN-5ed6be496e68b8bb544b,0.0005586888412729928,0.05555863961265274,0.05556144858469755,0.0443653570191103,0.21654419449275847,0.4239532059763046,0.011263227466931838,2.952845302399757,3.897382087847519,4.880929829880587,1.252361128515481,5.7600715468144355,0.4146178848237353,2264.068364330533,2857.592634186922,0.662996167618071,0.1640280335040379,360.3515625,4379.8828125,0.26640704301840085,0.22071491002437058,0.09518405276540576,0.4173792849920068,0.07857178162510707,3.22222665588788,0.8768401417584923
WIN-4d8793b610fe83ca8f23,0.000530099798092966,0.05567142117039625,0.0556739449017903,0.04453250975918491,0.22650146333461474,0.4430456578273732,0.015588778767912736,2.9421775042646607,4.068356638461644,5.086204764886673,1.2501865536347245,5.994717150827108,0.4197849820818402,2274.0174616848913,2866.6301608825293,0.6582321510043195,0.16034547561318663,360.3515625,4379.8828125,0.26430295295589185,0.22285735203341853,0.092607295640201,0.4200315675467506,0.07873127861975343,3.184335283776656,0.8716503926447485
WIN-765f077ef09f54555dec,0.001451162024675404,0.05567869972774674,0.05569760744048567,0.0446290426799475,0.22650146333461474,0.4314959262497865,0.00322044828727827,2.9565307232721687,4.06662824022685,5.075203269625813,1.2480125966104003,5.97061856019175,0.4179514959579965,2252.5278955400745,2842.2114946409547,0.6595528999537529,0.1576592996407555,360.3515625,4379.8828125,0.2661094433387695,0.22161942092674036,0.10581315026731439,0.4061679609581233,0.0787415721007554,3.1962062869863077,0.8684532593836294
WIN-78d37d352e3fd4ed36f6,0.0013906861727438456,0.055431702942497,0.05544914516145665,0.04441257020964468,0.2178500884662307,0.4175021898786503,-0.0013110183420015345,2.9392479729976313,3.9288268164994546,4.905144814474552,1.2485011540306388,5.775883218430021,0.41495124593716143,2233.5086744712057,2822.970347859232,0.6663475079894907,0.16119409779373797,360.3515625,4379.8828125,0.26377441898623866,0.22991989467591406,0.11176770235001002,0.3942861947705283,0.07839226607982733,3.169524320044387,0.8774149476322058
WIN-7c837798ee77a25be18b,0.0011382369712417226,0.05532914602761311,0.05534085275406982,0.044286518279708094,0.2178500884662307,0.4175021898786503,0.032044499887195634,2.9210493441309398,3.936514846101161,4.919106240987331,1.2496094726457008,5.797989395934988,0.4089507458954913,2243.055515995156,2836.9878658495704,0.6582677947033282,0.15491040635307224,360.3515625,4376.953125,0.26355322806467124,0.231746865441774,0.09673519768472913,0.40777137850188694,0.07824722855810454,3.0420601913237624,0.8726537371985328
WIN-f9742f5fb2bf8c4da815,0.00123080789829483,0.055541594479003836,0.05555523022499875,0.044407861111813704,0.20526915342652804,0.40283115232890665,0.0611353861388189,2.9343546833198846,3.694866398563967,4.6223607325978255,1.2510224278504718,5.452399518888551,0.40828402366863903,2232.2493745612737,2823.4059153608723,0.6573362130565569,0.15358046325225394,360.3515625,4376.953125,0.26563737981919305,0.22998794287844032,0.1015952158142257,0.4026180196977158,0.07854767572480312,3.0792823569836205,0.8716415742245106
WIN-b9ada340e976456d07f6,-0.00281507019629845,0.05654722103980375,0.05661724849844358,0.0451534260373407,0.22973728394058787,0.4453122403267801,0.050162187024359185,3.001257655670937,4.0577260469103456,5.0879258585054705,1.253885994173924,6.000962570896008,0.40578381531794316,2197.0618769513812,2772.722363777362,0.7032784039973693,0.17623456962808484,360.3515625,4488.28125,0.22689480060036277,0.27428434045018785,0.12561898458773496,0.37273026903878764,0.07996984690202125,3.185144980321647,0.9037064697928269
WIN-4c4641ae399d641dcb8d,-0.0018869477801691267,0.05644320689794735,0.05647473928093495,0.04522025444708952,0.22973728394058787,0.44438206495429056,0.0460613466683686,2.958912778645495,4.067965374637433,5.080406705900212,1.2488815016679085,5.976504264006601,0.40545045420451703,2190.570803091137,2757.025120324966,0.7144626344760378,0.1826038118550693,360.3515625,4488.28125,0.21617112035496286,0.2840888614314449,0.1361262557730289,0.36329557131233886,0.07982274825594399,3.1824202960771837,0.9090514978129243
WIN-e99483e6afe0dd9ea470,0.00011619067028224146,0.05596903476231887,0.055969155367019054,0.044614371607571875,0.20712066357301503,0.4082073099854513,0.025026440555328818,3.0094701837374913,3.7006215693468265,4.642465109454112,1.2545095526183665,5.483125126110746,0.4039503291940995,2223.2653672585343,2794.656098781435,0.7030236522458889,0.1777793392074919,360.3515625,4488.28125,0.22398043059562736,0.270786090124558,0.12709176170092393,0.3777417806795797,0.07915216790658329,3.2047583683876253,0.9031344452391498
WIN-eabf2e5e388ad51c4050,0.0006112439012149691,0.05566802966339641,0.0556713853403304,0.04430546308742588,0.21916622522079765,0.42025287163323394,0.022128229241895944,3.0295239780776635,3.936784110491477,4.946708824222886,1.2565354576978498,5.845706699502709,0.4072006000500042,2223.59021140476,2796.697933532469,0.7021028885493796,0.17839566976711893,360.3515625,4488.28125,0.22958167360090248,0.2635116879371473,0.12942243172190732,0.3770130200793235,0.07872648251170225,3.1782825601669176,0.9016628080529567
WIN-9cae389eae9c405ad2ab,0.0009230314738484564,0.0559037712052845,0.05591139080790704,0.044560818977359286,0.22413930009729405,0.41667457058315344,0.020914672254847975,3.0205650296119844,4.00883070255493,5.029963659468334,1.254720898084483,5.932010859937729,0.412201016751396,2241.593453794876,2817.6730059200786,0.6979353618746011,0.17365218118701797,360.3515625,4488.28125,0.2159946515695916,0.27733803840406795,0.11599905546536185,0.3900361289087728,0.07905987123094266,3.2048596332621773,0.8963903782303825
WIN-8f40c0c199e2dbb3056e,0.00038447510553898354,0.05646966987799576,0.05647097871682942,0.044997001254053044,0.2249996936631725,0.42001172279874344,0.00199189579383786,3.047399452861398,3.9843420243774523,5.0003264081493795,1.2549942694345189,5.892058248987322,0.4126177181431786,2252.323324502917,2816.9723407797123,0.7063347306690213,0.17829811780467622,360.3515625,4488.28125,0.20948620524130407,0.27703400111567444,0.12698466519656426,0.38607013147279534,0.07986017272802862,3.2665847945014415,0.9033717819653857
WIN-b7d5045ea15bb00f29be,0.00023457689576147241,0.0567323642588106,0.056732849220838495,0.045175267431718506,0.2249996936631725,0.42001172279874344,0.028417964391328033,3.0512279081811284,3.9659508864674136,4.980594614039072,1.2558387021246349,5.872995274171206,0.41253437786482205,2213.340551932868,2782.022625799918,0.7072330119605122,0.17478415607400724,360.3515625,4488.28125,0.21811436831845,0.2793749943021761,0.12569345497839168,0.3763165553837978,0.08023167889335424,3.2585798705299336,0.9033088800582668
WIN-b2096ed61872a8544781,-0.0006354853392692261,0.05656262988841911,0.05656619963821779,0.0449550744240502,0.2246659404051217,0.43282501714459165,0.04014988655520747,3.052289957325736,3.971734743328223,4.997565753776879,1.2582828604260423,5.912322049490307,0.41186765563796984,2222.5469449957113,2795.924189441896,0.7074529876599827,0.17802207088817826,360.3515625,4543.9453125,0.22467950681376803,0.27007722810129847,0.12596194989299547,0.3788431431084616,0.07999163807121444,3.2554088860986368,0.9026416923678883
WIN-a5078da3b8f0a47407a3,-0.0012160055588668328,0.056884046596862484,0.05689704233748199,0.04529877396644546,0.2246659404051217,0.4451936547121981,0.0010579286373763267,3.042415146249435,3.948640055287552,4.959647264771023,1.2560393439869206,5.856962324343331,0.4139511625968831,2246.9012525568587,2814.1726033115415,0.7041228253678334,0.1693870586325781,360.3515625,4488.28125,0.21953713847297857,0.2678107524129995,0.12750630559630774,0.38475758557272816,0.08044619015270055,3.3388363663484046,0.9102977231993806
WIN-24c4685f42c93d8a615c,9.989236051342624e-05,0.057074600914833754,0.057074688330916286,0.04548886926884833,0.23638095797667943,0.4569086722837558,-0.006153659518627609,3.0152835200162498,4.141607512633489,5.196457106340107,1.2546956925295012,6.136919603738332,0.41270105842153515,2229.3870397207443,2802.2067986063494,0.7038110901715212,0.1704912476118197,360.3515625,4488.28125,0.22074971609762525,0.27201522457449084,0.12444766780020794,0.3823324515662849,0.08071567463778932,3.2428774658402006,0.9052111930383873
WIN-4e9168008e6b27b5d723,8.012022350091574e-05,0.05671119165393775,0.056711248249883134,0.045251793593387275,0.26153982585165103,0.4674279122215113,0.014050583225697405,3.01486336835867,4.6117804477629045,5.779656563360853,1.2532375790054255,6.8210825098025465,0.40820068339028254,2213.3471287840184,2791.49794946592,0.6995579088270488,0.1721120641762376,360.3515625,4458.984375,0.23420454681626082,0.26337815790817787,0.1213335698788932,0.38066917401563605,0.080201736369964,3.1476016724470846,0.9005469923799043
WIN-a33729b2941a383413bc,-0.00023682439673084594,0.05665138351799856,0.05665187852400171,0.04504724159231549,0.26153982585165103,0.4781892222811519,0.043490790388265255,3.0799973105224443,4.616613476219112,5.805901018597788,1.2576103779106471,6.863811069802189,0.4132011000916743,2235.199152381765,2809.3219406157236,0.6989754755697051,0.17252503814182432,360.3515625,4488.28125,0.2258866918164182,0.2654523876085217,0.12132638456307719,0.38682547632488595,0.08011715466469521,3.25197585173078,0.8951783012332383
WIN-e1ec0df17de660c289ac,0.0015989631099297746,0.05678373500937304,0.05680624300762737,0.04506211487709624,0.25723101118716,0.5113232957801712,0.04862249359207637,3.1108824375328727,4.528217279711552,5.70836526166229,1.2606208821157594,6.764266714680273,0.4232019334944579,2234.407555810072,2804.772354575752,0.7070349760884341,0.1813865426858127,360.3515625,4432.6171875,0.22205484004844037,0.2666041822585139,0.12550167627751244,0.3852170882281038,0.0803043281528016,3.3965086395819832,0.9038658271453612
WIN-be62712cf7984f4beba5,0.0018500059803778527,0.05632541159667895,0.05635578509490156,0.04486427914161165,0.25723101118716,0.5113232957801712,0.037159169423124236,3.109593489491551,4.564411812370741,5.733537150334921,1.2561393200091648,6.765630961747192,0.4135344612051004,2220.369009246238,2793.946524200626,0.7048100654705178,0.1776803301969462,360.3515625,4488.28125,0.2242332919934104,0.2718647205044991,0.1225424237125659,0.3809317553015451,0.07965616095696937,3.4093515654362276,0.8996000782359325
WIN-1e84f33a83def8b9b6ed,0.0010734049998917118,0.05640145554716723,0.05641166888271321,0.04483673663502075,0.23678028141597118,0.46987024942232036,0.030878545628537753,3.144077129567919,4.197363526047583,5.280943689950611,1.2581573306874756,6.228400531959156,0.409534127843987,2253.6940228627327,2817.8009192890822,0.7082218253517872,0.18212846087047035,360.3515625,4485.3515625,0.2200584796879605,0.26356786139367794,0.127770230425907,0.3882501979534094,0.0797637033211966,3.4916993549980155,0.9052377710675613
WIN-306010b55ca0e59ab5f5,0.024621479606455624,2.7715086949836145,2.771618058756976,2.2003469550024213,11.760225871822183,22.809739181789837,0.010989337325931695,3.1505350220805277,4.243090361841633,5.34471431656736,1.259627738459395,6.323777334842533,0.42053504458704893,2473.5195447760393,2778.021052326143,0.9063878139562186,0.5185476998635079,1327.1484375,4933.59375,0.028566149745151242,0.19994775313485486,0.4784693826045422,0.2929049135027413,3.919505176401768,3.6155672876693203,0.93072178184582
WIN-eef3214ff15f4dd1c693,0.019499845929078777,2.750866949650133,2.7509360622647496,2.1835513702510974,12.87589432339795,23.92540763336561,0.0048556060168139185,3.2059394660905225,4.680550195264442,5.896767302484571,1.2598449020904627,6.975401778534076,0.41703475289607467,2488.737144603034,2801.1266273596752,0.9076438476450931,0.524171519668327,1327.1484375,5027.34375,0.029985208257212986,0.206318842329221,0.4655467214980706,0.29809995175398957,3.8903133099847187,3.6929232784085637,0.9293879337659975
WIN-e277b18e45d231921986,0.017687297442499757,2.7869750582030037,2.7870311830936614,2.2118380488991707,12.87589432339795,25.043361008394665,0.01846048512637524,3.210393219285487,4.6199319194917745,5.821354926867475,1.26005210213266,6.880414019652844,0.422118509875823,2465.2547641760493,2767.0307899133895,0.9037593865722205,0.5108822718616868,1327.1484375,4951.171875,0.029622652609102677,0.2025642235781356,0.48775615297160735,0.27995936109340036,3.941377923156103,3.7670298919958514,0.9286124235213378
WIN-c8099c7aa973435fcefe,0.003953824429593196,2.8326445836835115,2.8326473430695804,2.248636746537438,12.17394947865681,24.08243253527461,0.008306010063141571,3.1965489137570136,4.297728592455243,5.41392445773976,1.2597176255480886,6.4022489605081505,0.4232852737728144,2441.436943957315,2740.6662385790487,0.8994302914970039,0.49668596841516616,1327.1484375,4918.9453125,0.02829933097232622,0.20022799911430242,0.4926405428958937,0.27874715146898965,4.005964358978369,3.8724486032631087,0.9269878624149098
WIN-03ee54a13bf27193f898,-0.0004713033699814459,2.844184516849218,2.844184555898525,2.267893539213718,12.17394947865681,24.08243253527461,-7.500289856955585e-05,3.0293156775115295,4.28029519160601,5.367954565835647,1.2541084961524929,6.339041028297354,0.4182015167930661,2464.7725982245042,2768.356387936252,0.9001820066921656,0.5064003614080166,1324.21875,4995.1171875,0.029313082580965637,0.2094223527988814,0.4827265863270115,0.27850215428178865,4.022284314161747,3.491310379796699,0.9333064882917487
WIN-843e260a823103c55fc6,0.011041723500839836,2.818705975889103,2.8187276026907617,2.248809773378998,12.375947360090752,23.076653994501633,-0.026255467599404305,3.020959614556814,4.390614881790018,5.503332254506125,1.253430875326626,6.488874387003756,0.41836819734977915,2506.9160143170793,2816.8534243387844,0.9054526422241596,0.5192273860980923,1327.1484375,5015.625,0.029647925138126165,0.21094871472730375,0.4628492117455694,0.2964916182558544,3.986252207279144,3.3532999849728653,0.9338492689118588
WIN-58f4fdcc4e742186c626,0.012983874742205683,2.7715947716042466,2.7716251837121337,2.206405336184629,12.375947360090752,23.23274781431178,0.00771151015570673,3.075259636981145,4.465231241516846,5.609099632384835,1.25617226275551,6.6245446334907365,0.4188682390199183,2490.667958206672,2798.1490510540457,0.9077434788044141,0.5243056488217706,1327.1484375,4962.890625,0.03129912505801846,0.21641598696545217,0.4542688342727584,0.297935029001656,3.919626912447191,3.5442526469455733,0.9290803746418919
WIN-1b54c47333f6512787cb,-0.021837714403500186,2.778522445458932,2.778608260566691,2.2113097077187254,11.191705382633439,22.048505836854467,0.05254376794766204,3.074665658194781,4.027809728150339,5.061120721155873,1.2565441425353108,5.9777919768997085,0.42828569047420617,2546.9801645386938,2857.4738923596183,0.9197474991902991,0.5455783016729747,1327.1484375,4986.328125,0.029625403050721342,0.19029653579387865,0.4661310497689618,0.3138141434141245,3.929424083027713,3.3829170338898362,0.9355761005854494
WIN-2b94c34d801ae83c7ff4,-0.0433512453118559,2.8151025229126003,2.8154362974464497,2.237841319921803,12.142621506436473,23.965736357067712,-0.0126960884766328,3.1223589651684067,4.3128738225920085,5.426042230221823,1.2581036342396126,6.410898512358064,0.429202433536128,2509.708974531587,2819.1719849568867,0.9039220374057468,0.5172811981729929,1327.1484375,5018.5546875,0.028281651851209004,0.18390364153153071,0.4894920627377597,0.2982170434800496,3.9811561628698775,3.4336059736310323,0.9302921961135615
WIN-62333cffcb7244781151,-0.018281523095375566,2.832130642436497,2.832189645824314,2.2524857767133315,12.6548345225922,24.47794937322344,-0.02188770372689501,3.1007143090811353,4.468215799477128,5.618164009475622,1.2573618333588716,6.638490961534537,0.42828569047420617,2485.410943665371,2785.325141596723,0.8970744676777127,0.5017178747980958,1324.21875,4968.75,0.02680776250957349,0.19127310084211566,0.49271981820857563,0.2891195696861407,4.0052375334456265,3.472744941817219,0.9272526408882157
WIN-3696567f5a0ac7ae8bdb,-0.009295476211082997,2.785098620033757,2.7851141321662074,2.2160088789397774,12.6548345225922,22.3755713250149,-0.0009346782538487276,3.096492855001173,4.543740012817706,5.7106425172091555,1.2568154210182834,6.750470367975663,0.43045253771147596,2554.473008772209,2864.257830218354,0.9126784858500913,0.5401437129574252,1324.21875,5030.2734375,0.029697591999803936,0.19416329083867415,0.4667614556688775,0.30923015081739724,3.9387242289752504,3.600558272208633,0.9315507031882846
WIN-4c6c1eacae528e912b20,-0.006075359829911056,2.7725064636137455,2.7725131200369564,2.190572348737854,11.444399584049723,22.716018559374266,-0.022171223532378787,3.216566154496175,4.127807187398647,5.224387859473547,1.2656569510854705,6.2100932777801,0.4307858988249021,2481.335372757308,2791.662757646085,0.908842532632495,0.5304115249799004,1327.1484375,5000.9765625,0.03131762177659891,0.19560841817128255,0.47805213721583817,0.2949350573673342,3.9209162421163932,3.8652214115376307,0.925090363495246
WIN-cc736f2e3e77f40834d5,0.0042444902341870405,2.7668918880031317,2.766895143585113,2.1963857727434135,11.271618975324543,21.93098050518949,-0.007116804967500862,3.1589798817013266,4.073742729807838,5.131894002955821,1.259749165160472,6.072011277535903,0.4327860655054588,2469.772712221868,2786.0851746921153,0.9067781912445002,0.5261023339399904,1327.1484375,5009.765625,0.03130005222814508,0.1999969096425697,0.4773246502218756,0.2912767484473778,3.9129760034517362,3.6864361941986004,0.9295999610614304
WIN-6ffb2395ec000874b64c,-0.012037402966019604,2.779035262127917,2.779061332036511,2.2133644298717683,10.996033790235705,21.95954340179046,0.015711145931720898,3.0969392205257824,3.9567438341397794,4.968017756961872,1.255582358932307,5.8608295010317555,0.4291190932577715,2536.1699185353305,2846.3216670582087,0.916965776719467,0.5345121906861571,1324.21875,5015.625,0.027042215389857762,0.19828328473270157,0.4564298312356617,0.3181743799966198,3.9301493566557637,3.4803996749327175,0.9333562370036177
WIN-deaa80fb3febe6c69b39,-0.0063972080661567985,2.7704039652645527,2.7704113512301016,2.2043016206113597,12.015183617077689,23.011217407313396,0.025489184246229687,3.098343070016415,4.336967364697824,5.450789268004006,1.256820448401465,6.432677976883844,0.42378531544295356,2493.821662432837,2804.9720882544075,0.9137479350015922,0.5353512541408996,1327.1484375,5006.8359375,0.028044195431733844,0.21660542017015788,0.45650102940318216,0.2987624660753431,3.9179428040916755,3.427379010772352,0.9342564441974319
WIN-cef57c533ee704d59fc2,-0.001245907468093387,1.089425900077755,1.08942661251029,0.8597255015968662,6.203729846124593,11.137697247512186,-0.014292402416861695,3.366697090761997,5.694490821941713,7.2159425707327305,1.2671795945165132,8.56408946855621,0.4305358779898325,2516.74594074308,2896.8330380758953,0.9284958213885945,0.5708915530899917,275.390625,5044.921875,0.15442361646669467,0.06797587082456479,0.4054719002497274,0.37196262302310795,1.540680882891412,4.5619192895858545,0.9329162311288478
WIN-0980687a63fd5f606d5f,-0.0016755729573142168,1.0829063565385273,1.0829076528385435,0.8539438435099933,6.203729846124593,11.137697247512186,0.002105511399779608,3.373297013101006,5.7287708973683005,7.264798374349693,1.2681251361754242,8.611055680968338,0.43236936411367616,2520.47034145078,2883.5538916426513,0.924570571752613,0.559101489719309,278.3203125,5033.203125,0.14129421572375078,0.07113109013232513,0.4200353998603234,0.3673190423506119,1.5314608561780108,4.564363234830989,0.9195075424339271
WIN-d7ea16df635342bf1d46,0.001126540480504527,1.0589854614896943,1.0589860606920165,0.8379161575660153,4.7007689114643725,8.788495626058854,0.060490974421953746,3.1920345171010243,4.4389336988894055,5.61007073203313,1.263832963630756,6.644179258999497,0.4382031835986332,2524.6771469680243,2898.81375122353,0.9224649503305373,0.5594474985856792,275.390625,5021.484375,0.15286583180571026,0.07314658743471483,0.3832462455570252,0.3905627735899975,1.4976316017310958,3.826786619554646,0.9239028952927222
WIN-fcc4860a3ce8955019c9,0.0005556483039164651,1.055297240941357,1.0552973872247946,0.8334014762691753,5.094736490625677,9.79550540209005,0.06352707571630835,3.3312471992309054,4.827773244107911,6.113183904385173,1.2662533212056422,7.241332597479775,0.44045337111425953,2548.2167930110354,2917.300883881321,0.9264322493404068,0.5621758012037431,278.3203125,5021.484375,0.1455339451191693,0.07879206233471682,0.38065694532050365,0.39491738958550604,1.4924156651035891,4.2515244025814996,0.9346183356898043
WIN-030ac98569c550c11455,-0.002738994807672628,1.0425669585343704,1.0425705564230001,0.8260585460172784,5.329321725062342,10.424058215688019,0.013062635464879985,3.3107311031971456,5.111713247822601,6.451506071513264,1.262102500420026,7.62029108282465,0.4294524543711976,2533.7325290186136,2912.041927839359,0.9257187866309543,0.5621627011362123,278.3203125,5065.4296875,0.14674506364368528,0.07857407837822918,0.3872745939149097,0.3872551863246638,1.4744123323074887,4.035819756393059,0.9315789954057786
WIN-a0fbde7107e695355723,-0.0024581367279795626,1.0405848547670957,1.040587758147688,0.8262761052570947,5.329321725062342,9.403368281257428,-0.004673152086657641,3.227373866549074,5.121453412582664,6.4498073841766015,1.2593705076617834,7.606989064845041,0.42545212101008417,2442.7307858051927,2827.24966597226,0.9217636010781909,0.5482319937150099,275.390625,5003.90625,0.16064460472994208,0.07624431321522404,0.4144799185794763,0.3485200542353585,1.4716092126827147,3.749258531373032,0.9402148351366506
WIN-ec1173656173fd2843c7,0.0016703815262181412,1.0694084235005552,1.0694097280408412,0.8433099800382552,4.909553084399707,9.567860645654509,0.02443167317087369,3.3608094521388927,4.590899966273374,5.821765662219688,1.2681098923921916,6.895516924267856,0.437703141928494,2512.74203057192,2888.1903803910145,0.9257483586923075,0.5553361099672255,275.390625,5039.0625,0.14773094490662594,0.06784092347684852,0.41266876546095865,0.37161366066368445,1.5123718955815197,4.081650764402821,0.9368126063349134
WIN-d6f6a3ac7d4c2efae738,0.0036263693522966024,1.064826941060299,1.0648331160151403,0.8384476347394113,4.909553084399707,9.567860645654509,0.0053541919915198665,3.344088321937583,4.610631478825353,5.855527382959027,1.2700055100576668,6.958284920070998,0.43711975997999836,2559.826667668066,2929.4470865886456,0.9299885530954739,0.5714832958106584,278.3203125,5053.7109375,0.1393756954121165,0.06728873839711523,0.4108789073390425,0.38223647600959704,1.505892701497797,4.098598381589477,0.9349013801098037
WIN-9366616c98915af2be48,0.006164696758066218,1.0315010346995952,1.03151945598348,0.8154286233084792,4.218244233393088,8.228941753466156,-0.02732118148960809,3.2055781884899837,4.089350141599806,5.173039200258906,1.265002756215473,6.140738575715858,0.4329527460621718,2521.8968014957186,2891.10182211989,0.9283407519046607,0.5697282032764353,278.3203125,4995.1171875,0.14517814861625025,0.07830670899247036,0.39344131962929657,0.38290472566921213,1.458762752827594,3.6970929338660468,0.9325999079409949
WIN-af16ec8f9339da146c04,0.0037199847527064353,1.0272765356539397,1.0272832710561,0.8085195033071411,4.8296623398891265,9.047906573282216,0.038242177165979684,3.3209448823074657,4.701392961377911,5.97346423942535,1.2705732723241236,7.105965573150399,0.4355362946912243,2569.9008870420075,2917.416529040131,0.9303885020729981,0.5707994013536843,275.390625,5041.9921875,0.12975817979846188,0.07261598620171618,0.41902165214373616,0.378523683965927,1.4527884039184504,3.89589511894511,0.9351769190750394
WIN-ecddfdaaf5dd9d0c3ef4,-0.01189344282466348,1.0152428243784435,1.0153124870866814,0.798797293218607,4.8296623398891265,8.94456257543326,0.08004090804617946,3.3348256403806236,4.7568235408416095,6.046167633371469,1.2710514866598948,7.188611674340905,0.43495291274272857,2489.141419553666,2875.18241137238,0.9283282823012639,0.5737369422102998,275.390625,5071.2890625,0.15121515240511124,0.0780606981453796,0.40929061335604766,0.3613081420161361,1.4357701634509281,4.084397337664336,0.937646883778387
WIN-5f7383ffc93baca88c0b,-0.009595091068024237,1.0469557147577404,1.0469996821568262,0.827463142663486,4.87125204659228,9.416119535643674,0.009290881383094045,3.2623665874991823,4.652582163685873,5.886971631034256,1.2653127712557903,6.973364767285431,0.4327860655054588,2476.8247095232396,2858.992552700602,0.9214919971445564,0.5548439352007709,278.3203125,5024.4140625,0.15851245342242543,0.07499695815481264,0.399962048303174,0.36632870012720503,1.4806189684586166,3.8711260473407223,0.9329382642570554
WIN-7810d6c3baa6a2250ef1,0.002450342054425227,1.0760056998838734,1.0760084899101714,0.8466243065981648,5.131570100639025,9.67643758969042,-0.004272921205845057,3.3544745811593177,4.76907956466278,6.061212819712455,1.2709397563039835,7.2045301046835695,0.438953246103842,2485.7276182650135,2852.910862077427,0.9250391405038042,0.5663745361081737,278.3203125,5015.625,0.1466336606070108,0.07160775471200993,0.4259668106431264,0.35561881571184495,1.5217018509480127,3.9524573939868173,0.936687990697883
WIN-764986316273e645270d,0.0037430539761743624,1.0534515089823084,1.0534581587467873,0.8327271346134703,5.131570100639025,9.523729556876292,0.007685102554494915,3.1816485762000934,4.871166508158958,6.162366863444171,1.26507005110925,7.323862713857466,0.4342028502375198,2533.9931776367125,2899.9026345255998,0.9281035140782622,0.5684358696172592,275.390625,5068.359375,0.14225812983192862,0.06911772325872456,0.4218566590875251,0.3666574520871188,1.4898054110976175,3.68880557562999,0.9225591240110673
WIN-bbec483bbdb5a0b7fbcc,0.004531383066257352,1.02687225865433,1.0268822566518219,0.8164591094677929,3.894048803091243,7.731297524700498,-0.0064836782646694345,3.041856343418067,3.792108372564645,4.769435184114488,1.2577264981707843,5.647521663010269,0.42978581548462375,2468.391905760049,2845.0829925643834,0.9251647356296633,0.5700273692108062,278.3203125,5009.765625,0.15072984620595084,0.08315372579230683,0.4035605098184458,0.3624477680152106,1.4522166700031363,3.395123246590648,0.9403461301101697
WIN-8ae1fff6108fad1118f2,0.015584625367038564,9.504428177241694,9.50444095446406,6.395356905073631,126.58886097285642,227.0103950445931,0.0809883221679862,18.760665319857814,13.318917080902759,19.79386965446914,1.4861470744380838,24.69985832487213,0.5142928577381448,2969.5147697393963,3266.0610342648793,0.911177269901628,0.5147583817915143,1983.3984375,5173.828125,0.009807366253962186,0.08957993095667288,0.4915614511649832,0.40897832938222695,13.441290858707237,39.309536346227816,0.7882936981191044
WIN-6dc3108c5e9711fffdba,0.08965015625729478,9.690113706178188,9.690528406087015,6.487737048975226,128.53143049191598,228.95296456365264,0.6674100548649105,20.999829669219096,13.263614232962457,19.811442652750305,1.493668490712982,24.69584427424138,0.5177931494291191,3079.334207815572,3374.221958144506,0.927535905201392,0.5733150443131181,1945.3125,5206.0546875,0.011402349933436575,0.0899872270113972,0.43805683351149405,0.46047740460875597,13.703890222583233,40.706756749400235,0.7993598700695783
WIN-04c9fe0d2d748e4c7412,0.04355595575946306,9.757411621314679,9.757508835202195,6.449968469273889,137.25972030847282,265.7911508003888,0.17353948005126238,22.15520397074009,14.067086448670837,21.280680822289924,1.512799462769954,26.61560748688376,0.516043003583632,2951.8748864727686,3284.89976421347,0.9344839429334171,0.6339890666775141,1983.3984375,5214.84375,0.024138313392009104,0.11445038761348764,0.4392656426202043,0.4220061935708964,13.799063830447228,37.190482576156434,0.7901164381422918
WIN-51dd86232cab34d42a6c,0.026117784977322533,9.568851653140797,9.568887296781558,6.332673851317723,137.25972030847282,241.34813078170916,-0.5207342544923207,23.162449773891392,14.344376315794316,21.674844391345008,1.5110342836918598,27.053784929310535,0.5069589132427702,2833.0499001793164,3163.5385163136157,0.930398222949091,0.6197540303224203,1986.328125,5188.4765625,0.02438075060582347,0.12319510582431978,0.4685610426812587,0.3836591000772236,13.532399533860696,38.33584009197712,0.7992867139129815
WIN-1d0e9e1272fae49cd493,0.06303121195252218,9.57190603410459,9.57211356281402,6.422755773437173,127.11618946594596,232.82909863986308,0.03130677963619823,20.05282565782261,13.279845525418416,19.791534031489295,1.4903436936525394,24.67912171442329,0.5002916909742479,2940.455503421548,3231.6845100167175,0.9171223374776728,0.5206516707549126,1942.3828125,5156.25,0.0086158014447363,0.09007460348756342,0.49705036609157466,0.40415513830162175,13.53671933048077,34.51665345306381,0.7916397374072338
WIN-cff9b86513fbb33b0047,0.036375752781211135,9.447198248754697,9.447268279596184,6.449758185715383,105.71290917391711,200.9936176424152,0.319464205548467,15.17364710087342,11.189785877280553,16.390212800230035,1.4647476707759493,20.42430412061988,0.5060421701808484,2952.4980282364954,3237.807123715631,0.9039018749535331,0.4447102576193447,1942.3828125,5141.6015625,0.006374095699198748,0.08461819422893574,0.507700090063458,0.40125487870257487,13.360355419276605,27.028603258443205,0.7785491475839145
WIN-18bb522065f15911d801,0.024594777940507878,9.63414985897232,9.634181252614997,6.452207517324231,109.33020682357036,216.12170331074026,0.08152491853340188,17.84333358475868,11.34815756075625,16.944620353576802,1.4931604767431375,21.222465501154115,0.5097924827068923,2960.404306511035,3260.9028692459588,0.9118041068603833,0.48632056700691995,1983.3984375,5173.828125,0.00796717131989615,0.09981904681302266,0.4924891508685174,0.3996554474812972,13.624745386778184,33.21460652126465,0.7835582750833744
WIN-958ab83ae4c82871a94a,-0.014608147402561502,9.647981157753213,9.647992216950197,6.4097567951451895,109.33020682357036,216.12170331074026,0.04237998502110315,18.686739418829358,11.331912833789488,17.05684167398692,1.5052041013874617,21.430476281477915,0.5136261355112927,2886.336521096415,3192.0977306256054,0.9163031112586106,0.5332025159851682,1983.3984375,5144.53125,0.01091725965587552,0.10249739511358903,0.49875379519599117,0.3877654403394018,13.644305800472553,35.01173524544867,0.7818399799860855
WIN-a8d52e2ee10aafb2721a,-0.06792095613186577,9.139992933092694,9.140245296121227,6.186109614976494,109.02013722076178,195.9055792210841,-0.30456783254745134,17.025540874282584,11.927484841901766,17.62337624228445,1.4775433778268865,21.98891114820101,0.5137928160680056,2942.826430531596,3241.605736695755,0.9061479036595129,0.4700720889854814,1983.3984375,5165.0390625,0.007732945287896217,0.09103934981212537,0.5046152711066366,0.3965578050111176,12.92590183073823,31.369038342892978,0.7817847243827223
WIN-13aff6bacc9052002093,-0.03168022592322842,9.162765440317662,9.162820207283032,6.1736765562110305,117.14658512367399,226.16672234443575,0.2041779543257165,19.229616156987284,12.784992226579726,18.97517371651089,1.4841756162400972,23.695721216079235,0.5071255937994833,2864.8338458094563,3160.2985211201785,0.9166411709461495,0.5447151601512062,1945.3125,5121.09375,0.013546064103780968,0.09597744061569022,0.5084215811421761,0.3819883769402103,12.958107000785068,33.45971340411512,0.7859255006723999
WIN-02fa56f24e4478ff38b6,-0.0013400888255379448,9.465474696569618,9.465474791432163,6.367464310401427,122.30866149343571,241.16618843170818,0.6084620569114669,19.85736249216945,12.921555884775328,19.208378018487196,1.4865375493300472,24.093253338009372,0.5046253854487874,2890.184262461557,3183.2035003695737,0.908712183374024,0.5144360256771607,1945.3125,5121.09375,0.012615639186392533,0.09739601620817807,0.5025111537391944,0.38742809772453596,13.386202546905702,32.033633948887015,0.793343730699301
WIN-39f86a8a33c75711482c,-0.03528028592014017,9.454467708172121,9.454533533889654,6.385632675199489,122.30866149343571,241.16618843170818,-0.06428925142881567,19.652554504303996,12.93650935342383,19.153726453517873,1.4805946434419375,23.933105639252183,0.5092924410367531,2873.5036484085076,3166.1811373396768,0.9067229480553116,0.5116206506197342,1945.3125,5118.1640625,0.013165666862415212,0.09182398322070433,0.5144459197663803,0.3805026564460066,13.370636442190815,31.937189749528983,0.7893487525235364
WIN-4c437866faea61fe0b9f,-0.055557211056303325,9.127737414464345,9.127906491146401,6.239785252561485,115.55142618780437,200.3584956845319,-0.2828627561411159,16.48884402141595,12.659137809953535,18.518494068421827,1.4628558711051562,23.011665021110673,0.5193766147178932,2899.8660860146933,3193.9307789129034,0.9003171122150525,0.4544015402606682,1983.3984375,5167.96875,0.009416447884640368,0.08700300747735315,0.5241747521299724,0.37936683896993195,12.908569977746252,28.234007162126325,0.784000627881431
WIN-ce7b5072dc211e6e2ff4,-0.034561818037206656,8.666465025408943,8.6665339413114,6.037910095306172,88.17485868550838,172.98192818223592,0.06031997732165976,13.066343329542404,10.17417796810195,14.603539518423814,1.4353532604016852,18.05935224607204,0.5127927327277273,2997.4238549318125,3299.744421013105,0.9028924095351215,0.39946294308061264,2648.4375,5203.125,0.005689844763295692,0.08800781904062743,0.5028054199037741,0.4034612970501909,12.256232374678392,23.98009626197739,0.7797696875919102
WIN-29b1c0eeb1bcf727e214,-0.023433491799103142,8.590553650033655,8.590585611158557,6.033396548089613,111.49795027031436,192.47204497564988,0.029644933681311932,12.414690149997654,12.979086096933077,18.48012962211146,1.4238390503069482,22.822273066419182,0.500458371530961,2928.963544503263,3225.5689165594845,0.9008104834075837,0.39860637450479874,1983.3984375,5194.3359375,0.00628029823981452,0.08792385746777591,0.5303518174681635,0.37538702921711603,12.14887744909001,21.014301467771382,0.7785482648538402
WIN-7f21bd81e973cc6b56c1,0.03224968429014001,4.792872769762547,4.792981267360443,3.806288848875368,24.097090776956172,42.78056800751018,0.014600316365733824,3.1401278718464543,5.027578751673637,6.330862352727048,1.2592268894083933,7.491327845085225,0.5803816984748729,3556.041141336741,3806.0784870053053,0.9224678508694821,0.44724799952091226,4810.546875,5255.859375,0.0193447893945799,0.04920919930166184,0.3362598556565374,0.5951674841094354,6.778145673254923,3.753375562734051,0.9370636099019622
WIN-cc507b9e3a381fc7583b,0.03584624016948065,4.814819586914755,4.81495302235362,3.823575540817494,20.288217124678983,38.971694355233,0.008809518351621559,3.043914746854775,4.213585684114856,5.306085078767918,1.2592802132327972,6.288578508128863,0.589049087423952,3629.8344624305078,3869.719991978862,0.9228297130935371,0.4443403309724027,4842.7734375,5273.4375,0.01589424233084118,0.04892239825564621,0.3168116982108557,0.6183480215606355,6.8091831519154455,3.304906380475144,0.9359071543180116
WIN-a14f29dd5255f05efb59,0.05072352022163299,4.7624515111647705,4.762721624418047,3.7770557166692935,17.550052963812412,34.505339255894995,-0.008098603267604023,3.084915223589224,3.684879014097985,4.646490356590202,1.260961442373606,5.504477623925779,0.5923826985582132,3609.5374498257484,3848.7485435201615,0.9223311937124691,0.4511230613111114,2569.3359375,5267.578125,0.015082379326452386,0.053769144182966064,0.3073471749780379,0.6237803705784953,6.735123516257068,3.2973950796949154,0.9376082217171886
WIN-21ccaec5dca897932e69,0.037127620309020094,4.761184405195785,4.761329163213708,3.7779221187397307,21.240294382575023,42.18017942028572,-0.005358776318966279,3.1554638260900036,4.46100104707615,5.622216052896005,1.260303683761689,6.643340986750113,0.5826318859904992,3601.547097286048,3846.9192086913995,0.923697389246681,0.4496656302157277,2566.40625,5282.2265625,0.017695876916044944,0.05325804779377207,0.31331692378079656,0.6157120521886368,6.73333153539215,3.4252469986710685,0.9315706025136901
WIN-c178bf9254d753461d10,0.03116468078672263,4.791358375399745,4.7914597273525965,3.809896532940587,21.240294382575023,42.18017942028572,0.017594929084694497,3.116195770117211,4.432948535770412,5.575031814886475,1.2576351315381138,6.577509480406897,0.5827985665472123,3593.650094821556,3835.82780394081,0.9222656887992698,0.4438755203409118,4895.5078125,5273.4375,0.015478675673305433,0.05261918693161241,0.326932532890898,0.6049543699492923,6.7760039938688665,3.424287760886209,0.933120791402414
WIN-6788a34f705f3ba63b19,0.022948389458798436,4.750188314004833,4.750243746071019,3.779492350373094,19.059843286373447,35.7849117324743,0.019212539697759063,3.0596392295267894,4.012392690824349,5.042963847905898,1.2568470328034504,5.956793237437129,0.5925493791149262,3637.101758713627,3869.6142980361806,0.9169174903795314,0.4304152392693296,4804.6875,5264.6484375,0.012739162600474432,0.04753493388644112,0.3126371669647077,0.6270817356599542,6.717780538671904,3.36323064005845,0.9373431845586321
WIN-b7bbefe68cdfc4b9c92e,0.01744049530458889,4.735766514981425,4.735798629090534,3.779205298797991,19.204091119118715,35.35869389270263,-0.020252364868482125,3.0092734551760776,4.055090307503768,5.081515715809792,1.2531202341919723,5.995090049208851,0.5912159346612218,3578.2456711932587,3821.975542330675,0.9257353248513182,0.45344407657879215,4804.6875,5252.9296875,0.01682925352457372,0.05383479287835115,0.3172476635913364,0.6120701959287304,6.697385229956458,3.3069332322242384,0.9366180113808402
WIN-edd415dd3f1a3aae0b0f,-0.025272331615701266,4.765078719699009,4.765145737086499,3.7974815522921794,19.998817890955866,37.72140751214303,0.008380678513733052,3.059375636485258,4.196895330042797,5.266337075127912,1.25481734972721,6.216030033978989,0.5877156429702475,3609.9170064024497,3849.5696440612924,0.923778623416253,0.44392883930978044,4836.9140625,5258.7890625,0.012341428827326289,0.05252257241133559,0.32453449727006234,0.6105889132106633,6.73883893966335,3.3777980623310384,0.9327650005860199
WIN-400e2aeb4c8dda201560,-0.06130086238159065,4.781958373830633,4.782351271579457,3.809324894367084,19.998817890955866,38.08511175502909,0.04353065596670904,3.063219612457294,4.181796098877261,5.249963824435984,1.2554327614979621,6.20690459499198,0.5856321360113342,3598.2777991005673,3834.645089816,0.9227804657104174,0.4331435300720902,4842.7734375,5247.0703125,0.012086789747184485,0.051907363322649315,0.3278329834957515,0.6081609657160281,6.762710336424874,3.396979611782836,0.935244809197671
WIN-410e5498c2e0e01f9773,0.0008839514563935585,4.776972223084068,4.7769723048691555,3.815370428866982,21.09481318842573,39.282917874766326,0.021109024974939692,3.0041271098818467,4.415937929328044,5.528903046691733,1.25203368688017,6.529743137139687,0.5898824902075173,3614.820433225342,3851.738600548583,0.9191496572213672,0.4341329309256495,4825.1953125,5244.140625,0.014987172632207092,0.05067658914786563,0.3146102043837863,0.6197123647983669,6.755658876279001,3.2769085014468566,0.9360858726142519
WIN-b3232a2409ab3d912138,0.03771344332992415,4.75265380631664,4.752803436552353,3.783995669380192,21.09481318842573,39.282917874766326,-0.00870226966298732,3.061243797799403,4.438393775384767,5.574745594747317,1.2560277156262158,6.591162006678283,0.5927993999499959,3630.925165611457,3862.602823114469,0.922635918962618,0.44293407472791574,4708.0078125,5244.140625,0.014807764312602053,0.0463289400999954,0.3080863756254382,0.630768372732951,6.721267377352707,3.314720855014089,0.935500291735875
WIN-efe1c8108140a66d12fc,-0.03152092985716813,4.69488688775043,4.69499270050444,3.7256828786167038,18.69047790215258,36.64157580895671,-8.810426047417037e-05,3.1222463986991182,3.9809386498386785,5.016658290865348,1.2601697067267217,5.938671698180461,0.5777148095674639,3555.74452058509,3794.9302069370165,0.9261349806822352,0.44563449383236553,4833.984375,5241.2109375,0.015171659779890623,0.05046631942317043,0.33472808406281457,0.5996138267322086,6.6395726621398845,3.395332054359284,0.9327310410449695
WIN-5eae5d42d39dbfccf81f,-0.09284101733055872,4.661460052806587,4.662384505637706,3.7132417672223506,18.69047790215258,36.84492226254956,0.012036095885385846,3.0582318052479067,4.008780888737992,5.033466462413718,1.2556102720788083,5.944481356059696,0.5792149345778815,3552.386033898594,3797.772044554647,0.9282973945186831,0.4545352549114918,2651.3671875,5270.5078125,0.016238216554388077,0.056917386491214396,0.32754431505565135,0.5992687432029056,6.592300004052594,3.2385325869791086,0.938691246066819
WIN-4dc557640a67fb24cec0,-0.06564635787043942,4.710458260087992,4.710915671536994,3.76240325306418,18.15444436039698,35.127046701221076,-0.009233464356303676,2.9987776011176517,3.853697587940481,4.825225564433263,1.2521028062845398,5.691095586202545,0.5917993166097175,3603.4293021358826,3843.4536678741515,0.921082814692194,0.44274750488783426,4857.421875,5250.0,0.01746346589482527,0.04714978243995418,0.3261965221108274,0.6091809945274457,6.661593933151096,3.2266639885368296,0.9356633602840622
WIN-d478cb5d33ae268f24ae,-0.014927722695466307,4.731072521985428,4.731096072284988,3.761776007629253,19.029324774993725,36.07221134289449,-0.008005632879188243,3.0731696026537088,4.022181009272777,5.058601239519662,1.2576761781372947,5.983415678251114,0.5927993999499959,3623.4877913967644,3865.927644159212,0.9240329072431125,0.44392530018629556,4839.84375,5258.7890625,0.018577257722360914,0.04732218796624189,0.30668531598445575,0.6274009439791867,6.690746910681203,3.3800242953310415,0.9356144016858889
WIN-a35c7cfcb3321507d42c,0.023774625136729108,6.5528861706158565,6.552929299011926,4.067800624650857,95.9495151127194,178.70758489162648,0.5626837144814846,30.437249159993865,14.64223261605651,23.587565853459505,1.6109268628603837,30.089241221083967,0.3738644887073923,2662.292491852655,3016.12329664327,0.9094157457200488,0.5866773432205283,1491.2109375,5094.7265625,0.018288387084545853,0.1714198624379226,0.46613251844765724,0.34407238977633847,9.267180460388246,40.94791393405826,0.7527057295156487
WIN-53425b83439c5dbfcc07,-0.009571602544797575,6.365753116000896,6.365760311969843,3.9132373486002616,82.75806977890707,163.44436834081472,-0.19078132676205473,27.718564379042018,13.000500446628523,21.148236717225423,1.6267248175593554,27.16926623577436,0.3761146762230186,2705.125568298766,3088.725860428048,0.9197236134824727,0.6160831343619645,1523.4375,5121.09375,0.030824863280672066,0.1650198965309161,0.43879613249348737,0.3651301568424239,9.00253438608249,37.56847330061639,0.7341387590659524
WIN-3ab02759b1d45dacc9b2,-0.024232128256722732,6.023205202242985,6.023253946528141,3.7723500262105225,80.68629856190763,159.44368056593447,-0.4452162177483325,24.439449483923212,13.395798895114254,21.388868477546577,1.5966847998400469,27.339412838054898,0.38111509292441037,2627.411328921038,3003.2112921848266,0.9247309634588524,0.6284830527915545,1520.5078125,5006.8359375,0.030007051548978474,0.17940862827658635,0.4364818302695932,0.3538920131043443,8.518098484966279,34.886079902920734,0.7522269290095629
WIN-eb0aa52dbc72b5907650,0.005383706699474593,5.918808017693419,5.918810466184039,3.7783784306282473,74.74925643142356,135.25778782331497,-0.04809752543888958,20.994409250396576,12.62910121188643,19.78342238709395,1.5664948799737686,25.13505974782164,0.38786565547128926,2654.9934625363753,3007.7219761699744,0.9054266159075175,0.5298083489715572,1520.5078125,5030.2734375,0.015669933169870504,0.15686517772430214,0.48141723205799497,0.34591899443071866,8.37045856312044,31.938975496943467,0.7559353664302381
WIN-9acc464ead60d1f7fbe7,0.0010363010310677485,5.846938890692687,5.84693898252876,3.781213624634506,85.88621932815056,160.63547575957412,-0.13246944443436792,23.67182553792365,14.689091092753404,22.713929403136977,1.5463127881573688,28.676471283329374,0.3865322110175848,2820.174872972893,3204.9003650523614,0.8949940254002859,0.5116531351135521,1907.2265625,5162.109375,0.0184870515071393,0.15098300703422277,0.43991562093193365,0.390453973461442,8.268820257903434,44.48082790626085,0.7526764408332628
WIN-8b76501414fd5f8b1557,-0.0017174594225090089,5.957967280218076,5.957967527757771,3.9111557751893296,85.88621932815056,156.64229150089608,-0.5218353621901572,23.06324354243478,14.41535539225382,21.959293943993078,1.523326574091219,27.526857403618834,0.3762813567797316,2699.3810905890823,3067.5303012578097,0.8825489256107525,0.48122412697460293,1904.296875,5147.4609375,0.014554209767247878,0.15516440319253513,0.4814652346035315,0.3487728101402259,8.425838128454181,42.82328663129224,0.7638226398535348
WIN-cec09753b3307b745c7e,0.03031310850693692,6.1660714328755395,6.166145943769995,4.028417707844711,82.92874438328934,160.92791582331444,0.0003917827434504754,22.51005426126492,13.449040152392676,20.58593482542241,1.5306620094934205,25.91696877742875,0.3726143845320443,2609.563174807999,2974.2717355384407,0.8846576684548133,0.4849353157259877,1491.2109375,5068.359375,0.01787214767147747,0.1778797299492308,0.48353024144305323,0.3206336664772845,8.720141822528507,34.56563971911279,0.7642318638830974
WIN-b6c7b6df9a9c4c52c39a,0.018116018838716063,6.103274073083932,6.1033009594249155,3.914757670833204,82.92874438328934,149.12251390373297,0.12884316337204585,24.332203761507266,13.587523363928907,21.183621402961037,1.5590494923595999,26.840386865513793,0.3819484957079757,2626.275342969982,2977.6997041149248,0.8977729876085285,0.5267617275930162,1491.2109375,5021.484375,0.015058324315619065,0.18158341135711895,0.46627124225625866,0.3370048156523227,8.631332965752076,40.41670867335036,0.7701732722344728
WIN-c0f2b1cdcf515595727c,-0.02392895827895846,6.099013790761656,6.09906073219026,3.837078268570543,93.83198842100866,175.63713443699865,-0.510677598210935,31.183576605307472,15.384662088337143,24.454019921762026,1.5895064695828582,30.953257839522372,0.37836486373864486,2676.6568289816505,3051.674041827243,0.9042063343390455,0.5423945183724069,1491.2109375,5132.8125,0.019366944694199282,0.19303983968839195,0.4297608194569338,0.3577800394222301,8.625308018694001,55.31183585891827,0.7685100321966446
WIN-4e8dc4f19a11cb366073,-0.01374139472161813,5.850872719629112,5.850888856167843,3.7702295418187073,93.83198842100866,175.84024478891723,-0.6513231720883724,32.18981644961937,16.037219425571138,24.88760627972813,1.5518654212613012,31.212015072088562,0.3745312109342445,2587.6396627737167,2962.0812476876313,0.9108314635989772,0.5762558943488667,1491.2109375,5059.5703125,0.021347988650237983,0.21562020187832376,0.432581388554339,0.3303937239920012,8.274383529106851,57.76227155763986,0.7774877821226395
WIN-c43f8549cdbe7a1942f2,0.003735044073050126,5.6846101036916,5.6846113307372965,3.786799577341289,82.00825636790856,139.696569012177,-0.46482577064116826,21.844225162866515,14.426361205112967,21.656349826009244,1.5011650906349154,27.045482549276876,0.3808650720893408,2682.4364695189447,3050.012767585957,0.9031326319068076,0.5331918026108732,1491.2109375,5009.765625,0.022012823746157307,0.17221529304089345,0.45073212029230875,0.3548928254590492,8.039252703478446,31.664068246647737,0.7706033138273288
WIN-44ddc1be7afced802611,-0.004176963024055836,6.073591991421155,6.073593427722611,3.9353551878837036,90.59015770126004,169.3718271506357,-0.1605210885143886,27.298866391193748,14.91541354871581,23.019563260807782,1.5433405976722607,28.94071176681145,0.380115009584132,2541.9066493470373,2894.6637101074843,0.8821432825029101,0.46368390807612087,1904.296875,5015.625,0.018394292042140718,0.1449365663256302,0.5339655998087008,0.30258608129038206,8.589356154457564,40.27798387013816,0.7759001648904792
WIN-1e526ac3f8599fce3e16,0.017719192968269484,6.387413164947243,6.3874377421264015,4.005701981827051,90.59015770126004,166.14736626167166,0.08158992268153928,27.95142723437223,14.182550399479599,22.61530141588769,1.5945863599197203,28.746121966936805,0.38078173181098424,2595.9707908156365,2962.579644652659,0.919828207745081,0.613465948475015,1491.2109375,5050.78125,0.02398780493192212,0.190578894798483,0.4537811711645885,0.33147603478715654,9.03316632240671,40.53085249091835,0.7479183213068443
WIN-fcbffa6c3ab578381a1a,-0.001619326262666841,6.522836632900664,6.522836833903514,4.097378127265826,86.62374171659327,160.1635143757835,-0.1753383936500917,24.71638956446971,13.28007183413494,21.141261320291182,1.5919538376250864,26.88760870507199,0.378698224852071,2693.96615584068,3054.9327155849223,0.9226041267595062,0.630456511553567,1491.2109375,5083.0078125,0.02653643306801783,0.17745008331669845,0.4337188663994504,0.3622215427132619,9.224684018896287,35.513472931482006,0.7480778662372086
WIN-1133c6a1415c39258708,-0.02820186414860584,6.107607117910694,6.107672228590434,3.9764765745614055,86.62374171659327,160.1635143757835,-0.45482322092543864,24.05352983807947,14.182775118659347,21.784044264394,1.535950762959683,27.39309388134916,0.375864655387949,2716.026095225509,3077.3520667011157,0.9087375719761563,0.5695903759682459,1904.296875,5115.234375,0.01684251979035275,0.177276157875517,0.4332600628839754,0.37255496520541775,8.637460814477434,37.316271762632546,0.749420318206566
WIN-6123e1bef88c66f3dbbb,-0.027309731475280628,3.554043323021879,3.554148247238662,2.8344562054585296,16.68757173467965,32.73189296964808,0.011741371657877687,3.114303518308009,4.6952379512137945,5.887397978680082,1.2539083300680083,6.942035416124061,0.5167930660888408,3134.376114215516,3411.6893633126283,0.928504555079222,0.503375087028164,2648.4375,5214.84375,0.016203828210171942,0.09350666156584148,0.4382455527067512,0.4519757007238871,5.026176257727716,3.613504380362353,0.9395437309241712
WIN-00aadcb9105031ac60a0,0.02324883305921933,3.546196217626296,3.546272426386002,2.832017061296159,16.47277500033775,29.914202643665135,-0.016344688761072722,3.0140150969007244,4.645095756819922,5.816622797036635,1.2522072959411092,6.857288978802689,0.5124593716143012,3109.2451013642153,3388.6049291383515,0.9306656739184038,0.5151971638451739,1825.1953125,5203.125,0.01621994492200441,0.10205858468111462,0.42697992176853083,0.45469171779327927,5.015078782386299,3.406223344497314,0.9398300121886779
WIN-3c35831c49edd880e519,0.05269111486415914,3.5821475010869075,3.582535006546175,2.848113207482916,16.47277500033775,30.692789856324737,-0.03661055038576476,3.076187734892662,4.598077889045977,5.783750083055916,1.2578625727139068,6.841108534964779,0.5116259688307359,3072.6939041073565,3345.7269665212953,0.9250280897607841,0.4959693596723659,2651.3671875,5194.3359375,0.01636678469823581,0.09097237812273627,0.45862496039629963,0.43391218132764114,5.065921578453693,3.3496204581012488,0.9361246269462327
WIN-40d57e9da9bd8d45190d,0.0046572425258529036,3.6167770247308093,3.6167800232428555,2.865807458024155,14.220014855986983,27.830775394277133,-0.006949241642977425,3.10365495819967,3.931678112741064,4.96195751608033,1.2620457152886329,5.88325109643727,0.5059588299024919,3042.202702453457,3317.6127050113982,0.9247867271042057,0.4999096056652957,2651.3671875,5203.125,0.017703174081319467,0.09852318604144329,0.46606719691360043,0.4176751065744897,5.114895116654252,3.285741310084239,0.9341883728462136
WIN-6decf919081f9e70dd03,-0.030794057390641096,3.6327353707389243,3.632865886292563,2.8889457499948032,14.723800568856754,28.911294534183817,-0.0169491378463314,3.066922717889213,4.052943606976566,5.096599882112062,1.2575057480043854,6.03156809449054,0.4998749895824652,2992.4251900492736,3275.4025437209093,0.9192657382363981,0.49492326720493884,1324.21875,5188.4765625,0.0181235659170541,0.11287865062902053,0.46502380932106135,0.40395836704743326,5.137463612037181,3.4275153718624316,0.9306656395495811
WIN-877ff50641c5d0e5a342,-0.023384592171257584,3.630081768238296,3.630157087957364,2.8895555930058765,14.997966798697679,29.185460764024743,-0.02588015500342126,3.0663420433122806,4.131492504400872,5.1904060385599875,1.2563029057972948,6.139869314735035,0.5014584548712393,3010.86694183475,3294.661046078007,0.9220166909811953,0.4928142130077754,2651.3671875,5185.546875,0.017408264182206555,0.11191088653697623,0.4596640614151263,0.4109862369137661,5.133710813203494,3.5276852215605023,0.9364707007614868
WIN-4f958ea4da941c9ee153,-0.030659660440474766,3.611514647966288,3.611644786970804,2.869017554292964,14.997966798697679,27.757931158110488,0.035428244223315815,3.084486661729461,4.152669402262224,5.227561879588612,1.2588437395809497,6.184577226366562,0.5044587048920743,3084.4156750105203,3360.2433066898093,0.9172423913643457,0.4871443196723324,2651.3671875,5208.984375,0.01627828413439266,0.10027062773283818,0.45049359346776696,0.4329241322990388,5.107452955388025,3.5099863009691767,0.9365717401403151
WIN-8f319ee3cc259dacb302,-0.009139856717680339,3.5463470895509457,3.546358867422654,2.825931163056082,14.033366045787956,27.30636234585581,0.04051451347902082,3.029075027704656,3.957119561332738,4.965926357033662,1.2549346260742655,5.8635166280863915,0.5022918576548046,3065.3321239706816,3343.610019732273,0.9202669656797632,0.49425537296669503,2654.296875,5226.5625,0.017221213036783808,0.10374826332376592,0.447085684781001,0.4319013789042495,5.0152921349712765,3.388185173560419,0.9380407485570547
WIN-48ef333e908c4b185d3e,0.01005626445421756,3.53958612309623,3.539600408417619,2.8241589847514152,17.521977207080806,32.25710272266517,0.0009516428594365583,3.0578487669404173,4.950269856847787,6.204316860942196,1.2533290184893482,7.3201682001058925,0.5042920243353612,3049.798528498487,3321.444121875077,0.9238497731315948,0.501472901454997,2654.296875,5208.984375,0.016801855541979865,0.09370928687897662,0.4667483370349957,0.4226970147841429,5.0057306409910245,3.473398217513656,0.9379404748277084
WIN-3e59627c7514beb140de,-0.007271964913452325,3.5369761663397346,3.5369836418520557,2.8166616016591526,17.521977207080806,32.25710272266517,-0.01697582271968089,3.099161211906813,4.953932214936932,6.220831496674387,1.2557360954426837,7.3457211803380495,0.5082090174181182,3080.7965573766746,3347.9385387733055,0.9247708098883717,0.4967589523402422,2651.3671875,5191.40625,0.01744667567441916,0.0901651011092658,0.45224776189994637,0.440098952977917,5.002039649013783,3.49381728003567,0.93592300750555
WIN-5d8999c2150623912a56,0.007027757055733268,3.5830850346705034,3.5830919266813344,2.836023213172133,15.457357352027616,30.754960508216257,-0.024837909431440937,3.1741132830366934,4.313971750744316,5.45036348088734,1.2634212266098948,6.46481716407413,0.5049587465622135,3059.88139698102,3329.845125081871,0.9264222298376565,0.5042864310170238,2651.3671875,5185.546875,0.017011211022183313,0.09544285528254977,0.448725069537784,0.438787111429836,5.067247435055538,3.5769277827456802,0.9373831040045654
WIN-ec350b2a6a668be1e939,0.02711190964220903,3.6174571707475187,3.6175587677102206,2.8699188599293097,15.457357352027616,30.754960508216257,-0.016744706260847085,3.1558781951247097,4.272869729164697,5.3859910702851606,1.2605090750886474,6.374977904554567,0.5085423785315443,3054.8976984337946,3324.5592947270725,0.9143787554194246,0.479231984546083,2651.3671875,5206.0546875,0.015731874242831997,0.09834614579813646,0.46540777424175106,0.42047890952055395,5.115856956502523,3.5806046173065242,0.9338889292709943
WIN-8ca4a023c3c6354a1f7d,0.0262660926448245,3.6203002908735393,3.6203955728237567,2.8854969670624104,13.99458758730538,27.660734940822763,0.004517195235410205,3.0536432223867687,3.865485775187357,4.849974804010197,1.2546870137618815,5.71687274390201,0.5074589549129094,3060.5819300947082,3343.74242169103,0.9170508809558665,0.4913682415033106,2648.4375,5194.3359375,0.01686795411426148,0.1143345546934898,0.4346734048188551,0.4340509152406437,5.119877766084466,3.384388071086215,0.9389229574902013
WIN-f24101debaa258ba4b5f,0.020041520772713067,3.642656707399308,3.642711840170185,2.9035627706612717,14.33770593803261,28.170062696845093,0.008209945752538386,3.0349788181657913,3.935997840926892,4.937970028718316,1.2545662442625,5.827960668014451,0.5024585382115176,3039.31393018236,3321.663630282492,0.9197918241648104,0.4842770417018504,1327.1484375,5203.125,0.016423258579226115,0.10815225905706681,0.4518656252149918,0.4234960656059004,5.151494510329478,3.3841456834480863,0.9391651082920416
WIN-36edf4975e4fcaa9aed4,-0.007255581390354781,3.617003201275922,3.617010478489325,2.8914875564579634,14.33770593803261,28.22411846698275,-0.044299595607581795,2.986972161548422,3.9639658284918515,4.95859161005388,1.2509168405064373,5.847504554652209,0.5052921076756396,3025.935928533602,3301.5357504347135,0.9121002524817164,0.4691617897407014,2651.3671875,5194.3359375,0.017362572640319162,0.10601209562851913,0.46334398303858004,0.4132254242485192,5.11521497842344,3.349502381168176,0.9385013865245774
WIN-3228bd60cfaf7ffc7226,-0.005006412619975322,1.1745796921212839,1.174590361492487,0.9263739826233672,6.302437609220262,11.207075911114798,-0.015088641825295701,3.474540846714844,5.365647306356862,6.803340473105472,1.2679440307303713,8.049335538151047,0.40236686390532544,2397.976938503822,2895.068519268745,0.9020292283977663,0.5417758441638633,275.390625,4872.0703125,0.2301268355880628,0.09854170494524686,0.3049699030778319,0.36622021945965216,1.661106524537154,4.735663343134051,0.9332937119060137
WIN-182e01435f92fc0c2c39,-0.006282160271615585,1.1772866983836425,1.1773034594906855,0.9276549629522257,6.302437609220262,11.459716201796207,-0.03907544750134621,3.499813728132525,5.353282162222994,6.793945875259705,1.2691178363803435,8.052507565459834,0.4037003083590299,2430.62048854053,2897.700128374497,0.9075266407674913,0.5372070982451774,275.390625,4810.546875,0.20774038847383403,0.10719811531335141,0.30775376945581606,0.3771455060850238,1.6649347986561789,4.687204998703103,0.9236983555227444
WIN-185ad3be3e895d3a8aca,0.0019744976438535707,1.158338491047687,1.1583401739055665,0.9105713457370233,5.58545422975933,10.742732822335274,-0.04970358838499097,3.536956927838622,4.821946398459164,6.13401053734267,1.27210259726186,7.287282130464494,0.41228435702975247,2425.8468432014006,2897.2663139970878,0.8983888377350044,0.5265903257336544,345.703125,4845.703125,0.218550830625371,0.09515373876692483,0.3088417952209573,0.37729791835871174,1.638137988480062,4.934427389843151,0.9316018121440194
WIN-ac2d23c79dc1a46708ce,0.011311179380308558,1.1514794709605847,1.151535025443274,0.9016443057477809,5.58545422975933,10.568199868641573,-0.034524926820102046,3.5856694288061637,4.850442328147513,6.194742421315272,1.2771500003950764,7.377728600047769,0.4204517043086924,2508.502543810922,2932.037246565712,0.9155406578230231,0.5462284332498513,275.390625,4813.4765625,0.17645117811269392,0.09960588667441507,0.34703477995105986,0.3768518838274915,1.6284378647794773,4.983092392022717,0.9243006854386575
WIN-c3b2ccc55939e7628a6e,0.008566280239794815,1.1771257943903741,1.1771569636103405,0.9194711197351966,6.633631512150652,12.651388706928802,-0.02727274317537927,3.6298139088268853,5.635299044402428,7.214616500465934,1.2802544183748545,8.612088957369163,0.4236186348862405,2447.6924023496936,2897.293166315129,0.9184218754988686,0.5624508693575686,345.703125,4822.265625,0.1959318791272681,0.10250009890670428,0.3396083644628729,0.3618809590742272,1.6647072588045628,4.691594972364865,0.9294570069908032
WIN-43aab9893c382a89935d,0.0030794863592128225,1.1638353799088728,1.1638394540330153,0.9123980999924667,6.633631512150652,12.651388706928802,-0.030204478084826215,3.583598841615584,5.699782293131276,7.270545074784957,1.2755829434994976,8.651918188569919,0.41161763480290026,2428.334723252024,2899.168286903878,0.9123640591447242,0.564701595049813,275.390625,4913.0859375,0.21007041925607461,0.1060343593879197,0.30727405312316686,0.3763930351378195,1.6459117786367647,4.604272022500857,0.9313749354226405
WIN-95b1805df52b237da0e3,-0.009016257528084746,1.1575146036390762,1.157549718386878,0.908362845246542,6.564318721326194,13.022942770550074,-0.03984923173066701,3.5673401524584736,5.670874103332974,7.226538112682628,1.274325259386219,8.591225150914738,0.40911742645220434,2344.858716673246,2840.7829904279333,0.9049902753452151,0.5409455750570192,345.703125,4918.9453125,0.22887121474223818,0.1022042829704226,0.32551339716541244,0.34329535397357724,1.6369728508084829,4.681402662946355,0.9386655080105597
WIN-72b5d9726c450de0b1c6,-0.009486478606728141,1.1853147264227983,1.1853526875791478,0.9303545905354158,6.564318721326194,13.022942770550074,-0.07141078414951708,3.545255061999801,5.537861254380753,7.055717022411204,1.2740869982655834,8.390572781030833,0.40603383615301275,2369.954455073347,2856.462636735089,0.9066999195218455,0.5338554759173203,275.390625,4913.0859375,0.2281699324197642,0.09539424698546857,0.3181316792773023,0.35817021278250183,1.676288158232572,4.672584785765112,0.9309834169200719
WIN-5ab7a51bea24d105c2f2,0.0016427214259995917,1.1888893624732446,1.1888904973695944,0.933150095463731,5.745446193196203,11.282083383792424,-0.06539299119077188,3.544873811616594,4.832611755164247,6.157043996587531,1.2740613789226467,7.321031206544845,0.41211767647303943,2362.910254571539,2851.576945568206,0.9097205735147458,0.5485797770296169,275.390625,4798.828125,0.223908634624182,0.10059920494500293,0.3208831994955399,0.3544216753043811,1.6813434597692012,4.70560272426548,0.934523660780432
WIN-0cb4e7a1d44f859d6946,-0.0033107231460217015,1.1928381232295662,1.1928427176780614,0.9368854445052034,5.745446193196203,11.216164242753035,-0.039388465898406964,3.4412323921805554,4.816599965815473,6.132495949090563,1.2732001811670406,7.3002706207837145,0.41378448204017,2363.883575600377,2869.842854137692,0.8989298561174811,0.5269692081858125,275.390625,4866.2109375,0.24419044788083985,0.09903484474358488,0.2903478626148515,0.36631682493454176,1.6869278509731345,4.449893911421846,0.9328280870142602
WIN-dbc2e32b55cbb24eb09b,-0.009627621558825107,1.1807024884344548,1.180741740302338,0.9274903391520039,6.616759430180253,11.369119364084177,-0.04666144446775222,3.437962301937798,5.603900670505963,7.134046739745843,1.2730501768682643,8.483719666036631,0.41253437786482205,2366.4791787903955,2864.5896324436153,0.8976763322837525,0.5126603438294822,345.703125,4842.7734375,0.23508070088009894,0.09736199921065566,0.3153688318323778,0.3520291941799459,1.6697654707789362,4.42301553208543,0.9262222055850061
WIN-95cc30d077b989e87041,-0.005150178684198605,1.1584308791560298,1.158442327490968,0.9140989866236747,6.616759430180253,11.324828342540055,-0.053101461329331676,3.448080698111207,5.711772846306092,7.238558982121559,1.2673051217008073,8.566377880348652,0.41336778064838736,2390.655556647365,2863.841595540376,0.9056240717236897,0.538227624487089,345.703125,4781.25,0.2187632162758242,0.10304895530277211,0.30886110451329046,0.3691533230607527,1.6382686602899912,4.424670354382174,0.9276851208306786
WIN-7739d4d6686a86cf84f0,0.008000143609142836,1.1569398256292849,1.1569674854657268,0.9099078017671922,6.854058288875397,12.203433358545198,-0.04913754477765328,3.5202054991317224,5.924158089983344,7.532695373702856,1.2715216675991041,8.933793620100314,0.41420118343195267,2416.051927063383,2878.2254909375097,0.9146236353974446,0.549417280726875,275.390625,4845.703125,0.20232730614704875,0.10210878146120972,0.3367967712755708,0.35861445366635375,1.6361599915016922,4.639166113185633,0.9254415967198133
WIN-1039741ee749e5f47628,0.00690027533509024,1.1721840794656624,1.172204389154239,0.9185892026957099,6.854058288875397,12.334226302961081,-0.02323224098997621,3.529629659738916,5.847152896104443,7.4615053919139065,1.2760920612968114,8.883165340457985,0.42011834319526625,2432.323249129603,2886.1556404746225,0.9117855706387467,0.5457568494455552,275.390625,4833.984375,0.20014859961511675,0.10119897412583981,0.33579723899018654,0.3626223059525776,1.657718621576806,4.733320959197015,0.9313735342575139
WIN-cb90ff6bdf36396e332a,0.003500613065380732,1.1867745643957288,1.1867797272402767,0.9346015732371079,5.814839933086979,11.148114356374789,-0.00783272223025057,3.418414677609379,4.899679190344647,6.221731376869335,1.2698242344365511,7.384610000460067,0.4173681140095008,2498.6893106964662,2963.206755879421,0.9089155887990953,0.5300705514971249,275.390625,4898.4375,0.2010444372858684,0.09782944786275057,0.31239774120899855,0.38862037103965275,1.6783526823718047,4.6541905810456035,0.9260783445296797
WIN-0a28f8c5333ffbed60e5,0.01727732390056242,6.667281154175066,6.667303540018196,5.25904019845908,24.727462285868945,49.2935622317422,-0.004613882726857919,3.136861195216714,3.7087650408365467,4.701896420778356,1.267779535507349,5.593947877781103,0.42761896824735396,2443.2175473118787,2773.2746697855778,0.7871120399689978,0.3042246018846568,1983.3984375,5088.8671875,0.02076442700179574,0.19977926939091425,0.5071092780499922,0.2722264218856337,9.428959431403458,3.1973253890990136,0.8329303639769504
WIN-da6b40cdee08a07f9f65,0.010634606872994178,6.647192968371152,6.647201475329768,5.25355565996492,26.384480824396142,51.31791858227476,-0.01478228733787444,3.1544183394726546,3.9692614888107083,5.022214007449443,1.265276682225708,5.965530296561836,0.42978581548462375,2463.8054944292066,2782.6814528005248,0.7865956175595049,0.30005416408908386,1983.3984375,5083.0078125,0.017001529333162128,0.18906668915735875,0.5190693938337935,0.27473551443019545,9.40055037909726,3.376048472435289,0.8337465966352445
WIN-d94656bb8ab6a1247edd,0.008115276991453167,6.642254024854241,6.642258982335227,5.258140046798903,27.73826313367441,54.12274395807055,-0.024225583774085412,3.2001140303334266,4.17602854803446,5.275299418956306,1.2632335622893305,6.243149036440596,0.4295357946495541,2447.8249920626727,2769.6020667986777,0.7910412438528134,0.30722121635550637,1983.3984375,5047.8515625,0.019201385236933544,0.19272754539845208,0.5173897250935102,0.27055781348084884,9.39356572663816,3.5276734531067158,0.8261202114428247
WIN-55dfeb981a68a15e6ff5,0.012529106004199429,6.621596817629864,6.62160867114202,5.237524597410197,27.73826313367441,54.832164257468285,-0.028721188190463227,3.2247793024350564,4.189052013079208,5.296063554027961,1.264263021201838,6.267945975152868,0.4275356279689974,2445.8416304167827,2770.8815865085335,0.7946450107575892,0.31856735251177026,1983.3984375,5074.21875,0.023702651479547966,0.185484524477423,0.5203190671981098,0.2704020634993659,9.364351946621046,3.4488957324731,0.8326907494691905
WIN-37bfbe64e8466170367b,0.006686676571275894,6.6785935370262175,6.678596884410073,5.262089234504271,27.53406120956063,54.6279623333545,-0.021521252986077485,3.247097718678385,4.122731418904709,5.23253407202041,1.2691911115106695,6.21886871184143,0.42620218351529293,2424.7077582572365,2744.3738137193136,0.7967388506958268,0.32584502037154645,1983.3984375,5047.8515625,0.022064465643517762,0.18914699079170239,0.5230115944384761,0.26563734860316185,9.444957557100224,3.4522575878234645,0.8317397025014552
WIN-1757ec2fd99d3ddd5ac1,0.00483449265612154,6.682504918791863,6.6825066675609595,5.265589335425072,26.48995241954598,52.68676091748269,0.004735501852039031,3.20823165861066,3.9640742220479597,5.0307668775697465,1.2690899806033271,5.980055978209252,0.42786898908242355,2456.452438378081,2773.876805778983,0.7908197320340866,0.3109720849798193,1983.3984375,5071.2890625,0.01884307291503385,0.18550674868404413,0.5236031556219691,0.27192245518975705,9.45048907466387,3.434078016263,0.830937529657133
WIN-5086ffbd3eed606e70c4,-0.0015089209179730485,6.691881912590018,6.69188208270975,5.278825627131577,36.29793818295778,62.78789060250376,-0.024671946636123068,3.2166345708319497,5.424174803787666,6.876138888996524,1.2676838667135015,8.166860684857838,0.429202433536128,2457.5741418389275,2774.603054989372,0.7896084863920412,0.2979150091186533,1983.3984375,5059.5703125,0.018780996574350305,0.1843734323660616,0.5253756211706154,0.2713498975984526,9.463750158438275,3.5285487243146694,0.827632494237809
WIN-9d1101108d96156d79a5,-0.01969339636908018,6.713851750689506,6.713880633441222,5.279131769273479,36.29793818295778,59.664334259000086,-0.06368663682549214,3.313134815749657,5.406402074257276,6.875740134811273,1.2717774298639875,8.191560351024906,0.4257854821235103,2465.952740709061,2793.5736515580547,0.7901227267624739,0.3015636212359837,1983.3984375,5091.796875,0.020304242228416362,0.1908229151124281,0.5088500170974734,0.2798858221248507,9.494820201586544,3.6849367376160647,0.8182675188993056
WIN-c094d80ce7b12a61da10,-0.021880002776368514,6.696461536603906,6.696497281843475,5.273579094287381,33.37163218958569,56.738028265627996,-0.06993920935525892,3.3253202314183374,4.983445939724753,6.328080340300437,1.269820204099376,7.532028279918075,0.42770230852571045,2472.8914313884175,2801.1205098183286,0.7967953030447945,0.3207174825271049,1983.3984375,5097.65625,0.02176242661360155,0.18603164546978518,0.5125980411605008,0.2794861404535401,9.470226723042927,3.7632402174319943,0.8300740192095275
WIN-af3a96837adf7ba65bde,-0.0168953007726906,6.700049018985988,6.700070321123749,5.281431278493239,31.057719103243663,54.98804755638048,-0.07314620414792276,3.324882295971604,4.63543181111418,5.880549696766739,1.2686088235979038,6.984562433885184,0.42678556546378865,2467.292948290431,2792.518206268983,0.7944145569379912,0.3145717953653005,1983.3984375,5115.234375,0.02089436810183402,0.19037588881564718,0.5087733366103299,0.2798222396032901,9.475300180157538,3.7575972325928966,0.841710767343901
WIN-17a348861ab34fa94b2c,-0.0181373444122883,6.6595790804138195,6.659603778870609,5.245991729158779,30.92166152398372,54.85198997712054,-0.05576519392201817,3.237947695306708,4.64316835516347,5.894340502312661,1.2694651693507797,7.010790035898531,0.4229519126593883,2444.9135601317266,2765.374950814788,0.7833151687348828,0.30075416833060314,1983.3984375,5083.0078125,0.018967388131232516,0.19140147738121036,0.5188789888842198,0.27062548959821603,9.41806700308076,3.5749118967740428,0.8288759641035426
WIN-7eb502011a23d91d142d,-0.003771187628811854,6.6394538161702465,6.6394548871811585,5.247730371033874,30.486390064604333,55.24514631353705,-0.0163925110594793,3.140075336823595,4.591700761979726,5.809442922768208,1.2652050348905084,6.903716411744425,0.42786898908242355,2459.4850622187573,2778.1790974686824,0.79461817921679,0.31761526863086775,1983.3984375,5056.640625,0.01847421877762416,0.19115684350464504,0.5180957201516886,0.27217459334544547,9.389605624287714,3.508646362548909,0.8346980881332221
WIN-120f43c377770374543c,0.009103646470368978,6.695478281209285,6.695484470187672,5.300993542036259,30.486390064604333,55.24514631353705,-0.00632898947230907,3.1466231124668287,4.553276196867238,5.7510709686486265,1.2630621820404044,6.811393944474432,0.4279523293607801,2457.0365781220175,2776.6107272558265,0.7914359974541835,0.30727862732189065,1983.3984375,5077.1484375,0.018807022853326884,0.1881221507941496,0.5241603778573899,0.2687981888220913,9.468836158754165,3.50053810354438,0.834229182951219
WIN-474d599169840e7119a9,0.003588716018065887,6.738894384018648,6.738895339582055,5.3169817163585975,38.94758442144956,63.78074249027618,-0.042960303318786836,3.258782830745987,5.779520597786774,7.325130402764669,1.2674287216086209,8.684502357152214,0.4292857738144845,2447.037112498384,2775.7830520370044,0.7909946033850371,0.3056342612027452,1983.3984375,5115.234375,0.02209787945735784,0.19000214864204817,0.5177923830968383,0.26996090133338735,9.53023582491463,3.618087067049856,0.8339905748544651
WIN-a656789906a13b010c70,0.0005539007695964581,6.756981328533812,6.756981351236706,5.321519214899693,38.94758442144956,63.78074249027618,-0.049716452398147294,3.3098570066247888,5.764050897419653,7.318884485541856,1.2697466791657166,8.691402614607597,0.42986915576298024,2447.7427539291316,2775.7575554725013,0.7907368198366934,0.31346520787315996,1983.3984375,5106.4453125,0.023033614798230722,0.1880752860643688,0.5172059723889565,0.27153210424403756,9.555814632313501,3.7139099971390337,0.8408497638487886
WIN-1eb45b7865d5cd8df5a3,-0.020337292392989564,10.619427250356452,10.619446724339035,7.562591071502136,96.29695412969464,181.84935516101535,0.17268062968305456,10.280589984089463,9.067982224439211,12.733328196542923,1.404207450056971,15.635681267122392,0.5469622468539045,3052.5451684836275,3334.938375218277,0.9220874429843071,0.4989404195868717,2141.6015625,5200.1953125,0.01157085043704858,0.08770161695571309,0.47252119183919056,0.4281377536410675,15.018138004063383,19.520271934689397,0.8163207427919636
WIN-faae6258df50013434f6,-0.04831612831367827,11.236727591904128,11.236831467229308,7.74837488553654,161.74421329578956,258.0411674254842,-0.3481152317073281,15.535523011597927,14.394112234172079,20.874598310632543,1.4502178370593588,25.850012578336624,0.5472956079673306,3063.8891514149304,3362.9785489657766,0.931079559724218,0.5734821983475924,1813.4765625,5232.421875,0.019040820622172345,0.08961835967188549,0.46072162148100726,0.43055825204316556,15.89113235205484,32.386241131461624,0.8100088995067468
WIN-3e99385997c77b3e8b7f,-0.07037989789678636,11.284390917713562,11.284610392645567,7.7762909405919185,161.74421329578956,245.7569191663343,-0.501476351502442,15.521455037194187,14.33316770964353,20.799660729187824,1.4511558889520084,25.781480445251347,0.5534627885657138,3124.2697644725836,3439.731360333182,0.9401257285961373,0.6178628489921547,2721.6796875,5247.0703125,0.02087101380366214,0.09723130676136461,0.41763529776657266,0.4642158993195663,15.958538678812179,31.37139412045219,0.818637740549275
WIN-90420bc1df57913cff65,-0.003942327772431665,10.776449813273427,10.776450534380471,7.613136930516824,157.16395971459332,258.10569226969295,0.30400927659907173,13.692924121146184,14.584019034205491,20.643784703857083,1.4155072518375795,25.38818851543512,0.5507958996583049,3116.1856945996446,3418.8113518050195,0.9348431595297957,0.5890791560976557,2141.6015625,5229.4921875,0.01707171347456074,0.09501850554010341,0.43132553696284703,0.4564835671409896,15.24020112086647,30.868150523440672,0.8288489323837811
WIN-3ccff702d0b11556d291,-0.00501708970803838,10.955835712934867,10.955836861691953,7.757612202366687,157.16395971459332,268.98488238989194,0.47643833505045574,15.02692149928354,14.345226357296044,20.25932150444767,1.4122692106661558,24.82657492966042,0.552379364947079,3165.4479627316323,3466.281248769606,0.9427425080780756,0.6306053072071478,1813.4765625,5244.140625,0.01711069435207401,0.09728857246306066,0.4013847234757523,0.4840808647509595,15.493891452323199,37.14014229601166,0.8344277488178778
WIN-d5c4aab4c062ef61c8f9,-0.0009146934701449609,10.737202096239715,10.73720213520071,7.643949610058444,132.06534636896967,243.88626904426832,0.18503026949167964,12.546872405135547,12.299791389415683,17.277108446027896,1.4046667865353981,21.15630456163168,0.5563796983081923,3201.2175004495307,3487.874308366007,0.9355871343354036,0.5641609043895333,2721.6796875,5255.859375,0.01166237527347721,0.08572967462035841,0.41622305621694733,0.4863129833622415,15.18469679492214,27.698089250256682,0.8281919495548311
WIN-72e869023cae63d33054,0.08260027902368063,10.690826843832964,10.691145935348292,7.544176047640302,106.43719569097163,202.11319781865836,0.004522001532017713,12.298258160720605,9.955639585747944,14.108524909655229,1.4171389781778614,17.342363407414844,0.5522126843903659,3127.0335531802834,3411.470309216703,0.9334243710330372,0.5686459447817227,2141.6015625,5203.125,0.014200913618752498,0.08031066764126138,0.4449658814442603,0.4604747353164038,15.1191123146313,26.15854130763247,0.8260837593091208
WIN-edbd9f9b6420d0d1f56c,0.03423094348321736,11.170032523996715,11.170084974817165,7.732267448724399,162.9510492437121,258.6270513713988,-0.3107695252281387,16.291999089557972,14.58816558791351,21.074161017357625,1.444606649846089,26.05946472762436,0.5505458788232352,3084.1078067434773,3375.9907346319023,0.9337194135115827,0.5814486826286133,1813.4765625,5182.6171875,0.01587131289174726,0.09352269892255255,0.443094688670675,0.4474639962096993,15.796811487471992,32.33047599671844,0.8189651838894263
WIN-500c3ec526394bacb7b1,-0.03899803995796876,11.221829283979485,11.221897046662837,7.79500824911963,162.9510492437121,262.9385485091415,-0.24957933244401612,16.31367597156925,14.520811282273874,20.90453839636346,1.439626064273736,25.800465890631312,0.5501291774314526,3187.968825460022,3478.4792049420885,0.9362307686046419,0.56849578372512,2141.6015625,5232.421875,0.013152639749719084,0.09153582790591666,0.41159357543145175,0.4836641866943989,15.870063117011753,31.334720804672404,0.8135657801666033
WIN-9c812b850d124aaab9c8,-0.04087671252896368,11.087292126788086,11.087367478818598,7.752508127539492,104.14280704785945,206.8388474020912,0.1591078295151397,13.434228171263454,9.392924627672473,13.433434100880987,1.4301652183286522,16.569127630741416,0.5482123510292525,3096.7702736701776,3394.522534165519,0.9391740322410733,0.5966641093116467,1813.4765625,5223.6328125,0.01934307540564635,0.09228691576612914,0.4289432160066903,0.459384685796287,15.679798827459816,27.35738259576003,0.8264727325980588
WIN-16f064c45e1402c72678,-0.04281725476606239,10.657909218566838,10.657995225581484,7.598734669666614,119.67944639415698,222.37548674838874,0.1464311790506721,12.374826840474942,11.229076750465163,15.749917795115227,1.4026013131009467,19.301971948568195,0.5505458788232352,3124.679099799493,3413.9279789866664,0.9358625492717166,0.5616892544655729,1813.4765625,5220.703125,0.012179236646703829,0.09158440743849837,0.43679733546868993,0.45937119735768916,15.072559669463935,27.10494139717247,0.8261296097413903
WIN-74b5f7f7b7cc81bcc291,0.024150316660309267,10.601779972151546,10.601807478713638,7.600645119464289,124.70496319717061,244.3844095913276,0.43217117467374194,13.116341539215835,11.762613445635765,16.407155081849645,1.3948562670769036,20.030132374066618,0.5509625802150179,3107.987966713079,3404.702822978921,0.9303018196417379,0.5470195698710698,4453.125,5220.703125,0.013774014710533349,0.09351522161884468,0.44213932995591854,0.4504335483403525,14.993180849005824,26.835188635715895,0.8299909948792541
WIN-5f8c2462a82df660a7b3,0.09713460545044772,11.080994253660126,11.081419980364645,7.874310748397915,127.86580568310045,238.40127961167497,0.5697126155538558,13.615978165281948,11.538756396712378,16.238348951252583,1.4072876134102064,19.872534447075996,0.5508792399366614,3075.714763366709,3366.5457584108976,0.9327496052034967,0.5679270687594278,1813.4765625,5176.7578125,0.017458979371808975,0.08614260690407664,0.44836109557344117,0.4479902168239134,15.670892354104385,25.84238691533034,0.8332425333285786
WIN-0c8daf61b3e15c6e3d12,0.05161842379848842,11.20952591808757,11.209644765555796,7.919865152687512,127.86580568310045,252.83020380233836,0.15340247280741606,13.661347554247156,11.406766972311742,16.14494732144455,1.4153832861346787,19.787387476519335,0.5576298024835403,3136.915902945334,3415.020373801383,0.9296993139845904,0.5296501893698063,2062.5,5191.40625,0.011223952812978475,0.07921038953819494,0.45092494548576506,0.4585848931144463,15.852663379336112,28.354674706037667,0.8279910999759755
WIN-f7fdd017f8345f03fd63,-0.0019030461541337058,11.251337050216787,11.251337211156976,7.83600495793322,125.43437451624247,231.31657830750675,-0.29074563618794974,15.016435398013215,11.148397044917374,16.007439401788016,1.4358512113707402,19.710929116099095,0.5592132677723144,3155.591848771914,3446.3169182121537,0.9350880004104147,0.5743478999156865,1813.4765625,5208.984375,0.014231786465836529,0.08832791344901632,0.4253038977376192,0.47208243885299417,15.911793425229224,30.689861676402334,0.8196322260058723
WIN-9402dfccd6dbac9ca54c,0.005617520538172938,9.104702795542945,9.10470452852285,6.2303381309539105,155.4358451123284,248.42605636433726,1.1142402624317216,25.136448558806347,17.072036179248673,24.948219798867495,1.4613499840862396,30.843587453662224,0.5117093091090924,2894.139615760588,3182.984825820349,0.9262603959507818,0.5457404013041832,2150.390625,5179.6875,0.014206378195605995,0.10350658744121052,0.5119982349925449,0.37017508972972935,12.875994172929222,41.81240534643795,0.812876952858195
WIN-27a7b6ce5fc6a3433f14,0.0005988833898651506,9.0314675015229,9.031467521379104,6.163359942075619,155.4358451123284,302.9456607398563,0.5989030771134106,27.589383708542993,17.210474902818024,25.2193359747147,1.4653480579192224,31.237963409441647,0.5152929410784232,2926.27507044772,3216.6855454019887,0.9233371410571424,0.5474298359783358,2475.5859375,5159.1796875,0.017480854474824687,0.09863456331777071,0.5004599634577912,0.38331176756899776,12.772423772691967,43.55791392161873,0.8178636570734164
WIN-a1a1a2fb8b925fca5c32,-0.029776935786920637,9.054377997125833,9.054426960373656,6.18661847486418,159.3460179428248,306.85583357035273,0.6587452334632041,27.863887285187417,17.598686105722514,25.756561292766207,1.4635502410823824,31.916078781963076,0.5089590799233269,2887.6198564865085,3175.479872727164,0.9227947202152963,0.5330434587995752,2478.515625,5074.21875,0.014597935734928678,0.10791266693198609,0.5073331960367292,0.3700766704824479,12.80482416234933,46.02263048903758,0.8090269323718855
WIN-cc0dc012e9075484516e,-0.05301607662518593,9.04415492859788,9.044310315157372,6.1989668416415356,159.3460179428248,251.55001535195572,0.6982808257124256,20.412191156583035,17.618371372746797,25.705254119507924,1.459002854217705,31.998527121985607,0.5013751145928828,2858.003059952275,3138.2284795809896,0.9128025629620702,0.47782325192737674,2147.4609375,5059.5703125,0.011607419171203842,0.09947763905883969,0.5412162361381252,0.34762546988162624,12.790366550455628,36.71393064839883,0.7954856604024614
WIN-9b4ac7490816525e97ae,-0.028839527578057467,9.155110963552682,9.155156387157646,6.28408670685435,132.4410510294982,224.64504843862915,0.38212932738654243,16.771010565864962,14.466279485434548,21.075624383892958,1.4568793866529925,26.146262708132845,0.5037086423868655,2819.2607740171566,3103.806096373624,0.9167263081438781,0.5128317569361251,2475.5859375,5100.5859375,0.013911045323753752,0.10316658679762221,0.5427888577867162,0.34003812027238267,12.947282087828043,34.73165312065922,0.7962741324201619
WIN-f9a55bc782a9cbdd2f70,0.010650686304227833,9.057921234431777,9.057927496192983,6.262249651468933,132.4410510294982,251.02744328206234,0.3187244305997782,17.60010510469495,14.621562281785554,21.14911707462995,1.4464334704488861,26.12627413186294,0.5096258021501792,2920.009260048631,3204.6027934004733,0.9222449370780684,0.495595274332603,2478.515625,5144.53125,0.009878932360476045,0.10482866599950952,0.5056008333991494,0.37964189926090697,12.809834931996633,34.71437914376353,0.8001378032847813
WIN-281107921f7619985592,0.028328252770209165,8.656087020867165,8.65613337482331,6.083002215937859,118.58639225256412,203.90004365322858,0.0863070736701674,13.770755326269704,13.699695593584938,19.494714623289237,1.423003488662598,24.04282779779878,0.5081256771397616,2837.786716418014,3123.828030609203,0.9194189162782046,0.5160481477139626,2475.5859375,5036.1328125,0.01281306480394699,0.10872376859531088,0.5265715660823622,0.3518487954181108,12.241555607442102,23.36990282621629,0.795287361285968
WIN-63d394c61d5d4f3f4678,0.03726423846271016,8.891514693997344,8.891592780657405,6.17886843215819,134.20489865228694,222.06780835036994,0.4516682511291741,15.645547824331894,15.093459851672305,21.719979981090063,1.439032547509716,26.88012363307945,0.5069589132427702,2897.8126669176168,3178.492273595901,0.9109123015772496,0.44642027988033006,2144.53125,5124.0234375,0.009692341215338943,0.09791583076324695,0.5296587107324425,0.36268790699929626,12.574500614995747,33.47107876552188,0.78704668413151
WIN-1a750e05e67f8618d1fb,0.012295850898091123,9.078003072276138,9.078011399431283,6.25642182242938,144.7621352530479,232.62504495113086,0.84211908040039,20.30679823223965,15.946458853543737,23.13816736813525,1.4509909429196421,28.623589983538118,0.5037919826652221,2927.740427633387,3201.0162528875885,0.924439560378526,0.5002378243835158,2144.53125,5167.96875,0.009101946606677664,0.09390068801950631,0.5187417547846569,0.37819411865448155,12.838234968552715,39.22229095121089,0.812091782463521
WIN-7f615939d0a2f967f93a,0.0038769867700806284,8.930993297213957,8.930994138723138,6.137058881894315,144.7621352530479,269.77416457042744,0.6131917714021456,21.00210961854742,16.208960951544,23.588193960482393,1.4552563875621427,29.185810923594474,0.5066255521293441,2860.3185321710625,3156.2565912286263,0.9334424610387997,0.5915716851601684,2147.4609375,5162.109375,0.017456900255047935,0.11837149035320303,0.4957583124010441,0.36822934284311,12.630331844503221,40.53566499112695,0.8225492852307222
WIN-be6023c0facb11b33283,-0.0070184012361697926,8.976284320272235,8.976287064054999,6.19151603176653,125.01202931737956,224.28823384484906,0.272702840055608,15.552295598032373,13.92691971917529,20.190859343005144,1.4497720781145234,25.020926337808653,0.507875656304692,2905.972625129093,3200.9391252461633,0.9320441767078481,0.5891324839968312,2147.4609375,5141.6015625,0.01803498302962674,0.10447080054312756,0.49539242000270456,0.3819953062402527,12.69438302534932,31.829606765155493,0.8061416038873287
WIN-a4a778677e75ddf58cb0,-0.024014353586780186,8.742474618446964,8.74250760041806,6.101301119420369,122.23651693632337,203.73495906886373,0.4148592638336513,14.807310309749276,13.981859956342975,20.03449994415551,1.4328923338317674,24.68433788913239,0.5011250937578131,2887.8632477499423,3169.0777530203377,0.9214518591418118,0.4811290145891024,2053.7109375,5085.9375,0.011249051978278189,0.107646545715253,0.522437715004491,0.3585900432633622,12.363726124969961,30.879731386925428,0.7873446559767485
WIN-6c951b51ee6872f99746,0.027327967514772043,8.744575814796516,8.744618516466723,6.02524977905862,132.65787177524803,214.1563139077884,0.7314509850639418,19.522334649258177,15.170229727623783,22.016991268360723,1.4513287974978397,27.216203247590602,0.5045420451704309,2847.296769188732,3134.005340923436,0.9291134045387205,0.5601626308724309,2150.390625,5156.25,0.015101786568005461,0.10624921951607268,0.5272899572700566,0.3512187503767052,12.366697698673537,41.49348613466157,0.8043114007451814
WIN-8d32b60d21940632af81,0.028320264679316733,8.89678074352853,8.896825817998888,6.16618862316524,132.65787177524803,246.24918071572586,0.5167554704331834,17.294040845114704,14.910696746120077,21.513755073410373,1.4428403608306275,26.589958295674723,0.5092924410367531,2833.8813729328367,3127.829989801417,0.9245283391004989,0.5459395418530941,2050.78125,5126.953125,0.01670306056636428,0.11608420844225964,0.5144741166780323,0.35262293911988857,12.581947863121252,35.402155277112435,0.8027048773834247
WIN-dcb4f4d13ea7ec9e0318,-0.0077337796953200295,8.90625851405154,8.906261871877781,6.171492789163119,141.73097302822293,255.3222819687008,0.33603323494654785,19.622674312218415,15.91363189934193,22.965427955627458,1.443129268094643,28.320386731564128,0.5132094341195099,2856.7554814820414,3143.820547282973,0.9245608025589613,0.525297042121564,1403.3203125,5150.390625,0.013398928609592005,0.11334067409738191,0.5139776440330394,0.35922940880197385,12.595351549055307,43.4936576722349,0.8109768048335252
WIN-00005ef08b5937a448ec,0.0074833082950641954,7.642319543652243,7.642323207454136,5.93657309698106,35.40813754729989,64.69844580307893,-0.052221822905322714,3.373204484557929,4.633164102868486,5.964406900893734,1.2873290840702725,7.163958699142525,0.412201016751396,2242.3079733423265,2598.103628152027,0.7438607158828588,0.26161350580683274,1983.3984375,5138.671875,0.036684311836826314,0.25854386281830943,0.4781838069602262,0.2259484778760694,10.807871884703564,3.5960712585320542,0.7721775784188758
WIN-d46f74e336cca1a21b13,0.022441417368790843,7.564302055625403,7.564335344625608,5.879229091145231,35.40813754729989,64.35737074764073,-0.06776272389903053,3.393547180429135,4.680931758591635,6.022581702186504,1.2866202740793085,7.224519092906559,0.4132844403700308,2188.4976684177,2530.352238572421,0.7557601217656273,0.26794349380460986,1983.3984375,4986.328125,0.03824825734807369,0.2665904962699762,0.4808962208130443,0.21361000366469274,10.697538488565227,3.71313325025271,0.7700734163274386
WIN-8f32ec1fcb6441cbe8ce,0.007392685757965502,7.466219310511155,7.46622297044847,5.8171043107660525,31.068746846425565,59.34024611465697,-0.016761030615086728,3.372750482634004,4.161240157090462,5.340929986233785,1.2834947718969065,6.393874348151499,0.41228435702975247,2180.0117634309204,2530.0433026246214,0.7519862018051796,0.2711730564535935,1983.3984375,5027.34375,0.04157906785650743,0.2707662342728728,0.4739203410222242,0.2130533236813409,10.558828607422209,3.8475614031880356,0.7670944591478565
WIN-9b5bd703fcceac574f99,-0.002504898799546692,7.514617393066381,7.514617810553892,5.842967745023838,31.068746846425565,60.05814500370463,-0.010216846612789683,3.461590919390613,4.134441382073614,5.317288782379458,1.2860960625621163,6.367853566937451,0.40520043336944744,2184.9422705788206,2534.40570820551,0.737997410720352,0.2624796905434623,1983.3984375,5027.34375,0.039005231884765915,0.27171272695570936,0.47891282956142534,0.20970090213372,10.627273814919702,3.9635212512784386,0.7553137156631958
WIN-dc25777e29573c38bb4d,0.002535300818588564,7.561942712937295,7.5619431379438256,5.88033715588273,28.989398157279066,57.382861069360246,-0.04293245337126251,3.462703883898511,3.833591132392165,4.929887077694676,1.285971014498296,5.895592552844819,0.39911659304942076,2157.4845583783913,2494.569165994487,0.7594848534801826,0.27229239110284936,1983.3984375,4898.4375,0.03820630124613549,0.2697459608848115,0.49122149071733817,0.20015487579876617,10.694201940138347,3.737276434410622,0.7647154131168118
WIN-6bb673ec2051f34caebd,-0.0027083405850097737,7.5881783226310615,7.588178805955793,5.922896032554837,27.655820795644086,55.03028759132353,-0.04644464565304535,3.3604020418774367,3.6445926621989986,4.66930715035869,1.2811602236889774,5.574487726630244,0.3990332527710643,2183.40138128983,2520.1168480335414,0.7600515312746525,0.2693975138730277,1983.3984375,4933.59375,0.039025334290842185,0.2596731542938908,0.48931870399573807,0.21130142603253602,10.731304693290333,3.5627077001093768,0.7729963792697535
WIN-6049731cb8126b13ec79,-0.0017317613135372648,7.663426755224325,7.663426950893789,5.991215298161305,31.10269627945442,61.89915203807047,-0.025097096581918225,3.3408579038779065,4.058588472070298,5.191383505946548,1.2791105926779838,6.199717865037964,0.40386698891574296,2181.65159976065,2519.715708066806,0.7613231797261074,0.2731350844127704,1983.3984375,5012.6953125,0.03893177309461753,0.2557482842111213,0.5003835554327392,0.20419570963714637,10.837722004232157,3.5907943489006917,0.7728739542997247
WIN-928350ea44265f1f99b5,0.00412836643061559,7.577344584846043,7.577345709475386,5.920305469080609,31.10269627945442,61.89915203807047,-0.009396281790362407,3.345014272751142,4.1046954265999425,5.253562749740892,1.2798910037746458,6.280071990641125,0.4028669055754646,2178.4538709709545,2520.0374517953283,0.7634001243121135,0.27690799448534614,1983.3984375,4974.609375,0.03950232835664177,0.2663250237018229,0.48830200000101126,0.20512625745892338,10.715983469378832,3.558960312221089,0.7803208193270974
WIN-7da15058a37bb3177edf,-0.0009978496447583195,7.4119668884802445,7.411966955648914,5.802499419029169,28.857355590404104,53.97514001223641,-0.01314525393711559,3.270562939717505,3.893346498044899,4.973262986595409,1.2773748725144642,5.936605243053343,0.398366530544212,2178.8046129114814,2524.576040849704,0.7714200925651824,0.27434348182610463,1239.2578125,5080.078125,0.038720633867411355,0.2722057641559107,0.4805443772382286,0.2077864847914504,10.482104031099773,3.4275344050875662,0.783303369467774
WIN-e03927f2b662415ba860,-0.01067430292632923,7.424435189082048,7.42444286243909,5.811417970392255,27.593191063695,52.39958027810368,-0.021958873339533374,3.2540346428129503,3.716533560152731,4.748099552341747,1.2775613284509086,5.667072431989821,0.39819984998749897,2140.1578970654227,2486.123577995461,0.7586876479139303,0.27065479121526503,1983.3984375,5062.5,0.04071558604838426,0.2822094372601306,0.47572312619851864,0.20060205423639235,10.499736936037452,3.452341969051022,0.7673189806157199
WIN-59f04e2ad818a713febf,-0.00795927998210285,7.495145212881438,7.49514943895833,5.844395676660519,29.461110108490708,57.188645060303415,-0.04236691533822142,3.328992965149431,3.930690154802472,5.040916416069849,1.2824507192229953,6.031620875656966,0.40711725977164764,2160.8942409308343,2510.042471910548,0.7490931474405172,0.2608332213361745,1983.3984375,5006.8359375,0.04136475848284013,0.27312030115092634,0.47805411396613845,0.20681207501791118,10.599736011298656,3.6038743262772095,0.767317726687561
WIN-69d56648cfa2f73fce0f,-0.002186432714721354,7.502942387643063,7.502942706217275,5.842036072395325,31.17216511171412,61.2436646468162,-0.036835866528014766,3.3954796518476424,4.154658556286097,5.335839204931118,1.2843027008458145,6.39004297804094,0.40778398199849986,2180.415501229223,2536.122890633445,0.7567405806789315,0.26229567102707,1983.3984375,5030.2734375,0.040498145945386387,0.27580916324179666,0.4704430744692361,0.21258836998225153,10.61076281680096,3.693571347891117,0.7726307348761957
WIN-2c312c6fe5d9db64a853,-0.0017068440704077208,7.514482245584486,7.5144824394312835,5.865780859140221,31.17216511171412,62.14232594387307,-0.026023301761911716,3.3504227337245904,4.148278389492007,5.314239631563371,1.2810711173638083,6.352541022359936,0.4039503291940995,2188.260061285188,2550.663533205078,0.748940466795466,0.26820517971024377,1983.3984375,5106.4453125,0.04095889055394952,0.2742124509913364,0.4712272131265435,0.21296014648775222,10.627082667779083,3.6094232970423414,0.7706296005471142
WIN-bc10f1806b4c6bb72e00,0.005716602524245506,7.549232083202583,7.549234247630658,5.896804667521656,30.97016083215895,58.37098123715812,-0.03385009501312056,3.309762082634964,4.102424142140627,5.252024202655168,1.2802245747105974,6.277640847000337,0.39844987082256855,2177.273623281304,2528.8713899148374,0.7579539180460533,0.2731571316316683,1239.2578125,5044.921875,0.04054613181326017,0.2691837510787457,0.48436855380307087,0.20525768512694212,10.676226124634953,3.5517340044642314,0.7826107301374087
WIN-016538dca29b5251f1ec,-0.004230229756382866,7.545256404537121,7.54525759037107,5.886123382640771,30.13006872201633,57.07625841842126,-0.047919514610593586,3.330121174885604,3.993245871481316,5.118830640021947,1.2818721423037274,6.126563290634101,0.39678306525543794,2136.63348370352,2478.2891167253933,0.7440472474769059,0.2653469685998221,1983.3984375,4916.015625,0.04169240430250488,0.2717892315354512,0.489343333274222,0.1965277222100294,10.67060391351315,3.5990407309793255,0.7712073978698484
WIN-12846dc316f611165406,0.005924533013183918,1.1061664331686474,1.1061822987014718,0.871333656279862,5.061682909367838,9.531209616957481,0.02825267912327342,3.3673143033646724,4.575812608197658,5.80912130833183,1.2695277988262508,6.89863644992669,0.46270522543545295,2699.6714179827322,3054.490296794935,0.9364090293199233,0.5835662130235297,2085.9375,5094.7265625,0.11446470434180743,0.05513343805987417,0.39584190623014126,0.43442384000721146,1.564355561150809,3.9640043672641982,0.9398639958071622
WIN-e002679b477d6bf7c57a,0.005240809481099051,1.1169185469543446,1.116930842359822,0.8808166034769928,5.061682909367838,9.523358281823924,0.021582474097684115,3.337662247705513,4.531778260030062,5.746579809441915,1.2680628838619852,6.813042405403644,0.4592049337444787,2707.7428857530695,3072.9271151281782,0.9394664853349513,0.5846042486160512,67.3828125,5106.4453125,0.1196759032230444,0.051196948073872615,0.3917122052534966,0.4371258556540693,1.57956135710421,3.904673431207304,0.9327447498895435
WIN-2b15d40845fc1d72ec3c,0.006119002507304676,1.1161033537974983,1.116120127293522,0.8811122521665714,5.111680500267553,10.05495912045571,0.027271003720630013,3.307847693339709,4.579865890115502,5.801395324707624,1.2667172934524764,6.885317265780858,0.4558713226102175,2653.239223177985,3031.269452728048,0.930679249543438,0.5621743905006286,67.3828125,5074.21875,0.13588055640069632,0.05147692504962236,0.3776120837516129,0.43484757445420485,1.5784084944784402,4.079273708796789,0.9399125490405184
WIN-5d02a87d491be5b7c15b,-0.0015798819726432066,1.0898668967585394,1.0898680418643059,0.8630675858802318,5.111680500267553,9.54908555718006,0.05252595968117627,3.2547051629374812,4.6901829431744115,5.9226885401428815,1.2627841199151284,7.013684179971072,0.46095507958996584,2654.533816021897,3027.587612127834,0.9334249966748612,0.581714505349777,93.75,5050.78125,0.13340410452897153,0.05673202548739152,0.3668452307741933,0.4426505978532051,1.5413045465660202,4.082389690698374,0.9423582363539171
WIN-09a7624da027ba8421e6,-0.00816544255729644,1.1083333155589943,1.108363393851561,0.879827441968302,4.8876406866974405,9.46211756000395,0.031494631001546855,3.232244092443449,4.409781768151407,5.555226460949572,1.2597508795255705,6.557365729490442,0.46462205183765315,2675.5894004923766,3051.2463023020987,0.9381204520554645,0.5877650621645477,287.109375,5088.8671875,0.13329526479304446,0.05081961229238829,0.38157453043839223,0.4341678233179952,1.5674199978863397,3.937917573914497,0.935948644093263
WIN-cab14afbc17a01e583fc,-0.0010736574565424757,1.1453506343164122,1.1453511375422567,0.9054926270124833,5.784396546828958,11.19430712789509,0.01696242066139556,3.3852959779139455,5.050325928200772,6.3881210892983065,1.2648928366428343,7.550667239505381,0.4602883573631136,2666.51100874992,3012.1093972895,0.9325489714934734,0.5659399394314651,67.3828125,5039.0625,0.11436570501704281,0.04554016285104603,0.4311728954722027,0.40864124914203825,1.6197703997047583,4.36026917699573,0.9247578867871347
WIN-def22f3c9bc92f19d00e,0.00671829277855367,1.1564031092394227,1.156422624526372,0.911212710307558,5.784396546828958,11.19430712789509,0.031839229387088545,3.3874312750305653,5.001974558559879,6.348020041193483,1.2691028246684357,7.528810681668866,0.4587048920743395,2701.448343828926,3048.136429107175,0.9354169628224831,0.561830072751431,67.3828125,5044.921875,0.11498974957827784,0.04550856907951576,0.4084123568255102,0.4308270623560428,1.6354009478715033,4.107867968021973,0.9260291227905307
WIN-aa9fbb7a26cf896a174a,0.0019268026901778452,1.1406818321176082,1.140683459462699,0.899690351599624,5.007786908812974,9.91348815539464,0.0016095659426847788,3.3208170932564016,4.3901635175523825,5.5661227220050815,1.2678622788755356,6.606648802671616,0.4558713226102175,2764.3179457424435,3103.209673504883,0.9353396819895434,0.5600736060594746,93.75,5059.5703125,0.1034307139280415,0.04875112229425397,0.400195602688129,0.4474454798215669,1.6131677170959586,3.885914033293064,0.9180907993672712
WIN-cf4c3811cf206406926c,-0.006487421886294282,1.1339742832393658,1.1339928402291453,0.8944765247631319,5.424698539147663,10.432485447960637,0.0006250679157053449,3.355720248385378,4.783714981874764,6.064662837941022,1.2677726120628738,7.182199161517802,0.4549545795482957,2732.806198237595,3093.098789739364,0.9381520581597342,0.5766134583572234,67.3828125,5083.0078125,0.11532247196678772,0.05021062002109595,0.3983340506910145,0.43595604318234965,1.6036818015368557,3.9941741970376614,0.9141855710627842
WIN-1d3f50be8e2beac2c844,-0.009360737390344386,1.1361258442118614,1.1361644059248668,0.8955945565004674,5.424698539147663,10.432974086327393,0.017199830176432545,3.3349204715748604,4.77457180567723,6.057091905893886,1.2686146847108548,7.18078256255505,0.4622885240436703,2716.545213784995,3066.017779542342,0.9391429322908109,0.5858750055463553,2077.1484375,5059.5703125,0.11303073208360477,0.04805461591106493,0.4073425135801012,0.4313848821206413,1.6067245734732094,3.9036877524997595,0.927299412152997
WIN-bb332de3592efd76dc78,-0.004966829519145828,1.1021931093501147,1.1022043003428839,0.8706576985634497,5.009802066145714,10.018077613325445,0.02420404890563303,3.304410044373196,4.545257230971312,5.754043264541201,1.2659444718173525,6.820415438162506,0.4563713642803567,2670.3949550032976,3023.998509835304,0.9375562915937359,0.5881959976215961,67.3828125,5053.7109375,0.1162286072905726,0.049596045139467554,0.42248346106955453,0.411448895294806,1.5587364434160456,3.7943200709505898,0.9335198729804546
WIN-f07ce7b1c0c3597598b1,-0.0001713083751903198,1.0946942113072755,1.0946942247112743,0.8706721305090271,4.554591809071329,8.68535106670068,0.040492573608685176,3.183763711931931,4.160606410679149,5.231121623708474,1.2572978809715871,6.170843946727057,0.4505375447953996,2634.6589537178656,3019.7936550906647,0.9321411479575892,0.565379204383375,67.3828125,5041.9921875,0.13908169855135413,0.05524902150599128,0.3768313491710613,0.428757953323796,1.5481313961619045,3.6914610383223034,0.9388455295300904
WIN-d256ecf2f53709ba4780,-0.004020507502285765,1.1161385127212098,1.1161457539497655,0.8887326471724494,5.459208099708359,10.013799908779689,0.012544722252853465,3.1538245521167876,4.89112473024663,6.142688824441164,1.255884722474849,7.243842500044946,0.45445453787815654,2660.728345945263,3035.9888953753784,0.9328837351528518,0.5721795708194668,2077.1484375,5068.359375,0.13186580844774431,0.05456199896720516,0.37469182755057395,0.438653999179308,1.578458222176889,3.7267195822408716,0.9383922803307414
WIN-2ce4557a1e1b60993803,-0.0012117032236210528,1.1018143524964137,1.1018150187721139,0.8751507964063951,5.459208099708359,10.134749384130785,0.009521489577215306,3.173689121272079,4.954741046992862,6.238019918531869,1.2590001897903813,7.36959100124838,0.45187098924910407,2625.5479050316994,3004.3239985150694,0.9315637788433507,0.5724436400061548,67.3828125,5047.8515625,0.13784701471551467,0.053622912591559914,0.3883644835929635,0.41994735425819163,1.5582007943017688,3.726467295254485,0.9403208721992634
WIN-1598c5b315e4df738c50,0.004998724508830772,1.1150680643947202,1.115079268697837,0.8772408625539565,6.390527495954623,12.358251271175238,0.04471758538853509,3.5806782341513257,5.731007360052167,7.284803716669407,1.2711209843214306,8.652106110324475,0.4537044753729477,2677.369045534605,3036.501652630626,0.9335520152535212,0.5736371147635365,67.3828125,5085.9375,0.118118984271849,0.04949473239934843,0.4071486916680361,0.4248508232304691,1.5769443613641447,5.178000363421184,0.9361942969247764
WIN-c19220b112106a4f7a83,0.02421023585429395,7.5559495188796655,7.555988305137719,5.841392444000306,32.227581336498034,62.52034515914282,-0.2553173073776826,3.602287852874216,4.265170886326084,5.517106006050572,1.2935251958455867,6.613549990808736,0.40803400283356944,2187.1907968454925,2548.4537528936453,0.7933731065627156,0.29970541627855307,1980.46875,5012.6953125,0.037647947161613064,0.3020034336173554,0.42886733533799365,0.23122706269458226,10.68572627253749,3.960429313406318,0.7824759126501178
WIN-f15530a6e3c9e0be4f91,0.0308591192618096,7.573274762438369,7.573337633608285,5.824109873742677,32.227581336498034,62.52034515914282,-0.23779009149908736,3.61096608872604,4.2554000489133195,5.533477567411083,1.300342506886846,6.673549422057668,0.4042003500291691,2163.717009919464,2522.11039336079,0.7834868156275019,0.28817891486130687,1980.46875,5015.625,0.03768594803923807,0.30379981743163054,0.4411123831841143,0.21715113843111453,10.710227840913854,3.75260634546425,0.7658541163937004
WIN-0490b7d1b66735cebb8f,0.0029074842067070427,7.628935473405959,7.628936027445518,5.891974732428697,30.55484290274749,58.29075404392479,-0.19666212677185074,3.5332059335543216,4.005125064992124,5.185840790282458,1.2948012124789856,6.231722226942121,0.40378364863738647,2169.4886874774234,2522.9334082368405,0.7809617592002958,0.283707881166642,1980.46875,5044.921875,0.0362629252014404,0.30213520551904705,0.44421750306116675,0.21716393200090603,10.788943990726894,3.711179513660554,0.7766643082394218
WIN-69bc7a1eb5c1e357e756,-0.0056556868549350325,7.66863855664677,7.668640642205323,5.964300332344753,30.55484290274749,59.12308361321013,-0.18388461994131783,3.4385506606140317,3.9843884109761394,5.122955116301178,1.2857569563719897,6.124364362006374,0.4046170514209517,2210.422522288403,2568.7202778926753,0.7842719945932795,0.2880926725913747,1980.46875,5059.5703125,0.03525225461831804,0.29647570645258836,0.4343483448373997,0.2337367255844992,10.845092646654471,3.7326744393627886,0.7825690289347706
WIN-c926d60064ee10f18654,-0.008599437452320646,7.7031225528208,7.703127352841892,6.004188387337667,28.56824071046264,56.613807616680184,-0.2015574427770599,3.3600134434210793,3.708654862095631,4.758052024267913,1.2829589706222182,5.687723545263517,0.40403366947245606,2181.5393874471006,2526.5285328433824,0.7843249857791855,0.2896789285526068,1980.46875,5083.0078125,0.03644937581996804,0.2867687989848091,0.4608457960641345,0.21575676763978835,10.893860380865709,3.584991523070919,0.7866780060286576
WIN-e7e2aebf85ce12163e51,-0.01152656784646785,7.639873584236001,7.639882279516705,5.926189301141933,30.33880842646804,57.68176376643581,-0.18190484103885388,3.4326386863487914,3.97110941196116,5.119446390383929,1.2891728379387521,6.138489263450947,0.4025335444620385,2195.5726587489694,2552.0737218347344,0.7935489323497081,0.30113200205734675,1980.46875,5085.9375,0.035376546666389695,0.29679227370950984,0.44500892215047366,0.2226031330418381,10.8044128365421,3.6518370001809113,0.7879657998599102
WIN-eee8fc2c024c8a9bc6d3,0.01587037881854309,7.544048404306047,7.544065097507873,5.836741074270166,30.75435233180448,60.050570789601096,-0.18799825085191765,3.540167419509651,4.0766287053858905,5.269096562698693,1.2925132366694714,6.327400774631601,0.40453371114259523,2162.440177743586,2516.8479879201336,0.7869387566835631,0.2896733202270003,1980.46875,5024.4140625,0.036865537688424654,0.3105060253819582,0.43192470462722177,0.2204438095302605,10.668895563793733,3.87376785912622,0.7815781069470956
WIN-fe94dc28db17cff4dd7c,0.012676501350155293,7.558837808269629,7.55884843778554,5.847953906515995,30.75435233180448,60.050570789601096,-0.19636275358939637,3.560826050021114,4.068655772758197,5.258993628101556,1.2925629303202806,6.313314385063967,0.40661721810150847,2173.042666587727,2538.2753510854122,0.7885103805265479,0.29975573294240065,1980.46875,5068.359375,0.040384710130441905,0.30703084763445737,0.4274237963317856,0.22487631479614806,10.68981094357237,3.8738342658461,0.7822746072455714
WIN-f53ea0dcc5306ad26b0a,-0.003850798636384087,7.651035436966885,7.65103640602848,5.924113437904004,32.71881674695085,61.98548662891763,-0.20391835226928617,3.540509207482877,4.276390152995017,5.522989573022337,1.2915074105559636,6.621911036619572,0.4093674472872739,2171.3736855338448,2526.970647958105,0.7877467057701015,0.2984336172587912,1980.46875,5006.8359375,0.03643517469874644,0.3039850440521934,0.43899407213572644,0.22035470375926847,10.820198055746642,3.7324983236205425,0.7785990625416958
WIN-04e4dfddc0d269a76cf4,-0.019089184716125834,7.599578822334801,7.599602797110698,5.888429366548249,32.71881674695085,61.98548662891763,-0.20748619491361597,3.5287442507730313,4.305332478611375,5.556459067475374,1.290599296356039,6.664254428022905,0.41136761396783067,2203.240781258274,2557.7225978679526,0.7948089818378183,0.3060509532535847,1980.46875,5021.484375,0.03664295093629245,0.29482630948710664,0.4390479967264568,0.22924722554723662,10.747427425325446,3.7544222818860336,0.782793621677457
WIN-e38447fa34f4f4a7ad1f,-0.03716096377392292,7.599405842484027,7.599496700177517,5.893126076087628,34.0827509005113,63.03364265469685,-0.23788873040857883,3.5454295524648622,4.484869491384959,5.783475605384065,1.2895527097260808,6.933026499078518,0.4083673639469956,2204.6057332393757,2559.5559525856147,0.7921643259021893,0.29455567811652494,1980.46875,5068.359375,0.036114533856232506,0.29167589112676257,0.4461678326483361,0.22581899733917424,10.747182795797428,3.924121565156381,0.7832703581373512
WIN-ec5d9dc0a0a908f081a5,-0.04028023761088768,7.682043160691098,7.68214876322132,5.961521333525581,34.0827509005113,63.236415591889156,-0.23118495001644668,3.5053859830689893,4.436616882984586,5.717123028451766,1.2886222045400095,6.853406571942871,0.40803400283356944,2184.273088581892,2536.770474429839,0.7992675719395207,0.3047908187237625,1980.46875,5050.78125,0.037998269662552056,0.2912560755065347,0.45184614013918023,0.2186520518292732,10.864049568129191,3.919940162164811,0.7861153224142803
WIN-7396efeed968fd4b75ac,-0.01607451018181383,7.65161237136492,7.651629256014845,5.943143376442566,31.62593693285091,60.77960162422876,-0.1918109761021379,3.4471917771821694,4.133229129990328,5.321415777752306,1.2874717588579618,6.38203445196046,0.4092007667305609,2196.5110641032534,2561.964090044273,0.8087831454859653,0.31867443287657066,1239.2578125,5053.7109375,0.041569675773433235,0.29414601342944696,0.43697184100273656,0.22699169649831835,10.821013984677075,3.8419877163136333,0.7951696127687001
WIN-b45fa10b33a9c150fee1,0.025772680332623917,7.627110602305992,7.627154146263204,5.919088385296168,37.7989082059899,69.5581133093398,-0.2073791448951065,3.527398116208833,4.955833785594052,6.385934073882258,1.2885690582368763,7.66065105225862,0.4100341695141262,2185.843599084051,2548.9438033568154,0.797921790247479,0.3020459708111572,1980.46875,5088.8671875,0.042315703978735485,0.2899254830265267,0.44735948044500795,0.22011828112719825,10.786363249704566,3.936189749834554,0.7870021114746767
WIN-7ffc369c9f14c248aef4,0.021975100200106668,7.67427531037438,7.674306772891645,5.949403590236465,37.7989082059899,69.5581133093398,-0.19515279137510463,3.523976675188289,4.925384054166825,6.353394526472391,1.2899287561335762,7.628704772800343,0.40770064172014336,2213.5905281137,2579.6102814040523,0.7915172073473874,0.2947314991737134,1980.46875,5097.65625,0.042436069628833034,0.2824134840754738,0.44389001754502616,0.2310512221975224,10.853064218100611,3.823558553564525,0.7826413534836201
WIN-9cdfcb0fb30880bc2c42,0.004855231605702292,4.538173957425981,4.538176554645416,3.5243044376672272,79.48819800241775,135.28325961746998,0.38204766696050413,13.785322038756446,17.51544856072946,22.554293877917434,1.2876800613876573,26.75128502865353,0.44412034336194683,2670.236165210862,2929.109959474315,0.850487989524309,0.35661747851966147,2065.4296875,5050.78125,0.012666642820139075,0.09709820538470261,0.5753875018112617,0.3146504517125226,6.417947144590515,73.0672383718911,0.9087663194429385
WIN-2eee7bc9f992a6457bf5,0.0020790315821153796,4.533048513365253,4.533048990127424,3.5418399346235705,79.48819800241775,135.28325961746998,0.33389498577988275,13.321119315291325,17.53526118414304,22.442628540423684,1.2798571007720934,26.521214541682795,0.44278689890824235,2693.1195818519927,2953.3235882958807,0.854973097953547,0.3782187746198207,2065.4296875,5053.7109375,0.011874463470908508,0.09400407448634945,0.5722860779940472,0.32169172350924674,6.410698684070531,74.46898492379893,0.8996168956838038
WIN-1d4bec60f7a389cbd66f,0.0005380547351886136,4.42943979283634,4.429439825515743,3.5216517212582996,27.376828908383246,52.166763368025485,0.10653081669310542,3.3260231754207643,6.18065263031075,7.773860414167709,1.2577733904736694,9.181630924081064,0.44362030169180766,2678.872058028877,2938.0242589346203,0.8570889355289981,0.36340382057343407,2068.359375,5050.78125,0.01383975808183522,0.09104977394815744,0.5833733906884612,0.3115697910483731,6.264173803169428,5.345194894834837,0.9133022625250057
WIN-6d16a9de444e2cb28c22,-0.0055731967739122215,4.555224624679422,4.555228034007525,3.5430125024051815,54.69253589917021,95.73389306700267,-0.0065968064732329955,6.821413120531196,12.006541822021955,15.436732402729776,1.2856934687399248,18.351991078045852,0.44953746145512125,2697.5267418950266,2960.250187755454,0.8615518760218234,0.41835749744339246,2065.4296875,5047.8515625,0.014101325663627502,0.09626943060041919,0.5650980075037475,0.32433688849230563,6.442060441001072,29.560291439009355,0.901298136751582
WIN-b445f79e29010ffc69ea,-0.0024192475546695766,4.5319777704219595,4.531978416139856,3.5533324520445575,54.69253589917021,95.73389306700267,-0.04337995555667412,6.597312358152245,12.06813688793842,15.391899473882663,1.2754163809048935,18.20952904564052,0.44945412117676475,2687.945460915645,2951.1687214674002,0.8635654474969581,0.42006739521397574,2065.4296875,5044.921875,0.015109752118721868,0.09644193884506647,0.5674751765720326,0.3207817507023856,6.409184421535803,31.422868939051263,0.9027924339106228
WIN-0416bab4dc33c42cb4c2,0.0034131633705118533,4.393193152282081,4.39319447816078,3.5146169143285273,18.252921711346332,34.124487551174134,0.11264806241337877,3.0162312041415476,4.154817593912619,5.193431362868287,1.2499781868826678,6.117341807859794,0.44578714892907745,2666.339877702093,2922.205171511131,0.8622655939468813,0.36597693479214044,2068.359375,5050.78125,0.013513865295591248,0.09156925496504667,0.5837101006399436,0.31107665326796496,6.21291331731858,3.5998109842558415,0.9164196428456155
WIN-88eb1ef3da16e7d6fd5f,0.0026040456200441485,4.402188032841207,4.40218880303241,3.5127115929747603,22.077810513882152,37.94937635370996,0.12682251245644566,3.095344297492921,5.015189375491807,6.28511903967019,1.2532166921518135,7.413536821223822,0.43911992666055505,2672.5534111118645,2932.5670774812806,0.8561245703532747,0.3602873308953612,2065.4296875,5053.7109375,0.01410789221721494,0.09786752210220817,0.5674389518027834,0.3204400530991512,6.225634020052248,3.6884314412951675,0.913931073366701
WIN-6ae521da620db7e8b18c,-0.000581323618982966,4.391136381118822,4.391136419598286,3.5009373318981796,23.137722955830867,45.21553346971302,0.09093853950494397,3.102010379702479,5.269187915127971,6.609008034793692,1.2542744994570336,7.7959760284542545,0.4418701558463205,2671.8492870781274,2925.4725838487543,0.8590514612055908,0.36201871948434117,2065.4296875,5047.8515625,0.012647907810357734,0.0968406446670004,0.5722213544132857,0.31815678478926157,6.210004622744987,3.6147285552485044,0.9145190763361745
WIN-4beaf8468c00bb63a8ef,-0.00405063740648391,4.3923770486625635,4.392378916405215,3.497391807003856,23.137722955830867,41.89074109053425,0.07833297493484397,3.0864344136108692,5.267697390452334,6.615707999741059,1.2559012998222867,7.815737040469445,0.4467872322693558,2665.5370237063357,2919.4477736090607,0.8661660206251298,0.37265184383973643,2068.359375,5047.8515625,0.012428374918606716,0.09699752469191682,0.5759905856046437,0.3144201445573654,6.211759192947322,3.5236567782084145,0.9134335563769456
WIN-f7841712081a0157c586,-0.004845989202553653,4.516248815537358,4.516251415438908,3.536524403190878,52.72622250286821,98.01421617129952,-0.02188937729554106,6.640251200744704,11.674775749332898,14.909050947105111,1.2770310340182527,17.689695153926987,0.4473706142178515,2670.571931596052,2931.5602651969807,0.8617895739827263,0.4370093520074188,2068.359375,5044.921875,0.016719369067181928,0.0949360249145879,0.5656729090526558,0.3224239565450196,6.38694027422238,27.201059234943774,0.9069683487405671
WIN-de34c22ec8935a2dcaaa,-0.0002936800272135588,4.496236831684361,4.496236841275489,3.5197580572258644,52.72622250286821,98.01421617129952,-0.035345288129008445,6.696610786880424,11.72674491228517,14.980070120049664,1.2774278141202606,17.77950859643975,0.4457038086507209,2661.497534330765,2931.5074500555615,0.8603952153159296,0.4317035883929319,2065.4296875,5047.8515625,0.017984986487499657,0.10010467438748974,0.5691812515643683,0.31250210216130725,6.358639099524432,28.335896064998085,0.9107857597729547
WIN-a83d2708ffa269b4ff14,0.002762030179124636,4.416201083203183,4.416201946933097,3.519959182250145,25.40106649025752,42.61250776066615,0.061677767606601736,3.060880324717802,5.751790066550726,7.216295750910552,1.2546173743153384,8.519531776924042,0.4392866072172681,2666.619248088164,2923.135191791041,0.8530002045542765,0.3590584685158882,2065.4296875,5047.8515625,0.01272757024143303,0.09240740307606349,0.5858409440049265,0.3088183913343237,6.245451422117161,3.6659266607726493,0.9146076972315713
WIN-a254a630dc6b707787c1,-0.0021375581939953574,4.456193502415092,4.456194015089729,3.5277740113486384,58.59009784386482,116.51065344137572,0.04892462177901033,7.685931674436103,13.148013225064195,16.60823444341031,1.2631744552664528,19.574332849435574,0.4398699891657638,2622.667485527471,2874.230705263357,0.8467726433292355,0.36133987820809216,2068.359375,5044.921875,0.013724115759028117,0.10033460652217527,0.5857419945288526,0.29998285976983435,6.302009272685282,28.67670051135052,0.909716148911468
WIN-5df94f68f55c91d5f00f,-0.0008728776056559706,4.481427921223835,4.481428006231931,3.512036916060554,58.59009784386482,116.51065344137572,0.05068389064242184,10.889727856089703,13.073979490996086,16.68265432402361,1.276019618625611,19.692634868007662,0.44412034336194683,2674.103605550076,2936.810111460076,0.8729634103785817,0.43935908407792124,2065.4296875,5059.5703125,0.013157994227382088,0.10764641976995055,0.5554489938065091,0.3235382751121208,6.3376961391643025,45.138967028316976,0.9130911832575705
WIN-d4ee1a98ad3ef847ef25,0.0006200806673586815,4.507695888359867,4.507695931009154,3.528462751346406,54.25977861761609,106.80386869950672,0.08410064724769328,8.501932198268873,12.037142577506714,15.377738817533508,1.2775240235390923,18.201507891703404,0.4435369614134511,2657.815408955996,2926.9201074624057,0.8725076798622784,0.45304136996622685,2068.359375,5050.78125,0.016605133671349626,0.10643978077210677,0.5579765538420752,0.3187938764604463,6.374844658308841,33.821397930016026,0.9072561343181201
WIN-fe4b7ab8b9cbd48e48d6,0.0014894977187408487,1.0996869287459727,1.0996879374887243,0.8642257206273904,6.440190601979354,11.354652036745616,0.029959448316738687,3.4467623219363865,5.8563801442439045,7.451977473311721,1.2724545350132903,8.864978160217163,0.3907825652137678,2174.8570864243866,2744.0614506829093,0.8944793825613149,0.5482763775597913,70.3125,4933.59375,0.2816764694769795,0.12849703608431143,0.2681560055030734,0.3215481206332795,1.5551921587354816,4.557046546617402,0.9378819106485321
WIN-71189cdb3b575c7bd4de,0.0008271156737371956,1.0804232046711526,1.0804235212694238,0.8495647434274942,4.902273116385563,9.314933018552027,-0.05087848708358258,3.3376611360056105,4.537362450811131,5.770334932452591,1.2717377099587235,6.875480378586992,0.3865322110175848,2190.1684117944105,2740.51792095618,0.9016955970086935,0.5465043094846056,70.3125,4857.421875,0.26540393818716457,0.1314508782221111,0.2830472680987338,0.31995389787516215,1.5279491466565998,4.215608760226821,0.9438628778889782
WIN-893b295add1273511a5f,0.012072671403858825,1.0885661255807921,1.0886330691085966,0.8542077498783623,4.902273116385563,9.305187009989915,-0.05151938130196087,3.3622652708347585,4.503145509253342,5.738970545605444,1.2744359545582928,6.84636194792534,0.3851154262855238,2114.5030101958682,2681.315420200331,0.8884944728626086,0.5291518483217221,70.3125,4807.6171875,0.29262097361140466,0.12054167166905728,0.28148683594181845,0.30523472530062273,1.53946497813384,4.361929660178492,0.9446283534010336
WIN-0a4a85e0ad526bf5efee,0.0013515925109686328,1.08733380637505,1.0873346464122122,0.8548502780930175,4.784996102784515,9.187909996388868,-0.03879186029034568,3.299425695407759,4.400665534358505,5.597466861042835,1.271959165570542,6.662420004649646,0.3929494124510376,2142.0256868791816,2701.7567982848473,0.8891001918964435,0.5209181153111395,345.703125,4822.265625,0.28546917088569135,0.12095827328827273,0.28879268124982127,0.30463310574005714,1.5377222156507908,3.9031219616182726,0.9375802485325581
WIN-16ce80a8f27c1630d814,-0.02893399230739929,1.0937635044163787,1.0941461417489176,0.863621964218942,4.784996102784515,9.411021652703564,-0.036983723555455365,3.2926337633053673,4.3732696394026975,5.540614181931461,1.2669271823548331,6.569205894361313,0.39219934994582883,2232.670009069173,2784.233185096272,0.9060571218222244,0.549173724289714,70.3125,5044.921875,0.2618690866452217,0.12897165474567115,0.27410512349682936,0.3349185967895408,1.5468151816642288,3.772148578588228,0.9499926886396441
WIN-e2163cdd2fc2c02ec823,-0.032772046683737746,1.086603152658822,1.087097244229757,0.8590186381924219,5.395679601805461,10.02170515172451,0.0048811237539417756,3.3269101427361827,4.963382650853381,6.281213656962048,1.26551066053235,7.437644451473836,0.38444870405867154,2126.0748666112268,2688.3796724615404,0.8925635831048165,0.5270388731175047,345.703125,4833.984375,0.283022609754777,0.1361324743302883,0.2741201173380444,0.3065599276889879,1.5366889150428953,3.8876440374663326,0.9500433241315985
WIN-82608dea963e30eb90c1,-0.01526526432436536,1.0797022289629847,1.0798101367937467,0.8509111223428866,5.395679601805461,9.730068455902423,0.024418559740377807,3.3197457523536738,4.996878078790518,6.341061316654003,1.2690046098108858,7.524678558697776,0.38703225268772395,2162.422260328004,2716.635092524517,0.8980986006542383,0.529960028288361,345.703125,4833.984375,0.2760942080502735,0.12805847512883953,0.2855199219454234,0.3102252286704901,1.5269295354397183,3.715644191959239,0.9496175241886233
WIN-17a26aed11afe13fea45,0.014915773674932027,1.0775545497718617,1.0776577787212234,0.8487588917209259,4.8044294575085935,9.280240742635236,0.03290803219955886,3.327008728646812,4.45821442796543,5.660535052259155,1.269686585002859,6.724112119084856,0.3927827318943245,2241.6819351739973,2773.47325105856,0.9075236367607662,0.5411403514953015,345.703125,4848.6328125,0.25400709958079776,0.12731634825453533,0.2895661804045863,0.3289157248938837,1.5238922580345984,4.145222314283131,0.9453117402884048
WIN-83940a96afb52c14dd4b,0.013628999204385248,1.0580368553919601,1.0581246320670457,0.8322105558072712,4.8497971528717265,9.65422661038032,0.018305348378425214,3.426520254278618,4.583389334196925,5.827608312611991,1.2714626420946549,6.929096915413766,0.3977831485957163,2292.1459356839805,2810.8565404480264,0.9110140577463558,0.5723057328068073,345.703125,4916.015625,0.24390722159913572,0.12311918024161336,0.2916130703026649,0.34121352745176453,1.4962900657207747,4.685495816936651,0.9426231461950507
WIN-edfdb9eb64863d58d428,-0.002416611766567526,1.0727258056779059,1.072728527717867,0.8434173565849882,5.325364820787568,10.069114012815831,0.06487224509907241,3.4661739224989594,4.964317330230637,6.3140327611276,1.271883391231231,7.49831657285339,0.4100341695141262,2290.4018498187384,2813.891235444341,0.9098900763618228,0.562750113759823,345.703125,4857.421875,0.2395702430451883,0.1328697643558595,0.28770676509626564,0.33969363509635314,1.5170633820210297,4.523965262196225,0.9405690011543186
WIN-20a56e82c61d96e78eda,0.011916125442533556,1.092777823006445,1.092842790386736,0.8607721218549186,5.325364820787568,10.381502105922063,0.04632717479291,3.3784373143296422,4.872946838856988,6.186730129346547,1.2696075565626448,7.345698812210141,0.40995082923576964,2302.6506534285813,2831.5936721797466,0.9097266537411389,0.5546771849731881,275.390625,4980.46875,0.24271303986603682,0.12250316014959589,0.2853378597225463,0.34929787196793416,1.5454212170555586,4.43689956535217,0.9398369466465292
WIN-6cf5050e64338923b0db,0.008350755529853461,1.0881263472421914,1.08815839043797,0.8581096816402336,5.155013357690056,10.21115064282455,0.009594533524875352,3.316273766811343,4.73737408357481,6.007406125322463,1.268087767471335,7.134373709579653,0.4036169680806734,2183.545626858521,2742.7808560347366,0.8907242512888477,0.5176058372229206,345.703125,4839.84375,0.27734012784728057,0.1266989119555733,0.2740187921361864,0.32180427543491336,1.538843037136347,4.122880946461176,0.9448987791954683
WIN-0f44785cb43f7476b713,-0.0006727523035105284,1.0690742078454087,1.0690744195218358,0.8429870037481869,5.121071794868024,9.485598329156513,0.05647474155931836,3.3800589329760715,4.790192058990367,6.074911916900313,1.2681979849833087,7.2085730094479885,0.402450204183682,2269.9611144816467,2809.5727627074148,0.904368673297067,0.5487350289244192,345.703125,5033.203125,0.24825761699599497,0.12402510884981398,0.297820280714954,0.3297656592066366,1.5118992438533045,4.023308176633797,0.9391061603310452
WIN-cb122ffa9e566616b241,0.0187473781577158,1.0770806000498254,1.0772437436306979,0.8529090034206062,5.121071794868024,9.545952099794743,0.02597400967913771,3.2852374930564827,4.753865432166188,6.004241688531689,1.2630230649566723,7.10353062104699,0.38361530127510624,2246.9096359433456,2794.135649554945,0.9086390489385282,0.5571326001498155,70.3125,4918.9453125,0.2505267758851933,0.13469352040337346,0.2908016985751055,0.32388264121656973,1.5232219753415461,3.961459932000673,0.9398091784235604
WIN-439d6c2bd9156d2ff5b9,0.005812968668602225,1.1080715828520746,1.1080868302299438,0.8764044947769323,4.811941314566433,9.342812745648493,-0.0014660458441620122,3.2128311619405188,4.342567011254474,5.4905484205506125,1.2643554852040282,6.510258663103596,0.38411534294524546,2098.5621464013007,2668.071007347324,0.8902761457254074,0.5270598085274117,345.703125,4807.6171875,0.29266917243423163,0.13259224147184,0.2773812996119706,0.2971954820846196,1.5670498534895685,3.8889306511015587,0.9395794948378714
WIN-beef7744ccc7a2860d97,0.024579139924757857,5.241515824822477,5.241573454220011,4.178589520705377,20.173685843766208,39.25361113643932,-0.04453828613575955,3.029683223790025,3.8487843430908035,4.827869725848523,1.2543882159868,5.699735413256433,0.6005500458371531,3705.3388167528824,3939.2456654514453,0.9233384947025031,0.4408109011622732,4880.859375,5276.3671875,0.01889936978955294,0.04651744727471186,0.28440897164567663,0.6501615576533292,7.4126227437217125,3.24919346818122,0.934782517492306
WIN-e24c63e2450153033f5c,0.011664509784934898,5.218020143590411,5.218033181161635,4.16096273090447,19.48274890476641,38.62023064667655,-0.020452677320036403,3.0344708520474777,3.733734192243185,4.682269504616966,1.2540446811515025,5.52433668508576,0.60038336528044,3717.04566306213,3955.0063906975847,0.9193194148445751,0.42926986536133394,4757.8125,5279.296875,0.01928126100331765,0.047948224420748926,0.2786701191028045,0.6540848305801759,7.379394785541106,3.292707100176366,0.9350560802255451
WIN-e6ee1c65a75387f1acdf,-0.0039080617333135175,5.245433432777533,5.245434888609981,4.168485637073066,22.90025466394902,42.037736405859164,0.006058446897439745,3.066363889311271,4.365749485075227,5.493662844913414,1.2583550347295533,6.499873925306738,0.60038336528044,3753.91629336585,3980.7239782696347,0.9200764643642884,0.42851971611928436,4848.6328125,5293.9453125,0.014867085858315502,0.04698266656941902,0.2687295692565018,0.6693960023894013,7.418163098466672,3.2359388309254267,0.9342671408397186
WIN-c3937abbef6e1e4cd9ca,-0.019935288639260817,5.147623837463508,5.147662439181076,4.09469614164361,23.788909707095492,43.206887702055226,0.0071430237523426665,3.0693650907651255,4.621303356261909,5.8096886519009985,1.2571537083856847,6.8694039555682505,0.6024668722393532,3752.028112458367,3983.5932291326344,0.9188746304602804,0.4270703825327381,5036.1328125,5296.875,0.015418391233007282,0.050514696169148006,0.26857395200870227,0.6654774598815361,7.279839410322609,3.4511601485196493,0.9370301572605801
WIN-3cb7182f0688b46a432d,-0.008944553636544087,5.0843455699277085,5.084353437703094,4.055534029147568,23.788909707095492,43.35888401438106,-0.028375484418026325,3.0374043391207954,4.6788465826714205,5.865789692828645,1.2536828445181412,6.92609873856799,0.6045503791982665,3707.163016777299,3942.009309698972,0.9250393800005987,0.45247218686559265,2642.578125,5299.8046875,0.015940012397271153,0.04984106776828616,0.2777277990712483,0.6564786331974278,7.190350434289329,3.617728228391248,0.9357872937948495
WIN-db5257edccb3c1387ccd,-0.002512696435393193,5.15226126877789,5.152261881483911,4.099565259901951,20.55946753976628,40.12944184705185,-0.028651000508905657,3.0398475609361295,3.9903770446235405,5.0150360431761944,1.256782501275728,5.930757394011884,0.5990499208267356,3679.360904268841,3915.1531648982946,0.9213063891154715,0.43526555635986414,4772.4609375,5279.296875,0.015412311158574776,0.05573522485603519,0.2855874028204849,0.6432409207076252,7.286397738882507,3.3972495799219136,0.9350343227848344
WIN-f4975ff2b0aa8f55da5d,0.045045339169665084,5.11124625389907,5.111444742005745,4.0676960910144055,22.07776063105922,40.480096818388525,-0.017762210605646617,3.0408065566693296,4.3192799189670055,5.427583609263204,1.2565945507324743,6.408117289435649,0.5963830319193266,3712.8118092829914,3942.7718031874883,0.9189762475732619,0.42917696356635665,4772.4609375,5267.578125,0.015712074210063678,0.05230291631504653,0.277097815759023,0.654869676969931,7.228393772866729,3.282810696380707,0.933694506326615
WIN-d9ece94fa330400ceaba,0.02775184344362836,5.170637372913309,5.170711847220106,4.107911040553205,22.07776063105922,43.90517780943679,0.008712072822935993,3.1208547566887983,4.269771993371563,5.3744495470088545,1.2587205020200527,6.3508338574577845,0.597383115259605,3731.145401404554,3959.000375362782,0.9185555465893036,0.42572483032817376,4795.8984375,5255.859375,0.017378448836324136,0.04627488091581961,0.2777874687677362,0.6585473625448709,7.312385485249843,3.628685852912862,0.9313233286087372
WIN-440278cd147131101d2e,-0.02213746344358574,5.231159663126023,5.231206504087225,4.149587190928188,21.827417178377576,42.188065126768294,0.012132378609442517,3.139842987548246,4.172539769041673,5.260141834371219,1.2606570878959737,6.226566690144954,0.5999666638886574,3693.091513081822,3925.559794618659,0.9215606635291735,0.42889707926004167,5030.2734375,5282.2265625,0.016725400359965014,0.044229665211906244,0.2960814402584677,0.6429357355681818,7.397976928973712,3.656894406697704,0.9340371565431594
WIN-117b46080964e3eb3aa9,-0.0069841332140455495,5.18062402685287,5.180628734596024,4.108664916608625,20.331003413588554,40.2590569366551,0.02184505784536103,3.0922221488008224,3.9244277973086614,4.948323561602397,1.2609031984216805,5.866503906301122,0.6065505458788233,3699.9008067571676,3931.754096459061,0.9184504956267625,0.4275303839016194,4883.7890625,5264.6484375,0.015590869697819108,0.049899401359973734,0.2874749921534263,0.6470144762226399,7.326508757873055,3.390169700774307,0.9387643448508153
WIN-a25a6c8f4ae98706033a,-0.008316936871740599,5.166942895608869,5.166949589256885,4.094406282415231,20.331003413588554,40.2590569366551,0.018665880958279403,3.0864248311957287,3.9348174512592142,4.9655559344224685,1.261953317003928,5.88816397971406,0.6047170597549796,3729.611621366452,3962.868045890786,0.9177714778102559,0.42690562101092777,4801.7578125,5279.296875,0.01790255325401917,0.0453426724606808,0.28490732902063054,0.6518415657372046,7.3071607146013084,3.3542542863721363,0.9360142293579656
WIN-698a868771dbf70bd4ff,-0.0029251892181482108,5.08509578613939,5.08509662749338,4.042649674714831,19.68756023021859,38.22583013823266,0.003465293184231609,3.0383421028251103,3.871619690326199,4.869964457556537,1.2578623023650513,5.759794383075029,0.6038836569714143,3726.021815365314,3953.640594948342,0.9203091103581215,0.4321832036848517,4751.953125,5296.875,0.01774845136214428,0.040605155432061044,0.28487112936950315,0.6567562687852063,7.191411426579593,3.3366674751685843,0.932897290090252
WIN-439aa903f892e0b0d1cf,0.01705944830144414,5.089697838277453,5.089726427789859,4.053187909594553,22.369249292705646,40.90751920071972,-0.005792879560997517,3.0394890515736153,4.39498067530022,5.518927271974854,1.2557341384889646,6.519947768428267,0.5943828652387699,3696.588125234361,3933.6687519223033,0.9205733823156623,0.4344099107711346,4798.828125,5267.578125,0.020874804998609862,0.04416524455801707,0.28507690786869927,0.6498611042167508,7.197919693666395,3.3065500569201216,0.9326292555266503
WIN-b1659810d742eee7324d,0.0068589064914492,5.187800160663302,5.187804694818073,4.138251804643998,22.369249292705646,42.38329225200871,-0.02597536606010595,3.0616312106470014,4.3118911772151405,5.405482882312088,1.2536222877967456,6.37246072015206,0.5936328027335611,3698.7696887568723,3931.967037192437,0.9196330007599456,0.4267650529932106,2566.40625,5285.15625,0.016631092892294533,0.04517847780481983,0.2970993243875183,0.6410779016299911,7.336657344474419,3.3961017226135928,0.9342028759395552
WIN-5782eb8682f604601b4d,-0.04355437663097289,5.270029410628134,5.270209386030999,4.197219586707201,21.392731001564176,41.73213359280952,0.005531017000777812,3.054440547551226,4.0591804679075585,5.096881533029842,1.2556429982173802,6.01785627220686,0.6040503375281273,3733.093151887749,3963.4813690632927,0.9221582140394161,0.434834724286201,4792.96875,5273.4375,0.015367285527146777,0.04857985473388221,0.2764920402269325,0.6595509513118364,7.452947046670054,3.41756872948451,0.9354459683314527
