window_id,mean,std,rms,mean_abs,peak_abs,peak_to_peak,skewness,kurtosis,crest_factor,impulse_factor,shape_factor,clearance_factor,zero_cross_rate,spectral_centroid_hz,spectral_rms_hz,spectral_entropy,spectral_flatness,dominant_frequency_hz,rolloff95_hz,band_ratio_0_500,band_ratio_500_1500,band_ratio_1500_3000,band_ratio_3000_5500,envelope_rms,envelope_kurtosis,envelope_spectral_entropy
WIN-306010b55ca0e59ab5f5,0.024621479606455624,2.7715086949836145,2.771618058756976,2.2003469550024213,11.760225871822183,22.809739181789837,0.010989337325931676,3.1505350220805277,4.243090361841633,5.34471431656736,1.259627738459395,6.323777334842533,0.42053504458704893,2473.5195447760393,2778.021052326143,0.9063878139562186,0.5185476998635079,1327.1484375,4933.59375,0.028566149745151242,0.19994775313485486,0.4784693826045422,0.2929049135027413,3.919505176401768,3.6155672876693203,0.93072178184582
WIN-eef3214ff15f4dd1c693,0.019499845929078777,2.750866949650133,2.7509360622647496,2.1835513702510974,12.87589432339795,23.92540763336561,0.004855606016813894,3.2059394660905225,4.680550195264442,5.896767302484571,1.2598449020904627,6.975401778534076,0.41703475289607467,2488.737144603034,2801.1266273596752,0.9076438476450931,0.5241715196683274,1327.1484375,5027.34375,0.029985208257212986,0.206318842329221,0.4655467214980706,0.29809995175398957,3.8903133099847187,3.6929232784085637,0.9293879337659975
WIN-e277b18e45d231921986,0.017687297442499757,2.7869750582030037,2.7870311830936614,2.2118380488991707,12.87589432339795,25.043361008394665,0.018460485126375225,3.210393219285486,4.6199319194917745,5.821354926867475,1.26005210213266,6.880414019652844,0.422118509875823,2465.2547641760493,2767.0307899133895,0.9037593865722205,0.5108822718616873,1327.1484375,4951.171875,0.029622652609102677,0.2025642235781356,0.48775615297160735,0.27995936109340036,3.941377923156103,3.7670298919958514,0.9286124235213378
WIN-c8099c7aa973435fcefe,0.003953824429593196,2.8326445836835115,2.8326473430695804,2.248636746537438,12.17394947865681,24.08243253527461,0.008306010063141547,3.1965489137570136,4.297728592455243,5.41392445773976,1.2597176255480886,6.4022489605081505,0.4232852737728144,2441.436943957315,2740.6662385790487,0.8994302914970039,0.49668596841516616,1327.1484375,4918.9453125,0.02829933097232622,0.20022799911430242,0.4926405428958937,0.27874715146898965,4.005964358978369,3.8724486032631087,0.9269878624149098
WIN-03ee54a13bf27193f898,-0.0004713033699814459,2.844184516849218,2.844184555898525,2.267893539213718,12.17394947865681,24.08243253527461,-7.500289856957561e-05,3.0293156775115295,4.28029519160601,5.367954565835647,1.2541084961524929,6.339041028297354,0.4182015167930661,2464.7725982245042,2768.356387936252,0.9001820066921655,0.5064003614080166,1324.21875,4995.1171875,0.029313082580965637,0.2094223527988814,0.4827265863270115,0.27850215428178865,4.022284314161747,3.491310379796699,0.9333064882917487
WIN-843e260a823103c55fc6,0.011041723500839836,2.818705975889103,2.8187276026907617,2.248809773378998,12.375947360090752,23.076653994501633,-0.026255467599404322,3.020959614556814,4.390614881790018,5.503332254506125,1.253430875326626,6.488874387003756,0.41836819734977915,2506.9160143170793,2816.8534243387844,0.9054526422241596,0.5192273860980923,1327.1484375,5015.625,0.029647925138126165,0.21094871472730375,0.4628492117455694,0.2964916182558544,3.986252207279144,3.3532999849728653,0.9338492689118588
WIN-58f4fdcc4e742186c626,0.012983874742205683,2.7715947716042466,2.7716251837121337,2.206405336184629,12.375947360090752,23.23274781431178,0.007711510155706713,3.075259636981145,4.465231241516846,5.609099632384835,1.25617226275551,6.6245446334907365,0.4188682390199183,2490.667958206672,2798.1490510540457,0.9077434788044141,0.524305648821771,1327.1484375,4962.890625,0.03129912505801846,0.21641598696545217,0.4542688342727584,0.297935029001656,3.919626912447191,3.5442526469455733,0.9290803746418919
WIN-1b54c47333f6512787cb,-0.021837714403500186,2.778522445458932,2.778608260566691,2.2113097077187254,11.191705382633439,22.048505836854467,0.052543767947662,3.074665658194781,4.027809728150339,5.061120721155873,1.2565441425353108,5.9777919768997085,0.42828569047420617,2546.9801645386938,2857.4738923596183,0.9197474991902991,0.5455783016729747,1327.1484375,4986.328125,0.029625403050721342,0.19029653579387865,0.4661310497689618,0.3138141434141245,3.929424083027713,3.3829170338898362,0.9355761005854494
WIN-2b94c34d801ae83c7ff4,-0.0433512453118559,2.8151025229126003,2.8154362974464497,2.237841319921803,12.142621506436473,23.965736357067712,-0.012696088476632813,3.1223589651684067,4.3128738225920085,5.426042230221823,1.2581036342396126,6.410898512358064,0.429202433536128,2509.708974531587,2819.1719849568867,0.9039220374057468,0.5172811981729929,1327.1484375,5018.5546875,0.028281651851209004,0.18390364153153071,0.4894920627377597,0.2982170434800496,3.9811561628698775,3.4336059736310323,0.9302921961135614
WIN-62333cffcb7244781151,-0.018281523095375566,2.832130642436497,2.832189645824314,2.2524857767133315,12.6548345225922,24.47794937322344,-0.021887703726895028,3.1007143090811353,4.468215799477128,5.618164009475622,1.2573618333588716,6.638490961534537,0.42828569047420617,2485.410943665371,2785.325141596723,0.8970744676777127,0.5017178747980958,1324.21875,4968.75,0.02680776250957349,0.19127310084211566,0.49271981820857563,0.2891195696861407,4.0052375334456265,3.472744941817219,0.9272526408882156
WIN-3696567f5a0ac7ae8bdb,-0.009295476211082997,2.785098620033757,2.7851141321662074,2.2160088789397774,12.6548345225922,22.3755713250149,-0.0009346782538487522,3.096492855001173,4.543740012817706,5.7106425172091555,1.2568154210182834,6.750470367975663,0.43045253771147596,2554.473008772209,2864.257830218354,0.9126784858500913,0.5401437129574252,1324.21875,5030.2734375,0.029697591999803936,0.19416329083867415,0.4667614556688775,0.30923015081739724,3.9387242289752504,3.600558272208633,0.9315507031882846
WIN-4c6c1eacae528e912b20,-0.006075359829911056,2.7725064636137455,2.7725131200369564,2.190572348737854,11.444399584049723,22.716018559374266,-0.022171223532378805,3.216566154496175,4.127807187398647,5.224387859473547,1.2656569510854705,6.2100932777801,0.4307858988249021,2481.335372757308,2791.662757646085,0.908842532632495,0.5304115249799009,1327.1484375,5000.9765625,0.03131762177659891,0.19560841817128255,0.47805213721583817,0.2949350573673342,3.9209162421163932,3.86522141153763,0.925090363495246
WIN-cc736f2e3e77f40834d5,0.0042444902341870405,2.7668918880031317,2.766895143585113,2.1963857727434135,11.271618975324543,21.93098050518949,-0.007116804967500873,3.1589798817013266,4.073742729807838,5.131894002955821,1.259749165160472,6.072011277535903,0.4327860655054588,2469.772712221868,2786.0851746921153,0.9067781912445002,0.526102333939991,1327.1484375,5009.765625,0.03130005222814508,0.1999969096425697,0.4773246502218756,0.2912767484473778,3.9129760034517362,3.6864361941986004,0.9295999610614304
WIN-6ffb2395ec000874b64c,-0.012037402966019604,2.779035262127917,2.779061332036511,2.2133644298717683,10.996033790235705,21.95954340179046,0.015711145931720873,3.0969392205257824,3.9567438341397794,4.968017756961872,1.255582358932307,5.8608295010317555,0.4291190932577715,2536.1699185353305,2846.3216670582087,0.916965776719467,0.5345121906861571,1324.21875,5015.625,0.027042215389857762,0.19828328473270157,0.4564298312356617,0.3181743799966198,3.9301493566557637,3.4803996749327166,0.9333562370036177
WIN-deaa80fb3febe6c69b39,-0.0063972080661567985,2.7704039652645527,2.7704113512301016,2.2043016206113597,12.015183617077689,23.011217407313396,0.025489184246229667,3.098343070016415,4.336967364697824,5.450789268004006,1.256820448401465,6.432677976883844,0.42378531544295356,2493.821662432837,2804.9720882544075,0.9137479350015922,0.5353512541408997,1327.1484375,5006.8359375,0.028044195431733844,0.21660542017015788,0.45650102940318216,0.2987624660753431,3.9179428040916755,3.427379010772352,0.9342564441974318
WIN-cef57c533ee704d59fc2,-0.001245907468093387,1.089425900077755,1.08942661251029,0.8597255015968662,6.203729846124593,11.137697247512186,-0.01429240241686172,3.366697090761997,5.694490821941713,7.2159425707327305,1.2671795945165132,8.56408946855621,0.4305358779898325,2516.74594074308,2896.8330380758953,0.9284958213885945,0.5708915530899917,275.390625,5044.921875,0.15442361646669467,0.06797587082456479,0.4054719002497274,0.37196262302310795,1.540680882891412,4.5619192895858545,0.9329162311288478
WIN-0980687a63fd5f606d5f,-0.0016755729573142168,1.0829063565385273,1.0829076528385435,0.8539438435099933,6.203729846124593,11.137697247512186,0.0021055113997795914,3.373297013101006,5.7287708973683005,7.264798374349693,1.2681251361754242,8.611055680968338,0.43236936411367616,2520.47034145078,2883.5538916426513,0.924570571752613,0.559101489719309,278.3203125,5033.203125,0.14129421572375078,0.07113109013232513,0.4200353998603234,0.3673190423506119,1.5314608561780108,4.564363234830989,0.9195075424339271
WIN-d7ea16df635342bf1d46,0.001126540480504527,1.0589854614896943,1.0589860606920165,0.8379161575660153,4.7007689114643725,8.788495626058854,0.060490974421953725,3.1920345171010243,4.4389336988894055,5.61007073203313,1.263832963630756,6.644179258999497,0.4382031835986332,2524.6771469680243,2898.81375122353,0.9224649503305373,0.5594474985856802,275.390625,5021.484375,0.15286583180571026,0.07314658743471483,0.3832462455570252,0.3905627735899975,1.4976316017310958,3.826786619554646,0.9239028952927222
WIN-fcc4860a3ce8955019c9,0.0005556483039164651,1.055297240941357,1.0552973872247946,0.8334014762691753,5.094736490625677,9.79550540209005,0.0635270757163083,3.3312471992309054,4.827773244107911,6.113183904385173,1.2662533212056422,7.241332597479775,0.44045337111425953,2548.2167930110354,2917.300883881321,0.9264322493404068,0.5621758012037431,278.3203125,5021.484375,0.1455339451191693,0.07879206233471682,0.38065694532050365,0.39491738958550604,1.4924156651035891,4.2515244025814996,0.9346183356898043
WIN-030ac98569c550c11455,-0.002738994807672628,1.0425669585343704,1.0425705564230001,0.8260585460172784,5.329321725062342,10.424058215688019,0.013062635464879957,3.310731103197146,5.111713247822601,6.451506071513264,1.262102500420026,7.62029108282465,0.4294524543711976,2533.7325290186136,2912.041927839359,0.9257187866309543,0.5621627011362123,278.3203125,5065.4296875,0.14674506364368528,0.07857407837822918,0.3872745939149097,0.3872551863246638,1.4744123323074887,4.035819756393059,0.9315789954057785
WIN-a0fbde7107e695355723,-0.0024581367279795626,1.0405848547670957,1.040587758147688,0.8262761052570947,5.329321725062342,9.403368281257428,-0.0046731520866576705,3.227373866549074,5.121453412582664,6.4498073841766015,1.2593705076617834,7.606989064845041,0.42545212101008417,2442.7307858051927,2827.24966597226,0.9217636010781909,0.5482319937150099,275.390625,5003.90625,0.16064460472994208,0.07624431321522404,0.4144799185794763,0.3485200542353585,1.4716092126827147,3.749258531373032,0.9402148351366506
WIN-ec1173656173fd2843c7,0.0016703815262181412,1.0694084235005552,1.0694097280408412,0.8433099800382552,4.909553084399707,9.567860645654509,0.024431673170873663,3.3608094521388927,4.590899966273374,5.821765662219688,1.2681098923921916,6.895516924267856,0.437703141928494,2512.74203057192,2888.1903803910145,0.9257483586923075,0.5553361099672256,275.390625,5039.0625,0.14773094490662594,0.06784092347684852,0.41266876546095865,0.37161366066368445,1.5123718955815197,4.081650764402821,0.9368126063349134
WIN-d6f6a3ac7d4c2efae738,0.0036263693522966024,1.064826941060299,1.0648331160151403,0.8384476347394113,4.909553084399707,9.567860645654509,0.005354191991519851,3.344088321937583,4.610631478825353,5.855527382959027,1.2700055100576668,6.958284920070998,0.43711975997999836,2559.826667668066,2929.4470865886456,0.9299885530954739,0.5714832958106584,278.3203125,5053.7109375,0.1393756954121165,0.06728873839711523,0.4108789073390425,0.38223647600959704,1.505892701497797,4.098598381589477,0.9349013801098035
WIN-9366616c98915af2be48,0.006164696758066218,1.0315010346995952,1.03151945598348,0.8154286233084792,4.218244233393088,8.228941753466156,-0.027321181489608094,3.2055781884899837,4.089350141599806,5.173039200258906,1.265002756215473,6.140738575715858,0.4329527460621718,2521.8968014957186,2891.10182211989,0.9283407519046607,0.5697282032764353,278.3203125,4995.1171875,0.14517814861625025,0.07830670899247036,0.39344131962929657,0.38290472566921213,1.458762752827594,3.6970929338660468,0.9325999079409949
WIN-af16ec8f9339da146c04,0.0037199847527064353,1.0272765356539397,1.0272832710561,0.8085195033071411,4.8296623398891265,9.047906573282216,0.03824217716597967,3.3209448823074657,4.701392961377911,5.97346423942535,1.2705732723241236,7.105965573150399,0.4355362946912243,2569.9008870420075,2917.416529040131,0.930388502072998,0.5707994013536853,275.390625,5041.9921875,0.12975817979846188,0.07261598620171618,0.41902165214373616,0.378523683965927,1.4527884039184504,3.89589511894511,0.9351769190750394
WIN-ecddfdaaf5dd9d0c3ef4,-0.01189344282466348,1.0152428243784435,1.0153124870866814,0.798797293218607,4.8296623398891265,8.94456257543326,0.08004090804617943,3.3348256403806236,4.7568235408416095,6.046167633371469,1.2710514866598948,7.188611674340905,0.43495291274272857,2489.141419553666,2875.18241137238,0.9283282823012639,0.5737369422102997,275.390625,5071.2890625,0.15121515240511124,0.0780606981453796,0.40929061335604766,0.3613081420161361,1.4357701634509281,4.084397337664336,0.937646883778387
WIN-5f7383ffc93baca88c0b,-0.009595091068024237,1.0469557147577404,1.0469996821568262,0.827463142663486,4.87125204659228,9.416119535643674,0.009290881383094033,3.262366587499182,4.652582163685873,5.886971631034256,1.2653127712557903,6.973364767285431,0.4327860655054588,2476.8247095232396,2858.992552700602,0.9214919971445564,0.5548439352007709,278.3203125,5024.4140625,0.15851245342242543,0.07499695815481264,0.399962048303174,0.36632870012720503,1.4806189684586166,3.8711260473407223,0.9329382642570554
WIN-7810d6c3baa6a2250ef1,0.002450342054425227,1.0760056998838734,1.0760084899101714,0.8466243065981648,5.131570100639025,9.67643758969042,-0.004272921205845078,3.3544745811593177,4.76907956466278,6.061212819712455,1.2709397563039835,7.2045301046835695,0.438953246103842,2485.7276182650135,2852.910862077427,0.9250391405038042,0.5663745361081737,278.3203125,5015.625,0.1466336606070108,0.07160775471200993,0.4259668106431264,0.35561881571184495,1.5217018509480127,3.9524573939868173,0.936687990697883
WIN-764986316273e645270d,0.0037430539761743624,1.0534515089823084,1.0534581587467873,0.8327271346134703,5.131570100639025,9.523729556876292,0.0076851025544948945,3.1816485762000934,4.871166508158958,6.162366863444171,1.26507005110925,7.323862713857466,0.4342028502375198,2533.9931776367125,2899.9026345255998,0.9281035140782622,0.5684358696172592,275.390625,5068.359375,0.14225812983192862,0.06911772325872456,0.4218566590875251,0.3666574520871188,1.4898054110976175,3.68880557562999,0.9225591240110673
WIN-bbec483bbdb5a0b7fbcc,0.004531383066257352,1.02687225865433,1.0268822566518219,0.8164591094677929,3.894048803091243,7.731297524700498,-0.006483678264669448,3.041856343418067,3.792108372564645,4.769435184114488,1.2577264981707843,5.647521663010269,0.42978581548462375,2468.391905760049,2845.0829925643834,0.9251647356296632,0.5700273692108062,278.3203125,5009.765625,0.15072984620595084,0.08315372579230683,0.4035605098184458,0.3624477680152106,1.4522166700031363,3.395123246590648,0.9403461301101695
WIN-8ae1fff6108fad1118f2,0.015584625367038564,9.504428177241694,9.50444095446406,6.395356905073631,126.58886097285642,227.0103950445931,0.08098832216798611,18.760665319857814,13.318917080902759,19.79386965446914,1.4861470744380838,24.69985832487213,0.5142928577381448,2969.5147697393963,3266.0610342648793,0.9111772699016277,0.5147583817915143,1983.3984375,5173.828125,0.009807366253962186,0.08957993095667288,0.4915614511649832,0.40897832938222695,13.441290858707237,39.309536346227816,0.7882936981191044
WIN-6dc3108c5e9711fffdba,0.08965015625729478,9.690113706178188,9.690528406087015,6.487737048975226,128.53143049191598,228.95296456365264,0.6674100548649103,20.999829669219096,13.263614232962457,19.811442652750305,1.493668490712982,24.69584427424138,0.5177931494291191,3079.334207815572,3374.221958144506,0.9275359052013918,0.5733150443131181,1945.3125,5206.0546875,0.011402349933436575,0.0899872270113972,0.43805683351149405,0.46047740460875597,13.703890222583233,40.706756749400235,0.7993598700695783
WIN-04c9fe0d2d748e4c7412,0.04355595575946306,9.757411621314679,9.757508835202195,6.449968469273889,137.25972030847282,265.7911508003888,0.17353948005126238,22.15520397074009,14.067086448670837,21.280680822289924,1.512799462769954,26.61560748688376,0.516043003583632,2951.8748864727686,3284.89976421347,0.9344839429334171,0.6339890666775141,1983.3984375,5214.84375,0.024138313392009104,0.11445038761348764,0.4392656426202043,0.4220061935708964,13.799063830447228,37.190482576156434,0.7901164381422918
WIN-51dd86232cab34d42a6c,0.026117784977322533,9.568851653140797,9.568887296781558,6.332673851317723,137.25972030847282,241.34813078170916,-0.5207342544923208,23.162449773891392,14.344376315794316,21.674844391345008,1.5110342836918598,27.053784929310535,0.5069589132427702,2833.0499001793164,3163.5385163136157,0.9303982229490909,0.6197540303224203,1986.328125,5188.4765625,0.02438075060582347,0.12319510582431978,0.4685610426812587,0.3836591000772236,13.532399533860696,38.33584009197712,0.7992867139129815
WIN-1d0e9e1272fae49cd493,0.06303121195252218,9.57190603410459,9.57211356281402,6.422755773437173,127.11618946594596,232.82909863986308,0.03130677963619819,20.05282565782261,13.279845525418416,19.791534031489295,1.4903436936525394,24.67912171442329,0.5002916909742479,2940.455503421548,3231.6845100167175,0.9171223374776728,0.5206516707549126,1942.3828125,5156.25,0.0086158014447363,0.09007460348756342,0.49705036609157466,0.40415513830162175,13.53671933048077,34.51665345306381,0.7916397374072338
WIN-cff9b86513fbb33b0047,0.036375752781211135,9.447198248754697,9.447268279596184,6.449758185715383,105.71290917391711,200.9936176424152,0.3194642055484669,15.17364710087342,11.189785877280553,16.390212800230035,1.4647476707759493,20.42430412061988,0.5060421701808484,2952.4980282364954,3237.807123715631,0.9039018749535331,0.4447102576193447,1942.3828125,5141.6015625,0.006374095699198748,0.08461819422893574,0.507700090063458,0.40125487870257487,13.360355419276605,27.028603258443205,0.7785491475839145
WIN-18bb522065f15911d801,0.024594777940507878,9.63414985897232,9.634181252614997,6.452207517324231,109.33020682357036,216.12170331074026,0.08152491853340181,17.84333358475868,11.34815756075625,16.944620353576802,1.4931604767431375,21.222465501154115,0.5097924827068923,2960.404306511035,3260.9028692459588,0.9118041068603833,0.48632056700691995,1983.3984375,5173.828125,0.00796717131989615,0.09981904681302266,0.4924891508685174,0.3996554474812972,13.624745386778184,33.21460652126465,0.7835582750833744
WIN-958ab83ae4c82871a94a,-0.014608147402561502,9.647981157753213,9.647992216950197,6.4097567951451895,109.33020682357036,216.12170331074026,0.04237998502110311,18.686739418829358,11.331912833789488,17.05684167398692,1.5052041013874617,21.430476281477915,0.5136261355112927,2886.336521096415,3192.0977306256054,0.9163031112586105,0.5332025159851682,1983.3984375,5144.53125,0.01091725965587552,0.10249739511358903,0.49875379519599117,0.3877654403394018,13.644305800472553,35.01173524544867,0.7818399799860853
WIN-a8d52e2ee10aafb2721a,-0.06792095613186577,9.139992933092694,9.140245296121227,6.186109614976494,109.02013722076178,195.9055792210841,-0.30456783254745134,17.025540874282584,11.927484841901766,17.62337624228445,1.4775433778268865,21.98891114820101,0.5137928160680056,2942.826430531596,3241.605736695755,0.9061479036595129,0.47007208898548186,1983.3984375,5165.0390625,0.007732945287896217,0.09103934981212537,0.5046152711066366,0.3965578050111176,12.92590183073823,31.369038342892978,0.7817847243827221
WIN-13aff6bacc9052002093,-0.03168022592322842,9.162765440317662,9.162820207283032,6.1736765562110305,117.14658512367399,226.16672234443575,0.20417795432571645,19.229616156987284,12.784992226579726,18.97517371651089,1.4841756162400972,23.695721216079235,0.5071255937994833,2864.8338458094563,3160.2985211201785,0.9166411709461494,0.5447151601512062,1945.3125,5121.09375,0.013546064103780968,0.09597744061569022,0.5084215811421761,0.3819883769402103,12.958107000785068,33.45971340411512,0.7859255006723999
WIN-02fa56f24e4478ff38b6,-0.0013400888255379448,9.465474696569618,9.465474791432163,6.367464310401427,122.30866149343571,241.16618843170818,0.6084620569114669,19.85736249216945,12.921555884775328,19.208378018487196,1.4865375493300472,24.093253338009372,0.5046253854487874,2890.184262461557,3183.2035003695737,0.9087121833740239,0.5144360256771607,1945.3125,5121.09375,0.012615639186392533,0.09739601620817807,0.5025111537391944,0.38742809772453596,13.386202546905702,32.033633948887015,0.793343730699301
WIN-39f86a8a33c75711482c,-0.03528028592014017,9.454467708172121,9.454533533889654,6.385632675199489,122.30866149343571,241.16618843170818,-0.06428925142881574,19.652554504303996,12.93650935342383,19.153726453517873,1.4805946434419375,23.933105639252183,0.5092924410367531,2873.5036484085076,3166.1811373396768,0.9067229480553115,0.5116206506197342,1945.3125,5118.1640625,0.013165666862415212,0.09182398322070433,0.5144459197663803,0.3805026564460066,13.370636442190815,31.937189749528983,0.7893487525235364
WIN-4c437866faea61fe0b9f,-0.055557211056303325,9.127737414464345,9.127906491146401,6.239785252561485,115.55142618780437,200.3584956845319,-0.282862756141116,16.48884402141595,12.659137809953535,18.518494068421827,1.4628558711051562,23.011665021110673,0.5193766147178932,2899.8660860146933,3193.9307789129034,0.9003171122150525,0.4544015402606682,1983.3984375,5167.96875,0.009416447884640368,0.08700300747735315,0.5241747521299724,0.37936683896993195,12.908569977746252,28.234007162126325,0.784000627881431
WIN-ce7b5072dc211e6e2ff4,-0.034561818037206656,8.666465025408943,8.6665339413114,6.037910095306172,88.17485868550838,172.98192818223592,0.060319977321659723,13.066343329542404,10.17417796810195,14.603539518423814,1.4353532604016852,18.05935224607204,0.5127927327277273,2997.4238549318125,3299.744421013105,0.9028924095351215,0.39946294308061303,2648.4375,5203.125,0.005689844763295692,0.08800781904062743,0.5028054199037741,0.4034612970501909,12.256232374678392,23.98009626197739,0.7797696875919102
WIN-29b1c0eeb1bcf727e214,-0.023433491799103142,8.590553650033655,8.590585611158557,6.033396548089613,111.49795027031436,192.47204497564988,0.029644933681311915,12.414690149997654,12.979086096933077,18.48012962211146,1.4238390503069482,22.822273066419182,0.500458371530961,2928.963544503263,3225.5689165594845,0.9008104834075837,0.3986063745047991,1983.3984375,5194.3359375,0.00628029823981452,0.08792385746777591,0.5303518174681635,0.37538702921711603,12.14887744909001,21.014301467771382,0.7785482648538402
WIN-7f21bd81e973cc6b56c1,0.03224968429014001,4.792872769762547,4.792981267360443,3.806288848875368,24.097090776956172,42.78056800751018,0.014600316365733808,3.1401278718464543,5.027578751673637,6.330862352727048,1.2592268894083933,7.491327845085225,0.5803816984748729,3556.041141336741,3806.0784870053053,0.9224678508694821,0.44724799952091265,4810.546875,5255.859375,0.0193447893945799,0.04920919930166184,0.3362598556565374,0.5951674841094354,6.778145673254923,3.753375562734051,0.9370636099019622
WIN-cc507b9e3a381fc7583b,0.03584624016948065,4.814819586914755,4.81495302235362,3.823575540817494,20.288217124678983,38.971694355233,0.008809518351621533,3.043914746854775,4.213585684114856,5.306085078767918,1.2592802132327972,6.288578508128863,0.589049087423952,3629.8344624305078,3869.719991978862,0.9228297130935371,0.4443403309724028,4842.7734375,5273.4375,0.01589424233084118,0.04892239825564621,0.3168116982108557,0.6183480215606355,6.8091831519154455,3.3049063804751437,0.9359071543180116
WIN-a14f29dd5255f05efb59,0.05072352022163299,4.7624515111647705,4.762721624418047,3.7770557166692935,17.550052963812412,34.505339255894995,-0.008098603267604056,3.084915223589224,3.684879014097985,4.646490356590202,1.260961442373606,5.504477623925779,0.5923826985582132,3609.5374498257484,3848.7485435201615,0.9223311937124691,0.4511230613111114,2569.3359375,5267.578125,0.015082379326452386,0.053769144182966064,0.3073471749780379,0.6237803705784953,6.735123516257068,3.2973950796949154,0.9376082217171886
WIN-21ccaec5dca897932e69,0.037127620309020094,4.761184405195785,4.761329163213708,3.7779221187397307,21.240294382575023,42.18017942028572,-0.005358776318966302,3.1554638260900036,4.46100104707615,5.622216052896005,1.260303683761689,6.643340986750113,0.5826318859904992,3601.547097286048,3846.9192086913995,0.923697389246681,0.4496656302157277,2566.40625,5282.2265625,0.017695876916044944,0.05325804779377207,0.31331692378079656,0.6157120521886368,6.73333153539215,3.4252469986710676,0.9315706025136901
WIN-c178bf9254d753461d10,0.03116468078672263,4.791358375399745,4.7914597273525965,3.809896532940587,21.240294382575023,42.18017942028572,0.017594929084694472,3.116195770117211,4.432948535770412,5.575031814886475,1.2576351315381138,6.577509480406897,0.5827985665472123,3593.650094821556,3835.82780394081,0.9222656887992698,0.4438755203409118,4895.5078125,5273.4375,0.015478675673305433,0.05261918693161241,0.326932532890898,0.6049543699492923,6.7760039938688665,3.4242877608862083,0.9331207914024138
WIN-6788a34f705f3ba63b19,0.022948389458798436,4.750188314004833,4.750243746071019,3.779492350373094,19.059843286373447,35.7849117324743,0.019212539697759046,3.0596392295267894,4.012392690824349,5.042963847905898,1.2568470328034504,5.956793237437129,0.5925493791149262,3637.101758713627,3869.6142980361806,0.9169174903795314,0.4304152392693296,4804.6875,5264.6484375,0.012739162600474432,0.04753493388644112,0.3126371669647077,0.6270817356599542,6.717780538671904,3.36323064005845,0.9373431845586321
WIN-b7bbefe68cdfc4b9c92e,0.01744049530458889,4.735766514981425,4.735798629090534,3.779205298797991,19.204091119118715,35.35869389270263,-0.02025236486848214,3.0092734551760776,4.055090307503768,5.081515715809792,1.2531202341919723,5.995090049208851,0.5912159346612218,3578.2456711932587,3821.975542330675,0.9257353248513182,0.45344407657879215,4804.6875,5252.9296875,0.01682925352457372,0.05383479287835115,0.3172476635913364,0.6120701959287304,6.697385229956458,3.3069332322242384,0.9366180113808402
WIN-edd415dd3f1a3aae0b0f,-0.025272331615701266,4.765078719699009,4.765145737086499,3.7974815522921794,19.998817890955866,37.72140751214303,0.008380678513733029,3.059375636485258,4.196895330042797,5.266337075127912,1.25481734972721,6.216030033978989,0.5877156429702475,3609.9170064024497,3849.5696440612924,0.923778623416253,0.44392883930978044,4836.9140625,5258.7890625,0.012341428827326289,0.05252257241133559,0.32453449727006234,0.6105889132106633,6.73883893966335,3.3777980623310384,0.9327650005860199
WIN-400e2aeb4c8dda201560,-0.06130086238159065,4.781958373830633,4.782351271579457,3.809324894367084,19.998817890955866,38.08511175502909,0.04353065596670903,3.063219612457294,4.181796098877261,5.249963824435984,1.2554327614979621,6.20690459499198,0.5856321360113342,3598.2777991005673,3834.645089816,0.9227804657104172,0.4331435300720906,4842.7734375,5247.0703125,0.012086789747184485,0.051907363322649315,0.3278329834957515,0.6081609657160281,6.762710336424874,3.396979611782836,0.9352448091976707
WIN-410e5498c2e0e01f9773,0.0008839514563935585,4.776972223084068,4.7769723048691555,3.815370428866982,21.09481318842573,39.282917874766326,0.021109024974939664,3.0041271098818467,4.415937929328044,5.528903046691733,1.25203368688017,6.529743137139687,0.5898824902075173,3614.820433225342,3851.738600548583,0.9191496572213672,0.4341329309256495,4825.1953125,5244.140625,0.014987172632207092,0.05067658914786563,0.3146102043837863,0.6197123647983669,6.755658876279001,3.2769085014468566,0.9360858726142519
WIN-b3232a2409ab3d912138,0.03771344332992415,4.75265380631664,4.752803436552353,3.783995669380192,21.09481318842573,39.282917874766326,-0.008702269662987339,3.061243797799403,4.438393775384767,5.574745594747317,1.2560277156262158,6.591162006678283,0.5927993999499959,3630.925165611457,3862.602823114469,0.9226359189626178,0.44293407472791574,4708.0078125,5244.140625,0.014807764312602053,0.0463289400999954,0.3080863756254382,0.630768372732951,6.721267377352707,3.314720855014089,0.935500291735875
WIN-efe1c8108140a66d12fc,-0.03152092985716813,4.69488688775043,4.69499270050444,3.7256828786167038,18.69047790215258,36.64157580895671,-8.810426047420259e-05,3.1222463986991182,3.9809386498386785,5.016658290865348,1.2601697067267217,5.938671698180461,0.5777148095674639,3555.74452058509,3794.9302069370165,0.9261349806822352,0.44563449383236553,4833.984375,5241.2109375,0.015171659779890623,0.05046631942317043,0.33472808406281457,0.5996138267322086,6.6395726621398845,3.395332054359284,0.9327310410449695
WIN-5eae5d42d39dbfccf81f,-0.09284101733055872,4.661460052806587,4.662384505637706,3.7132417672223506,18.69047790215258,36.84492226254956,0.012036095885385824,3.0582318052479067,4.008780888737992,5.033466462413718,1.2556102720788083,5.944481356059696,0.5792149345778815,3552.386033898594,3797.772044554647,0.9282973945186831,0.4545352549114922,2651.3671875,5270.5078125,0.016238216554388077,0.056917386491214396,0.32754431505565135,0.5992687432029056,6.592300004052594,3.2385325869791086,0.938691246066819
WIN-4dc557640a67fb24cec0,-0.06564635787043942,4.710458260087992,4.710915671536994,3.76240325306418,18.15444436039698,35.127046701221076,-0.009233464356303695,2.9987776011176517,3.853697587940481,4.825225564433263,1.2521028062845398,5.691095586202545,0.5917993166097175,3603.4293021358826,3843.4536678741515,0.9210828146921938,0.44274750488783426,4857.421875,5250.0,0.01746346589482527,0.04714978243995418,0.3261965221108274,0.6091809945274457,6.661593933151096,3.2266639885368296,0.9356633602840622
WIN-d478cb5d33ae268f24ae,-0.014927722695466307,4.731072521985428,4.731096072284988,3.761776007629253,19.029324774993725,36.07221134289449,-0.008005632879188259,3.0731696026537088,4.022181009272777,5.058601239519662,1.2576761781372947,5.983415678251114,0.5927993999499959,3623.4877913967644,3865.927644159212,0.9240329072431125,0.4439253001862959,4839.84375,5258.7890625,0.018577257722360914,0.04732218796624189,0.30668531598445575,0.6274009439791867,6.690746910681203,3.3800242953310415,0.9356144016858889
WIN-a35c7cfcb3321507d42c,0.023774625136729108,6.5528861706158565,6.552929299011926,4.067800624650857,95.9495151127194,178.70758489162648,0.5626837144814845,30.43724915999386,14.64223261605651,23.587565853459505,1.6109268628603837,30.089241221083967,0.3738644887073923,2662.292491852655,3016.12329664327,0.9094157457200487,0.5866773432205283,1491.2109375,5094.7265625,0.018288387084545853,0.1714198624379226,0.46613251844765724,0.34407238977633847,9.267180460388246,40.94791393405826,0.7527057295156487
WIN-53425b83439c5dbfcc07,-0.009571602544797575,6.365753116000896,6.365760311969843,3.9132373486002616,82.75806977890707,163.44436834081472,-0.19078132676205473,27.718564379042018,13.000500446628523,21.148236717225423,1.6267248175593554,27.16926623577436,0.3761146762230186,2705.125568298766,3088.725860428048,0.9197236134824727,0.6160831343619649,1523.4375,5121.09375,0.030824863280672066,0.1650198965309161,0.43879613249348737,0.3651301568424239,9.00253438608249,37.56847330061639,0.7341387590659524
WIN-3ab02759b1d45dacc9b2,-0.024232128256722732,6.023205202242985,6.023253946528141,3.7723500262105225,80.68629856190763,159.44368056593447,-0.44521621774833253,24.439449483923212,13.395798895114254,21.388868477546577,1.5966847998400469,27.339412838054898,0.38111509292441037,2627.411328921038,3003.2112921848266,0.9247309634588524,0.6284830527915545,1520.5078125,5006.8359375,0.030007051548978474,0.17940862827658635,0.4364818302695932,0.3538920131043443,8.518098484966279,34.88607990292072,0.7522269290095629
WIN-eb0aa52dbc72b5907650,0.005383706699474593,5.918808017693419,5.918810466184039,3.7783784306282473,74.74925643142356,135.25778782331497,-0.04809752543888959,20.994409250396576,12.62910121188643,19.78342238709395,1.5664948799737686,25.13505974782164,0.38786565547128926,2654.9934625363753,3007.7219761699744,0.9054266159075174,0.5298083489715576,1520.5078125,5030.2734375,0.015669933169870504,0.15686517772430214,0.48141723205799497,0.34591899443071866,8.37045856312044,31.938975496943467,0.7559353664302381
WIN-9acc464ead60d1f7fbe7,0.0010363010310677485,5.846938890692687,5.84693898252876,3.781213624634506,85.88621932815056,160.63547575957412,-0.13246944443436792,23.671825537923645,14.689091092753404,22.713929403136977,1.5463127881573688,28.676471283329374,0.3865322110175848,2820.174872972893,3204.9003650523614,0.8949940254002859,0.5116531351135521,1907.2265625,5162.109375,0.0184870515071393,0.15098300703422277,0.43991562093193365,0.390453973461442,8.268820257903434,44.48082790626085,0.7526764408332627
WIN-8b76501414fd5f8b1557,-0.0017174594225090089,5.957967280218076,5.957967527757771,3.9111557751893296,85.88621932815056,156.64229150089608,-0.5218353621901572,23.06324354243478,14.41535539225382,21.959293943993078,1.523326574091219,27.526857403618834,0.3762813567797316,2699.3810905890823,3067.5303012578097,0.8825489256107525,0.48122412697460293,1904.296875,5147.4609375,0.014554209767247878,0.15516440319253513,0.4814652346035315,0.3487728101402259,8.425838128454181,42.82328663129224,0.7638226398535348
WIN-cec09753b3307b745c7e,0.03031310850693692,6.1660714328755395,6.166145943769995,4.028417707844711,82.92874438328934,160.92791582331444,0.00039178274345043405,22.51005426126492,13.449040152392676,20.58593482542241,1.5306620094934205,25.91696877742875,0.3726143845320443,2609.563174807999,2974.2717355384407,0.8846576684548132,0.484935315725988,1491.2109375,5068.359375,0.01787214767147747,0.1778797299492308,0.48353024144305323,0.3206336664772845,8.720141822528507,34.56563971911279,0.7642318638830974
WIN-b6c7b6df9a9c4c52c39a,0.018116018838716063,6.103274073083932,6.1033009594249155,3.914757670833204,82.92874438328934,149.12251390373297,0.12884316337204577,24.332203761507262,13.587523363928907,21.183621402961037,1.5590494923595999,26.840386865513793,0.3819484957079757,2626.275342969982,2977.6997041149248,0.8977729876085285,0.5267617275930162,1491.2109375,5021.484375,0.015058324315619065,0.18158341135711895,0.46627124225625866,0.3370048156523227,8.631332965752076,40.41670867335036,0.7701732722344728
WIN-c0f2b1cdcf515595727c,-0.02392895827895846,6.099013790761656,6.09906073219026,3.837078268570543,93.83198842100866,175.63713443699865,-0.5106775982109351,31.183576605307472,15.384662088337143,24.454019921762026,1.5895064695828582,30.953257839522372,0.37836486373864486,2676.6568289816505,3051.674041827243,0.9042063343390455,0.5423945183724069,1491.2109375,5132.8125,0.019366944694199282,0.19303983968839195,0.4297608194569338,0.3577800394222301,8.625308018694001,55.31183585891827,0.7685100321966446
WIN-4e8dc4f19a11cb366073,-0.01374139472161813,5.850872719629112,5.850888856167843,3.7702295418187073,93.83198842100866,175.84024478891723,-0.6513231720883724,32.18981644961937,16.037219425571138,24.88760627972813,1.5518654212613012,31.212015072088562,0.3745312109342445,2587.6396627737167,2962.0812476876313,0.9108314635989772,0.5762558943488668,1491.2109375,5059.5703125,0.021347988650237983,0.21562020187832376,0.432581388554339,0.3303937239920012,8.274383529106851,57.76227155763986,0.7774877821226395
WIN-c43f8549cdbe7a1942f2,0.003735044073050126,5.6846101036916,5.6846113307372965,3.786799577341289,82.00825636790856,139.696569012177,-0.46482577064116826,21.844225162866515,14.426361205112967,21.656349826009244,1.5011650906349154,27.045482549276876,0.3808650720893408,2682.4364695189447,3050.012767585957,0.9031326319068073,0.5331918026108732,1491.2109375,5009.765625,0.022012823746157307,0.17221529304089345,0.45073212029230875,0.3548928254590492,8.039252703478446,31.664068246647737,0.7706033138273288
WIN-44ddc1be7afced802611,-0.004176963024055836,6.073591991421155,6.073593427722611,3.9353551878837036,90.59015770126004,169.3718271506357,-0.1605210885143886,27.298866391193748,14.91541354871581,23.019563260807782,1.5433405976722607,28.94071176681145,0.380115009584132,2541.9066493470373,2894.6637101074843,0.88214328250291,0.46368390807612087,1904.296875,5015.625,0.018394292042140718,0.1449365663256302,0.5339655998087008,0.30258608129038206,8.589356154457564,40.27798387013816,0.7759001648904791
WIN-1e526ac3f8599fce3e16,0.017719192968269484,6.387413164947243,6.3874377421264015,4.005701981827051,90.59015770126004,166.14736626167166,0.08158992268153928,27.95142723437223,14.182550399479599,22.61530141588769,1.5945863599197203,28.746121966936805,0.38078173181098424,2595.9707908156365,2962.579644652659,0.919828207745081,0.613465948475015,1491.2109375,5050.78125,0.02398780493192212,0.190578894798483,0.4537811711645885,0.33147603478715654,9.03316632240671,40.53085249091835,0.7479183213068443
WIN-fcbffa6c3ab578381a1a,-0.001619326262666841,6.522836632900664,6.522836833903514,4.097378127265826,86.62374171659327,160.1635143757835,-0.17533839365009174,24.71638956446971,13.28007183413494,21.141261320291182,1.5919538376250864,26.88760870507199,0.378698224852071,2693.96615584068,3054.9327155849223,0.9226041267595062,0.630456511553567,1491.2109375,5083.0078125,0.02653643306801783,0.17745008331669845,0.4337188663994504,0.3622215427132619,9.224684018896287,35.513472931482006,0.7480778662372086
WIN-1133c6a1415c39258708,-0.02820186414860584,6.107607117910694,6.107672228590434,3.9764765745614055,86.62374171659327,160.1635143757835,-0.45482322092543864,24.05352983807947,14.182775118659347,21.784044264394,1.535950762959683,27.39309388134916,0.375864655387949,2716.026095225509,3077.3520667011157,0.9087375719761562,0.5695903759682459,1904.296875,5115.234375,0.01684251979035275,0.177276157875517,0.4332600628839754,0.37255496520541775,8.637460814477434,37.31627176263254,0.749420318206566
WIN-6123e1bef88c66f3dbbb,-0.027309731475280628,3.554043323021879,3.554148247238662,2.8344562054585296,16.68757173467965,32.73189296964808,0.011741371657877664,3.114303518308009,4.6952379512137945,5.887397978680082,1.2539083300680083,6.942035416124061,0.5167930660888408,3134.376114215516,3411.6893633126283,0.928504555079222,0.5033750870281649,2648.4375,5214.84375,0.016203828210171942,0.09350666156584148,0.4382455527067512,0.4519757007238871,5.026176257727716,3.6135043803623526,0.9395437309241712
WIN-00aadcb9105031ac60a0,0.02324883305921933,3.546196217626296,3.546272426386002,2.832017061296159,16.47277500033775,29.914202643665135,-0.01634468876107275,3.0140150969007244,4.645095756819922,5.816622797036635,1.2522072959411092,6.857288978802689,0.5124593716143012,3109.2451013642153,3388.6049291383515,0.9306656739184038,0.5151971638451744,1825.1953125,5203.125,0.01621994492200441,0.10205858468111462,0.42697992176853083,0.45469171779327927,5.015078782386299,3.406223344497314,0.9398300121886779
WIN-3c35831c49edd880e519,0.05269111486415914,3.5821475010869075,3.582535006546175,2.848113207482916,16.47277500033775,30.692789856324737,-0.03661055038576478,3.0761877348926614,4.598077889045977,5.783750083055916,1.2578625727139068,6.841108534964779,0.5116259688307359,3072.6939041073565,3345.7269665212953,0.9250280897607841,0.4959693596723664,2651.3671875,5194.3359375,0.01636678469823581,0.09097237812273627,0.45862496039629963,0.43391218132764114,5.065921578453693,3.3496204581012488,0.9361246269462326
WIN-40d57e9da9bd8d45190d,0.0046572425258529036,3.6167770247308093,3.6167800232428555,2.865807458024155,14.220014855986983,27.830775394277133,-0.006949241642977448,3.10365495819967,3.931678112741064,4.96195751608033,1.2620457152886329,5.88325109643727,0.5059588299024919,3042.202702453457,3317.6127050113982,0.9247867271042057,0.49990960566529613,2651.3671875,5203.125,0.017703174081319467,0.09852318604144329,0.46606719691360043,0.4176751065744897,5.114895116654252,3.285741310084239,0.9341883728462136
WIN-6decf919081f9e70dd03,-0.030794057390641096,3.6327353707389243,3.632865886292563,2.8889457499948032,14.723800568856754,28.911294534183817,-0.01694913784633141,3.066922717889213,4.052943606976566,5.096599882112062,1.2575057480043854,6.03156809449054,0.4998749895824652,2992.4251900492736,3275.4025437209093,0.9192657382363981,0.49492326720493884,1324.21875,5188.4765625,0.0181235659170541,0.11287865062902053,0.46502380932106135,0.40395836704743326,5.137463612037181,3.427515371862431,0.9306656395495811
WIN-877ff50641c5d0e5a342,-0.023384592171257584,3.630081768238296,3.630157087957364,2.8895555930058765,14.997966798697679,29.185460764024743,-0.025880155003421296,3.0663420433122806,4.131492504400872,5.1904060385599875,1.2563029057972948,6.139869314735035,0.5014584548712393,3010.86694183475,3294.661046078007,0.9220166909811953,0.4928142130077754,2651.3671875,5185.546875,0.017408264182206555,0.11191088653697623,0.4596640614151263,0.4109862369137661,5.133710813203494,3.5276852215605023,0.9364707007614866
WIN-4f958ea4da941c9ee153,-0.030659660440474766,3.611514647966288,3.611644786970804,2.869017554292964,14.997966798697679,27.757931158110488,0.03542824422331581,3.084486661729461,4.152669402262224,5.227561879588612,1.2588437395809497,6.184577226366562,0.5044587048920743,3084.4156750105203,3360.2433066898093,0.9172423913643457,0.48714431967233274,2651.3671875,5208.984375,0.01627828413439266,0.10027062773283818,0.45049359346776696,0.4329241322990388,5.107452955388025,3.5099863009691767,0.9365717401403151
WIN-8f319ee3cc259dacb302,-0.009139856717680339,3.5463470895509457,3.546358867422654,2.825931163056082,14.033366045787956,27.30636234585581,0.040514513479020804,3.029075027704656,3.957119561332738,4.965926357033662,1.2549346260742655,5.8635166280863915,0.5022918576548046,3065.3321239706816,3343.610019732273,0.9202669656797632,0.4942553729666951,2654.296875,5226.5625,0.017221213036783808,0.10374826332376592,0.447085684781001,0.4319013789042495,5.0152921349712765,3.388185173560419,0.9380407485570547
WIN-48ef333e908c4b185d3e,0.01005626445421756,3.53958612309623,3.539600408417619,2.8241589847514152,17.521977207080806,32.25710272266517,0.0009516428594365376,3.0578487669404173,4.950269856847787,6.204316860942196,1.2533290184893482,7.3201682001058925,0.5042920243353612,3049.798528498487,3321.444121875077,0.9238497731315948,0.501472901454997,2654.296875,5208.984375,0.016801855541979865,0.09370928687897662,0.4667483370349957,0.4226970147841429,5.0057306409910245,3.473398217513656,0.9379404748277084
WIN-3e59627c7514beb140de,-0.007271964913452325,3.5369761663397346,3.5369836418520557,2.8166616016591526,17.521977207080806,32.25710272266517,-0.01697582271968092,3.099161211906813,4.953932214936932,6.220831496674387,1.2557360954426837,7.3457211803380495,0.5082090174181182,3080.7965573766746,3347.9385387733055,0.9247708098883717,0.4967589523402426,2651.3671875,5191.40625,0.01744667567441916,0.0901651011092658,0.45224776189994637,0.440098952977917,5.002039649013783,3.49381728003567,0.9359230075055498
WIN-5d8999c2150623912a56,0.007027757055733268,3.5830850346705034,3.5830919266813344,2.836023213172133,15.457357352027616,30.754960508216257,-0.024837909431440958,3.1741132830366934,4.313971750744316,5.45036348088734,1.2634212266098948,6.46481716407413,0.5049587465622135,3059.88139698102,3329.845125081871,0.9264222298376565,0.5042864310170242,2651.3671875,5185.546875,0.017011211022183313,0.09544285528254977,0.448725069537784,0.438787111429836,5.067247435055538,3.5769277827456802,0.9373831040045654
WIN-ec350b2a6a668be1e939,0.02711190964220903,3.6174571707475187,3.6175587677102206,2.8699188599293097,15.457357352027616,30.754960508216257,-0.016744706260847113,3.1558781951247097,4.272869729164697,5.3859910702851606,1.2605090750886474,6.374977904554567,0.5085423785315443,3054.8976984337946,3324.5592947270725,0.9143787554194246,0.479231984546083,2651.3671875,5206.0546875,0.015731874242831997,0.09834614579813646,0.46540777424175106,0.42047890952055395,5.115856956502523,3.5806046173065242,0.9338889292709943
WIN-8ca4a023c3c6354a1f7d,0.0262660926448245,3.6203002908735393,3.6203955728237567,2.8854969670624104,13.99458758730538,27.660734940822763,0.004517195235410186,3.0536432223867687,3.865485775187357,4.849974804010197,1.2546870137618815,5.71687274390201,0.5074589549129094,3060.5819300947082,3343.74242169103,0.9170508809558663,0.4913682415033106,2648.4375,5194.3359375,0.01686795411426148,0.1143345546934898,0.4346734048188551,0.4340509152406437,5.119877766084466,3.384388071086215,0.9389229574902013
WIN-f24101debaa258ba4b5f,0.020041520772713067,3.642656707399308,3.642711840170185,2.9035627706612717,14.33770593803261,28.170062696845093,0.008209945752538353,3.0349788181657913,3.935997840926892,4.937970028718316,1.2545662442625,5.827960668014451,0.5024585382115176,3039.31393018236,3321.663630282492,0.9197918241648104,0.4842770417018508,1327.1484375,5203.125,0.016423258579226115,0.10815225905706681,0.4518656252149918,0.4234960656059004,5.151494510329478,3.3841456834480863,0.9391651082920416
WIN-36edf4975e4fcaa9aed4,-0.007255581390354781,3.617003201275922,3.617010478489325,2.8914875564579634,14.33770593803261,28.22411846698275,-0.04429959560758183,2.986972161548422,3.9639658284918515,4.95859161005388,1.2509168405064373,5.847504554652209,0.5052921076756396,3025.935928533602,3301.5357504347135,0.9121002524817164,0.4691617897407014,2651.3671875,5194.3359375,0.017362572640319162,0.10601209562851913,0.46334398303858004,0.4132254242485192,5.11521497842344,3.349502381168176,0.9385013865245774
WIN-3228bd60cfaf7ffc7226,-0.005006412619975322,1.1745796921212839,1.174590361492487,0.9263739826233672,6.302437609220262,11.207075911114798,-0.015088641825295731,3.474540846714844,5.365647306356862,6.803340473105472,1.2679440307303713,8.049335538151047,0.40236686390532544,2397.976938503822,2895.068519268745,0.9020292283977663,0.5417758441638633,275.390625,4872.0703125,0.2301268355880628,0.09854170494524686,0.3049699030778319,0.36622021945965216,1.661106524537154,4.73566334313405,0.9332937119060136
WIN-182e01435f92fc0c2c39,-0.006282160271615585,1.1772866983836425,1.1773034594906855,0.9276549629522257,6.302437609220262,11.459716201796207,-0.039075447501346214,3.499813728132525,5.353282162222994,6.793945875259705,1.2691178363803435,8.052507565459834,0.4037003083590299,2430.62048854053,2897.700128374497,0.9075266407674912,0.5372070982451775,275.390625,4810.546875,0.20774038847383403,0.10719811531335141,0.30775376945581606,0.3771455060850238,1.6649347986561789,4.687204998703103,0.9236983555227444
WIN-185ad3be3e895d3a8aca,0.0019744976438535707,1.158338491047687,1.1583401739055665,0.9105713457370233,5.58545422975933,10.742732822335274,-0.04970358838499101,3.536956927838621,4.821946398459164,6.13401053734267,1.27210259726186,7.287282130464494,0.41228435702975247,2425.8468432014006,2897.2663139970878,0.8983888377350044,0.5265903257336544,345.703125,4845.703125,0.218550830625371,0.09515373876692483,0.3088417952209573,0.37729791835871174,1.638137988480062,4.934427389843151,0.9316018121440194
WIN-ac2d23c79dc1a46708ce,0.011311179380308558,1.1514794709605847,1.151535025443274,0.9016443057477809,5.58545422975933,10.568199868641573,-0.03452492682010208,3.5856694288061637,4.850442328147513,6.194742421315272,1.2771500003950764,7.377728600047769,0.4204517043086924,2508.502543810922,2932.037246565712,0.915540657823023,0.5462284332498512,275.390625,4813.4765625,0.17645117811269392,0.09960588667441507,0.34703477995105986,0.3768518838274915,1.6284378647794773,4.983092392022717,0.9243006854386575
WIN-c3b2ccc55939e7628a6e,0.008566280239794815,1.1771257943903741,1.1771569636103405,0.9194711197351966,6.633631512150652,12.651388706928802,-0.02727274317537928,3.6298139088268844,5.635299044402428,7.214616500465934,1.2802544183748545,8.612088957369163,0.4236186348862405,2447.6924023496936,2897.293166315129,0.9184218754988686,0.5624508693575685,345.703125,4822.265625,0.1959318791272681,0.10250009890670428,0.3396083644628729,0.3618809590742272,1.6647072588045628,4.691594972364865,0.9294570069908032
WIN-43aab9893c382a89935d,0.0030794863592128225,1.1638353799088728,1.1638394540330153,0.9123980999924667,6.633631512150652,12.651388706928802,-0.030204478084826233,3.583598841615584,5.699782293131276,7.270545074784957,1.2755829434994976,8.651918188569919,0.41161763480290026,2428.334723252024,2899.168286903878,0.9123640591447241,0.5647015950498131,275.390625,4913.0859375,0.21007041925607461,0.1060343593879197,0.30727405312316686,0.3763930351378195,1.6459117786367647,4.604272022500857,0.9313749354226405
WIN-95b1805df52b237da0e3,-0.009016257528084746,1.1575146036390762,1.157549718386878,0.908362845246542,6.564318721326194,13.022942770550074,-0.03984923173066703,3.5673401524584736,5.670874103332974,7.226538112682628,1.274325259386219,8.591225150914738,0.40911742645220434,2344.858716673246,2840.7829904279333,0.904990275345215,0.5409455750570192,345.703125,4918.9453125,0.22887121474223818,0.1022042829704226,0.32551339716541244,0.34329535397357724,1.6369728508084829,4.681402662946355,0.9386655080105597
WIN-72b5d9726c450de0b1c6,-0.009486478606728141,1.1853147264227983,1.1853526875791478,0.9303545905354158,6.564318721326194,13.022942770550074,-0.0714107841495171,3.545255061999801,5.537861254380753,7.055717022411204,1.2740869982655834,8.390572781030833,0.40603383615301275,2369.954455073347,2856.462636735089,0.9066999195218455,0.5338554759173202,275.390625,4913.0859375,0.2281699324197642,0.09539424698546857,0.3181316792773023,0.35817021278250183,1.676288158232572,4.672584785765112,0.9309834169200719
WIN-5ab7a51bea24d105c2f2,0.0016427214259995917,1.1888893624732446,1.1888904973695944,0.933150095463731,5.745446193196203,11.282083383792424,-0.06539299119077191,3.544873811616594,4.832611755164247,6.157043996587531,1.2740613789226467,7.321031206544845,0.41211767647303943,2362.910254571539,2851.576945568206,0.9097205735147458,0.5485797770296169,275.390625,4798.828125,0.223908634624182,0.10059920494500293,0.3208831994955399,0.3544216753043811,1.6813434597692012,4.70560272426548,0.9345236607804318
WIN-0cb4e7a1d44f859d6946,-0.0033107231460217015,1.1928381232295662,1.1928427176780614,0.9368854445052034,5.745446193196203,11.216164242753035,-0.03938846589840698,3.4412323921805554,4.816599965815473,6.132495949090563,1.2732001811670406,7.3002706207837145,0.41378448204017,2363.883575600377,2869.842854137692,0.8989298561174811,0.5269692081858124,275.390625,4866.2109375,0.24419044788083985,0.09903484474358488,0.2903478626148515,0.36631682493454176,1.6869278509731345,4.449893911421846,0.9328280870142602
WIN-dbc2e32b55cbb24eb09b,-0.009627621558825107,1.1807024884344548,1.180741740302338,0.9274903391520039,6.616759430180253,11.369119364084177,-0.04666144446775224,3.437962301937798,5.603900670505963,7.134046739745843,1.2730501768682643,8.483719666036631,0.41253437786482205,2366.4791787903955,2864.5896324436153,0.8976763322837525,0.5126603438294821,345.703125,4842.7734375,0.23508070088009894,0.09736199921065566,0.3153688318323778,0.3520291941799459,1.6697654707789362,4.42301553208543,0.9262222055850061
WIN-95cc30d077b989e87041,-0.005150178684198605,1.1584308791560298,1.158442327490968,0.9140989866236747,6.616759430180253,11.324828342540055,-0.0531014613293317,3.448080698111207,5.711772846306092,7.238558982121559,1.2673051217008073,8.566377880348652,0.41336778064838736,2390.655556647365,2863.841595540376,0.9056240717236895,0.538227624487089,345.703125,4781.25,0.2187632162758242,0.10304895530277211,0.30886110451329046,0.3691533230607527,1.6382686602899912,4.424670354382174,0.9276851208306784
WIN-7739d4d6686a86cf84f0,0.008000143609142836,1.1569398256292849,1.1569674854657268,0.9099078017671922,6.854058288875397,12.203433358545198,-0.0491375447776533,3.5202054991317224,5.924158089983344,7.532695373702856,1.2715216675991041,8.933793620100314,0.41420118343195267,2416.051927063383,2878.2254909375097,0.9146236353974446,0.5494172807268749,275.390625,4845.703125,0.20232730614704875,0.10210878146120972,0.3367967712755708,0.35861445366635375,1.6361599915016922,4.639166113185633,0.9254415967198133
WIN-1039741ee749e5f47628,0.00690027533509024,1.1721840794656624,1.172204389154239,0.9185892026957099,6.854058288875397,12.334226302961081,-0.023232240989976234,3.529629659738916,5.847152896104443,7.4615053919139065,1.2760920612968114,8.883165340457985,0.42011834319526625,2432.323249129603,2886.1556404746225,0.9117855706387467,0.5457568494455562,275.390625,4833.984375,0.20014859961511675,0.10119897412583981,0.33579723899018654,0.3626223059525776,1.657718621576806,4.733320959197015,0.9313735342575138
WIN-cb90ff6bdf36396e332a,0.003500613065380732,1.1867745643957288,1.1867797272402767,0.9346015732371079,5.814839933086979,11.148114356374789,-0.0078327222302506,3.418414677609379,4.899679190344647,6.221731376869335,1.2698242344365511,7.384610000460067,0.4173681140095008,2498.6893106964662,2963.206755879421,0.9089155887990952,0.5300705514971249,275.390625,4898.4375,0.2010444372858684,0.09782944786275057,0.31239774120899855,0.38862037103965275,1.6783526823718047,4.6541905810456035,0.9260783445296797
WIN-0a28f8c5333ffbed60e5,0.01727732390056242,6.667281154175066,6.667303540018196,5.25904019845908,24.727462285868945,49.2935622317422,-0.004613882726857938,3.136861195216714,3.7087650408365467,4.701896420778356,1.267779535507349,5.593947877781103,0.42761896824735396,2443.2175473118787,2773.2746697855778,0.7871120399689978,0.3042246018846568,1983.3984375,5088.8671875,0.02076442700179574,0.19977926939091425,0.5071092780499922,0.2722264218856337,9.428959431403458,3.1973253890990136,0.8329303639769503
WIN-da6b40cdee08a07f9f65,0.010634606872994178,6.647192968371152,6.647201475329768,5.25355565996492,26.384480824396142,51.31791858227476,-0.014782287337874461,3.1544183394726546,3.9692614888107083,5.022214007449443,1.265276682225708,5.965530296561836,0.42978581548462375,2463.8054944292066,2782.6814528005248,0.7865956175595049,0.30005416408908386,1983.3984375,5083.0078125,0.017001529333162128,0.18906668915735875,0.5190693938337935,0.27473551443019545,9.40055037909726,3.376048472435289,0.8337465966352445
WIN-d94656bb8ab6a1247edd,0.008115276991453167,6.642254024854241,6.642258982335227,5.258140046798903,27.73826313367441,54.12274395807055,-0.024225583774085447,3.2001140303334266,4.17602854803446,5.275299418956306,1.2632335622893305,6.243149036440596,0.4295357946495541,2447.8249920626727,2769.6020667986777,0.7910412438528134,0.30722121635550637,1983.3984375,5047.8515625,0.019201385236933544,0.19272754539845208,0.5173897250935102,0.27055781348084884,9.39356572663816,3.5276734531067158,0.8261202114428247
WIN-55dfeb981a68a15e6ff5,0.012529106004199429,6.621596817629864,6.62160867114202,5.237524597410197,27.73826313367441,54.832164257468285,-0.028721188190463237,3.2247793024350564,4.189052013079208,5.296063554027961,1.264263021201838,6.267945975152868,0.4275356279689974,2445.8416304167827,2770.8815865085335,0.7946450107575892,0.31856735251177026,1983.3984375,5074.21875,0.023702651479547966,0.185484524477423,0.5203190671981098,0.2704020634993659,9.364351946621046,3.4488957324731,0.8326907494691905
WIN-37bfbe64e8466170367b,0.006686676571275894,6.6785935370262175,6.678596884410073,5.262089234504271,27.53406120956063,54.6279623333545,-0.021521252986077502,3.247097718678385,4.122731418904709,5.23253407202041,1.2691911115106695,6.21886871184143,0.42620218351529293,2424.7077582572365,2744.3738137193136,0.7967388506958268,0.32584502037154645,1983.3984375,5047.8515625,0.022064465643517762,0.18914699079170239,0.5230115944384761,0.26563734860316185,9.444957557100224,3.4522575878234645,0.8317397025014552
WIN-1757ec2fd99d3ddd5ac1,0.00483449265612154,6.682504918791863,6.6825066675609595,5.265589335425072,26.48995241954598,52.68676091748269,0.004735501852039008,3.20823165861066,3.9640742220479597,5.0307668775697465,1.2690899806033271,5.980055978209252,0.42786898908242355,2456.452438378081,2773.876805778983,0.7908197320340865,0.3109720849798193,1983.3984375,5071.2890625,0.01884307291503385,0.18550674868404413,0.5236031556219691,0.27192245518975705,9.45048907466387,3.434078016263,0.830937529657133
WIN-5086ffbd3eed606e70c4,-0.0015089209179730485,6.691881912590018,6.69188208270975,5.278825627131577,36.29793818295778,62.78789060250376,-0.024671946636123085,3.2166345708319497,5.424174803787666,6.876138888996524,1.2676838667135015,8.166860684857838,0.429202433536128,2457.5741418389275,2774.603054989372,0.7896084863920412,0.2979150091186536,1983.3984375,5059.5703125,0.018780996574350305,0.1843734323660616,0.5253756211706154,0.2713498975984526,9.463750158438275,3.5285487243146694,0.8276324942378089
WIN-9d1101108d96156d79a5,-0.01969339636908018,6.713851750689506,6.713880633441222,5.279131769273479,36.29793818295778,59.664334259000086,-0.06368663682549215,3.313134815749657,5.406402074257276,6.875740134811273,1.2717774298639875,8.191560351024906,0.4257854821235103,2465.952740709061,2793.5736515580547,0.7901227267624739,0.3015636212359836,1983.3984375,5091.796875,0.020304242228416362,0.1908229151124281,0.5088500170974734,0.2798858221248507,9.494820201586544,3.684936737616064,0.8182675188993056
WIN-c094d80ce7b12a61da10,-0.021880002776368514,6.696461536603906,6.696497281843475,5.273579094287381,33.37163218958569,56.738028265627996,-0.06993920935525895,3.325320231418338,4.983445939724753,6.328080340300437,1.269820204099376,7.532028279918075,0.42770230852571045,2472.8914313884175,2801.1205098183286,0.7967953030447945,0.3207174825271049,1983.3984375,5097.65625,0.02176242661360155,0.18603164546978518,0.5125980411605008,0.2794861404535401,9.470226723042927,3.7632402174319943,0.8300740192095275
WIN-af3a96837adf7ba65bde,-0.0168953007726906,6.700049018985988,6.700070321123749,5.281431278493239,31.057719103243663,54.98804755638048,-0.07314620414792279,3.324882295971604,4.63543181111418,5.880549696766739,1.2686088235979038,6.984562433885184,0.42678556546378865,2467.292948290431,2792.518206268983,0.7944145569379912,0.3145717953653005,1983.3984375,5115.234375,0.02089436810183402,0.19037588881564718,0.5087733366103299,0.2798222396032901,9.475300180157538,3.7575972325928966,0.841710767343901
WIN-17a348861ab34fa94b2c,-0.0181373444122883,6.6595790804138195,6.659603778870609,5.245991729158779,30.92166152398372,54.85198997712054,-0.055765193922018196,3.237947695306708,4.64316835516347,5.894340502312661,1.2694651693507797,7.010790035898531,0.4229519126593883,2444.9135601317266,2765.374950814788,0.7833151687348828,0.30075416833060314,1983.3984375,5083.0078125,0.018967388131232516,0.19140147738121036,0.5188789888842198,0.27062548959821603,9.41806700308076,3.5749118967740428,0.8288759641035426
WIN-7eb502011a23d91d142d,-0.003771187628811854,6.6394538161702465,6.6394548871811585,5.247730371033874,30.486390064604333,55.24514631353705,-0.016392511059479323,3.140075336823595,4.591700761979726,5.809442922768208,1.2652050348905084,6.903716411744425,0.42786898908242355,2459.4850622187573,2778.1790974686824,0.7946181792167899,0.3176152686308677,1983.3984375,5056.640625,0.01847421877762416,0.19115684350464504,0.5180957201516886,0.27217459334544547,9.389605624287714,3.508646362548909,0.8346980881332221
WIN-120f43c377770374543c,0.009103646470368978,6.695478281209285,6.695484470187672,5.300993542036259,30.486390064604333,55.24514631353705,-0.006328989472309088,3.1466231124668287,4.553276196867238,5.7510709686486265,1.2630621820404044,6.811393944474432,0.4279523293607801,2457.0365781220175,2776.6107272558265,0.7914359974541835,0.30727862732189093,1983.3984375,5077.1484375,0.018807022853326884,0.1881221507941496,0.5241603778573899,0.2687981888220913,9.468836158754165,3.50053810354438,0.834229182951219
WIN-474d599169840e7119a9,0.003588716018065887,6.738894384018648,6.738895339582055,5.3169817163585975,38.94758442144956,63.78074249027618,-0.042960303318786856,3.258782830745987,5.779520597786774,7.325130402764669,1.2674287216086209,8.684502357152214,0.4292857738144845,2447.037112498384,2775.7830520370044,0.7909946033850371,0.3056342612027452,1983.3984375,5115.234375,0.02209787945735784,0.19000214864204817,0.5177923830968383,0.26996090133338735,9.53023582491463,3.618087067049856,0.833990574854465
WIN-a656789906a13b010c70,0.0005539007695964581,6.756981328533812,6.756981351236706,5.321519214899693,38.94758442144956,63.78074249027618,-0.04971645239814733,3.3098570066247888,5.764050897419653,7.318884485541856,1.2697466791657166,8.691402614607597,0.42986915576298024,2447.7427539291316,2775.7575554725013,0.7907368198366934,0.31346520787315996,1983.3984375,5106.4453125,0.023033614798230722,0.1880752860643688,0.5172059723889565,0.27153210424403756,9.555814632313501,3.7139099971390337,0.8408497638487886
WIN-1eb45b7865d5cd8df5a3,-0.020337292392989564,10.619427250356452,10.619446724339035,7.562591071502136,96.29695412969464,181.84935516101535,0.17268062968305453,10.280589984089463,9.067982224439211,12.733328196542923,1.404207450056971,15.635681267122392,0.5469622468539045,3052.5451684836275,3334.938375218277,0.9220874429843071,0.49894041958687213,2141.6015625,5200.1953125,0.01157085043704858,0.08770161695571309,0.47252119183919056,0.4281377536410675,15.018138004063383,19.520271934689397,0.8163207427919636
WIN-faae6258df50013434f6,-0.04831612831367827,11.236727591904128,11.236831467229308,7.74837488553654,161.74421329578956,258.0411674254842,-0.3481152317073281,15.535523011597927,14.394112234172079,20.874598310632543,1.4502178370593588,25.850012578336624,0.5472956079673306,3063.8891514149304,3362.9785489657766,0.931079559724218,0.5734821983475928,1813.4765625,5232.421875,0.019040820622172345,0.08961835967188549,0.46072162148100726,0.43055825204316556,15.89113235205484,32.386241131461624,0.8100088995067468
WIN-3e99385997c77b3e8b7f,-0.07037989789678636,11.284390917713562,11.284610392645567,7.7762909405919185,161.74421329578956,245.7569191663343,-0.501476351502442,15.521455037194187,14.33316770964353,20.799660729187824,1.4511558889520084,25.781480445251347,0.5534627885657138,3124.2697644725836,3439.731360333182,0.9401257285961373,0.6178628489921547,2721.6796875,5247.0703125,0.02087101380366214,0.09723130676136461,0.41763529776657266,0.4642158993195663,15.958538678812179,31.37139412045219,0.818637740549275
WIN-90420bc1df57913cff65,-0.003942327772431665,10.776449813273427,10.776450534380471,7.613136930516824,157.16395971459332,258.10569226969295,0.3040092765990716,13.692924121146186,14.584019034205491,20.643784703857083,1.4155072518375795,25.38818851543512,0.5507958996583049,3116.1856945996446,3418.8113518050195,0.9348431595297957,0.5890791560976557,2141.6015625,5229.4921875,0.01707171347456074,0.09501850554010341,0.43132553696284703,0.4564835671409896,15.24020112086647,30.868150523440672,0.8288489323837811
WIN-3ccff702d0b11556d291,-0.00501708970803838,10.955835712934867,10.955836861691953,7.757612202366687,157.16395971459332,268.98488238989194,0.4764383350504556,15.02692149928354,14.345226357296044,20.25932150444767,1.4122692106661558,24.82657492966042,0.552379364947079,3165.4479627316323,3466.281248769606,0.9427425080780756,0.6306053072071478,1813.4765625,5244.140625,0.01711069435207401,0.09728857246306066,0.4013847234757523,0.4840808647509595,15.493891452323199,37.14014229601166,0.8344277488178777
WIN-d5c4aab4c062ef61c8f9,-0.0009146934701449609,10.737202096239715,10.73720213520071,7.643949610058444,132.06534636896967,243.88626904426832,0.18503026949167958,12.546872405135547,12.299791389415683,17.277108446027896,1.4046667865353981,21.15630456163168,0.5563796983081923,3201.2175004495307,3487.874308366007,0.9355871343354036,0.5641609043895333,2721.6796875,5255.859375,0.01166237527347721,0.08572967462035841,0.41622305621694733,0.4863129833622415,15.18469679492214,27.69808925025668,0.8281919495548309
WIN-72e869023cae63d33054,0.08260027902368063,10.690826843832964,10.691145935348292,7.544176047640302,106.43719569097163,202.11319781865836,0.004522001532017666,12.298258160720605,9.955639585747944,14.108524909655229,1.4171389781778614,17.342363407414844,0.5522126843903659,3127.0335531802834,3411.470309216703,0.9334243710330372,0.5686459447817227,2141.6015625,5203.125,0.014200913618752498,0.08031066764126138,0.4449658814442603,0.4604747353164038,15.1191123146313,26.15854130763247,0.8260837593091208
WIN-edbd9f9b6420d0d1f56c,0.03423094348321736,11.170032523996715,11.170084974817165,7.732267448724399,162.9510492437121,258.6270513713988,-0.3107695252281387,16.291999089557972,14.58816558791351,21.074161017357625,1.444606649846089,26.05946472762436,0.5505458788232352,3084.1078067434773,3375.9907346319023,0.9337194135115827,0.5814486826286133,1813.4765625,5182.6171875,0.01587131289174726,0.09352269892255255,0.443094688670675,0.4474639962096993,15.796811487471992,32.33047599671844,0.8189651838894263
WIN-500c3ec526394bacb7b1,-0.03899803995796876,11.221829283979485,11.221897046662837,7.79500824911963,162.9510492437121,262.9385485091415,-0.24957933244401614,16.31367597156925,14.520811282273874,20.90453839636346,1.439626064273736,25.800465890631312,0.5501291774314526,3187.968825460022,3478.4792049420885,0.9362307686046419,0.5684957837251204,2141.6015625,5232.421875,0.013152639749719084,0.09153582790591666,0.41159357543145175,0.4836641866943989,15.870063117011753,31.334720804672404,0.8135657801666032
WIN-9c812b850d124aaab9c8,-0.04087671252896368,11.087292126788086,11.087367478818598,7.752508127539492,104.14280704785945,206.8388474020912,0.1591078295151397,13.434228171263454,9.392924627672473,13.433434100880987,1.4301652183286522,16.569127630741416,0.5482123510292525,3096.7702736701776,3394.522534165519,0.9391740322410733,0.5966641093116467,1813.4765625,5223.6328125,0.01934307540564635,0.09228691576612914,0.4289432160066903,0.459384685796287,15.679798827459816,27.35738259576003,0.8264727325980588
WIN-16f064c45e1402c72678,-0.04281725476606239,10.657909218566838,10.657995225581484,7.598734669666614,119.67944639415698,222.37548674838874,0.1464311790506721,12.374826840474942,11.229076750465163,15.749917795115227,1.4026013131009467,19.301971948568195,0.5505458788232352,3124.679099799493,3413.9279789866664,0.9358625492717166,0.5616892544655729,1813.4765625,5220.703125,0.012179236646703829,0.09158440743849837,0.43679733546868993,0.45937119735768916,15.072559669463935,27.104941397172468,0.8261296097413903
WIN-74b5f7f7b7cc81bcc291,0.024150316660309267,10.601779972151546,10.601807478713638,7.600645119464289,124.70496319717061,244.3844095913276,0.43217117467374194,13.116341539215835,11.762613445635765,16.407155081849645,1.3948562670769036,20.030132374066618,0.5509625802150179,3107.987966713079,3404.702822978921,0.9303018196417377,0.5470195698710699,4453.125,5220.703125,0.013774014710533349,0.09351522161884468,0.44213932995591854,0.4504335483403525,14.993180849005824,26.835188635715895,0.829990994879254
WIN-5f8c2462a82df660a7b3,0.09713460545044772,11.080994253660126,11.081419980364645,7.874310748397915,127.86580568310045,238.40127961167497,0.5697126155538558,13.615978165281948,11.538756396712378,16.238348951252583,1.4072876134102064,19.872534447075996,0.5508792399366614,3075.714763366709,3366.5457584108976,0.9327496052034967,0.5679270687594278,1813.4765625,5176.7578125,0.017458979371808975,0.08614260690407664,0.44836109557344117,0.4479902168239134,15.670892354104385,25.84238691533034,0.8332425333285786
WIN-0c8daf61b3e15c6e3d12,0.05161842379848842,11.20952591808757,11.209644765555796,7.919865152687512,127.86580568310045,252.83020380233836,0.15340247280741606,13.66134755424716,11.406766972311742,16.14494732144455,1.4153832861346787,19.787387476519335,0.5576298024835403,3136.915902945334,3415.020373801383,0.9296993139845902,0.5296501893698063,2062.5,5191.40625,0.011223952812978475,0.07921038953819494,0.45092494548576506,0.4585848931144463,15.852663379336112,28.354674706037667,0.8279910999759755
WIN-f7fdd017f8345f03fd63,-0.0019030461541337058,11.251337050216787,11.251337211156976,7.83600495793322,125.43437451624247,231.31657830750675,-0.2907456361879498,15.016435398013215,11.148397044917374,16.007439401788016,1.4358512113707402,19.710929116099095,0.5592132677723144,3155.591848771914,3446.3169182121537,0.9350880004104147,0.5743478999156865,1813.4765625,5208.984375,0.014231786465836529,0.08832791344901632,0.4253038977376192,0.47208243885299417,15.911793425229224,30.689861676402334,0.8196322260058723
WIN-9402dfccd6dbac9ca54c,0.005617520538172938,9.104702795542945,9.10470452852285,6.2303381309539105,155.4358451123284,248.42605636433726,1.1142402624317216,25.136448558806347,17.072036179248673,24.948219798867495,1.4613499840862396,30.843587453662224,0.5117093091090924,2894.139615760588,3182.984825820349,0.9262603959507816,0.5457404013041832,2150.390625,5179.6875,0.014206378195605995,0.10350658744121052,0.5119982349925449,0.37017508972972935,12.875994172929222,41.81240534643795,0.812876952858195
WIN-27a7b6ce5fc6a3433f14,0.0005988833898651506,9.0314675015229,9.031467521379104,6.163359942075619,155.4358451123284,302.9456607398563,0.5989030771134106,27.589383708542986,17.210474902818024,25.2193359747147,1.4653480579192224,31.237963409441647,0.5152929410784232,2926.27507044772,3216.6855454019887,0.9233371410571424,0.5474298359783364,2475.5859375,5159.1796875,0.017480854474824687,0.09863456331777071,0.5004599634577912,0.38331176756899776,12.772423772691967,43.55791392161873,0.8178636570734164
WIN-a1a1a2fb8b925fca5c32,-0.029776935786920637,9.054377997125833,9.054426960373656,6.18661847486418,159.3460179428248,306.85583357035273,0.658745233463204,27.863887285187417,17.598686105722514,25.756561292766207,1.4635502410823824,31.916078781963076,0.5089590799233269,2887.6198564865085,3175.479872727164,0.9227947202152963,0.5330434587995753,2478.515625,5074.21875,0.014597935734928678,0.10791266693198609,0.5073331960367292,0.3700766704824479,12.80482416234933,46.02263048903758,0.8090269323718855
WIN-cc0dc012e9075484516e,-0.05301607662518593,9.04415492859788,9.044310315157372,6.1989668416415356,159.3460179428248,251.55001535195572,0.6982808257124257,20.412191156583035,17.618371372746797,25.705254119507924,1.459002854217705,31.998527121985607,0.5013751145928828,2858.003059952275,3138.2284795809896,0.9128025629620702,0.47782325192737674,2147.4609375,5059.5703125,0.011607419171203842,0.09947763905883969,0.5412162361381252,0.34762546988162624,12.790366550455628,36.71393064839883,0.7954856604024614
WIN-9b4ac7490816525e97ae,-0.028839527578057467,9.155110963552682,9.155156387157646,6.28408670685435,132.4410510294982,224.64504843862915,0.38212932738654243,16.77101056586496,14.466279485434548,21.075624383892958,1.4568793866529925,26.146262708132845,0.5037086423868655,2819.2607740171566,3103.806096373624,0.9167263081438779,0.5128317569361251,2475.5859375,5100.5859375,0.013911045323753752,0.10316658679762221,0.5427888577867162,0.34003812027238267,12.947282087828043,34.73165312065922,0.7962741324201619
WIN-f9a55bc782a9cbdd2f70,0.010650686304227833,9.057921234431777,9.057927496192983,6.262249651468933,132.4410510294982,251.02744328206234,0.3187244305997783,17.60010510469495,14.621562281785554,21.14911707462995,1.4464334704488861,26.12627413186294,0.5096258021501792,2920.009260048631,3204.6027934004733,0.9222449370780684,0.4955952743326034,2478.515625,5144.53125,0.009878932360476045,0.10482866599950952,0.5056008333991494,0.37964189926090697,12.809834931996633,34.71437914376353,0.8001378032847813
WIN-281107921f7619985592,0.028328252770209165,8.656087020867165,8.65613337482331,6.083002215937859,118.58639225256412,203.90004365322858,0.08630707367016735,13.770755326269704,13.699695593584938,19.494714623289237,1.423003488662598,24.04282779779878,0.5081256771397616,2837.786716418014,3123.828030609203,0.9194189162782044,0.5160481477139626,2475.5859375,5036.1328125,0.01281306480394699,0.10872376859531088,0.5265715660823622,0.3518487954181108,12.241555607442102,23.369902826216286,0.795287361285968
WIN-63d394c61d5d4f3f4678,0.03726423846271016,8.891514693997344,8.891592780657405,6.17886843215819,134.20489865228694,222.06780835036994,0.4516682511291741,15.645547824331894,15.093459851672305,21.719979981090063,1.439032547509716,26.88012363307945,0.5069589132427702,2897.8126669176168,3178.492273595901,0.9109123015772496,0.4464202798803301,2144.53125,5124.0234375,0.009692341215338943,0.09791583076324695,0.5296587107324425,0.36268790699929626,12.574500614995747,33.47107876552188,0.7870466841315098
WIN-1a750e05e67f8618d1fb,0.012295850898091123,9.078003072276138,9.078011399431283,6.25642182242938,144.7621352530479,232.62504495113086,0.84211908040039,20.30679823223965,15.946458853543737,23.13816736813525,1.4509909429196421,28.623589983538118,0.5037919826652221,2927.740427633387,3201.0162528875885,0.924439560378526,0.5002378243835167,2144.53125,5167.96875,0.009101946606677664,0.09390068801950631,0.5187417547846569,0.37819411865448155,12.838234968552715,39.22229095121089,0.812091782463521
WIN-7f615939d0a2f967f93a,0.0038769867700806284,8.930993297213957,8.930994138723138,6.137058881894315,144.7621352530479,269.77416457042744,0.6131917714021456,21.00210961854742,16.208960951544,23.588193960482393,1.4552563875621427,29.185810923594474,0.5066255521293441,2860.3185321710625,3156.2565912286263,0.9334424610387997,0.5915716851601684,2147.4609375,5162.109375,0.017456900255047935,0.11837149035320303,0.4957583124010441,0.36822934284311,12.630331844503221,40.53566499112694,0.8225492852307221
WIN-be6023c0facb11b33283,-0.0070184012361697926,8.976284320272235,8.976287064054999,6.19151603176653,125.01202931737956,224.28823384484906,0.2727028400556079,15.552295598032373,13.92691971917529,20.190859343005144,1.4497720781145234,25.020926337808653,0.507875656304692,2905.972625129093,3200.9391252461633,0.932044176707848,0.5891324839968312,2147.4609375,5141.6015625,0.01803498302962674,0.10447080054312756,0.49539242000270456,0.3819953062402527,12.69438302534932,31.829606765155486,0.8061416038873287
WIN-a4a778677e75ddf58cb0,-0.024014353586780186,8.742474618446964,8.74250760041806,6.101301119420369,122.23651693632337,203.73495906886373,0.41485926383365124,14.807310309749276,13.981859956342975,20.03449994415551,1.4328923338317674,24.68433788913239,0.5011250937578131,2887.8632477499423,3169.0777530203377,0.9214518591418118,0.4811290145891024,2053.7109375,5085.9375,0.011249051978278189,0.107646545715253,0.522437715004491,0.3585900432633622,12.363726124969961,30.879731386925428,0.7873446559767485
WIN-6c951b51ee6872f99746,0.027327967514772043,8.744575814796516,8.744618516466723,6.02524977905862,132.65787177524803,214.1563139077884,0.7314509850639416,19.522334649258177,15.170229727623783,22.016991268360723,1.4513287974978397,27.216203247590602,0.5045420451704309,2847.296769188732,3134.005340923436,0.9291134045387205,0.5601626308724316,2150.390625,5156.25,0.015101786568005461,0.10624921951607268,0.5272899572700566,0.3512187503767052,12.366697698673537,41.49348613466157,0.8043114007451813
WIN-8d32b60d21940632af81,0.028320264679316733,8.89678074352853,8.896825817998888,6.16618862316524,132.65787177524803,246.24918071572586,0.5167554704331834,17.294040845114704,14.910696746120077,21.513755073410373,1.4428403608306275,26.589958295674723,0.5092924410367531,2833.8813729328367,3127.829989801417,0.9245283391004989,0.5459395418530946,2050.78125,5126.953125,0.01670306056636428,0.11608420844225964,0.5144741166780323,0.35262293911988857,12.581947863121252,35.402155277112435,0.8027048773834247
WIN-dcb4f4d13ea7ec9e0318,-0.0077337796953200295,8.90625851405154,8.906261871877781,6.171492789163119,141.73097302822293,255.3222819687008,0.3360332349465478,19.622674312218415,15.91363189934193,22.965427955627458,1.443129268094643,28.320386731564128,0.5132094341195099,2856.7554814820414,3143.820547282973,0.9245608025589613,0.525297042121564,1403.3203125,5150.390625,0.013398928609592005,0.11334067409738191,0.5139776440330394,0.35922940880197385,12.595351549055307,43.4936576722349,0.8109768048335252
WIN-00005ef08b5937a448ec,0.0074833082950641954,7.642319543652243,7.642323207454136,5.93657309698106,35.40813754729989,64.69844580307893,-0.05222182290532273,3.373204484557929,4.633164102868486,5.964406900893734,1.2873290840702725,7.163958699142525,0.412201016751396,2242.3079733423265,2598.103628152027,0.7438607158828588,0.26161350580683274,1983.3984375,5138.671875,0.036684311836826314,0.25854386281830943,0.4781838069602262,0.2259484778760694,10.807871884703564,3.5960712585320542,0.7721775784188758
WIN-d46f74e336cca1a21b13,0.022441417368790843,7.564302055625403,7.564335344625608,5.879229091145231,35.40813754729989,64.35737074764073,-0.06776272389903056,3.393547180429135,4.680931758591635,6.022581702186504,1.2866202740793085,7.224519092906559,0.4132844403700308,2188.4976684177,2530.352238572421,0.7557601217656272,0.26794349380460986,1983.3984375,4986.328125,0.03824825734807369,0.2665904962699762,0.4808962208130443,0.21361000366469274,10.697538488565227,3.71313325025271,0.7700734163274386
WIN-8f32ec1fcb6441cbe8ce,0.007392685757965502,7.466219310511155,7.46622297044847,5.8171043107660525,31.068746846425565,59.34024611465697,-0.016761030615086745,3.372750482634004,4.161240157090462,5.340929986233785,1.2834947718969065,6.393874348151499,0.41228435702975247,2180.0117634309204,2530.0433026246214,0.7519862018051796,0.2711730564535935,1983.3984375,5027.34375,0.04157906785650743,0.2707662342728728,0.4739203410222242,0.2130533236813409,10.558828607422209,3.8475614031880356,0.7670944591478563
WIN-9b5bd703fcceac574f99,-0.002504898799546692,7.514617393066381,7.514617810553892,5.842967745023838,31.068746846425565,60.05814500370463,-0.010216846612789704,3.461590919390613,4.134441382073614,5.317288782379458,1.2860960625621163,6.367853566937451,0.40520043336944744,2184.9422705788206,2534.40570820551,0.737997410720352,0.2624796905434623,1983.3984375,5027.34375,0.039005231884765915,0.27171272695570936,0.47891282956142534,0.20970090213372,10.627273814919702,3.9635212512784386,0.7553137156631958
WIN-dc25777e29573c38bb4d,0.002535300818588564,7.561942712937295,7.5619431379438256,5.88033715588273,28.989398157279066,57.382861069360246,-0.04293245337126254,3.462703883898511,3.833591132392165,4.929887077694676,1.285971014498296,5.895592552844819,0.39911659304942076,2157.4845583783913,2494.569165994487,0.7594848534801826,0.27229239110284936,1983.3984375,4898.4375,0.03820630124613549,0.2697459608848115,0.49122149071733817,0.20015487579876617,10.694201940138347,3.737276434410622,0.7647154131168118
WIN-6bb673ec2051f34caebd,-0.0027083405850097737,7.5881783226310615,7.588178805955793,5.922896032554837,27.655820795644086,55.03028759132353,-0.046444645653045374,3.3604020418774367,3.6445926621989986,4.66930715035869,1.2811602236889774,5.574487726630244,0.3990332527710643,2183.40138128983,2520.1168480335414,0.7600515312746525,0.26939751387302774,1983.3984375,4933.59375,0.039025334290842185,0.2596731542938908,0.48931870399573807,0.21130142603253602,10.731304693290333,3.5627077001093768,0.7729963792697535
WIN-6049731cb8126b13ec79,-0.0017317613135372648,7.663426755224325,7.663426950893789,5.991215298161305,31.10269627945442,61.89915203807047,-0.025097096581918235,3.3408579038779065,4.058588472070298,5.191383505946548,1.2791105926779838,6.199717865037964,0.40386698891574296,2181.65159976065,2519.715708066806,0.7613231797261074,0.2731350844127704,1983.3984375,5012.6953125,0.03893177309461753,0.2557482842111213,0.5003835554327392,0.20419570963714637,10.837722004232157,3.5907943489006917,0.7728739542997247
WIN-928350ea44265f1f99b5,0.00412836643061559,7.577344584846043,7.577345709475386,5.920305469080609,31.10269627945442,61.89915203807047,-0.009396281790362428,3.345014272751142,4.1046954265999425,5.253562749740892,1.2798910037746458,6.280071990641125,0.4028669055754646,2178.4538709709545,2520.0374517953283,0.7634001243121133,0.27690799448534614,1983.3984375,4974.609375,0.03950232835664177,0.2663250237018229,0.48830200000101126,0.20512625745892338,10.715983469378832,3.558960312221089,0.7803208193270974
WIN-7da15058a37bb3177edf,-0.0009978496447583195,7.4119668884802445,7.411966955648914,5.802499419029169,28.857355590404104,53.97514001223641,-0.013145253937115608,3.270562939717505,3.893346498044899,4.973262986595409,1.2773748725144642,5.936605243053343,0.398366530544212,2178.8046129114814,2524.576040849704,0.7714200925651824,0.2743434818261047,1239.2578125,5080.078125,0.038720633867411355,0.2722057641559107,0.4805443772382286,0.2077864847914504,10.482104031099773,3.4275344050875662,0.783303369467774
WIN-e03927f2b662415ba860,-0.01067430292632923,7.424435189082048,7.42444286243909,5.811417970392255,27.593191063695,52.39958027810368,-0.02195887333953339,3.2540346428129503,3.716533560152731,4.748099552341747,1.2775613284509086,5.667072431989821,0.39819984998749897,2140.1578970654227,2486.123577995461,0.7586876479139303,0.27065479121526503,1983.3984375,5062.5,0.04071558604838426,0.2822094372601306,0.47572312619851864,0.20060205423639235,10.499736936037452,3.452341969051022,0.7673189806157197
WIN-59f04e2ad818a713febf,-0.00795927998210285,7.495145212881438,7.49514943895833,5.844395676660519,29.461110108490708,57.188645060303415,-0.042366915338221435,3.328992965149431,3.930690154802472,5.040916416069849,1.2824507192229953,6.031620875656966,0.40711725977164764,2160.8942409308343,2510.042471910548,0.7490931474405172,0.2608332213361745,1983.3984375,5006.8359375,0.04136475848284013,0.27312030115092634,0.47805411396613845,0.20681207501791118,10.599736011298656,3.6038743262772095,0.767317726687561
WIN-69d56648cfa2f73fce0f,-0.002186432714721354,7.502942387643063,7.502942706217275,5.842036072395325,31.17216511171412,61.2436646468162,-0.036835866528014787,3.3954796518476424,4.154658556286097,5.335839204931118,1.2843027008458145,6.39004297804094,0.40778398199849986,2180.415501229223,2536.122890633445,0.7567405806789312,0.26229567102707,1983.3984375,5030.2734375,0.040498145945386387,0.27580916324179666,0.4704430744692361,0.21258836998225153,10.61076281680096,3.6935713478911167,0.7726307348761957
WIN-2c312c6fe5d9db64a853,-0.0017068440704077208,7.514482245584486,7.5144824394312835,5.865780859140221,31.17216511171412,62.14232594387307,-0.026023301761911734,3.3504227337245904,4.148278389492007,5.314239631563371,1.2810711173638083,6.352541022359936,0.4039503291940995,2188.260061285188,2550.663533205078,0.748940466795466,0.26820517971024377,1983.3984375,5106.4453125,0.04095889055394952,0.2742124509913364,0.4712272131265435,0.21296014648775222,10.627082667779083,3.6094232970423414,0.7706296005471142
WIN-bc10f1806b4c6bb72e00,0.005716602524245506,7.549232083202583,7.549234247630658,5.896804667521656,30.97016083215895,58.37098123715812,-0.033850095013120585,3.309762082634964,4.102424142140627,5.252024202655168,1.2802245747105974,6.277640847000337,0.39844987082256855,2177.273623281304,2528.8713899148374,0.7579539180460532,0.2731571316316684,1239.2578125,5044.921875,0.04054613181326017,0.2691837510787457,0.48436855380307087,0.20525768512694212,10.676226124634953,3.5517340044642314,0.7826107301374086
WIN-016538dca29b5251f1ec,-0.004230229756382866,7.545256404537121,7.54525759037107,5.886123382640771,30.13006872201633,57.07625841842126,-0.047919514610593614,3.330121174885604,3.993245871481316,5.118830640021947,1.2818721423037274,6.126563290634101,0.39678306525543794,2136.63348370352,2478.2891167253933,0.7440472474769058,0.2653469685998221,1983.3984375,4916.015625,0.04169240430250488,0.2717892315354512,0.489343333274222,0.1965277222100294,10.67060391351315,3.5990407309793255,0.7712073978698484
WIN-12846dc316f611165406,0.005924533013183918,1.1061664331686474,1.1061822987014718,0.871333656279862,5.061682909367838,9.531209616957481,0.028252679123273394,3.3673143033646724,4.575812608197658,5.80912130833183,1.2695277988262508,6.89863644992669,0.46270522543545295,2699.6714179827322,3054.490296794935,0.9364090293199233,0.5835662130235297,2085.9375,5094.7265625,0.11446470434180743,0.05513343805987417,0.39584190623014126,0.43442384000721146,1.564355561150809,3.9640043672641982,0.9398639958071621
WIN-e002679b477d6bf7c57a,0.005240809481099051,1.1169185469543446,1.116930842359822,0.8808166034769928,5.061682909367838,9.523358281823924,0.021582474097684094,3.337662247705513,4.531778260030062,5.746579809441915,1.2680628838619852,6.813042405403644,0.4592049337444787,2707.7428857530695,3072.9271151281782,0.9394664853349513,0.5846042486160521,67.3828125,5106.4453125,0.1196759032230444,0.051196948073872615,0.3917122052534966,0.4371258556540693,1.57956135710421,3.904673431207305,0.9327447498895435
WIN-2b15d40845fc1d72ec3c,0.006119002507304676,1.1161033537974983,1.116120127293522,0.8811122521665714,5.111680500267553,10.05495912045571,0.027271003720629988,3.3078476933397094,4.579865890115502,5.801395324707624,1.2667172934524764,6.885317265780858,0.4558713226102175,2653.239223177985,3031.269452728048,0.930679249543438,0.5621743905006286,67.3828125,5074.21875,0.13588055640069632,0.05147692504962236,0.3776120837516129,0.43484757445420485,1.5784084944784402,4.079273708796789,0.9399125490405184
WIN-5d02a87d491be5b7c15b,-0.0015798819726432066,1.0898668967585394,1.0898680418643059,0.8630675858802318,5.111680500267553,9.54908555718006,0.052525959681176244,3.2547051629374812,4.6901829431744115,5.9226885401428815,1.2627841199151284,7.013684179971072,0.46095507958996584,2654.533816021897,3027.587612127834,0.9334249966748611,0.5817145053497791,93.75,5050.78125,0.13340410452897153,0.05673202548739152,0.3668452307741933,0.4426505978532051,1.5413045465660202,4.082389690698374,0.9423582363539171
WIN-09a7624da027ba8421e6,-0.00816544255729644,1.1083333155589943,1.108363393851561,0.879827441968302,4.8876406866974405,9.46211756000395,0.03149463100154683,3.232244092443449,4.409781768151407,5.555226460949572,1.2597508795255705,6.557365729490442,0.46462205183765315,2675.5894004923766,3051.2463023020987,0.9381204520554645,0.5877650621645477,287.109375,5088.8671875,0.13329526479304446,0.05081961229238829,0.38157453043839223,0.4341678233179952,1.5674199978863397,3.937917573914497,0.9359486440932628
WIN-cab14afbc17a01e583fc,-0.0010736574565424757,1.1453506343164122,1.1453511375422567,0.9054926270124833,5.784396546828958,11.19430712789509,0.01696242066139552,3.3852959779139455,5.050325928200772,6.3881210892983065,1.2648928366428343,7.550667239505381,0.4602883573631136,2666.51100874992,3012.1093972895,0.9325489714934734,0.5659399394314654,67.3828125,5039.0625,0.11436570501704281,0.04554016285104603,0.4311728954722027,0.40864124914203825,1.6197703997047583,4.36026917699573,0.9247578867871347
WIN-def22f3c9bc92f19d00e,0.00671829277855367,1.1564031092394227,1.156422624526372,0.911212710307558,5.784396546828958,11.19430712789509,0.03183922938708851,3.3874312750305653,5.001974558559879,6.348020041193483,1.2691028246684357,7.528810681668866,0.4587048920743395,2701.448343828926,3048.136429107175,0.9354169628224831,0.561830072751431,67.3828125,5044.921875,0.11498974957827784,0.04550856907951576,0.4084123568255102,0.4308270623560428,1.6354009478715033,4.107867968021973,0.9260291227905307
WIN-aa9fbb7a26cf896a174a,0.0019268026901778452,1.1406818321176082,1.140683459462699,0.899690351599624,5.007786908812974,9.91348815539464,0.0016095659426847567,3.3208170932564016,4.3901635175523825,5.5661227220050815,1.2678622788755356,6.606648802671616,0.4558713226102175,2764.3179457424435,3103.209673504883,0.9353396819895434,0.5600736060594746,93.75,5059.5703125,0.1034307139280415,0.04875112229425397,0.400195602688129,0.4474454798215669,1.6131677170959586,3.8859140332930644,0.9180907993672712
WIN-cf4c3811cf206406926c,-0.006487421886294282,1.1339742832393658,1.1339928402291453,0.8944765247631319,5.424698539147663,10.432485447960637,0.000625067915705332,3.355720248385378,4.783714981874764,6.064662837941022,1.2677726120628738,7.182199161517802,0.4549545795482957,2732.806198237595,3093.098789739364,0.9381520581597342,0.5766134583572234,67.3828125,5083.0078125,0.11532247196678772,0.05021062002109595,0.3983340506910145,0.43595604318234965,1.6036818015368557,3.9941741970376614,0.9141855710627842
WIN-1d3f50be8e2beac2c844,-0.009360737390344386,1.1361258442118614,1.1361644059248668,0.8955945565004674,5.424698539147663,10.432974086327393,0.017199830176432524,3.3349204715748604,4.77457180567723,6.057091905893886,1.2686146847108548,7.18078256255505,0.4622885240436703,2716.545213784995,3066.017779542342,0.9391429322908109,0.5858750055463553,2077.1484375,5059.5703125,0.11303073208360477,0.04805461591106493,0.4073425135801012,0.4313848821206413,1.6067245734732094,3.9036877524997595,0.9272994121529969
WIN-bb332de3592efd76dc78,-0.004966829519145828,1.1021931093501147,1.1022043003428839,0.8706576985634497,5.009802066145714,10.018077613325445,0.024204048905633,3.304410044373196,4.545257230971312,5.754043264541201,1.2659444718173525,6.820415438162506,0.4563713642803567,2670.3949550032976,3023.998509835304,0.9375562915937359,0.5881959976215961,67.3828125,5053.7109375,0.1162286072905726,0.049596045139467554,0.42248346106955453,0.411448895294806,1.5587364434160456,3.7943200709505898,0.9335198729804546
WIN-f07ce7b1c0c3597598b1,-0.0001713083751903198,1.0946942113072755,1.0946942247112743,0.8706721305090271,4.554591809071329,8.68535106670068,0.040492573608685155,3.183763711931931,4.160606410679149,5.231121623708474,1.2572978809715871,6.170843946727057,0.4505375447953996,2634.6589537178656,3019.7936550906647,0.9321411479575892,0.565379204383375,67.3828125,5041.9921875,0.13908169855135413,0.05524902150599128,0.3768313491710613,0.428757953323796,1.5481313961619045,3.6914610383223034,0.9388455295300904
WIN-d256ecf2f53709ba4780,-0.004020507502285765,1.1161385127212098,1.1161457539497655,0.8887326471724494,5.459208099708359,10.013799908779689,0.012544722252853446,3.1538245521167876,4.89112473024663,6.142688824441164,1.255884722474849,7.243842500044946,0.45445453787815654,2660.728345945263,3035.9888953753784,0.9328837351528518,0.5721795708194668,2077.1484375,5068.359375,0.13186580844774431,0.05456199896720516,0.37469182755057395,0.438653999179308,1.578458222176889,3.7267195822408716,0.9383922803307412
WIN-2ce4557a1e1b60993803,-0.0012117032236210528,1.1018143524964137,1.1018150187721139,0.8751507964063951,5.459208099708359,10.134749384130785,0.009521489577215282,3.173689121272079,4.954741046992862,6.238019918531869,1.2590001897903813,7.36959100124838,0.45187098924910407,2625.5479050316994,3004.3239985150694,0.9315637788433507,0.5724436400061548,67.3828125,5047.8515625,0.13784701471551467,0.053622912591559914,0.3883644835929635,0.41994735425819163,1.5582007943017688,3.726467295254485,0.9403208721992634
WIN-1598c5b315e4df738c50,0.004998724508830772,1.1150680643947202,1.115079268697837,0.8772408625539565,6.390527495954623,12.358251271175238,0.04471758538853506,3.5806782341513257,5.731007360052167,7.284803716669407,1.2711209843214306,8.652106110324475,0.4537044753729477,2677.369045534605,3036.501652630626,0.9335520152535212,0.5736371147635375,67.3828125,5085.9375,0.118118984271849,0.04949473239934843,0.4071486916680361,0.4248508232304691,1.5769443613641447,5.178000363421184,0.9361942969247764
WIN-c19220b112106a4f7a83,0.02421023585429395,7.5559495188796655,7.555988305137719,5.841392444000306,32.227581336498034,62.52034515914282,-0.2553173073776826,3.602287852874216,4.265170886326084,5.517106006050572,1.2935251958455867,6.613549990808736,0.40803400283356944,2187.1907968454925,2548.4537528936453,0.7933731065627155,0.29970541627855307,1980.46875,5012.6953125,0.037647947161613064,0.3020034336173554,0.42886733533799365,0.23122706269458226,10.68572627253749,3.9604293134063178,0.7824759126501178
WIN-f15530a6e3c9e0be4f91,0.0308591192618096,7.573274762438369,7.573337633608285,5.824109873742677,32.227581336498034,62.52034515914282,-0.23779009149908736,3.61096608872604,4.2554000489133195,5.533477567411083,1.300342506886846,6.673549422057668,0.4042003500291691,2163.717009919464,2522.11039336079,0.7834868156275019,0.2881789148613069,1980.46875,5015.625,0.03768594803923807,0.30379981743163054,0.4411123831841143,0.21715113843111453,10.710227840913854,3.75260634546425,0.7658541163937004
WIN-0490b7d1b66735cebb8f,0.0029074842067070427,7.628935473405959,7.628936027445518,5.891974732428697,30.55484290274749,58.29075404392479,-0.19666212677185074,3.5332059335543216,4.005125064992124,5.185840790282458,1.2948012124789856,6.231722226942121,0.40378364863738647,2169.4886874774234,2522.9334082368405,0.7809617592002958,0.283707881166642,1980.46875,5044.921875,0.0362629252014404,0.30213520551904705,0.44421750306116675,0.21716393200090603,10.788943990726894,3.711179513660554,0.7766643082394218
WIN-69bc7a1eb5c1e357e756,-0.0056556868549350325,7.66863855664677,7.668640642205323,5.964300332344753,30.55484290274749,59.12308361321013,-0.18388461994131786,3.4385506606140317,3.9843884109761394,5.122955116301178,1.2857569563719897,6.124364362006374,0.4046170514209517,2210.422522288403,2568.7202778926753,0.7842719945932795,0.2880926725913747,1980.46875,5059.5703125,0.03525225461831804,0.29647570645258836,0.4343483448373997,0.2337367255844992,10.845092646654471,3.7326744393627886,0.7825690289347706
WIN-c926d60064ee10f18654,-0.008599437452320646,7.7031225528208,7.703127352841892,6.004188387337667,28.56824071046264,56.613807616680184,-0.20155744277705992,3.3600134434210793,3.708654862095631,4.758052024267913,1.2829589706222182,5.687723545263517,0.40403366947245606,2181.5393874471006,2526.5285328433824,0.7843249857791855,0.2896789285526071,1980.46875,5083.0078125,0.03644937581996804,0.2867687989848091,0.4608457960641345,0.21575676763978835,10.893860380865709,3.584991523070919,0.7866780060286576
WIN-e7e2aebf85ce12163e51,-0.01152656784646785,7.639873584236001,7.639882279516705,5.926189301141933,30.33880842646804,57.68176376643581,-0.18190484103885393,3.4326386863487914,3.97110941196116,5.119446390383929,1.2891728379387521,6.138489263450947,0.4025335444620385,2195.5726587489694,2552.0737218347344,0.7935489323497081,0.30113200205734675,1980.46875,5085.9375,0.035376546666389695,0.29679227370950984,0.44500892215047366,0.2226031330418381,10.8044128365421,3.6518370001809113,0.7879657998599102
WIN-eee8fc2c024c8a9bc6d3,0.01587037881854309,7.544048404306047,7.544065097507873,5.836741074270166,30.75435233180448,60.050570789601096,-0.18799825085191768,3.540167419509651,4.0766287053858905,5.269096562698693,1.2925132366694714,6.327400774631601,0.40453371114259523,2162.440177743586,2516.8479879201336,0.7869387566835631,0.2896733202270003,1980.46875,5024.4140625,0.036865537688424654,0.3105060253819582,0.43192470462722177,0.2204438095302605,10.668895563793733,3.87376785912622,0.7815781069470956
WIN-fe94dc28db17cff4dd7c,0.012676501350155293,7.558837808269629,7.55884843778554,5.847953906515995,30.75435233180448,60.050570789601096,-0.19636275358939637,3.560826050021114,4.068655772758197,5.258993628101556,1.2925629303202806,6.313314385063967,0.40661721810150847,2173.042666587727,2538.2753510854122,0.7885103805265479,0.29975573294240065,1980.46875,5068.359375,0.040384710130441905,0.30703084763445737,0.4274237963317856,0.22487631479614806,10.68981094357237,3.8738342658461,0.7822746072455714
WIN-f53ea0dcc5306ad26b0a,-0.003850798636384087,7.651035436966885,7.65103640602848,5.924113437904004,32.71881674695085,61.98548662891763,-0.20391835226928617,3.540509207482877,4.276390152995017,5.522989573022337,1.2915074105559636,6.621911036619572,0.4093674472872739,2171.3736855338448,2526.970647958105,0.7877467057701014,0.2984336172587912,1980.46875,5006.8359375,0.03643517469874644,0.3039850440521934,0.43899407213572644,0.22035470375926847,10.820198055746642,3.7324983236205425,0.7785990625416958
WIN-04e4dfddc0d269a76cf4,-0.019089184716125834,7.599578822334801,7.599602797110698,5.888429366548249,32.71881674695085,61.98548662891763,-0.20748619491361597,3.5287442507730313,4.305332478611375,5.556459067475374,1.290599296356039,6.664254428022905,0.41136761396783067,2203.240781258274,2557.7225978679526,0.7948089818378182,0.3060509532535847,1980.46875,5021.484375,0.03664295093629245,0.29482630948710664,0.4390479967264568,0.22924722554723662,10.747427425325446,3.7544222818860336,0.782793621677457
WIN-e38447fa34f4f4a7ad1f,-0.03716096377392292,7.599405842484027,7.599496700177517,5.893126076087628,34.0827509005113,63.03364265469685,-0.23788873040857883,3.5454295524648622,4.484869491384959,5.783475605384065,1.2895527097260808,6.933026499078518,0.4083673639469956,2204.6057332393757,2559.5559525856147,0.7921643259021893,0.29455567811652494,1980.46875,5068.359375,0.036114533856232506,0.29167589112676257,0.4461678326483361,0.22581899733917424,10.747182795797428,3.924121565156381,0.7832703581373512
WIN-ec5d9dc0a0a908f081a5,-0.04028023761088768,7.682043160691098,7.68214876322132,5.961521333525581,34.0827509005113,63.236415591889156,-0.23118495001644668,3.5053859830689893,4.436616882984586,5.717123028451766,1.2886222045400095,6.853406571942871,0.40803400283356944,2184.273088581892,2536.770474429839,0.7992675719395207,0.3047908187237628,1980.46875,5050.78125,0.037998269662552056,0.2912560755065347,0.45184614013918023,0.2186520518292732,10.864049568129191,3.919940162164811,0.7861153224142802
WIN-7396efeed968fd4b75ac,-0.01607451018181383,7.65161237136492,7.651629256014845,5.943143376442566,31.62593693285091,60.77960162422876,-0.1918109761021379,3.4471917771821694,4.133229129990328,5.321415777752306,1.2874717588579618,6.38203445196046,0.4092007667305609,2196.5110641032534,2561.964090044273,0.8087831454859653,0.31867443287657093,1239.2578125,5053.7109375,0.041569675773433235,0.29414601342944696,0.43697184100273656,0.22699169649831835,10.821013984677075,3.8419877163136325,0.7951696127687001
WIN-b45fa10b33a9c150fee1,0.025772680332623917,7.627110602305992,7.627154146263204,5.919088385296168,37.7989082059899,69.5581133093398,-0.2073791448951065,3.527398116208833,4.955833785594052,6.385934073882258,1.2885690582368763,7.66065105225862,0.4100341695141262,2185.843599084051,2548.9438033568154,0.797921790247479,0.3020459708111572,1980.46875,5088.8671875,0.042315703978735485,0.2899254830265267,0.44735948044500795,0.22011828112719825,10.786363249704566,3.9361897498345537,0.7870021114746767
WIN-7ffc369c9f14c248aef4,0.021975100200106668,7.67427531037438,7.674306772891645,5.949403590236465,37.7989082059899,69.5581133093398,-0.19515279137510466,3.523976675188289,4.925384054166825,6.353394526472391,1.2899287561335762,7.628704772800343,0.40770064172014336,2213.5905281137,2579.6102814040523,0.7915172073473874,0.29473149917371344,1980.46875,5097.65625,0.042436069628833034,0.2824134840754738,0.44389001754502616,0.2310512221975224,10.853064218100611,3.823558553564525,0.78264135348362
WIN-9cdfcb0fb30880bc2c42,0.004855231605702292,4.538173957425981,4.538176554645416,3.5243044376672272,79.48819800241775,135.28325961746998,0.38204766696050413,13.78532203875644,17.51544856072946,22.554293877917434,1.2876800613876573,26.75128502865353,0.44412034336194683,2670.236165210862,2929.109959474315,0.850487989524309,0.35661747851966147,2065.4296875,5050.78125,0.012666642820139075,0.09709820538470261,0.5753875018112617,0.3146504517125226,6.417947144590515,73.0672383718911,0.9087663194429385
WIN-2eee7bc9f992a6457bf5,0.0020790315821153796,4.533048513365253,4.533048990127424,3.5418399346235705,79.48819800241775,135.28325961746998,0.33389498577988264,13.32111931529132,17.53526118414304,22.442628540423684,1.2798571007720934,26.521214541682795,0.44278689890824235,2693.1195818519927,2953.3235882958807,0.8549730979535469,0.3782187746198207,2065.4296875,5053.7109375,0.011874463470908508,0.09400407448634945,0.5722860779940472,0.32169172350924674,6.410698684070531,74.46898492379893,0.8996168956838038
WIN-1d4bec60f7a389cbd66f,0.0005380547351886136,4.42943979283634,4.429439825515743,3.5216517212582996,27.376828908383246,52.166763368025485,0.10653081669310542,3.3260231754207643,6.18065263031075,7.773860414167709,1.2577733904736694,9.181630924081064,0.44362030169180766,2678.872058028877,2938.0242589346203,0.8570889355289981,0.36340382057343407,2068.359375,5050.78125,0.01383975808183522,0.09104977394815744,0.5833733906884612,0.3115697910483731,6.264173803169428,5.345194894834838,0.9133022625250057
WIN-6d16a9de444e2cb28c22,-0.0055731967739122215,4.555224624679422,4.555228034007525,3.5430125024051815,54.69253589917021,95.73389306700267,-0.0065968064732330155,6.821413120531196,12.006541822021955,15.436732402729776,1.2856934687399248,18.351991078045852,0.44953746145512125,2697.5267418950266,2960.250187755454,0.8615518760218234,0.41835749744339246,2065.4296875,5047.8515625,0.014101325663627502,0.09626943060041919,0.5650980075037475,0.32433688849230563,6.442060441001072,29.560291439009355,0.9012981367515819
WIN-b445f79e29010ffc69ea,-0.0024192475546695766,4.5319777704219595,4.531978416139856,3.5533324520445575,54.69253589917021,95.73389306700267,-0.04337995555667422,6.597312358152245,12.06813688793842,15.391899473882663,1.2754163809048935,18.20952904564052,0.44945412117676475,2687.945460915645,2951.1687214674002,0.863565447496958,0.42006739521397574,2065.4296875,5044.921875,0.015109752118721868,0.09644193884506647,0.5674751765720326,0.3207817507023856,6.409184421535803,31.422868939051256,0.9027924339106228
WIN-0416bab4dc33c42cb4c2,0.0034131633705118533,4.393193152282081,4.39319447816078,3.5146169143285273,18.252921711346332,34.124487551174134,0.11264806241337874,3.0162312041415476,4.154817593912619,5.193431362868287,1.2499781868826678,6.117341807859794,0.44578714892907745,2666.339877702093,2922.205171511131,0.8622655939468813,0.36597693479214044,2068.359375,5050.78125,0.013513865295591248,0.09156925496504667,0.5837101006399436,0.31107665326796496,6.21291331731858,3.5998109842558415,0.9164196428456155
WIN-88eb1ef3da16e7d6fd5f,0.0026040456200441485,4.402188032841207,4.40218880303241,3.5127115929747603,22.077810513882152,37.94937635370996,0.12682251245644566,3.095344297492921,5.015189375491807,6.28511903967019,1.2532166921518135,7.413536821223822,0.43911992666055505,2672.5534111118645,2932.5670774812806,0.8561245703532747,0.3602873308953612,2065.4296875,5053.7109375,0.01410789221721494,0.09786752210220817,0.5674389518027834,0.3204400530991512,6.225634020052248,3.6884314412951675,0.913931073366701
WIN-6ae521da620db7e8b18c,-0.000581323618982966,4.391136381118822,4.391136419598286,3.5009373318981796,23.137722955830867,45.21553346971302,0.09093853950494395,3.102010379702479,5.269187915127971,6.609008034793692,1.2542744994570336,7.7959760284542545,0.4418701558463205,2671.8492870781274,2925.4725838487543,0.8590514612055908,0.36201871948434117,2065.4296875,5047.8515625,0.012647907810357734,0.0968406446670004,0.5722213544132857,0.31815678478926157,6.210004622744987,3.6147285552485044,0.9145190763361744
WIN-4beaf8468c00bb63a8ef,-0.00405063740648391,4.3923770486625635,4.392378916405215,3.497391807003856,23.137722955830867,41.89074109053425,0.07833297493484394,3.0864344136108692,5.267697390452334,6.615707999741059,1.2559012998222867,7.815737040469445,0.4467872322693558,2665.5370237063357,2919.4477736090607,0.8661660206251297,0.37265184383973676,2068.359375,5047.8515625,0.012428374918606716,0.09699752469191682,0.5759905856046437,0.3144201445573654,6.211759192947322,3.5236567782084145,0.9134335563769456
WIN-f7841712081a0157c586,-0.004845989202553653,4.516248815537358,4.516251415438908,3.536524403190878,52.72622250286821,98.01421617129952,-0.02188937729554106,6.640251200744704,11.674775749332898,14.909050947105111,1.2770310340182527,17.689695153926987,0.4473706142178515,2670.571931596052,2931.5602651969807,0.8617895739827263,0.4370093520074188,2068.359375,5044.921875,0.016719369067181928,0.0949360249145879,0.5656729090526558,0.3224239565450196,6.38694027422238,27.201059234943767,0.9069683487405671
WIN-de34c22ec8935a2dcaaa,-0.0002936800272135588,4.496236831684361,4.496236841275489,3.5197580572258644,52.72622250286821,98.01421617129952,-0.0353452881290085,6.696610786880424,11.72674491228517,14.980070120049664,1.2774278141202606,17.77950859643975,0.4457038086507209,2661.497534330765,2931.5074500555615,0.8603952153159296,0.43170358839293177,2065.4296875,5047.8515625,0.017984986487499657,0.10010467438748974,0.5691812515643683,0.31250210216130725,6.358639099524432,28.335896064998085,0.9107857597729547
WIN-a83d2708ffa269b4ff14,0.002762030179124636,4.416201083203183,4.416201946933097,3.519959182250145,25.40106649025752,42.61250776066615,0.061677767606601715,3.060880324717802,5.751790066550726,7.216295750910552,1.2546173743153384,8.519531776924042,0.4392866072172681,2666.619248088164,2923.135191791041,0.8530002045542764,0.3590584685158882,2065.4296875,5047.8515625,0.01272757024143303,0.09240740307606349,0.5858409440049265,0.3088183913343237,6.245451422117161,3.6659266607726493,0.9146076972315713
WIN-a254a630dc6b707787c1,-0.0021375581939953574,4.456193502415092,4.456194015089729,3.5277740113486384,58.59009784386482,116.51065344137572,0.04892462177901031,7.685931674436102,13.148013225064195,16.60823444341031,1.2631744552664528,19.574332849435574,0.4398699891657638,2622.667485527471,2874.230705263357,0.8467726433292355,0.36133987820809216,2068.359375,5044.921875,0.013724115759028117,0.10033460652217527,0.5857419945288526,0.29998285976983435,6.302009272685282,28.67670051135052,0.9097161489114678
WIN-5df94f68f55c91d5f00f,-0.0008728776056559706,4.481427921223835,4.481428006231931,3.512036916060554,58.59009784386482,116.51065344137572,0.05068389064242186,10.889727856089703,13.073979490996086,16.68265432402361,1.276019618625611,19.692634868007662,0.44412034336194683,2674.103605550076,2936.810111460076,0.8729634103785817,0.43935908407792124,2065.4296875,5059.5703125,0.013157994227382088,0.10764641976995055,0.5554489938065091,0.3235382751121208,6.3376961391643025,45.138967028316976,0.9130911832575705
WIN-d4ee1a98ad3ef847ef25,0.0006200806673586815,4.507695888359867,4.507695931009154,3.528462751346406,54.25977861761609,106.80386869950672,0.08410064724769328,8.501932198268873,12.037142577506714,15.377738817533508,1.2775240235390923,18.201507891703404,0.4435369614134511,2657.815408955996,2926.9201074624057,0.8725076798622784,0.45304136996622685,2068.359375,5050.78125,0.016605133671349626,0.10643978077210677,0.5579765538420752,0.3187938764604463,6.374844658308841,33.821397930016026,0.9072561343181201
WIN-fe4b7ab8b9cbd48e48d6,0.0014894977187408487,1.0996869287459727,1.0996879374887243,0.8642257206273904,6.440190601979354,11.354652036745616,0.029959448316738663,3.4467623219363865,5.8563801442439045,7.451977473311721,1.2724545350132903,8.864978160217163,0.3907825652137678,2174.8570864243866,2744.0614506829093,0.8944793825613148,0.5482763775597913,70.3125,4933.59375,0.2816764694769795,0.12849703608431143,0.2681560055030734,0.3215481206332795,1.5551921587354816,4.557046546617402,0.9378819106485321
WIN-71189cdb3b575c7bd4de,0.0008271156737371956,1.0804232046711526,1.0804235212694238,0.8495647434274942,4.902273116385563,9.314933018552027,-0.050878487083582606,3.3376611360056105,4.537362450811131,5.770334932452591,1.2717377099587235,6.875480378586992,0.3865322110175848,2190.1684117944105,2740.51792095618,0.9016955970086935,0.5465043094846066,70.3125,4857.421875,0.26540393818716457,0.1314508782221111,0.2830472680987338,0.31995389787516215,1.5279491466565998,4.215608760226821,0.9438628778889782
WIN-893b295add1273511a5f,0.012072671403858825,1.0885661255807921,1.0886330691085966,0.8542077498783623,4.902273116385563,9.305187009989915,-0.05151938130196089,3.3622652708347585,4.503145509253342,5.738970545605444,1.2744359545582928,6.84636194792534,0.3851154262855238,2114.5030101958682,2681.315420200331,0.8884944728626086,0.5291518483217221,70.3125,4807.6171875,0.29262097361140466,0.12054167166905728,0.28148683594181845,0.30523472530062273,1.53946497813384,4.361929660178492,0.9446283534010336
WIN-0a4a85e0ad526bf5efee,0.0013515925109686328,1.08733380637505,1.0873346464122122,0.8548502780930175,4.784996102784515,9.187909996388868,-0.03879186029034569,3.299425695407759,4.400665534358505,5.597466861042835,1.271959165570542,6.662420004649646,0.3929494124510376,2142.0256868791816,2701.7567982848473,0.8891001918964435,0.5209181153111395,345.703125,4822.265625,0.28546917088569135,0.12095827328827273,0.28879268124982127,0.30463310574005714,1.5377222156507908,3.9031219616182726,0.9375802485325581
WIN-16ce80a8f27c1630d814,-0.02893399230739929,1.0937635044163787,1.0941461417489176,0.863621964218942,4.784996102784515,9.411021652703564,-0.03698372355545541,3.2926337633053673,4.3732696394026975,5.540614181931461,1.2669271823548331,6.569205894361313,0.39219934994582883,2232.670009069173,2784.233185096272,0.9060571218222241,0.549173724289714,70.3125,5044.921875,0.2618690866452217,0.12897165474567115,0.27410512349682936,0.3349185967895408,1.5468151816642288,3.772148578588228,0.9499926886396441
WIN-e2163cdd2fc2c02ec823,-0.032772046683737746,1.086603152658822,1.087097244229757,0.8590186381924219,5.395679601805461,10.02170515172451,0.004881123753941756,3.3269101427361827,4.963382650853381,6.281213656962048,1.26551066053235,7.437644451473836,0.38444870405867154,2126.0748666112268,2688.3796724615404,0.8925635831048165,0.5270388731175047,345.703125,4833.984375,0.283022609754777,0.1361324743302883,0.2741201173380444,0.3065599276889879,1.5366889150428953,3.8876440374663326,0.9500433241315985
WIN-82608dea963e30eb90c1,-0.01526526432436536,1.0797022289629847,1.0798101367937467,0.8509111223428866,5.395679601805461,9.730068455902423,0.02441855974037777,3.3197457523536738,4.996878078790518,6.341061316654003,1.2690046098108858,7.524678558697776,0.38703225268772395,2162.422260328004,2716.635092524517,0.8980986006542383,0.529960028288361,345.703125,4833.984375,0.2760942080502735,0.12805847512883953,0.2855199219454234,0.3102252286704901,1.5269295354397183,3.715644191959239,0.9496175241886232
WIN-17a26aed11afe13fea45,0.014915773674932027,1.0775545497718617,1.0776577787212234,0.8487588917209259,4.8044294575085935,9.280240742635236,0.032908032199558845,3.327008728646812,4.45821442796543,5.660535052259155,1.269686585002859,6.724112119084856,0.3927827318943245,2241.6819351739973,2773.47325105856,0.9075236367607661,0.5411403514953015,345.703125,4848.6328125,0.25400709958079776,0.12731634825453533,0.2895661804045863,0.3289157248938837,1.5238922580345984,4.145222314283131,0.9453117402884048
WIN-83940a96afb52c14dd4b,0.013628999204385248,1.0580368553919601,1.0581246320670457,0.8322105558072712,4.8497971528717265,9.65422661038032,0.018305348378425196,3.426520254278618,4.583389334196925,5.827608312611991,1.2714626420946549,6.929096915413766,0.3977831485957163,2292.1459356839805,2810.8565404480264,0.9110140577463558,0.5723057328068074,345.703125,4916.015625,0.24390722159913572,0.12311918024161336,0.2916130703026649,0.34121352745176453,1.4962900657207747,4.685495816936651,0.9426231461950506
WIN-edfdb9eb64863d58d428,-0.002416611766567526,1.0727258056779059,1.072728527717867,0.8434173565849882,5.325364820787568,10.069114012815831,0.06487224509907238,3.4661739224989585,4.964317330230637,6.3140327611276,1.271883391231231,7.49831657285339,0.4100341695141262,2290.4018498187384,2813.891235444341,0.9098900763618228,0.562750113759823,345.703125,4857.421875,0.2395702430451883,0.1328697643558595,0.28770676509626564,0.33969363509635314,1.5170633820210297,4.523965262196225,0.9405690011543186
WIN-20a56e82c61d96e78eda,0.011916125442533556,1.092777823006445,1.092842790386736,0.8607721218549186,5.325364820787568,10.381502105922063,0.046327174792909986,3.3784373143296422,4.872946838856988,6.186730129346547,1.2696075565626448,7.345698812210141,0.40995082923576964,2302.6506534285813,2831.5936721797466,0.9097266537411389,0.5546771849731891,275.390625,4980.46875,0.24271303986603682,0.12250316014959589,0.2853378597225463,0.34929787196793416,1.5454212170555586,4.43689956535217,0.9398369466465291
WIN-6cf5050e64338923b0db,0.008350755529853461,1.0881263472421914,1.08815839043797,0.8581096816402336,5.155013357690056,10.21115064282455,0.009594533524875331,3.316273766811343,4.73737408357481,6.007406125322463,1.268087767471335,7.134373709579653,0.4036169680806734,2183.545626858521,2742.7808560347366,0.8907242512888477,0.5176058372229206,345.703125,4839.84375,0.27734012784728057,0.1266989119555733,0.2740187921361864,0.32180427543491336,1.538843037136347,4.122880946461176,0.9448987791954683
WIN-0f44785cb43f7476b713,-0.0006727523035105284,1.0690742078454087,1.0690744195218358,0.8429870037481869,5.121071794868024,9.485598329156513,0.056474741559318344,3.3800589329760715,4.790192058990367,6.074911916900313,1.2681979849833087,7.2085730094479885,0.402450204183682,2269.9611144816467,2809.5727627074148,0.904368673297067,0.5487350289244192,345.703125,5033.203125,0.24825761699599497,0.12402510884981398,0.297820280714954,0.3297656592066366,1.5118992438533045,4.023308176633797,0.9391061603310452
WIN-cb122ffa9e566616b241,0.0187473781577158,1.0770806000498254,1.0772437436306979,0.8529090034206062,5.121071794868024,9.545952099794743,0.025974009679137676,3.2852374930564827,4.753865432166188,6.004241688531689,1.2630230649566723,7.10353062104699,0.38361530127510624,2246.9096359433456,2794.135649554945,0.9086390489385282,0.5571326001498155,70.3125,4918.9453125,0.2505267758851933,0.13469352040337346,0.2908016985751055,0.32388264121656973,1.5232219753415461,3.961459932000673,0.9398091784235604
WIN-439d6c2bd9156d2ff5b9,0.005812968668602225,1.1080715828520746,1.1080868302299438,0.8764044947769323,4.811941314566433,9.342812745648493,-0.0014660458441620504,3.2128311619405188,4.342567011254474,5.4905484205506125,1.2643554852040282,6.510258663103596,0.38411534294524546,2098.5621464013007,2668.071007347324,0.8902761457254074,0.5270598085274117,345.703125,4807.6171875,0.29266917243423163,0.13259224147184,0.2773812996119706,0.2971954820846196,1.5670498534895685,3.8889306511015587,0.9395794948378714
WIN-beef7744ccc7a2860d97,0.024579139924757857,5.241515824822477,5.241573454220011,4.178589520705377,20.173685843766208,39.25361113643932,-0.044538286135759574,3.029683223790025,3.8487843430908035,4.827869725848523,1.2543882159868,5.699735413256433,0.6005500458371531,3705.3388167528824,3939.2456654514453,0.9233384947025031,0.4408109011622732,4880.859375,5276.3671875,0.01889936978955294,0.04651744727471186,0.28440897164567663,0.6501615576533292,7.4126227437217125,3.24919346818122,0.9347825174923059
WIN-e24c63e2450153033f5c,0.011664509784934898,5.218020143590411,5.218033181161635,4.16096273090447,19.48274890476641,38.62023064667655,-0.02045267732003642,3.0344708520474777,3.733734192243185,4.682269504616966,1.2540446811515025,5.52433668508576,0.60038336528044,3717.04566306213,3955.0063906975847,0.9193194148445751,0.4292698653613339,4757.8125,5279.296875,0.01928126100331765,0.047948224420748926,0.2786701191028045,0.6540848305801759,7.379394785541106,3.292707100176366,0.9350560802255451
WIN-e6ee1c65a75387f1acdf,-0.0039080617333135175,5.245433432777533,5.245434888609981,4.168485637073066,22.90025466394902,42.037736405859164,0.006058446897439724,3.066363889311271,4.365749485075227,5.493662844913414,1.2583550347295533,6.499873925306738,0.60038336528044,3753.91629336585,3980.7239782696347,0.9200764643642884,0.42851971611928436,4848.6328125,5293.9453125,0.014867085858315502,0.04698266656941902,0.2687295692565018,0.6693960023894013,7.418163098466672,3.2359388309254267,0.9342671408397186
WIN-c3937abbef6e1e4cd9ca,-0.019935288639260817,5.147623837463508,5.147662439181076,4.09469614164361,23.788909707095492,43.206887702055226,0.00714302375234264,3.0693650907651255,4.621303356261909,5.8096886519009985,1.2571537083856847,6.8694039555682505,0.6024668722393532,3752.028112458367,3983.5932291326344,0.9188746304602804,0.4270703825327385,5036.1328125,5296.875,0.015418391233007282,0.050514696169148006,0.26857395200870227,0.6654774598815361,7.279839410322609,3.4511601485196497,0.9370301572605801
WIN-3cb7182f0688b46a432d,-0.008944553636544087,5.0843455699277085,5.084353437703094,4.055534029147568,23.788909707095492,43.35888401438106,-0.02837548441802634,3.0374043391207954,4.6788465826714205,5.865789692828645,1.2536828445181412,6.92609873856799,0.6045503791982665,3707.163016777299,3942.009309698972,0.9250393800005987,0.45247218686559304,2642.578125,5299.8046875,0.015940012397271153,0.04984106776828616,0.2777277990712483,0.6564786331974278,7.190350434289329,3.617728228391248,0.9357872937948495
WIN-db5257edccb3c1387ccd,-0.002512696435393193,5.15226126877789,5.152261881483911,4.099565259901951,20.55946753976628,40.12944184705185,-0.02865100050890567,3.03984756093613,3.9903770446235405,5.0150360431761944,1.256782501275728,5.930757394011884,0.5990499208267356,3679.360904268841,3915.1531648982946,0.9213063891154715,0.435265556359864,4772.4609375,5279.296875,0.015412311158574776,0.05573522485603519,0.2855874028204849,0.6432409207076252,7.286397738882507,3.3972495799219136,0.9350343227848344
WIN-f4975ff2b0aa8f55da5d,0.045045339169665084,5.11124625389907,5.111444742005745,4.0676960910144055,22.07776063105922,40.480096818388525,-0.01776221060564663,3.0408065566693296,4.3192799189670055,5.427583609263204,1.2565945507324743,6.408117289435649,0.5963830319193266,3712.8118092829914,3942.7718031874883,0.9189762475732617,0.42917696356635704,4772.4609375,5267.578125,0.015712074210063678,0.05230291631504653,0.277097815759023,0.654869676969931,7.228393772866729,3.282810696380707,0.933694506326615
WIN-d9ece94fa330400ceaba,0.02775184344362836,5.170637372913309,5.170711847220106,4.107911040553205,22.07776063105922,43.90517780943679,0.008712072822935967,3.1208547566887983,4.269771993371563,5.3744495470088545,1.2587205020200527,6.3508338574577845,0.597383115259605,3731.145401404554,3959.000375362782,0.9185555465893036,0.42572483032817365,4795.8984375,5255.859375,0.017378448836324136,0.04627488091581961,0.2777874687677362,0.6585473625448709,7.312385485249843,3.628685852912862,0.9313233286087372
WIN-440278cd147131101d2e,-0.02213746344358574,5.231159663126023,5.231206504087225,4.149587190928188,21.827417178377576,42.188065126768294,0.012132378609442503,3.139842987548246,4.172539769041673,5.260141834371219,1.2606570878959737,6.226566690144954,0.5999666638886574,3693.091513081822,3925.559794618659,0.9215606635291735,0.42889707926004156,5030.2734375,5282.2265625,0.016725400359965014,0.044229665211906244,0.2960814402584677,0.6429357355681818,7.397976928973712,3.656894406697704,0.9340371565431594
WIN-117b46080964e3eb3aa9,-0.0069841332140455495,5.18062402685287,5.180628734596024,4.108664916608625,20.331003413588554,40.2590569366551,0.021845057845361,3.092222148800821,3.9244277973086614,4.948323561602397,1.2609031984216805,5.866503906301122,0.6065505458788233,3699.9008067571676,3931.754096459061,0.9184504956267625,0.42753038390161935,4883.7890625,5264.6484375,0.015590869697819108,0.049899401359973734,0.2874749921534263,0.6470144762226399,7.326508757873055,3.390169700774307,0.9387643448508152
WIN-a25a6c8f4ae98706033a,-0.008316936871740599,5.166942895608869,5.166949589256885,4.094406282415231,20.331003413588554,40.2590569366551,0.0186658809582794,3.0864248311957287,3.9348174512592142,4.9655559344224685,1.261953317003928,5.88816397971406,0.6047170597549796,3729.611621366452,3962.868045890786,0.9177714778102559,0.42690562101092777,4801.7578125,5279.296875,0.01790255325401917,0.0453426724606808,0.28490732902063054,0.6518415657372046,7.3071607146013084,3.3542542863721363,0.9360142293579656
WIN-698a868771dbf70bd4ff,-0.0029251892181482108,5.08509578613939,5.08509662749338,4.042649674714831,19.68756023021859,38.22583013823266,0.0034652931842315848,3.0383421028251103,3.871619690326199,4.869964457556537,1.2578623023650513,5.759794383075029,0.6038836569714143,3726.021815365314,3953.640594948342,0.9203091103581215,0.4321832036848518,4751.953125,5296.875,0.01774845136214428,0.040605155432061044,0.28487112936950315,0.6567562687852063,7.191411426579593,3.3366674751685843,0.932897290090252
WIN-439aa903f892e0b0d1cf,0.01705944830144414,5.089697838277453,5.089726427789859,4.053187909594553,22.369249292705646,40.90751920071972,-0.005792879560997542,3.0394890515736153,4.39498067530022,5.518927271974854,1.2557341384889646,6.519947768428267,0.5943828652387699,3696.588125234361,3933.6687519223033,0.9205733823156623,0.4344099107711351,4798.828125,5267.578125,0.020874804998609862,0.04416524455801707,0.28507690786869927,0.6498611042167508,7.197919693666395,3.3065500569201216,0.9326292555266503
WIN-b1659810d742eee7324d,0.0068589064914492,5.187800160663302,5.187804694818073,4.138251804643998,22.369249292705646,42.38329225200871,-0.025975366060105975,3.0616312106470014,4.3118911772151405,5.405482882312088,1.2536222877967456,6.37246072015206,0.5936328027335611,3698.7696887568723,3931.967037192437,0.9196330007599456,0.42676505299321094,2566.40625,5285.15625,0.016631092892294533,0.04517847780481983,0.2970993243875183,0.6410779016299911,7.336657344474419,3.3961017226135928,0.9342028759395552
WIN-5782eb8682f604601b4d,-0.04355437663097289,5.270029410628134,5.270209386030999,4.197219586707201,21.392731001564176,41.73213359280952,0.005531017000777786,3.054440547551226,4.0591804679075585,5.096881533029842,1.2556429982173802,6.01785627220686,0.6040503375281273,3733.093151887749,3963.4813690632927,0.9221582140394161,0.434834724286201,4792.96875,5273.4375,0.015367285527146777,0.04857985473388221,0.2764920402269325,0.6595509513118364,7.452947046670054,3.41756872948451,0.9354459683314527
